dataset,split,sample_id,file,prediction,label
imdb,all_I=gaussian_noise_S=3,tt1798632,tt1798632.jpg,horror,horror
imdb,all_I=gaussian_noise_S=3,tt9214832,tt9214832.jpg,comedy,comedy
imdb,all_I=gaussian_noise_S=3,tt21249656,tt21249656.jpg,romance,romance
imdb,all_I=gaussian_noise_S=3,tt7149730,tt7149730.jpg,horror,action
imdb,all_I=gaussian_noise_S=3,tt3876910,tt3876910.jpg,action,action
imdb,all_I=gaussian_noise_S=3,tt12064810,tt12064810.jpg,action,action
imdb,all_I=gaussian_noise_S=3,tt8593824,tt8593824.jpg,action,action
imdb,all_I=gaussian_noise_S=3,tt21146854,tt21146854.jpg,romance,romance
imdb,all_I=gaussian_noise_S=3,tt9624766,tt9624766.jpg,action,action
imdb,all_I=gaussian_noise_S=3,tt12447796,tt12447796.jpg,horror,horror
imdb,all_I=gaussian_noise_S=3,tt20199226,tt20199226.jpg,comedy,comedy
imdb,all_I=gaussian_noise_S=3,tt3758814,tt3758814.jpg,action,action
imdb,all_I=gaussian_noise_S=3,tt14873054,tt14873054.jpg,action,action
imdb,all_I=gaussian_noise_S=3,tt21403538,tt21403538.jpg,romance,romance
imdb,all_I=gaussian_noise_S=3,tt17202326,tt17202326.jpg,horror,horror
imdb,all_I=gaussian_noise_S=3,tt8672856,tt8672856.jpg,romance,romance
imdb,all_I=gaussian_noise_S=3,tt14265992,tt14265992.jpg,horror,horror
imdb,all_I=gaussian_noise_S=3,tt10307440,tt10307440.jpg,horror,action
imdb,all_I=gaussian_noise_S=3,tt14405338,tt14405338.jpg,horror,horror
imdb,all_I=gaussian_noise_S=3,tt13375076,tt13375076.jpg,horror,horror
imdb,all_I=gaussian_noise_S=3,tt11271038,tt11271038.jpg,comedy,comedy
imdb,all_I=gaussian_noise_S=3,tt10308928,tt10308928.jpg,action,action
imdb,all_I=gaussian_noise_S=3,tt7628504,tt7628504.jpg,horror,horror
imdb,all_I=gaussian_noise_S=3,tt15521050,tt15521050.jpg,romance,romance
imdb,all_I=gaussian_noise_S=3,tt12724306,tt12724306.jpg,horror,horror
imdb,all_I=gaussian_noise_S=3,tt7144666,tt7144666.jpg,horror,horror
imdb,all_I=gaussian_noise_S=3,tt12829958,tt12829958.jpg,horror,horror
imdb,all_I=gaussian_noise_S=3,tt15683734,tt15683734.jpg,horror,horror
imdb,all_I=gaussian_noise_S=3,tt4983780,tt4983780.jpg,action,action
imdb,all_I=gaussian_noise_S=3,tt8110652,tt8110652.jpg,horror,horror
imdb,all_I=gaussian_noise_S=3,tt9686790,tt9686790.jpg,comedy,romance
imdb,all_I=gaussian_noise_S=3,tt9054192,tt9054192.jpg,comedy,comedy
imdb,all_I=gaussian_noise_S=3,tt12263384,tt12263384.jpg,action,action
imdb,all_I=gaussian_noise_S=3,tt8521876,tt8521876.jpg,comedy,comedy
imdb,all_I=gaussian_noise_S=3,tt14138650,tt14138650.jpg,horror,horror
imdb,all_I=gaussian_noise_S=3,tt1655444,tt1655444.jpg,action,action
imdb,all_I=gaussian_noise_S=3,tt24082454,tt24082454.jpg,horror,horror
imdb,all_I=gaussian_noise_S=3,tt7737528,tt7737528.jpg,action,action
imdb,all_I=gaussian_noise_S=3,tt9362722,tt9362722.jpg,action,action
imdb,all_I=gaussian_noise_S=3,tt12735282,tt12735282.jpg,horror,horror
imdb,all_I=gaussian_noise_S=3,tt8150814,tt8150814.jpg,horror,horror
imdb,all_I=gaussian_noise_S=3,tt9603212,tt9603212.jpg,action,action
imdb,all_I=gaussian_noise_S=3,tt22487338,tt22487338.jpg,romance,romance
imdb,all_I=gaussian_noise_S=3,tt13304948,tt13304948.jpg,horror,horror
imdb,all_I=gaussian_noise_S=3,tt6079772,tt6079772.jpg,action,action
imdb,all_I=gaussian_noise_S=3,tt22640398,tt22640398.jpg,horror,horror
imdb,all_I=gaussian_noise_S=3,tt13400336,tt13400336.jpg,action,action
imdb,all_I=gaussian_noise_S=3,tt11851548,tt11851548.jpg,horror,horror
imdb,all_I=gaussian_noise_S=3,tt7440124,tt7440124.jpg,horror,horror
imdb,all_I=gaussian_noise_S=3,tt12574708,tt12574708.jpg,horror,horror
imdb,all_I=gaussian_noise_S=3,tt5433138,tt5433138.jpg,action,action
imdb,all_I=gaussian_noise_S=3,tt12335692,tt12335692.jpg,action,action
imdb,all_I=gaussian_noise_S=3,tt13822738,tt13822738.jpg,action,action
imdb,all_I=gaussian_noise_S=3,tt9669176,tt9669176.jpg,action,action
imdb,all_I=gaussian_noise_S=3,tt15441472,tt15441472.jpg,horror,action
imdb,all_I=gaussian_noise_S=3,tt18411490,tt18411490.jpg,action,action
imdb,all_I=gaussian_noise_S=3,tt10954600,tt10954600.jpg,action,action
imdb,all_I=gaussian_noise_S=3,tt19898888,tt19898888.jpg,horror,horror
imdb,all_I=gaussian_noise_S=3,tt9114286,tt9114286.jpg,action,action
imdb,all_I=gaussian_noise_S=3,tt22394694,tt22394694.jpg,horror,action
imdb,all_I=gaussian_noise_S=3,tt3612126,tt3612126.jpg,horror,horror
imdb,all_I=gaussian_noise_S=3,tt3215824,tt3215824.jpg,action,action
imdb,all_I=gaussian_noise_S=3,tt15422240,tt15422240.jpg,action,action
imdb,all_I=gaussian_noise_S=3,tt26445483,tt26445483.jpg,comedy,comedy
imdb,all_I=gaussian_noise_S=3,tt2463208,tt2463208.jpg,action,action
imdb,all_I=gaussian_noise_S=3,tt9013340,tt9013340.jpg,comedy,comedy
imdb,all_I=gaussian_noise_S=3,tt9320140,tt9320140.jpg,comedy,romance
imdb,all_I=gaussian_noise_S=3,tt10916810,tt10916810.jpg,horror,horror
imdb,all_I=gaussian_noise_S=3,tt15474916,tt15474916.jpg,horror,horror
imdb,all_I=gaussian_noise_S=3,tt15824990,tt15824990.jpg,horror,horror
imdb,all_I=gaussian_noise_S=3,tt1697800,tt1697800.jpg,action,action
imdb,all_I=gaussian_noise_S=3,tt10404944,tt10404944.jpg,action,action
imdb,all_I=gaussian_noise_S=3,tt14687418,tt14687418.jpg,horror,horror
imdb,all_I=gaussian_noise_S=3,tt13302660,tt13302660.jpg,action,action
imdb,all_I=gaussian_noise_S=3,tt1502397,tt1502397.jpg,action,action
imdb,all_I=gaussian_noise_S=3,tt10618286,tt10618286.jpg,drama,comedy
imdb,all_I=gaussian_noise_S=3,tt6561576,tt6561576.jpg,horror,horror
imdb,all_I=gaussian_noise_S=3,tt15242330,tt15242330.jpg,action,comedy
imdb,all_I=gaussian_noise_S=3,tt22085392,tt22085392.jpg,horror,horror
imdb,all_I=gaussian_noise_S=3,tt15891388,tt15891388.jpg,comedy,romance
imdb,all_I=gaussian_noise_S=3,tt26439204,tt26439204.jpg,action,action
imdb,all_I=gaussian_noise_S=3,tt10600398,tt10600398.jpg,action,comedy
imdb,all_I=gaussian_noise_S=3,tt13634480,tt13634480.jpg,comedy,comedy
imdb,all_I=gaussian_noise_S=3,tt9207700,tt9207700.jpg,comedy,comedy
imdb,all_I=gaussian_noise_S=3,tt11057644,tt11057644.jpg,comedy,comedy
imdb,all_I=gaussian_noise_S=3,tt9288748,tt9288748.jpg,comedy,comedy
imdb,all_I=gaussian_noise_S=3,tt10737918,tt10737918.jpg,action,action
imdb,all_I=gaussian_noise_S=3,tt8332922,tt8332922.jpg,horror,horror
imdb,all_I=gaussian_noise_S=3,tt9173154,tt9173154.jpg,horror,horror
imdb,all_I=gaussian_noise_S=3,tt7768720,tt7768720.jpg,horror,romance
imdb,all_I=gaussian_noise_S=3,tt11809034,tt11809034.jpg,action,action
imdb,all_I=gaussian_noise_S=3,tt8760708,tt8760708.jpg,horror,horror
imdb,all_I=gaussian_noise_S=3,tt9086228,tt9086228.jpg,horror,horror
imdb,all_I=gaussian_noise_S=3,tt14013772,tt14013772.jpg,horror,horror
imdb,all_I=gaussian_noise_S=3,tt26470099,tt26470099.jpg,horror,horror
imdb,all_I=gaussian_noise_S=3,tt9784708,tt9784708.jpg,action,action
imdb,all_I=gaussian_noise_S=3,tt9376612,tt9376612.jpg,action,action
imdb,all_I=gaussian_noise_S=3,tt1136617,tt1136617.jpg,action,action
imdb,all_I=gaussian_noise_S=3,tt3915174,tt3915174.jpg,comedy,comedy
imdb,all_I=gaussian_noise_S=3,tt27572862,tt27572862.jpg,horror,horror
imdb,all_I=gaussian_noise_S=3,tt18072540,tt18072540.jpg,horror,horror
imdb,all_I=gaussian_noise_S=3,tt14152140,tt14152140.jpg,horror,comedy
imdb,all_I=gaussian_noise_S=3,tt13923456,tt13923456.jpg,comedy,action
imdb,all_I=gaussian_noise_S=3,tt11827628,tt11827628.jpg,action,action
imdb,all_I=gaussian_noise_S=3,tt18548186,tt18548186.jpg,horror,horror
imdb,all_I=gaussian_noise_S=3,tt8784956,tt8784956.jpg,action,action
imdb,all_I=gaussian_noise_S=3,tt0870154,tt0870154.jpg,action,action
imdb,all_I=gaussian_noise_S=3,tt10160974,tt10160974.jpg,horror,horror
imdb,all_I=gaussian_noise_S=3,tt20222202,tt20222202.jpg,horror,action
imdb,all_I=gaussian_noise_S=3,tt11075540,tt11075540.jpg,horror,horror
imdb,all_I=gaussian_noise_S=3,tt17042714,tt17042714.jpg,horror,horror
imdb,all_I=gaussian_noise_S=3,tt15048614,tt15048614.jpg,horror,horror
imdb,all_I=gaussian_noise_S=3,tt12801814,tt12801814.jpg,horror,horror
imdb,all_I=gaussian_noise_S=3,tt10734864,tt10734864.jpg,horror,horror
imdb,all_I=gaussian_noise_S=3,tt8637498,tt8637498.jpg,action,comedy
imdb,all_I=gaussian_noise_S=3,tt22505124,tt22505124.jpg,horror,horror
imdb,all_I=gaussian_noise_S=3,tt14557188,tt14557188.jpg,horror,horror
imdb,all_I=gaussian_noise_S=3,tt10952782,tt10952782.jpg,horror,horror
imdb,all_I=gaussian_noise_S=3,tt20854842,tt20854842.jpg,romance,romance
imdb,all_I=gaussian_noise_S=3,tt10028196,tt10028196.jpg,romance,romance
imdb,all_I=gaussian_noise_S=3,tt1745960,tt1745960.jpg,action,action
imdb,all_I=gaussian_noise_S=3,tt6566576,tt6566576.jpg,horror,horror
imdb,all_I=gaussian_noise_S=3,tt9619798,tt9619798.jpg,comedy,romance
imdb,all_I=gaussian_noise_S=3,tt5748448,tt5748448.jpg,action,action
imdb,all_I=gaussian_noise_S=3,tt12683756,tt12683756.jpg,horror,horror
imdb,all_I=gaussian_noise_S=3,tt12226872,tt12226872.jpg,horror,horror
imdb,all_I=gaussian_noise_S=3,tt10772662,tt10772662.jpg,horror,horror
imdb,all_I=gaussian_noise_S=3,tt14668630,tt14668630.jpg,comedy,comedy
imdb,all_I=gaussian_noise_S=3,tt10334222,tt10334222.jpg,horror,horror
imdb,all_I=gaussian_noise_S=3,tt13007592,tt13007592.jpg,comedy,romance
imdb,all_I=gaussian_noise_S=3,tt1777606,tt1777606.jpg,comedy,romance
imdb,all_I=gaussian_noise_S=3,tt13320662,tt13320662.jpg,comedy,comedy
imdb,all_I=gaussian_noise_S=3,tt6402468,tt6402468.jpg,horror,horror
imdb,all_I=gaussian_noise_S=3,tt11564570,tt11564570.jpg,comedy,comedy
imdb,all_I=gaussian_noise_S=3,tt6264654,tt6264654.jpg,comedy,action
imdb,all_I=gaussian_noise_S=3,tt9834506,tt9834506.jpg,horror,horror
imdb,all_I=gaussian_noise_S=3,tt10701458,tt10701458.jpg,horror,horror
imdb,all_I=gaussian_noise_S=3,tt18079362,tt18079362.jpg,comedy,comedy
imdb,all_I=gaussian_noise_S=3,tt10733228,tt10733228.jpg,romance,romance
imdb,all_I=gaussian_noise_S=3,tt10838180,tt10838180.jpg,action,action
imdb,all_I=gaussian_noise_S=3,tt18361658,tt18361658.jpg,romance,romance
imdb,all_I=gaussian_noise_S=3,tt13846414,tt13846414.jpg,horror,romance
imdb,all_I=gaussian_noise_S=3,tt11448138,tt11448138.jpg,horror,horror
imdb,all_I=gaussian_noise_S=3,tt18260564,tt18260564.jpg,horror,horror
imdb,all_I=gaussian_noise_S=3,tt8332802,tt8332802.jpg,horror,horror
imdb,all_I=gaussian_noise_S=3,tt6968614,tt6968614.jpg,action,action
imdb,all_I=gaussian_noise_S=3,tt23898856,tt23898856.jpg,action,action
imdb,all_I=gaussian_noise_S=3,tt17202164,tt17202164.jpg,horror,horror
imdb,all_I=gaussian_noise_S=3,tt7979580,tt7979580.jpg,comedy,comedy
imdb,all_I=gaussian_noise_S=3,tt7599146,tt7599146.jpg,action,action
imdb,all_I=gaussian_noise_S=3,tt1462764,tt1462764.jpg,action,action
imdb,all_I=gaussian_noise_S=3,tt14402146,tt14402146.jpg,drama,romance
imdb,all_I=gaussian_noise_S=3,tt14895216,tt14895216.jpg,horror,horror
imdb,all_I=gaussian_noise_S=3,tt11377298,tt11377298.jpg,action,action
imdb,all_I=gaussian_noise_S=3,tt11576124,tt11576124.jpg,action,action
imdb,all_I=gaussian_noise_S=3,tt11358390,tt11358390.jpg,horror,horror
imdb,all_I=gaussian_noise_S=3,tt15438542,tt15438542.jpg,action,action
imdb,all_I=gaussian_noise_S=3,tt13056008,tt13056008.jpg,horror,horror
imdb,all_I=gaussian_noise_S=3,tt22086334,tt22086334.jpg,comedy,comedy
imdb,all_I=gaussian_noise_S=3,tt12373754,tt12373754.jpg,horror,horror
imdb,all_I=gaussian_noise_S=3,tt10279472,tt10279472.jpg,horror,horror
imdb,all_I=gaussian_noise_S=3,tt7711170,tt7711170.jpg,horror,horror
imdb,all_I=gaussian_noise_S=3,tt14412366,tt14412366.jpg,action,action
imdb,all_I=gaussian_noise_S=3,tt11742798,tt11742798.jpg,comedy,comedy
imdb,all_I=gaussian_noise_S=3,tt9110170,tt9110170.jpg,horror,horror
imdb,all_I=gaussian_noise_S=3,tt0439572,tt0439572.jpg,action,action
imdb,all_I=gaussian_noise_S=3,tt2382320,tt2382320.jpg,action,action
imdb,all_I=gaussian_noise_S=3,tt11252440,tt11252440.jpg,horror,comedy
imdb,all_I=gaussian_noise_S=3,tt9472334,tt9472334.jpg,horror,horror
imdb,all_I=gaussian_noise_S=3,tt12915716,tt12915716.jpg,action,action
imdb,all_I=gaussian_noise_S=3,tt15393652,tt15393652.jpg,horror,romance
imdb,all_I=gaussian_noise_S=3,tt22987848,tt22987848.jpg,horror,horror
imdb,all_I=gaussian_noise_S=3,tt15441054,tt15441054.jpg,action,action
imdb,all_I=gaussian_noise_S=3,tt9663168,tt9663168.jpg,horror,horror
imdb,all_I=gaussian_noise_S=3,tt7560830,tt7560830.jpg,horror,horror
imdb,all_I=gaussian_noise_S=3,tt9365800,tt9365800.jpg,horror,action
imdb,all_I=gaussian_noise_S=3,tt9701940,tt9701940.jpg,horror,horror
imdb,all_I=gaussian_noise_S=3,tt3465026,tt3465026.jpg,comedy,comedy
imdb,all_I=gaussian_noise_S=3,tt9044418,tt9044418.jpg,action,action
imdb,all_I=gaussian_noise_S=3,tt15548074,tt15548074.jpg,horror,horror
imdb,all_I=gaussian_noise_S=3,tt11656220,tt11656220.jpg,horror,action
imdb,all_I=gaussian_noise_S=3,tt17156822,tt17156822.jpg,action,action
imdb,all_I=gaussian_noise_S=3,tt14400246,tt14400246.jpg,horror,horror
imdb,all_I=gaussian_noise_S=3,tt10457128,tt10457128.jpg,comedy,romance
imdb,all_I=gaussian_noise_S=3,tt8404256,tt8404256.jpg,action,action
imdb,all_I=gaussian_noise_S=3,tt27816768,tt27816768.jpg,comedy,comedy
imdb,all_I=gaussian_noise_S=3,tt13363828,tt13363828.jpg,horror,horror
imdb,all_I=gaussian_noise_S=3,tt12908110,tt12908110.jpg,horror,horror
imdb,all_I=gaussian_noise_S=3,tt7134096,tt7134096.jpg,action,action
imdb,all_I=gaussian_noise_S=3,tt9264728,tt9264728.jpg,horror,horror
imdb,all_I=gaussian_noise_S=3,tt10172266,tt10172266.jpg,comedy,romance
imdb,all_I=gaussian_noise_S=3,tt3197780,tt3197780.jpg,comedy,comedy
imdb,all_I=gaussian_noise_S=3,tt9907782,tt9907782.jpg,horror,horror
imdb,all_I=gaussian_noise_S=3,tt10696784,tt10696784.jpg,action,action
imdb,all_I=gaussian_noise_S=3,tt10788058,tt10788058.jpg,action,action
imdb,all_I=gaussian_noise_S=3,tt1321510,tt1321510.jpg,musical,romance
imdb,all_I=gaussian_noise_S=3,tt13092974,tt13092974.jpg,horror,horror
imdb,all_I=gaussian_noise_S=3,tt2560092,tt2560092.jpg,comedy,comedy
imdb,all_I=gaussian_noise_S=3,tt8912936,tt8912936.jpg,action,action
imdb,all_I=gaussian_noise_S=3,tt9419884,tt9419884.jpg,action,action
imdb,all_I=gaussian_noise_S=3,tt12788488,tt12788488.jpg,horror,horror
imdb,all_I=gaussian_noise_S=3,tt9072352,tt9072352.jpg,horror,horror
imdb,all_I=gaussian_noise_S=3,tt0983946,tt0983946.jpg,horror,horror
imdb,all_I=gaussian_noise_S=3,tt10935560,tt10935560.jpg,horror,horror
imdb,all_I=gaussian_noise_S=3,tt14781176,tt14781176.jpg,horror,horror
imdb,all_I=gaussian_noise_S=3,tt15354916,tt15354916.jpg,action,action
imdb,all_I=gaussian_noise_S=3,tt8456190,tt8456190.jpg,comedy,action
imdb,all_I=gaussian_noise_S=3,tt21106970,tt21106970.jpg,comedy,comedy
imdb,all_I=gaussian_noise_S=3,tt15768848,tt15768848.jpg,horror,romance
imdb,all_I=gaussian_noise_S=3,tt7638348,tt7638348.jpg,action,action
imdb,all_I=gaussian_noise_S=3,tt4876134,tt4876134.jpg,action,action
imdb,all_I=gaussian_noise_S=3,tt8760280,tt8760280.jpg,romance,romance
imdb,all_I=gaussian_noise_S=3,tt23136186,tt23136186.jpg,horror,horror
imdb,all_I=gaussian_noise_S=3,tt8296030,tt8296030.jpg,horror,horror
imdb,all_I=gaussian_noise_S=3,tt11905962,tt11905962.jpg,horror,horror
imdb,all_I=gaussian_noise_S=3,tt4682266,tt4682266.jpg,horror,horror
imdb,all_I=gaussian_noise_S=3,tt12472174,tt12472174.jpg,horror,horror
imdb,all_I=gaussian_noise_S=3,tt7556122,tt7556122.jpg,action,action
imdb,all_I=gaussian_noise_S=3,tt8114980,tt8114980.jpg,horror,horror
imdb,all_I=gaussian_noise_S=3,tt12834962,tt12834962.jpg,comedy,comedy
imdb,all_I=gaussian_noise_S=3,tt17076046,tt17076046.jpg,comedy,comedy
imdb,all_I=gaussian_noise_S=3,tt15528292,tt15528292.jpg,action,action
imdb,all_I=gaussian_noise_S=3,tt25403492,tt25403492.jpg,horror,horror
imdb,all_I=gaussian_noise_S=3,tt14039086,tt14039086.jpg,action,action
imdb,all_I=gaussian_noise_S=3,tt11514780,tt11514780.jpg,horror,horror
imdb,all_I=gaussian_noise_S=3,tt11327514,tt11327514.jpg,comedy,comedy
imdb,all_I=gaussian_noise_S=3,tt12877640,tt12877640.jpg,horror,horror
imdb,all_I=gaussian_noise_S=3,tt11891246,tt11891246.jpg,horror,horror
imdb,all_I=gaussian_noise_S=3,tt13024674,tt13024674.jpg,action,action
imdb,all_I=gaussian_noise_S=3,tt15600222,tt15600222.jpg,action,action
imdb,all_I=gaussian_noise_S=3,tt14091818,tt14091818.jpg,comedy,romance
imdb,all_I=gaussian_noise_S=3,tt4029412,tt4029412.jpg,action,action
imdb,all_I=gaussian_noise_S=3,tt7504818,tt7504818.jpg,comedy,comedy
imdb,all_I=gaussian_noise_S=3,tt20424130,tt20424130.jpg,action,action
imdb,all_I=gaussian_noise_S=3,tt1016150,tt1016150.jpg,horror,action
imdb,all_I=gaussian_noise_S=3,tt11084896,tt11084896.jpg,comedy,comedy
imdb,all_I=gaussian_noise_S=3,tt7214954,tt7214954.jpg,comedy,comedy
imdb,all_I=gaussian_noise_S=3,tt12823454,tt12823454.jpg,comedy,romance
imdb,all_I=gaussian_noise_S=3,tt15671028,tt15671028.jpg,comedy,romance
imdb,all_I=gaussian_noise_S=3,tt10229558,tt10229558.jpg,horror,horror
imdb,all_I=gaussian_noise_S=3,tt8376234,tt8376234.jpg,comedy,comedy
imdb,all_I=gaussian_noise_S=3,tt8656686,tt8656686.jpg,horror,horror
imdb,all_I=gaussian_noise_S=3,tt17663992,tt17663992.jpg,horror,horror
imdb,all_I=gaussian_noise_S=3,tt10451914,tt10451914.jpg,action,action
imdb,all_I=gaussian_noise_S=3,tt15516726,tt15516726.jpg,comedy,comedy
imdb,all_I=gaussian_noise_S=3,tt12851396,tt12851396.jpg,comedy,action
imdb,all_I=gaussian_noise_S=3,tt9387250,tt9387250.jpg,horror,action
imdb,all_I=gaussian_noise_S=3,tt10127684,tt10127684.jpg,action,action
imdb,all_I=gaussian_noise_S=3,tt8589698,tt8589698.jpg,action,comedy
imdb,all_I=gaussian_noise_S=3,tt15734582,tt15734582.jpg,action,action
imdb,all_I=gaussian_noise_S=3,tt12390572,tt12390572.jpg,horror,horror
imdb,all_I=gaussian_noise_S=3,tt6508228,tt6508228.jpg,horror,horror
imdb,all_I=gaussian_noise_S=3,tt1830643,tt1830643.jpg,horror,horror
imdb,all_I=gaussian_noise_S=3,tt14298216,tt14298216.jpg,horror,horror
imdb,all_I=gaussian_noise_S=3,tt21250176,tt21250176.jpg,horror,horror
imdb,all_I=gaussian_noise_S=3,tt7550000,tt7550000.jpg,action,action
imdb,all_I=gaussian_noise_S=3,tt6723592,tt6723592.jpg,action,action
imdb,all_I=gaussian_noise_S=3,tt10366206,tt10366206.jpg,action,action
imdb,all_I=gaussian_noise_S=3,tt5624466,tt5624466.jpg,horror,horror
imdb,all_I=gaussian_noise_S=3,tt8093700,tt8093700.jpg,action,action
imdb,all_I=gaussian_noise_S=3,tt5012504,tt5012504.jpg,action,action
imdb,all_I=gaussian_noise_S=3,tt9308382,tt9308382.jpg,comedy,romance
imdb,all_I=gaussian_noise_S=3,tt15847880,tt15847880.jpg,horror,horror
imdb,all_I=gaussian_noise_S=3,tt19175696,tt19175696.jpg,horror,horror
imdb,all_I=gaussian_noise_S=3,tt10228134,tt10228134.jpg,action,action
imdb,all_I=gaussian_noise_S=3,tt11881160,tt11881160.jpg,horror,horror
imdb,all_I=gaussian_noise_S=3,tt10638522,tt10638522.jpg,horror,horror
imdb,all_I=gaussian_noise_S=3,tt9695722,tt9695722.jpg,action,action
imdb,all_I=gaussian_noise_S=3,tt14995258,tt14995258.jpg,horror,romance
imdb,all_I=gaussian_noise_S=3,tt27989067,tt27989067.jpg,horror,romance
imdb,all_I=gaussian_noise_S=3,tt9784456,tt9784456.jpg,romance,romance
imdb,all_I=gaussian_noise_S=3,tt15654328,tt15654328.jpg,action,action
imdb,all_I=gaussian_noise_S=3,tt13429362,tt13429362.jpg,horror,horror
imdb,all_I=gaussian_noise_S=3,tt14858054,tt14858054.jpg,horror,horror
imdb,all_I=gaussian_noise_S=3,tt7354440,tt7354440.jpg,horror,horror
imdb,all_I=gaussian_noise_S=3,tt21907174,tt21907174.jpg,comedy,comedy
imdb,all_I=gaussian_noise_S=3,tt12885852,tt12885852.jpg,action,action
imdb,all_I=gaussian_noise_S=3,tt8426926,tt8426926.jpg,action,action
imdb,all_I=gaussian_noise_S=3,tt10691162,tt10691162.jpg,horror,horror
imdb,all_I=gaussian_noise_S=3,tt11125620,tt11125620.jpg,comedy,comedy
imdb,all_I=gaussian_noise_S=3,tt4495098,tt4495098.jpg,action,action
imdb,all_I=gaussian_noise_S=3,tt20114976,tt20114976.jpg,horror,horror
imdb,all_I=gaussian_noise_S=3,tt9606374,tt9606374.jpg,comedy,comedy
imdb,all_I=gaussian_noise_S=3,tt14145436,tt14145436.jpg,horror,horror
imdb,all_I=gaussian_noise_S=3,tt22889164,tt22889164.jpg,horror,action
imdb,all_I=gaussian_noise_S=3,tt9742794,tt9742794.jpg,action,action
imdb,all_I=gaussian_noise_S=3,tt7947604,tt7947604.jpg,sports,romance
imdb,all_I=gaussian_noise_S=3,tt7740510,tt7740510.jpg,horror,horror
imdb,all_I=gaussian_noise_S=3,tt6334354,tt6334354.jpg,action,action
imdb,all_I=gaussian_noise_S=3,tt7888964,tt7888964.jpg,action,action
imdb,all_I=gaussian_noise_S=3,tt20850406,tt20850406.jpg,romance,romance
imdb,all_I=gaussian_noise_S=3,tt5113044,tt5113044.jpg,action,comedy
imdb,all_I=gaussian_noise_S=3,tt18968540,tt18968540.jpg,horror,horror
imdb,all_I=gaussian_noise_S=3,tt1630029,tt1630029.jpg,action,action
imdb,all_I=gaussian_noise_S=3,tt1877830,tt1877830.jpg,action,action
imdb,all_I=gaussian_noise_S=3,tt13603966,tt13603966.jpg,action,action
imdb,all_I=gaussian_noise_S=3,tt11301946,tt11301946.jpg,action,action
imdb,all_I=gaussian_noise_S=3,tt6705162,tt6705162.jpg,comedy,comedy
imdb,all_I=gaussian_noise_S=3,tt14099334,tt14099334.jpg,horror,horror
imdb,all_I=gaussian_noise_S=3,tt10701074,tt10701074.jpg,action,action
imdb,all_I=gaussian_noise_S=3,tt7035004,tt7035004.jpg,action,action
imdb,all_I=gaussian_noise_S=3,tt1001520,tt1001520.jpg,horror,horror
imdb,all_I=gaussian_noise_S=3,tt9173418,tt9173418.jpg,horror,horror
imdb,all_I=gaussian_noise_S=3,tt10473036,tt10473036.jpg,comedy,comedy
imdb,all_I=gaussian_noise_S=3,tt7267498,tt7267498.jpg,horror,horror
imdb,all_I=gaussian_noise_S=3,tt5843876,tt5843876.jpg,romance,romance
imdb,all_I=gaussian_noise_S=3,tt15655826,tt15655826.jpg,horror,romance
imdb,all_I=gaussian_noise_S=3,tt3278540,tt3278540.jpg,comedy,romance
imdb,all_I=gaussian_noise_S=3,tt0293429,tt0293429.jpg,action,action
imdb,all_I=gaussian_noise_S=3,tt0499097,tt0499097.jpg,action,action
imdb,all_I=gaussian_noise_S=3,tt16252698,tt16252698.jpg,romance,romance
imdb,all_I=gaussian_noise_S=3,tt15783426,tt15783426.jpg,comedy,action
imdb,all_I=gaussian_noise_S=3,tt5950596,tt5950596.jpg,horror,horror
imdb,all_I=gaussian_noise_S=3,tt11951276,tt11951276.jpg,comedy,comedy
imdb,all_I=gaussian_noise_S=3,tt4593060,tt4593060.jpg,comedy,comedy
imdb,all_I=gaussian_noise_S=3,tt28073548,tt28073548.jpg,romance,romance
imdb,all_I=gaussian_noise_S=3,tt15684426,tt15684426.jpg,horror,horror
imdb,all_I=gaussian_noise_S=3,tt8246646,tt8246646.jpg,action,action
imdb,all_I=gaussian_noise_S=3,tt16527824,tt16527824.jpg,action,action
imdb,all_I=gaussian_noise_S=3,tt3554046,tt3554046.jpg,comedy,comedy
imdb,all_I=gaussian_noise_S=3,tt3480822,tt3480822.jpg,action,action
imdb,all_I=gaussian_noise_S=3,tt8041270,tt8041270.jpg,action,action
imdb,all_I=gaussian_noise_S=3,tt5761544,tt5761544.jpg,action,action
imdb,all_I=gaussian_noise_S=3,tt4998632,tt4998632.jpg,action,action
imdb,all_I=gaussian_noise_S=3,tt4028464,tt4028464.jpg,horror,horror
imdb,all_I=gaussian_noise_S=3,tt9691136,tt9691136.jpg,horror,action
imdb,all_I=gaussian_noise_S=3,tt2948372,tt2948372.jpg,comedy,comedy
imdb,all_I=gaussian_noise_S=3,tt14502344,tt14502344.jpg,horror,horror
imdb,all_I=gaussian_noise_S=3,tt12873562,tt12873562.jpg,horror,horror
imdb,all_I=gaussian_noise_S=3,tt11138512,tt11138512.jpg,action,action
imdb,all_I=gaussian_noise_S=3,tt2943178,tt2943178.jpg,action,action
imdb,all_I=gaussian_noise_S=3,tt5884796,tt5884796.jpg,action,action
imdb,all_I=gaussian_noise_S=3,tt8080204,tt8080204.jpg,action,action
imdb,all_I=gaussian_noise_S=3,tt22023218,tt22023218.jpg,horror,horror
imdb,all_I=gaussian_noise_S=3,tt8201852,tt8201852.jpg,horror,horror
imdb,all_I=gaussian_noise_S=3,tt20853816,tt20853816.jpg,horror,horror
imdb,all_I=gaussian_noise_S=3,tt3917710,tt3917710.jpg,horror,action
imdb,all_I=gaussian_noise_S=3,tt12283036,tt12283036.jpg,horror,horror
imdb,all_I=gaussian_noise_S=3,tt16431882,tt16431882.jpg,horror,horror
imdb,all_I=gaussian_noise_S=3,tt20672534,tt20672534.jpg,comedy,comedy
imdb,all_I=gaussian_noise_S=3,tt11080108,tt11080108.jpg,romance,romance
imdb,all_I=gaussian_noise_S=3,tt14438348,tt14438348.jpg,horror,horror
imdb,all_I=gaussian_noise_S=3,tt7991608,tt7991608.jpg,action,action
imdb,all_I=gaussian_noise_S=3,tt13055982,tt13055982.jpg,action,action
imdb,all_I=gaussian_noise_S=3,tt13327038,tt13327038.jpg,horror,comedy
imdb,all_I=gaussian_noise_S=3,tt18073328,tt18073328.jpg,action,action
imdb,all_I=gaussian_noise_S=3,tt26675777,tt26675777.jpg,action,horror
imdb,all_I=gaussian_noise_S=3,tt14109724,tt14109724.jpg,comedy,romance
imdb,all_I=gaussian_noise_S=3,tt16278434,tt16278434.jpg,action,action
imdb,all_I=gaussian_noise_S=3,tt6791350,tt6791350.jpg,action,comedy
imdb,all_I=gaussian_noise_S=3,tt21628198,tt21628198.jpg,action,action
imdb,all_I=gaussian_noise_S=3,tt8005118,tt8005118.jpg,comedy,comedy
imdb,all_I=gaussian_noise_S=3,tt6443346,tt6443346.jpg,action,action
imdb,all_I=gaussian_noise_S=3,tt7026488,tt7026488.jpg,horror,horror
imdb,all_I=gaussian_noise_S=3,tt12861508,tt12861508.jpg,action,action
imdb,all_I=gaussian_noise_S=3,tt3781118,tt3781118.jpg,action,action
imdb,all_I=gaussian_noise_S=3,tt21651560,tt21651560.jpg,horror,horror
imdb,all_I=gaussian_noise_S=3,tt4257940,tt4257940.jpg,horror,romance
imdb,all_I=gaussian_noise_S=3,tt10223460,tt10223460.jpg,comedy,romance
imdb,all_I=gaussian_noise_S=3,tt19713090,tt19713090.jpg,action,action
imdb,all_I=gaussian_noise_S=3,tt12712604,tt12712604.jpg,comedy,comedy
imdb,all_I=gaussian_noise_S=3,tt11400902,tt11400902.jpg,horror,horror
imdb,all_I=gaussian_noise_S=3,tt1160419,tt1160419.jpg,action,action
imdb,all_I=gaussian_noise_S=3,tt12749596,tt12749596.jpg,horror,horror
imdb,all_I=gaussian_noise_S=3,tt6217926,tt6217926.jpg,horror,romance
imdb,all_I=gaussian_noise_S=3,tt13057276,tt13057276.jpg,horror,horror
imdb,all_I=gaussian_noise_S=3,tt8593904,tt8593904.jpg,comedy,romance
imdb,all_I=gaussian_noise_S=3,tt8936646,tt8936646.jpg,action,action
imdb,all_I=gaussian_noise_S=3,tt18376308,tt18376308.jpg,horror,horror
imdb,all_I=gaussian_noise_S=3,tt14867006,tt14867006.jpg,horror,horror
imdb,all_I=gaussian_noise_S=3,tt9183978,tt9183978.jpg,horror,horror
imdb,all_I=gaussian_noise_S=3,tt8367084,tt8367084.jpg,romance,comedy
imdb,all_I=gaussian_noise_S=3,tt13430858,tt13430858.jpg,comedy,romance
imdb,all_I=gaussian_noise_S=3,tt9777666,tt9777666.jpg,action,action
imdb,all_I=gaussian_noise_S=3,tt21087084,tt21087084.jpg,romance,romance
imdb,all_I=gaussian_noise_S=3,tt19267924,tt19267924.jpg,romance,romance
imdb,all_I=gaussian_noise_S=3,tt11905536,tt11905536.jpg,horror,action
imdb,all_I=gaussian_noise_S=3,tt3811906,tt3811906.jpg,horror,horror
imdb,all_I=gaussian_noise_S=3,tt4244994,tt4244994.jpg,action,action
imdb,all_I=gaussian_noise_S=3,tt24546804,tt24546804.jpg,horror,romance
imdb,all_I=gaussian_noise_S=3,tt10886166,tt10886166.jpg,romance,romance
imdb,all_I=gaussian_noise_S=3,tt9271672,tt9271672.jpg,horror,horror
imdb,all_I=gaussian_noise_S=3,tt9204328,tt9204328.jpg,horror,horror
imdb,all_I=gaussian_noise_S=3,tt9602472,tt9602472.jpg,horror,horror
imdb,all_I=gaussian_noise_S=3,tt8560172,tt8560172.jpg,comedy,comedy
imdb,all_I=gaussian_noise_S=3,tt6372694,tt6372694.jpg,action,horror
imdb,all_I=gaussian_noise_S=3,tt12844910,tt12844910.jpg,action,action
imdb,all_I=gaussian_noise_S=3,tt8302918,tt8302918.jpg,romance,romance
imdb,all_I=gaussian_noise_S=3,tt12801262,tt12801262.jpg,comedy,comedy
imdb,all_I=gaussian_noise_S=3,tt12444934,tt12444934.jpg,horror,horror
imdb,all_I=gaussian_noise_S=3,tt7069210,tt7069210.jpg,horror,horror
imdb,all_I=gaussian_noise_S=3,tt15509244,tt15509244.jpg,romance,romance
imdb,all_I=gaussian_noise_S=3,tt15481952,tt15481952.jpg,horror,comedy
imdb,all_I=gaussian_noise_S=3,tt10403420,tt10403420.jpg,horror,horror
imdb,all_I=gaussian_noise_S=3,tt20198774,tt20198774.jpg,horror,horror
imdb,all_I=gaussian_noise_S=3,tt6718170,tt6718170.jpg,comedy,comedy
imdb,all_I=gaussian_noise_S=3,tt13964404,tt13964404.jpg,horror,horror
imdb,all_I=gaussian_noise_S=3,tt6802400,tt6802400.jpg,comedy,comedy
imdb,all_I=gaussian_noise_S=3,tt10676048,tt10676048.jpg,action,action
imdb,all_I=gaussian_noise_S=3,tt17220704,tt17220704.jpg,comedy,comedy
imdb,all_I=gaussian_noise_S=3,tt16077702,tt16077702.jpg,comedy,comedy
imdb,all_I=gaussian_noise_S=3,tt10406596,tt10406596.jpg,horror,horror
imdb,all_I=gaussian_noise_S=3,tt2906216,tt2906216.jpg,action,action
imdb,all_I=gaussian_noise_S=3,tt4624366,tt4624366.jpg,horror,horror
imdb,all_I=gaussian_noise_S=3,tt18346624,tt18346624.jpg,horror,horror
imdb,all_I=gaussian_noise_S=3,tt14537248,tt14537248.jpg,horror,horror
imdb,all_I=gaussian_noise_S=3,tt9224104,tt9224104.jpg,action,action
imdb,all_I=gaussian_noise_S=3,tt11188624,tt11188624.jpg,horror,horror
imdb,all_I=gaussian_noise_S=3,tt1649418,tt1649418.jpg,action,action
imdb,all_I=gaussian_noise_S=3,tt5420210,tt5420210.jpg,comedy,comedy
imdb,all_I=gaussian_noise_S=3,tt2315938,tt2315938.jpg,horror,horror
imdb,all_I=gaussian_noise_S=3,tt28199975,tt28199975.jpg,action,action
imdb,all_I=gaussian_noise_S=3,tt3427252,tt3427252.jpg,horror,horror
imdb,all_I=gaussian_noise_S=3,tt14874302,tt14874302.jpg,romance,romance
imdb,all_I=gaussian_noise_S=3,tt13821562,tt13821562.jpg,comedy,comedy
imdb,all_I=gaussian_noise_S=3,tt14499608,tt14499608.jpg,comedy,comedy
imdb,all_I=gaussian_noise_S=3,tt26941512,tt26941512.jpg,horror,horror
imdb,all_I=gaussian_noise_S=3,tt9820352,tt9820352.jpg,action,action
imdb,all_I=gaussian_noise_S=3,tt14617254,tt14617254.jpg,horror,horror
imdb,all_I=gaussian_noise_S=3,tt6654210,tt6654210.jpg,action,action
imdb,all_I=gaussian_noise_S=3,tt13143964,tt13143964.jpg,comedy,comedy
imdb,all_I=gaussian_noise_S=3,tt10665338,tt10665338.jpg,horror,horror
imdb,all_I=gaussian_noise_S=3,tt0887261,tt0887261.jpg,horror,horror
imdb,all_I=gaussian_noise_S=3,tt12530246,tt12530246.jpg,horror,action
imdb,all_I=gaussian_noise_S=3,tt16127696,tt16127696.jpg,horror,horror
imdb,all_I=gaussian_noise_S=3,tt1051906,tt1051906.jpg,horror,horror
imdb,all_I=gaussian_noise_S=3,tt16916320,tt16916320.jpg,action,action
imdb,all_I=gaussian_noise_S=3,tt13174108,tt13174108.jpg,horror,horror
imdb,all_I=gaussian_noise_S=3,tt3977848,tt3977848.jpg,action,horror
imdb,all_I=gaussian_noise_S=3,tt11112808,tt11112808.jpg,comedy,comedy
imdb,all_I=gaussian_noise_S=3,tt13406136,tt13406136.jpg,action,action
imdb,all_I=gaussian_noise_S=3,tt5034838,tt5034838.jpg,action,action
imdb,all_I=gaussian_noise_S=3,tt10121392,tt10121392.jpg,action,action
imdb,all_I=gaussian_noise_S=3,tt4566758,tt4566758.jpg,action,action
imdb,all_I=gaussian_noise_S=3,tt1086064,tt1086064.jpg,comedy,comedy
imdb,all_I=gaussian_noise_S=3,tt19623240,tt19623240.jpg,horror,horror
imdb,all_I=gaussian_noise_S=3,tt11663228,tt11663228.jpg,action,action
imdb,all_I=gaussian_noise_S=3,tt10315050,tt10315050.jpg,horror,horror
imdb,all_I=gaussian_noise_S=3,tt8461224,tt8461224.jpg,action,action
imdb,all_I=gaussian_noise_S=3,tt9000184,tt9000184.jpg,horror,horror
imdb,all_I=gaussian_noise_S=3,tt15520136,tt15520136.jpg,horror,horror
imdb,all_I=gaussian_noise_S=3,tt14399128,tt14399128.jpg,comedy,comedy
imdb,all_I=gaussian_noise_S=3,tt27411059,tt27411059.jpg,horror,horror
imdb,all_I=gaussian_noise_S=3,tt13238346,tt13238346.jpg,romance,romance
imdb,all_I=gaussian_noise_S=3,tt4685762,tt4685762.jpg,horror,horror
imdb,all_I=gaussian_noise_S=3,tt5918982,tt5918982.jpg,horror,horror
imdb,all_I=gaussian_noise_S=3,tt10151854,tt10151854.jpg,action,action
imdb,all_I=gaussian_noise_S=3,tt15502356,tt15502356.jpg,comedy,horror
imdb,all_I=gaussian_noise_S=3,tt7375466,tt7375466.jpg,horror,action
imdb,all_I=gaussian_noise_S=3,tt14230388,tt14230388.jpg,comedy,comedy
imdb,all_I=gaussian_noise_S=3,tt14121726,tt14121726.jpg,horror,horror
imdb,all_I=gaussian_noise_S=3,tt12550376,tt12550376.jpg,horror,horror
imdb,all_I=gaussian_noise_S=3,tt10803634,tt10803634.jpg,horror,horror
imdb,all_I=gaussian_noise_S=3,tt11024272,tt11024272.jpg,horror,comedy
imdb,all_I=gaussian_noise_S=3,tt13070038,tt13070038.jpg,romance,romance
imdb,all_I=gaussian_noise_S=3,tt2222042,tt2222042.jpg,action,action
imdb,all_I=gaussian_noise_S=3,tt14807000,tt14807000.jpg,horror,horror
imdb,all_I=gaussian_noise_S=3,tt17081088,tt17081088.jpg,horror,horror
imdb,all_I=gaussian_noise_S=3,tt15206378,tt15206378.jpg,comedy,comedy
imdb,all_I=gaussian_noise_S=3,tt9118804,tt9118804.jpg,horror,horror
imdb,all_I=gaussian_noise_S=3,tt17321230,tt17321230.jpg,romance,romance
imdb,all_I=gaussian_noise_S=3,tt26594993,tt26594993.jpg,horror,horror
imdb,all_I=gaussian_noise_S=3,tt10362466,tt10362466.jpg,romance,romance
imdb,all_I=gaussian_noise_S=3,tt26491631,tt26491631.jpg,horror,horror
imdb,all_I=gaussian_noise_S=3,tt11314148,tt11314148.jpg,romance,romance
imdb,all_I=gaussian_noise_S=3,tt20834182,tt20834182.jpg,horror,horror
imdb,all_I=gaussian_noise_S=3,tt10062338,tt10062338.jpg,horror,horror
imdb,all_I=gaussian_noise_S=3,tt22410094,tt22410094.jpg,horror,horror
imdb,all_I=gaussian_noise_S=3,tt15744298,tt15744298.jpg,action,action
imdb,all_I=gaussian_noise_S=3,tt12982370,tt12982370.jpg,horror,action
imdb,all_I=gaussian_noise_S=3,tt15131266,tt15131266.jpg,action,action
imdb,all_I=gaussian_noise_S=3,tt18925334,tt18925334.jpg,horror,horror
imdb,all_I=gaussian_noise_S=3,tt10515988,tt10515988.jpg,horror,horror
imdb,all_I=gaussian_noise_S=3,tt6442686,tt6442686.jpg,horror,action
imdb,all_I=gaussian_noise_S=3,tt4532038,tt4532038.jpg,comedy,comedy
imdb,all_I=gaussian_noise_S=3,tt21807222,tt21807222.jpg,horror,horror
imdb,all_I=gaussian_noise_S=3,tt7737786,tt7737786.jpg,action,action
imdb,all_I=gaussian_noise_S=3,tt13061914,tt13061914.jpg,comedy,comedy
imdb,all_I=gaussian_noise_S=3,tt10229982,tt10229982.jpg,romance,romance
imdb,all_I=gaussian_noise_S=3,tt15339570,tt15339570.jpg,comedy,comedy
imdb,all_I=gaussian_noise_S=3,tt9663764,tt9663764.jpg,action,action
imdb,all_I=gaussian_noise_S=3,tt10508838,tt10508838.jpg,action,action
imdb,all_I=gaussian_noise_S=3,tt9050310,tt9050310.jpg,horror,horror
imdb,all_I=gaussian_noise_S=3,tt10944486,tt10944486.jpg,action,comedy
imdb,all_I=gaussian_noise_S=3,tt9286908,tt9286908.jpg,action,action
imdb,all_I=gaussian_noise_S=3,tt10584340,tt10584340.jpg,comedy,comedy
imdb,all_I=gaussian_noise_S=3,tt2235695,tt2235695.jpg,horror,romance
imdb,all_I=gaussian_noise_S=3,tt15090124,tt15090124.jpg,horror,horror
imdb,all_I=gaussian_noise_S=3,tt11245972,tt11245972.jpg,horror,horror
imdb,all_I=gaussian_noise_S=3,tt4139928,tt4139928.jpg,action,action
imdb,all_I=gaussian_noise_S=3,tt8045906,tt8045906.jpg,horror,romance
imdb,all_I=gaussian_noise_S=3,tt5635026,tt5635026.jpg,fantasy,action
imdb,all_I=gaussian_noise_S=3,tt15713012,tt15713012.jpg,action,action
imdb,all_I=gaussian_noise_S=3,tt14799960,tt14799960.jpg,romance,romance
imdb,all_I=gaussian_noise_S=3,tt28690326,tt28690326.jpg,romance,romance
imdb,all_I=gaussian_noise_S=3,tt4614584,tt4614584.jpg,romance,romance
imdb,all_I=gaussian_noise_S=3,tt14014068,tt14014068.jpg,romance,romance
imdb,all_I=gaussian_noise_S=3,tt9077876,tt9077876.jpg,horror,horror
imdb,all_I=gaussian_noise_S=3,tt6539992,tt6539992.jpg,action,action
imdb,all_I=gaussian_noise_S=3,tt10003008,tt10003008.jpg,horror,horror
imdb,all_I=gaussian_noise_S=3,tt3626476,tt3626476.jpg,comedy,comedy
imdb,all_I=gaussian_noise_S=3,tt20782072,tt20782072.jpg,horror,horror
imdb,all_I=gaussian_noise_S=3,tt14993352,tt14993352.jpg,horror,horror
imdb,all_I=gaussian_noise_S=3,tt8110330,tt8110330.jpg,romance,romance
imdb,all_I=gaussian_noise_S=3,tt6528290,tt6528290.jpg,action,action
imdb,all_I=gaussian_noise_S=3,tt14550642,tt14550642.jpg,horror,horror
imdb,all_I=gaussian_noise_S=3,tt19755170,tt19755170.jpg,comedy,romance
imdb,all_I=gaussian_noise_S=3,tt10090058,tt10090058.jpg,action,action
imdb,all_I=gaussian_noise_S=3,tt6879446,tt6879446.jpg,action,action
imdb,all_I=gaussian_noise_S=3,tt12547822,tt12547822.jpg,horror,horror
imdb,all_I=gaussian_noise_S=3,tt13757762,tt13757762.jpg,horror,horror
imdb,all_I=gaussian_noise_S=3,tt16900880,tt16900880.jpg,horror,action
imdb,all_I=gaussian_noise_S=3,tt13445076,tt13445076.jpg,action,action
imdb,all_I=gaussian_noise_S=3,tt7846844,tt7846844.jpg,comedy,action
imdb,all_I=gaussian_noise_S=3,tt8629748,tt8629748.jpg,action,action
imdb,all_I=gaussian_noise_S=3,tt10127708,tt10127708.jpg,horror,action
imdb,all_I=gaussian_noise_S=3,tt11210390,tt11210390.jpg,comedy,comedy
imdb,all_I=gaussian_noise_S=3,tt3291150,tt3291150.jpg,action,action
imdb,all_I=gaussian_noise_S=3,tt9038678,tt9038678.jpg,horror,action
imdb,all_I=gaussian_noise_S=3,tt14230458,tt14230458.jpg,comedy,romance
imdb,all_I=gaussian_noise_S=3,tt22352848,tt22352848.jpg,action,action
imdb,all_I=gaussian_noise_S=3,tt4439620,tt4439620.jpg,action,action
imdb,all_I=gaussian_noise_S=3,tt8368408,tt8368408.jpg,action,action
imdb,all_I=gaussian_noise_S=3,tt12889404,tt12889404.jpg,romance,romance
imdb,all_I=gaussian_noise_S=3,tt14642626,tt14642626.jpg,horror,horror
imdb,all_I=gaussian_noise_S=3,tt14412446,tt14412446.jpg,horror,horror
imdb,all_I=gaussian_noise_S=3,tt8270664,tt8270664.jpg,action,action
imdb,all_I=gaussian_noise_S=3,tt11614912,tt11614912.jpg,horror,horror
imdb,all_I=gaussian_noise_S=3,tt5151570,tt5151570.jpg,comedy,comedy
imdb,all_I=gaussian_noise_S=3,tt19363554,tt19363554.jpg,horror,horror
imdb,all_I=gaussian_noise_S=3,tt8385148,tt8385148.jpg,action,action
imdb,all_I=gaussian_noise_S=3,tt24822574,tt24822574.jpg,romance,romance
imdb,all_I=gaussian_noise_S=3,tt14672882,tt14672882.jpg,action,action
imdb,all_I=gaussian_noise_S=3,tt10895576,tt10895576.jpg,comedy,comedy
imdb,all_I=gaussian_noise_S=3,tt12921446,tt12921446.jpg,horror,horror
imdb,all_I=gaussian_noise_S=3,tt9848626,tt9848626.jpg,comedy,comedy
imdb,all_I=gaussian_noise_S=3,tt6920084,tt6920084.jpg,horror,action
imdb,all_I=gaussian_noise_S=3,tt6048922,tt6048922.jpg,action,action
imdb,all_I=gaussian_noise_S=3,tt10329134,tt10329134.jpg,romance,romance
imdb,all_I=gaussian_noise_S=3,tt8847712,tt8847712.jpg,comedy,comedy
imdb,all_I=gaussian_noise_S=3,tt10579952,tt10579952.jpg,action,action
imdb,all_I=gaussian_noise_S=3,tt13462900,tt13462900.jpg,action,action
imdb,all_I=gaussian_noise_S=3,tt13388176,tt13388176.jpg,horror,horror
imdb,all_I=gaussian_noise_S=3,tt6475714,tt6475714.jpg,action,action
imdb,all_I=gaussian_noise_S=3,tt4427800,tt4427800.jpg,horror,action
imdb,all_I=gaussian_noise_S=3,tt8851668,tt8851668.jpg,comedy,action
imdb,all_I=gaussian_noise_S=3,tt10370710,tt10370710.jpg,comedy,comedy
imdb,all_I=gaussian_noise_S=3,tt10168670,tt10168670.jpg,horror,romance
imdb,all_I=gaussian_noise_S=3,tt27881314,tt27881314.jpg,romance,romance
imdb,all_I=gaussian_noise_S=3,tt7985704,tt7985704.jpg,action,action
imdb,all_I=gaussian_noise_S=3,tt10763820,tt10763820.jpg,horror,action
imdb,all_I=gaussian_noise_S=3,tt7693316,tt7693316.jpg,action,action
imdb,all_I=gaussian_noise_S=3,tt9179430,tt9179430.jpg,action,action
imdb,all_I=gaussian_noise_S=3,tt11686490,tt11686490.jpg,horror,horror
imdb,all_I=gaussian_noise_S=3,tt10365998,tt10365998.jpg,horror,horror
imdb,all_I=gaussian_noise_S=3,tt15262370,tt15262370.jpg,horror,horror
imdb,all_I=gaussian_noise_S=3,tt2488666,tt2488666.jpg,horror,horror
imdb,all_I=gaussian_noise_S=3,tt18816518,tt18816518.jpg,comedy,horror
imdb,all_I=gaussian_noise_S=3,tt10872600,tt10872600.jpg,action,action
imdb,all_I=gaussian_noise_S=3,tt9580138,tt9580138.jpg,action,action
imdb,all_I=gaussian_noise_S=3,tt3152592,tt3152592.jpg,comedy,comedy
imdb,all_I=gaussian_noise_S=3,tt9685342,tt9685342.jpg,action,action
imdb,all_I=gaussian_noise_S=3,tt8640928,tt8640928.jpg,horror,horror
imdb,all_I=gaussian_noise_S=3,tt15486810,tt15486810.jpg,horror,action
imdb,all_I=gaussian_noise_S=3,tt8851148,tt8851148.jpg,romance,romance
imdb,all_I=gaussian_noise_S=3,tt4472508,tt4472508.jpg,action,action
imdb,all_I=gaussian_noise_S=3,tt10362566,tt10362566.jpg,horror,horror
imdb,all_I=gaussian_noise_S=3,tt4411584,tt4411584.jpg,romance,romance
imdb,all_I=gaussian_noise_S=3,tt10999120,tt10999120.jpg,comedy,comedy
imdb,all_I=gaussian_noise_S=3,tt7713068,tt7713068.jpg,action,action
imdb,all_I=gaussian_noise_S=3,tt21913634,tt21913634.jpg,horror,horror
imdb,all_I=gaussian_noise_S=3,tt12593682,tt12593682.jpg,action,comedy
imdb,all_I=gaussian_noise_S=3,tt9314984,tt9314984.jpg,horror,horror
imdb,all_I=gaussian_noise_S=3,tt10935956,tt10935956.jpg,action,action
imdb,all_I=gaussian_noise_S=3,tt6902332,tt6902332.jpg,action,action
imdb,all_I=gaussian_noise_S=3,tt13444014,tt13444014.jpg,romance,romance
imdb,all_I=gaussian_noise_S=3,tt11394332,tt11394332.jpg,horror,comedy
imdb,all_I=gaussian_noise_S=3,tt6506264,tt6506264.jpg,horror,action
imdb,all_I=gaussian_noise_S=3,tt14905650,tt14905650.jpg,horror,horror
imdb,all_I=gaussian_noise_S=3,tt9701942,tt9701942.jpg,horror,horror
imdb,all_I=gaussian_noise_S=3,tt7510346,tt7510346.jpg,horror,horror
imdb,all_I=gaussian_noise_S=3,tt10399608,tt10399608.jpg,horror,horror
imdb,all_I=gaussian_noise_S=3,tt14462452,tt14462452.jpg,horror,horror
imdb,all_I=gaussian_noise_S=3,tt13345606,tt13345606.jpg,horror,horror
imdb,all_I=gaussian_noise_S=3,tt3463938,tt3463938.jpg,horror,horror
imdb,all_I=gaussian_noise_S=3,tt15268244,tt15268244.jpg,comedy,comedy
imdb,all_I=gaussian_noise_S=3,tt3986420,tt3986420.jpg,romance,romance
imdb,all_I=gaussian_noise_S=3,tt7097896,tt7097896.jpg,action,action
imdb,all_I=gaussian_noise_S=3,tt10665342,tt10665342.jpg,horror,horror
imdb,all_I=gaussian_noise_S=3,tt1464335,tt1464335.jpg,action,action
imdb,all_I=gaussian_noise_S=3,tt12965390,tt12965390.jpg,action,action
imdb,all_I=gaussian_noise_S=3,tt3885422,tt3885422.jpg,action,horror
imdb,all_I=gaussian_noise_S=3,tt5867314,tt5867314.jpg,horror,horror
imdb,all_I=gaussian_noise_S=3,tt10957044,tt10957044.jpg,action,action
imdb,all_I=gaussian_noise_S=3,tt10530176,tt10530176.jpg,horror,horror
imdb,all_I=gaussian_noise_S=3,tt22394702,tt22394702.jpg,comedy,action
imdb,all_I=gaussian_noise_S=3,tt7178640,tt7178640.jpg,comedy,romance
imdb,all_I=gaussian_noise_S=3,tt8004664,tt8004664.jpg,horror,horror
imdb,all_I=gaussian_noise_S=3,tt13453006,tt13453006.jpg,comedy,comedy
imdb,all_I=gaussian_noise_S=3,tt7146812,tt7146812.jpg,comedy,action
imdb,all_I=gaussian_noise_S=3,tt11540726,tt11540726.jpg,horror,horror
imdb,all_I=gaussian_noise_S=3,tt14428606,tt14428606.jpg,romance,romance
imdb,all_I=gaussian_noise_S=3,tt15791034,tt15791034.jpg,horror,horror
imdb,all_I=gaussian_noise_S=3,tt1634106,tt1634106.jpg,action,action
imdb,all_I=gaussian_noise_S=3,tt10275534,tt10275534.jpg,horror,action
imdb,all_I=gaussian_noise_S=3,tt17196124,tt17196124.jpg,horror,horror
imdb,all_I=gaussian_noise_S=3,tt10648342,tt10648342.jpg,action,action
imdb,all_I=gaussian_noise_S=3,tt10327252,tt10327252.jpg,horror,horror
imdb,all_I=gaussian_noise_S=3,tt10107222,tt10107222.jpg,comedy,romance
imdb,all_I=gaussian_noise_S=3,tt10242388,tt10242388.jpg,action,action
imdb,all_I=gaussian_noise_S=3,tt11998558,tt11998558.jpg,action,action
imdb,all_I=gaussian_noise_S=3,tt11291274,tt11291274.jpg,action,action
imdb,all_I=gaussian_noise_S=3,tt23806182,tt23806182.jpg,romance,romance
imdb,all_I=gaussian_noise_S=3,tt3797512,tt3797512.jpg,comedy,comedy
imdb,all_I=gaussian_noise_S=3,tt11947100,tt11947100.jpg,romance,romance
imdb,all_I=gaussian_noise_S=3,tt26453759,tt26453759.jpg,horror,horror
imdb,all_I=gaussian_noise_S=3,tt15944018,tt15944018.jpg,comedy,comedy
imdb,all_I=gaussian_noise_S=3,tt21276878,tt21276878.jpg,comedy,comedy
imdb,all_I=gaussian_noise_S=3,tt9100018,tt9100018.jpg,horror,horror
imdb,all_I=gaussian_noise_S=3,tt13270838,tt13270838.jpg,action,action
imdb,all_I=gaussian_noise_S=3,tt12676326,tt12676326.jpg,romance,romance
imdb,all_I=gaussian_noise_S=3,tt10101702,tt10101702.jpg,comedy,comedy
imdb,all_I=gaussian_noise_S=3,tt3963226,tt3963226.jpg,horror,horror
imdb,all_I=gaussian_noise_S=3,tt13392012,tt13392012.jpg,horror,horror
imdb,all_I=gaussian_noise_S=3,tt5500218,tt5500218.jpg,action,action
imdb,all_I=gaussian_noise_S=3,tt0805647,tt0805647.jpg,horror,comedy
imdb,all_I=gaussian_noise_S=3,tt28568397,tt28568397.jpg,comedy,comedy
imdb,all_I=gaussian_noise_S=3,tt7545266,tt7545266.jpg,comedy,comedy
imdb,all_I=gaussian_noise_S=3,tt6222118,tt6222118.jpg,action,action
imdb,all_I=gaussian_noise_S=3,tt19896150,tt19896150.jpg,horror,horror
imdb,all_I=gaussian_noise_S=3,tt15334488,tt15334488.jpg,romance,romance
imdb,all_I=gaussian_noise_S=3,tt0993840,tt0993840.jpg,horror,action
imdb,all_I=gaussian_noise_S=3,tt2953050,tt2953050.jpg,comedy,comedy
imdb,all_I=gaussian_noise_S=3,tt6703486,tt6703486.jpg,romance,action
imdb,all_I=gaussian_noise_S=3,tt5315210,tt5315210.jpg,horror,action
imdb,all_I=gaussian_noise_S=3,tt3447590,tt3447590.jpg,comedy,comedy
imdb,all_I=gaussian_noise_S=3,tt3679040,tt3679040.jpg,romance,romance
imdb,all_I=gaussian_noise_S=3,tt24655170,tt24655170.jpg,horror,horror
imdb,all_I=gaussian_noise_S=3,tt12361974,tt12361974.jpg,action,action
imdb,all_I=gaussian_noise_S=3,tt12672536,tt12672536.jpg,action,action
imdb,all_I=gaussian_noise_S=3,tt4136456,tt4136456.jpg,action,action
imdb,all_I=gaussian_noise_S=3,tt10329614,tt10329614.jpg,horror,horror
imdb,all_I=gaussian_noise_S=3,tt6246322,tt6246322.jpg,horror,horror
imdb,all_I=gaussian_noise_S=3,tt13405778,tt13405778.jpg,horror,horror
imdb,all_I=gaussian_noise_S=3,tt9731534,tt9731534.jpg,horror,horror
imdb,all_I=gaussian_noise_S=3,tt9362930,tt9362930.jpg,action,action
imdb,all_I=gaussian_noise_S=3,tt1361336,tt1361336.jpg,comedy,comedy
imdb,all_I=gaussian_noise_S=3,tt15553956,tt15553956.jpg,romance,comedy
imdb,all_I=gaussian_noise_S=3,tt21307994,tt21307994.jpg,horror,horror
imdb,all_I=gaussian_noise_S=3,tt10954652,tt10954652.jpg,horror,horror
imdb,all_I=gaussian_noise_S=3,tt23050520,tt23050520.jpg,horror,horror
imdb,all_I=gaussian_noise_S=3,tt5090568,tt5090568.jpg,action,action
imdb,all_I=gaussian_noise_S=3,tt12440964,tt12440964.jpg,romance,romance
imdb,all_I=gaussian_noise_S=3,tt6668220,tt6668220.jpg,horror,horror
imdb,all_I=gaussian_noise_S=3,tt11274492,tt11274492.jpg,comedy,action
imdb,all_I=gaussian_noise_S=3,tt10023022,tt10023022.jpg,action,action
imdb,all_I=gaussian_noise_S=3,tt10160976,tt10160976.jpg,horror,horror
imdb,all_I=gaussian_noise_S=3,tt13318942,tt13318942.jpg,horror,horror
imdb,all_I=gaussian_noise_S=3,tt4479380,tt4479380.jpg,action,action
imdb,all_I=gaussian_noise_S=3,tt13872248,tt13872248.jpg,horror,horror
imdb,all_I=gaussian_noise_S=3,tt12944128,tt12944128.jpg,romance,romance
imdb,all_I=gaussian_noise_S=3,tt24786154,tt24786154.jpg,romance,romance
imdb,all_I=gaussian_noise_S=3,tt7126948,tt7126948.jpg,action,action
imdb,all_I=gaussian_noise_S=3,tt6587640,tt6587640.jpg,comedy,comedy
imdb,all_I=gaussian_noise_S=3,tt12298140,tt12298140.jpg,horror,horror
imdb,all_I=gaussian_noise_S=3,tt4589218,tt4589218.jpg,horror,horror
imdb,all_I=gaussian_noise_S=3,tt14158554,tt14158554.jpg,action,action
imdb,all_I=gaussian_noise_S=3,tt9205538,tt9205538.jpg,horror,romance
imdb,all_I=gaussian_noise_S=3,tt11365186,tt11365186.jpg,romance,romance
imdb,all_I=gaussian_noise_S=3,tt14438964,tt14438964.jpg,comedy,comedy
imdb,all_I=gaussian_noise_S=3,tt12261776,tt12261776.jpg,action,action
imdb,all_I=gaussian_noise_S=3,tt9894660,tt9894660.jpg,comedy,comedy
imdb,all_I=gaussian_noise_S=3,tt7212754,tt7212754.jpg,comedy,action
imdb,all_I=gaussian_noise_S=3,tt15327088,tt15327088.jpg,action,action
imdb,all_I=gaussian_noise_S=3,tt7099280,tt7099280.jpg,horror,romance
imdb,all_I=gaussian_noise_S=3,tt27564994,tt27564994.jpg,horror,horror
imdb,all_I=gaussian_noise_S=3,tt14857730,tt14857730.jpg,action,action
imdb,all_I=gaussian_noise_S=3,tt1517268,tt1517268.jpg,comedy,comedy
imdb,all_I=gaussian_noise_S=3,tt10978398,tt10978398.jpg,action,action
imdb,all_I=gaussian_noise_S=3,tt4081630,tt4081630.jpg,comedy,romance
imdb,all_I=gaussian_noise_S=3,tt10323676,tt10323676.jpg,action,action
imdb,all_I=gaussian_noise_S=3,tt5108870,tt5108870.jpg,horror,horror
imdb,all_I=gaussian_noise_S=3,tt6673612,tt6673612.jpg,comedy,comedy
imdb,all_I=gaussian_noise_S=3,tt6020800,tt6020800.jpg,action,action
imdb,all_I=gaussian_noise_S=3,tt9340916,tt9340916.jpg,horror,horror
imdb,all_I=gaussian_noise_S=3,tt15552494,tt15552494.jpg,horror,horror
imdb,all_I=gaussian_noise_S=3,tt11012066,tt11012066.jpg,comedy,comedy
imdb,all_I=gaussian_noise_S=3,tt14309446,tt14309446.jpg,comedy,comedy
imdb,all_I=gaussian_noise_S=3,tt11310608,tt11310608.jpg,comedy,romance
imdb,all_I=gaussian_noise_S=3,tt12298506,tt12298506.jpg,horror,horror
imdb,all_I=gaussian_noise_S=3,tt14308636,tt14308636.jpg,comedy,comedy
imdb,all_I=gaussian_noise_S=3,tt10161886,tt10161886.jpg,comedy,comedy
imdb,all_I=jpeg_S=3,tt1798632,tt1798632.jpg,horror,horror
imdb,all_I=jpeg_S=3,tt9214832,tt9214832.jpg,comedy,comedy
imdb,all_I=jpeg_S=3,tt21249656,tt21249656.jpg,romance,romance
imdb,all_I=jpeg_S=3,tt7149730,tt7149730.jpg,horror,action
imdb,all_I=jpeg_S=3,tt3876910,tt3876910.jpg,action,action
imdb,all_I=jpeg_S=3,tt12064810,tt12064810.jpg,action,action
imdb,all_I=jpeg_S=3,tt8593824,tt8593824.jpg,action,action
imdb,all_I=jpeg_S=3,tt21146854,tt21146854.jpg,romance,romance
imdb,all_I=jpeg_S=3,tt9624766,tt9624766.jpg,action,action
imdb,all_I=jpeg_S=3,tt12447796,tt12447796.jpg,horror,horror
imdb,all_I=jpeg_S=3,tt20199226,tt20199226.jpg,comedy,comedy
imdb,all_I=jpeg_S=3,tt3758814,tt3758814.jpg,action,action
imdb,all_I=jpeg_S=3,tt14873054,tt14873054.jpg,action,action
imdb,all_I=jpeg_S=3,tt21403538,tt21403538.jpg,comedy,romance
imdb,all_I=jpeg_S=3,tt17202326,tt17202326.jpg,horror,horror
imdb,all_I=jpeg_S=3,tt8672856,tt8672856.jpg,romance,romance
imdb,all_I=jpeg_S=3,tt14265992,tt14265992.jpg,horror,horror
imdb,all_I=jpeg_S=3,tt10307440,tt10307440.jpg,horror,action
imdb,all_I=jpeg_S=3,tt14405338,tt14405338.jpg,horror,horror
imdb,all_I=jpeg_S=3,tt13375076,tt13375076.jpg,horror,horror
imdb,all_I=jpeg_S=3,tt11271038,tt11271038.jpg,comedy,comedy
imdb,all_I=jpeg_S=3,tt10308928,tt10308928.jpg,action,action
imdb,all_I=jpeg_S=3,tt7628504,tt7628504.jpg,horror,horror
imdb,all_I=jpeg_S=3,tt15521050,tt15521050.jpg,romance,romance
imdb,all_I=jpeg_S=3,tt12724306,tt12724306.jpg,horror,horror
imdb,all_I=jpeg_S=3,tt7144666,tt7144666.jpg,horror,horror
imdb,all_I=jpeg_S=3,tt12829958,tt12829958.jpg,horror,horror
imdb,all_I=jpeg_S=3,tt15683734,tt15683734.jpg,horror,horror
imdb,all_I=jpeg_S=3,tt4983780,tt4983780.jpg,action,action
imdb,all_I=jpeg_S=3,tt8110652,tt8110652.jpg,horror,horror
imdb,all_I=jpeg_S=3,tt9686790,tt9686790.jpg,comedy,romance
imdb,all_I=jpeg_S=3,tt9054192,tt9054192.jpg,comedy,comedy
imdb,all_I=jpeg_S=3,tt12263384,tt12263384.jpg,action,action
imdb,all_I=jpeg_S=3,tt8521876,tt8521876.jpg,comedy,comedy
imdb,all_I=jpeg_S=3,tt14138650,tt14138650.jpg,horror,horror
imdb,all_I=jpeg_S=3,tt1655444,tt1655444.jpg,action,action
imdb,all_I=jpeg_S=3,tt24082454,tt24082454.jpg,horror,horror
imdb,all_I=jpeg_S=3,tt7737528,tt7737528.jpg,action,action
imdb,all_I=jpeg_S=3,tt9362722,tt9362722.jpg,action,action
imdb,all_I=jpeg_S=3,tt12735282,tt12735282.jpg,horror,horror
imdb,all_I=jpeg_S=3,tt8150814,tt8150814.jpg,horror,horror
imdb,all_I=jpeg_S=3,tt9603212,tt9603212.jpg,action,action
imdb,all_I=jpeg_S=3,tt22487338,tt22487338.jpg,romance,romance
imdb,all_I=jpeg_S=3,tt13304948,tt13304948.jpg,horror,horror
imdb,all_I=jpeg_S=3,tt6079772,tt6079772.jpg,action,action
imdb,all_I=jpeg_S=3,tt22640398,tt22640398.jpg,horror,horror
imdb,all_I=jpeg_S=3,tt13400336,tt13400336.jpg,action,action
imdb,all_I=jpeg_S=3,tt11851548,tt11851548.jpg,horror,horror
imdb,all_I=jpeg_S=3,tt7440124,tt7440124.jpg,horror,horror
imdb,all_I=jpeg_S=3,tt12574708,tt12574708.jpg,horror,horror
imdb,all_I=jpeg_S=3,tt5433138,tt5433138.jpg,action,action
imdb,all_I=jpeg_S=3,tt12335692,tt12335692.jpg,horror,action
imdb,all_I=jpeg_S=3,tt13822738,tt13822738.jpg,action,action
imdb,all_I=jpeg_S=3,tt9669176,tt9669176.jpg,action,action
imdb,all_I=jpeg_S=3,tt15441472,tt15441472.jpg,horror,action
imdb,all_I=jpeg_S=3,tt18411490,tt18411490.jpg,action,action
imdb,all_I=jpeg_S=3,tt10954600,tt10954600.jpg,action,action
imdb,all_I=jpeg_S=3,tt19898888,tt19898888.jpg,horror,horror
imdb,all_I=jpeg_S=3,tt9114286,tt9114286.jpg,action,action
imdb,all_I=jpeg_S=3,tt22394694,tt22394694.jpg,action,action
imdb,all_I=jpeg_S=3,tt3612126,tt3612126.jpg,horror,horror
imdb,all_I=jpeg_S=3,tt3215824,tt3215824.jpg,action,action
imdb,all_I=jpeg_S=3,tt15422240,tt15422240.jpg,action,action
imdb,all_I=jpeg_S=3,tt26445483,tt26445483.jpg,comedy,comedy
imdb,all_I=jpeg_S=3,tt2463208,tt2463208.jpg,action,action
imdb,all_I=jpeg_S=3,tt9013340,tt9013340.jpg,comedy,comedy
imdb,all_I=jpeg_S=3,tt9320140,tt9320140.jpg,comedy,romance
imdb,all_I=jpeg_S=3,tt10916810,tt10916810.jpg,horror,horror
imdb,all_I=jpeg_S=3,tt15474916,tt15474916.jpg,horror,horror
imdb,all_I=jpeg_S=3,tt15824990,tt15824990.jpg,horror,horror
imdb,all_I=jpeg_S=3,tt1697800,tt1697800.jpg,action,action
imdb,all_I=jpeg_S=3,tt10404944,tt10404944.jpg,action,action
imdb,all_I=jpeg_S=3,tt14687418,tt14687418.jpg,horror,horror
imdb,all_I=jpeg_S=3,tt13302660,tt13302660.jpg,action,action
imdb,all_I=jpeg_S=3,tt1502397,tt1502397.jpg,action,action
imdb,all_I=jpeg_S=3,tt10618286,tt10618286.jpg,drama,comedy
imdb,all_I=jpeg_S=3,tt6561576,tt6561576.jpg,horror,horror
imdb,all_I=jpeg_S=3,tt15242330,tt15242330.jpg,action,comedy
imdb,all_I=jpeg_S=3,tt22085392,tt22085392.jpg,horror,horror
imdb,all_I=jpeg_S=3,tt15891388,tt15891388.jpg,comedy,romance
imdb,all_I=jpeg_S=3,tt26439204,tt26439204.jpg,action,action
imdb,all_I=jpeg_S=3,tt10600398,tt10600398.jpg,action,comedy
imdb,all_I=jpeg_S=3,tt13634480,tt13634480.jpg,comedy,comedy
imdb,all_I=jpeg_S=3,tt9207700,tt9207700.jpg,comedy,comedy
imdb,all_I=jpeg_S=3,tt11057644,tt11057644.jpg,comedy,comedy
imdb,all_I=jpeg_S=3,tt9288748,tt9288748.jpg,comedy,comedy
imdb,all_I=jpeg_S=3,tt10737918,tt10737918.jpg,action,action
imdb,all_I=jpeg_S=3,tt8332922,tt8332922.jpg,horror,horror
imdb,all_I=jpeg_S=3,tt9173154,tt9173154.jpg,horror,horror
imdb,all_I=jpeg_S=3,tt7768720,tt7768720.jpg,horror,romance
imdb,all_I=jpeg_S=3,tt11809034,tt11809034.jpg,action,action
imdb,all_I=jpeg_S=3,tt8760708,tt8760708.jpg,horror,horror
imdb,all_I=jpeg_S=3,tt9086228,tt9086228.jpg,horror,horror
imdb,all_I=jpeg_S=3,tt14013772,tt14013772.jpg,horror,horror
imdb,all_I=jpeg_S=3,tt26470099,tt26470099.jpg,horror,horror
imdb,all_I=jpeg_S=3,tt9784708,tt9784708.jpg,action,action
imdb,all_I=jpeg_S=3,tt9376612,tt9376612.jpg,action,action
imdb,all_I=jpeg_S=3,tt1136617,tt1136617.jpg,action,action
imdb,all_I=jpeg_S=3,tt3915174,tt3915174.jpg,comedy,comedy
imdb,all_I=jpeg_S=3,tt27572862,tt27572862.jpg,horror,horror
imdb,all_I=jpeg_S=3,tt18072540,tt18072540.jpg,horror,horror
imdb,all_I=jpeg_S=3,tt14152140,tt14152140.jpg,horror,comedy
imdb,all_I=jpeg_S=3,tt13923456,tt13923456.jpg,comedy,action
imdb,all_I=jpeg_S=3,tt11827628,tt11827628.jpg,action,action
imdb,all_I=jpeg_S=3,tt18548186,tt18548186.jpg,horror,horror
imdb,all_I=jpeg_S=3,tt8784956,tt8784956.jpg,action,action
imdb,all_I=jpeg_S=3,tt0870154,tt0870154.jpg,action,action
imdb,all_I=jpeg_S=3,tt10160974,tt10160974.jpg,horror,horror
imdb,all_I=jpeg_S=3,tt20222202,tt20222202.jpg,horror,action
imdb,all_I=jpeg_S=3,tt11075540,tt11075540.jpg,horror,horror
imdb,all_I=jpeg_S=3,tt17042714,tt17042714.jpg,horror,horror
imdb,all_I=jpeg_S=3,tt15048614,tt15048614.jpg,horror,horror
imdb,all_I=jpeg_S=3,tt12801814,tt12801814.jpg,horror,horror
imdb,all_I=jpeg_S=3,tt10734864,tt10734864.jpg,horror,horror
imdb,all_I=jpeg_S=3,tt8637498,tt8637498.jpg,action,comedy
imdb,all_I=jpeg_S=3,tt22505124,tt22505124.jpg,horror,horror
imdb,all_I=jpeg_S=3,tt14557188,tt14557188.jpg,horror,horror
imdb,all_I=jpeg_S=3,tt10952782,tt10952782.jpg,horror,horror
imdb,all_I=jpeg_S=3,tt20854842,tt20854842.jpg,romance,romance
imdb,all_I=jpeg_S=3,tt10028196,tt10028196.jpg,romance,romance
imdb,all_I=jpeg_S=3,tt1745960,tt1745960.jpg,action,action
imdb,all_I=jpeg_S=3,tt6566576,tt6566576.jpg,horror,horror
imdb,all_I=jpeg_S=3,tt9619798,tt9619798.jpg,comedy,romance
imdb,all_I=jpeg_S=3,tt5748448,tt5748448.jpg,action,action
imdb,all_I=jpeg_S=3,tt12683756,tt12683756.jpg,horror,horror
imdb,all_I=jpeg_S=3,tt12226872,tt12226872.jpg,horror,horror
imdb,all_I=jpeg_S=3,tt10772662,tt10772662.jpg,horror,horror
imdb,all_I=jpeg_S=3,tt14668630,tt14668630.jpg,comedy,comedy
imdb,all_I=jpeg_S=3,tt10334222,tt10334222.jpg,horror,horror
imdb,all_I=jpeg_S=3,tt13007592,tt13007592.jpg,romance,romance
imdb,all_I=jpeg_S=3,tt1777606,tt1777606.jpg,comedy,romance
imdb,all_I=jpeg_S=3,tt13320662,tt13320662.jpg,comedy,comedy
imdb,all_I=jpeg_S=3,tt6402468,tt6402468.jpg,horror,horror
imdb,all_I=jpeg_S=3,tt11564570,tt11564570.jpg,comedy,comedy
imdb,all_I=jpeg_S=3,tt6264654,tt6264654.jpg,comedy,action
imdb,all_I=jpeg_S=3,tt9834506,tt9834506.jpg,horror,horror
imdb,all_I=jpeg_S=3,tt10701458,tt10701458.jpg,horror,horror
imdb,all_I=jpeg_S=3,tt18079362,tt18079362.jpg,comedy,comedy
imdb,all_I=jpeg_S=3,tt10733228,tt10733228.jpg,horror,romance
imdb,all_I=jpeg_S=3,tt10838180,tt10838180.jpg,action,action
imdb,all_I=jpeg_S=3,tt18361658,tt18361658.jpg,romance,romance
imdb,all_I=jpeg_S=3,tt13846414,tt13846414.jpg,horror,romance
imdb,all_I=jpeg_S=3,tt11448138,tt11448138.jpg,horror,horror
imdb,all_I=jpeg_S=3,tt18260564,tt18260564.jpg,horror,horror
imdb,all_I=jpeg_S=3,tt8332802,tt8332802.jpg,horror,horror
imdb,all_I=jpeg_S=3,tt6968614,tt6968614.jpg,action,action
imdb,all_I=jpeg_S=3,tt23898856,tt23898856.jpg,action,action
imdb,all_I=jpeg_S=3,tt17202164,tt17202164.jpg,horror,horror
imdb,all_I=jpeg_S=3,tt7979580,tt7979580.jpg,action,comedy
imdb,all_I=jpeg_S=3,tt7599146,tt7599146.jpg,action,action
imdb,all_I=jpeg_S=3,tt1462764,tt1462764.jpg,action,action
imdb,all_I=jpeg_S=3,tt14402146,tt14402146.jpg,comedy,romance
imdb,all_I=jpeg_S=3,tt14895216,tt14895216.jpg,horror,horror
imdb,all_I=jpeg_S=3,tt11377298,tt11377298.jpg,action,action
imdb,all_I=jpeg_S=3,tt11576124,tt11576124.jpg,action,action
imdb,all_I=jpeg_S=3,tt11358390,tt11358390.jpg,horror,horror
imdb,all_I=jpeg_S=3,tt15438542,tt15438542.jpg,action,action
imdb,all_I=jpeg_S=3,tt13056008,tt13056008.jpg,horror,horror
imdb,all_I=jpeg_S=3,tt22086334,tt22086334.jpg,comedy,comedy
imdb,all_I=jpeg_S=3,tt12373754,tt12373754.jpg,horror,horror
imdb,all_I=jpeg_S=3,tt10279472,tt10279472.jpg,horror,horror
imdb,all_I=jpeg_S=3,tt7711170,tt7711170.jpg,horror,horror
imdb,all_I=jpeg_S=3,tt14412366,tt14412366.jpg,action,action
imdb,all_I=jpeg_S=3,tt11742798,tt11742798.jpg,comedy,comedy
imdb,all_I=jpeg_S=3,tt9110170,tt9110170.jpg,horror,horror
imdb,all_I=jpeg_S=3,tt0439572,tt0439572.jpg,action,action
imdb,all_I=jpeg_S=3,tt2382320,tt2382320.jpg,action,action
imdb,all_I=jpeg_S=3,tt11252440,tt11252440.jpg,horror,comedy
imdb,all_I=jpeg_S=3,tt9472334,tt9472334.jpg,horror,horror
imdb,all_I=jpeg_S=3,tt12915716,tt12915716.jpg,action,action
imdb,all_I=jpeg_S=3,tt15393652,tt15393652.jpg,horror,romance
imdb,all_I=jpeg_S=3,tt22987848,tt22987848.jpg,horror,horror
imdb,all_I=jpeg_S=3,tt15441054,tt15441054.jpg,action,action
imdb,all_I=jpeg_S=3,tt9663168,tt9663168.jpg,horror,horror
imdb,all_I=jpeg_S=3,tt7560830,tt7560830.jpg,horror,horror
imdb,all_I=jpeg_S=3,tt9365800,tt9365800.jpg,horror,action
imdb,all_I=jpeg_S=3,tt9701940,tt9701940.jpg,horror,horror
imdb,all_I=jpeg_S=3,tt3465026,tt3465026.jpg,comedy,comedy
imdb,all_I=jpeg_S=3,tt9044418,tt9044418.jpg,action,action
imdb,all_I=jpeg_S=3,tt15548074,tt15548074.jpg,horror,horror
imdb,all_I=jpeg_S=3,tt11656220,tt11656220.jpg,horror,action
imdb,all_I=jpeg_S=3,tt17156822,tt17156822.jpg,action,action
imdb,all_I=jpeg_S=3,tt14400246,tt14400246.jpg,horror,horror
imdb,all_I=jpeg_S=3,tt10457128,tt10457128.jpg,comedy,romance
imdb,all_I=jpeg_S=3,tt8404256,tt8404256.jpg,action,action
imdb,all_I=jpeg_S=3,tt27816768,tt27816768.jpg,comedy,comedy
imdb,all_I=jpeg_S=3,tt13363828,tt13363828.jpg,horror,horror
imdb,all_I=jpeg_S=3,tt12908110,tt12908110.jpg,horror,horror
imdb,all_I=jpeg_S=3,tt7134096,tt7134096.jpg,action,action
imdb,all_I=jpeg_S=3,tt9264728,tt9264728.jpg,horror,horror
imdb,all_I=jpeg_S=3,tt10172266,tt10172266.jpg,romance,romance
imdb,all_I=jpeg_S=3,tt3197780,tt3197780.jpg,comedy,comedy
imdb,all_I=jpeg_S=3,tt9907782,tt9907782.jpg,horror,horror
imdb,all_I=jpeg_S=3,tt10696784,tt10696784.jpg,action,action
imdb,all_I=jpeg_S=3,tt10788058,tt10788058.jpg,action,action
imdb,all_I=jpeg_S=3,tt1321510,tt1321510.jpg,musical,romance
imdb,all_I=jpeg_S=3,tt13092974,tt13092974.jpg,horror,horror
imdb,all_I=jpeg_S=3,tt2560092,tt2560092.jpg,comedy,comedy
imdb,all_I=jpeg_S=3,tt8912936,tt8912936.jpg,action,action
imdb,all_I=jpeg_S=3,tt9419884,tt9419884.jpg,action,action
imdb,all_I=jpeg_S=3,tt12788488,tt12788488.jpg,horror,horror
imdb,all_I=jpeg_S=3,tt9072352,tt9072352.jpg,horror,horror
imdb,all_I=jpeg_S=3,tt0983946,tt0983946.jpg,horror,horror
imdb,all_I=jpeg_S=3,tt10935560,tt10935560.jpg,horror,horror
imdb,all_I=jpeg_S=3,tt14781176,tt14781176.jpg,horror,horror
imdb,all_I=jpeg_S=3,tt15354916,tt15354916.jpg,action,action
imdb,all_I=jpeg_S=3,tt8456190,tt8456190.jpg,action,action
imdb,all_I=jpeg_S=3,tt21106970,tt21106970.jpg,comedy,comedy
imdb,all_I=jpeg_S=3,tt15768848,tt15768848.jpg,comedy,romance
imdb,all_I=jpeg_S=3,tt7638348,tt7638348.jpg,action,action
imdb,all_I=jpeg_S=3,tt4876134,tt4876134.jpg,action,action
imdb,all_I=jpeg_S=3,tt8760280,tt8760280.jpg,romance,romance
imdb,all_I=jpeg_S=3,tt23136186,tt23136186.jpg,horror,horror
imdb,all_I=jpeg_S=3,tt8296030,tt8296030.jpg,horror,horror
imdb,all_I=jpeg_S=3,tt11905962,tt11905962.jpg,horror,horror
imdb,all_I=jpeg_S=3,tt4682266,tt4682266.jpg,horror,horror
imdb,all_I=jpeg_S=3,tt12472174,tt12472174.jpg,horror,horror
imdb,all_I=jpeg_S=3,tt7556122,tt7556122.jpg,action,action
imdb,all_I=jpeg_S=3,tt8114980,tt8114980.jpg,horror,horror
imdb,all_I=jpeg_S=3,tt12834962,tt12834962.jpg,comedy,comedy
imdb,all_I=jpeg_S=3,tt17076046,tt17076046.jpg,comedy,comedy
imdb,all_I=jpeg_S=3,tt15528292,tt15528292.jpg,action,action
imdb,all_I=jpeg_S=3,tt25403492,tt25403492.jpg,horror,horror
imdb,all_I=jpeg_S=3,tt14039086,tt14039086.jpg,action,action
imdb,all_I=jpeg_S=3,tt11514780,tt11514780.jpg,horror,horror
imdb,all_I=jpeg_S=3,tt11327514,tt11327514.jpg,comedy,comedy
imdb,all_I=jpeg_S=3,tt12877640,tt12877640.jpg,horror,horror
imdb,all_I=jpeg_S=3,tt11891246,tt11891246.jpg,horror,horror
imdb,all_I=jpeg_S=3,tt13024674,tt13024674.jpg,action,action
imdb,all_I=jpeg_S=3,tt15600222,tt15600222.jpg,action,action
imdb,all_I=jpeg_S=3,tt14091818,tt14091818.jpg,comedy,romance
imdb,all_I=jpeg_S=3,tt4029412,tt4029412.jpg,action,action
imdb,all_I=jpeg_S=3,tt7504818,tt7504818.jpg,comedy,comedy
imdb,all_I=jpeg_S=3,tt20424130,tt20424130.jpg,action,action
imdb,all_I=jpeg_S=3,tt1016150,tt1016150.jpg,horror,action
imdb,all_I=jpeg_S=3,tt11084896,tt11084896.jpg,comedy,comedy
imdb,all_I=jpeg_S=3,tt7214954,tt7214954.jpg,comedy,comedy
imdb,all_I=jpeg_S=3,tt12823454,tt12823454.jpg,romance,romance
imdb,all_I=jpeg_S=3,tt15671028,tt15671028.jpg,comedy,romance
imdb,all_I=jpeg_S=3,tt10229558,tt10229558.jpg,horror,horror
imdb,all_I=jpeg_S=3,tt8376234,tt8376234.jpg,comedy,comedy
imdb,all_I=jpeg_S=3,tt8656686,tt8656686.jpg,horror,horror
imdb,all_I=jpeg_S=3,tt17663992,tt17663992.jpg,horror,horror
imdb,all_I=jpeg_S=3,tt10451914,tt10451914.jpg,action,action
imdb,all_I=jpeg_S=3,tt15516726,tt15516726.jpg,comedy,comedy
imdb,all_I=jpeg_S=3,tt12851396,tt12851396.jpg,action,action
imdb,all_I=jpeg_S=3,tt9387250,tt9387250.jpg,action,action
imdb,all_I=jpeg_S=3,tt10127684,tt10127684.jpg,action,action
imdb,all_I=jpeg_S=3,tt8589698,tt8589698.jpg,action,comedy
imdb,all_I=jpeg_S=3,tt15734582,tt15734582.jpg,action,action
imdb,all_I=jpeg_S=3,tt12390572,tt12390572.jpg,horror,horror
imdb,all_I=jpeg_S=3,tt6508228,tt6508228.jpg,horror,horror
imdb,all_I=jpeg_S=3,tt1830643,tt1830643.jpg,horror,horror
imdb,all_I=jpeg_S=3,tt14298216,tt14298216.jpg,horror,horror
imdb,all_I=jpeg_S=3,tt21250176,tt21250176.jpg,horror,horror
imdb,all_I=jpeg_S=3,tt7550000,tt7550000.jpg,action,action
imdb,all_I=jpeg_S=3,tt6723592,tt6723592.jpg,action,action
imdb,all_I=jpeg_S=3,tt10366206,tt10366206.jpg,action,action
imdb,all_I=jpeg_S=3,tt5624466,tt5624466.jpg,horror,horror
imdb,all_I=jpeg_S=3,tt8093700,tt8093700.jpg,action,action
imdb,all_I=jpeg_S=3,tt5012504,tt5012504.jpg,action,action
imdb,all_I=jpeg_S=3,tt9308382,tt9308382.jpg,comedy,romance
imdb,all_I=jpeg_S=3,tt15847880,tt15847880.jpg,horror,horror
imdb,all_I=jpeg_S=3,tt19175696,tt19175696.jpg,horror,horror
imdb,all_I=jpeg_S=3,tt10228134,tt10228134.jpg,comedy,action
imdb,all_I=jpeg_S=3,tt11881160,tt11881160.jpg,horror,horror
imdb,all_I=jpeg_S=3,tt10638522,tt10638522.jpg,horror,horror
imdb,all_I=jpeg_S=3,tt9695722,tt9695722.jpg,action,action
imdb,all_I=jpeg_S=3,tt14995258,tt14995258.jpg,horror,romance
imdb,all_I=jpeg_S=3,tt27989067,tt27989067.jpg,horror,romance
imdb,all_I=jpeg_S=3,tt9784456,tt9784456.jpg,romance,romance
imdb,all_I=jpeg_S=3,tt15654328,tt15654328.jpg,action,action
imdb,all_I=jpeg_S=3,tt13429362,tt13429362.jpg,horror,horror
imdb,all_I=jpeg_S=3,tt14858054,tt14858054.jpg,horror,horror
imdb,all_I=jpeg_S=3,tt7354440,tt7354440.jpg,horror,horror
imdb,all_I=jpeg_S=3,tt21907174,tt21907174.jpg,comedy,comedy
imdb,all_I=jpeg_S=3,tt12885852,tt12885852.jpg,action,action
imdb,all_I=jpeg_S=3,tt8426926,tt8426926.jpg,action,action
imdb,all_I=jpeg_S=3,tt10691162,tt10691162.jpg,horror,horror
imdb,all_I=jpeg_S=3,tt11125620,tt11125620.jpg,comedy,comedy
imdb,all_I=jpeg_S=3,tt4495098,tt4495098.jpg,action,action
imdb,all_I=jpeg_S=3,tt20114976,tt20114976.jpg,horror,horror
imdb,all_I=jpeg_S=3,tt9606374,tt9606374.jpg,comedy,comedy
imdb,all_I=jpeg_S=3,tt14145436,tt14145436.jpg,horror,horror
imdb,all_I=jpeg_S=3,tt22889164,tt22889164.jpg,horror,action
imdb,all_I=jpeg_S=3,tt9742794,tt9742794.jpg,action,action
imdb,all_I=jpeg_S=3,tt7947604,tt7947604.jpg,comedy,romance
imdb,all_I=jpeg_S=3,tt7740510,tt7740510.jpg,horror,horror
imdb,all_I=jpeg_S=3,tt6334354,tt6334354.jpg,action,action
imdb,all_I=jpeg_S=3,tt7888964,tt7888964.jpg,action,action
imdb,all_I=jpeg_S=3,tt20850406,tt20850406.jpg,romance,romance
imdb,all_I=jpeg_S=3,tt5113044,tt5113044.jpg,comedy,comedy
imdb,all_I=jpeg_S=3,tt18968540,tt18968540.jpg,horror,horror
imdb,all_I=jpeg_S=3,tt1630029,tt1630029.jpg,action,action
imdb,all_I=jpeg_S=3,tt1877830,tt1877830.jpg,action,action
imdb,all_I=jpeg_S=3,tt13603966,tt13603966.jpg,action,action
imdb,all_I=jpeg_S=3,tt11301946,tt11301946.jpg,action,action
imdb,all_I=jpeg_S=3,tt6705162,tt6705162.jpg,comedy,comedy
imdb,all_I=jpeg_S=3,tt14099334,tt14099334.jpg,horror,horror
imdb,all_I=jpeg_S=3,tt10701074,tt10701074.jpg,action,action
imdb,all_I=jpeg_S=3,tt7035004,tt7035004.jpg,action,action
imdb,all_I=jpeg_S=3,tt1001520,tt1001520.jpg,horror,horror
imdb,all_I=jpeg_S=3,tt9173418,tt9173418.jpg,horror,horror
imdb,all_I=jpeg_S=3,tt10473036,tt10473036.jpg,comedy,comedy
imdb,all_I=jpeg_S=3,tt7267498,tt7267498.jpg,horror,horror
imdb,all_I=jpeg_S=3,tt5843876,tt5843876.jpg,romance,romance
imdb,all_I=jpeg_S=3,tt15655826,tt15655826.jpg,horror,romance
imdb,all_I=jpeg_S=3,tt3278540,tt3278540.jpg,comedy,romance
imdb,all_I=jpeg_S=3,tt0293429,tt0293429.jpg,action,action
imdb,all_I=jpeg_S=3,tt0499097,tt0499097.jpg,action,action
imdb,all_I=jpeg_S=3,tt16252698,tt16252698.jpg,comedy,romance
imdb,all_I=jpeg_S=3,tt15783426,tt15783426.jpg,comedy,action
imdb,all_I=jpeg_S=3,tt5950596,tt5950596.jpg,horror,horror
imdb,all_I=jpeg_S=3,tt11951276,tt11951276.jpg,comedy,comedy
imdb,all_I=jpeg_S=3,tt4593060,tt4593060.jpg,comedy,comedy
imdb,all_I=jpeg_S=3,tt28073548,tt28073548.jpg,romance,romance
imdb,all_I=jpeg_S=3,tt15684426,tt15684426.jpg,horror,horror
imdb,all_I=jpeg_S=3,tt8246646,tt8246646.jpg,action,action
imdb,all_I=jpeg_S=3,tt16527824,tt16527824.jpg,action,action
imdb,all_I=jpeg_S=3,tt3554046,tt3554046.jpg,comedy,comedy
imdb,all_I=jpeg_S=3,tt3480822,tt3480822.jpg,action,action
imdb,all_I=jpeg_S=3,tt8041270,tt8041270.jpg,action,action
imdb,all_I=jpeg_S=3,tt5761544,tt5761544.jpg,action,action
imdb,all_I=jpeg_S=3,tt4998632,tt4998632.jpg,action,action
imdb,all_I=jpeg_S=3,tt4028464,tt4028464.jpg,horror,horror
imdb,all_I=jpeg_S=3,tt9691136,tt9691136.jpg,horror,action
imdb,all_I=jpeg_S=3,tt2948372,tt2948372.jpg,Animation,comedy
imdb,all_I=jpeg_S=3,tt14502344,tt14502344.jpg,horror,horror
imdb,all_I=jpeg_S=3,tt12873562,tt12873562.jpg,horror,horror
imdb,all_I=jpeg_S=3,tt11138512,tt11138512.jpg,action,action
imdb,all_I=jpeg_S=3,tt2943178,tt2943178.jpg,action,action
imdb,all_I=jpeg_S=3,tt5884796,tt5884796.jpg,action,action
imdb,all_I=jpeg_S=3,tt8080204,tt8080204.jpg,action,action
imdb,all_I=jpeg_S=3,tt22023218,tt22023218.jpg,horror,horror
imdb,all_I=jpeg_S=3,tt8201852,tt8201852.jpg,horror,horror
imdb,all_I=jpeg_S=3,tt20853816,tt20853816.jpg,horror,horror
imdb,all_I=jpeg_S=3,tt3917710,tt3917710.jpg,horror,action
imdb,all_I=jpeg_S=3,tt12283036,tt12283036.jpg,horror,horror
imdb,all_I=jpeg_S=3,tt16431882,tt16431882.jpg,horror,horror
imdb,all_I=jpeg_S=3,tt20672534,tt20672534.jpg,comedy,comedy
imdb,all_I=jpeg_S=3,tt11080108,tt11080108.jpg,romance,romance
imdb,all_I=jpeg_S=3,tt14438348,tt14438348.jpg,horror,horror
imdb,all_I=jpeg_S=3,tt7991608,tt7991608.jpg,action,action
imdb,all_I=jpeg_S=3,tt13055982,tt13055982.jpg,action,action
imdb,all_I=jpeg_S=3,tt13327038,tt13327038.jpg,horror,comedy
imdb,all_I=jpeg_S=3,tt18073328,tt18073328.jpg,action,action
imdb,all_I=jpeg_S=3,tt26675777,tt26675777.jpg,action,horror
imdb,all_I=jpeg_S=3,tt14109724,tt14109724.jpg,comedy,romance
imdb,all_I=jpeg_S=3,tt16278434,tt16278434.jpg,action,action
imdb,all_I=jpeg_S=3,tt6791350,tt6791350.jpg,action,comedy
imdb,all_I=jpeg_S=3,tt21628198,tt21628198.jpg,action,action
imdb,all_I=jpeg_S=3,tt8005118,tt8005118.jpg,comedy,comedy
imdb,all_I=jpeg_S=3,tt6443346,tt6443346.jpg,action,action
imdb,all_I=jpeg_S=3,tt7026488,tt7026488.jpg,horror,horror
imdb,all_I=jpeg_S=3,tt12861508,tt12861508.jpg,action,action
imdb,all_I=jpeg_S=3,tt3781118,tt3781118.jpg,action,action
imdb,all_I=jpeg_S=3,tt21651560,tt21651560.jpg,horror,horror
imdb,all_I=jpeg_S=3,tt4257940,tt4257940.jpg,comedy,romance
imdb,all_I=jpeg_S=3,tt10223460,tt10223460.jpg,comedy,romance
imdb,all_I=jpeg_S=3,tt19713090,tt19713090.jpg,action,action
imdb,all_I=jpeg_S=3,tt12712604,tt12712604.jpg,comedy,comedy
imdb,all_I=jpeg_S=3,tt11400902,tt11400902.jpg,horror,horror
imdb,all_I=jpeg_S=3,tt1160419,tt1160419.jpg,action,action
imdb,all_I=jpeg_S=3,tt12749596,tt12749596.jpg,horror,horror
imdb,all_I=jpeg_S=3,tt6217926,tt6217926.jpg,horror,romance
imdb,all_I=jpeg_S=3,tt13057276,tt13057276.jpg,horror,horror
imdb,all_I=jpeg_S=3,tt8593904,tt8593904.jpg,comedy,romance
imdb,all_I=jpeg_S=3,tt8936646,tt8936646.jpg,action,action
imdb,all_I=jpeg_S=3,tt18376308,tt18376308.jpg,horror,horror
imdb,all_I=jpeg_S=3,tt14867006,tt14867006.jpg,horror,horror
imdb,all_I=jpeg_S=3,tt9183978,tt9183978.jpg,horror,horror
imdb,all_I=jpeg_S=3,tt8367084,tt8367084.jpg,romance,comedy
imdb,all_I=jpeg_S=3,tt13430858,tt13430858.jpg,comedy,romance
imdb,all_I=jpeg_S=3,tt9777666,tt9777666.jpg,action,action
imdb,all_I=jpeg_S=3,tt21087084,tt21087084.jpg,romance,romance
imdb,all_I=jpeg_S=3,tt19267924,tt19267924.jpg,romance,romance
imdb,all_I=jpeg_S=3,tt11905536,tt11905536.jpg,horror,action
imdb,all_I=jpeg_S=3,tt3811906,tt3811906.jpg,horror,horror
imdb,all_I=jpeg_S=3,tt4244994,tt4244994.jpg,action,action
imdb,all_I=jpeg_S=3,tt24546804,tt24546804.jpg,romance,romance
imdb,all_I=jpeg_S=3,tt10886166,tt10886166.jpg,romance,romance
imdb,all_I=jpeg_S=3,tt9271672,tt9271672.jpg,horror,horror
imdb,all_I=jpeg_S=3,tt9204328,tt9204328.jpg,horror,horror
imdb,all_I=jpeg_S=3,tt9602472,tt9602472.jpg,comedy,horror
imdb,all_I=jpeg_S=3,tt8560172,tt8560172.jpg,comedy,comedy
imdb,all_I=jpeg_S=3,tt6372694,tt6372694.jpg,action,horror
imdb,all_I=jpeg_S=3,tt12844910,tt12844910.jpg,action,action
imdb,all_I=jpeg_S=3,tt8302918,tt8302918.jpg,romance,romance
imdb,all_I=jpeg_S=3,tt12801262,tt12801262.jpg,comedy,comedy
imdb,all_I=jpeg_S=3,tt12444934,tt12444934.jpg,horror,horror
imdb,all_I=jpeg_S=3,tt7069210,tt7069210.jpg,horror,horror
imdb,all_I=jpeg_S=3,tt15509244,tt15509244.jpg,romance,romance
imdb,all_I=jpeg_S=3,tt15481952,tt15481952.jpg,horror,comedy
imdb,all_I=jpeg_S=3,tt10403420,tt10403420.jpg,horror,horror
imdb,all_I=jpeg_S=3,tt20198774,tt20198774.jpg,horror,horror
imdb,all_I=jpeg_S=3,tt6718170,tt6718170.jpg,action,comedy
imdb,all_I=jpeg_S=3,tt13964404,tt13964404.jpg,horror,horror
imdb,all_I=jpeg_S=3,tt6802400,tt6802400.jpg,comedy,comedy
imdb,all_I=jpeg_S=3,tt10676048,tt10676048.jpg,action,action
imdb,all_I=jpeg_S=3,tt17220704,tt17220704.jpg,comedy,comedy
imdb,all_I=jpeg_S=3,tt16077702,tt16077702.jpg,comedy,comedy
imdb,all_I=jpeg_S=3,tt10406596,tt10406596.jpg,horror,horror
imdb,all_I=jpeg_S=3,tt2906216,tt2906216.jpg,action,action
imdb,all_I=jpeg_S=3,tt4624366,tt4624366.jpg,horror,horror
imdb,all_I=jpeg_S=3,tt18346624,tt18346624.jpg,horror,horror
imdb,all_I=jpeg_S=3,tt14537248,tt14537248.jpg,horror,horror
imdb,all_I=jpeg_S=3,tt9224104,tt9224104.jpg,action,action
imdb,all_I=jpeg_S=3,tt11188624,tt11188624.jpg,horror,horror
imdb,all_I=jpeg_S=3,tt1649418,tt1649418.jpg,action,action
imdb,all_I=jpeg_S=3,tt5420210,tt5420210.jpg,comedy,comedy
imdb,all_I=jpeg_S=3,tt2315938,tt2315938.jpg,horror,horror
imdb,all_I=jpeg_S=3,tt28199975,tt28199975.jpg,action,action
imdb,all_I=jpeg_S=3,tt3427252,tt3427252.jpg,horror,horror
imdb,all_I=jpeg_S=3,tt14874302,tt14874302.jpg,romance,romance
imdb,all_I=jpeg_S=3,tt13821562,tt13821562.jpg,comedy,comedy
imdb,all_I=jpeg_S=3,tt14499608,tt14499608.jpg,comedy,comedy
imdb,all_I=jpeg_S=3,tt26941512,tt26941512.jpg,horror,horror
imdb,all_I=jpeg_S=3,tt9820352,tt9820352.jpg,action,action
imdb,all_I=jpeg_S=3,tt14617254,tt14617254.jpg,horror,horror
imdb,all_I=jpeg_S=3,tt6654210,tt6654210.jpg,action,action
imdb,all_I=jpeg_S=3,tt13143964,tt13143964.jpg,comedy,comedy
imdb,all_I=jpeg_S=3,tt10665338,tt10665338.jpg,horror,horror
imdb,all_I=jpeg_S=3,tt0887261,tt0887261.jpg,horror,horror
imdb,all_I=jpeg_S=3,tt12530246,tt12530246.jpg,horror,action
imdb,all_I=jpeg_S=3,tt16127696,tt16127696.jpg,horror,horror
imdb,all_I=jpeg_S=3,tt1051906,tt1051906.jpg,horror,horror
imdb,all_I=jpeg_S=3,tt16916320,tt16916320.jpg,action,action
imdb,all_I=jpeg_S=3,tt13174108,tt13174108.jpg,horror,horror
imdb,all_I=jpeg_S=3,tt3977848,tt3977848.jpg,action,horror
imdb,all_I=jpeg_S=3,tt11112808,tt11112808.jpg,comedy,comedy
imdb,all_I=jpeg_S=3,tt13406136,tt13406136.jpg,action,action
imdb,all_I=jpeg_S=3,tt5034838,tt5034838.jpg,action,action
imdb,all_I=jpeg_S=3,tt10121392,tt10121392.jpg,action,action
imdb,all_I=jpeg_S=3,tt4566758,tt4566758.jpg,action,action
imdb,all_I=jpeg_S=3,tt1086064,tt1086064.jpg,comedy,comedy
imdb,all_I=jpeg_S=3,tt19623240,tt19623240.jpg,horror,horror
imdb,all_I=jpeg_S=3,tt11663228,tt11663228.jpg,action,action
imdb,all_I=jpeg_S=3,tt10315050,tt10315050.jpg,horror,horror
imdb,all_I=jpeg_S=3,tt8461224,tt8461224.jpg,action,action
imdb,all_I=jpeg_S=3,tt9000184,tt9000184.jpg,horror,horror
imdb,all_I=jpeg_S=3,tt15520136,tt15520136.jpg,horror,horror
imdb,all_I=jpeg_S=3,tt14399128,tt14399128.jpg,horror,comedy
imdb,all_I=jpeg_S=3,tt27411059,tt27411059.jpg,horror,horror
imdb,all_I=jpeg_S=3,tt13238346,tt13238346.jpg,romance,romance
imdb,all_I=jpeg_S=3,tt4685762,tt4685762.jpg,horror,horror
imdb,all_I=jpeg_S=3,tt5918982,tt5918982.jpg,horror,horror
imdb,all_I=jpeg_S=3,tt10151854,tt10151854.jpg,action,action
imdb,all_I=jpeg_S=3,tt15502356,tt15502356.jpg,horror,horror
imdb,all_I=jpeg_S=3,tt7375466,tt7375466.jpg,action,action
imdb,all_I=jpeg_S=3,tt14230388,tt14230388.jpg,comedy,comedy
imdb,all_I=jpeg_S=3,tt14121726,tt14121726.jpg,horror,horror
imdb,all_I=jpeg_S=3,tt12550376,tt12550376.jpg,horror,horror
imdb,all_I=jpeg_S=3,tt10803634,tt10803634.jpg,horror,horror
imdb,all_I=jpeg_S=3,tt11024272,tt11024272.jpg,horror,comedy
imdb,all_I=jpeg_S=3,tt13070038,tt13070038.jpg,romance,romance
imdb,all_I=jpeg_S=3,tt2222042,tt2222042.jpg,action,action
imdb,all_I=jpeg_S=3,tt14807000,tt14807000.jpg,horror,horror
imdb,all_I=jpeg_S=3,tt17081088,tt17081088.jpg,horror,horror
imdb,all_I=jpeg_S=3,tt15206378,tt15206378.jpg,comedy,comedy
imdb,all_I=jpeg_S=3,tt9118804,tt9118804.jpg,horror,horror
imdb,all_I=jpeg_S=3,tt17321230,tt17321230.jpg,comedy,romance
imdb,all_I=jpeg_S=3,tt26594993,tt26594993.jpg,horror,horror
imdb,all_I=jpeg_S=3,tt10362466,tt10362466.jpg,romance,romance
imdb,all_I=jpeg_S=3,tt26491631,tt26491631.jpg,horror,horror
imdb,all_I=jpeg_S=3,tt11314148,tt11314148.jpg,romance,romance
imdb,all_I=jpeg_S=3,tt20834182,tt20834182.jpg,horror,horror
imdb,all_I=jpeg_S=3,tt10062338,tt10062338.jpg,horror,horror
imdb,all_I=jpeg_S=3,tt22410094,tt22410094.jpg,horror,horror
imdb,all_I=jpeg_S=3,tt15744298,tt15744298.jpg,action,action
imdb,all_I=jpeg_S=3,tt12982370,tt12982370.jpg,horror,action
imdb,all_I=jpeg_S=3,tt15131266,tt15131266.jpg,action,action
imdb,all_I=jpeg_S=3,tt18925334,tt18925334.jpg,horror,horror
imdb,all_I=jpeg_S=3,tt10515988,tt10515988.jpg,horror,horror
imdb,all_I=jpeg_S=3,tt6442686,tt6442686.jpg,horror,action
imdb,all_I=jpeg_S=3,tt4532038,tt4532038.jpg,comedy,comedy
imdb,all_I=jpeg_S=3,tt21807222,tt21807222.jpg,horror,horror
imdb,all_I=jpeg_S=3,tt7737786,tt7737786.jpg,action,action
imdb,all_I=jpeg_S=3,tt13061914,tt13061914.jpg,comedy,comedy
imdb,all_I=jpeg_S=3,tt10229982,tt10229982.jpg,romance,romance
imdb,all_I=jpeg_S=3,tt15339570,tt15339570.jpg,comedy,comedy
imdb,all_I=jpeg_S=3,tt9663764,tt9663764.jpg,action,action
imdb,all_I=jpeg_S=3,tt10508838,tt10508838.jpg,action,action
imdb,all_I=jpeg_S=3,tt9050310,tt9050310.jpg,horror,horror
imdb,all_I=jpeg_S=3,tt10944486,tt10944486.jpg,action,comedy
imdb,all_I=jpeg_S=3,tt9286908,tt9286908.jpg,action,action
imdb,all_I=jpeg_S=3,tt10584340,tt10584340.jpg,comedy,comedy
imdb,all_I=jpeg_S=3,tt2235695,tt2235695.jpg,horror,romance
imdb,all_I=jpeg_S=3,tt15090124,tt15090124.jpg,horror,horror
imdb,all_I=jpeg_S=3,tt11245972,tt11245972.jpg,horror,horror
imdb,all_I=jpeg_S=3,tt4139928,tt4139928.jpg,action,action
imdb,all_I=jpeg_S=3,tt8045906,tt8045906.jpg,horror,romance
imdb,all_I=jpeg_S=3,tt5635026,tt5635026.jpg,fantasy,action
imdb,all_I=jpeg_S=3,tt15713012,tt15713012.jpg,action,action
imdb,all_I=jpeg_S=3,tt14799960,tt14799960.jpg,romance,romance
imdb,all_I=jpeg_S=3,tt28690326,tt28690326.jpg,romance,romance
imdb,all_I=jpeg_S=3,tt4614584,tt4614584.jpg,romance,romance
imdb,all_I=jpeg_S=3,tt14014068,tt14014068.jpg,comedy,romance
imdb,all_I=jpeg_S=3,tt9077876,tt9077876.jpg,horror,horror
imdb,all_I=jpeg_S=3,tt6539992,tt6539992.jpg,action,action
imdb,all_I=jpeg_S=3,tt10003008,tt10003008.jpg,horror,horror
imdb,all_I=jpeg_S=3,tt3626476,tt3626476.jpg,comedy,comedy
imdb,all_I=jpeg_S=3,tt20782072,tt20782072.jpg,horror,horror
imdb,all_I=jpeg_S=3,tt14993352,tt14993352.jpg,horror,horror
imdb,all_I=jpeg_S=3,tt8110330,tt8110330.jpg,romance,romance
imdb,all_I=jpeg_S=3,tt6528290,tt6528290.jpg,action,action
imdb,all_I=jpeg_S=3,tt14550642,tt14550642.jpg,horror,horror
imdb,all_I=jpeg_S=3,tt19755170,tt19755170.jpg,romance,romance
imdb,all_I=jpeg_S=3,tt10090058,tt10090058.jpg,action,action
imdb,all_I=jpeg_S=3,tt6879446,tt6879446.jpg,action,action
imdb,all_I=jpeg_S=3,tt12547822,tt12547822.jpg,horror,horror
imdb,all_I=jpeg_S=3,tt13757762,tt13757762.jpg,horror,horror
imdb,all_I=jpeg_S=3,tt16900880,tt16900880.jpg,action,action
imdb,all_I=jpeg_S=3,tt13445076,tt13445076.jpg,action,action
imdb,all_I=jpeg_S=3,tt7846844,tt7846844.jpg,comedy,action
imdb,all_I=jpeg_S=3,tt8629748,tt8629748.jpg,action,action
imdb,all_I=jpeg_S=3,tt10127708,tt10127708.jpg,horror,action
imdb,all_I=jpeg_S=3,tt11210390,tt11210390.jpg,comedy,comedy
imdb,all_I=jpeg_S=3,tt3291150,tt3291150.jpg,action,action
imdb,all_I=jpeg_S=3,tt9038678,tt9038678.jpg,horror,action
imdb,all_I=jpeg_S=3,tt14230458,tt14230458.jpg,comedy,romance
imdb,all_I=jpeg_S=3,tt22352848,tt22352848.jpg,action,action
imdb,all_I=jpeg_S=3,tt4439620,tt4439620.jpg,action,action
imdb,all_I=jpeg_S=3,tt8368408,tt8368408.jpg,action,action
imdb,all_I=jpeg_S=3,tt12889404,tt12889404.jpg,romance,romance
imdb,all_I=jpeg_S=3,tt14642626,tt14642626.jpg,horror,horror
imdb,all_I=jpeg_S=3,tt14412446,tt14412446.jpg,horror,horror
imdb,all_I=jpeg_S=3,tt8270664,tt8270664.jpg,action,action
imdb,all_I=jpeg_S=3,tt11614912,tt11614912.jpg,horror,horror
imdb,all_I=jpeg_S=3,tt5151570,tt5151570.jpg,comedy,comedy
imdb,all_I=jpeg_S=3,tt19363554,tt19363554.jpg,horror,horror
imdb,all_I=jpeg_S=3,tt8385148,tt8385148.jpg,action,action
imdb,all_I=jpeg_S=3,tt24822574,tt24822574.jpg,romance,romance
imdb,all_I=jpeg_S=3,tt14672882,tt14672882.jpg,action,action
imdb,all_I=jpeg_S=3,tt10895576,tt10895576.jpg,comedy,comedy
imdb,all_I=jpeg_S=3,tt12921446,tt12921446.jpg,horror,horror
imdb,all_I=jpeg_S=3,tt9848626,tt9848626.jpg,comedy,comedy
imdb,all_I=jpeg_S=3,tt6920084,tt6920084.jpg,horror,action
imdb,all_I=jpeg_S=3,tt6048922,tt6048922.jpg,action,action
imdb,all_I=jpeg_S=3,tt10329134,tt10329134.jpg,romance,romance
imdb,all_I=jpeg_S=3,tt8847712,tt8847712.jpg,comedy,comedy
imdb,all_I=jpeg_S=3,tt10579952,tt10579952.jpg,action,action
imdb,all_I=jpeg_S=3,tt13462900,tt13462900.jpg,action,action
imdb,all_I=jpeg_S=3,tt13388176,tt13388176.jpg,horror,horror
imdb,all_I=jpeg_S=3,tt6475714,tt6475714.jpg,action,action
imdb,all_I=jpeg_S=3,tt4427800,tt4427800.jpg,comedy,action
imdb,all_I=jpeg_S=3,tt8851668,tt8851668.jpg,comedy,action
imdb,all_I=jpeg_S=3,tt10370710,tt10370710.jpg,comedy,comedy
imdb,all_I=jpeg_S=3,tt10168670,tt10168670.jpg,horror,romance
imdb,all_I=jpeg_S=3,tt27881314,tt27881314.jpg,romance,romance
imdb,all_I=jpeg_S=3,tt7985704,tt7985704.jpg,action,action
imdb,all_I=jpeg_S=3,tt10763820,tt10763820.jpg,horror,action
imdb,all_I=jpeg_S=3,tt7693316,tt7693316.jpg,action,action
imdb,all_I=jpeg_S=3,tt9179430,tt9179430.jpg,action,action
imdb,all_I=jpeg_S=3,tt11686490,tt11686490.jpg,horror,horror
imdb,all_I=jpeg_S=3,tt10365998,tt10365998.jpg,horror,horror
imdb,all_I=jpeg_S=3,tt15262370,tt15262370.jpg,horror,horror
imdb,all_I=jpeg_S=3,tt2488666,tt2488666.jpg,horror,horror
imdb,all_I=jpeg_S=3,tt18816518,tt18816518.jpg,comedy,horror
imdb,all_I=jpeg_S=3,tt10872600,tt10872600.jpg,action,action
imdb,all_I=jpeg_S=3,tt9580138,tt9580138.jpg,action,action
imdb,all_I=jpeg_S=3,tt3152592,tt3152592.jpg,comedy,comedy
imdb,all_I=jpeg_S=3,tt9685342,tt9685342.jpg,action,action
imdb,all_I=jpeg_S=3,tt8640928,tt8640928.jpg,horror,horror
imdb,all_I=jpeg_S=3,tt15486810,tt15486810.jpg,horror,action
imdb,all_I=jpeg_S=3,tt8851148,tt8851148.jpg,romance,romance
imdb,all_I=jpeg_S=3,tt4472508,tt4472508.jpg,action,action
imdb,all_I=jpeg_S=3,tt10362566,tt10362566.jpg,horror,horror
imdb,all_I=jpeg_S=3,tt4411584,tt4411584.jpg,romance,romance
imdb,all_I=jpeg_S=3,tt10999120,tt10999120.jpg,comedy,comedy
imdb,all_I=jpeg_S=3,tt7713068,tt7713068.jpg,action,action
imdb,all_I=jpeg_S=3,tt21913634,tt21913634.jpg,horror,horror
imdb,all_I=jpeg_S=3,tt12593682,tt12593682.jpg,action,comedy
imdb,all_I=jpeg_S=3,tt9314984,tt9314984.jpg,horror,horror
imdb,all_I=jpeg_S=3,tt10935956,tt10935956.jpg,action,action
imdb,all_I=jpeg_S=3,tt6902332,tt6902332.jpg,action,action
imdb,all_I=jpeg_S=3,tt13444014,tt13444014.jpg,romance,romance
imdb,all_I=jpeg_S=3,tt11394332,tt11394332.jpg,horror,comedy
imdb,all_I=jpeg_S=3,tt6506264,tt6506264.jpg,horror,action
imdb,all_I=jpeg_S=3,tt14905650,tt14905650.jpg,horror,horror
imdb,all_I=jpeg_S=3,tt9701942,tt9701942.jpg,horror,horror
imdb,all_I=jpeg_S=3,tt7510346,tt7510346.jpg,horror,horror
imdb,all_I=jpeg_S=3,tt10399608,tt10399608.jpg,horror,horror
imdb,all_I=jpeg_S=3,tt14462452,tt14462452.jpg,horror,horror
imdb,all_I=jpeg_S=3,tt13345606,tt13345606.jpg,horror,horror
imdb,all_I=jpeg_S=3,tt3463938,tt3463938.jpg,horror,horror
imdb,all_I=jpeg_S=3,tt15268244,tt15268244.jpg,comedy,comedy
imdb,all_I=jpeg_S=3,tt3986420,tt3986420.jpg,romance,romance
imdb,all_I=jpeg_S=3,tt7097896,tt7097896.jpg,action,action
imdb,all_I=jpeg_S=3,tt10665342,tt10665342.jpg,horror,horror
imdb,all_I=jpeg_S=3,tt1464335,tt1464335.jpg,action,action
imdb,all_I=jpeg_S=3,tt12965390,tt12965390.jpg,action,action
imdb,all_I=jpeg_S=3,tt3885422,tt3885422.jpg,action,horror
imdb,all_I=jpeg_S=3,tt5867314,tt5867314.jpg,horror,horror
imdb,all_I=jpeg_S=3,tt10957044,tt10957044.jpg,action,action
imdb,all_I=jpeg_S=3,tt10530176,tt10530176.jpg,horror,horror
imdb,all_I=jpeg_S=3,tt22394702,tt22394702.jpg,action,action
imdb,all_I=jpeg_S=3,tt7178640,tt7178640.jpg,comedy,romance
imdb,all_I=jpeg_S=3,tt8004664,tt8004664.jpg,horror,horror
imdb,all_I=jpeg_S=3,tt13453006,tt13453006.jpg,comedy,comedy
imdb,all_I=jpeg_S=3,tt7146812,tt7146812.jpg,comedy,action
imdb,all_I=jpeg_S=3,tt11540726,tt11540726.jpg,horror,horror
imdb,all_I=jpeg_S=3,tt14428606,tt14428606.jpg,romance,romance
imdb,all_I=jpeg_S=3,tt15791034,tt15791034.jpg,horror,horror
imdb,all_I=jpeg_S=3,tt1634106,tt1634106.jpg,action,action
imdb,all_I=jpeg_S=3,tt10275534,tt10275534.jpg,action,action
imdb,all_I=jpeg_S=3,tt17196124,tt17196124.jpg,horror,horror
imdb,all_I=jpeg_S=3,tt10648342,tt10648342.jpg,action,action
imdb,all_I=jpeg_S=3,tt10327252,tt10327252.jpg,horror,horror
imdb,all_I=jpeg_S=3,tt10107222,tt10107222.jpg,comedy,romance
imdb,all_I=jpeg_S=3,tt10242388,tt10242388.jpg,horror,action
imdb,all_I=jpeg_S=3,tt11998558,tt11998558.jpg,comedy,action
imdb,all_I=jpeg_S=3,tt11291274,tt11291274.jpg,action,action
imdb,all_I=jpeg_S=3,tt23806182,tt23806182.jpg,romance,romance
imdb,all_I=jpeg_S=3,tt3797512,tt3797512.jpg,comedy,comedy
imdb,all_I=jpeg_S=3,tt11947100,tt11947100.jpg,romance,romance
imdb,all_I=jpeg_S=3,tt26453759,tt26453759.jpg,horror,horror
imdb,all_I=jpeg_S=3,tt15944018,tt15944018.jpg,comedy,comedy
imdb,all_I=jpeg_S=3,tt21276878,tt21276878.jpg,comedy,comedy
imdb,all_I=jpeg_S=3,tt9100018,tt9100018.jpg,horror,horror
imdb,all_I=jpeg_S=3,tt13270838,tt13270838.jpg,action,action
imdb,all_I=jpeg_S=3,tt12676326,tt12676326.jpg,romance,romance
imdb,all_I=jpeg_S=3,tt10101702,tt10101702.jpg,comedy,comedy
imdb,all_I=jpeg_S=3,tt3963226,tt3963226.jpg,horror,horror
imdb,all_I=jpeg_S=3,tt13392012,tt13392012.jpg,horror,horror
imdb,all_I=jpeg_S=3,tt5500218,tt5500218.jpg,action,action
imdb,all_I=jpeg_S=3,tt0805647,tt0805647.jpg,horror,comedy
imdb,all_I=jpeg_S=3,tt28568397,tt28568397.jpg,comedy,comedy
imdb,all_I=jpeg_S=3,tt7545266,tt7545266.jpg,comedy,comedy
imdb,all_I=jpeg_S=3,tt6222118,tt6222118.jpg,action,action
imdb,all_I=jpeg_S=3,tt19896150,tt19896150.jpg,horror,horror
imdb,all_I=jpeg_S=3,tt15334488,tt15334488.jpg,romance,romance
imdb,all_I=jpeg_S=3,tt0993840,tt0993840.jpg,horror,action
imdb,all_I=jpeg_S=3,tt2953050,tt2953050.jpg,comedy,comedy
imdb,all_I=jpeg_S=3,tt6703486,tt6703486.jpg,romance,action
imdb,all_I=jpeg_S=3,tt5315210,tt5315210.jpg,horror,action
imdb,all_I=jpeg_S=3,tt3447590,tt3447590.jpg,comedy,comedy
imdb,all_I=jpeg_S=3,tt3679040,tt3679040.jpg,comedy,romance
imdb,all_I=jpeg_S=3,tt24655170,tt24655170.jpg,horror,horror
imdb,all_I=jpeg_S=3,tt12361974,tt12361974.jpg,action,action
imdb,all_I=jpeg_S=3,tt12672536,tt12672536.jpg,action,action
imdb,all_I=jpeg_S=3,tt4136456,tt4136456.jpg,action,action
imdb,all_I=jpeg_S=3,tt10329614,tt10329614.jpg,horror,horror
imdb,all_I=jpeg_S=3,tt6246322,tt6246322.jpg,horror,horror
imdb,all_I=jpeg_S=3,tt13405778,tt13405778.jpg,horror,horror
imdb,all_I=jpeg_S=3,tt9731534,tt9731534.jpg,horror,horror
imdb,all_I=jpeg_S=3,tt9362930,tt9362930.jpg,action,action
imdb,all_I=jpeg_S=3,tt1361336,tt1361336.jpg,comedy,comedy
imdb,all_I=jpeg_S=3,tt15553956,tt15553956.jpg,romance,comedy
imdb,all_I=jpeg_S=3,tt21307994,tt21307994.jpg,horror,horror
imdb,all_I=jpeg_S=3,tt10954652,tt10954652.jpg,horror,horror
imdb,all_I=jpeg_S=3,tt23050520,tt23050520.jpg,horror,horror
imdb,all_I=jpeg_S=3,tt5090568,tt5090568.jpg,action,action
imdb,all_I=jpeg_S=3,tt12440964,tt12440964.jpg,romance,romance
imdb,all_I=jpeg_S=3,tt6668220,tt6668220.jpg,horror,horror
imdb,all_I=jpeg_S=3,tt11274492,tt11274492.jpg,comedy,action
imdb,all_I=jpeg_S=3,tt10023022,tt10023022.jpg,action,action
imdb,all_I=jpeg_S=3,tt10160976,tt10160976.jpg,horror,horror
imdb,all_I=jpeg_S=3,tt13318942,tt13318942.jpg,horror,horror
imdb,all_I=jpeg_S=3,tt4479380,tt4479380.jpg,action,action
imdb,all_I=jpeg_S=3,tt13872248,tt13872248.jpg,horror,horror
imdb,all_I=jpeg_S=3,tt12944128,tt12944128.jpg,horror,romance
imdb,all_I=jpeg_S=3,tt24786154,tt24786154.jpg,romance,romance
imdb,all_I=jpeg_S=3,tt7126948,tt7126948.jpg,action,action
imdb,all_I=jpeg_S=3,tt6587640,tt6587640.jpg,comedy,comedy
imdb,all_I=jpeg_S=3,tt12298140,tt12298140.jpg,horror,horror
imdb,all_I=jpeg_S=3,tt4589218,tt4589218.jpg,horror,horror
imdb,all_I=jpeg_S=3,tt14158554,tt14158554.jpg,action,action
imdb,all_I=jpeg_S=3,tt9205538,tt9205538.jpg,horror,romance
imdb,all_I=jpeg_S=3,tt11365186,tt11365186.jpg,romance,romance
imdb,all_I=jpeg_S=3,tt14438964,tt14438964.jpg,comedy,comedy
imdb,all_I=jpeg_S=3,tt12261776,tt12261776.jpg,action,action
imdb,all_I=jpeg_S=3,tt9894660,tt9894660.jpg,comedy,comedy
imdb,all_I=jpeg_S=3,tt7212754,tt7212754.jpg,comedy,action
imdb,all_I=jpeg_S=3,tt15327088,tt15327088.jpg,action,action
imdb,all_I=jpeg_S=3,tt7099280,tt7099280.jpg,romance,romance
imdb,all_I=jpeg_S=3,tt27564994,tt27564994.jpg,horror,horror
imdb,all_I=jpeg_S=3,tt14857730,tt14857730.jpg,action,action
imdb,all_I=jpeg_S=3,tt1517268,tt1517268.jpg,comedy,comedy
imdb,all_I=jpeg_S=3,tt10978398,tt10978398.jpg,action,action
imdb,all_I=jpeg_S=3,tt4081630,tt4081630.jpg,comedy,romance
imdb,all_I=jpeg_S=3,tt10323676,tt10323676.jpg,action,action
imdb,all_I=jpeg_S=3,tt5108870,tt5108870.jpg,horror,horror
imdb,all_I=jpeg_S=3,tt6673612,tt6673612.jpg,comedy,comedy
imdb,all_I=jpeg_S=3,tt6020800,tt6020800.jpg,action,action
imdb,all_I=jpeg_S=3,tt9340916,tt9340916.jpg,horror,horror
imdb,all_I=jpeg_S=3,tt15552494,tt15552494.jpg,horror,horror
imdb,all_I=jpeg_S=3,tt11012066,tt11012066.jpg,comedy,comedy
imdb,all_I=jpeg_S=3,tt14309446,tt14309446.jpg,comedy,comedy
imdb,all_I=jpeg_S=3,tt11310608,tt11310608.jpg,comedy,romance
imdb,all_I=jpeg_S=3,tt12298506,tt12298506.jpg,horror,horror
imdb,all_I=jpeg_S=3,tt14308636,tt14308636.jpg,comedy,comedy
imdb,all_I=jpeg_S=3,tt10161886,tt10161886.jpg,comedy,comedy
imdb,all_I=motion_blur_S=3,tt1798632,tt1798632.jpg,horror,horror
imdb,all_I=motion_blur_S=3,tt9214832,tt9214832.jpg,comedy,comedy
imdb,all_I=motion_blur_S=3,tt21249656,tt21249656.jpg,romance,romance
imdb,all_I=motion_blur_S=3,tt7149730,tt7149730.jpg,horror,action
imdb,all_I=motion_blur_S=3,tt3876910,tt3876910.jpg,action,action
imdb,all_I=motion_blur_S=3,tt12064810,tt12064810.jpg,action,action
imdb,all_I=motion_blur_S=3,tt8593824,tt8593824.jpg,action,action
imdb,all_I=motion_blur_S=3,tt21146854,tt21146854.jpg,romance,romance
imdb,all_I=motion_blur_S=3,tt9624766,tt9624766.jpg,action,action
imdb,all_I=motion_blur_S=3,tt12447796,tt12447796.jpg,horror,horror
imdb,all_I=motion_blur_S=3,tt20199226,tt20199226.jpg,comedy,comedy
imdb,all_I=motion_blur_S=3,tt3758814,tt3758814.jpg,action,action
imdb,all_I=motion_blur_S=3,tt14873054,tt14873054.jpg,action,action
imdb,all_I=motion_blur_S=3,tt21403538,tt21403538.jpg,comedy,romance
imdb,all_I=motion_blur_S=3,tt17202326,tt17202326.jpg,horror,horror
imdb,all_I=motion_blur_S=3,tt8672856,tt8672856.jpg,romance,romance
imdb,all_I=motion_blur_S=3,tt14265992,tt14265992.jpg,horror,horror
imdb,all_I=motion_blur_S=3,tt10307440,tt10307440.jpg,horror,action
imdb,all_I=motion_blur_S=3,tt14405338,tt14405338.jpg,horror,horror
imdb,all_I=motion_blur_S=3,tt13375076,tt13375076.jpg,horror,horror
imdb,all_I=motion_blur_S=3,tt11271038,tt11271038.jpg,comedy,comedy
imdb,all_I=motion_blur_S=3,tt10308928,tt10308928.jpg,action,action
imdb,all_I=motion_blur_S=3,tt7628504,tt7628504.jpg,horror,horror
imdb,all_I=motion_blur_S=3,tt15521050,tt15521050.jpg,romance,romance
imdb,all_I=motion_blur_S=3,tt12724306,tt12724306.jpg,horror,horror
imdb,all_I=motion_blur_S=3,tt7144666,tt7144666.jpg,horror,horror
imdb,all_I=motion_blur_S=3,tt12829958,tt12829958.jpg,horror,horror
imdb,all_I=motion_blur_S=3,tt15683734,tt15683734.jpg,horror,horror
imdb,all_I=motion_blur_S=3,tt4983780,tt4983780.jpg,action,action
imdb,all_I=motion_blur_S=3,tt8110652,tt8110652.jpg,horror,horror
imdb,all_I=motion_blur_S=3,tt9686790,tt9686790.jpg,comedy,romance
imdb,all_I=motion_blur_S=3,tt9054192,tt9054192.jpg,comedy,comedy
imdb,all_I=motion_blur_S=3,tt12263384,tt12263384.jpg,action,action
imdb,all_I=motion_blur_S=3,tt8521876,tt8521876.jpg,comedy,comedy
imdb,all_I=motion_blur_S=3,tt14138650,tt14138650.jpg,horror,horror
imdb,all_I=motion_blur_S=3,tt1655444,tt1655444.jpg,action,action
imdb,all_I=motion_blur_S=3,tt24082454,tt24082454.jpg,horror,horror
imdb,all_I=motion_blur_S=3,tt7737528,tt7737528.jpg,action,action
imdb,all_I=motion_blur_S=3,tt9362722,tt9362722.jpg,action,action
imdb,all_I=motion_blur_S=3,tt12735282,tt12735282.jpg,horror,horror
imdb,all_I=motion_blur_S=3,tt8150814,tt8150814.jpg,horror,horror
imdb,all_I=motion_blur_S=3,tt9603212,tt9603212.jpg,action,action
imdb,all_I=motion_blur_S=3,tt22487338,tt22487338.jpg,romance,romance
imdb,all_I=motion_blur_S=3,tt13304948,tt13304948.jpg,horror,horror
imdb,all_I=motion_blur_S=3,tt6079772,tt6079772.jpg,action,action
imdb,all_I=motion_blur_S=3,tt22640398,tt22640398.jpg,horror,horror
imdb,all_I=motion_blur_S=3,tt13400336,tt13400336.jpg,action,action
imdb,all_I=motion_blur_S=3,tt11851548,tt11851548.jpg,horror,horror
imdb,all_I=motion_blur_S=3,tt7440124,tt7440124.jpg,horror,horror
imdb,all_I=motion_blur_S=3,tt12574708,tt12574708.jpg,horror,horror
imdb,all_I=motion_blur_S=3,tt5433138,tt5433138.jpg,action,action
imdb,all_I=motion_blur_S=3,tt12335692,tt12335692.jpg,action,action
imdb,all_I=motion_blur_S=3,tt13822738,tt13822738.jpg,action,action
imdb,all_I=motion_blur_S=3,tt9669176,tt9669176.jpg,action,action
imdb,all_I=motion_blur_S=3,tt15441472,tt15441472.jpg,horror,action
imdb,all_I=motion_blur_S=3,tt18411490,tt18411490.jpg,action,action
imdb,all_I=motion_blur_S=3,tt10954600,tt10954600.jpg,action,action
imdb,all_I=motion_blur_S=3,tt19898888,tt19898888.jpg,horror,horror
imdb,all_I=motion_blur_S=3,tt9114286,tt9114286.jpg,action,action
imdb,all_I=motion_blur_S=3,tt22394694,tt22394694.jpg,action,action
imdb,all_I=motion_blur_S=3,tt3612126,tt3612126.jpg,horror,horror
imdb,all_I=motion_blur_S=3,tt3215824,tt3215824.jpg,action,action
imdb,all_I=motion_blur_S=3,tt15422240,tt15422240.jpg,action,action
imdb,all_I=motion_blur_S=3,tt26445483,tt26445483.jpg,comedy,comedy
imdb,all_I=motion_blur_S=3,tt2463208,tt2463208.jpg,action,action
imdb,all_I=motion_blur_S=3,tt9013340,tt9013340.jpg,comedy,comedy
imdb,all_I=motion_blur_S=3,tt9320140,tt9320140.jpg,comedy,romance
imdb,all_I=motion_blur_S=3,tt10916810,tt10916810.jpg,horror,horror
imdb,all_I=motion_blur_S=3,tt15474916,tt15474916.jpg,horror,horror
imdb,all_I=motion_blur_S=3,tt15824990,tt15824990.jpg,horror,horror
imdb,all_I=motion_blur_S=3,tt1697800,tt1697800.jpg,action,action
imdb,all_I=motion_blur_S=3,tt10404944,tt10404944.jpg,action,action
imdb,all_I=motion_blur_S=3,tt14687418,tt14687418.jpg,horror,horror
imdb,all_I=motion_blur_S=3,tt13302660,tt13302660.jpg,action,action
imdb,all_I=motion_blur_S=3,tt1502397,tt1502397.jpg,action,action
imdb,all_I=motion_blur_S=3,tt10618286,tt10618286.jpg,drama,comedy
imdb,all_I=motion_blur_S=3,tt6561576,tt6561576.jpg,horror,horror
imdb,all_I=motion_blur_S=3,tt15242330,tt15242330.jpg,action,comedy
imdb,all_I=motion_blur_S=3,tt22085392,tt22085392.jpg,horror,horror
imdb,all_I=motion_blur_S=3,tt15891388,tt15891388.jpg,comedy,romance
imdb,all_I=motion_blur_S=3,tt26439204,tt26439204.jpg,action,action
imdb,all_I=motion_blur_S=3,tt10600398,tt10600398.jpg,action,comedy
imdb,all_I=motion_blur_S=3,tt13634480,tt13634480.jpg,comedy,comedy
imdb,all_I=motion_blur_S=3,tt9207700,tt9207700.jpg,comedy,comedy
imdb,all_I=motion_blur_S=3,tt11057644,tt11057644.jpg,comedy,comedy
imdb,all_I=motion_blur_S=3,tt9288748,tt9288748.jpg,comedy,comedy
imdb,all_I=motion_blur_S=3,tt10737918,tt10737918.jpg,action,action
imdb,all_I=motion_blur_S=3,tt8332922,tt8332922.jpg,horror,horror
imdb,all_I=motion_blur_S=3,tt9173154,tt9173154.jpg,horror,horror
imdb,all_I=motion_blur_S=3,tt7768720,tt7768720.jpg,horror,romance
imdb,all_I=motion_blur_S=3,tt11809034,tt11809034.jpg,action,action
imdb,all_I=motion_blur_S=3,tt8760708,tt8760708.jpg,horror,horror
imdb,all_I=motion_blur_S=3,tt9086228,tt9086228.jpg,horror,horror
imdb,all_I=motion_blur_S=3,tt14013772,tt14013772.jpg,horror,horror
imdb,all_I=motion_blur_S=3,tt26470099,tt26470099.jpg,horror,horror
imdb,all_I=motion_blur_S=3,tt9784708,tt9784708.jpg,action,action
imdb,all_I=motion_blur_S=3,tt9376612,tt9376612.jpg,action,action
imdb,all_I=motion_blur_S=3,tt1136617,tt1136617.jpg,action,action
imdb,all_I=motion_blur_S=3,tt3915174,tt3915174.jpg,comedy,comedy
imdb,all_I=motion_blur_S=3,tt27572862,tt27572862.jpg,horror,horror
imdb,all_I=motion_blur_S=3,tt18072540,tt18072540.jpg,horror,horror
imdb,all_I=motion_blur_S=3,tt14152140,tt14152140.jpg,horror,comedy
imdb,all_I=motion_blur_S=3,tt13923456,tt13923456.jpg,comedy,action
imdb,all_I=motion_blur_S=3,tt11827628,tt11827628.jpg,action,action
imdb,all_I=motion_blur_S=3,tt18548186,tt18548186.jpg,horror,horror
imdb,all_I=motion_blur_S=3,tt8784956,tt8784956.jpg,action,action
imdb,all_I=motion_blur_S=3,tt0870154,tt0870154.jpg,action,action
imdb,all_I=motion_blur_S=3,tt10160974,tt10160974.jpg,horror,horror
imdb,all_I=motion_blur_S=3,tt20222202,tt20222202.jpg,horror,action
imdb,all_I=motion_blur_S=3,tt11075540,tt11075540.jpg,horror,horror
imdb,all_I=motion_blur_S=3,tt17042714,tt17042714.jpg,horror,horror
imdb,all_I=motion_blur_S=3,tt15048614,tt15048614.jpg,horror,horror
imdb,all_I=motion_blur_S=3,tt12801814,tt12801814.jpg,horror,horror
imdb,all_I=motion_blur_S=3,tt10734864,tt10734864.jpg,horror,horror
imdb,all_I=motion_blur_S=3,tt8637498,tt8637498.jpg,action,comedy
imdb,all_I=motion_blur_S=3,tt22505124,tt22505124.jpg,horror,horror
imdb,all_I=motion_blur_S=3,tt14557188,tt14557188.jpg,horror,horror
imdb,all_I=motion_blur_S=3,tt10952782,tt10952782.jpg,horror,horror
imdb,all_I=motion_blur_S=3,tt20854842,tt20854842.jpg,romance,romance
imdb,all_I=motion_blur_S=3,tt10028196,tt10028196.jpg,romance,romance
imdb,all_I=motion_blur_S=3,tt1745960,tt1745960.jpg,action,action
imdb,all_I=motion_blur_S=3,tt6566576,tt6566576.jpg,horror,horror
imdb,all_I=motion_blur_S=3,tt9619798,tt9619798.jpg,comedy,romance
imdb,all_I=motion_blur_S=3,tt5748448,tt5748448.jpg,action,action
imdb,all_I=motion_blur_S=3,tt12683756,tt12683756.jpg,horror,horror
imdb,all_I=motion_blur_S=3,tt12226872,tt12226872.jpg,horror,horror
imdb,all_I=motion_blur_S=3,tt10772662,tt10772662.jpg,horror,horror
imdb,all_I=motion_blur_S=3,tt14668630,tt14668630.jpg,comedy,comedy
imdb,all_I=motion_blur_S=3,tt10334222,tt10334222.jpg,horror,horror
imdb,all_I=motion_blur_S=3,tt13007592,tt13007592.jpg,comedy,romance
imdb,all_I=motion_blur_S=3,tt1777606,tt1777606.jpg,comedy,romance
imdb,all_I=motion_blur_S=3,tt13320662,tt13320662.jpg,comedy,comedy
imdb,all_I=motion_blur_S=3,tt6402468,tt6402468.jpg,horror,horror
imdb,all_I=motion_blur_S=3,tt11564570,tt11564570.jpg,comedy,comedy
imdb,all_I=motion_blur_S=3,tt6264654,tt6264654.jpg,comedy,action
imdb,all_I=motion_blur_S=3,tt9834506,tt9834506.jpg,horror,horror
imdb,all_I=motion_blur_S=3,tt10701458,tt10701458.jpg,horror,horror
imdb,all_I=motion_blur_S=3,tt18079362,tt18079362.jpg,comedy,comedy
imdb,all_I=motion_blur_S=3,tt10733228,tt10733228.jpg,romance,romance
imdb,all_I=motion_blur_S=3,tt10838180,tt10838180.jpg,action,action
imdb,all_I=motion_blur_S=3,tt18361658,tt18361658.jpg,romance,romance
imdb,all_I=motion_blur_S=3,tt13846414,tt13846414.jpg,horror,romance
imdb,all_I=motion_blur_S=3,tt11448138,tt11448138.jpg,horror,horror
imdb,all_I=motion_blur_S=3,tt18260564,tt18260564.jpg,horror,horror
imdb,all_I=motion_blur_S=3,tt8332802,tt8332802.jpg,horror,horror
imdb,all_I=motion_blur_S=3,tt6968614,tt6968614.jpg,action,action
imdb,all_I=motion_blur_S=3,tt23898856,tt23898856.jpg,action,action
imdb,all_I=motion_blur_S=3,tt17202164,tt17202164.jpg,horror,horror
imdb,all_I=motion_blur_S=3,tt7979580,tt7979580.jpg,comedy,comedy
imdb,all_I=motion_blur_S=3,tt7599146,tt7599146.jpg,action,action
imdb,all_I=motion_blur_S=3,tt1462764,tt1462764.jpg,action,action
imdb,all_I=motion_blur_S=3,tt14402146,tt14402146.jpg,drama,romance
imdb,all_I=motion_blur_S=3,tt14895216,tt14895216.jpg,horror,horror
imdb,all_I=motion_blur_S=3,tt11377298,tt11377298.jpg,action,action
imdb,all_I=motion_blur_S=3,tt11576124,tt11576124.jpg,action,action
imdb,all_I=motion_blur_S=3,tt11358390,tt11358390.jpg,horror,horror
imdb,all_I=motion_blur_S=3,tt15438542,tt15438542.jpg,action,action
imdb,all_I=motion_blur_S=3,tt13056008,tt13056008.jpg,horror,horror
imdb,all_I=motion_blur_S=3,tt22086334,tt22086334.jpg,comedy,comedy
imdb,all_I=motion_blur_S=3,tt12373754,tt12373754.jpg,horror,horror
imdb,all_I=motion_blur_S=3,tt10279472,tt10279472.jpg,horror,horror
imdb,all_I=motion_blur_S=3,tt7711170,tt7711170.jpg,horror,horror
imdb,all_I=motion_blur_S=3,tt14412366,tt14412366.jpg,action,action
imdb,all_I=motion_blur_S=3,tt11742798,tt11742798.jpg,comedy,comedy
imdb,all_I=motion_blur_S=3,tt9110170,tt9110170.jpg,horror,horror
imdb,all_I=motion_blur_S=3,tt0439572,tt0439572.jpg,action,action
imdb,all_I=motion_blur_S=3,tt2382320,tt2382320.jpg,action,action
imdb,all_I=motion_blur_S=3,tt11252440,tt11252440.jpg,horror,comedy
imdb,all_I=motion_blur_S=3,tt9472334,tt9472334.jpg,horror,horror
imdb,all_I=motion_blur_S=3,tt12915716,tt12915716.jpg,action,action
imdb,all_I=motion_blur_S=3,tt15393652,tt15393652.jpg,horror,romance
imdb,all_I=motion_blur_S=3,tt22987848,tt22987848.jpg,horror,horror
imdb,all_I=motion_blur_S=3,tt15441054,tt15441054.jpg,action,action
imdb,all_I=motion_blur_S=3,tt9663168,tt9663168.jpg,horror,horror
imdb,all_I=motion_blur_S=3,tt7560830,tt7560830.jpg,horror,horror
imdb,all_I=motion_blur_S=3,tt9365800,tt9365800.jpg,horror,action
imdb,all_I=motion_blur_S=3,tt9701940,tt9701940.jpg,horror,horror
imdb,all_I=motion_blur_S=3,tt3465026,tt3465026.jpg,comedy,comedy
imdb,all_I=motion_blur_S=3,tt9044418,tt9044418.jpg,action,action
imdb,all_I=motion_blur_S=3,tt15548074,tt15548074.jpg,horror,horror
imdb,all_I=motion_blur_S=3,tt11656220,tt11656220.jpg,crime,action
imdb,all_I=motion_blur_S=3,tt17156822,tt17156822.jpg,action,action
imdb,all_I=motion_blur_S=3,tt14400246,tt14400246.jpg,horror,horror
imdb,all_I=motion_blur_S=3,tt10457128,tt10457128.jpg,comedy,romance
imdb,all_I=motion_blur_S=3,tt8404256,tt8404256.jpg,action,action
imdb,all_I=motion_blur_S=3,tt27816768,tt27816768.jpg,documentary,comedy
imdb,all_I=motion_blur_S=3,tt13363828,tt13363828.jpg,horror,horror
imdb,all_I=motion_blur_S=3,tt12908110,tt12908110.jpg,horror,horror
imdb,all_I=motion_blur_S=3,tt7134096,tt7134096.jpg,action,action
imdb,all_I=motion_blur_S=3,tt9264728,tt9264728.jpg,horror,horror
imdb,all_I=motion_blur_S=3,tt10172266,tt10172266.jpg,comedy,romance
imdb,all_I=motion_blur_S=3,tt3197780,tt3197780.jpg,comedy,comedy
imdb,all_I=motion_blur_S=3,tt9907782,tt9907782.jpg,horror,horror
imdb,all_I=motion_blur_S=3,tt10696784,tt10696784.jpg,action,action
imdb,all_I=motion_blur_S=3,tt10788058,tt10788058.jpg,action,action
imdb,all_I=motion_blur_S=3,tt1321510,tt1321510.jpg,musical,romance
imdb,all_I=motion_blur_S=3,tt13092974,tt13092974.jpg,horror,horror
imdb,all_I=motion_blur_S=3,tt2560092,tt2560092.jpg,comedy,comedy
imdb,all_I=motion_blur_S=3,tt8912936,tt8912936.jpg,action,action
imdb,all_I=motion_blur_S=3,tt9419884,tt9419884.jpg,action,action
imdb,all_I=motion_blur_S=3,tt12788488,tt12788488.jpg,horror,horror
imdb,all_I=motion_blur_S=3,tt9072352,tt9072352.jpg,horror,horror
imdb,all_I=motion_blur_S=3,tt0983946,tt0983946.jpg,horror,horror
imdb,all_I=motion_blur_S=3,tt10935560,tt10935560.jpg,horror,horror
imdb,all_I=motion_blur_S=3,tt14781176,tt14781176.jpg,horror,horror
imdb,all_I=motion_blur_S=3,tt15354916,tt15354916.jpg,action,action
imdb,all_I=motion_blur_S=3,tt8456190,tt8456190.jpg,comedy,action
imdb,all_I=motion_blur_S=3,tt21106970,tt21106970.jpg,comedy,comedy
imdb,all_I=motion_blur_S=3,tt15768848,tt15768848.jpg,comedy,romance
imdb,all_I=motion_blur_S=3,tt7638348,tt7638348.jpg,action,action
imdb,all_I=motion_blur_S=3,tt4876134,tt4876134.jpg,action,action
imdb,all_I=motion_blur_S=3,tt8760280,tt8760280.jpg,romance,romance
imdb,all_I=motion_blur_S=3,tt23136186,tt23136186.jpg,horror,horror
imdb,all_I=motion_blur_S=3,tt8296030,tt8296030.jpg,horror,horror
imdb,all_I=motion_blur_S=3,tt11905962,tt11905962.jpg,horror,horror
imdb,all_I=motion_blur_S=3,tt4682266,tt4682266.jpg,horror,horror
imdb,all_I=motion_blur_S=3,tt12472174,tt12472174.jpg,horror,horror
imdb,all_I=motion_blur_S=3,tt7556122,tt7556122.jpg,action,action
imdb,all_I=motion_blur_S=3,tt8114980,tt8114980.jpg,horror,horror
imdb,all_I=motion_blur_S=3,tt12834962,tt12834962.jpg,comedy,comedy
imdb,all_I=motion_blur_S=3,tt17076046,tt17076046.jpg,comedy,comedy
imdb,all_I=motion_blur_S=3,tt15528292,tt15528292.jpg,action,action
imdb,all_I=motion_blur_S=3,tt25403492,tt25403492.jpg,horror,horror
imdb,all_I=motion_blur_S=3,tt14039086,tt14039086.jpg,action,action
imdb,all_I=motion_blur_S=3,tt11514780,tt11514780.jpg,horror,horror
imdb,all_I=motion_blur_S=3,tt11327514,tt11327514.jpg,comedy,comedy
imdb,all_I=motion_blur_S=3,tt12877640,tt12877640.jpg,horror,horror
imdb,all_I=motion_blur_S=3,tt11891246,tt11891246.jpg,horror,horror
imdb,all_I=motion_blur_S=3,tt13024674,tt13024674.jpg,action,action
imdb,all_I=motion_blur_S=3,tt15600222,tt15600222.jpg,action,action
imdb,all_I=motion_blur_S=3,tt14091818,tt14091818.jpg,comedy,romance
imdb,all_I=motion_blur_S=3,tt4029412,tt4029412.jpg,action,action
imdb,all_I=motion_blur_S=3,tt7504818,tt7504818.jpg,comedy,comedy
imdb,all_I=motion_blur_S=3,tt20424130,tt20424130.jpg,action,action
imdb,all_I=motion_blur_S=3,tt1016150,tt1016150.jpg,war,action
imdb,all_I=motion_blur_S=3,tt11084896,tt11084896.jpg,comedy,comedy
imdb,all_I=motion_blur_S=3,tt7214954,tt7214954.jpg,comedy,comedy
imdb,all_I=motion_blur_S=3,tt12823454,tt12823454.jpg,comedy,romance
imdb,all_I=motion_blur_S=3,tt15671028,tt15671028.jpg,comedy,romance
imdb,all_I=motion_blur_S=3,tt10229558,tt10229558.jpg,horror,horror
imdb,all_I=motion_blur_S=3,tt8376234,tt8376234.jpg,comedy,comedy
imdb,all_I=motion_blur_S=3,tt8656686,tt8656686.jpg,horror,horror
imdb,all_I=motion_blur_S=3,tt17663992,tt17663992.jpg,horror,horror
imdb,all_I=motion_blur_S=3,tt10451914,tt10451914.jpg,action,action
imdb,all_I=motion_blur_S=3,tt15516726,tt15516726.jpg,comedy,comedy
imdb,all_I=motion_blur_S=3,tt12851396,tt12851396.jpg,comedy,action
imdb,all_I=motion_blur_S=3,tt9387250,tt9387250.jpg,horror,action
imdb,all_I=motion_blur_S=3,tt10127684,tt10127684.jpg,action,action
imdb,all_I=motion_blur_S=3,tt8589698,tt8589698.jpg,action,comedy
imdb,all_I=motion_blur_S=3,tt15734582,tt15734582.jpg,action,action
imdb,all_I=motion_blur_S=3,tt12390572,tt12390572.jpg,horror,horror
imdb,all_I=motion_blur_S=3,tt6508228,tt6508228.jpg,horror,horror
imdb,all_I=motion_blur_S=3,tt1830643,tt1830643.jpg,horror,horror
imdb,all_I=motion_blur_S=3,tt14298216,tt14298216.jpg,horror,horror
imdb,all_I=motion_blur_S=3,tt21250176,tt21250176.jpg,horror,horror
imdb,all_I=motion_blur_S=3,tt7550000,tt7550000.jpg,action,action
imdb,all_I=motion_blur_S=3,tt6723592,tt6723592.jpg,action,action
imdb,all_I=motion_blur_S=3,tt10366206,tt10366206.jpg,action,action
imdb,all_I=motion_blur_S=3,tt5624466,tt5624466.jpg,horror,horror
imdb,all_I=motion_blur_S=3,tt8093700,tt8093700.jpg,action,action
imdb,all_I=motion_blur_S=3,tt5012504,tt5012504.jpg,action,action
imdb,all_I=motion_blur_S=3,tt9308382,tt9308382.jpg,comedy,romance
imdb,all_I=motion_blur_S=3,tt15847880,tt15847880.jpg,horror,horror
imdb,all_I=motion_blur_S=3,tt19175696,tt19175696.jpg,horror,horror
imdb,all_I=motion_blur_S=3,tt10228134,tt10228134.jpg,comedy,action
imdb,all_I=motion_blur_S=3,tt11881160,tt11881160.jpg,horror,horror
imdb,all_I=motion_blur_S=3,tt10638522,tt10638522.jpg,horror,horror
imdb,all_I=motion_blur_S=3,tt9695722,tt9695722.jpg,action,action
imdb,all_I=motion_blur_S=3,tt14995258,tt14995258.jpg,horror,romance
imdb,all_I=motion_blur_S=3,tt27989067,tt27989067.jpg,horror,romance
imdb,all_I=motion_blur_S=3,tt9784456,tt9784456.jpg,romance,romance
imdb,all_I=motion_blur_S=3,tt15654328,tt15654328.jpg,action,action
imdb,all_I=motion_blur_S=3,tt13429362,tt13429362.jpg,horror,horror
imdb,all_I=motion_blur_S=3,tt14858054,tt14858054.jpg,horror,horror
imdb,all_I=motion_blur_S=3,tt7354440,tt7354440.jpg,horror,horror
imdb,all_I=motion_blur_S=3,tt21907174,tt21907174.jpg,comedy,comedy
imdb,all_I=motion_blur_S=3,tt12885852,tt12885852.jpg,action,action
imdb,all_I=motion_blur_S=3,tt8426926,tt8426926.jpg,action,action
imdb,all_I=motion_blur_S=3,tt10691162,tt10691162.jpg,horror,horror
imdb,all_I=motion_blur_S=3,tt11125620,tt11125620.jpg,comedy,comedy
imdb,all_I=motion_blur_S=3,tt4495098,tt4495098.jpg,action,action
imdb,all_I=motion_blur_S=3,tt20114976,tt20114976.jpg,horror,horror
imdb,all_I=motion_blur_S=3,tt9606374,tt9606374.jpg,comedy,comedy
imdb,all_I=motion_blur_S=3,tt14145436,tt14145436.jpg,horror,horror
imdb,all_I=motion_blur_S=3,tt22889164,tt22889164.jpg,horror,action
imdb,all_I=motion_blur_S=3,tt9742794,tt9742794.jpg,action,action
imdb,all_I=motion_blur_S=3,tt7947604,tt7947604.jpg,sports,romance
imdb,all_I=motion_blur_S=3,tt7740510,tt7740510.jpg,horror,horror
imdb,all_I=motion_blur_S=3,tt6334354,tt6334354.jpg,action,action
imdb,all_I=motion_blur_S=3,tt7888964,tt7888964.jpg,action,action
imdb,all_I=motion_blur_S=3,tt20850406,tt20850406.jpg,romance,romance
imdb,all_I=motion_blur_S=3,tt5113044,tt5113044.jpg,comedy,comedy
imdb,all_I=motion_blur_S=3,tt18968540,tt18968540.jpg,horror,horror
imdb,all_I=motion_blur_S=3,tt1630029,tt1630029.jpg,action,action
imdb,all_I=motion_blur_S=3,tt1877830,tt1877830.jpg,action,action
imdb,all_I=motion_blur_S=3,tt13603966,tt13603966.jpg,action,action
imdb,all_I=motion_blur_S=3,tt11301946,tt11301946.jpg,action,action
imdb,all_I=motion_blur_S=3,tt6705162,tt6705162.jpg,comedy,comedy
imdb,all_I=motion_blur_S=3,tt14099334,tt14099334.jpg,horror,horror
imdb,all_I=motion_blur_S=3,tt10701074,tt10701074.jpg,action,action
imdb,all_I=motion_blur_S=3,tt7035004,tt7035004.jpg,action,action
imdb,all_I=motion_blur_S=3,tt1001520,tt1001520.jpg,horror,horror
imdb,all_I=motion_blur_S=3,tt9173418,tt9173418.jpg,horror,horror
imdb,all_I=motion_blur_S=3,tt10473036,tt10473036.jpg,comedy,comedy
imdb,all_I=motion_blur_S=3,tt7267498,tt7267498.jpg,horror,horror
imdb,all_I=motion_blur_S=3,tt5843876,tt5843876.jpg,romance,romance
imdb,all_I=motion_blur_S=3,tt15655826,tt15655826.jpg,horror,romance
imdb,all_I=motion_blur_S=3,tt3278540,tt3278540.jpg,romance,romance
imdb,all_I=motion_blur_S=3,tt0293429,tt0293429.jpg,action,action
imdb,all_I=motion_blur_S=3,tt0499097,tt0499097.jpg,action,action
imdb,all_I=motion_blur_S=3,tt16252698,tt16252698.jpg,horror,romance
imdb,all_I=motion_blur_S=3,tt15783426,tt15783426.jpg,comedy,action
imdb,all_I=motion_blur_S=3,tt5950596,tt5950596.jpg,horror,horror
imdb,all_I=motion_blur_S=3,tt11951276,tt11951276.jpg,comedy,comedy
imdb,all_I=motion_blur_S=3,tt4593060,tt4593060.jpg,comedy,comedy
imdb,all_I=motion_blur_S=3,tt28073548,tt28073548.jpg,romance,romance
imdb,all_I=motion_blur_S=3,tt15684426,tt15684426.jpg,horror,horror
imdb,all_I=motion_blur_S=3,tt8246646,tt8246646.jpg,action,action
imdb,all_I=motion_blur_S=3,tt16527824,tt16527824.jpg,action,action
imdb,all_I=motion_blur_S=3,tt3554046,tt3554046.jpg,action,comedy
imdb,all_I=motion_blur_S=3,tt3480822,tt3480822.jpg,action,action
imdb,all_I=motion_blur_S=3,tt8041270,tt8041270.jpg,action,action
imdb,all_I=motion_blur_S=3,tt5761544,tt5761544.jpg,action,action
imdb,all_I=motion_blur_S=3,tt4998632,tt4998632.jpg,action,action
imdb,all_I=motion_blur_S=3,tt4028464,tt4028464.jpg,horror,horror
imdb,all_I=motion_blur_S=3,tt9691136,tt9691136.jpg,horror,action
imdb,all_I=motion_blur_S=3,tt2948372,tt2948372.jpg,comedy,comedy
imdb,all_I=motion_blur_S=3,tt14502344,tt14502344.jpg,horror,horror
imdb,all_I=motion_blur_S=3,tt12873562,tt12873562.jpg,horror,horror
imdb,all_I=motion_blur_S=3,tt11138512,tt11138512.jpg,action,action
imdb,all_I=motion_blur_S=3,tt2943178,tt2943178.jpg,action,action
imdb,all_I=motion_blur_S=3,tt5884796,tt5884796.jpg,action,action
imdb,all_I=motion_blur_S=3,tt8080204,tt8080204.jpg,action,action
imdb,all_I=motion_blur_S=3,tt22023218,tt22023218.jpg,horror,horror
imdb,all_I=motion_blur_S=3,tt8201852,tt8201852.jpg,horror,horror
imdb,all_I=motion_blur_S=3,tt20853816,tt20853816.jpg,horror,horror
imdb,all_I=motion_blur_S=3,tt3917710,tt3917710.jpg,horror,action
imdb,all_I=motion_blur_S=3,tt12283036,tt12283036.jpg,horror,horror
imdb,all_I=motion_blur_S=3,tt16431882,tt16431882.jpg,horror,horror
imdb,all_I=motion_blur_S=3,tt20672534,tt20672534.jpg,comedy,comedy
imdb,all_I=motion_blur_S=3,tt11080108,tt11080108.jpg,romance,romance
imdb,all_I=motion_blur_S=3,tt14438348,tt14438348.jpg,horror,horror
imdb,all_I=motion_blur_S=3,tt7991608,tt7991608.jpg,action,action
imdb,all_I=motion_blur_S=3,tt13055982,tt13055982.jpg,action,action
imdb,all_I=motion_blur_S=3,tt13327038,tt13327038.jpg,horror,comedy
imdb,all_I=motion_blur_S=3,tt18073328,tt18073328.jpg,action,action
imdb,all_I=motion_blur_S=3,tt26675777,tt26675777.jpg,action,horror
imdb,all_I=motion_blur_S=3,tt14109724,tt14109724.jpg,comedy,romance
imdb,all_I=motion_blur_S=3,tt16278434,tt16278434.jpg,action,action
imdb,all_I=motion_blur_S=3,tt6791350,tt6791350.jpg,action,comedy
imdb,all_I=motion_blur_S=3,tt21628198,tt21628198.jpg,action,action
imdb,all_I=motion_blur_S=3,tt8005118,tt8005118.jpg,comedy,comedy
imdb,all_I=motion_blur_S=3,tt6443346,tt6443346.jpg,action,action
imdb,all_I=motion_blur_S=3,tt7026488,tt7026488.jpg,horror,horror
imdb,all_I=motion_blur_S=3,tt12861508,tt12861508.jpg,action,action
imdb,all_I=motion_blur_S=3,tt3781118,tt3781118.jpg,action,action
imdb,all_I=motion_blur_S=3,tt21651560,tt21651560.jpg,horror,horror
imdb,all_I=motion_blur_S=3,tt4257940,tt4257940.jpg,horror,romance
imdb,all_I=motion_blur_S=3,tt10223460,tt10223460.jpg,comedy,romance
imdb,all_I=motion_blur_S=3,tt19713090,tt19713090.jpg,action,action
imdb,all_I=motion_blur_S=3,tt12712604,tt12712604.jpg,comedy,comedy
imdb,all_I=motion_blur_S=3,tt11400902,tt11400902.jpg,horror,horror
imdb,all_I=motion_blur_S=3,tt1160419,tt1160419.jpg,action,action
imdb,all_I=motion_blur_S=3,tt12749596,tt12749596.jpg,horror,horror
imdb,all_I=motion_blur_S=3,tt6217926,tt6217926.jpg,horror,romance
imdb,all_I=motion_blur_S=3,tt13057276,tt13057276.jpg,horror,horror
imdb,all_I=motion_blur_S=3,tt8593904,tt8593904.jpg,comedy,romance
imdb,all_I=motion_blur_S=3,tt8936646,tt8936646.jpg,action,action
imdb,all_I=motion_blur_S=3,tt18376308,tt18376308.jpg,horror,horror
imdb,all_I=motion_blur_S=3,tt14867006,tt14867006.jpg,horror,horror
imdb,all_I=motion_blur_S=3,tt9183978,tt9183978.jpg,horror,horror
imdb,all_I=motion_blur_S=3,tt8367084,tt8367084.jpg,romance,comedy
imdb,all_I=motion_blur_S=3,tt13430858,tt13430858.jpg,comedy,romance
imdb,all_I=motion_blur_S=3,tt9777666,tt9777666.jpg,action,action
imdb,all_I=motion_blur_S=3,tt21087084,tt21087084.jpg,romance,romance
imdb,all_I=motion_blur_S=3,tt19267924,tt19267924.jpg,romance,romance
imdb,all_I=motion_blur_S=3,tt11905536,tt11905536.jpg,horror,action
imdb,all_I=motion_blur_S=3,tt3811906,tt3811906.jpg,horror,horror
imdb,all_I=motion_blur_S=3,tt4244994,tt4244994.jpg,action,action
imdb,all_I=motion_blur_S=3,tt24546804,tt24546804.jpg,romance,romance
imdb,all_I=motion_blur_S=3,tt10886166,tt10886166.jpg,romance,romance
imdb,all_I=motion_blur_S=3,tt9271672,tt9271672.jpg,horror,horror
imdb,all_I=motion_blur_S=3,tt9204328,tt9204328.jpg,horror,horror
imdb,all_I=motion_blur_S=3,tt9602472,tt9602472.jpg,horror,horror
imdb,all_I=motion_blur_S=3,tt8560172,tt8560172.jpg,comedy,comedy
imdb,all_I=motion_blur_S=3,tt6372694,tt6372694.jpg,action,horror
imdb,all_I=motion_blur_S=3,tt12844910,tt12844910.jpg,action,action
imdb,all_I=motion_blur_S=3,tt8302918,tt8302918.jpg,romance,romance
imdb,all_I=motion_blur_S=3,tt12801262,tt12801262.jpg,comedy,comedy
imdb,all_I=motion_blur_S=3,tt12444934,tt12444934.jpg,horror,horror
imdb,all_I=motion_blur_S=3,tt7069210,tt7069210.jpg,horror,horror
imdb,all_I=motion_blur_S=3,tt15509244,tt15509244.jpg,romance,romance
imdb,all_I=motion_blur_S=3,tt15481952,tt15481952.jpg,comedy,comedy
imdb,all_I=motion_blur_S=3,tt10403420,tt10403420.jpg,horror,horror
imdb,all_I=motion_blur_S=3,tt20198774,tt20198774.jpg,horror,horror
imdb,all_I=motion_blur_S=3,tt6718170,tt6718170.jpg,comedy,comedy
imdb,all_I=motion_blur_S=3,tt13964404,tt13964404.jpg,horror,horror
imdb,all_I=motion_blur_S=3,tt6802400,tt6802400.jpg,comedy,comedy
imdb,all_I=motion_blur_S=3,tt10676048,tt10676048.jpg,action,action
imdb,all_I=motion_blur_S=3,tt17220704,tt17220704.jpg,comedy,comedy
imdb,all_I=motion_blur_S=3,tt16077702,tt16077702.jpg,comedy,comedy
imdb,all_I=motion_blur_S=3,tt10406596,tt10406596.jpg,horror,horror
imdb,all_I=motion_blur_S=3,tt2906216,tt2906216.jpg,action,action
imdb,all_I=motion_blur_S=3,tt4624366,tt4624366.jpg,horror,horror
imdb,all_I=motion_blur_S=3,tt18346624,tt18346624.jpg,horror,horror
imdb,all_I=motion_blur_S=3,tt14537248,tt14537248.jpg,horror,horror
imdb,all_I=motion_blur_S=3,tt9224104,tt9224104.jpg,action,action
imdb,all_I=motion_blur_S=3,tt11188624,tt11188624.jpg,horror,horror
imdb,all_I=motion_blur_S=3,tt1649418,tt1649418.jpg,action,action
imdb,all_I=motion_blur_S=3,tt5420210,tt5420210.jpg,comedy,comedy
imdb,all_I=motion_blur_S=3,tt2315938,tt2315938.jpg,horror,horror
imdb,all_I=motion_blur_S=3,tt28199975,tt28199975.jpg,action,action
imdb,all_I=motion_blur_S=3,tt3427252,tt3427252.jpg,horror,horror
imdb,all_I=motion_blur_S=3,tt14874302,tt14874302.jpg,romance,romance
imdb,all_I=motion_blur_S=3,tt13821562,tt13821562.jpg,comedy,comedy
imdb,all_I=motion_blur_S=3,tt14499608,tt14499608.jpg,comedy,comedy
imdb,all_I=motion_blur_S=3,tt26941512,tt26941512.jpg,horror,horror
imdb,all_I=motion_blur_S=3,tt9820352,tt9820352.jpg,action,action
imdb,all_I=motion_blur_S=3,tt14617254,tt14617254.jpg,horror,horror
imdb,all_I=motion_blur_S=3,tt6654210,tt6654210.jpg,action,action
imdb,all_I=motion_blur_S=3,tt13143964,tt13143964.jpg,comedy,comedy
imdb,all_I=motion_blur_S=3,tt10665338,tt10665338.jpg,horror,horror
imdb,all_I=motion_blur_S=3,tt0887261,tt0887261.jpg,horror,horror
imdb,all_I=motion_blur_S=3,tt12530246,tt12530246.jpg,horror,action
imdb,all_I=motion_blur_S=3,tt16127696,tt16127696.jpg,horror,horror
imdb,all_I=motion_blur_S=3,tt1051906,tt1051906.jpg,horror,horror
imdb,all_I=motion_blur_S=3,tt16916320,tt16916320.jpg,action,action
imdb,all_I=motion_blur_S=3,tt13174108,tt13174108.jpg,horror,horror
imdb,all_I=motion_blur_S=3,tt3977848,tt3977848.jpg,horror,horror
imdb,all_I=motion_blur_S=3,tt11112808,tt11112808.jpg,comedy,comedy
imdb,all_I=motion_blur_S=3,tt13406136,tt13406136.jpg,action,action
imdb,all_I=motion_blur_S=3,tt5034838,tt5034838.jpg,action,action
imdb,all_I=motion_blur_S=3,tt10121392,tt10121392.jpg,action,action
imdb,all_I=motion_blur_S=3,tt4566758,tt4566758.jpg,action,action
imdb,all_I=motion_blur_S=3,tt1086064,tt1086064.jpg,comedy,comedy
imdb,all_I=motion_blur_S=3,tt19623240,tt19623240.jpg,horror,horror
imdb,all_I=motion_blur_S=3,tt11663228,tt11663228.jpg,action,action
imdb,all_I=motion_blur_S=3,tt10315050,tt10315050.jpg,horror,horror
imdb,all_I=motion_blur_S=3,tt8461224,tt8461224.jpg,action,action
imdb,all_I=motion_blur_S=3,tt9000184,tt9000184.jpg,horror,horror
imdb,all_I=motion_blur_S=3,tt15520136,tt15520136.jpg,horror,horror
imdb,all_I=motion_blur_S=3,tt14399128,tt14399128.jpg,horror,comedy
imdb,all_I=motion_blur_S=3,tt27411059,tt27411059.jpg,horror,horror
imdb,all_I=motion_blur_S=3,tt13238346,tt13238346.jpg,romance,romance
imdb,all_I=motion_blur_S=3,tt4685762,tt4685762.jpg,horror,horror
imdb,all_I=motion_blur_S=3,tt5918982,tt5918982.jpg,horror,horror
imdb,all_I=motion_blur_S=3,tt10151854,tt10151854.jpg,action,action
imdb,all_I=motion_blur_S=3,tt15502356,tt15502356.jpg,horror,horror
imdb,all_I=motion_blur_S=3,tt7375466,tt7375466.jpg,action,action
imdb,all_I=motion_blur_S=3,tt14230388,tt14230388.jpg,comedy,comedy
imdb,all_I=motion_blur_S=3,tt14121726,tt14121726.jpg,horror,horror
imdb,all_I=motion_blur_S=3,tt12550376,tt12550376.jpg,horror,horror
imdb,all_I=motion_blur_S=3,tt10803634,tt10803634.jpg,horror,horror
imdb,all_I=motion_blur_S=3,tt11024272,tt11024272.jpg,horror,comedy
imdb,all_I=motion_blur_S=3,tt13070038,tt13070038.jpg,romance,romance
imdb,all_I=motion_blur_S=3,tt2222042,tt2222042.jpg,action,action
imdb,all_I=motion_blur_S=3,tt14807000,tt14807000.jpg,horror,horror
imdb,all_I=motion_blur_S=3,tt17081088,tt17081088.jpg,horror,horror
imdb,all_I=motion_blur_S=3,tt15206378,tt15206378.jpg,comedy,comedy
imdb,all_I=motion_blur_S=3,tt9118804,tt9118804.jpg,horror,horror
imdb,all_I=motion_blur_S=3,tt17321230,tt17321230.jpg,romance,romance
imdb,all_I=motion_blur_S=3,tt26594993,tt26594993.jpg,horror,horror
imdb,all_I=motion_blur_S=3,tt10362466,tt10362466.jpg,romance,romance
imdb,all_I=motion_blur_S=3,tt26491631,tt26491631.jpg,horror,horror
imdb,all_I=motion_blur_S=3,tt11314148,tt11314148.jpg,romance,romance
imdb,all_I=motion_blur_S=3,tt20834182,tt20834182.jpg,horror,horror
imdb,all_I=motion_blur_S=3,tt10062338,tt10062338.jpg,horror,horror
imdb,all_I=motion_blur_S=3,tt22410094,tt22410094.jpg,horror,horror
imdb,all_I=motion_blur_S=3,tt15744298,tt15744298.jpg,action,action
imdb,all_I=motion_blur_S=3,tt12982370,tt12982370.jpg,horror,action
imdb,all_I=motion_blur_S=3,tt15131266,tt15131266.jpg,action,action
imdb,all_I=motion_blur_S=3,tt18925334,tt18925334.jpg,horror,horror
imdb,all_I=motion_blur_S=3,tt10515988,tt10515988.jpg,horror,horror
imdb,all_I=motion_blur_S=3,tt6442686,tt6442686.jpg,horror,action
imdb,all_I=motion_blur_S=3,tt4532038,tt4532038.jpg,comedy,comedy
imdb,all_I=motion_blur_S=3,tt21807222,tt21807222.jpg,horror,horror
imdb,all_I=motion_blur_S=3,tt7737786,tt7737786.jpg,action,action
imdb,all_I=motion_blur_S=3,tt13061914,tt13061914.jpg,comedy,comedy
imdb,all_I=motion_blur_S=3,tt10229982,tt10229982.jpg,romance,romance
imdb,all_I=motion_blur_S=3,tt15339570,tt15339570.jpg,comedy,comedy
imdb,all_I=motion_blur_S=3,tt9663764,tt9663764.jpg,action,action
imdb,all_I=motion_blur_S=3,tt10508838,tt10508838.jpg,action,action
imdb,all_I=motion_blur_S=3,tt9050310,tt9050310.jpg,horror,horror
imdb,all_I=motion_blur_S=3,tt10944486,tt10944486.jpg,comedy,comedy
imdb,all_I=motion_blur_S=3,tt9286908,tt9286908.jpg,action,action
imdb,all_I=motion_blur_S=3,tt10584340,tt10584340.jpg,comedy,comedy
imdb,all_I=motion_blur_S=3,tt2235695,tt2235695.jpg,horror,romance
imdb,all_I=motion_blur_S=3,tt15090124,tt15090124.jpg,horror,horror
imdb,all_I=motion_blur_S=3,tt11245972,tt11245972.jpg,horror,horror
imdb,all_I=motion_blur_S=3,tt4139928,tt4139928.jpg,action,action
imdb,all_I=motion_blur_S=3,tt8045906,tt8045906.jpg,horror,romance
imdb,all_I=motion_blur_S=3,tt5635026,tt5635026.jpg,fantasy,action
imdb,all_I=motion_blur_S=3,tt15713012,tt15713012.jpg,action,action
imdb,all_I=motion_blur_S=3,tt14799960,tt14799960.jpg,comedy,romance
imdb,all_I=motion_blur_S=3,tt28690326,tt28690326.jpg,romance,romance
imdb,all_I=motion_blur_S=3,tt4614584,tt4614584.jpg,romance,romance
imdb,all_I=motion_blur_S=3,tt14014068,tt14014068.jpg,romance,romance
imdb,all_I=motion_blur_S=3,tt9077876,tt9077876.jpg,horror,horror
imdb,all_I=motion_blur_S=3,tt6539992,tt6539992.jpg,action,action
imdb,all_I=motion_blur_S=3,tt10003008,tt10003008.jpg,horror,horror
imdb,all_I=motion_blur_S=3,tt3626476,tt3626476.jpg,comedy,comedy
imdb,all_I=motion_blur_S=3,tt20782072,tt20782072.jpg,horror,horror
imdb,all_I=motion_blur_S=3,tt14993352,tt14993352.jpg,horror,horror
imdb,all_I=motion_blur_S=3,tt8110330,tt8110330.jpg,romance,romance
imdb,all_I=motion_blur_S=3,tt6528290,tt6528290.jpg,action,action
imdb,all_I=motion_blur_S=3,tt14550642,tt14550642.jpg,horror,horror
imdb,all_I=motion_blur_S=3,tt19755170,tt19755170.jpg,romance,romance
imdb,all_I=motion_blur_S=3,tt10090058,tt10090058.jpg,action,action
imdb,all_I=motion_blur_S=3,tt6879446,tt6879446.jpg,action,action
imdb,all_I=motion_blur_S=3,tt12547822,tt12547822.jpg,horror,horror
imdb,all_I=motion_blur_S=3,tt13757762,tt13757762.jpg,horror,horror
imdb,all_I=motion_blur_S=3,tt16900880,tt16900880.jpg,action,action
imdb,all_I=motion_blur_S=3,tt13445076,tt13445076.jpg,action,action
imdb,all_I=motion_blur_S=3,tt7846844,tt7846844.jpg,comedy,action
imdb,all_I=motion_blur_S=3,tt8629748,tt8629748.jpg,action,action
imdb,all_I=motion_blur_S=3,tt10127708,tt10127708.jpg,horror,action
imdb,all_I=motion_blur_S=3,tt11210390,tt11210390.jpg,comedy,comedy
imdb,all_I=motion_blur_S=3,tt3291150,tt3291150.jpg,action,action
imdb,all_I=motion_blur_S=3,tt9038678,tt9038678.jpg,drama,action
imdb,all_I=motion_blur_S=3,tt14230458,tt14230458.jpg,comedy,romance
imdb,all_I=motion_blur_S=3,tt22352848,tt22352848.jpg,action,action
imdb,all_I=motion_blur_S=3,tt4439620,tt4439620.jpg,action,action
imdb,all_I=motion_blur_S=3,tt8368408,tt8368408.jpg,action,action
imdb,all_I=motion_blur_S=3,tt12889404,tt12889404.jpg,romance,romance
imdb,all_I=motion_blur_S=3,tt14642626,tt14642626.jpg,horror,horror
imdb,all_I=motion_blur_S=3,tt14412446,tt14412446.jpg,horror,horror
imdb,all_I=motion_blur_S=3,tt8270664,tt8270664.jpg,action,action
imdb,all_I=motion_blur_S=3,tt11614912,tt11614912.jpg,horror,horror
imdb,all_I=motion_blur_S=3,tt5151570,tt5151570.jpg,comedy,comedy
imdb,all_I=motion_blur_S=3,tt19363554,tt19363554.jpg,horror,horror
imdb,all_I=motion_blur_S=3,tt8385148,tt8385148.jpg,action,action
imdb,all_I=motion_blur_S=3,tt24822574,tt24822574.jpg,comedy,romance
imdb,all_I=motion_blur_S=3,tt14672882,tt14672882.jpg,action,action
imdb,all_I=motion_blur_S=3,tt10895576,tt10895576.jpg,comedy,comedy
imdb,all_I=motion_blur_S=3,tt12921446,tt12921446.jpg,horror,horror
imdb,all_I=motion_blur_S=3,tt9848626,tt9848626.jpg,comedy,comedy
imdb,all_I=motion_blur_S=3,tt6920084,tt6920084.jpg,horror,action
imdb,all_I=motion_blur_S=3,tt6048922,tt6048922.jpg,action,action
imdb,all_I=motion_blur_S=3,tt10329134,tt10329134.jpg,romance,romance
imdb,all_I=motion_blur_S=3,tt8847712,tt8847712.jpg,comedy,comedy
imdb,all_I=motion_blur_S=3,tt10579952,tt10579952.jpg,action,action
imdb,all_I=motion_blur_S=3,tt13462900,tt13462900.jpg,action,action
imdb,all_I=motion_blur_S=3,tt13388176,tt13388176.jpg,horror,horror
imdb,all_I=motion_blur_S=3,tt6475714,tt6475714.jpg,action,action
imdb,all_I=motion_blur_S=3,tt4427800,tt4427800.jpg,comedy,action
imdb,all_I=motion_blur_S=3,tt8851668,tt8851668.jpg,comedy,action
imdb,all_I=motion_blur_S=3,tt10370710,tt10370710.jpg,comedy,comedy
imdb,all_I=motion_blur_S=3,tt10168670,tt10168670.jpg,horror,romance
imdb,all_I=motion_blur_S=3,tt27881314,tt27881314.jpg,romance,romance
imdb,all_I=motion_blur_S=3,tt7985704,tt7985704.jpg,action,action
imdb,all_I=motion_blur_S=3,tt10763820,tt10763820.jpg,horror,action
imdb,all_I=motion_blur_S=3,tt7693316,tt7693316.jpg,action,action
imdb,all_I=motion_blur_S=3,tt9179430,tt9179430.jpg,action,action
imdb,all_I=motion_blur_S=3,tt11686490,tt11686490.jpg,horror,horror
imdb,all_I=motion_blur_S=3,tt10365998,tt10365998.jpg,horror,horror
imdb,all_I=motion_blur_S=3,tt15262370,tt15262370.jpg,horror,horror
imdb,all_I=motion_blur_S=3,tt2488666,tt2488666.jpg,horror,horror
imdb,all_I=motion_blur_S=3,tt18816518,tt18816518.jpg,horror,horror
imdb,all_I=motion_blur_S=3,tt10872600,tt10872600.jpg,action,action
imdb,all_I=motion_blur_S=3,tt9580138,tt9580138.jpg,action,action
imdb,all_I=motion_blur_S=3,tt3152592,tt3152592.jpg,comedy,comedy
imdb,all_I=motion_blur_S=3,tt9685342,tt9685342.jpg,horror,action
imdb,all_I=motion_blur_S=3,tt8640928,tt8640928.jpg,horror,horror
imdb,all_I=motion_blur_S=3,tt15486810,tt15486810.jpg,horror,action
imdb,all_I=motion_blur_S=3,tt8851148,tt8851148.jpg,romance,romance
imdb,all_I=motion_blur_S=3,tt4472508,tt4472508.jpg,action,action
imdb,all_I=motion_blur_S=3,tt10362566,tt10362566.jpg,horror,horror
imdb,all_I=motion_blur_S=3,tt4411584,tt4411584.jpg,romance,romance
imdb,all_I=motion_blur_S=3,tt10999120,tt10999120.jpg,comedy,comedy
imdb,all_I=motion_blur_S=3,tt7713068,tt7713068.jpg,action,action
imdb,all_I=motion_blur_S=3,tt21913634,tt21913634.jpg,horror,horror
imdb,all_I=motion_blur_S=3,tt12593682,tt12593682.jpg,action,comedy
imdb,all_I=motion_blur_S=3,tt9314984,tt9314984.jpg,horror,horror
imdb,all_I=motion_blur_S=3,tt10935956,tt10935956.jpg,action,action
imdb,all_I=motion_blur_S=3,tt6902332,tt6902332.jpg,action,action
imdb,all_I=motion_blur_S=3,tt13444014,tt13444014.jpg,romance,romance
imdb,all_I=motion_blur_S=3,tt11394332,tt11394332.jpg,horror,comedy
imdb,all_I=motion_blur_S=3,tt6506264,tt6506264.jpg,horror,action
imdb,all_I=motion_blur_S=3,tt14905650,tt14905650.jpg,horror,horror
imdb,all_I=motion_blur_S=3,tt9701942,tt9701942.jpg,horror,horror
imdb,all_I=motion_blur_S=3,tt7510346,tt7510346.jpg,horror,horror
imdb,all_I=motion_blur_S=3,tt10399608,tt10399608.jpg,horror,horror
imdb,all_I=motion_blur_S=3,tt14462452,tt14462452.jpg,horror,horror
imdb,all_I=motion_blur_S=3,tt13345606,tt13345606.jpg,horror,horror
imdb,all_I=motion_blur_S=3,tt3463938,tt3463938.jpg,horror,horror
imdb,all_I=motion_blur_S=3,tt15268244,tt15268244.jpg,comedy,comedy
imdb,all_I=motion_blur_S=3,tt3986420,tt3986420.jpg,romance,romance
imdb,all_I=motion_blur_S=3,tt7097896,tt7097896.jpg,action,action
imdb,all_I=motion_blur_S=3,tt10665342,tt10665342.jpg,horror,horror
imdb,all_I=motion_blur_S=3,tt1464335,tt1464335.jpg,action,action
imdb,all_I=motion_blur_S=3,tt12965390,tt12965390.jpg,action,action
imdb,all_I=motion_blur_S=3,tt3885422,tt3885422.jpg,action,horror
imdb,all_I=motion_blur_S=3,tt5867314,tt5867314.jpg,horror,horror
imdb,all_I=motion_blur_S=3,tt10957044,tt10957044.jpg,action,action
imdb,all_I=motion_blur_S=3,tt10530176,tt10530176.jpg,horror,horror
imdb,all_I=motion_blur_S=3,tt22394702,tt22394702.jpg,comedy,action
imdb,all_I=motion_blur_S=3,tt7178640,tt7178640.jpg,comedy,romance
imdb,all_I=motion_blur_S=3,tt8004664,tt8004664.jpg,horror,horror
imdb,all_I=motion_blur_S=3,tt13453006,tt13453006.jpg,comedy,comedy
imdb,all_I=motion_blur_S=3,tt7146812,tt7146812.jpg,comedy,action
imdb,all_I=motion_blur_S=3,tt11540726,tt11540726.jpg,horror,horror
imdb,all_I=motion_blur_S=3,tt14428606,tt14428606.jpg,romance,romance
imdb,all_I=motion_blur_S=3,tt15791034,tt15791034.jpg,horror,horror
imdb,all_I=motion_blur_S=3,tt1634106,tt1634106.jpg,action,action
imdb,all_I=motion_blur_S=3,tt10275534,tt10275534.jpg,action,action
imdb,all_I=motion_blur_S=3,tt17196124,tt17196124.jpg,horror,horror
imdb,all_I=motion_blur_S=3,tt10648342,tt10648342.jpg,action,action
imdb,all_I=motion_blur_S=3,tt10327252,tt10327252.jpg,horror,horror
imdb,all_I=motion_blur_S=3,tt10107222,tt10107222.jpg,comedy,romance
imdb,all_I=motion_blur_S=3,tt10242388,tt10242388.jpg,action,action
imdb,all_I=motion_blur_S=3,tt11998558,tt11998558.jpg,comedy,action
imdb,all_I=motion_blur_S=3,tt11291274,tt11291274.jpg,action,action
imdb,all_I=motion_blur_S=3,tt23806182,tt23806182.jpg,romance,romance
imdb,all_I=motion_blur_S=3,tt3797512,tt3797512.jpg,comedy,comedy
imdb,all_I=motion_blur_S=3,tt11947100,tt11947100.jpg,comedy,romance
imdb,all_I=motion_blur_S=3,tt26453759,tt26453759.jpg,horror,horror
imdb,all_I=motion_blur_S=3,tt15944018,tt15944018.jpg,comedy,comedy
imdb,all_I=motion_blur_S=3,tt21276878,tt21276878.jpg,comedy,comedy
imdb,all_I=motion_blur_S=3,tt9100018,tt9100018.jpg,horror,horror
imdb,all_I=motion_blur_S=3,tt13270838,tt13270838.jpg,action,action
imdb,all_I=motion_blur_S=3,tt12676326,tt12676326.jpg,romance,romance
imdb,all_I=motion_blur_S=3,tt10101702,tt10101702.jpg,comedy,comedy
imdb,all_I=motion_blur_S=3,tt3963226,tt3963226.jpg,horror,horror
imdb,all_I=motion_blur_S=3,tt13392012,tt13392012.jpg,horror,horror
imdb,all_I=motion_blur_S=3,tt5500218,tt5500218.jpg,action,action
imdb,all_I=motion_blur_S=3,tt0805647,tt0805647.jpg,comedy,comedy
imdb,all_I=motion_blur_S=3,tt28568397,tt28568397.jpg,comedy,comedy
imdb,all_I=motion_blur_S=3,tt7545266,tt7545266.jpg,comedy,comedy
imdb,all_I=motion_blur_S=3,tt6222118,tt6222118.jpg,action,action
imdb,all_I=motion_blur_S=3,tt19896150,tt19896150.jpg,horror,horror
imdb,all_I=motion_blur_S=3,tt15334488,tt15334488.jpg,romance,romance
imdb,all_I=motion_blur_S=3,tt0993840,tt0993840.jpg,horror,action
imdb,all_I=motion_blur_S=3,tt2953050,tt2953050.jpg,comedy,comedy
imdb,all_I=motion_blur_S=3,tt6703486,tt6703486.jpg,romance,action
imdb,all_I=motion_blur_S=3,tt5315210,tt5315210.jpg,horror,action
imdb,all_I=motion_blur_S=3,tt3447590,tt3447590.jpg,comedy,comedy
imdb,all_I=motion_blur_S=3,tt3679040,tt3679040.jpg,comedy,romance
imdb,all_I=motion_blur_S=3,tt24655170,tt24655170.jpg,horror,horror
imdb,all_I=motion_blur_S=3,tt12361974,tt12361974.jpg,action,action
imdb,all_I=motion_blur_S=3,tt12672536,tt12672536.jpg,action,action
imdb,all_I=motion_blur_S=3,tt4136456,tt4136456.jpg,action,action
imdb,all_I=motion_blur_S=3,tt10329614,tt10329614.jpg,horror,horror
imdb,all_I=motion_blur_S=3,tt6246322,tt6246322.jpg,horror,horror
imdb,all_I=motion_blur_S=3,tt13405778,tt13405778.jpg,horror,horror
imdb,all_I=motion_blur_S=3,tt9731534,tt9731534.jpg,horror,horror
imdb,all_I=motion_blur_S=3,tt9362930,tt9362930.jpg,action,action
imdb,all_I=motion_blur_S=3,tt1361336,tt1361336.jpg,comedy,comedy
imdb,all_I=motion_blur_S=3,tt15553956,tt15553956.jpg,romance,comedy
imdb,all_I=motion_blur_S=3,tt21307994,tt21307994.jpg,horror,horror
imdb,all_I=motion_blur_S=3,tt10954652,tt10954652.jpg,horror,horror
imdb,all_I=motion_blur_S=3,tt23050520,tt23050520.jpg,horror,horror
imdb,all_I=motion_blur_S=3,tt5090568,tt5090568.jpg,action,action
imdb,all_I=motion_blur_S=3,tt12440964,tt12440964.jpg,romance,romance
imdb,all_I=motion_blur_S=3,tt6668220,tt6668220.jpg,horror,horror
imdb,all_I=motion_blur_S=3,tt11274492,tt11274492.jpg,comedy,action
imdb,all_I=motion_blur_S=3,tt10023022,tt10023022.jpg,action,action
imdb,all_I=motion_blur_S=3,tt10160976,tt10160976.jpg,horror,horror
imdb,all_I=motion_blur_S=3,tt13318942,tt13318942.jpg,horror,horror
imdb,all_I=motion_blur_S=3,tt4479380,tt4479380.jpg,action,action
imdb,all_I=motion_blur_S=3,tt13872248,tt13872248.jpg,horror,horror
imdb,all_I=motion_blur_S=3,tt12944128,tt12944128.jpg,romance,romance
imdb,all_I=motion_blur_S=3,tt24786154,tt24786154.jpg,romance,romance
imdb,all_I=motion_blur_S=3,tt7126948,tt7126948.jpg,action,action
imdb,all_I=motion_blur_S=3,tt6587640,tt6587640.jpg,comedy,comedy
imdb,all_I=motion_blur_S=3,tt12298140,tt12298140.jpg,horror,horror
imdb,all_I=motion_blur_S=3,tt4589218,tt4589218.jpg,horror,horror
imdb,all_I=motion_blur_S=3,tt14158554,tt14158554.jpg,action,action
imdb,all_I=motion_blur_S=3,tt9205538,tt9205538.jpg,horror,romance
imdb,all_I=motion_blur_S=3,tt11365186,tt11365186.jpg,romance,romance
imdb,all_I=motion_blur_S=3,tt14438964,tt14438964.jpg,comedy,comedy
imdb,all_I=motion_blur_S=3,tt12261776,tt12261776.jpg,action,action
imdb,all_I=motion_blur_S=3,tt9894660,tt9894660.jpg,comedy,comedy
imdb,all_I=motion_blur_S=3,tt7212754,tt7212754.jpg,comedy,action
imdb,all_I=motion_blur_S=3,tt15327088,tt15327088.jpg,action,action
imdb,all_I=motion_blur_S=3,tt7099280,tt7099280.jpg,romance,romance
imdb,all_I=motion_blur_S=3,tt27564994,tt27564994.jpg,horror,horror
imdb,all_I=motion_blur_S=3,tt14857730,tt14857730.jpg,action,action
imdb,all_I=motion_blur_S=3,tt1517268,tt1517268.jpg,comedy,comedy
imdb,all_I=motion_blur_S=3,tt10978398,tt10978398.jpg,action,action
imdb,all_I=motion_blur_S=3,tt4081630,tt4081630.jpg,comedy,romance
imdb,all_I=motion_blur_S=3,tt10323676,tt10323676.jpg,action,action
imdb,all_I=motion_blur_S=3,tt5108870,tt5108870.jpg,horror,horror
imdb,all_I=motion_blur_S=3,tt6673612,tt6673612.jpg,comedy,comedy
imdb,all_I=motion_blur_S=3,tt6020800,tt6020800.jpg,action,action
imdb,all_I=motion_blur_S=3,tt9340916,tt9340916.jpg,horror,horror
imdb,all_I=motion_blur_S=3,tt15552494,tt15552494.jpg,horror,horror
imdb,all_I=motion_blur_S=3,tt11012066,tt11012066.jpg,comedy,comedy
imdb,all_I=motion_blur_S=3,tt14309446,tt14309446.jpg,comedy,comedy
imdb,all_I=motion_blur_S=3,tt11310608,tt11310608.jpg,comedy,romance
imdb,all_I=motion_blur_S=3,tt12298506,tt12298506.jpg,horror,horror
imdb,all_I=motion_blur_S=3,tt14308636,tt14308636.jpg,comedy,comedy
imdb,all_I=motion_blur_S=3,tt10161886,tt10161886.jpg,comedy,comedy
imdb,all_I=occlusion_S=3,tt1798632,tt1798632.jpg,horror,horror
imdb,all_I=occlusion_S=3,tt9214832,tt9214832.jpg,comedy,comedy
imdb,all_I=occlusion_S=3,tt21249656,tt21249656.jpg,romance,romance
imdb,all_I=occlusion_S=3,tt7149730,tt7149730.jpg,horror,action
imdb,all_I=occlusion_S=3,tt3876910,tt3876910.jpg,action,action
imdb,all_I=occlusion_S=3,tt12064810,tt12064810.jpg,action,action
imdb,all_I=occlusion_S=3,tt8593824,tt8593824.jpg,action,action
imdb,all_I=occlusion_S=3,tt21146854,tt21146854.jpg,romance,romance
imdb,all_I=occlusion_S=3,tt9624766,tt9624766.jpg,action,action
imdb,all_I=occlusion_S=3,tt12447796,tt12447796.jpg,horror,horror
imdb,all_I=occlusion_S=3,tt20199226,tt20199226.jpg,comedy,comedy
imdb,all_I=occlusion_S=3,tt3758814,tt3758814.jpg,horror,action
imdb,all_I=occlusion_S=3,tt14873054,tt14873054.jpg,action,action
imdb,all_I=occlusion_S=3,tt21403538,tt21403538.jpg,comedy,romance
imdb,all_I=occlusion_S=3,tt17202326,tt17202326.jpg,horror,horror
imdb,all_I=occlusion_S=3,tt8672856,tt8672856.jpg,romance,romance
imdb,all_I=occlusion_S=3,tt14265992,tt14265992.jpg,horror,horror
imdb,all_I=occlusion_S=3,tt10307440,tt10307440.jpg,horror,action
imdb,all_I=occlusion_S=3,tt14405338,tt14405338.jpg,horror,horror
imdb,all_I=occlusion_S=3,tt13375076,tt13375076.jpg,horror,horror
imdb,all_I=occlusion_S=3,tt11271038,tt11271038.jpg,comedy,comedy
imdb,all_I=occlusion_S=3,tt10308928,tt10308928.jpg,horror,action
imdb,all_I=occlusion_S=3,tt7628504,tt7628504.jpg,horror,horror
imdb,all_I=occlusion_S=3,tt15521050,tt15521050.jpg,romance,romance
imdb,all_I=occlusion_S=3,tt12724306,tt12724306.jpg,horror,horror
imdb,all_I=occlusion_S=3,tt7144666,tt7144666.jpg,horror,horror
imdb,all_I=occlusion_S=3,tt12829958,tt12829958.jpg,horror,horror
imdb,all_I=occlusion_S=3,tt15683734,tt15683734.jpg,horror,horror
imdb,all_I=occlusion_S=3,tt4983780,tt4983780.jpg,action,action
imdb,all_I=occlusion_S=3,tt8110652,tt8110652.jpg,horror,horror
imdb,all_I=occlusion_S=3,tt9686790,tt9686790.jpg,comedy,romance
imdb,all_I=occlusion_S=3,tt9054192,tt9054192.jpg,comedy,comedy
imdb,all_I=occlusion_S=3,tt12263384,tt12263384.jpg,action,action
imdb,all_I=occlusion_S=3,tt8521876,tt8521876.jpg,comedy,comedy
imdb,all_I=occlusion_S=3,tt14138650,tt14138650.jpg,horror,horror
imdb,all_I=occlusion_S=3,tt1655444,tt1655444.jpg,action,action
imdb,all_I=occlusion_S=3,tt24082454,tt24082454.jpg,horror,horror
imdb,all_I=occlusion_S=3,tt7737528,tt7737528.jpg,action,action
imdb,all_I=occlusion_S=3,tt9362722,tt9362722.jpg,action,action
imdb,all_I=occlusion_S=3,tt12735282,tt12735282.jpg,horror,horror
imdb,all_I=occlusion_S=3,tt8150814,tt8150814.jpg,horror,horror
imdb,all_I=occlusion_S=3,tt9603212,tt9603212.jpg,action,action
imdb,all_I=occlusion_S=3,tt22487338,tt22487338.jpg,romance,romance
imdb,all_I=occlusion_S=3,tt13304948,tt13304948.jpg,horror,horror
imdb,all_I=occlusion_S=3,tt6079772,tt6079772.jpg,action,action
imdb,all_I=occlusion_S=3,tt22640398,tt22640398.jpg,horror,horror
imdb,all_I=occlusion_S=3,tt13400336,tt13400336.jpg,action,action
imdb,all_I=occlusion_S=3,tt11851548,tt11851548.jpg,horror,horror
imdb,all_I=occlusion_S=3,tt7440124,tt7440124.jpg,horror,horror
imdb,all_I=occlusion_S=3,tt12574708,tt12574708.jpg,horror,horror
imdb,all_I=occlusion_S=3,tt5433138,tt5433138.jpg,action,action
imdb,all_I=occlusion_S=3,tt12335692,tt12335692.jpg,horror,action
imdb,all_I=occlusion_S=3,tt13822738,tt13822738.jpg,comedy,action
imdb,all_I=occlusion_S=3,tt9669176,tt9669176.jpg,action,action
imdb,all_I=occlusion_S=3,tt15441472,tt15441472.jpg,horror,action
imdb,all_I=occlusion_S=3,tt18411490,tt18411490.jpg,action,action
imdb,all_I=occlusion_S=3,tt10954600,tt10954600.jpg,action,action
imdb,all_I=occlusion_S=3,tt19898888,tt19898888.jpg,horror,horror
imdb,all_I=occlusion_S=3,tt9114286,tt9114286.jpg,action,action
imdb,all_I=occlusion_S=3,tt22394694,tt22394694.jpg,action,action
imdb,all_I=occlusion_S=3,tt3612126,tt3612126.jpg,horror,horror
imdb,all_I=occlusion_S=3,tt3215824,tt3215824.jpg,action,action
imdb,all_I=occlusion_S=3,tt15422240,tt15422240.jpg,action,action
imdb,all_I=occlusion_S=3,tt26445483,tt26445483.jpg,comedy,comedy
imdb,all_I=occlusion_S=3,tt2463208,tt2463208.jpg,action,action
imdb,all_I=occlusion_S=3,tt9013340,tt9013340.jpg,comedy,comedy
imdb,all_I=occlusion_S=3,tt9320140,tt9320140.jpg,comedy,romance
imdb,all_I=occlusion_S=3,tt10916810,tt10916810.jpg,horror,horror
imdb,all_I=occlusion_S=3,tt15474916,tt15474916.jpg,horror,horror
imdb,all_I=occlusion_S=3,tt15824990,tt15824990.jpg,horror,horror
imdb,all_I=occlusion_S=3,tt1697800,tt1697800.jpg,action,action
imdb,all_I=occlusion_S=3,tt10404944,tt10404944.jpg,action,action
imdb,all_I=occlusion_S=3,tt14687418,tt14687418.jpg,horror,horror
imdb,all_I=occlusion_S=3,tt13302660,tt13302660.jpg,action,action
imdb,all_I=occlusion_S=3,tt1502397,tt1502397.jpg,action,action
imdb,all_I=occlusion_S=3,tt10618286,tt10618286.jpg,drama,comedy
imdb,all_I=occlusion_S=3,tt6561576,tt6561576.jpg,horror,horror
imdb,all_I=occlusion_S=3,tt15242330,tt15242330.jpg,action,comedy
imdb,all_I=occlusion_S=3,tt22085392,tt22085392.jpg,horror,horror
imdb,all_I=occlusion_S=3,tt15891388,tt15891388.jpg,comedy,romance
imdb,all_I=occlusion_S=3,tt26439204,tt26439204.jpg,action,action
imdb,all_I=occlusion_S=3,tt10600398,tt10600398.jpg,action,comedy
imdb,all_I=occlusion_S=3,tt13634480,tt13634480.jpg,comedy,comedy
imdb,all_I=occlusion_S=3,tt9207700,tt9207700.jpg,comedy,comedy
imdb,all_I=occlusion_S=3,tt11057644,tt11057644.jpg,comedy,comedy
imdb,all_I=occlusion_S=3,tt9288748,tt9288748.jpg,comedy,comedy
imdb,all_I=occlusion_S=3,tt10737918,tt10737918.jpg,action,action
imdb,all_I=occlusion_S=3,tt8332922,tt8332922.jpg,horror,horror
imdb,all_I=occlusion_S=3,tt9173154,tt9173154.jpg,horror,horror
imdb,all_I=occlusion_S=3,tt7768720,tt7768720.jpg,horror,romance
imdb,all_I=occlusion_S=3,tt11809034,tt11809034.jpg,action,action
imdb,all_I=occlusion_S=3,tt8760708,tt8760708.jpg,horror,horror
imdb,all_I=occlusion_S=3,tt9086228,tt9086228.jpg,horror,horror
imdb,all_I=occlusion_S=3,tt14013772,tt14013772.jpg,horror,horror
imdb,all_I=occlusion_S=3,tt26470099,tt26470099.jpg,horror,horror
imdb,all_I=occlusion_S=3,tt9784708,tt9784708.jpg,action,action
imdb,all_I=occlusion_S=3,tt9376612,tt9376612.jpg,action,action
imdb,all_I=occlusion_S=3,tt1136617,tt1136617.jpg,horror,action
imdb,all_I=occlusion_S=3,tt3915174,tt3915174.jpg,comedy,comedy
imdb,all_I=occlusion_S=3,tt27572862,tt27572862.jpg,horror,horror
imdb,all_I=occlusion_S=3,tt18072540,tt18072540.jpg,horror,horror
imdb,all_I=occlusion_S=3,tt14152140,tt14152140.jpg,horror,comedy
imdb,all_I=occlusion_S=3,tt13923456,tt13923456.jpg,comedy,action
imdb,all_I=occlusion_S=3,tt11827628,tt11827628.jpg,action,action
imdb,all_I=occlusion_S=3,tt18548186,tt18548186.jpg,horror,horror
imdb,all_I=occlusion_S=3,tt8784956,tt8784956.jpg,action,action
imdb,all_I=occlusion_S=3,tt0870154,tt0870154.jpg,adventure,action
imdb,all_I=occlusion_S=3,tt10160974,tt10160974.jpg,horror,horror
imdb,all_I=occlusion_S=3,tt20222202,tt20222202.jpg,horror,action
imdb,all_I=occlusion_S=3,tt11075540,tt11075540.jpg,horror,horror
imdb,all_I=occlusion_S=3,tt17042714,tt17042714.jpg,horror,horror
imdb,all_I=occlusion_S=3,tt15048614,tt15048614.jpg,horror,horror
imdb,all_I=occlusion_S=3,tt12801814,tt12801814.jpg,horror,horror
imdb,all_I=occlusion_S=3,tt10734864,tt10734864.jpg,horror,horror
imdb,all_I=occlusion_S=3,tt8637498,tt8637498.jpg,action,comedy
imdb,all_I=occlusion_S=3,tt22505124,tt22505124.jpg,horror,horror
imdb,all_I=occlusion_S=3,tt14557188,tt14557188.jpg,horror,horror
imdb,all_I=occlusion_S=3,tt10952782,tt10952782.jpg,horror,horror
imdb,all_I=occlusion_S=3,tt20854842,tt20854842.jpg,romance,romance
imdb,all_I=occlusion_S=3,tt10028196,tt10028196.jpg,romance,romance
imdb,all_I=occlusion_S=3,tt1745960,tt1745960.jpg,action,action
imdb,all_I=occlusion_S=3,tt6566576,tt6566576.jpg,horror,horror
imdb,all_I=occlusion_S=3,tt9619798,tt9619798.jpg,comedy,romance
imdb,all_I=occlusion_S=3,tt5748448,tt5748448.jpg,action,action
imdb,all_I=occlusion_S=3,tt12683756,tt12683756.jpg,horror,horror
imdb,all_I=occlusion_S=3,tt12226872,tt12226872.jpg,horror,horror
imdb,all_I=occlusion_S=3,tt10772662,tt10772662.jpg,horror,horror
imdb,all_I=occlusion_S=3,tt14668630,tt14668630.jpg,comedy,comedy
imdb,all_I=occlusion_S=3,tt10334222,tt10334222.jpg,horror,horror
imdb,all_I=occlusion_S=3,tt13007592,tt13007592.jpg,comedy,romance
imdb,all_I=occlusion_S=3,tt1777606,tt1777606.jpg,comedy,romance
imdb,all_I=occlusion_S=3,tt13320662,tt13320662.jpg,Adventure,comedy
imdb,all_I=occlusion_S=3,tt6402468,tt6402468.jpg,horror,horror
imdb,all_I=occlusion_S=3,tt11564570,tt11564570.jpg,comedy,comedy
imdb,all_I=occlusion_S=3,tt6264654,tt6264654.jpg,comedy,action
imdb,all_I=occlusion_S=3,tt9834506,tt9834506.jpg,horror,horror
imdb,all_I=occlusion_S=3,tt10701458,tt10701458.jpg,horror,horror
imdb,all_I=occlusion_S=3,tt18079362,tt18079362.jpg,comedy,comedy
imdb,all_I=occlusion_S=3,tt10733228,tt10733228.jpg,romance,romance
imdb,all_I=occlusion_S=3,tt10838180,tt10838180.jpg,action,action
imdb,all_I=occlusion_S=3,tt18361658,tt18361658.jpg,romance,romance
imdb,all_I=occlusion_S=3,tt13846414,tt13846414.jpg,horror,romance
imdb,all_I=occlusion_S=3,tt11448138,tt11448138.jpg,horror,horror
imdb,all_I=occlusion_S=3,tt18260564,tt18260564.jpg,horror,horror
imdb,all_I=occlusion_S=3,tt8332802,tt8332802.jpg,horror,horror
imdb,all_I=occlusion_S=3,tt6968614,tt6968614.jpg,action,action
imdb,all_I=occlusion_S=3,tt23898856,tt23898856.jpg,action,action
imdb,all_I=occlusion_S=3,tt17202164,tt17202164.jpg,horror,horror
imdb,all_I=occlusion_S=3,tt7979580,tt7979580.jpg,comedy,comedy
imdb,all_I=occlusion_S=3,tt7599146,tt7599146.jpg,action,action
imdb,all_I=occlusion_S=3,tt1462764,tt1462764.jpg,action,action
imdb,all_I=occlusion_S=3,tt14402146,tt14402146.jpg,drama,romance
imdb,all_I=occlusion_S=3,tt14895216,tt14895216.jpg,horror,horror
imdb,all_I=occlusion_S=3,tt11377298,tt11377298.jpg,action,action
imdb,all_I=occlusion_S=3,tt11576124,tt11576124.jpg,action,action
imdb,all_I=occlusion_S=3,tt11358390,tt11358390.jpg,horror,horror
imdb,all_I=occlusion_S=3,tt15438542,tt15438542.jpg,action,action
imdb,all_I=occlusion_S=3,tt13056008,tt13056008.jpg,horror,horror
imdb,all_I=occlusion_S=3,tt22086334,tt22086334.jpg,comedy,comedy
imdb,all_I=occlusion_S=3,tt12373754,tt12373754.jpg,horror,horror
imdb,all_I=occlusion_S=3,tt10279472,tt10279472.jpg,horror,horror
imdb,all_I=occlusion_S=3,tt7711170,tt7711170.jpg,horror,horror
imdb,all_I=occlusion_S=3,tt14412366,tt14412366.jpg,action,action
imdb,all_I=occlusion_S=3,tt11742798,tt11742798.jpg,comedy,comedy
imdb,all_I=occlusion_S=3,tt9110170,tt9110170.jpg,horror,horror
imdb,all_I=occlusion_S=3,tt0439572,tt0439572.jpg,action,action
imdb,all_I=occlusion_S=3,tt2382320,tt2382320.jpg,action,action
imdb,all_I=occlusion_S=3,tt11252440,tt11252440.jpg,action,comedy
imdb,all_I=occlusion_S=3,tt9472334,tt9472334.jpg,horror,horror
imdb,all_I=occlusion_S=3,tt12915716,tt12915716.jpg,action,action
imdb,all_I=occlusion_S=3,tt15393652,tt15393652.jpg,comedy,romance
imdb,all_I=occlusion_S=3,tt22987848,tt22987848.jpg,horror,horror
imdb,all_I=occlusion_S=3,tt15441054,tt15441054.jpg,action,action
imdb,all_I=occlusion_S=3,tt9663168,tt9663168.jpg,action,horror
imdb,all_I=occlusion_S=3,tt7560830,tt7560830.jpg,horror,horror
imdb,all_I=occlusion_S=3,tt9365800,tt9365800.jpg,horror,action
imdb,all_I=occlusion_S=3,tt9701940,tt9701940.jpg,horror,horror
imdb,all_I=occlusion_S=3,tt3465026,tt3465026.jpg,comedy,comedy
imdb,all_I=occlusion_S=3,tt9044418,tt9044418.jpg,action,action
imdb,all_I=occlusion_S=3,tt15548074,tt15548074.jpg,horror,horror
imdb,all_I=occlusion_S=3,tt11656220,tt11656220.jpg,horror,action
imdb,all_I=occlusion_S=3,tt17156822,tt17156822.jpg,action,action
imdb,all_I=occlusion_S=3,tt14400246,tt14400246.jpg,horror,horror
imdb,all_I=occlusion_S=3,tt10457128,tt10457128.jpg,comedy,romance
imdb,all_I=occlusion_S=3,tt8404256,tt8404256.jpg,action,action
imdb,all_I=occlusion_S=3,tt27816768,tt27816768.jpg,comedy,comedy
imdb,all_I=occlusion_S=3,tt13363828,tt13363828.jpg,horror,horror
imdb,all_I=occlusion_S=3,tt12908110,tt12908110.jpg,horror,horror
imdb,all_I=occlusion_S=3,tt7134096,tt7134096.jpg,action,action
imdb,all_I=occlusion_S=3,tt9264728,tt9264728.jpg,horror,horror
imdb,all_I=occlusion_S=3,tt10172266,tt10172266.jpg,comedy,romance
imdb,all_I=occlusion_S=3,tt3197780,tt3197780.jpg,comedy,comedy
imdb,all_I=occlusion_S=3,tt9907782,tt9907782.jpg,horror,horror
imdb,all_I=occlusion_S=3,tt10696784,tt10696784.jpg,action,action
imdb,all_I=occlusion_S=3,tt10788058,tt10788058.jpg,action,action
imdb,all_I=occlusion_S=3,tt1321510,tt1321510.jpg,musical,romance
imdb,all_I=occlusion_S=3,tt13092974,tt13092974.jpg,horror,horror
imdb,all_I=occlusion_S=3,tt2560092,tt2560092.jpg,comedy,comedy
imdb,all_I=occlusion_S=3,tt8912936,tt8912936.jpg,comedy,action
imdb,all_I=occlusion_S=3,tt9419884,tt9419884.jpg,action,action
imdb,all_I=occlusion_S=3,tt12788488,tt12788488.jpg,horror,horror
imdb,all_I=occlusion_S=3,tt9072352,tt9072352.jpg,horror,horror
imdb,all_I=occlusion_S=3,tt0983946,tt0983946.jpg,horror,horror
imdb,all_I=occlusion_S=3,tt10935560,tt10935560.jpg,horror,horror
imdb,all_I=occlusion_S=3,tt14781176,tt14781176.jpg,horror,horror
imdb,all_I=occlusion_S=3,tt15354916,tt15354916.jpg,action,action
imdb,all_I=occlusion_S=3,tt8456190,tt8456190.jpg,comedy,action
imdb,all_I=occlusion_S=3,tt21106970,tt21106970.jpg,comedy,comedy
imdb,all_I=occlusion_S=3,tt15768848,tt15768848.jpg,horror,romance
imdb,all_I=occlusion_S=3,tt7638348,tt7638348.jpg,action,action
imdb,all_I=occlusion_S=3,tt4876134,tt4876134.jpg,action,action
imdb,all_I=occlusion_S=3,tt8760280,tt8760280.jpg,romance,romance
imdb,all_I=occlusion_S=3,tt23136186,tt23136186.jpg,horror,horror
imdb,all_I=occlusion_S=3,tt8296030,tt8296030.jpg,horror,horror
imdb,all_I=occlusion_S=3,tt11905962,tt11905962.jpg,horror,horror
imdb,all_I=occlusion_S=3,tt4682266,tt4682266.jpg,action,horror
imdb,all_I=occlusion_S=3,tt12472174,tt12472174.jpg,horror,horror
imdb,all_I=occlusion_S=3,tt7556122,tt7556122.jpg,action,action
imdb,all_I=occlusion_S=3,tt8114980,tt8114980.jpg,horror,horror
imdb,all_I=occlusion_S=3,tt12834962,tt12834962.jpg,comedy,comedy
imdb,all_I=occlusion_S=3,tt17076046,tt17076046.jpg,comedy,comedy
imdb,all_I=occlusion_S=3,tt15528292,tt15528292.jpg,action,action
imdb,all_I=occlusion_S=3,tt25403492,tt25403492.jpg,horror,horror
imdb,all_I=occlusion_S=3,tt14039086,tt14039086.jpg,action,action
imdb,all_I=occlusion_S=3,tt11514780,tt11514780.jpg,horror,horror
imdb,all_I=occlusion_S=3,tt11327514,tt11327514.jpg,comedy,comedy
imdb,all_I=occlusion_S=3,tt12877640,tt12877640.jpg,horror,horror
imdb,all_I=occlusion_S=3,tt11891246,tt11891246.jpg,horror,horror
imdb,all_I=occlusion_S=3,tt13024674,tt13024674.jpg,action,action
imdb,all_I=occlusion_S=3,tt15600222,tt15600222.jpg,action,action
imdb,all_I=occlusion_S=3,tt14091818,tt14091818.jpg,horror,romance
imdb,all_I=occlusion_S=3,tt4029412,tt4029412.jpg,action,action
imdb,all_I=occlusion_S=3,tt7504818,tt7504818.jpg,comedy,comedy
imdb,all_I=occlusion_S=3,tt20424130,tt20424130.jpg,action,action
imdb,all_I=occlusion_S=3,tt1016150,tt1016150.jpg,horror,action
imdb,all_I=occlusion_S=3,tt11084896,tt11084896.jpg,comedy,comedy
imdb,all_I=occlusion_S=3,tt7214954,tt7214954.jpg,comedy,comedy
imdb,all_I=occlusion_S=3,tt12823454,tt12823454.jpg,comedy,romance
imdb,all_I=occlusion_S=3,tt15671028,tt15671028.jpg,comedy,romance
imdb,all_I=occlusion_S=3,tt10229558,tt10229558.jpg,horror,horror
imdb,all_I=occlusion_S=3,tt8376234,tt8376234.jpg,comedy,comedy
imdb,all_I=occlusion_S=3,tt8656686,tt8656686.jpg,horror,horror
imdb,all_I=occlusion_S=3,tt17663992,tt17663992.jpg,horror,horror
imdb,all_I=occlusion_S=3,tt10451914,tt10451914.jpg,action,action
imdb,all_I=occlusion_S=3,tt15516726,tt15516726.jpg,comedy,comedy
imdb,all_I=occlusion_S=3,tt12851396,tt12851396.jpg,action,action
imdb,all_I=occlusion_S=3,tt9387250,tt9387250.jpg,action,action
imdb,all_I=occlusion_S=3,tt10127684,tt10127684.jpg,action,action
imdb,all_I=occlusion_S=3,tt8589698,tt8589698.jpg,action,comedy
imdb,all_I=occlusion_S=3,tt15734582,tt15734582.jpg,action,action
imdb,all_I=occlusion_S=3,tt12390572,tt12390572.jpg,horror,horror
imdb,all_I=occlusion_S=3,tt6508228,tt6508228.jpg,horror,horror
imdb,all_I=occlusion_S=3,tt1830643,tt1830643.jpg,horror,horror
imdb,all_I=occlusion_S=3,tt14298216,tt14298216.jpg,horror,horror
imdb,all_I=occlusion_S=3,tt21250176,tt21250176.jpg,horror,horror
imdb,all_I=occlusion_S=3,tt7550000,tt7550000.jpg,action,action
imdb,all_I=occlusion_S=3,tt6723592,tt6723592.jpg,action,action
imdb,all_I=occlusion_S=3,tt10366206,tt10366206.jpg,action,action
imdb,all_I=occlusion_S=3,tt5624466,tt5624466.jpg,horror,horror
imdb,all_I=occlusion_S=3,tt8093700,tt8093700.jpg,action,action
imdb,all_I=occlusion_S=3,tt5012504,tt5012504.jpg,action,action
imdb,all_I=occlusion_S=3,tt9308382,tt9308382.jpg,comedy,romance
imdb,all_I=occlusion_S=3,tt15847880,tt15847880.jpg,horror,horror
imdb,all_I=occlusion_S=3,tt19175696,tt19175696.jpg,horror,horror
imdb,all_I=occlusion_S=3,tt10228134,tt10228134.jpg,comedy,action
imdb,all_I=occlusion_S=3,tt11881160,tt11881160.jpg,horror,horror
imdb,all_I=occlusion_S=3,tt10638522,tt10638522.jpg,horror,horror
imdb,all_I=occlusion_S=3,tt9695722,tt9695722.jpg,action,action
imdb,all_I=occlusion_S=3,tt14995258,tt14995258.jpg,horror,romance
imdb,all_I=occlusion_S=3,tt27989067,tt27989067.jpg,horror,romance
imdb,all_I=occlusion_S=3,tt9784456,tt9784456.jpg,romance,romance
imdb,all_I=occlusion_S=3,tt15654328,tt15654328.jpg,action,action
imdb,all_I=occlusion_S=3,tt13429362,tt13429362.jpg,horror,horror
imdb,all_I=occlusion_S=3,tt14858054,tt14858054.jpg,horror,horror
imdb,all_I=occlusion_S=3,tt7354440,tt7354440.jpg,horror,horror
imdb,all_I=occlusion_S=3,tt21907174,tt21907174.jpg,comedy,comedy
imdb,all_I=occlusion_S=3,tt12885852,tt12885852.jpg,action,action
imdb,all_I=occlusion_S=3,tt8426926,tt8426926.jpg,action,action
imdb,all_I=occlusion_S=3,tt10691162,tt10691162.jpg,horror,horror
imdb,all_I=occlusion_S=3,tt11125620,tt11125620.jpg,comedy,comedy
imdb,all_I=occlusion_S=3,tt4495098,tt4495098.jpg,action,action
imdb,all_I=occlusion_S=3,tt20114976,tt20114976.jpg,horror,horror
imdb,all_I=occlusion_S=3,tt9606374,tt9606374.jpg,comedy,comedy
imdb,all_I=occlusion_S=3,tt14145436,tt14145436.jpg,horror,horror
imdb,all_I=occlusion_S=3,tt22889164,tt22889164.jpg,comedy,action
imdb,all_I=occlusion_S=3,tt9742794,tt9742794.jpg,action,action
imdb,all_I=occlusion_S=3,tt7947604,tt7947604.jpg,comedy,romance
imdb,all_I=occlusion_S=3,tt7740510,tt7740510.jpg,horror,horror
imdb,all_I=occlusion_S=3,tt6334354,tt6334354.jpg,action,action
imdb,all_I=occlusion_S=3,tt7888964,tt7888964.jpg,action,action
imdb,all_I=occlusion_S=3,tt20850406,tt20850406.jpg,romance,romance
imdb,all_I=occlusion_S=3,tt5113044,tt5113044.jpg,action,comedy
imdb,all_I=occlusion_S=3,tt18968540,tt18968540.jpg,horror,horror
imdb,all_I=occlusion_S=3,tt1630029,tt1630029.jpg,action,action
imdb,all_I=occlusion_S=3,tt1877830,tt1877830.jpg,action,action
imdb,all_I=occlusion_S=3,tt13603966,tt13603966.jpg,action,action
imdb,all_I=occlusion_S=3,tt11301946,tt11301946.jpg,action,action
imdb,all_I=occlusion_S=3,tt6705162,tt6705162.jpg,comedy,comedy
imdb,all_I=occlusion_S=3,tt14099334,tt14099334.jpg,horror,horror
imdb,all_I=occlusion_S=3,tt10701074,tt10701074.jpg,action,action
imdb,all_I=occlusion_S=3,tt7035004,tt7035004.jpg,action,action
imdb,all_I=occlusion_S=3,tt1001520,tt1001520.jpg,horror,horror
imdb,all_I=occlusion_S=3,tt9173418,tt9173418.jpg,horror,horror
imdb,all_I=occlusion_S=3,tt10473036,tt10473036.jpg,comedy,comedy
imdb,all_I=occlusion_S=3,tt7267498,tt7267498.jpg,horror,horror
imdb,all_I=occlusion_S=3,tt5843876,tt5843876.jpg,romance,romance
imdb,all_I=occlusion_S=3,tt15655826,tt15655826.jpg,horror,romance
imdb,all_I=occlusion_S=3,tt3278540,tt3278540.jpg,comedy,romance
imdb,all_I=occlusion_S=3,tt0293429,tt0293429.jpg,action,action
imdb,all_I=occlusion_S=3,tt0499097,tt0499097.jpg,action,action
imdb,all_I=occlusion_S=3,tt16252698,tt16252698.jpg,romance,romance
imdb,all_I=occlusion_S=3,tt15783426,tt15783426.jpg,comedy,action
imdb,all_I=occlusion_S=3,tt5950596,tt5950596.jpg,horror,horror
imdb,all_I=occlusion_S=3,tt11951276,tt11951276.jpg,comedy,comedy
imdb,all_I=occlusion_S=3,tt4593060,tt4593060.jpg,comedy,comedy
imdb,all_I=occlusion_S=3,tt28073548,tt28073548.jpg,romance,romance
imdb,all_I=occlusion_S=3,tt15684426,tt15684426.jpg,horror,horror
imdb,all_I=occlusion_S=3,tt8246646,tt8246646.jpg,action,action
imdb,all_I=occlusion_S=3,tt16527824,tt16527824.jpg,action,action
imdb,all_I=occlusion_S=3,tt3554046,tt3554046.jpg,action,comedy
imdb,all_I=occlusion_S=3,tt3480822,tt3480822.jpg,action,action
imdb,all_I=occlusion_S=3,tt8041270,tt8041270.jpg,action,action
imdb,all_I=occlusion_S=3,tt5761544,tt5761544.jpg,action,action
imdb,all_I=occlusion_S=3,tt4998632,tt4998632.jpg,action,action
imdb,all_I=occlusion_S=3,tt4028464,tt4028464.jpg,horror,horror
imdb,all_I=occlusion_S=3,tt9691136,tt9691136.jpg,horror,action
imdb,all_I=occlusion_S=3,tt2948372,tt2948372.jpg,comedy,comedy
imdb,all_I=occlusion_S=3,tt14502344,tt14502344.jpg,horror,horror
imdb,all_I=occlusion_S=3,tt12873562,tt12873562.jpg,horror,horror
imdb,all_I=occlusion_S=3,tt11138512,tt11138512.jpg,action,action
imdb,all_I=occlusion_S=3,tt2943178,tt2943178.jpg,action,action
imdb,all_I=occlusion_S=3,tt5884796,tt5884796.jpg,action,action
imdb,all_I=occlusion_S=3,tt8080204,tt8080204.jpg,horror,action
imdb,all_I=occlusion_S=3,tt22023218,tt22023218.jpg,horror,horror
imdb,all_I=occlusion_S=3,tt8201852,tt8201852.jpg,horror,horror
imdb,all_I=occlusion_S=3,tt20853816,tt20853816.jpg,horror,horror
imdb,all_I=occlusion_S=3,tt3917710,tt3917710.jpg,horror,action
imdb,all_I=occlusion_S=3,tt12283036,tt12283036.jpg,horror,horror
imdb,all_I=occlusion_S=3,tt16431882,tt16431882.jpg,horror,horror
imdb,all_I=occlusion_S=3,tt20672534,tt20672534.jpg,comedy,comedy
imdb,all_I=occlusion_S=3,tt11080108,tt11080108.jpg,comedy,romance
imdb,all_I=occlusion_S=3,tt14438348,tt14438348.jpg,horror,horror
imdb,all_I=occlusion_S=3,tt7991608,tt7991608.jpg,action,action
imdb,all_I=occlusion_S=3,tt13055982,tt13055982.jpg,action,action
imdb,all_I=occlusion_S=3,tt13327038,tt13327038.jpg,horror,comedy
imdb,all_I=occlusion_S=3,tt18073328,tt18073328.jpg,action,action
imdb,all_I=occlusion_S=3,tt26675777,tt26675777.jpg,action,horror
imdb,all_I=occlusion_S=3,tt14109724,tt14109724.jpg,comedy,romance
imdb,all_I=occlusion_S=3,tt16278434,tt16278434.jpg,action,action
imdb,all_I=occlusion_S=3,tt6791350,tt6791350.jpg,action,comedy
imdb,all_I=occlusion_S=3,tt21628198,tt21628198.jpg,action,action
imdb,all_I=occlusion_S=3,tt8005118,tt8005118.jpg,comedy,comedy
imdb,all_I=occlusion_S=3,tt6443346,tt6443346.jpg,action,action
imdb,all_I=occlusion_S=3,tt7026488,tt7026488.jpg,horror,horror
imdb,all_I=occlusion_S=3,tt12861508,tt12861508.jpg,action,action
imdb,all_I=occlusion_S=3,tt3781118,tt3781118.jpg,action,action
imdb,all_I=occlusion_S=3,tt21651560,tt21651560.jpg,horror,horror
imdb,all_I=occlusion_S=3,tt4257940,tt4257940.jpg,comedy,romance
imdb,all_I=occlusion_S=3,tt10223460,tt10223460.jpg,comedy,romance
imdb,all_I=occlusion_S=3,tt19713090,tt19713090.jpg,action,action
imdb,all_I=occlusion_S=3,tt12712604,tt12712604.jpg,comedy,comedy
imdb,all_I=occlusion_S=3,tt11400902,tt11400902.jpg,horror,horror
imdb,all_I=occlusion_S=3,tt1160419,tt1160419.jpg,action,action
imdb,all_I=occlusion_S=3,tt12749596,tt12749596.jpg,horror,horror
imdb,all_I=occlusion_S=3,tt6217926,tt6217926.jpg,horror,romance
imdb,all_I=occlusion_S=3,tt13057276,tt13057276.jpg,horror,horror
imdb,all_I=occlusion_S=3,tt8593904,tt8593904.jpg,comedy,romance
imdb,all_I=occlusion_S=3,tt8936646,tt8936646.jpg,action,action
imdb,all_I=occlusion_S=3,tt18376308,tt18376308.jpg,horror,horror
imdb,all_I=occlusion_S=3,tt14867006,tt14867006.jpg,horror,horror
imdb,all_I=occlusion_S=3,tt9183978,tt9183978.jpg,horror,horror
imdb,all_I=occlusion_S=3,tt8367084,tt8367084.jpg,romance,comedy
imdb,all_I=occlusion_S=3,tt13430858,tt13430858.jpg,comedy,romance
imdb,all_I=occlusion_S=3,tt9777666,tt9777666.jpg,action,action
imdb,all_I=occlusion_S=3,tt21087084,tt21087084.jpg,romance,romance
imdb,all_I=occlusion_S=3,tt19267924,tt19267924.jpg,comedy,romance
imdb,all_I=occlusion_S=3,tt11905536,tt11905536.jpg,horror,action
imdb,all_I=occlusion_S=3,tt3811906,tt3811906.jpg,horror,horror
imdb,all_I=occlusion_S=3,tt4244994,tt4244994.jpg,action,action
imdb,all_I=occlusion_S=3,tt24546804,tt24546804.jpg,romance,romance
imdb,all_I=occlusion_S=3,tt10886166,tt10886166.jpg,romance,romance
imdb,all_I=occlusion_S=3,tt9271672,tt9271672.jpg,horror,horror
imdb,all_I=occlusion_S=3,tt9204328,tt9204328.jpg,horror,horror
imdb,all_I=occlusion_S=3,tt9602472,tt9602472.jpg,horror,horror
imdb,all_I=occlusion_S=3,tt8560172,tt8560172.jpg,comedy,comedy
imdb,all_I=occlusion_S=3,tt6372694,tt6372694.jpg,action,horror
imdb,all_I=occlusion_S=3,tt12844910,tt12844910.jpg,action,action
imdb,all_I=occlusion_S=3,tt8302918,tt8302918.jpg,romance,romance
imdb,all_I=occlusion_S=3,tt12801262,tt12801262.jpg,comedy,comedy
imdb,all_I=occlusion_S=3,tt12444934,tt12444934.jpg,horror,horror
imdb,all_I=occlusion_S=3,tt7069210,tt7069210.jpg,horror,horror
imdb,all_I=occlusion_S=3,tt15509244,tt15509244.jpg,romance,romance
imdb,all_I=occlusion_S=3,tt15481952,tt15481952.jpg,horror,comedy
imdb,all_I=occlusion_S=3,tt10403420,tt10403420.jpg,horror,horror
imdb,all_I=occlusion_S=3,tt20198774,tt20198774.jpg,horror,horror
imdb,all_I=occlusion_S=3,tt6718170,tt6718170.jpg,comedy,comedy
imdb,all_I=occlusion_S=3,tt13964404,tt13964404.jpg,horror,horror
imdb,all_I=occlusion_S=3,tt6802400,tt6802400.jpg,comedy,comedy
imdb,all_I=occlusion_S=3,tt10676048,tt10676048.jpg,action,action
imdb,all_I=occlusion_S=3,tt17220704,tt17220704.jpg,comedy,comedy
imdb,all_I=occlusion_S=3,tt16077702,tt16077702.jpg,comedy,comedy
imdb,all_I=occlusion_S=3,tt10406596,tt10406596.jpg,horror,horror
imdb,all_I=occlusion_S=3,tt2906216,tt2906216.jpg,action,action
imdb,all_I=occlusion_S=3,tt4624366,tt4624366.jpg,horror,horror
imdb,all_I=occlusion_S=3,tt18346624,tt18346624.jpg,horror,horror
imdb,all_I=occlusion_S=3,tt14537248,tt14537248.jpg,horror,horror
imdb,all_I=occlusion_S=3,tt9224104,tt9224104.jpg,action,action
imdb,all_I=occlusion_S=3,tt11188624,tt11188624.jpg,horror,horror
imdb,all_I=occlusion_S=3,tt1649418,tt1649418.jpg,action,action
imdb,all_I=occlusion_S=3,tt5420210,tt5420210.jpg,comedy,comedy
imdb,all_I=occlusion_S=3,tt2315938,tt2315938.jpg,horror,horror
imdb,all_I=occlusion_S=3,tt28199975,tt28199975.jpg,action,action
imdb,all_I=occlusion_S=3,tt3427252,tt3427252.jpg,horror,horror
imdb,all_I=occlusion_S=3,tt14874302,tt14874302.jpg,romance,romance
imdb,all_I=occlusion_S=3,tt13821562,tt13821562.jpg,comedy,comedy
imdb,all_I=occlusion_S=3,tt14499608,tt14499608.jpg,comedy,comedy
imdb,all_I=occlusion_S=3,tt26941512,tt26941512.jpg,horror,horror
imdb,all_I=occlusion_S=3,tt9820352,tt9820352.jpg,action,action
imdb,all_I=occlusion_S=3,tt14617254,tt14617254.jpg,horror,horror
imdb,all_I=occlusion_S=3,tt6654210,tt6654210.jpg,action,action
imdb,all_I=occlusion_S=3,tt13143964,tt13143964.jpg,comedy,comedy
imdb,all_I=occlusion_S=3,tt10665338,tt10665338.jpg,horror,horror
imdb,all_I=occlusion_S=3,tt0887261,tt0887261.jpg,horror,horror
imdb,all_I=occlusion_S=3,tt12530246,tt12530246.jpg,action,action
imdb,all_I=occlusion_S=3,tt16127696,tt16127696.jpg,horror,horror
imdb,all_I=occlusion_S=3,tt1051906,tt1051906.jpg,horror,horror
imdb,all_I=occlusion_S=3,tt16916320,tt16916320.jpg,action,action
imdb,all_I=occlusion_S=3,tt13174108,tt13174108.jpg,horror,horror
imdb,all_I=occlusion_S=3,tt3977848,tt3977848.jpg,horror,horror
imdb,all_I=occlusion_S=3,tt11112808,tt11112808.jpg,comedy,comedy
imdb,all_I=occlusion_S=3,tt13406136,tt13406136.jpg,action,action
imdb,all_I=occlusion_S=3,tt5034838,tt5034838.jpg,action,action
imdb,all_I=occlusion_S=3,tt10121392,tt10121392.jpg,comedy,action
imdb,all_I=occlusion_S=3,tt4566758,tt4566758.jpg,action,action
imdb,all_I=occlusion_S=3,tt1086064,tt1086064.jpg,comedy,comedy
imdb,all_I=occlusion_S=3,tt19623240,tt19623240.jpg,horror,horror
imdb,all_I=occlusion_S=3,tt11663228,tt11663228.jpg,action,action
imdb,all_I=occlusion_S=3,tt10315050,tt10315050.jpg,horror,horror
imdb,all_I=occlusion_S=3,tt8461224,tt8461224.jpg,action,action
imdb,all_I=occlusion_S=3,tt9000184,tt9000184.jpg,horror,horror
imdb,all_I=occlusion_S=3,tt15520136,tt15520136.jpg,horror,horror
imdb,all_I=occlusion_S=3,tt14399128,tt14399128.jpg,comedy,comedy
imdb,all_I=occlusion_S=3,tt27411059,tt27411059.jpg,horror,horror
imdb,all_I=occlusion_S=3,tt13238346,tt13238346.jpg,romance,romance
imdb,all_I=occlusion_S=3,tt4685762,tt4685762.jpg,horror,horror
imdb,all_I=occlusion_S=3,tt5918982,tt5918982.jpg,action,horror
imdb,all_I=occlusion_S=3,tt10151854,tt10151854.jpg,action,action
imdb,all_I=occlusion_S=3,tt15502356,tt15502356.jpg,horror,horror
imdb,all_I=occlusion_S=3,tt7375466,tt7375466.jpg,horror,action
imdb,all_I=occlusion_S=3,tt14230388,tt14230388.jpg,comedy,comedy
imdb,all_I=occlusion_S=3,tt14121726,tt14121726.jpg,horror,horror
imdb,all_I=occlusion_S=3,tt12550376,tt12550376.jpg,horror,horror
imdb,all_I=occlusion_S=3,tt10803634,tt10803634.jpg,horror,horror
imdb,all_I=occlusion_S=3,tt11024272,tt11024272.jpg,horror,comedy
imdb,all_I=occlusion_S=3,tt13070038,tt13070038.jpg,romance,romance
imdb,all_I=occlusion_S=3,tt2222042,tt2222042.jpg,action,action
imdb,all_I=occlusion_S=3,tt14807000,tt14807000.jpg,horror,horror
imdb,all_I=occlusion_S=3,tt17081088,tt17081088.jpg,horror,horror
imdb,all_I=occlusion_S=3,tt15206378,tt15206378.jpg,comedy,comedy
imdb,all_I=occlusion_S=3,tt9118804,tt9118804.jpg,horror,horror
imdb,all_I=occlusion_S=3,tt17321230,tt17321230.jpg,comedy,romance
imdb,all_I=occlusion_S=3,tt26594993,tt26594993.jpg,horror,horror
imdb,all_I=occlusion_S=3,tt10362466,tt10362466.jpg,romance,romance
imdb,all_I=occlusion_S=3,tt26491631,tt26491631.jpg,horror,horror
imdb,all_I=occlusion_S=3,tt11314148,tt11314148.jpg,romance,romance
imdb,all_I=occlusion_S=3,tt20834182,tt20834182.jpg,horror,horror
imdb,all_I=occlusion_S=3,tt10062338,tt10062338.jpg,horror,horror
imdb,all_I=occlusion_S=3,tt22410094,tt22410094.jpg,horror,horror
imdb,all_I=occlusion_S=3,tt15744298,tt15744298.jpg,action,action
imdb,all_I=occlusion_S=3,tt12982370,tt12982370.jpg,action,action
imdb,all_I=occlusion_S=3,tt15131266,tt15131266.jpg,action,action
imdb,all_I=occlusion_S=3,tt18925334,tt18925334.jpg,horror,horror
imdb,all_I=occlusion_S=3,tt10515988,tt10515988.jpg,horror,horror
imdb,all_I=occlusion_S=3,tt6442686,tt6442686.jpg,horror,action
imdb,all_I=occlusion_S=3,tt4532038,tt4532038.jpg,comedy,comedy
imdb,all_I=occlusion_S=3,tt21807222,tt21807222.jpg,horror,horror
imdb,all_I=occlusion_S=3,tt7737786,tt7737786.jpg,action,action
imdb,all_I=occlusion_S=3,tt13061914,tt13061914.jpg,comedy,comedy
imdb,all_I=occlusion_S=3,tt10229982,tt10229982.jpg,comedy,romance
imdb,all_I=occlusion_S=3,tt15339570,tt15339570.jpg,comedy,comedy
imdb,all_I=occlusion_S=3,tt9663764,tt9663764.jpg,action,action
imdb,all_I=occlusion_S=3,tt10508838,tt10508838.jpg,action,action
imdb,all_I=occlusion_S=3,tt9050310,tt9050310.jpg,horror,horror
imdb,all_I=occlusion_S=3,tt10944486,tt10944486.jpg,action,comedy
imdb,all_I=occlusion_S=3,tt9286908,tt9286908.jpg,action,action
imdb,all_I=occlusion_S=3,tt10584340,tt10584340.jpg,comedy,comedy
imdb,all_I=occlusion_S=3,tt2235695,tt2235695.jpg,horror,romance
imdb,all_I=occlusion_S=3,tt15090124,tt15090124.jpg,horror,horror
imdb,all_I=occlusion_S=3,tt11245972,tt11245972.jpg,horror,horror
imdb,all_I=occlusion_S=3,tt4139928,tt4139928.jpg,action,action
imdb,all_I=occlusion_S=3,tt8045906,tt8045906.jpg,horror,romance
imdb,all_I=occlusion_S=3,tt5635026,tt5635026.jpg,fantasy,action
imdb,all_I=occlusion_S=3,tt15713012,tt15713012.jpg,action,action
imdb,all_I=occlusion_S=3,tt14799960,tt14799960.jpg,comedy,romance
imdb,all_I=occlusion_S=3,tt28690326,tt28690326.jpg,romance,romance
imdb,all_I=occlusion_S=3,tt4614584,tt4614584.jpg,romance,romance
imdb,all_I=occlusion_S=3,tt14014068,tt14014068.jpg,romance,romance
imdb,all_I=occlusion_S=3,tt9077876,tt9077876.jpg,horror,horror
imdb,all_I=occlusion_S=3,tt6539992,tt6539992.jpg,action,action
imdb,all_I=occlusion_S=3,tt10003008,tt10003008.jpg,horror,horror
imdb,all_I=occlusion_S=3,tt3626476,tt3626476.jpg,comedy,comedy
imdb,all_I=occlusion_S=3,tt20782072,tt20782072.jpg,horror,horror
imdb,all_I=occlusion_S=3,tt14993352,tt14993352.jpg,horror,horror
imdb,all_I=occlusion_S=3,tt8110330,tt8110330.jpg,romance,romance
imdb,all_I=occlusion_S=3,tt6528290,tt6528290.jpg,action,action
imdb,all_I=occlusion_S=3,tt14550642,tt14550642.jpg,horror,horror
imdb,all_I=occlusion_S=3,tt19755170,tt19755170.jpg,romance,romance
imdb,all_I=occlusion_S=3,tt10090058,tt10090058.jpg,action,action
imdb,all_I=occlusion_S=3,tt6879446,tt6879446.jpg,action,action
imdb,all_I=occlusion_S=3,tt12547822,tt12547822.jpg,horror,horror
imdb,all_I=occlusion_S=3,tt13757762,tt13757762.jpg,horror,horror
imdb,all_I=occlusion_S=3,tt16900880,tt16900880.jpg,action,action
imdb,all_I=occlusion_S=3,tt13445076,tt13445076.jpg,action,action
imdb,all_I=occlusion_S=3,tt7846844,tt7846844.jpg,comedy,action
imdb,all_I=occlusion_S=3,tt8629748,tt8629748.jpg,action,action
imdb,all_I=occlusion_S=3,tt10127708,tt10127708.jpg,horror,action
imdb,all_I=occlusion_S=3,tt11210390,tt11210390.jpg,comedy,comedy
imdb,all_I=occlusion_S=3,tt3291150,tt3291150.jpg,action,action
imdb,all_I=occlusion_S=3,tt9038678,tt9038678.jpg,horror,action
imdb,all_I=occlusion_S=3,tt14230458,tt14230458.jpg,comedy,romance
imdb,all_I=occlusion_S=3,tt22352848,tt22352848.jpg,action,action
imdb,all_I=occlusion_S=3,tt4439620,tt4439620.jpg,action,action
imdb,all_I=occlusion_S=3,tt8368408,tt8368408.jpg,action,action
imdb,all_I=occlusion_S=3,tt12889404,tt12889404.jpg,romance,romance
imdb,all_I=occlusion_S=3,tt14642626,tt14642626.jpg,horror,horror
imdb,all_I=occlusion_S=3,tt14412446,tt14412446.jpg,horror,horror
imdb,all_I=occlusion_S=3,tt8270664,tt8270664.jpg,action,action
imdb,all_I=occlusion_S=3,tt11614912,tt11614912.jpg,horror,horror
imdb,all_I=occlusion_S=3,tt5151570,tt5151570.jpg,comedy,comedy
imdb,all_I=occlusion_S=3,tt19363554,tt19363554.jpg,horror,horror
imdb,all_I=occlusion_S=3,tt8385148,tt8385148.jpg,action,action
imdb,all_I=occlusion_S=3,tt24822574,tt24822574.jpg,comedy,romance
imdb,all_I=occlusion_S=3,tt14672882,tt14672882.jpg,action,action
imdb,all_I=occlusion_S=3,tt10895576,tt10895576.jpg,comedy,comedy
imdb,all_I=occlusion_S=3,tt12921446,tt12921446.jpg,horror,horror
imdb,all_I=occlusion_S=3,tt9848626,tt9848626.jpg,comedy,comedy
imdb,all_I=occlusion_S=3,tt6920084,tt6920084.jpg,horror,action
imdb,all_I=occlusion_S=3,tt6048922,tt6048922.jpg,action,action
imdb,all_I=occlusion_S=3,tt10329134,tt10329134.jpg,romance,romance
imdb,all_I=occlusion_S=3,tt8847712,tt8847712.jpg,comedy,comedy
imdb,all_I=occlusion_S=3,tt10579952,tt10579952.jpg,action,action
imdb,all_I=occlusion_S=3,tt13462900,tt13462900.jpg,action,action
imdb,all_I=occlusion_S=3,tt13388176,tt13388176.jpg,horror,horror
imdb,all_I=occlusion_S=3,tt6475714,tt6475714.jpg,action,action
imdb,all_I=occlusion_S=3,tt4427800,tt4427800.jpg,horror,action
imdb,all_I=occlusion_S=3,tt8851668,tt8851668.jpg,comedy,action
imdb,all_I=occlusion_S=3,tt10370710,tt10370710.jpg,comedy,comedy
imdb,all_I=occlusion_S=3,tt10168670,tt10168670.jpg,horror,romance
imdb,all_I=occlusion_S=3,tt27881314,tt27881314.jpg,horror,romance
imdb,all_I=occlusion_S=3,tt7985704,tt7985704.jpg,action,action
imdb,all_I=occlusion_S=3,tt10763820,tt10763820.jpg,horror,action
imdb,all_I=occlusion_S=3,tt7693316,tt7693316.jpg,action,action
imdb,all_I=occlusion_S=3,tt9179430,tt9179430.jpg,action,action
imdb,all_I=occlusion_S=3,tt11686490,tt11686490.jpg,horror,horror
imdb,all_I=occlusion_S=3,tt10365998,tt10365998.jpg,horror,horror
imdb,all_I=occlusion_S=3,tt15262370,tt15262370.jpg,horror,horror
imdb,all_I=occlusion_S=3,tt2488666,tt2488666.jpg,horror,horror
imdb,all_I=occlusion_S=3,tt18816518,tt18816518.jpg,comedy,horror
imdb,all_I=occlusion_S=3,tt10872600,tt10872600.jpg,action,action
imdb,all_I=occlusion_S=3,tt9580138,tt9580138.jpg,action,action
imdb,all_I=occlusion_S=3,tt3152592,tt3152592.jpg,comedy,comedy
imdb,all_I=occlusion_S=3,tt9685342,tt9685342.jpg,action,action
imdb,all_I=occlusion_S=3,tt8640928,tt8640928.jpg,horror,horror
imdb,all_I=occlusion_S=3,tt15486810,tt15486810.jpg,horror,action
imdb,all_I=occlusion_S=3,tt8851148,tt8851148.jpg,romance,romance
imdb,all_I=occlusion_S=3,tt4472508,tt4472508.jpg,action,action
imdb,all_I=occlusion_S=3,tt10362566,tt10362566.jpg,horror,horror
imdb,all_I=occlusion_S=3,tt4411584,tt4411584.jpg,romance,romance
imdb,all_I=occlusion_S=3,tt10999120,tt10999120.jpg,comedy,comedy
imdb,all_I=occlusion_S=3,tt7713068,tt7713068.jpg,action,action
imdb,all_I=occlusion_S=3,tt21913634,tt21913634.jpg,horror,horror
imdb,all_I=occlusion_S=3,tt12593682,tt12593682.jpg,action,comedy
imdb,all_I=occlusion_S=3,tt9314984,tt9314984.jpg,horror,horror
imdb,all_I=occlusion_S=3,tt10935956,tt10935956.jpg,action,action
imdb,all_I=occlusion_S=3,tt6902332,tt6902332.jpg,action,action
imdb,all_I=occlusion_S=3,tt13444014,tt13444014.jpg,romance,romance
imdb,all_I=occlusion_S=3,tt11394332,tt11394332.jpg,horror,comedy
imdb,all_I=occlusion_S=3,tt6506264,tt6506264.jpg,horror,action
imdb,all_I=occlusion_S=3,tt14905650,tt14905650.jpg,horror,horror
imdb,all_I=occlusion_S=3,tt9701942,tt9701942.jpg,horror,horror
imdb,all_I=occlusion_S=3,tt7510346,tt7510346.jpg,horror,horror
imdb,all_I=occlusion_S=3,tt10399608,tt10399608.jpg,horror,horror
imdb,all_I=occlusion_S=3,tt14462452,tt14462452.jpg,horror,horror
imdb,all_I=occlusion_S=3,tt13345606,tt13345606.jpg,horror,horror
imdb,all_I=occlusion_S=3,tt3463938,tt3463938.jpg,horror,horror
imdb,all_I=occlusion_S=3,tt15268244,tt15268244.jpg,comedy,comedy
imdb,all_I=occlusion_S=3,tt3986420,tt3986420.jpg,romance,romance
imdb,all_I=occlusion_S=3,tt7097896,tt7097896.jpg,action,action
imdb,all_I=occlusion_S=3,tt10665342,tt10665342.jpg,horror,horror
imdb,all_I=occlusion_S=3,tt1464335,tt1464335.jpg,action,action
imdb,all_I=occlusion_S=3,tt12965390,tt12965390.jpg,action,action
imdb,all_I=occlusion_S=3,tt3885422,tt3885422.jpg,action,horror
imdb,all_I=occlusion_S=3,tt5867314,tt5867314.jpg,horror,horror
imdb,all_I=occlusion_S=3,tt10957044,tt10957044.jpg,action,action
imdb,all_I=occlusion_S=3,tt10530176,tt10530176.jpg,horror,horror
imdb,all_I=occlusion_S=3,tt22394702,tt22394702.jpg,action,action
imdb,all_I=occlusion_S=3,tt7178640,tt7178640.jpg,comedy,romance
imdb,all_I=occlusion_S=3,tt8004664,tt8004664.jpg,horror,horror
imdb,all_I=occlusion_S=3,tt13453006,tt13453006.jpg,comedy,comedy
imdb,all_I=occlusion_S=3,tt7146812,tt7146812.jpg,comedy,action
imdb,all_I=occlusion_S=3,tt11540726,tt11540726.jpg,horror,horror
imdb,all_I=occlusion_S=3,tt14428606,tt14428606.jpg,romance,romance
imdb,all_I=occlusion_S=3,tt15791034,tt15791034.jpg,horror,horror
imdb,all_I=occlusion_S=3,tt1634106,tt1634106.jpg,action,action
imdb,all_I=occlusion_S=3,tt10275534,tt10275534.jpg,horror,action
imdb,all_I=occlusion_S=3,tt17196124,tt17196124.jpg,horror,horror
imdb,all_I=occlusion_S=3,tt10648342,tt10648342.jpg,action,action
imdb,all_I=occlusion_S=3,tt10327252,tt10327252.jpg,horror,horror
imdb,all_I=occlusion_S=3,tt10107222,tt10107222.jpg,comedy,romance
imdb,all_I=occlusion_S=3,tt10242388,tt10242388.jpg,action,action
imdb,all_I=occlusion_S=3,tt11998558,tt11998558.jpg,comedy,action
imdb,all_I=occlusion_S=3,tt11291274,tt11291274.jpg,action,action
imdb,all_I=occlusion_S=3,tt23806182,tt23806182.jpg,romance,romance
imdb,all_I=occlusion_S=3,tt3797512,tt3797512.jpg,comedy,comedy
imdb,all_I=occlusion_S=3,tt11947100,tt11947100.jpg,comedy,romance
imdb,all_I=occlusion_S=3,tt26453759,tt26453759.jpg,horror,horror
imdb,all_I=occlusion_S=3,tt15944018,tt15944018.jpg,comedy,comedy
imdb,all_I=occlusion_S=3,tt21276878,tt21276878.jpg,comedy,comedy
imdb,all_I=occlusion_S=3,tt9100018,tt9100018.jpg,horror,horror
imdb,all_I=occlusion_S=3,tt13270838,tt13270838.jpg,action,action
imdb,all_I=occlusion_S=3,tt12676326,tt12676326.jpg,horror,romance
imdb,all_I=occlusion_S=3,tt10101702,tt10101702.jpg,comedy,comedy
imdb,all_I=occlusion_S=3,tt3963226,tt3963226.jpg,horror,horror
imdb,all_I=occlusion_S=3,tt13392012,tt13392012.jpg,horror,horror
imdb,all_I=occlusion_S=3,tt5500218,tt5500218.jpg,action,action
imdb,all_I=occlusion_S=3,tt0805647,tt0805647.jpg,horror,comedy
imdb,all_I=occlusion_S=3,tt28568397,tt28568397.jpg,comedy,comedy
imdb,all_I=occlusion_S=3,tt7545266,tt7545266.jpg,comedy,comedy
imdb,all_I=occlusion_S=3,tt6222118,tt6222118.jpg,action,action
imdb,all_I=occlusion_S=3,tt19896150,tt19896150.jpg,horror,horror
imdb,all_I=occlusion_S=3,tt15334488,tt15334488.jpg,romance,romance
imdb,all_I=occlusion_S=3,tt0993840,tt0993840.jpg,horror,action
imdb,all_I=occlusion_S=3,tt2953050,tt2953050.jpg,comedy,comedy
imdb,all_I=occlusion_S=3,tt6703486,tt6703486.jpg,romance,action
imdb,all_I=occlusion_S=3,tt5315210,tt5315210.jpg,horror,action
imdb,all_I=occlusion_S=3,tt3447590,tt3447590.jpg,comedy,comedy
imdb,all_I=occlusion_S=3,tt3679040,tt3679040.jpg,comedy,romance
imdb,all_I=occlusion_S=3,tt24655170,tt24655170.jpg,horror,horror
imdb,all_I=occlusion_S=3,tt12361974,tt12361974.jpg,action,action
imdb,all_I=occlusion_S=3,tt12672536,tt12672536.jpg,action,action
imdb,all_I=occlusion_S=3,tt4136456,tt4136456.jpg,action,action
imdb,all_I=occlusion_S=3,tt10329614,tt10329614.jpg,horror,horror
imdb,all_I=occlusion_S=3,tt6246322,tt6246322.jpg,horror,horror
imdb,all_I=occlusion_S=3,tt13405778,tt13405778.jpg,horror,horror
imdb,all_I=occlusion_S=3,tt9731534,tt9731534.jpg,horror,horror
imdb,all_I=occlusion_S=3,tt9362930,tt9362930.jpg,action,action
imdb,all_I=occlusion_S=3,tt1361336,tt1361336.jpg,comedy,comedy
imdb,all_I=occlusion_S=3,tt15553956,tt15553956.jpg,Romance,comedy
imdb,all_I=occlusion_S=3,tt21307994,tt21307994.jpg,horror,horror
imdb,all_I=occlusion_S=3,tt10954652,tt10954652.jpg,horror,horror
imdb,all_I=occlusion_S=3,tt23050520,tt23050520.jpg,horror,horror
imdb,all_I=occlusion_S=3,tt5090568,tt5090568.jpg,action,action
imdb,all_I=occlusion_S=3,tt12440964,tt12440964.jpg,romance,romance
imdb,all_I=occlusion_S=3,tt6668220,tt6668220.jpg,horror,horror
imdb,all_I=occlusion_S=3,tt11274492,tt11274492.jpg,comedy,action
imdb,all_I=occlusion_S=3,tt10023022,tt10023022.jpg,action,action
imdb,all_I=occlusion_S=3,tt10160976,tt10160976.jpg,horror,horror
imdb,all_I=occlusion_S=3,tt13318942,tt13318942.jpg,horror,horror
imdb,all_I=occlusion_S=3,tt4479380,tt4479380.jpg,action,action
imdb,all_I=occlusion_S=3,tt13872248,tt13872248.jpg,horror,horror
imdb,all_I=occlusion_S=3,tt12944128,tt12944128.jpg,romance,romance
imdb,all_I=occlusion_S=3,tt24786154,tt24786154.jpg,romance,romance
imdb,all_I=occlusion_S=3,tt7126948,tt7126948.jpg,action,action
imdb,all_I=occlusion_S=3,tt6587640,tt6587640.jpg,comedy,comedy
imdb,all_I=occlusion_S=3,tt12298140,tt12298140.jpg,horror,horror
imdb,all_I=occlusion_S=3,tt4589218,tt4589218.jpg,horror,horror
imdb,all_I=occlusion_S=3,tt14158554,tt14158554.jpg,action,action
imdb,all_I=occlusion_S=3,tt9205538,tt9205538.jpg,horror,romance
imdb,all_I=occlusion_S=3,tt11365186,tt11365186.jpg,romance,romance
imdb,all_I=occlusion_S=3,tt14438964,tt14438964.jpg,comedy,comedy
imdb,all_I=occlusion_S=3,tt12261776,tt12261776.jpg,horror,action
imdb,all_I=occlusion_S=3,tt9894660,tt9894660.jpg,comedy,comedy
imdb,all_I=occlusion_S=3,tt7212754,tt7212754.jpg,comedy,action
imdb,all_I=occlusion_S=3,tt15327088,tt15327088.jpg,action,action
imdb,all_I=occlusion_S=3,tt7099280,tt7099280.jpg,horror,romance
imdb,all_I=occlusion_S=3,tt27564994,tt27564994.jpg,horror,horror
imdb,all_I=occlusion_S=3,tt14857730,tt14857730.jpg,action,action
imdb,all_I=occlusion_S=3,tt1517268,tt1517268.jpg,comedy,comedy
imdb,all_I=occlusion_S=3,tt10978398,tt10978398.jpg,action,action
imdb,all_I=occlusion_S=3,tt4081630,tt4081630.jpg,comedy,romance
imdb,all_I=occlusion_S=3,tt10323676,tt10323676.jpg,action,action
imdb,all_I=occlusion_S=3,tt5108870,tt5108870.jpg,horror,horror
imdb,all_I=occlusion_S=3,tt6673612,tt6673612.jpg,comedy,comedy
imdb,all_I=occlusion_S=3,tt6020800,tt6020800.jpg,action,action
imdb,all_I=occlusion_S=3,tt9340916,tt9340916.jpg,horror,horror
imdb,all_I=occlusion_S=3,tt15552494,tt15552494.jpg,horror,horror
imdb,all_I=occlusion_S=3,tt11012066,tt11012066.jpg,comedy,comedy
imdb,all_I=occlusion_S=3,tt14309446,tt14309446.jpg,comedy,comedy
imdb,all_I=occlusion_S=3,tt11310608,tt11310608.jpg,comedy,romance
imdb,all_I=occlusion_S=3,tt12298506,tt12298506.jpg,horror,horror
imdb,all_I=occlusion_S=3,tt14308636,tt14308636.jpg,comedy,comedy
imdb,all_I=occlusion_S=3,tt10161886,tt10161886.jpg,comedy,comedy
imdb,all_I=pixelate_S=3,tt1798632,tt1798632.jpg,horror,horror
imdb,all_I=pixelate_S=3,tt9214832,tt9214832.jpg,comedy,comedy
imdb,all_I=pixelate_S=3,tt21249656,tt21249656.jpg,romance,romance
imdb,all_I=pixelate_S=3,tt7149730,tt7149730.jpg,horror,action
imdb,all_I=pixelate_S=3,tt3876910,tt3876910.jpg,action,action
imdb,all_I=pixelate_S=3,tt12064810,tt12064810.jpg,action,action
imdb,all_I=pixelate_S=3,tt8593824,tt8593824.jpg,action,action
imdb,all_I=pixelate_S=3,tt21146854,tt21146854.jpg,romance,romance
imdb,all_I=pixelate_S=3,tt9624766,tt9624766.jpg,action,action
imdb,all_I=pixelate_S=3,tt12447796,tt12447796.jpg,horror,horror
imdb,all_I=pixelate_S=3,tt20199226,tt20199226.jpg,comedy,comedy
imdb,all_I=pixelate_S=3,tt3758814,tt3758814.jpg,action,action
imdb,all_I=pixelate_S=3,tt14873054,tt14873054.jpg,action,action
imdb,all_I=pixelate_S=3,tt21403538,tt21403538.jpg,comedy,romance
imdb,all_I=pixelate_S=3,tt17202326,tt17202326.jpg,horror,horror
imdb,all_I=pixelate_S=3,tt8672856,tt8672856.jpg,romance,romance
imdb,all_I=pixelate_S=3,tt14265992,tt14265992.jpg,horror,horror
imdb,all_I=pixelate_S=3,tt10307440,tt10307440.jpg,horror,action
imdb,all_I=pixelate_S=3,tt14405338,tt14405338.jpg,horror,horror
imdb,all_I=pixelate_S=3,tt13375076,tt13375076.jpg,horror,horror
imdb,all_I=pixelate_S=3,tt11271038,tt11271038.jpg,comedy,comedy
imdb,all_I=pixelate_S=3,tt10308928,tt10308928.jpg,action,action
imdb,all_I=pixelate_S=3,tt7628504,tt7628504.jpg,horror,horror
imdb,all_I=pixelate_S=3,tt15521050,tt15521050.jpg,romance,romance
imdb,all_I=pixelate_S=3,tt12724306,tt12724306.jpg,horror,horror
imdb,all_I=pixelate_S=3,tt7144666,tt7144666.jpg,horror,horror
imdb,all_I=pixelate_S=3,tt12829958,tt12829958.jpg,horror,horror
imdb,all_I=pixelate_S=3,tt15683734,tt15683734.jpg,horror,horror
imdb,all_I=pixelate_S=3,tt4983780,tt4983780.jpg,action,action
imdb,all_I=pixelate_S=3,tt8110652,tt8110652.jpg,horror,horror
imdb,all_I=pixelate_S=3,tt9686790,tt9686790.jpg,comedy,romance
imdb,all_I=pixelate_S=3,tt9054192,tt9054192.jpg,comedy,comedy
imdb,all_I=pixelate_S=3,tt12263384,tt12263384.jpg,action,action
imdb,all_I=pixelate_S=3,tt8521876,tt8521876.jpg,comedy,comedy
imdb,all_I=pixelate_S=3,tt14138650,tt14138650.jpg,horror,horror
imdb,all_I=pixelate_S=3,tt1655444,tt1655444.jpg,action,action
imdb,all_I=pixelate_S=3,tt24082454,tt24082454.jpg,horror,horror
imdb,all_I=pixelate_S=3,tt7737528,tt7737528.jpg,action,action
imdb,all_I=pixelate_S=3,tt9362722,tt9362722.jpg,action,action
imdb,all_I=pixelate_S=3,tt12735282,tt12735282.jpg,horror,horror
imdb,all_I=pixelate_S=3,tt8150814,tt8150814.jpg,horror,horror
imdb,all_I=pixelate_S=3,tt9603212,tt9603212.jpg,action,action
imdb,all_I=pixelate_S=3,tt22487338,tt22487338.jpg,romance,romance
imdb,all_I=pixelate_S=3,tt13304948,tt13304948.jpg,horror,horror
imdb,all_I=pixelate_S=3,tt6079772,tt6079772.jpg,action,action
imdb,all_I=pixelate_S=3,tt22640398,tt22640398.jpg,horror,horror
imdb,all_I=pixelate_S=3,tt13400336,tt13400336.jpg,action,action
imdb,all_I=pixelate_S=3,tt11851548,tt11851548.jpg,horror,horror
imdb,all_I=pixelate_S=3,tt7440124,tt7440124.jpg,horror,horror
imdb,all_I=pixelate_S=3,tt12574708,tt12574708.jpg,horror,horror
imdb,all_I=pixelate_S=3,tt5433138,tt5433138.jpg,action,action
imdb,all_I=pixelate_S=3,tt12335692,tt12335692.jpg,horror,action
imdb,all_I=pixelate_S=3,tt13822738,tt13822738.jpg,action,action
imdb,all_I=pixelate_S=3,tt9669176,tt9669176.jpg,action,action
imdb,all_I=pixelate_S=3,tt15441472,tt15441472.jpg,horror,action
imdb,all_I=pixelate_S=3,tt18411490,tt18411490.jpg,action,action
imdb,all_I=pixelate_S=3,tt10954600,tt10954600.jpg,action,action
imdb,all_I=pixelate_S=3,tt19898888,tt19898888.jpg,horror,horror
imdb,all_I=pixelate_S=3,tt9114286,tt9114286.jpg,action,action
imdb,all_I=pixelate_S=3,tt22394694,tt22394694.jpg,action,action
imdb,all_I=pixelate_S=3,tt3612126,tt3612126.jpg,horror,horror
imdb,all_I=pixelate_S=3,tt3215824,tt3215824.jpg,action,action
imdb,all_I=pixelate_S=3,tt15422240,tt15422240.jpg,action,action
imdb,all_I=pixelate_S=3,tt26445483,tt26445483.jpg,comedy,comedy
imdb,all_I=pixelate_S=3,tt2463208,tt2463208.jpg,action,action
imdb,all_I=pixelate_S=3,tt9013340,tt9013340.jpg,comedy,comedy
imdb,all_I=pixelate_S=3,tt9320140,tt9320140.jpg,comedy,romance
imdb,all_I=pixelate_S=3,tt10916810,tt10916810.jpg,horror,horror
imdb,all_I=pixelate_S=3,tt15474916,tt15474916.jpg,horror,horror
imdb,all_I=pixelate_S=3,tt15824990,tt15824990.jpg,horror,horror
imdb,all_I=pixelate_S=3,tt1697800,tt1697800.jpg,action,action
imdb,all_I=pixelate_S=3,tt10404944,tt10404944.jpg,action,action
imdb,all_I=pixelate_S=3,tt14687418,tt14687418.jpg,horror,horror
imdb,all_I=pixelate_S=3,tt13302660,tt13302660.jpg,action,action
imdb,all_I=pixelate_S=3,tt1502397,tt1502397.jpg,action,action
imdb,all_I=pixelate_S=3,tt10618286,tt10618286.jpg,drama,comedy
imdb,all_I=pixelate_S=3,tt6561576,tt6561576.jpg,horror,horror
imdb,all_I=pixelate_S=3,tt15242330,tt15242330.jpg,action,comedy
imdb,all_I=pixelate_S=3,tt22085392,tt22085392.jpg,horror,horror
imdb,all_I=pixelate_S=3,tt15891388,tt15891388.jpg,comedy,romance
imdb,all_I=pixelate_S=3,tt26439204,tt26439204.jpg,action,action
imdb,all_I=pixelate_S=3,tt10600398,tt10600398.jpg,action,comedy
imdb,all_I=pixelate_S=3,tt13634480,tt13634480.jpg,comedy,comedy
imdb,all_I=pixelate_S=3,tt9207700,tt9207700.jpg,comedy,comedy
imdb,all_I=pixelate_S=3,tt11057644,tt11057644.jpg,comedy,comedy
imdb,all_I=pixelate_S=3,tt9288748,tt9288748.jpg,comedy,comedy
imdb,all_I=pixelate_S=3,tt10737918,tt10737918.jpg,action,action
imdb,all_I=pixelate_S=3,tt8332922,tt8332922.jpg,horror,horror
imdb,all_I=pixelate_S=3,tt9173154,tt9173154.jpg,horror,horror
imdb,all_I=pixelate_S=3,tt7768720,tt7768720.jpg,romance,romance
imdb,all_I=pixelate_S=3,tt11809034,tt11809034.jpg,action,action
imdb,all_I=pixelate_S=3,tt8760708,tt8760708.jpg,horror,horror
imdb,all_I=pixelate_S=3,tt9086228,tt9086228.jpg,horror,horror
imdb,all_I=pixelate_S=3,tt14013772,tt14013772.jpg,horror,horror
imdb,all_I=pixelate_S=3,tt26470099,tt26470099.jpg,horror,horror
imdb,all_I=pixelate_S=3,tt9784708,tt9784708.jpg,action,action
imdb,all_I=pixelate_S=3,tt9376612,tt9376612.jpg,action,action
imdb,all_I=pixelate_S=3,tt1136617,tt1136617.jpg,action,action
imdb,all_I=pixelate_S=3,tt3915174,tt3915174.jpg,comedy,comedy
imdb,all_I=pixelate_S=3,tt27572862,tt27572862.jpg,horror,horror
imdb,all_I=pixelate_S=3,tt18072540,tt18072540.jpg,horror,horror
imdb,all_I=pixelate_S=3,tt14152140,tt14152140.jpg,horror,comedy
imdb,all_I=pixelate_S=3,tt13923456,tt13923456.jpg,comedy,action
imdb,all_I=pixelate_S=3,tt11827628,tt11827628.jpg,action,action
imdb,all_I=pixelate_S=3,tt18548186,tt18548186.jpg,horror,horror
imdb,all_I=pixelate_S=3,tt8784956,tt8784956.jpg,action,action
imdb,all_I=pixelate_S=3,tt0870154,tt0870154.jpg,adventure,action
imdb,all_I=pixelate_S=3,tt10160974,tt10160974.jpg,horror,horror
imdb,all_I=pixelate_S=3,tt20222202,tt20222202.jpg,horror,action
imdb,all_I=pixelate_S=3,tt11075540,tt11075540.jpg,horror,horror
imdb,all_I=pixelate_S=3,tt17042714,tt17042714.jpg,horror,horror
imdb,all_I=pixelate_S=3,tt15048614,tt15048614.jpg,horror,horror
imdb,all_I=pixelate_S=3,tt12801814,tt12801814.jpg,horror,horror
imdb,all_I=pixelate_S=3,tt10734864,tt10734864.jpg,horror,horror
imdb,all_I=pixelate_S=3,tt8637498,tt8637498.jpg,action,comedy
imdb,all_I=pixelate_S=3,tt22505124,tt22505124.jpg,horror,horror
imdb,all_I=pixelate_S=3,tt14557188,tt14557188.jpg,horror,horror
imdb,all_I=pixelate_S=3,tt10952782,tt10952782.jpg,horror,horror
imdb,all_I=pixelate_S=3,tt20854842,tt20854842.jpg,romance,romance
imdb,all_I=pixelate_S=3,tt10028196,tt10028196.jpg,romance,romance
imdb,all_I=pixelate_S=3,tt1745960,tt1745960.jpg,action,action
imdb,all_I=pixelate_S=3,tt6566576,tt6566576.jpg,horror,horror
imdb,all_I=pixelate_S=3,tt9619798,tt9619798.jpg,comedy,romance
imdb,all_I=pixelate_S=3,tt5748448,tt5748448.jpg,action,action
imdb,all_I=pixelate_S=3,tt12683756,tt12683756.jpg,horror,horror
imdb,all_I=pixelate_S=3,tt12226872,tt12226872.jpg,horror,horror
imdb,all_I=pixelate_S=3,tt10772662,tt10772662.jpg,horror,horror
imdb,all_I=pixelate_S=3,tt14668630,tt14668630.jpg,comedy,comedy
imdb,all_I=pixelate_S=3,tt10334222,tt10334222.jpg,horror,horror
imdb,all_I=pixelate_S=3,tt13007592,tt13007592.jpg,comedy,romance
imdb,all_I=pixelate_S=3,tt1777606,tt1777606.jpg,comedy,romance
imdb,all_I=pixelate_S=3,tt13320662,tt13320662.jpg,comedy,comedy
imdb,all_I=pixelate_S=3,tt6402468,tt6402468.jpg,horror,horror
imdb,all_I=pixelate_S=3,tt11564570,tt11564570.jpg,comedy,comedy
imdb,all_I=pixelate_S=3,tt6264654,tt6264654.jpg,comedy,action
imdb,all_I=pixelate_S=3,tt9834506,tt9834506.jpg,horror,horror
imdb,all_I=pixelate_S=3,tt10701458,tt10701458.jpg,horror,horror
imdb,all_I=pixelate_S=3,tt18079362,tt18079362.jpg,comedy,comedy
imdb,all_I=pixelate_S=3,tt10733228,tt10733228.jpg,romance,romance
imdb,all_I=pixelate_S=3,tt10838180,tt10838180.jpg,action,action
imdb,all_I=pixelate_S=3,tt18361658,tt18361658.jpg,romance,romance
imdb,all_I=pixelate_S=3,tt13846414,tt13846414.jpg,horror,romance
imdb,all_I=pixelate_S=3,tt11448138,tt11448138.jpg,horror,horror
imdb,all_I=pixelate_S=3,tt18260564,tt18260564.jpg,horror,horror
imdb,all_I=pixelate_S=3,tt8332802,tt8332802.jpg,horror,horror
imdb,all_I=pixelate_S=3,tt6968614,tt6968614.jpg,action,action
imdb,all_I=pixelate_S=3,tt23898856,tt23898856.jpg,comedy,action
imdb,all_I=pixelate_S=3,tt17202164,tt17202164.jpg,horror,horror
imdb,all_I=pixelate_S=3,tt7979580,tt7979580.jpg,action,comedy
imdb,all_I=pixelate_S=3,tt7599146,tt7599146.jpg,action,action
imdb,all_I=pixelate_S=3,tt1462764,tt1462764.jpg,action,action
imdb,all_I=pixelate_S=3,tt14402146,tt14402146.jpg,drama,romance
imdb,all_I=pixelate_S=3,tt14895216,tt14895216.jpg,horror,horror
imdb,all_I=pixelate_S=3,tt11377298,tt11377298.jpg,action,action
imdb,all_I=pixelate_S=3,tt11576124,tt11576124.jpg,action,action
imdb,all_I=pixelate_S=3,tt11358390,tt11358390.jpg,horror,horror
imdb,all_I=pixelate_S=3,tt15438542,tt15438542.jpg,action,action
imdb,all_I=pixelate_S=3,tt13056008,tt13056008.jpg,horror,horror
imdb,all_I=pixelate_S=3,tt22086334,tt22086334.jpg,comedy,comedy
imdb,all_I=pixelate_S=3,tt12373754,tt12373754.jpg,horror,horror
imdb,all_I=pixelate_S=3,tt10279472,tt10279472.jpg,horror,horror
imdb,all_I=pixelate_S=3,tt7711170,tt7711170.jpg,horror,horror
imdb,all_I=pixelate_S=3,tt14412366,tt14412366.jpg,action,action
imdb,all_I=pixelate_S=3,tt11742798,tt11742798.jpg,horror,comedy
imdb,all_I=pixelate_S=3,tt9110170,tt9110170.jpg,horror,horror
imdb,all_I=pixelate_S=3,tt0439572,tt0439572.jpg,action,action
imdb,all_I=pixelate_S=3,tt2382320,tt2382320.jpg,action,action
imdb,all_I=pixelate_S=3,tt11252440,tt11252440.jpg,horror,comedy
imdb,all_I=pixelate_S=3,tt9472334,tt9472334.jpg,horror,horror
imdb,all_I=pixelate_S=3,tt12915716,tt12915716.jpg,action,action
imdb,all_I=pixelate_S=3,tt15393652,tt15393652.jpg,comedy,romance
imdb,all_I=pixelate_S=3,tt22987848,tt22987848.jpg,horror,horror
imdb,all_I=pixelate_S=3,tt15441054,tt15441054.jpg,action,action
imdb,all_I=pixelate_S=3,tt9663168,tt9663168.jpg,horror,horror
imdb,all_I=pixelate_S=3,tt7560830,tt7560830.jpg,horror,horror
imdb,all_I=pixelate_S=3,tt9365800,tt9365800.jpg,horror,action
imdb,all_I=pixelate_S=3,tt9701940,tt9701940.jpg,horror,horror
imdb,all_I=pixelate_S=3,tt3465026,tt3465026.jpg,comedy,comedy
imdb,all_I=pixelate_S=3,tt9044418,tt9044418.jpg,action,action
imdb,all_I=pixelate_S=3,tt15548074,tt15548074.jpg,horror,horror
imdb,all_I=pixelate_S=3,tt11656220,tt11656220.jpg,horror,action
imdb,all_I=pixelate_S=3,tt17156822,tt17156822.jpg,action,action
imdb,all_I=pixelate_S=3,tt14400246,tt14400246.jpg,horror,horror
imdb,all_I=pixelate_S=3,tt10457128,tt10457128.jpg,comedy,romance
imdb,all_I=pixelate_S=3,tt8404256,tt8404256.jpg,action,action
imdb,all_I=pixelate_S=3,tt27816768,tt27816768.jpg,documentary,comedy
imdb,all_I=pixelate_S=3,tt13363828,tt13363828.jpg,horror,horror
imdb,all_I=pixelate_S=3,tt12908110,tt12908110.jpg,horror,horror
imdb,all_I=pixelate_S=3,tt7134096,tt7134096.jpg,action,action
imdb,all_I=pixelate_S=3,tt9264728,tt9264728.jpg,horror,horror
imdb,all_I=pixelate_S=3,tt10172266,tt10172266.jpg,comedy,romance
imdb,all_I=pixelate_S=3,tt3197780,tt3197780.jpg,comedy,comedy
imdb,all_I=pixelate_S=3,tt9907782,tt9907782.jpg,horror,horror
imdb,all_I=pixelate_S=3,tt10696784,tt10696784.jpg,action,action
imdb,all_I=pixelate_S=3,tt10788058,tt10788058.jpg,action,action
imdb,all_I=pixelate_S=3,tt1321510,tt1321510.jpg,musical,romance
imdb,all_I=pixelate_S=3,tt13092974,tt13092974.jpg,horror,horror
imdb,all_I=pixelate_S=3,tt2560092,tt2560092.jpg,comedy,comedy
imdb,all_I=pixelate_S=3,tt8912936,tt8912936.jpg,action,action
imdb,all_I=pixelate_S=3,tt9419884,tt9419884.jpg,action,action
imdb,all_I=pixelate_S=3,tt12788488,tt12788488.jpg,horror,horror
imdb,all_I=pixelate_S=3,tt9072352,tt9072352.jpg,horror,horror
imdb,all_I=pixelate_S=3,tt0983946,tt0983946.jpg,comedy,horror
imdb,all_I=pixelate_S=3,tt10935560,tt10935560.jpg,horror,horror
imdb,all_I=pixelate_S=3,tt14781176,tt14781176.jpg,horror,horror
imdb,all_I=pixelate_S=3,tt15354916,tt15354916.jpg,action,action
imdb,all_I=pixelate_S=3,tt8456190,tt8456190.jpg,action,action
imdb,all_I=pixelate_S=3,tt21106970,tt21106970.jpg,comedy,comedy
imdb,all_I=pixelate_S=3,tt15768848,tt15768848.jpg,horror,romance
imdb,all_I=pixelate_S=3,tt7638348,tt7638348.jpg,action,action
imdb,all_I=pixelate_S=3,tt4876134,tt4876134.jpg,action,action
imdb,all_I=pixelate_S=3,tt8760280,tt8760280.jpg,romance,romance
imdb,all_I=pixelate_S=3,tt23136186,tt23136186.jpg,horror,horror
imdb,all_I=pixelate_S=3,tt8296030,tt8296030.jpg,horror,horror
imdb,all_I=pixelate_S=3,tt11905962,tt11905962.jpg,horror,horror
imdb,all_I=pixelate_S=3,tt4682266,tt4682266.jpg,horror,horror
imdb,all_I=pixelate_S=3,tt12472174,tt12472174.jpg,horror,horror
imdb,all_I=pixelate_S=3,tt7556122,tt7556122.jpg,action,action
imdb,all_I=pixelate_S=3,tt8114980,tt8114980.jpg,horror,horror
imdb,all_I=pixelate_S=3,tt12834962,tt12834962.jpg,comedy,comedy
imdb,all_I=pixelate_S=3,tt17076046,tt17076046.jpg,comedy,comedy
imdb,all_I=pixelate_S=3,tt15528292,tt15528292.jpg,action,action
imdb,all_I=pixelate_S=3,tt25403492,tt25403492.jpg,horror,horror
imdb,all_I=pixelate_S=3,tt14039086,tt14039086.jpg,action,action
imdb,all_I=pixelate_S=3,tt11514780,tt11514780.jpg,horror,horror
imdb,all_I=pixelate_S=3,tt11327514,tt11327514.jpg,comedy,comedy
imdb,all_I=pixelate_S=3,tt12877640,tt12877640.jpg,horror,horror
imdb,all_I=pixelate_S=3,tt11891246,tt11891246.jpg,horror,horror
imdb,all_I=pixelate_S=3,tt13024674,tt13024674.jpg,action,action
imdb,all_I=pixelate_S=3,tt15600222,tt15600222.jpg,action,action
imdb,all_I=pixelate_S=3,tt14091818,tt14091818.jpg,comedy,romance
imdb,all_I=pixelate_S=3,tt4029412,tt4029412.jpg,action,action
imdb,all_I=pixelate_S=3,tt7504818,tt7504818.jpg,comedy,comedy
imdb,all_I=pixelate_S=3,tt20424130,tt20424130.jpg,action,action
imdb,all_I=pixelate_S=3,tt1016150,tt1016150.jpg,horror,action
imdb,all_I=pixelate_S=3,tt11084896,tt11084896.jpg,comedy,comedy
imdb,all_I=pixelate_S=3,tt7214954,tt7214954.jpg,comedy,comedy
imdb,all_I=pixelate_S=3,tt12823454,tt12823454.jpg,comedy,romance
imdb,all_I=pixelate_S=3,tt15671028,tt15671028.jpg,comedy,romance
imdb,all_I=pixelate_S=3,tt10229558,tt10229558.jpg,horror,horror
imdb,all_I=pixelate_S=3,tt8376234,tt8376234.jpg,comedy,comedy
imdb,all_I=pixelate_S=3,tt8656686,tt8656686.jpg,horror,horror
imdb,all_I=pixelate_S=3,tt17663992,tt17663992.jpg,horror,horror
imdb,all_I=pixelate_S=3,tt10451914,tt10451914.jpg,action,action
imdb,all_I=pixelate_S=3,tt15516726,tt15516726.jpg,comedy,comedy
imdb,all_I=pixelate_S=3,tt12851396,tt12851396.jpg,action,action
imdb,all_I=pixelate_S=3,tt9387250,tt9387250.jpg,action,action
imdb,all_I=pixelate_S=3,tt10127684,tt10127684.jpg,action,action
imdb,all_I=pixelate_S=3,tt8589698,tt8589698.jpg,action,comedy
imdb,all_I=pixelate_S=3,tt15734582,tt15734582.jpg,action,action
imdb,all_I=pixelate_S=3,tt12390572,tt12390572.jpg,horror,horror
imdb,all_I=pixelate_S=3,tt6508228,tt6508228.jpg,horror,horror
imdb,all_I=pixelate_S=3,tt1830643,tt1830643.jpg,horror,horror
imdb,all_I=pixelate_S=3,tt14298216,tt14298216.jpg,horror,horror
imdb,all_I=pixelate_S=3,tt21250176,tt21250176.jpg,horror,horror
imdb,all_I=pixelate_S=3,tt7550000,tt7550000.jpg,action,action
imdb,all_I=pixelate_S=3,tt6723592,tt6723592.jpg,action,action
imdb,all_I=pixelate_S=3,tt10366206,tt10366206.jpg,action,action
imdb,all_I=pixelate_S=3,tt5624466,tt5624466.jpg,horror,horror
imdb,all_I=pixelate_S=3,tt8093700,tt8093700.jpg,action,action
imdb,all_I=pixelate_S=3,tt5012504,tt5012504.jpg,action,action
imdb,all_I=pixelate_S=3,tt9308382,tt9308382.jpg,comedy,romance
imdb,all_I=pixelate_S=3,tt15847880,tt15847880.jpg,horror,horror
imdb,all_I=pixelate_S=3,tt19175696,tt19175696.jpg,horror,horror
imdb,all_I=pixelate_S=3,tt10228134,tt10228134.jpg,comedy,action
imdb,all_I=pixelate_S=3,tt11881160,tt11881160.jpg,horror,horror
imdb,all_I=pixelate_S=3,tt10638522,tt10638522.jpg,horror,horror
imdb,all_I=pixelate_S=3,tt9695722,tt9695722.jpg,action,action
imdb,all_I=pixelate_S=3,tt14995258,tt14995258.jpg,horror,romance
imdb,all_I=pixelate_S=3,tt27989067,tt27989067.jpg,horror,romance
imdb,all_I=pixelate_S=3,tt9784456,tt9784456.jpg,romance,romance
imdb,all_I=pixelate_S=3,tt15654328,tt15654328.jpg,action,action
imdb,all_I=pixelate_S=3,tt13429362,tt13429362.jpg,horror,horror
imdb,all_I=pixelate_S=3,tt14858054,tt14858054.jpg,horror,horror
imdb,all_I=pixelate_S=3,tt7354440,tt7354440.jpg,horror,horror
imdb,all_I=pixelate_S=3,tt21907174,tt21907174.jpg,comedy,comedy
imdb,all_I=pixelate_S=3,tt12885852,tt12885852.jpg,action,action
imdb,all_I=pixelate_S=3,tt8426926,tt8426926.jpg,action,action
imdb,all_I=pixelate_S=3,tt10691162,tt10691162.jpg,horror,horror
imdb,all_I=pixelate_S=3,tt11125620,tt11125620.jpg,comedy,comedy
imdb,all_I=pixelate_S=3,tt4495098,tt4495098.jpg,action,action
imdb,all_I=pixelate_S=3,tt20114976,tt20114976.jpg,horror,horror
imdb,all_I=pixelate_S=3,tt9606374,tt9606374.jpg,comedy,comedy
imdb,all_I=pixelate_S=3,tt14145436,tt14145436.jpg,horror,horror
imdb,all_I=pixelate_S=3,tt22889164,tt22889164.jpg,horror,action
imdb,all_I=pixelate_S=3,tt9742794,tt9742794.jpg,comedy,action
imdb,all_I=pixelate_S=3,tt7947604,tt7947604.jpg,comedy,romance
imdb,all_I=pixelate_S=3,tt7740510,tt7740510.jpg,horror,horror
imdb,all_I=pixelate_S=3,tt6334354,tt6334354.jpg,action,action
imdb,all_I=pixelate_S=3,tt7888964,tt7888964.jpg,action,action
imdb,all_I=pixelate_S=3,tt20850406,tt20850406.jpg,romance,romance
imdb,all_I=pixelate_S=3,tt5113044,tt5113044.jpg,comedy,comedy
imdb,all_I=pixelate_S=3,tt18968540,tt18968540.jpg,horror,horror
imdb,all_I=pixelate_S=3,tt1630029,tt1630029.jpg,action,action
imdb,all_I=pixelate_S=3,tt1877830,tt1877830.jpg,action,action
imdb,all_I=pixelate_S=3,tt13603966,tt13603966.jpg,action,action
imdb,all_I=pixelate_S=3,tt11301946,tt11301946.jpg,action,action
imdb,all_I=pixelate_S=3,tt6705162,tt6705162.jpg,comedy,comedy
imdb,all_I=pixelate_S=3,tt14099334,tt14099334.jpg,horror,horror
imdb,all_I=pixelate_S=3,tt10701074,tt10701074.jpg,historical fiction,action
imdb,all_I=pixelate_S=3,tt7035004,tt7035004.jpg,action,action
imdb,all_I=pixelate_S=3,tt1001520,tt1001520.jpg,horror,horror
imdb,all_I=pixelate_S=3,tt9173418,tt9173418.jpg,horror,horror
imdb,all_I=pixelate_S=3,tt10473036,tt10473036.jpg,comedy,comedy
imdb,all_I=pixelate_S=3,tt7267498,tt7267498.jpg,horror,horror
imdb,all_I=pixelate_S=3,tt5843876,tt5843876.jpg,romance,romance
imdb,all_I=pixelate_S=3,tt15655826,tt15655826.jpg,horror,romance
imdb,all_I=pixelate_S=3,tt3278540,tt3278540.jpg,romance,romance
imdb,all_I=pixelate_S=3,tt0293429,tt0293429.jpg,action,action
imdb,all_I=pixelate_S=3,tt0499097,tt0499097.jpg,action,action
imdb,all_I=pixelate_S=3,tt16252698,tt16252698.jpg,romance,romance
imdb,all_I=pixelate_S=3,tt15783426,tt15783426.jpg,comedy,action
imdb,all_I=pixelate_S=3,tt5950596,tt5950596.jpg,horror,horror
imdb,all_I=pixelate_S=3,tt11951276,tt11951276.jpg,comedy,comedy
imdb,all_I=pixelate_S=3,tt4593060,tt4593060.jpg,comedy,comedy
imdb,all_I=pixelate_S=3,tt28073548,tt28073548.jpg,romance,romance
imdb,all_I=pixelate_S=3,tt15684426,tt15684426.jpg,horror,horror
imdb,all_I=pixelate_S=3,tt8246646,tt8246646.jpg,action,action
imdb,all_I=pixelate_S=3,tt16527824,tt16527824.jpg,action,action
imdb,all_I=pixelate_S=3,tt3554046,tt3554046.jpg,action,comedy
imdb,all_I=pixelate_S=3,tt3480822,tt3480822.jpg,action,action
imdb,all_I=pixelate_S=3,tt8041270,tt8041270.jpg,action,action
imdb,all_I=pixelate_S=3,tt5761544,tt5761544.jpg,action,action
imdb,all_I=pixelate_S=3,tt4998632,tt4998632.jpg,action,action
imdb,all_I=pixelate_S=3,tt4028464,tt4028464.jpg,horror,horror
imdb,all_I=pixelate_S=3,tt9691136,tt9691136.jpg,horror,action
imdb,all_I=pixelate_S=3,tt2948372,tt2948372.jpg,comedy,comedy
imdb,all_I=pixelate_S=3,tt14502344,tt14502344.jpg,horror,horror
imdb,all_I=pixelate_S=3,tt12873562,tt12873562.jpg,horror,horror
imdb,all_I=pixelate_S=3,tt11138512,tt11138512.jpg,action,action
imdb,all_I=pixelate_S=3,tt2943178,tt2943178.jpg,action,action
imdb,all_I=pixelate_S=3,tt5884796,tt5884796.jpg,action,action
imdb,all_I=pixelate_S=3,tt8080204,tt8080204.jpg,action,action
imdb,all_I=pixelate_S=3,tt22023218,tt22023218.jpg,horror,horror
imdb,all_I=pixelate_S=3,tt8201852,tt8201852.jpg,horror,horror
imdb,all_I=pixelate_S=3,tt20853816,tt20853816.jpg,horror,horror
imdb,all_I=pixelate_S=3,tt3917710,tt3917710.jpg,horror,action
imdb,all_I=pixelate_S=3,tt12283036,tt12283036.jpg,horror,horror
imdb,all_I=pixelate_S=3,tt16431882,tt16431882.jpg,horror,horror
imdb,all_I=pixelate_S=3,tt20672534,tt20672534.jpg,comedy,comedy
imdb,all_I=pixelate_S=3,tt11080108,tt11080108.jpg,romance,romance
imdb,all_I=pixelate_S=3,tt14438348,tt14438348.jpg,horror,horror
imdb,all_I=pixelate_S=3,tt7991608,tt7991608.jpg,action,action
imdb,all_I=pixelate_S=3,tt13055982,tt13055982.jpg,action,action
imdb,all_I=pixelate_S=3,tt13327038,tt13327038.jpg,horror,comedy
imdb,all_I=pixelate_S=3,tt18073328,tt18073328.jpg,action,action
imdb,all_I=pixelate_S=3,tt26675777,tt26675777.jpg,action,horror
imdb,all_I=pixelate_S=3,tt14109724,tt14109724.jpg,comedy,romance
imdb,all_I=pixelate_S=3,tt16278434,tt16278434.jpg,action,action
imdb,all_I=pixelate_S=3,tt6791350,tt6791350.jpg,action,comedy
imdb,all_I=pixelate_S=3,tt21628198,tt21628198.jpg,action,action
imdb,all_I=pixelate_S=3,tt8005118,tt8005118.jpg,comedy,comedy
imdb,all_I=pixelate_S=3,tt6443346,tt6443346.jpg,action,action
imdb,all_I=pixelate_S=3,tt7026488,tt7026488.jpg,horror,horror
imdb,all_I=pixelate_S=3,tt12861508,tt12861508.jpg,horror,action
imdb,all_I=pixelate_S=3,tt3781118,tt3781118.jpg,action,action
imdb,all_I=pixelate_S=3,tt21651560,tt21651560.jpg,horror,horror
imdb,all_I=pixelate_S=3,tt4257940,tt4257940.jpg,horror,romance
imdb,all_I=pixelate_S=3,tt10223460,tt10223460.jpg,comedy,romance
imdb,all_I=pixelate_S=3,tt19713090,tt19713090.jpg,action,action
imdb,all_I=pixelate_S=3,tt12712604,tt12712604.jpg,comedy,comedy
imdb,all_I=pixelate_S=3,tt11400902,tt11400902.jpg,horror,horror
imdb,all_I=pixelate_S=3,tt1160419,tt1160419.jpg,action,action
imdb,all_I=pixelate_S=3,tt12749596,tt12749596.jpg,horror,horror
imdb,all_I=pixelate_S=3,tt6217926,tt6217926.jpg,horror,romance
imdb,all_I=pixelate_S=3,tt13057276,tt13057276.jpg,horror,horror
imdb,all_I=pixelate_S=3,tt8593904,tt8593904.jpg,comedy,romance
imdb,all_I=pixelate_S=3,tt8936646,tt8936646.jpg,action,action
imdb,all_I=pixelate_S=3,tt18376308,tt18376308.jpg,horror,horror
imdb,all_I=pixelate_S=3,tt14867006,tt14867006.jpg,horror,horror
imdb,all_I=pixelate_S=3,tt9183978,tt9183978.jpg,horror,horror
imdb,all_I=pixelate_S=3,tt8367084,tt8367084.jpg,romance,comedy
imdb,all_I=pixelate_S=3,tt13430858,tt13430858.jpg,comedy,romance
imdb,all_I=pixelate_S=3,tt9777666,tt9777666.jpg,action,action
imdb,all_I=pixelate_S=3,tt21087084,tt21087084.jpg,comedy,romance
imdb,all_I=pixelate_S=3,tt19267924,tt19267924.jpg,romance,romance
imdb,all_I=pixelate_S=3,tt11905536,tt11905536.jpg,horror,action
imdb,all_I=pixelate_S=3,tt3811906,tt3811906.jpg,horror,horror
imdb,all_I=pixelate_S=3,tt4244994,tt4244994.jpg,action,action
imdb,all_I=pixelate_S=3,tt24546804,tt24546804.jpg,romance,romance
imdb,all_I=pixelate_S=3,tt10886166,tt10886166.jpg,romance,romance
imdb,all_I=pixelate_S=3,tt9271672,tt9271672.jpg,horror,horror
imdb,all_I=pixelate_S=3,tt9204328,tt9204328.jpg,horror,horror
imdb,all_I=pixelate_S=3,tt9602472,tt9602472.jpg,horror,horror
imdb,all_I=pixelate_S=3,tt8560172,tt8560172.jpg,comedy,comedy
imdb,all_I=pixelate_S=3,tt6372694,tt6372694.jpg,action,horror
imdb,all_I=pixelate_S=3,tt12844910,tt12844910.jpg,action,action
imdb,all_I=pixelate_S=3,tt8302918,tt8302918.jpg,romance,romance
imdb,all_I=pixelate_S=3,tt12801262,tt12801262.jpg,comedy,comedy
imdb,all_I=pixelate_S=3,tt12444934,tt12444934.jpg,horror,horror
imdb,all_I=pixelate_S=3,tt7069210,tt7069210.jpg,horror,horror
imdb,all_I=pixelate_S=3,tt15509244,tt15509244.jpg,romance,romance
imdb,all_I=pixelate_S=3,tt15481952,tt15481952.jpg,comedy,comedy
imdb,all_I=pixelate_S=3,tt10403420,tt10403420.jpg,horror,horror
imdb,all_I=pixelate_S=3,tt20198774,tt20198774.jpg,horror,horror
imdb,all_I=pixelate_S=3,tt6718170,tt6718170.jpg,comedy,comedy
imdb,all_I=pixelate_S=3,tt13964404,tt13964404.jpg,horror,horror
imdb,all_I=pixelate_S=3,tt6802400,tt6802400.jpg,comedy,comedy
imdb,all_I=pixelate_S=3,tt10676048,tt10676048.jpg,action,action
imdb,all_I=pixelate_S=3,tt17220704,tt17220704.jpg,comedy,comedy
imdb,all_I=pixelate_S=3,tt16077702,tt16077702.jpg,comedy,comedy
imdb,all_I=pixelate_S=3,tt10406596,tt10406596.jpg,horror,horror
imdb,all_I=pixelate_S=3,tt2906216,tt2906216.jpg,action,action
imdb,all_I=pixelate_S=3,tt4624366,tt4624366.jpg,horror,horror
imdb,all_I=pixelate_S=3,tt18346624,tt18346624.jpg,horror,horror
imdb,all_I=pixelate_S=3,tt14537248,tt14537248.jpg,horror,horror
imdb,all_I=pixelate_S=3,tt9224104,tt9224104.jpg,action,action
imdb,all_I=pixelate_S=3,tt11188624,tt11188624.jpg,horror,horror
imdb,all_I=pixelate_S=3,tt1649418,tt1649418.jpg,action,action
imdb,all_I=pixelate_S=3,tt5420210,tt5420210.jpg,comedy,comedy
imdb,all_I=pixelate_S=3,tt2315938,tt2315938.jpg,horror,horror
imdb,all_I=pixelate_S=3,tt28199975,tt28199975.jpg,action,action
imdb,all_I=pixelate_S=3,tt3427252,tt3427252.jpg,horror,horror
imdb,all_I=pixelate_S=3,tt14874302,tt14874302.jpg,romance,romance
imdb,all_I=pixelate_S=3,tt13821562,tt13821562.jpg,comedy,comedy
imdb,all_I=pixelate_S=3,tt14499608,tt14499608.jpg,comedy,comedy
imdb,all_I=pixelate_S=3,tt26941512,tt26941512.jpg,horror,horror
imdb,all_I=pixelate_S=3,tt9820352,tt9820352.jpg,action,action
imdb,all_I=pixelate_S=3,tt14617254,tt14617254.jpg,horror,horror
imdb,all_I=pixelate_S=3,tt6654210,tt6654210.jpg,action,action
imdb,all_I=pixelate_S=3,tt13143964,tt13143964.jpg,comedy,comedy
imdb,all_I=pixelate_S=3,tt10665338,tt10665338.jpg,horror,horror
imdb,all_I=pixelate_S=3,tt0887261,tt0887261.jpg,horror,horror
imdb,all_I=pixelate_S=3,tt12530246,tt12530246.jpg,horror,action
imdb,all_I=pixelate_S=3,tt16127696,tt16127696.jpg,horror,horror
imdb,all_I=pixelate_S=3,tt1051906,tt1051906.jpg,horror,horror
imdb,all_I=pixelate_S=3,tt16916320,tt16916320.jpg,action,action
imdb,all_I=pixelate_S=3,tt13174108,tt13174108.jpg,horror,horror
imdb,all_I=pixelate_S=3,tt3977848,tt3977848.jpg,action,horror
imdb,all_I=pixelate_S=3,tt11112808,tt11112808.jpg,comedy,comedy
imdb,all_I=pixelate_S=3,tt13406136,tt13406136.jpg,action,action
imdb,all_I=pixelate_S=3,tt5034838,tt5034838.jpg,action,action
imdb,all_I=pixelate_S=3,tt10121392,tt10121392.jpg,action,action
imdb,all_I=pixelate_S=3,tt4566758,tt4566758.jpg,action,action
imdb,all_I=pixelate_S=3,tt1086064,tt1086064.jpg,comedy,comedy
imdb,all_I=pixelate_S=3,tt19623240,tt19623240.jpg,horror,horror
imdb,all_I=pixelate_S=3,tt11663228,tt11663228.jpg,action,action
imdb,all_I=pixelate_S=3,tt10315050,tt10315050.jpg,horror,horror
imdb,all_I=pixelate_S=3,tt8461224,tt8461224.jpg,action,action
imdb,all_I=pixelate_S=3,tt9000184,tt9000184.jpg,horror,horror
imdb,all_I=pixelate_S=3,tt15520136,tt15520136.jpg,horror,horror
imdb,all_I=pixelate_S=3,tt14399128,tt14399128.jpg,comedy,comedy
imdb,all_I=pixelate_S=3,tt27411059,tt27411059.jpg,horror,horror
imdb,all_I=pixelate_S=3,tt13238346,tt13238346.jpg,romance,romance
imdb,all_I=pixelate_S=3,tt4685762,tt4685762.jpg,horror,horror
imdb,all_I=pixelate_S=3,tt5918982,tt5918982.jpg,horror,horror
imdb,all_I=pixelate_S=3,tt10151854,tt10151854.jpg,action,action
imdb,all_I=pixelate_S=3,tt15502356,tt15502356.jpg,comedy,horror
imdb,all_I=pixelate_S=3,tt7375466,tt7375466.jpg,action,action
imdb,all_I=pixelate_S=3,tt14230388,tt14230388.jpg,comedy,comedy
imdb,all_I=pixelate_S=3,tt14121726,tt14121726.jpg,horror,horror
imdb,all_I=pixelate_S=3,tt12550376,tt12550376.jpg,horror,horror
imdb,all_I=pixelate_S=3,tt10803634,tt10803634.jpg,horror,horror
imdb,all_I=pixelate_S=3,tt11024272,tt11024272.jpg,horror,comedy
imdb,all_I=pixelate_S=3,tt13070038,tt13070038.jpg,romance,romance
imdb,all_I=pixelate_S=3,tt2222042,tt2222042.jpg,action,action
imdb,all_I=pixelate_S=3,tt14807000,tt14807000.jpg,horror,horror
imdb,all_I=pixelate_S=3,tt17081088,tt17081088.jpg,horror,horror
imdb,all_I=pixelate_S=3,tt15206378,tt15206378.jpg,comedy,comedy
imdb,all_I=pixelate_S=3,tt9118804,tt9118804.jpg,horror,horror
imdb,all_I=pixelate_S=3,tt17321230,tt17321230.jpg,comedy,romance
imdb,all_I=pixelate_S=3,tt26594993,tt26594993.jpg,horror,horror
imdb,all_I=pixelate_S=3,tt10362466,tt10362466.jpg,romance,romance
imdb,all_I=pixelate_S=3,tt26491631,tt26491631.jpg,horror,horror
imdb,all_I=pixelate_S=3,tt11314148,tt11314148.jpg,romance,romance
imdb,all_I=pixelate_S=3,tt20834182,tt20834182.jpg,horror,horror
imdb,all_I=pixelate_S=3,tt10062338,tt10062338.jpg,horror,horror
imdb,all_I=pixelate_S=3,tt22410094,tt22410094.jpg,horror,horror
imdb,all_I=pixelate_S=3,tt15744298,tt15744298.jpg,action,action
imdb,all_I=pixelate_S=3,tt12982370,tt12982370.jpg,horror,action
imdb,all_I=pixelate_S=3,tt15131266,tt15131266.jpg,action,action
imdb,all_I=pixelate_S=3,tt18925334,tt18925334.jpg,horror,horror
imdb,all_I=pixelate_S=3,tt10515988,tt10515988.jpg,horror,horror
imdb,all_I=pixelate_S=3,tt6442686,tt6442686.jpg,horror,action
imdb,all_I=pixelate_S=3,tt4532038,tt4532038.jpg,comedy,comedy
imdb,all_I=pixelate_S=3,tt21807222,tt21807222.jpg,horror,horror
imdb,all_I=pixelate_S=3,tt7737786,tt7737786.jpg,horror,action
imdb,all_I=pixelate_S=3,tt13061914,tt13061914.jpg,comedy,comedy
imdb,all_I=pixelate_S=3,tt10229982,tt10229982.jpg,romance,romance
imdb,all_I=pixelate_S=3,tt15339570,tt15339570.jpg,comedy,comedy
imdb,all_I=pixelate_S=3,tt9663764,tt9663764.jpg,action,action
imdb,all_I=pixelate_S=3,tt10508838,tt10508838.jpg,action,action
imdb,all_I=pixelate_S=3,tt9050310,tt9050310.jpg,horror,horror
imdb,all_I=pixelate_S=3,tt10944486,tt10944486.jpg,comedy,comedy
imdb,all_I=pixelate_S=3,tt9286908,tt9286908.jpg,action,action
imdb,all_I=pixelate_S=3,tt10584340,tt10584340.jpg,comedy,comedy
imdb,all_I=pixelate_S=3,tt2235695,tt2235695.jpg,horror,romance
imdb,all_I=pixelate_S=3,tt15090124,tt15090124.jpg,horror,horror
imdb,all_I=pixelate_S=3,tt11245972,tt11245972.jpg,horror,horror
imdb,all_I=pixelate_S=3,tt4139928,tt4139928.jpg,action,action
imdb,all_I=pixelate_S=3,tt8045906,tt8045906.jpg,horror,romance
imdb,all_I=pixelate_S=3,tt5635026,tt5635026.jpg,fantasy,action
imdb,all_I=pixelate_S=3,tt15713012,tt15713012.jpg,action,action
imdb,all_I=pixelate_S=3,tt14799960,tt14799960.jpg,comedy,romance
imdb,all_I=pixelate_S=3,tt28690326,tt28690326.jpg,romance,romance
imdb,all_I=pixelate_S=3,tt4614584,tt4614584.jpg,romance,romance
imdb,all_I=pixelate_S=3,tt14014068,tt14014068.jpg,romance,romance
imdb,all_I=pixelate_S=3,tt9077876,tt9077876.jpg,horror,horror
imdb,all_I=pixelate_S=3,tt6539992,tt6539992.jpg,action,action
imdb,all_I=pixelate_S=3,tt10003008,tt10003008.jpg,horror,horror
imdb,all_I=pixelate_S=3,tt3626476,tt3626476.jpg,comedy,comedy
imdb,all_I=pixelate_S=3,tt20782072,tt20782072.jpg,horror,horror
imdb,all_I=pixelate_S=3,tt14993352,tt14993352.jpg,horror,horror
imdb,all_I=pixelate_S=3,tt8110330,tt8110330.jpg,romance,romance
imdb,all_I=pixelate_S=3,tt6528290,tt6528290.jpg,action,action
imdb,all_I=pixelate_S=3,tt14550642,tt14550642.jpg,horror,horror
imdb,all_I=pixelate_S=3,tt19755170,tt19755170.jpg,romance,romance
imdb,all_I=pixelate_S=3,tt10090058,tt10090058.jpg,action,action
imdb,all_I=pixelate_S=3,tt6879446,tt6879446.jpg,action,action
imdb,all_I=pixelate_S=3,tt12547822,tt12547822.jpg,horror,horror
imdb,all_I=pixelate_S=3,tt13757762,tt13757762.jpg,horror,horror
imdb,all_I=pixelate_S=3,tt16900880,tt16900880.jpg,action,action
imdb,all_I=pixelate_S=3,tt13445076,tt13445076.jpg,action,action
imdb,all_I=pixelate_S=3,tt7846844,tt7846844.jpg,comedy,action
imdb,all_I=pixelate_S=3,tt8629748,tt8629748.jpg,action,action
imdb,all_I=pixelate_S=3,tt10127708,tt10127708.jpg,horror,action
imdb,all_I=pixelate_S=3,tt11210390,tt11210390.jpg,comedy,comedy
imdb,all_I=pixelate_S=3,tt3291150,tt3291150.jpg,action,action
imdb,all_I=pixelate_S=3,tt9038678,tt9038678.jpg,drama,action
imdb,all_I=pixelate_S=3,tt14230458,tt14230458.jpg,comedy,romance
imdb,all_I=pixelate_S=3,tt22352848,tt22352848.jpg,action,action
imdb,all_I=pixelate_S=3,tt4439620,tt4439620.jpg,action,action
imdb,all_I=pixelate_S=3,tt8368408,tt8368408.jpg,action,action
imdb,all_I=pixelate_S=3,tt12889404,tt12889404.jpg,romance,romance
imdb,all_I=pixelate_S=3,tt14642626,tt14642626.jpg,horror,horror
imdb,all_I=pixelate_S=3,tt14412446,tt14412446.jpg,horror,horror
imdb,all_I=pixelate_S=3,tt8270664,tt8270664.jpg,action,action
imdb,all_I=pixelate_S=3,tt11614912,tt11614912.jpg,horror,horror
imdb,all_I=pixelate_S=3,tt5151570,tt5151570.jpg,comedy,comedy
imdb,all_I=pixelate_S=3,tt19363554,tt19363554.jpg,horror,horror
imdb,all_I=pixelate_S=3,tt8385148,tt8385148.jpg,action,action
imdb,all_I=pixelate_S=3,tt24822574,tt24822574.jpg,romance,romance
imdb,all_I=pixelate_S=3,tt14672882,tt14672882.jpg,action,action
imdb,all_I=pixelate_S=3,tt10895576,tt10895576.jpg,comedy,comedy
imdb,all_I=pixelate_S=3,tt12921446,tt12921446.jpg,horror,horror
imdb,all_I=pixelate_S=3,tt9848626,tt9848626.jpg,comedy,comedy
imdb,all_I=pixelate_S=3,tt6920084,tt6920084.jpg,horror,action
imdb,all_I=pixelate_S=3,tt6048922,tt6048922.jpg,action,action
imdb,all_I=pixelate_S=3,tt10329134,tt10329134.jpg,romance,romance
imdb,all_I=pixelate_S=3,tt8847712,tt8847712.jpg,comedy,comedy
imdb,all_I=pixelate_S=3,tt10579952,tt10579952.jpg,action,action
imdb,all_I=pixelate_S=3,tt13462900,tt13462900.jpg,action,action
imdb,all_I=pixelate_S=3,tt13388176,tt13388176.jpg,horror,horror
imdb,all_I=pixelate_S=3,tt6475714,tt6475714.jpg,action,action
imdb,all_I=pixelate_S=3,tt4427800,tt4427800.jpg,horror,action
imdb,all_I=pixelate_S=3,tt8851668,tt8851668.jpg,comedy,action
imdb,all_I=pixelate_S=3,tt10370710,tt10370710.jpg,comedy,comedy
imdb,all_I=pixelate_S=3,tt10168670,tt10168670.jpg,horror,romance
imdb,all_I=pixelate_S=3,tt27881314,tt27881314.jpg,romance,romance
imdb,all_I=pixelate_S=3,tt7985704,tt7985704.jpg,action,action
imdb,all_I=pixelate_S=3,tt10763820,tt10763820.jpg,horror,action
imdb,all_I=pixelate_S=3,tt7693316,tt7693316.jpg,action,action
imdb,all_I=pixelate_S=3,tt9179430,tt9179430.jpg,action,action
imdb,all_I=pixelate_S=3,tt11686490,tt11686490.jpg,horror,horror
imdb,all_I=pixelate_S=3,tt10365998,tt10365998.jpg,horror,horror
imdb,all_I=pixelate_S=3,tt15262370,tt15262370.jpg,horror,horror
imdb,all_I=pixelate_S=3,tt2488666,tt2488666.jpg,horror,horror
imdb,all_I=pixelate_S=3,tt18816518,tt18816518.jpg,comedy,horror
imdb,all_I=pixelate_S=3,tt10872600,tt10872600.jpg,action,action
imdb,all_I=pixelate_S=3,tt9580138,tt9580138.jpg,action,action
imdb,all_I=pixelate_S=3,tt3152592,tt3152592.jpg,comedy,comedy
imdb,all_I=pixelate_S=3,tt9685342,tt9685342.jpg,action,action
imdb,all_I=pixelate_S=3,tt8640928,tt8640928.jpg,horror,horror
imdb,all_I=pixelate_S=3,tt15486810,tt15486810.jpg,horror,action
imdb,all_I=pixelate_S=3,tt8851148,tt8851148.jpg,romance,romance
imdb,all_I=pixelate_S=3,tt4472508,tt4472508.jpg,action,action
imdb,all_I=pixelate_S=3,tt10362566,tt10362566.jpg,horror,horror
imdb,all_I=pixelate_S=3,tt4411584,tt4411584.jpg,comedy,romance
imdb,all_I=pixelate_S=3,tt10999120,tt10999120.jpg,comedy,comedy
imdb,all_I=pixelate_S=3,tt7713068,tt7713068.jpg,action,action
imdb,all_I=pixelate_S=3,tt21913634,tt21913634.jpg,horror,horror
imdb,all_I=pixelate_S=3,tt12593682,tt12593682.jpg,action,comedy
imdb,all_I=pixelate_S=3,tt9314984,tt9314984.jpg,horror,horror
imdb,all_I=pixelate_S=3,tt10935956,tt10935956.jpg,action,action
imdb,all_I=pixelate_S=3,tt6902332,tt6902332.jpg,action,action
imdb,all_I=pixelate_S=3,tt13444014,tt13444014.jpg,romance,romance
imdb,all_I=pixelate_S=3,tt11394332,tt11394332.jpg,horror,comedy
imdb,all_I=pixelate_S=3,tt6506264,tt6506264.jpg,horror,action
imdb,all_I=pixelate_S=3,tt14905650,tt14905650.jpg,horror,horror
imdb,all_I=pixelate_S=3,tt9701942,tt9701942.jpg,horror,horror
imdb,all_I=pixelate_S=3,tt7510346,tt7510346.jpg,horror,horror
imdb,all_I=pixelate_S=3,tt10399608,tt10399608.jpg,horror,horror
imdb,all_I=pixelate_S=3,tt14462452,tt14462452.jpg,horror,horror
imdb,all_I=pixelate_S=3,tt13345606,tt13345606.jpg,horror,horror
imdb,all_I=pixelate_S=3,tt3463938,tt3463938.jpg,horror,horror
imdb,all_I=pixelate_S=3,tt15268244,tt15268244.jpg,comedy,comedy
imdb,all_I=pixelate_S=3,tt3986420,tt3986420.jpg,horror,romance
imdb,all_I=pixelate_S=3,tt7097896,tt7097896.jpg,action,action
imdb,all_I=pixelate_S=3,tt10665342,tt10665342.jpg,horror,horror
imdb,all_I=pixelate_S=3,tt1464335,tt1464335.jpg,action,action
imdb,all_I=pixelate_S=3,tt12965390,tt12965390.jpg,action,action
imdb,all_I=pixelate_S=3,tt3885422,tt3885422.jpg,action,horror
imdb,all_I=pixelate_S=3,tt5867314,tt5867314.jpg,horror,horror
imdb,all_I=pixelate_S=3,tt10957044,tt10957044.jpg,action,action
imdb,all_I=pixelate_S=3,tt10530176,tt10530176.jpg,horror,horror
imdb,all_I=pixelate_S=3,tt22394702,tt22394702.jpg,comedy,action
imdb,all_I=pixelate_S=3,tt7178640,tt7178640.jpg,comedy,romance
imdb,all_I=pixelate_S=3,tt8004664,tt8004664.jpg,horror,horror
imdb,all_I=pixelate_S=3,tt13453006,tt13453006.jpg,comedy,comedy
imdb,all_I=pixelate_S=3,tt7146812,tt7146812.jpg,comedy,action
imdb,all_I=pixelate_S=3,tt11540726,tt11540726.jpg,horror,horror
imdb,all_I=pixelate_S=3,tt14428606,tt14428606.jpg,romance,romance
imdb,all_I=pixelate_S=3,tt15791034,tt15791034.jpg,horror,horror
imdb,all_I=pixelate_S=3,tt1634106,tt1634106.jpg,action,action
imdb,all_I=pixelate_S=3,tt10275534,tt10275534.jpg,horror,action
imdb,all_I=pixelate_S=3,tt17196124,tt17196124.jpg,horror,horror
imdb,all_I=pixelate_S=3,tt10648342,tt10648342.jpg,action,action
imdb,all_I=pixelate_S=3,tt10327252,tt10327252.jpg,horror,horror
imdb,all_I=pixelate_S=3,tt10107222,tt10107222.jpg,comedy,romance
imdb,all_I=pixelate_S=3,tt10242388,tt10242388.jpg,horror,action
imdb,all_I=pixelate_S=3,tt11998558,tt11998558.jpg,comedy,action
imdb,all_I=pixelate_S=3,tt11291274,tt11291274.jpg,action,action
imdb,all_I=pixelate_S=3,tt23806182,tt23806182.jpg,romance,romance
imdb,all_I=pixelate_S=3,tt3797512,tt3797512.jpg,comedy,comedy
imdb,all_I=pixelate_S=3,tt11947100,tt11947100.jpg,comedy,romance
imdb,all_I=pixelate_S=3,tt26453759,tt26453759.jpg,horror,horror
imdb,all_I=pixelate_S=3,tt15944018,tt15944018.jpg,comedy,comedy
imdb,all_I=pixelate_S=3,tt21276878,tt21276878.jpg,comedy,comedy
imdb,all_I=pixelate_S=3,tt9100018,tt9100018.jpg,horror,horror
imdb,all_I=pixelate_S=3,tt13270838,tt13270838.jpg,action,action
imdb,all_I=pixelate_S=3,tt12676326,tt12676326.jpg,drama,romance
imdb,all_I=pixelate_S=3,tt10101702,tt10101702.jpg,comedy,comedy
imdb,all_I=pixelate_S=3,tt3963226,tt3963226.jpg,horror,horror
imdb,all_I=pixelate_S=3,tt13392012,tt13392012.jpg,horror,horror
imdb,all_I=pixelate_S=3,tt5500218,tt5500218.jpg,action,action
imdb,all_I=pixelate_S=3,tt0805647,tt0805647.jpg,horror,comedy
imdb,all_I=pixelate_S=3,tt28568397,tt28568397.jpg,comedy,comedy
imdb,all_I=pixelate_S=3,tt7545266,tt7545266.jpg,comedy,comedy
imdb,all_I=pixelate_S=3,tt6222118,tt6222118.jpg,action,action
imdb,all_I=pixelate_S=3,tt19896150,tt19896150.jpg,horror,horror
imdb,all_I=pixelate_S=3,tt15334488,tt15334488.jpg,romance,romance
imdb,all_I=pixelate_S=3,tt0993840,tt0993840.jpg,horror,action
imdb,all_I=pixelate_S=3,tt2953050,tt2953050.jpg,comedy,comedy
imdb,all_I=pixelate_S=3,tt6703486,tt6703486.jpg,romance,action
imdb,all_I=pixelate_S=3,tt5315210,tt5315210.jpg,horror,action
imdb,all_I=pixelate_S=3,tt3447590,tt3447590.jpg,comedy,comedy
imdb,all_I=pixelate_S=3,tt3679040,tt3679040.jpg,comedy,romance
imdb,all_I=pixelate_S=3,tt24655170,tt24655170.jpg,horror,horror
imdb,all_I=pixelate_S=3,tt12361974,tt12361974.jpg,action,action
imdb,all_I=pixelate_S=3,tt12672536,tt12672536.jpg,action,action
imdb,all_I=pixelate_S=3,tt4136456,tt4136456.jpg,action,action
imdb,all_I=pixelate_S=3,tt10329614,tt10329614.jpg,horror,horror
imdb,all_I=pixelate_S=3,tt6246322,tt6246322.jpg,horror,horror
imdb,all_I=pixelate_S=3,tt13405778,tt13405778.jpg,horror,horror
imdb,all_I=pixelate_S=3,tt9731534,tt9731534.jpg,horror,horror
imdb,all_I=pixelate_S=3,tt9362930,tt9362930.jpg,action,action
imdb,all_I=pixelate_S=3,tt1361336,tt1361336.jpg,comedy,comedy
imdb,all_I=pixelate_S=3,tt15553956,tt15553956.jpg,romance,comedy
imdb,all_I=pixelate_S=3,tt21307994,tt21307994.jpg,horror,horror
imdb,all_I=pixelate_S=3,tt10954652,tt10954652.jpg,horror,horror
imdb,all_I=pixelate_S=3,tt23050520,tt23050520.jpg,horror,horror
imdb,all_I=pixelate_S=3,tt5090568,tt5090568.jpg,action,action
imdb,all_I=pixelate_S=3,tt12440964,tt12440964.jpg,romance,romance
imdb,all_I=pixelate_S=3,tt6668220,tt6668220.jpg,horror,horror
imdb,all_I=pixelate_S=3,tt11274492,tt11274492.jpg,comedy,action
imdb,all_I=pixelate_S=3,tt10023022,tt10023022.jpg,horror,action
imdb,all_I=pixelate_S=3,tt10160976,tt10160976.jpg,horror,horror
imdb,all_I=pixelate_S=3,tt13318942,tt13318942.jpg,horror,horror
imdb,all_I=pixelate_S=3,tt4479380,tt4479380.jpg,action,action
imdb,all_I=pixelate_S=3,tt13872248,tt13872248.jpg,horror,horror
imdb,all_I=pixelate_S=3,tt12944128,tt12944128.jpg,romance,romance
imdb,all_I=pixelate_S=3,tt24786154,tt24786154.jpg,romance,romance
imdb,all_I=pixelate_S=3,tt7126948,tt7126948.jpg,action,action
imdb,all_I=pixelate_S=3,tt6587640,tt6587640.jpg,comedy,comedy
imdb,all_I=pixelate_S=3,tt12298140,tt12298140.jpg,horror,horror
imdb,all_I=pixelate_S=3,tt4589218,tt4589218.jpg,horror,horror
imdb,all_I=pixelate_S=3,tt14158554,tt14158554.jpg,action,action
imdb,all_I=pixelate_S=3,tt9205538,tt9205538.jpg,horror,romance
imdb,all_I=pixelate_S=3,tt11365186,tt11365186.jpg,romance,romance
imdb,all_I=pixelate_S=3,tt14438964,tt14438964.jpg,comedy,comedy
imdb,all_I=pixelate_S=3,tt12261776,tt12261776.jpg,action,action
imdb,all_I=pixelate_S=3,tt9894660,tt9894660.jpg,comedy,comedy
imdb,all_I=pixelate_S=3,tt7212754,tt7212754.jpg,comedy,action
imdb,all_I=pixelate_S=3,tt15327088,tt15327088.jpg,action,action
imdb,all_I=pixelate_S=3,tt7099280,tt7099280.jpg,romance,romance
imdb,all_I=pixelate_S=3,tt27564994,tt27564994.jpg,horror,horror
imdb,all_I=pixelate_S=3,tt14857730,tt14857730.jpg,action,action
imdb,all_I=pixelate_S=3,tt1517268,tt1517268.jpg,comedy,comedy
imdb,all_I=pixelate_S=3,tt10978398,tt10978398.jpg,crime,action
imdb,all_I=pixelate_S=3,tt4081630,tt4081630.jpg,comedy,romance
imdb,all_I=pixelate_S=3,tt10323676,tt10323676.jpg,action,action
imdb,all_I=pixelate_S=3,tt5108870,tt5108870.jpg,horror,horror
imdb,all_I=pixelate_S=3,tt6673612,tt6673612.jpg,comedy,comedy
imdb,all_I=pixelate_S=3,tt6020800,tt6020800.jpg,action,action
imdb,all_I=pixelate_S=3,tt9340916,tt9340916.jpg,horror,horror
imdb,all_I=pixelate_S=3,tt15552494,tt15552494.jpg,horror,horror
imdb,all_I=pixelate_S=3,tt11012066,tt11012066.jpg,comedy,comedy
imdb,all_I=pixelate_S=3,tt14309446,tt14309446.jpg,comedy,comedy
imdb,all_I=pixelate_S=3,tt11310608,tt11310608.jpg,comedy,romance
imdb,all_I=pixelate_S=3,tt12298506,tt12298506.jpg,horror,horror
imdb,all_I=pixelate_S=3,tt14308636,tt14308636.jpg,comedy,comedy
imdb,all_I=pixelate_S=3,tt10161886,tt10161886.jpg,comedy,comedy
imdb,all_I=scale_down_S=3,tt1798632,tt1798632.jpg,horror,horror
imdb,all_I=scale_down_S=3,tt9214832,tt9214832.jpg,comedy,comedy
imdb,all_I=scale_down_S=3,tt21249656,tt21249656.jpg,romance,romance
imdb,all_I=scale_down_S=3,tt7149730,tt7149730.jpg,horror,action
imdb,all_I=scale_down_S=3,tt3876910,tt3876910.jpg,action,action
imdb,all_I=scale_down_S=3,tt12064810,tt12064810.jpg,action,action
imdb,all_I=scale_down_S=3,tt8593824,tt8593824.jpg,action,action
imdb,all_I=scale_down_S=3,tt21146854,tt21146854.jpg,romance,romance
imdb,all_I=scale_down_S=3,tt9624766,tt9624766.jpg,action,action
imdb,all_I=scale_down_S=3,tt12447796,tt12447796.jpg,horror,horror
imdb,all_I=scale_down_S=3,tt20199226,tt20199226.jpg,comedy,comedy
imdb,all_I=scale_down_S=3,tt3758814,tt3758814.jpg,action,action
imdb,all_I=scale_down_S=3,tt14873054,tt14873054.jpg,action,action
imdb,all_I=scale_down_S=3,tt21403538,tt21403538.jpg,comedy,romance
imdb,all_I=scale_down_S=3,tt17202326,tt17202326.jpg,horror,horror
imdb,all_I=scale_down_S=3,tt8672856,tt8672856.jpg,romance,romance
imdb,all_I=scale_down_S=3,tt14265992,tt14265992.jpg,horror,horror
imdb,all_I=scale_down_S=3,tt10307440,tt10307440.jpg,horror,action
imdb,all_I=scale_down_S=3,tt14405338,tt14405338.jpg,horror,horror
imdb,all_I=scale_down_S=3,tt13375076,tt13375076.jpg,horror,horror
imdb,all_I=scale_down_S=3,tt11271038,tt11271038.jpg,comedy,comedy
imdb,all_I=scale_down_S=3,tt10308928,tt10308928.jpg,action,action
imdb,all_I=scale_down_S=3,tt7628504,tt7628504.jpg,horror,horror
imdb,all_I=scale_down_S=3,tt15521050,tt15521050.jpg,romance,romance
imdb,all_I=scale_down_S=3,tt12724306,tt12724306.jpg,horror,horror
imdb,all_I=scale_down_S=3,tt7144666,tt7144666.jpg,horror,horror
imdb,all_I=scale_down_S=3,tt12829958,tt12829958.jpg,horror,horror
imdb,all_I=scale_down_S=3,tt15683734,tt15683734.jpg,horror,horror
imdb,all_I=scale_down_S=3,tt4983780,tt4983780.jpg,action,action
imdb,all_I=scale_down_S=3,tt8110652,tt8110652.jpg,horror,horror
imdb,all_I=scale_down_S=3,tt9686790,tt9686790.jpg,comedy,romance
imdb,all_I=scale_down_S=3,tt9054192,tt9054192.jpg,comedy,comedy
imdb,all_I=scale_down_S=3,tt12263384,tt12263384.jpg,action,action
imdb,all_I=scale_down_S=3,tt8521876,tt8521876.jpg,comedy,comedy
imdb,all_I=scale_down_S=3,tt14138650,tt14138650.jpg,horror,horror
imdb,all_I=scale_down_S=3,tt1655444,tt1655444.jpg,action,action
imdb,all_I=scale_down_S=3,tt24082454,tt24082454.jpg,horror,horror
imdb,all_I=scale_down_S=3,tt7737528,tt7737528.jpg,action,action
imdb,all_I=scale_down_S=3,tt9362722,tt9362722.jpg,action,action
imdb,all_I=scale_down_S=3,tt12735282,tt12735282.jpg,horror,horror
imdb,all_I=scale_down_S=3,tt8150814,tt8150814.jpg,horror,horror
imdb,all_I=scale_down_S=3,tt9603212,tt9603212.jpg,action,action
imdb,all_I=scale_down_S=3,tt22487338,tt22487338.jpg,romance,romance
imdb,all_I=scale_down_S=3,tt13304948,tt13304948.jpg,horror,horror
imdb,all_I=scale_down_S=3,tt6079772,tt6079772.jpg,action,action
imdb,all_I=scale_down_S=3,tt22640398,tt22640398.jpg,horror,horror
imdb,all_I=scale_down_S=3,tt13400336,tt13400336.jpg,action,action
imdb,all_I=scale_down_S=3,tt11851548,tt11851548.jpg,horror,horror
imdb,all_I=scale_down_S=3,tt7440124,tt7440124.jpg,horror,horror
imdb,all_I=scale_down_S=3,tt12574708,tt12574708.jpg,horror,horror
imdb,all_I=scale_down_S=3,tt5433138,tt5433138.jpg,action,action
imdb,all_I=scale_down_S=3,tt12335692,tt12335692.jpg,action,action
imdb,all_I=scale_down_S=3,tt13822738,tt13822738.jpg,action,action
imdb,all_I=scale_down_S=3,tt9669176,tt9669176.jpg,action,action
imdb,all_I=scale_down_S=3,tt15441472,tt15441472.jpg,horror,action
imdb,all_I=scale_down_S=3,tt18411490,tt18411490.jpg,action,action
imdb,all_I=scale_down_S=3,tt10954600,tt10954600.jpg,action,action
imdb,all_I=scale_down_S=3,tt19898888,tt19898888.jpg,horror,horror
imdb,all_I=scale_down_S=3,tt9114286,tt9114286.jpg,action,action
imdb,all_I=scale_down_S=3,tt22394694,tt22394694.jpg,action,action
imdb,all_I=scale_down_S=3,tt3612126,tt3612126.jpg,horror,horror
imdb,all_I=scale_down_S=3,tt3215824,tt3215824.jpg,action,action
imdb,all_I=scale_down_S=3,tt15422240,tt15422240.jpg,action,action
imdb,all_I=scale_down_S=3,tt26445483,tt26445483.jpg,comedy,comedy
imdb,all_I=scale_down_S=3,tt2463208,tt2463208.jpg,action,action
imdb,all_I=scale_down_S=3,tt9013340,tt9013340.jpg,comedy,comedy
imdb,all_I=scale_down_S=3,tt9320140,tt9320140.jpg,comedy,romance
imdb,all_I=scale_down_S=3,tt10916810,tt10916810.jpg,horror,horror
imdb,all_I=scale_down_S=3,tt15474916,tt15474916.jpg,horror,horror
imdb,all_I=scale_down_S=3,tt15824990,tt15824990.jpg,horror,horror
imdb,all_I=scale_down_S=3,tt1697800,tt1697800.jpg,action,action
imdb,all_I=scale_down_S=3,tt10404944,tt10404944.jpg,action,action
imdb,all_I=scale_down_S=3,tt14687418,tt14687418.jpg,horror,horror
imdb,all_I=scale_down_S=3,tt13302660,tt13302660.jpg,action,action
imdb,all_I=scale_down_S=3,tt1502397,tt1502397.jpg,action,action
imdb,all_I=scale_down_S=3,tt10618286,tt10618286.jpg,drama,comedy
imdb,all_I=scale_down_S=3,tt6561576,tt6561576.jpg,horror,horror
imdb,all_I=scale_down_S=3,tt15242330,tt15242330.jpg,action,comedy
imdb,all_I=scale_down_S=3,tt22085392,tt22085392.jpg,horror,horror
imdb,all_I=scale_down_S=3,tt15891388,tt15891388.jpg,comedy,romance
imdb,all_I=scale_down_S=3,tt26439204,tt26439204.jpg,action,action
imdb,all_I=scale_down_S=3,tt10600398,tt10600398.jpg,action,comedy
imdb,all_I=scale_down_S=3,tt13634480,tt13634480.jpg,comedy,comedy
imdb,all_I=scale_down_S=3,tt9207700,tt9207700.jpg,comedy,comedy
imdb,all_I=scale_down_S=3,tt11057644,tt11057644.jpg,comedy,comedy
imdb,all_I=scale_down_S=3,tt9288748,tt9288748.jpg,comedy,comedy
imdb,all_I=scale_down_S=3,tt10737918,tt10737918.jpg,action,action
imdb,all_I=scale_down_S=3,tt8332922,tt8332922.jpg,horror,horror
imdb,all_I=scale_down_S=3,tt9173154,tt9173154.jpg,horror,horror
imdb,all_I=scale_down_S=3,tt7768720,tt7768720.jpg,horror,romance
imdb,all_I=scale_down_S=3,tt11809034,tt11809034.jpg,action,action
imdb,all_I=scale_down_S=3,tt8760708,tt8760708.jpg,horror,horror
imdb,all_I=scale_down_S=3,tt9086228,tt9086228.jpg,horror,horror
imdb,all_I=scale_down_S=3,tt14013772,tt14013772.jpg,horror,horror
imdb,all_I=scale_down_S=3,tt26470099,tt26470099.jpg,horror,horror
imdb,all_I=scale_down_S=3,tt9784708,tt9784708.jpg,action,action
imdb,all_I=scale_down_S=3,tt9376612,tt9376612.jpg,action,action
imdb,all_I=scale_down_S=3,tt1136617,tt1136617.jpg,horror,action
imdb,all_I=scale_down_S=3,tt3915174,tt3915174.jpg,comedy,comedy
imdb,all_I=scale_down_S=3,tt27572862,tt27572862.jpg,horror,horror
imdb,all_I=scale_down_S=3,tt18072540,tt18072540.jpg,horror,horror
imdb,all_I=scale_down_S=3,tt14152140,tt14152140.jpg,horror,comedy
imdb,all_I=scale_down_S=3,tt13923456,tt13923456.jpg,comedy,action
imdb,all_I=scale_down_S=3,tt11827628,tt11827628.jpg,action,action
imdb,all_I=scale_down_S=3,tt18548186,tt18548186.jpg,horror,horror
imdb,all_I=scale_down_S=3,tt8784956,tt8784956.jpg,action,action
imdb,all_I=scale_down_S=3,tt0870154,tt0870154.jpg,action,action
imdb,all_I=scale_down_S=3,tt10160974,tt10160974.jpg,horror,horror
imdb,all_I=scale_down_S=3,tt20222202,tt20222202.jpg,horror,action
imdb,all_I=scale_down_S=3,tt11075540,tt11075540.jpg,horror,horror
imdb,all_I=scale_down_S=3,tt17042714,tt17042714.jpg,horror,horror
imdb,all_I=scale_down_S=3,tt15048614,tt15048614.jpg,horror,horror
imdb,all_I=scale_down_S=3,tt12801814,tt12801814.jpg,horror,horror
imdb,all_I=scale_down_S=3,tt10734864,tt10734864.jpg,horror,horror
imdb,all_I=scale_down_S=3,tt8637498,tt8637498.jpg,action,comedy
imdb,all_I=scale_down_S=3,tt22505124,tt22505124.jpg,horror,horror
imdb,all_I=scale_down_S=3,tt14557188,tt14557188.jpg,horror,horror
imdb,all_I=scale_down_S=3,tt10952782,tt10952782.jpg,horror,horror
imdb,all_I=scale_down_S=3,tt20854842,tt20854842.jpg,romance,romance
imdb,all_I=scale_down_S=3,tt10028196,tt10028196.jpg,romance,romance
imdb,all_I=scale_down_S=3,tt1745960,tt1745960.jpg,action,action
imdb,all_I=scale_down_S=3,tt6566576,tt6566576.jpg,horror,horror
imdb,all_I=scale_down_S=3,tt9619798,tt9619798.jpg,comedy,romance
imdb,all_I=scale_down_S=3,tt5748448,tt5748448.jpg,action,action
imdb,all_I=scale_down_S=3,tt12683756,tt12683756.jpg,horror,horror
imdb,all_I=scale_down_S=3,tt12226872,tt12226872.jpg,horror,horror
imdb,all_I=scale_down_S=3,tt10772662,tt10772662.jpg,horror,horror
imdb,all_I=scale_down_S=3,tt14668630,tt14668630.jpg,comedy,comedy
imdb,all_I=scale_down_S=3,tt10334222,tt10334222.jpg,horror,horror
imdb,all_I=scale_down_S=3,tt13007592,tt13007592.jpg,comedy,romance
imdb,all_I=scale_down_S=3,tt1777606,tt1777606.jpg,comedy,romance
imdb,all_I=scale_down_S=3,tt13320662,tt13320662.jpg,comedy,comedy
imdb,all_I=scale_down_S=3,tt6402468,tt6402468.jpg,horror,horror
imdb,all_I=scale_down_S=3,tt11564570,tt11564570.jpg,comedy,comedy
imdb,all_I=scale_down_S=3,tt6264654,tt6264654.jpg,comedy,action
imdb,all_I=scale_down_S=3,tt9834506,tt9834506.jpg,horror,horror
imdb,all_I=scale_down_S=3,tt10701458,tt10701458.jpg,horror,horror
imdb,all_I=scale_down_S=3,tt18079362,tt18079362.jpg,comedy,comedy
imdb,all_I=scale_down_S=3,tt10733228,tt10733228.jpg,romance,romance
imdb,all_I=scale_down_S=3,tt10838180,tt10838180.jpg,action,action
imdb,all_I=scale_down_S=3,tt18361658,tt18361658.jpg,romance,romance
imdb,all_I=scale_down_S=3,tt13846414,tt13846414.jpg,horror,romance
imdb,all_I=scale_down_S=3,tt11448138,tt11448138.jpg,horror,horror
imdb,all_I=scale_down_S=3,tt18260564,tt18260564.jpg,horror,horror
imdb,all_I=scale_down_S=3,tt8332802,tt8332802.jpg,horror,horror
imdb,all_I=scale_down_S=3,tt6968614,tt6968614.jpg,action,action
imdb,all_I=scale_down_S=3,tt23898856,tt23898856.jpg,action,action
imdb,all_I=scale_down_S=3,tt17202164,tt17202164.jpg,horror,horror
imdb,all_I=scale_down_S=3,tt7979580,tt7979580.jpg,comedy,comedy
imdb,all_I=scale_down_S=3,tt7599146,tt7599146.jpg,action,action
imdb,all_I=scale_down_S=3,tt1462764,tt1462764.jpg,action,action
imdb,all_I=scale_down_S=3,tt14402146,tt14402146.jpg,drama,romance
imdb,all_I=scale_down_S=3,tt14895216,tt14895216.jpg,horror,horror
imdb,all_I=scale_down_S=3,tt11377298,tt11377298.jpg,action,action
imdb,all_I=scale_down_S=3,tt11576124,tt11576124.jpg,action,action
imdb,all_I=scale_down_S=3,tt11358390,tt11358390.jpg,horror,horror
imdb,all_I=scale_down_S=3,tt15438542,tt15438542.jpg,action,action
imdb,all_I=scale_down_S=3,tt13056008,tt13056008.jpg,horror,horror
imdb,all_I=scale_down_S=3,tt22086334,tt22086334.jpg,comedy,comedy
imdb,all_I=scale_down_S=3,tt12373754,tt12373754.jpg,horror,horror
imdb,all_I=scale_down_S=3,tt10279472,tt10279472.jpg,horror,horror
imdb,all_I=scale_down_S=3,tt7711170,tt7711170.jpg,horror,horror
imdb,all_I=scale_down_S=3,tt14412366,tt14412366.jpg,action,action
imdb,all_I=scale_down_S=3,tt11742798,tt11742798.jpg,comedy,comedy
imdb,all_I=scale_down_S=3,tt9110170,tt9110170.jpg,horror,horror
imdb,all_I=scale_down_S=3,tt0439572,tt0439572.jpg,action,action
imdb,all_I=scale_down_S=3,tt2382320,tt2382320.jpg,action,action
imdb,all_I=scale_down_S=3,tt11252440,tt11252440.jpg,horror,comedy
imdb,all_I=scale_down_S=3,tt9472334,tt9472334.jpg,horror,horror
imdb,all_I=scale_down_S=3,tt12915716,tt12915716.jpg,action,action
imdb,all_I=scale_down_S=3,tt15393652,tt15393652.jpg,horror,romance
imdb,all_I=scale_down_S=3,tt22987848,tt22987848.jpg,horror,horror
imdb,all_I=scale_down_S=3,tt15441054,tt15441054.jpg,action,action
imdb,all_I=scale_down_S=3,tt9663168,tt9663168.jpg,horror,horror
imdb,all_I=scale_down_S=3,tt7560830,tt7560830.jpg,horror,horror
imdb,all_I=scale_down_S=3,tt9365800,tt9365800.jpg,horror,action
imdb,all_I=scale_down_S=3,tt9701940,tt9701940.jpg,horror,horror
imdb,all_I=scale_down_S=3,tt3465026,tt3465026.jpg,comedy,comedy
imdb,all_I=scale_down_S=3,tt9044418,tt9044418.jpg,action,action
imdb,all_I=scale_down_S=3,tt15548074,tt15548074.jpg,horror,horror
imdb,all_I=scale_down_S=3,tt11656220,tt11656220.jpg,horror,action
imdb,all_I=scale_down_S=3,tt17156822,tt17156822.jpg,action,action
imdb,all_I=scale_down_S=3,tt14400246,tt14400246.jpg,horror,horror
imdb,all_I=scale_down_S=3,tt10457128,tt10457128.jpg,comedy,romance
imdb,all_I=scale_down_S=3,tt8404256,tt8404256.jpg,action,action
imdb,all_I=scale_down_S=3,tt27816768,tt27816768.jpg,documentary,comedy
imdb,all_I=scale_down_S=3,tt13363828,tt13363828.jpg,horror,horror
imdb,all_I=scale_down_S=3,tt12908110,tt12908110.jpg,horror,horror
imdb,all_I=scale_down_S=3,tt7134096,tt7134096.jpg,action,action
imdb,all_I=scale_down_S=3,tt9264728,tt9264728.jpg,horror,horror
imdb,all_I=scale_down_S=3,tt10172266,tt10172266.jpg,comedy,romance
imdb,all_I=scale_down_S=3,tt3197780,tt3197780.jpg,comedy,comedy
imdb,all_I=scale_down_S=3,tt9907782,tt9907782.jpg,horror,horror
imdb,all_I=scale_down_S=3,tt10696784,tt10696784.jpg,action,action
imdb,all_I=scale_down_S=3,tt10788058,tt10788058.jpg,action,action
imdb,all_I=scale_down_S=3,tt1321510,tt1321510.jpg,musical,romance
imdb,all_I=scale_down_S=3,tt13092974,tt13092974.jpg,horror,horror
imdb,all_I=scale_down_S=3,tt2560092,tt2560092.jpg,comedy,comedy
imdb,all_I=scale_down_S=3,tt8912936,tt8912936.jpg,action,action
imdb,all_I=scale_down_S=3,tt9419884,tt9419884.jpg,action,action
imdb,all_I=scale_down_S=3,tt12788488,tt12788488.jpg,horror,horror
imdb,all_I=scale_down_S=3,tt9072352,tt9072352.jpg,horror,horror
imdb,all_I=scale_down_S=3,tt0983946,tt0983946.jpg,horror,horror
imdb,all_I=scale_down_S=3,tt10935560,tt10935560.jpg,horror,horror
imdb,all_I=scale_down_S=3,tt14781176,tt14781176.jpg,horror,horror
imdb,all_I=scale_down_S=3,tt15354916,tt15354916.jpg,action,action
imdb,all_I=scale_down_S=3,tt8456190,tt8456190.jpg,comedy,action
imdb,all_I=scale_down_S=3,tt21106970,tt21106970.jpg,comedy,comedy
imdb,all_I=scale_down_S=3,tt15768848,tt15768848.jpg,comedy,romance
imdb,all_I=scale_down_S=3,tt7638348,tt7638348.jpg,action,action
imdb,all_I=scale_down_S=3,tt4876134,tt4876134.jpg,action,action
imdb,all_I=scale_down_S=3,tt8760280,tt8760280.jpg,romance,romance
imdb,all_I=scale_down_S=3,tt23136186,tt23136186.jpg,horror,horror
imdb,all_I=scale_down_S=3,tt8296030,tt8296030.jpg,horror,horror
imdb,all_I=scale_down_S=3,tt11905962,tt11905962.jpg,horror,horror
imdb,all_I=scale_down_S=3,tt4682266,tt4682266.jpg,horror,horror
imdb,all_I=scale_down_S=3,tt12472174,tt12472174.jpg,horror,horror
imdb,all_I=scale_down_S=3,tt7556122,tt7556122.jpg,action,action
imdb,all_I=scale_down_S=3,tt8114980,tt8114980.jpg,horror,horror
imdb,all_I=scale_down_S=3,tt12834962,tt12834962.jpg,comedy,comedy
imdb,all_I=scale_down_S=3,tt17076046,tt17076046.jpg,comedy,comedy
imdb,all_I=scale_down_S=3,tt15528292,tt15528292.jpg,action,action
imdb,all_I=scale_down_S=3,tt25403492,tt25403492.jpg,horror,horror
imdb,all_I=scale_down_S=3,tt14039086,tt14039086.jpg,action,action
imdb,all_I=scale_down_S=3,tt11514780,tt11514780.jpg,horror,horror
imdb,all_I=scale_down_S=3,tt11327514,tt11327514.jpg,comedy,comedy
imdb,all_I=scale_down_S=3,tt12877640,tt12877640.jpg,horror,horror
imdb,all_I=scale_down_S=3,tt11891246,tt11891246.jpg,horror,horror
imdb,all_I=scale_down_S=3,tt13024674,tt13024674.jpg,action,action
imdb,all_I=scale_down_S=3,tt15600222,tt15600222.jpg,action,action
imdb,all_I=scale_down_S=3,tt14091818,tt14091818.jpg,comedy,romance
imdb,all_I=scale_down_S=3,tt4029412,tt4029412.jpg,action,action
imdb,all_I=scale_down_S=3,tt7504818,tt7504818.jpg,comedy,comedy
imdb,all_I=scale_down_S=3,tt20424130,tt20424130.jpg,action,action
imdb,all_I=scale_down_S=3,tt1016150,tt1016150.jpg,horror,action
imdb,all_I=scale_down_S=3,tt11084896,tt11084896.jpg,comedy,comedy
imdb,all_I=scale_down_S=3,tt7214954,tt7214954.jpg,comedy,comedy
imdb,all_I=scale_down_S=3,tt12823454,tt12823454.jpg,comedy,romance
imdb,all_I=scale_down_S=3,tt15671028,tt15671028.jpg,comedy,romance
imdb,all_I=scale_down_S=3,tt10229558,tt10229558.jpg,horror,horror
imdb,all_I=scale_down_S=3,tt8376234,tt8376234.jpg,comedy,comedy
imdb,all_I=scale_down_S=3,tt8656686,tt8656686.jpg,horror,horror
imdb,all_I=scale_down_S=3,tt17663992,tt17663992.jpg,horror,horror
imdb,all_I=scale_down_S=3,tt10451914,tt10451914.jpg,action,action
imdb,all_I=scale_down_S=3,tt15516726,tt15516726.jpg,comedy,comedy
imdb,all_I=scale_down_S=3,tt12851396,tt12851396.jpg,action,action
imdb,all_I=scale_down_S=3,tt9387250,tt9387250.jpg,action,action
imdb,all_I=scale_down_S=3,tt10127684,tt10127684.jpg,action,action
imdb,all_I=scale_down_S=3,tt8589698,tt8589698.jpg,action,comedy
imdb,all_I=scale_down_S=3,tt15734582,tt15734582.jpg,action,action
imdb,all_I=scale_down_S=3,tt12390572,tt12390572.jpg,horror,horror
imdb,all_I=scale_down_S=3,tt6508228,tt6508228.jpg,horror,horror
imdb,all_I=scale_down_S=3,tt1830643,tt1830643.jpg,horror,horror
imdb,all_I=scale_down_S=3,tt14298216,tt14298216.jpg,horror,horror
imdb,all_I=scale_down_S=3,tt21250176,tt21250176.jpg,horror,horror
imdb,all_I=scale_down_S=3,tt7550000,tt7550000.jpg,action,action
imdb,all_I=scale_down_S=3,tt6723592,tt6723592.jpg,action,action
imdb,all_I=scale_down_S=3,tt10366206,tt10366206.jpg,action,action
imdb,all_I=scale_down_S=3,tt5624466,tt5624466.jpg,horror,horror
imdb,all_I=scale_down_S=3,tt8093700,tt8093700.jpg,action,action
imdb,all_I=scale_down_S=3,tt5012504,tt5012504.jpg,action,action
imdb,all_I=scale_down_S=3,tt9308382,tt9308382.jpg,comedy,romance
imdb,all_I=scale_down_S=3,tt15847880,tt15847880.jpg,horror,horror
imdb,all_I=scale_down_S=3,tt19175696,tt19175696.jpg,horror,horror
imdb,all_I=scale_down_S=3,tt10228134,tt10228134.jpg,comedy,action
imdb,all_I=scale_down_S=3,tt11881160,tt11881160.jpg,horror,horror
imdb,all_I=scale_down_S=3,tt10638522,tt10638522.jpg,horror,horror
imdb,all_I=scale_down_S=3,tt9695722,tt9695722.jpg,action,action
imdb,all_I=scale_down_S=3,tt14995258,tt14995258.jpg,horror,romance
imdb,all_I=scale_down_S=3,tt27989067,tt27989067.jpg,horror,romance
imdb,all_I=scale_down_S=3,tt9784456,tt9784456.jpg,romance,romance
imdb,all_I=scale_down_S=3,tt15654328,tt15654328.jpg,action,action
imdb,all_I=scale_down_S=3,tt13429362,tt13429362.jpg,horror,horror
imdb,all_I=scale_down_S=3,tt14858054,tt14858054.jpg,horror,horror
imdb,all_I=scale_down_S=3,tt7354440,tt7354440.jpg,horror,horror
imdb,all_I=scale_down_S=3,tt21907174,tt21907174.jpg,comedy,comedy
imdb,all_I=scale_down_S=3,tt12885852,tt12885852.jpg,action,action
imdb,all_I=scale_down_S=3,tt8426926,tt8426926.jpg,action,action
imdb,all_I=scale_down_S=3,tt10691162,tt10691162.jpg,horror,horror
imdb,all_I=scale_down_S=3,tt11125620,tt11125620.jpg,comedy,comedy
imdb,all_I=scale_down_S=3,tt4495098,tt4495098.jpg,action,action
imdb,all_I=scale_down_S=3,tt20114976,tt20114976.jpg,horror,horror
imdb,all_I=scale_down_S=3,tt9606374,tt9606374.jpg,comedy,comedy
imdb,all_I=scale_down_S=3,tt14145436,tt14145436.jpg,horror,horror
imdb,all_I=scale_down_S=3,tt22889164,tt22889164.jpg,horror,action
imdb,all_I=scale_down_S=3,tt9742794,tt9742794.jpg,action,action
imdb,all_I=scale_down_S=3,tt7947604,tt7947604.jpg,romance,romance
imdb,all_I=scale_down_S=3,tt7740510,tt7740510.jpg,horror,horror
imdb,all_I=scale_down_S=3,tt6334354,tt6334354.jpg,action,action
imdb,all_I=scale_down_S=3,tt7888964,tt7888964.jpg,action,action
imdb,all_I=scale_down_S=3,tt20850406,tt20850406.jpg,romance,romance
imdb,all_I=scale_down_S=3,tt5113044,tt5113044.jpg,action,comedy
imdb,all_I=scale_down_S=3,tt18968540,tt18968540.jpg,horror,horror
imdb,all_I=scale_down_S=3,tt1630029,tt1630029.jpg,action,action
imdb,all_I=scale_down_S=3,tt1877830,tt1877830.jpg,action,action
imdb,all_I=scale_down_S=3,tt13603966,tt13603966.jpg,action,action
imdb,all_I=scale_down_S=3,tt11301946,tt11301946.jpg,action,action
imdb,all_I=scale_down_S=3,tt6705162,tt6705162.jpg,comedy,comedy
imdb,all_I=scale_down_S=3,tt14099334,tt14099334.jpg,horror,horror
imdb,all_I=scale_down_S=3,tt10701074,tt10701074.jpg,action,action
imdb,all_I=scale_down_S=3,tt7035004,tt7035004.jpg,action,action
imdb,all_I=scale_down_S=3,tt1001520,tt1001520.jpg,horror,horror
imdb,all_I=scale_down_S=3,tt9173418,tt9173418.jpg,horror,horror
imdb,all_I=scale_down_S=3,tt10473036,tt10473036.jpg,comedy,comedy
imdb,all_I=scale_down_S=3,tt7267498,tt7267498.jpg,horror,horror
imdb,all_I=scale_down_S=3,tt5843876,tt5843876.jpg,romance,romance
imdb,all_I=scale_down_S=3,tt15655826,tt15655826.jpg,horror,romance
imdb,all_I=scale_down_S=3,tt3278540,tt3278540.jpg,comedy,romance
imdb,all_I=scale_down_S=3,tt0293429,tt0293429.jpg,action,action
imdb,all_I=scale_down_S=3,tt0499097,tt0499097.jpg,action,action
imdb,all_I=scale_down_S=3,tt16252698,tt16252698.jpg,romance,romance
imdb,all_I=scale_down_S=3,tt15783426,tt15783426.jpg,comedy,action
imdb,all_I=scale_down_S=3,tt5950596,tt5950596.jpg,horror,horror
imdb,all_I=scale_down_S=3,tt11951276,tt11951276.jpg,romance,comedy
imdb,all_I=scale_down_S=3,tt4593060,tt4593060.jpg,comedy,comedy
imdb,all_I=scale_down_S=3,tt28073548,tt28073548.jpg,romance,romance
imdb,all_I=scale_down_S=3,tt15684426,tt15684426.jpg,horror,horror
imdb,all_I=scale_down_S=3,tt8246646,tt8246646.jpg,action,action
imdb,all_I=scale_down_S=3,tt16527824,tt16527824.jpg,action,action
imdb,all_I=scale_down_S=3,tt3554046,tt3554046.jpg,comedy,comedy
imdb,all_I=scale_down_S=3,tt3480822,tt3480822.jpg,action,action
imdb,all_I=scale_down_S=3,tt8041270,tt8041270.jpg,action,action
imdb,all_I=scale_down_S=3,tt5761544,tt5761544.jpg,action,action
imdb,all_I=scale_down_S=3,tt4998632,tt4998632.jpg,action,action
imdb,all_I=scale_down_S=3,tt4028464,tt4028464.jpg,horror,horror
imdb,all_I=scale_down_S=3,tt9691136,tt9691136.jpg,action,action
imdb,all_I=scale_down_S=3,tt2948372,tt2948372.jpg,comedy,comedy
imdb,all_I=scale_down_S=3,tt14502344,tt14502344.jpg,horror,horror
imdb,all_I=scale_down_S=3,tt12873562,tt12873562.jpg,horror,horror
imdb,all_I=scale_down_S=3,tt11138512,tt11138512.jpg,action,action
imdb,all_I=scale_down_S=3,tt2943178,tt2943178.jpg,action,action
imdb,all_I=scale_down_S=3,tt5884796,tt5884796.jpg,action,action
imdb,all_I=scale_down_S=3,tt8080204,tt8080204.jpg,action,action
imdb,all_I=scale_down_S=3,tt22023218,tt22023218.jpg,horror,horror
imdb,all_I=scale_down_S=3,tt8201852,tt8201852.jpg,horror,horror
imdb,all_I=scale_down_S=3,tt20853816,tt20853816.jpg,horror,horror
imdb,all_I=scale_down_S=3,tt3917710,tt3917710.jpg,horror,action
imdb,all_I=scale_down_S=3,tt12283036,tt12283036.jpg,horror,horror
imdb,all_I=scale_down_S=3,tt16431882,tt16431882.jpg,horror,horror
imdb,all_I=scale_down_S=3,tt20672534,tt20672534.jpg,comedy,comedy
imdb,all_I=scale_down_S=3,tt11080108,tt11080108.jpg,romance,romance
imdb,all_I=scale_down_S=3,tt14438348,tt14438348.jpg,horror,horror
imdb,all_I=scale_down_S=3,tt7991608,tt7991608.jpg,action,action
imdb,all_I=scale_down_S=3,tt13055982,tt13055982.jpg,action,action
imdb,all_I=scale_down_S=3,tt13327038,tt13327038.jpg,horror,comedy
imdb,all_I=scale_down_S=3,tt18073328,tt18073328.jpg,action,action
imdb,all_I=scale_down_S=3,tt26675777,tt26675777.jpg,action,horror
imdb,all_I=scale_down_S=3,tt14109724,tt14109724.jpg,comedy,romance
imdb,all_I=scale_down_S=3,tt16278434,tt16278434.jpg,action,action
imdb,all_I=scale_down_S=3,tt6791350,tt6791350.jpg,action,comedy
imdb,all_I=scale_down_S=3,tt21628198,tt21628198.jpg,action,action
imdb,all_I=scale_down_S=3,tt8005118,tt8005118.jpg,comedy,comedy
imdb,all_I=scale_down_S=3,tt6443346,tt6443346.jpg,action,action
imdb,all_I=scale_down_S=3,tt7026488,tt7026488.jpg,horror,horror
imdb,all_I=scale_down_S=3,tt12861508,tt12861508.jpg,action,action
imdb,all_I=scale_down_S=3,tt3781118,tt3781118.jpg,action,action
imdb,all_I=scale_down_S=3,tt21651560,tt21651560.jpg,horror,horror
imdb,all_I=scale_down_S=3,tt4257940,tt4257940.jpg,horror,romance
imdb,all_I=scale_down_S=3,tt10223460,tt10223460.jpg,comedy,romance
imdb,all_I=scale_down_S=3,tt19713090,tt19713090.jpg,action,action
imdb,all_I=scale_down_S=3,tt12712604,tt12712604.jpg,comedy,comedy
imdb,all_I=scale_down_S=3,tt11400902,tt11400902.jpg,horror,horror
imdb,all_I=scale_down_S=3,tt1160419,tt1160419.jpg,action,action
imdb,all_I=scale_down_S=3,tt12749596,tt12749596.jpg,horror,horror
imdb,all_I=scale_down_S=3,tt6217926,tt6217926.jpg,horror,romance
imdb,all_I=scale_down_S=3,tt13057276,tt13057276.jpg,horror,horror
imdb,all_I=scale_down_S=3,tt8593904,tt8593904.jpg,comedy,romance
imdb,all_I=scale_down_S=3,tt8936646,tt8936646.jpg,action,action
imdb,all_I=scale_down_S=3,tt18376308,tt18376308.jpg,horror,horror
imdb,all_I=scale_down_S=3,tt14867006,tt14867006.jpg,horror,horror
imdb,all_I=scale_down_S=3,tt9183978,tt9183978.jpg,horror,horror
imdb,all_I=scale_down_S=3,tt8367084,tt8367084.jpg,romance,comedy
imdb,all_I=scale_down_S=3,tt13430858,tt13430858.jpg,comedy,romance
imdb,all_I=scale_down_S=3,tt9777666,tt9777666.jpg,action,action
imdb,all_I=scale_down_S=3,tt21087084,tt21087084.jpg,romance,romance
imdb,all_I=scale_down_S=3,tt19267924,tt19267924.jpg,romance,romance
imdb,all_I=scale_down_S=3,tt11905536,tt11905536.jpg,horror,action
imdb,all_I=scale_down_S=3,tt3811906,tt3811906.jpg,horror,horror
imdb,all_I=scale_down_S=3,tt4244994,tt4244994.jpg,action,action
imdb,all_I=scale_down_S=3,tt24546804,tt24546804.jpg,romance,romance
imdb,all_I=scale_down_S=3,tt10886166,tt10886166.jpg,romance,romance
imdb,all_I=scale_down_S=3,tt9271672,tt9271672.jpg,horror,horror
imdb,all_I=scale_down_S=3,tt9204328,tt9204328.jpg,horror,horror
imdb,all_I=scale_down_S=3,tt9602472,tt9602472.jpg,horror,horror
imdb,all_I=scale_down_S=3,tt8560172,tt8560172.jpg,comedy,comedy
imdb,all_I=scale_down_S=3,tt6372694,tt6372694.jpg,action,horror
imdb,all_I=scale_down_S=3,tt12844910,tt12844910.jpg,action,action
imdb,all_I=scale_down_S=3,tt8302918,tt8302918.jpg,romance,romance
imdb,all_I=scale_down_S=3,tt12801262,tt12801262.jpg,comedy,comedy
imdb,all_I=scale_down_S=3,tt12444934,tt12444934.jpg,horror,horror
imdb,all_I=scale_down_S=3,tt7069210,tt7069210.jpg,horror,horror
imdb,all_I=scale_down_S=3,tt15509244,tt15509244.jpg,romance,romance
imdb,all_I=scale_down_S=3,tt15481952,tt15481952.jpg,comedy,comedy
imdb,all_I=scale_down_S=3,tt10403420,tt10403420.jpg,horror,horror
imdb,all_I=scale_down_S=3,tt20198774,tt20198774.jpg,horror,horror
imdb,all_I=scale_down_S=3,tt6718170,tt6718170.jpg,comedy,comedy
imdb,all_I=scale_down_S=3,tt13964404,tt13964404.jpg,horror,horror
imdb,all_I=scale_down_S=3,tt6802400,tt6802400.jpg,comedy,comedy
imdb,all_I=scale_down_S=3,tt10676048,tt10676048.jpg,action,action
imdb,all_I=scale_down_S=3,tt17220704,tt17220704.jpg,comedy,comedy
imdb,all_I=scale_down_S=3,tt16077702,tt16077702.jpg,comedy,comedy
imdb,all_I=scale_down_S=3,tt10406596,tt10406596.jpg,horror,horror
imdb,all_I=scale_down_S=3,tt2906216,tt2906216.jpg,action,action
imdb,all_I=scale_down_S=3,tt4624366,tt4624366.jpg,horror,horror
imdb,all_I=scale_down_S=3,tt18346624,tt18346624.jpg,horror,horror
imdb,all_I=scale_down_S=3,tt14537248,tt14537248.jpg,horror,horror
imdb,all_I=scale_down_S=3,tt9224104,tt9224104.jpg,action,action
imdb,all_I=scale_down_S=3,tt11188624,tt11188624.jpg,horror,horror
imdb,all_I=scale_down_S=3,tt1649418,tt1649418.jpg,action,action
imdb,all_I=scale_down_S=3,tt5420210,tt5420210.jpg,comedy,comedy
imdb,all_I=scale_down_S=3,tt2315938,tt2315938.jpg,horror,horror
imdb,all_I=scale_down_S=3,tt28199975,tt28199975.jpg,action,action
imdb,all_I=scale_down_S=3,tt3427252,tt3427252.jpg,horror,horror
imdb,all_I=scale_down_S=3,tt14874302,tt14874302.jpg,romance,romance
imdb,all_I=scale_down_S=3,tt13821562,tt13821562.jpg,comedy,comedy
imdb,all_I=scale_down_S=3,tt14499608,tt14499608.jpg,comedy,comedy
imdb,all_I=scale_down_S=3,tt26941512,tt26941512.jpg,horror,horror
imdb,all_I=scale_down_S=3,tt9820352,tt9820352.jpg,action,action
imdb,all_I=scale_down_S=3,tt14617254,tt14617254.jpg,horror,horror
imdb,all_I=scale_down_S=3,tt6654210,tt6654210.jpg,action,action
imdb,all_I=scale_down_S=3,tt13143964,tt13143964.jpg,comedy,comedy
imdb,all_I=scale_down_S=3,tt10665338,tt10665338.jpg,horror,horror
imdb,all_I=scale_down_S=3,tt0887261,tt0887261.jpg,horror,horror
imdb,all_I=scale_down_S=3,tt12530246,tt12530246.jpg,horror,action
imdb,all_I=scale_down_S=3,tt16127696,tt16127696.jpg,horror,horror
imdb,all_I=scale_down_S=3,tt1051906,tt1051906.jpg,horror,horror
imdb,all_I=scale_down_S=3,tt16916320,tt16916320.jpg,action,action
imdb,all_I=scale_down_S=3,tt13174108,tt13174108.jpg,horror,horror
imdb,all_I=scale_down_S=3,tt3977848,tt3977848.jpg,action,horror
imdb,all_I=scale_down_S=3,tt11112808,tt11112808.jpg,comedy,comedy
imdb,all_I=scale_down_S=3,tt13406136,tt13406136.jpg,action,action
imdb,all_I=scale_down_S=3,tt5034838,tt5034838.jpg,action,action
imdb,all_I=scale_down_S=3,tt10121392,tt10121392.jpg,action,action
imdb,all_I=scale_down_S=3,tt4566758,tt4566758.jpg,action,action
imdb,all_I=scale_down_S=3,tt1086064,tt1086064.jpg,comedy,comedy
imdb,all_I=scale_down_S=3,tt19623240,tt19623240.jpg,horror,horror
imdb,all_I=scale_down_S=3,tt11663228,tt11663228.jpg,action,action
imdb,all_I=scale_down_S=3,tt10315050,tt10315050.jpg,horror,horror
imdb,all_I=scale_down_S=3,tt8461224,tt8461224.jpg,action,action
imdb,all_I=scale_down_S=3,tt9000184,tt9000184.jpg,horror,horror
imdb,all_I=scale_down_S=3,tt15520136,tt15520136.jpg,horror,horror
imdb,all_I=scale_down_S=3,tt14399128,tt14399128.jpg,comedy,comedy
imdb,all_I=scale_down_S=3,tt27411059,tt27411059.jpg,horror,horror
imdb,all_I=scale_down_S=3,tt13238346,tt13238346.jpg,romance,romance
imdb,all_I=scale_down_S=3,tt4685762,tt4685762.jpg,horror,horror
imdb,all_I=scale_down_S=3,tt5918982,tt5918982.jpg,action,horror
imdb,all_I=scale_down_S=3,tt10151854,tt10151854.jpg,action,action
imdb,all_I=scale_down_S=3,tt15502356,tt15502356.jpg,horror,horror
imdb,all_I=scale_down_S=3,tt7375466,tt7375466.jpg,action,action
imdb,all_I=scale_down_S=3,tt14230388,tt14230388.jpg,comedy,comedy
imdb,all_I=scale_down_S=3,tt14121726,tt14121726.jpg,horror,horror
imdb,all_I=scale_down_S=3,tt12550376,tt12550376.jpg,horror,horror
imdb,all_I=scale_down_S=3,tt10803634,tt10803634.jpg,horror,horror
imdb,all_I=scale_down_S=3,tt11024272,tt11024272.jpg,horror,comedy
imdb,all_I=scale_down_S=3,tt13070038,tt13070038.jpg,romance,romance
imdb,all_I=scale_down_S=3,tt2222042,tt2222042.jpg,action,action
imdb,all_I=scale_down_S=3,tt14807000,tt14807000.jpg,horror,horror
imdb,all_I=scale_down_S=3,tt17081088,tt17081088.jpg,horror,horror
imdb,all_I=scale_down_S=3,tt15206378,tt15206378.jpg,comedy,comedy
imdb,all_I=scale_down_S=3,tt9118804,tt9118804.jpg,horror,horror
imdb,all_I=scale_down_S=3,tt17321230,tt17321230.jpg,comedy,romance
imdb,all_I=scale_down_S=3,tt26594993,tt26594993.jpg,horror,horror
imdb,all_I=scale_down_S=3,tt10362466,tt10362466.jpg,romance,romance
imdb,all_I=scale_down_S=3,tt26491631,tt26491631.jpg,horror,horror
imdb,all_I=scale_down_S=3,tt11314148,tt11314148.jpg,romance,romance
imdb,all_I=scale_down_S=3,tt20834182,tt20834182.jpg,horror,horror
imdb,all_I=scale_down_S=3,tt10062338,tt10062338.jpg,horror,horror
imdb,all_I=scale_down_S=3,tt22410094,tt22410094.jpg,horror,horror
imdb,all_I=scale_down_S=3,tt15744298,tt15744298.jpg,action,action
imdb,all_I=scale_down_S=3,tt12982370,tt12982370.jpg,horror,action
imdb,all_I=scale_down_S=3,tt15131266,tt15131266.jpg,action,action
imdb,all_I=scale_down_S=3,tt18925334,tt18925334.jpg,horror,horror
imdb,all_I=scale_down_S=3,tt10515988,tt10515988.jpg,horror,horror
imdb,all_I=scale_down_S=3,tt6442686,tt6442686.jpg,horror,action
imdb,all_I=scale_down_S=3,tt4532038,tt4532038.jpg,comedy,comedy
imdb,all_I=scale_down_S=3,tt21807222,tt21807222.jpg,horror,horror
imdb,all_I=scale_down_S=3,tt7737786,tt7737786.jpg,action,action
imdb,all_I=scale_down_S=3,tt13061914,tt13061914.jpg,comedy,comedy
imdb,all_I=scale_down_S=3,tt10229982,tt10229982.jpg,comedy,romance
imdb,all_I=scale_down_S=3,tt15339570,tt15339570.jpg,comedy,comedy
imdb,all_I=scale_down_S=3,tt9663764,tt9663764.jpg,action,action
imdb,all_I=scale_down_S=3,tt10508838,tt10508838.jpg,action,action
imdb,all_I=scale_down_S=3,tt9050310,tt9050310.jpg,horror,horror
imdb,all_I=scale_down_S=3,tt10944486,tt10944486.jpg,action,comedy
imdb,all_I=scale_down_S=3,tt9286908,tt9286908.jpg,action,action
imdb,all_I=scale_down_S=3,tt10584340,tt10584340.jpg,comedy,comedy
imdb,all_I=scale_down_S=3,tt2235695,tt2235695.jpg,horror,romance
imdb,all_I=scale_down_S=3,tt15090124,tt15090124.jpg,horror,horror
imdb,all_I=scale_down_S=3,tt11245972,tt11245972.jpg,horror,horror
imdb,all_I=scale_down_S=3,tt4139928,tt4139928.jpg,action,action
imdb,all_I=scale_down_S=3,tt8045906,tt8045906.jpg,horror,romance
imdb,all_I=scale_down_S=3,tt5635026,tt5635026.jpg,fantasy,action
imdb,all_I=scale_down_S=3,tt15713012,tt15713012.jpg,action,action
imdb,all_I=scale_down_S=3,tt14799960,tt14799960.jpg,comedy,romance
imdb,all_I=scale_down_S=3,tt28690326,tt28690326.jpg,romance,romance
imdb,all_I=scale_down_S=3,tt4614584,tt4614584.jpg,romance,romance
imdb,all_I=scale_down_S=3,tt14014068,tt14014068.jpg,romance,romance
imdb,all_I=scale_down_S=3,tt9077876,tt9077876.jpg,horror,horror
imdb,all_I=scale_down_S=3,tt6539992,tt6539992.jpg,action,action
imdb,all_I=scale_down_S=3,tt10003008,tt10003008.jpg,horror,horror
imdb,all_I=scale_down_S=3,tt3626476,tt3626476.jpg,comedy,comedy
imdb,all_I=scale_down_S=3,tt20782072,tt20782072.jpg,horror,horror
imdb,all_I=scale_down_S=3,tt14993352,tt14993352.jpg,horror,horror
imdb,all_I=scale_down_S=3,tt8110330,tt8110330.jpg,romance,romance
imdb,all_I=scale_down_S=3,tt6528290,tt6528290.jpg,action,action
imdb,all_I=scale_down_S=3,tt14550642,tt14550642.jpg,horror,horror
imdb,all_I=scale_down_S=3,tt19755170,tt19755170.jpg,comedy,romance
imdb,all_I=scale_down_S=3,tt10090058,tt10090058.jpg,action,action
imdb,all_I=scale_down_S=3,tt6879446,tt6879446.jpg,action,action
imdb,all_I=scale_down_S=3,tt12547822,tt12547822.jpg,horror,horror
imdb,all_I=scale_down_S=3,tt13757762,tt13757762.jpg,horror,horror
imdb,all_I=scale_down_S=3,tt16900880,tt16900880.jpg,action,action
imdb,all_I=scale_down_S=3,tt13445076,tt13445076.jpg,action,action
imdb,all_I=scale_down_S=3,tt7846844,tt7846844.jpg,comedy,action
imdb,all_I=scale_down_S=3,tt8629748,tt8629748.jpg,action,action
imdb,all_I=scale_down_S=3,tt10127708,tt10127708.jpg,horror,action
imdb,all_I=scale_down_S=3,tt11210390,tt11210390.jpg,comedy,comedy
imdb,all_I=scale_down_S=3,tt3291150,tt3291150.jpg,action,action
imdb,all_I=scale_down_S=3,tt9038678,tt9038678.jpg,horror,action
imdb,all_I=scale_down_S=3,tt14230458,tt14230458.jpg,comedy,romance
imdb,all_I=scale_down_S=3,tt22352848,tt22352848.jpg,action,action
imdb,all_I=scale_down_S=3,tt4439620,tt4439620.jpg,action,action
imdb,all_I=scale_down_S=3,tt8368408,tt8368408.jpg,action,action
imdb,all_I=scale_down_S=3,tt12889404,tt12889404.jpg,romance,romance
imdb,all_I=scale_down_S=3,tt14642626,tt14642626.jpg,horror,horror
imdb,all_I=scale_down_S=3,tt14412446,tt14412446.jpg,horror,horror
imdb,all_I=scale_down_S=3,tt8270664,tt8270664.jpg,action,action
imdb,all_I=scale_down_S=3,tt11614912,tt11614912.jpg,horror,horror
imdb,all_I=scale_down_S=3,tt5151570,tt5151570.jpg,comedy,comedy
imdb,all_I=scale_down_S=3,tt19363554,tt19363554.jpg,horror,horror
imdb,all_I=scale_down_S=3,tt8385148,tt8385148.jpg,action,action
imdb,all_I=scale_down_S=3,tt24822574,tt24822574.jpg,romance,romance
imdb,all_I=scale_down_S=3,tt14672882,tt14672882.jpg,action,action
imdb,all_I=scale_down_S=3,tt10895576,tt10895576.jpg,comedy,comedy
imdb,all_I=scale_down_S=3,tt12921446,tt12921446.jpg,horror,horror
imdb,all_I=scale_down_S=3,tt9848626,tt9848626.jpg,comedy,comedy
imdb,all_I=scale_down_S=3,tt6920084,tt6920084.jpg,horror,action
imdb,all_I=scale_down_S=3,tt6048922,tt6048922.jpg,action,action
imdb,all_I=scale_down_S=3,tt10329134,tt10329134.jpg,romance,romance
imdb,all_I=scale_down_S=3,tt8847712,tt8847712.jpg,comedy,comedy
imdb,all_I=scale_down_S=3,tt10579952,tt10579952.jpg,action,action
imdb,all_I=scale_down_S=3,tt13462900,tt13462900.jpg,action,action
imdb,all_I=scale_down_S=3,tt13388176,tt13388176.jpg,horror,horror
imdb,all_I=scale_down_S=3,tt6475714,tt6475714.jpg,action,action
imdb,all_I=scale_down_S=3,tt4427800,tt4427800.jpg,comedy,action
imdb,all_I=scale_down_S=3,tt8851668,tt8851668.jpg,comedy,action
imdb,all_I=scale_down_S=3,tt10370710,tt10370710.jpg,comedy,comedy
imdb,all_I=scale_down_S=3,tt10168670,tt10168670.jpg,horror,romance
imdb,all_I=scale_down_S=3,tt27881314,tt27881314.jpg,romance,romance
imdb,all_I=scale_down_S=3,tt7985704,tt7985704.jpg,action,action
imdb,all_I=scale_down_S=3,tt10763820,tt10763820.jpg,horror,action
imdb,all_I=scale_down_S=3,tt7693316,tt7693316.jpg,action,action
imdb,all_I=scale_down_S=3,tt9179430,tt9179430.jpg,action,action
imdb,all_I=scale_down_S=3,tt11686490,tt11686490.jpg,horror,horror
imdb,all_I=scale_down_S=3,tt10365998,tt10365998.jpg,horror,horror
imdb,all_I=scale_down_S=3,tt15262370,tt15262370.jpg,horror,horror
imdb,all_I=scale_down_S=3,tt2488666,tt2488666.jpg,horror,horror
imdb,all_I=scale_down_S=3,tt18816518,tt18816518.jpg,comedy,horror
imdb,all_I=scale_down_S=3,tt10872600,tt10872600.jpg,action,action
imdb,all_I=scale_down_S=3,tt9580138,tt9580138.jpg,action,action
imdb,all_I=scale_down_S=3,tt3152592,tt3152592.jpg,comedy,comedy
imdb,all_I=scale_down_S=3,tt9685342,tt9685342.jpg,action,action
imdb,all_I=scale_down_S=3,tt8640928,tt8640928.jpg,horror,horror
imdb,all_I=scale_down_S=3,tt15486810,tt15486810.jpg,horror,action
imdb,all_I=scale_down_S=3,tt8851148,tt8851148.jpg,romance,romance
imdb,all_I=scale_down_S=3,tt4472508,tt4472508.jpg,action,action
imdb,all_I=scale_down_S=3,tt10362566,tt10362566.jpg,horror,horror
imdb,all_I=scale_down_S=3,tt4411584,tt4411584.jpg,romance,romance
imdb,all_I=scale_down_S=3,tt10999120,tt10999120.jpg,comedy,comedy
imdb,all_I=scale_down_S=3,tt7713068,tt7713068.jpg,action,action
imdb,all_I=scale_down_S=3,tt21913634,tt21913634.jpg,horror,horror
imdb,all_I=scale_down_S=3,tt12593682,tt12593682.jpg,action,comedy
imdb,all_I=scale_down_S=3,tt9314984,tt9314984.jpg,horror,horror
imdb,all_I=scale_down_S=3,tt10935956,tt10935956.jpg,action,action
imdb,all_I=scale_down_S=3,tt6902332,tt6902332.jpg,action,action
imdb,all_I=scale_down_S=3,tt13444014,tt13444014.jpg,romance,romance
imdb,all_I=scale_down_S=3,tt11394332,tt11394332.jpg,horror,comedy
imdb,all_I=scale_down_S=3,tt6506264,tt6506264.jpg,horror,action
imdb,all_I=scale_down_S=3,tt14905650,tt14905650.jpg,horror,horror
imdb,all_I=scale_down_S=3,tt9701942,tt9701942.jpg,horror,horror
imdb,all_I=scale_down_S=3,tt7510346,tt7510346.jpg,horror,horror
imdb,all_I=scale_down_S=3,tt10399608,tt10399608.jpg,horror,horror
imdb,all_I=scale_down_S=3,tt14462452,tt14462452.jpg,horror,horror
imdb,all_I=scale_down_S=3,tt13345606,tt13345606.jpg,horror,horror
imdb,all_I=scale_down_S=3,tt3463938,tt3463938.jpg,horror,horror
imdb,all_I=scale_down_S=3,tt15268244,tt15268244.jpg,comedy,comedy
imdb,all_I=scale_down_S=3,tt3986420,tt3986420.jpg,comedy,romance
imdb,all_I=scale_down_S=3,tt7097896,tt7097896.jpg,action,action
imdb,all_I=scale_down_S=3,tt10665342,tt10665342.jpg,horror,horror
imdb,all_I=scale_down_S=3,tt1464335,tt1464335.jpg,action,action
imdb,all_I=scale_down_S=3,tt12965390,tt12965390.jpg,action,action
imdb,all_I=scale_down_S=3,tt3885422,tt3885422.jpg,action,horror
imdb,all_I=scale_down_S=3,tt5867314,tt5867314.jpg,horror,horror
imdb,all_I=scale_down_S=3,tt10957044,tt10957044.jpg,action,action
imdb,all_I=scale_down_S=3,tt10530176,tt10530176.jpg,horror,horror
imdb,all_I=scale_down_S=3,tt22394702,tt22394702.jpg,action,action
imdb,all_I=scale_down_S=3,tt7178640,tt7178640.jpg,comedy,romance
imdb,all_I=scale_down_S=3,tt8004664,tt8004664.jpg,horror,horror
imdb,all_I=scale_down_S=3,tt13453006,tt13453006.jpg,comedy,comedy
imdb,all_I=scale_down_S=3,tt7146812,tt7146812.jpg,comedy,action
imdb,all_I=scale_down_S=3,tt11540726,tt11540726.jpg,horror,horror
imdb,all_I=scale_down_S=3,tt14428606,tt14428606.jpg,romance,romance
imdb,all_I=scale_down_S=3,tt15791034,tt15791034.jpg,horror,horror
imdb,all_I=scale_down_S=3,tt1634106,tt1634106.jpg,action,action
imdb,all_I=scale_down_S=3,tt10275534,tt10275534.jpg,action,action
imdb,all_I=scale_down_S=3,tt17196124,tt17196124.jpg,horror,horror
imdb,all_I=scale_down_S=3,tt10648342,tt10648342.jpg,action,action
imdb,all_I=scale_down_S=3,tt10327252,tt10327252.jpg,horror,horror
imdb,all_I=scale_down_S=3,tt10107222,tt10107222.jpg,comedy,romance
imdb,all_I=scale_down_S=3,tt10242388,tt10242388.jpg,horror,action
imdb,all_I=scale_down_S=3,tt11998558,tt11998558.jpg,comedy,action
imdb,all_I=scale_down_S=3,tt11291274,tt11291274.jpg,action,action
imdb,all_I=scale_down_S=3,tt23806182,tt23806182.jpg,romance,romance
imdb,all_I=scale_down_S=3,tt3797512,tt3797512.jpg,comedy,comedy
imdb,all_I=scale_down_S=3,tt11947100,tt11947100.jpg,romance,romance
imdb,all_I=scale_down_S=3,tt26453759,tt26453759.jpg,horror,horror
imdb,all_I=scale_down_S=3,tt15944018,tt15944018.jpg,comedy,comedy
imdb,all_I=scale_down_S=3,tt21276878,tt21276878.jpg,comedy,comedy
imdb,all_I=scale_down_S=3,tt9100018,tt9100018.jpg,horror,horror
imdb,all_I=scale_down_S=3,tt13270838,tt13270838.jpg,action,action
imdb,all_I=scale_down_S=3,tt12676326,tt12676326.jpg,horror,romance
imdb,all_I=scale_down_S=3,tt10101702,tt10101702.jpg,comedy,comedy
imdb,all_I=scale_down_S=3,tt3963226,tt3963226.jpg,horror,horror
imdb,all_I=scale_down_S=3,tt13392012,tt13392012.jpg,horror,horror
imdb,all_I=scale_down_S=3,tt5500218,tt5500218.jpg,action,action
imdb,all_I=scale_down_S=3,tt0805647,tt0805647.jpg,horror,comedy
imdb,all_I=scale_down_S=3,tt28568397,tt28568397.jpg,comedy,comedy
imdb,all_I=scale_down_S=3,tt7545266,tt7545266.jpg,comedy,comedy
imdb,all_I=scale_down_S=3,tt6222118,tt6222118.jpg,action,action
imdb,all_I=scale_down_S=3,tt19896150,tt19896150.jpg,horror,horror
imdb,all_I=scale_down_S=3,tt15334488,tt15334488.jpg,romance,romance
imdb,all_I=scale_down_S=3,tt0993840,tt0993840.jpg,horror,action
imdb,all_I=scale_down_S=3,tt2953050,tt2953050.jpg,animation,comedy
imdb,all_I=scale_down_S=3,tt6703486,tt6703486.jpg,romance,action
imdb,all_I=scale_down_S=3,tt5315210,tt5315210.jpg,horror,action
imdb,all_I=scale_down_S=3,tt3447590,tt3447590.jpg,comedy,comedy
imdb,all_I=scale_down_S=3,tt3679040,tt3679040.jpg,comedy,romance
imdb,all_I=scale_down_S=3,tt24655170,tt24655170.jpg,horror,horror
imdb,all_I=scale_down_S=3,tt12361974,tt12361974.jpg,action,action
imdb,all_I=scale_down_S=3,tt12672536,tt12672536.jpg,action,action
imdb,all_I=scale_down_S=3,tt4136456,tt4136456.jpg,action,action
imdb,all_I=scale_down_S=3,tt10329614,tt10329614.jpg,horror,horror
imdb,all_I=scale_down_S=3,tt6246322,tt6246322.jpg,horror,horror
imdb,all_I=scale_down_S=3,tt13405778,tt13405778.jpg,horror,horror
imdb,all_I=scale_down_S=3,tt9731534,tt9731534.jpg,horror,horror
imdb,all_I=scale_down_S=3,tt9362930,tt9362930.jpg,action,action
imdb,all_I=scale_down_S=3,tt1361336,tt1361336.jpg,comedy,comedy
imdb,all_I=scale_down_S=3,tt15553956,tt15553956.jpg,romance,comedy
imdb,all_I=scale_down_S=3,tt21307994,tt21307994.jpg,horror,horror
imdb,all_I=scale_down_S=3,tt10954652,tt10954652.jpg,horror,horror
imdb,all_I=scale_down_S=3,tt23050520,tt23050520.jpg,horror,horror
imdb,all_I=scale_down_S=3,tt5090568,tt5090568.jpg,action,action
imdb,all_I=scale_down_S=3,tt12440964,tt12440964.jpg,romance,romance
imdb,all_I=scale_down_S=3,tt6668220,tt6668220.jpg,horror,horror
imdb,all_I=scale_down_S=3,tt11274492,tt11274492.jpg,comedy,action
imdb,all_I=scale_down_S=3,tt10023022,tt10023022.jpg,action,action
imdb,all_I=scale_down_S=3,tt10160976,tt10160976.jpg,horror,horror
imdb,all_I=scale_down_S=3,tt13318942,tt13318942.jpg,horror,horror
imdb,all_I=scale_down_S=3,tt4479380,tt4479380.jpg,action,action
imdb,all_I=scale_down_S=3,tt13872248,tt13872248.jpg,horror,horror
imdb,all_I=scale_down_S=3,tt12944128,tt12944128.jpg,romance,romance
imdb,all_I=scale_down_S=3,tt24786154,tt24786154.jpg,romance,romance
imdb,all_I=scale_down_S=3,tt7126948,tt7126948.jpg,action,action
imdb,all_I=scale_down_S=3,tt6587640,tt6587640.jpg,comedy,comedy
imdb,all_I=scale_down_S=3,tt12298140,tt12298140.jpg,horror,horror
imdb,all_I=scale_down_S=3,tt4589218,tt4589218.jpg,horror,horror
imdb,all_I=scale_down_S=3,tt14158554,tt14158554.jpg,action,action
imdb,all_I=scale_down_S=3,tt9205538,tt9205538.jpg,horror,romance
imdb,all_I=scale_down_S=3,tt11365186,tt11365186.jpg,romance,romance
imdb,all_I=scale_down_S=3,tt14438964,tt14438964.jpg,comedy,comedy
imdb,all_I=scale_down_S=3,tt12261776,tt12261776.jpg,action,action
imdb,all_I=scale_down_S=3,tt9894660,tt9894660.jpg,comedy,comedy
imdb,all_I=scale_down_S=3,tt7212754,tt7212754.jpg,comedy,action
imdb,all_I=scale_down_S=3,tt15327088,tt15327088.jpg,action,action
imdb,all_I=scale_down_S=3,tt7099280,tt7099280.jpg,romance,romance
imdb,all_I=scale_down_S=3,tt27564994,tt27564994.jpg,horror,horror
imdb,all_I=scale_down_S=3,tt14857730,tt14857730.jpg,action,action
imdb,all_I=scale_down_S=3,tt1517268,tt1517268.jpg,comedy,comedy
imdb,all_I=scale_down_S=3,tt10978398,tt10978398.jpg,action,action
imdb,all_I=scale_down_S=3,tt4081630,tt4081630.jpg,comedy,romance
imdb,all_I=scale_down_S=3,tt10323676,tt10323676.jpg,action,action
imdb,all_I=scale_down_S=3,tt5108870,tt5108870.jpg,horror,horror
imdb,all_I=scale_down_S=3,tt6673612,tt6673612.jpg,comedy,comedy
imdb,all_I=scale_down_S=3,tt6020800,tt6020800.jpg,action,action
imdb,all_I=scale_down_S=3,tt9340916,tt9340916.jpg,horror,horror
imdb,all_I=scale_down_S=3,tt15552494,tt15552494.jpg,horror,horror
imdb,all_I=scale_down_S=3,tt11012066,tt11012066.jpg,comedy,comedy
imdb,all_I=scale_down_S=3,tt14309446,tt14309446.jpg,comedy,comedy
imdb,all_I=scale_down_S=3,tt11310608,tt11310608.jpg,comedy,romance
imdb,all_I=scale_down_S=3,tt12298506,tt12298506.jpg,horror,horror
imdb,all_I=scale_down_S=3,tt14308636,tt14308636.jpg,comedy,comedy
imdb,all_I=scale_down_S=3,tt10161886,tt10161886.jpg,comedy,comedy
imdb,all_I=zoom_blur_S=3,tt1798632,tt1798632.jpg,horror,horror
imdb,all_I=zoom_blur_S=3,tt9214832,tt9214832.jpg,comedy,comedy
imdb,all_I=zoom_blur_S=3,tt21249656,tt21249656.jpg,romance,romance
imdb,all_I=zoom_blur_S=3,tt7149730,tt7149730.jpg,horror,action
imdb,all_I=zoom_blur_S=3,tt3876910,tt3876910.jpg,action,action
imdb,all_I=zoom_blur_S=3,tt12064810,tt12064810.jpg,action,action
imdb,all_I=zoom_blur_S=3,tt8593824,tt8593824.jpg,action,action
imdb,all_I=zoom_blur_S=3,tt21146854,tt21146854.jpg,romance,romance
imdb,all_I=zoom_blur_S=3,tt9624766,tt9624766.jpg,action,action
imdb,all_I=zoom_blur_S=3,tt12447796,tt12447796.jpg,horror,horror
imdb,all_I=zoom_blur_S=3,tt20199226,tt20199226.jpg,comedy,comedy
imdb,all_I=zoom_blur_S=3,tt3758814,tt3758814.jpg,action,action
imdb,all_I=zoom_blur_S=3,tt14873054,tt14873054.jpg,action,action
imdb,all_I=zoom_blur_S=3,tt21403538,tt21403538.jpg,comedy,romance
imdb,all_I=zoom_blur_S=3,tt17202326,tt17202326.jpg,horror,horror
imdb,all_I=zoom_blur_S=3,tt8672856,tt8672856.jpg,romance,romance
imdb,all_I=zoom_blur_S=3,tt14265992,tt14265992.jpg,horror,horror
imdb,all_I=zoom_blur_S=3,tt10307440,tt10307440.jpg,horror,action
imdb,all_I=zoom_blur_S=3,tt14405338,tt14405338.jpg,horror,horror
imdb,all_I=zoom_blur_S=3,tt13375076,tt13375076.jpg,horror,horror
imdb,all_I=zoom_blur_S=3,tt11271038,tt11271038.jpg,comedy,comedy
imdb,all_I=zoom_blur_S=3,tt10308928,tt10308928.jpg,action,action
imdb,all_I=zoom_blur_S=3,tt7628504,tt7628504.jpg,horror,horror
imdb,all_I=zoom_blur_S=3,tt15521050,tt15521050.jpg,romance,romance
imdb,all_I=zoom_blur_S=3,tt12724306,tt12724306.jpg,horror,horror
imdb,all_I=zoom_blur_S=3,tt7144666,tt7144666.jpg,horror,horror
imdb,all_I=zoom_blur_S=3,tt12829958,tt12829958.jpg,horror,horror
imdb,all_I=zoom_blur_S=3,tt15683734,tt15683734.jpg,horror,horror
imdb,all_I=zoom_blur_S=3,tt4983780,tt4983780.jpg,action,action
imdb,all_I=zoom_blur_S=3,tt8110652,tt8110652.jpg,horror,horror
imdb,all_I=zoom_blur_S=3,tt9686790,tt9686790.jpg,comedy,romance
imdb,all_I=zoom_blur_S=3,tt9054192,tt9054192.jpg,comedy,comedy
imdb,all_I=zoom_blur_S=3,tt12263384,tt12263384.jpg,action,action
imdb,all_I=zoom_blur_S=3,tt8521876,tt8521876.jpg,comedy,comedy
imdb,all_I=zoom_blur_S=3,tt14138650,tt14138650.jpg,horror,horror
imdb,all_I=zoom_blur_S=3,tt1655444,tt1655444.jpg,action,action
imdb,all_I=zoom_blur_S=3,tt24082454,tt24082454.jpg,horror,horror
imdb,all_I=zoom_blur_S=3,tt7737528,tt7737528.jpg,action,action
imdb,all_I=zoom_blur_S=3,tt9362722,tt9362722.jpg,action,action
imdb,all_I=zoom_blur_S=3,tt12735282,tt12735282.jpg,horror,horror
imdb,all_I=zoom_blur_S=3,tt8150814,tt8150814.jpg,horror,horror
imdb,all_I=zoom_blur_S=3,tt9603212,tt9603212.jpg,action,action
imdb,all_I=zoom_blur_S=3,tt22487338,tt22487338.jpg,romance,romance
imdb,all_I=zoom_blur_S=3,tt13304948,tt13304948.jpg,horror,horror
imdb,all_I=zoom_blur_S=3,tt6079772,tt6079772.jpg,action,action
imdb,all_I=zoom_blur_S=3,tt22640398,tt22640398.jpg,horror,horror
imdb,all_I=zoom_blur_S=3,tt13400336,tt13400336.jpg,action,action
imdb,all_I=zoom_blur_S=3,tt11851548,tt11851548.jpg,horror,horror
imdb,all_I=zoom_blur_S=3,tt7440124,tt7440124.jpg,horror,horror
imdb,all_I=zoom_blur_S=3,tt12574708,tt12574708.jpg,horror,horror
imdb,all_I=zoom_blur_S=3,tt5433138,tt5433138.jpg,action,action
imdb,all_I=zoom_blur_S=3,tt12335692,tt12335692.jpg,action,action
imdb,all_I=zoom_blur_S=3,tt13822738,tt13822738.jpg,action,action
imdb,all_I=zoom_blur_S=3,tt9669176,tt9669176.jpg,action,action
imdb,all_I=zoom_blur_S=3,tt15441472,tt15441472.jpg,horror,action
imdb,all_I=zoom_blur_S=3,tt18411490,tt18411490.jpg,action,action
imdb,all_I=zoom_blur_S=3,tt10954600,tt10954600.jpg,action,action
imdb,all_I=zoom_blur_S=3,tt19898888,tt19898888.jpg,horror,horror
imdb,all_I=zoom_blur_S=3,tt9114286,tt9114286.jpg,action,action
imdb,all_I=zoom_blur_S=3,tt22394694,tt22394694.jpg,horror,action
imdb,all_I=zoom_blur_S=3,tt3612126,tt3612126.jpg,horror,horror
imdb,all_I=zoom_blur_S=3,tt3215824,tt3215824.jpg,action,action
imdb,all_I=zoom_blur_S=3,tt15422240,tt15422240.jpg,action,action
imdb,all_I=zoom_blur_S=3,tt26445483,tt26445483.jpg,comedy,comedy
imdb,all_I=zoom_blur_S=3,tt2463208,tt2463208.jpg,action,action
imdb,all_I=zoom_blur_S=3,tt9013340,tt9013340.jpg,comedy,comedy
imdb,all_I=zoom_blur_S=3,tt9320140,tt9320140.jpg,comedy,romance
imdb,all_I=zoom_blur_S=3,tt10916810,tt10916810.jpg,horror,horror
imdb,all_I=zoom_blur_S=3,tt15474916,tt15474916.jpg,horror,horror
imdb,all_I=zoom_blur_S=3,tt15824990,tt15824990.jpg,horror,horror
imdb,all_I=zoom_blur_S=3,tt1697800,tt1697800.jpg,action,action
imdb,all_I=zoom_blur_S=3,tt10404944,tt10404944.jpg,action,action
imdb,all_I=zoom_blur_S=3,tt14687418,tt14687418.jpg,horror,horror
imdb,all_I=zoom_blur_S=3,tt13302660,tt13302660.jpg,action,action
imdb,all_I=zoom_blur_S=3,tt1502397,tt1502397.jpg,action,action
imdb,all_I=zoom_blur_S=3,tt10618286,tt10618286.jpg,drama,comedy
imdb,all_I=zoom_blur_S=3,tt6561576,tt6561576.jpg,horror,horror
imdb,all_I=zoom_blur_S=3,tt15242330,tt15242330.jpg,action,comedy
imdb,all_I=zoom_blur_S=3,tt22085392,tt22085392.jpg,horror,horror
imdb,all_I=zoom_blur_S=3,tt15891388,tt15891388.jpg,comedy,romance
imdb,all_I=zoom_blur_S=3,tt26439204,tt26439204.jpg,horror,action
imdb,all_I=zoom_blur_S=3,tt10600398,tt10600398.jpg,action,comedy
imdb,all_I=zoom_blur_S=3,tt13634480,tt13634480.jpg,comedy,comedy
imdb,all_I=zoom_blur_S=3,tt9207700,tt9207700.jpg,comedy,comedy
imdb,all_I=zoom_blur_S=3,tt11057644,tt11057644.jpg,comedy,comedy
imdb,all_I=zoom_blur_S=3,tt9288748,tt9288748.jpg,comedy,comedy
imdb,all_I=zoom_blur_S=3,tt10737918,tt10737918.jpg,action,action
imdb,all_I=zoom_blur_S=3,tt8332922,tt8332922.jpg,horror,horror
imdb,all_I=zoom_blur_S=3,tt9173154,tt9173154.jpg,horror,horror
imdb,all_I=zoom_blur_S=3,tt7768720,tt7768720.jpg,romance,romance
imdb,all_I=zoom_blur_S=3,tt11809034,tt11809034.jpg,action,action
imdb,all_I=zoom_blur_S=3,tt8760708,tt8760708.jpg,horror,horror
imdb,all_I=zoom_blur_S=3,tt9086228,tt9086228.jpg,horror,horror
imdb,all_I=zoom_blur_S=3,tt14013772,tt14013772.jpg,horror,horror
imdb,all_I=zoom_blur_S=3,tt26470099,tt26470099.jpg,horror,horror
imdb,all_I=zoom_blur_S=3,tt9784708,tt9784708.jpg,action,action
imdb,all_I=zoom_blur_S=3,tt9376612,tt9376612.jpg,action,action
imdb,all_I=zoom_blur_S=3,tt1136617,tt1136617.jpg,horror,action
imdb,all_I=zoom_blur_S=3,tt3915174,tt3915174.jpg,comedy,comedy
imdb,all_I=zoom_blur_S=3,tt27572862,tt27572862.jpg,horror,horror
imdb,all_I=zoom_blur_S=3,tt18072540,tt18072540.jpg,horror,horror
imdb,all_I=zoom_blur_S=3,tt14152140,tt14152140.jpg,horror,comedy
imdb,all_I=zoom_blur_S=3,tt13923456,tt13923456.jpg,comedy,action
imdb,all_I=zoom_blur_S=3,tt11827628,tt11827628.jpg,action,action
imdb,all_I=zoom_blur_S=3,tt18548186,tt18548186.jpg,horror,horror
imdb,all_I=zoom_blur_S=3,tt8784956,tt8784956.jpg,action,action
imdb,all_I=zoom_blur_S=3,tt0870154,tt0870154.jpg,action,action
imdb,all_I=zoom_blur_S=3,tt10160974,tt10160974.jpg,horror,horror
imdb,all_I=zoom_blur_S=3,tt20222202,tt20222202.jpg,horror,action
imdb,all_I=zoom_blur_S=3,tt11075540,tt11075540.jpg,horror,horror
imdb,all_I=zoom_blur_S=3,tt17042714,tt17042714.jpg,horror,horror
imdb,all_I=zoom_blur_S=3,tt15048614,tt15048614.jpg,horror,horror
imdb,all_I=zoom_blur_S=3,tt12801814,tt12801814.jpg,horror,horror
imdb,all_I=zoom_blur_S=3,tt10734864,tt10734864.jpg,horror,horror
imdb,all_I=zoom_blur_S=3,tt8637498,tt8637498.jpg,action,comedy
imdb,all_I=zoom_blur_S=3,tt22505124,tt22505124.jpg,horror,horror
imdb,all_I=zoom_blur_S=3,tt14557188,tt14557188.jpg,horror,horror
imdb,all_I=zoom_blur_S=3,tt10952782,tt10952782.jpg,horror,horror
imdb,all_I=zoom_blur_S=3,tt20854842,tt20854842.jpg,romance,romance
imdb,all_I=zoom_blur_S=3,tt10028196,tt10028196.jpg,romance,romance
imdb,all_I=zoom_blur_S=3,tt1745960,tt1745960.jpg,action,action
imdb,all_I=zoom_blur_S=3,tt6566576,tt6566576.jpg,horror,horror
imdb,all_I=zoom_blur_S=3,tt9619798,tt9619798.jpg,comedy,romance
imdb,all_I=zoom_blur_S=3,tt5748448,tt5748448.jpg,action,action
imdb,all_I=zoom_blur_S=3,tt12683756,tt12683756.jpg,horror,horror
imdb,all_I=zoom_blur_S=3,tt12226872,tt12226872.jpg,horror,horror
imdb,all_I=zoom_blur_S=3,tt10772662,tt10772662.jpg,horror,horror
imdb,all_I=zoom_blur_S=3,tt14668630,tt14668630.jpg,comedy,comedy
imdb,all_I=zoom_blur_S=3,tt10334222,tt10334222.jpg,horror,horror
imdb,all_I=zoom_blur_S=3,tt13007592,tt13007592.jpg,horror,romance
imdb,all_I=zoom_blur_S=3,tt1777606,tt1777606.jpg,comedy,romance
imdb,all_I=zoom_blur_S=3,tt13320662,tt13320662.jpg,comedy,comedy
imdb,all_I=zoom_blur_S=3,tt6402468,tt6402468.jpg,horror,horror
imdb,all_I=zoom_blur_S=3,tt11564570,tt11564570.jpg,comedy,comedy
imdb,all_I=zoom_blur_S=3,tt6264654,tt6264654.jpg,comedy,action
imdb,all_I=zoom_blur_S=3,tt9834506,tt9834506.jpg,horror,horror
imdb,all_I=zoom_blur_S=3,tt10701458,tt10701458.jpg,horror,horror
imdb,all_I=zoom_blur_S=3,tt18079362,tt18079362.jpg,comedy,comedy
imdb,all_I=zoom_blur_S=3,tt10733228,tt10733228.jpg,romance,romance
imdb,all_I=zoom_blur_S=3,tt10838180,tt10838180.jpg,action,action
imdb,all_I=zoom_blur_S=3,tt18361658,tt18361658.jpg,romance,romance
imdb,all_I=zoom_blur_S=3,tt13846414,tt13846414.jpg,horror,romance
imdb,all_I=zoom_blur_S=3,tt11448138,tt11448138.jpg,horror,horror
imdb,all_I=zoom_blur_S=3,tt18260564,tt18260564.jpg,horror,horror
imdb,all_I=zoom_blur_S=3,tt8332802,tt8332802.jpg,horror,horror
imdb,all_I=zoom_blur_S=3,tt6968614,tt6968614.jpg,action,action
imdb,all_I=zoom_blur_S=3,tt23898856,tt23898856.jpg,action,action
imdb,all_I=zoom_blur_S=3,tt17202164,tt17202164.jpg,horror,horror
imdb,all_I=zoom_blur_S=3,tt7979580,tt7979580.jpg,comedy,comedy
imdb,all_I=zoom_blur_S=3,tt7599146,tt7599146.jpg,action,action
imdb,all_I=zoom_blur_S=3,tt1462764,tt1462764.jpg,action,action
imdb,all_I=zoom_blur_S=3,tt14402146,tt14402146.jpg,drama,romance
imdb,all_I=zoom_blur_S=3,tt14895216,tt14895216.jpg,horror,horror
imdb,all_I=zoom_blur_S=3,tt11377298,tt11377298.jpg,action,action
imdb,all_I=zoom_blur_S=3,tt11576124,tt11576124.jpg,action,action
imdb,all_I=zoom_blur_S=3,tt11358390,tt11358390.jpg,horror,horror
imdb,all_I=zoom_blur_S=3,tt15438542,tt15438542.jpg,action,action
imdb,all_I=zoom_blur_S=3,tt13056008,tt13056008.jpg,horror,horror
imdb,all_I=zoom_blur_S=3,tt22086334,tt22086334.jpg,comedy,comedy
imdb,all_I=zoom_blur_S=3,tt12373754,tt12373754.jpg,horror,horror
imdb,all_I=zoom_blur_S=3,tt10279472,tt10279472.jpg,horror,horror
imdb,all_I=zoom_blur_S=3,tt7711170,tt7711170.jpg,horror,horror
imdb,all_I=zoom_blur_S=3,tt14412366,tt14412366.jpg,action,action
imdb,all_I=zoom_blur_S=3,tt11742798,tt11742798.jpg,comedy,comedy
imdb,all_I=zoom_blur_S=3,tt9110170,tt9110170.jpg,horror,horror
imdb,all_I=zoom_blur_S=3,tt0439572,tt0439572.jpg,action,action
imdb,all_I=zoom_blur_S=3,tt2382320,tt2382320.jpg,action,action
imdb,all_I=zoom_blur_S=3,tt11252440,tt11252440.jpg,action,comedy
imdb,all_I=zoom_blur_S=3,tt9472334,tt9472334.jpg,horror,horror
imdb,all_I=zoom_blur_S=3,tt12915716,tt12915716.jpg,action,action
imdb,all_I=zoom_blur_S=3,tt15393652,tt15393652.jpg,comedy,romance
imdb,all_I=zoom_blur_S=3,tt22987848,tt22987848.jpg,horror,horror
imdb,all_I=zoom_blur_S=3,tt15441054,tt15441054.jpg,action,action
imdb,all_I=zoom_blur_S=3,tt9663168,tt9663168.jpg,horror,horror
imdb,all_I=zoom_blur_S=3,tt7560830,tt7560830.jpg,horror,horror
imdb,all_I=zoom_blur_S=3,tt9365800,tt9365800.jpg,horror,action
imdb,all_I=zoom_blur_S=3,tt9701940,tt9701940.jpg,horror,horror
imdb,all_I=zoom_blur_S=3,tt3465026,tt3465026.jpg,comedy,comedy
imdb,all_I=zoom_blur_S=3,tt9044418,tt9044418.jpg,action,action
imdb,all_I=zoom_blur_S=3,tt15548074,tt15548074.jpg,horror,horror
imdb,all_I=zoom_blur_S=3,tt11656220,tt11656220.jpg,crime,action
imdb,all_I=zoom_blur_S=3,tt17156822,tt17156822.jpg,action,action
imdb,all_I=zoom_blur_S=3,tt14400246,tt14400246.jpg,horror,horror
imdb,all_I=zoom_blur_S=3,tt10457128,tt10457128.jpg,comedy,romance
imdb,all_I=zoom_blur_S=3,tt8404256,tt8404256.jpg,action,action
imdb,all_I=zoom_blur_S=3,tt27816768,tt27816768.jpg,documentary,comedy
imdb,all_I=zoom_blur_S=3,tt13363828,tt13363828.jpg,horror,horror
imdb,all_I=zoom_blur_S=3,tt12908110,tt12908110.jpg,horror,horror
imdb,all_I=zoom_blur_S=3,tt7134096,tt7134096.jpg,action,action
imdb,all_I=zoom_blur_S=3,tt9264728,tt9264728.jpg,horror,horror
imdb,all_I=zoom_blur_S=3,tt10172266,tt10172266.jpg,comedy,romance
imdb,all_I=zoom_blur_S=3,tt3197780,tt3197780.jpg,comedy,comedy
imdb,all_I=zoom_blur_S=3,tt9907782,tt9907782.jpg,horror,horror
imdb,all_I=zoom_blur_S=3,tt10696784,tt10696784.jpg,action,action
imdb,all_I=zoom_blur_S=3,tt10788058,tt10788058.jpg,action,action
imdb,all_I=zoom_blur_S=3,tt1321510,tt1321510.jpg,comedy,romance
imdb,all_I=zoom_blur_S=3,tt13092974,tt13092974.jpg,horror,horror
imdb,all_I=zoom_blur_S=3,tt2560092,tt2560092.jpg,comedy,comedy
imdb,all_I=zoom_blur_S=3,tt8912936,tt8912936.jpg,action,action
imdb,all_I=zoom_blur_S=3,tt9419884,tt9419884.jpg,action,action
imdb,all_I=zoom_blur_S=3,tt12788488,tt12788488.jpg,horror,horror
imdb,all_I=zoom_blur_S=3,tt9072352,tt9072352.jpg,horror,horror
imdb,all_I=zoom_blur_S=3,tt0983946,tt0983946.jpg,horror,horror
imdb,all_I=zoom_blur_S=3,tt10935560,tt10935560.jpg,horror,horror
imdb,all_I=zoom_blur_S=3,tt14781176,tt14781176.jpg,horror,horror
imdb,all_I=zoom_blur_S=3,tt15354916,tt15354916.jpg,action,action
imdb,all_I=zoom_blur_S=3,tt8456190,tt8456190.jpg,comedy,action
imdb,all_I=zoom_blur_S=3,tt21106970,tt21106970.jpg,comedy,comedy
imdb,all_I=zoom_blur_S=3,tt15768848,tt15768848.jpg,comedy,romance
imdb,all_I=zoom_blur_S=3,tt7638348,tt7638348.jpg,action,action
imdb,all_I=zoom_blur_S=3,tt4876134,tt4876134.jpg,action,action
imdb,all_I=zoom_blur_S=3,tt8760280,tt8760280.jpg,romance,romance
imdb,all_I=zoom_blur_S=3,tt23136186,tt23136186.jpg,horror,horror
imdb,all_I=zoom_blur_S=3,tt8296030,tt8296030.jpg,horror,horror
imdb,all_I=zoom_blur_S=3,tt11905962,tt11905962.jpg,horror,horror
imdb,all_I=zoom_blur_S=3,tt4682266,tt4682266.jpg,action,horror
imdb,all_I=zoom_blur_S=3,tt12472174,tt12472174.jpg,horror,horror
imdb,all_I=zoom_blur_S=3,tt7556122,tt7556122.jpg,action,action
imdb,all_I=zoom_blur_S=3,tt8114980,tt8114980.jpg,horror,horror
imdb,all_I=zoom_blur_S=3,tt12834962,tt12834962.jpg,comedy,comedy
imdb,all_I=zoom_blur_S=3,tt17076046,tt17076046.jpg,comedy,comedy
imdb,all_I=zoom_blur_S=3,tt15528292,tt15528292.jpg,action,action
imdb,all_I=zoom_blur_S=3,tt25403492,tt25403492.jpg,horror,horror
imdb,all_I=zoom_blur_S=3,tt14039086,tt14039086.jpg,action,action
imdb,all_I=zoom_blur_S=3,tt11514780,tt11514780.jpg,horror,horror
imdb,all_I=zoom_blur_S=3,tt11327514,tt11327514.jpg,comedy,comedy
imdb,all_I=zoom_blur_S=3,tt12877640,tt12877640.jpg,horror,horror
imdb,all_I=zoom_blur_S=3,tt11891246,tt11891246.jpg,horror,horror
imdb,all_I=zoom_blur_S=3,tt13024674,tt13024674.jpg,action,action
imdb,all_I=zoom_blur_S=3,tt15600222,tt15600222.jpg,action,action
imdb,all_I=zoom_blur_S=3,tt14091818,tt14091818.jpg,comedy,romance
imdb,all_I=zoom_blur_S=3,tt4029412,tt4029412.jpg,action,action
imdb,all_I=zoom_blur_S=3,tt7504818,tt7504818.jpg,comedy,comedy
imdb,all_I=zoom_blur_S=3,tt20424130,tt20424130.jpg,action,action
imdb,all_I=zoom_blur_S=3,tt1016150,tt1016150.jpg,war,action
imdb,all_I=zoom_blur_S=3,tt11084896,tt11084896.jpg,comedy,comedy
imdb,all_I=zoom_blur_S=3,tt7214954,tt7214954.jpg,comedy,comedy
imdb,all_I=zoom_blur_S=3,tt12823454,tt12823454.jpg,comedy,romance
imdb,all_I=zoom_blur_S=3,tt15671028,tt15671028.jpg,comedy,romance
imdb,all_I=zoom_blur_S=3,tt10229558,tt10229558.jpg,horror,horror
imdb,all_I=zoom_blur_S=3,tt8376234,tt8376234.jpg,comedy,comedy
imdb,all_I=zoom_blur_S=3,tt8656686,tt8656686.jpg,horror,horror
imdb,all_I=zoom_blur_S=3,tt17663992,tt17663992.jpg,horror,horror
imdb,all_I=zoom_blur_S=3,tt10451914,tt10451914.jpg,action,action
imdb,all_I=zoom_blur_S=3,tt15516726,tt15516726.jpg,comedy,comedy
imdb,all_I=zoom_blur_S=3,tt12851396,tt12851396.jpg,action,action
imdb,all_I=zoom_blur_S=3,tt9387250,tt9387250.jpg,horror,action
imdb,all_I=zoom_blur_S=3,tt10127684,tt10127684.jpg,action,action
imdb,all_I=zoom_blur_S=3,tt8589698,tt8589698.jpg,action,comedy
imdb,all_I=zoom_blur_S=3,tt15734582,tt15734582.jpg,action,action
imdb,all_I=zoom_blur_S=3,tt12390572,tt12390572.jpg,horror,horror
imdb,all_I=zoom_blur_S=3,tt6508228,tt6508228.jpg,horror,horror
imdb,all_I=zoom_blur_S=3,tt1830643,tt1830643.jpg,horror,horror
imdb,all_I=zoom_blur_S=3,tt14298216,tt14298216.jpg,horror,horror
imdb,all_I=zoom_blur_S=3,tt21250176,tt21250176.jpg,horror,horror
imdb,all_I=zoom_blur_S=3,tt7550000,tt7550000.jpg,action,action
imdb,all_I=zoom_blur_S=3,tt6723592,tt6723592.jpg,action,action
imdb,all_I=zoom_blur_S=3,tt10366206,tt10366206.jpg,action,action
imdb,all_I=zoom_blur_S=3,tt5624466,tt5624466.jpg,horror,horror
imdb,all_I=zoom_blur_S=3,tt8093700,tt8093700.jpg,action,action
imdb,all_I=zoom_blur_S=3,tt5012504,tt5012504.jpg,action,action
imdb,all_I=zoom_blur_S=3,tt9308382,tt9308382.jpg,comedy,romance
imdb,all_I=zoom_blur_S=3,tt15847880,tt15847880.jpg,horror,horror
imdb,all_I=zoom_blur_S=3,tt19175696,tt19175696.jpg,horror,horror
imdb,all_I=zoom_blur_S=3,tt10228134,tt10228134.jpg,action,action
imdb,all_I=zoom_blur_S=3,tt11881160,tt11881160.jpg,horror,horror
imdb,all_I=zoom_blur_S=3,tt10638522,tt10638522.jpg,horror,horror
imdb,all_I=zoom_blur_S=3,tt9695722,tt9695722.jpg,action,action
imdb,all_I=zoom_blur_S=3,tt14995258,tt14995258.jpg,horror,romance
imdb,all_I=zoom_blur_S=3,tt27989067,tt27989067.jpg,horror,romance
imdb,all_I=zoom_blur_S=3,tt9784456,tt9784456.jpg,romance,romance
imdb,all_I=zoom_blur_S=3,tt15654328,tt15654328.jpg,action,action
imdb,all_I=zoom_blur_S=3,tt13429362,tt13429362.jpg,horror,horror
imdb,all_I=zoom_blur_S=3,tt14858054,tt14858054.jpg,horror,horror
imdb,all_I=zoom_blur_S=3,tt7354440,tt7354440.jpg,horror,horror
imdb,all_I=zoom_blur_S=3,tt21907174,tt21907174.jpg,comedy,comedy
imdb,all_I=zoom_blur_S=3,tt12885852,tt12885852.jpg,action,action
imdb,all_I=zoom_blur_S=3,tt8426926,tt8426926.jpg,action,action
imdb,all_I=zoom_blur_S=3,tt10691162,tt10691162.jpg,horror,horror
imdb,all_I=zoom_blur_S=3,tt11125620,tt11125620.jpg,comedy,comedy
imdb,all_I=zoom_blur_S=3,tt4495098,tt4495098.jpg,action,action
imdb,all_I=zoom_blur_S=3,tt20114976,tt20114976.jpg,horror,horror
imdb,all_I=zoom_blur_S=3,tt9606374,tt9606374.jpg,comedy,comedy
imdb,all_I=zoom_blur_S=3,tt14145436,tt14145436.jpg,horror,horror
imdb,all_I=zoom_blur_S=3,tt22889164,tt22889164.jpg,horror,action
imdb,all_I=zoom_blur_S=3,tt9742794,tt9742794.jpg,action,action
imdb,all_I=zoom_blur_S=3,tt7947604,tt7947604.jpg,romance,romance
imdb,all_I=zoom_blur_S=3,tt7740510,tt7740510.jpg,horror,horror
imdb,all_I=zoom_blur_S=3,tt6334354,tt6334354.jpg,action,action
imdb,all_I=zoom_blur_S=3,tt7888964,tt7888964.jpg,action,action
imdb,all_I=zoom_blur_S=3,tt20850406,tt20850406.jpg,romance,romance
imdb,all_I=zoom_blur_S=3,tt5113044,tt5113044.jpg,comedy,comedy
imdb,all_I=zoom_blur_S=3,tt18968540,tt18968540.jpg,horror,horror
imdb,all_I=zoom_blur_S=3,tt1630029,tt1630029.jpg,action,action
imdb,all_I=zoom_blur_S=3,tt1877830,tt1877830.jpg,action,action
imdb,all_I=zoom_blur_S=3,tt13603966,tt13603966.jpg,action,action
imdb,all_I=zoom_blur_S=3,tt11301946,tt11301946.jpg,action,action
imdb,all_I=zoom_blur_S=3,tt6705162,tt6705162.jpg,comedy,comedy
imdb,all_I=zoom_blur_S=3,tt14099334,tt14099334.jpg,horror,horror
imdb,all_I=zoom_blur_S=3,tt10701074,tt10701074.jpg,action,action
imdb,all_I=zoom_blur_S=3,tt7035004,tt7035004.jpg,action,action
imdb,all_I=zoom_blur_S=3,tt1001520,tt1001520.jpg,horror,horror
imdb,all_I=zoom_blur_S=3,tt9173418,tt9173418.jpg,horror,horror
imdb,all_I=zoom_blur_S=3,tt10473036,tt10473036.jpg,comedy,comedy
imdb,all_I=zoom_blur_S=3,tt7267498,tt7267498.jpg,horror,horror
imdb,all_I=zoom_blur_S=3,tt5843876,tt5843876.jpg,romance,romance
imdb,all_I=zoom_blur_S=3,tt15655826,tt15655826.jpg,horror,romance
imdb,all_I=zoom_blur_S=3,tt3278540,tt3278540.jpg,romance,romance
imdb,all_I=zoom_blur_S=3,tt0293429,tt0293429.jpg,action,action
imdb,all_I=zoom_blur_S=3,tt0499097,tt0499097.jpg,action,action
imdb,all_I=zoom_blur_S=3,tt16252698,tt16252698.jpg,romance,romance
imdb,all_I=zoom_blur_S=3,tt15783426,tt15783426.jpg,comedy,action
imdb,all_I=zoom_blur_S=3,tt5950596,tt5950596.jpg,horror,horror
imdb,all_I=zoom_blur_S=3,tt11951276,tt11951276.jpg,comedy,comedy
imdb,all_I=zoom_blur_S=3,tt4593060,tt4593060.jpg,comedy,comedy
imdb,all_I=zoom_blur_S=3,tt28073548,tt28073548.jpg,romance,romance
imdb,all_I=zoom_blur_S=3,tt15684426,tt15684426.jpg,horror,horror
imdb,all_I=zoom_blur_S=3,tt8246646,tt8246646.jpg,action,action
imdb,all_I=zoom_blur_S=3,tt16527824,tt16527824.jpg,action,action
imdb,all_I=zoom_blur_S=3,tt3554046,tt3554046.jpg,action,comedy
imdb,all_I=zoom_blur_S=3,tt3480822,tt3480822.jpg,action,action
imdb,all_I=zoom_blur_S=3,tt8041270,tt8041270.jpg,action,action
imdb,all_I=zoom_blur_S=3,tt5761544,tt5761544.jpg,action,action
imdb,all_I=zoom_blur_S=3,tt4998632,tt4998632.jpg,action,action
imdb,all_I=zoom_blur_S=3,tt4028464,tt4028464.jpg,horror,horror
imdb,all_I=zoom_blur_S=3,tt9691136,tt9691136.jpg,horror,action
imdb,all_I=zoom_blur_S=3,tt2948372,tt2948372.jpg,Animation,comedy
imdb,all_I=zoom_blur_S=3,tt14502344,tt14502344.jpg,horror,horror
imdb,all_I=zoom_blur_S=3,tt12873562,tt12873562.jpg,horror,horror
imdb,all_I=zoom_blur_S=3,tt11138512,tt11138512.jpg,action,action
imdb,all_I=zoom_blur_S=3,tt2943178,tt2943178.jpg,action,action
imdb,all_I=zoom_blur_S=3,tt5884796,tt5884796.jpg,action,action
imdb,all_I=zoom_blur_S=3,tt8080204,tt8080204.jpg,action,action
imdb,all_I=zoom_blur_S=3,tt22023218,tt22023218.jpg,horror,horror
imdb,all_I=zoom_blur_S=3,tt8201852,tt8201852.jpg,horror,horror
imdb,all_I=zoom_blur_S=3,tt20853816,tt20853816.jpg,horror,horror
imdb,all_I=zoom_blur_S=3,tt3917710,tt3917710.jpg,horror,action
imdb,all_I=zoom_blur_S=3,tt12283036,tt12283036.jpg,horror,horror
imdb,all_I=zoom_blur_S=3,tt16431882,tt16431882.jpg,horror,horror
imdb,all_I=zoom_blur_S=3,tt20672534,tt20672534.jpg,comedy,comedy
imdb,all_I=zoom_blur_S=3,tt11080108,tt11080108.jpg,romance,romance
imdb,all_I=zoom_blur_S=3,tt14438348,tt14438348.jpg,horror,horror
imdb,all_I=zoom_blur_S=3,tt7991608,tt7991608.jpg,action,action
imdb,all_I=zoom_blur_S=3,tt13055982,tt13055982.jpg,action,action
imdb,all_I=zoom_blur_S=3,tt13327038,tt13327038.jpg,horror,comedy
imdb,all_I=zoom_blur_S=3,tt18073328,tt18073328.jpg,action,action
imdb,all_I=zoom_blur_S=3,tt26675777,tt26675777.jpg,action,horror
imdb,all_I=zoom_blur_S=3,tt14109724,tt14109724.jpg,comedy,romance
imdb,all_I=zoom_blur_S=3,tt16278434,tt16278434.jpg,action,action
imdb,all_I=zoom_blur_S=3,tt6791350,tt6791350.jpg,action,comedy
imdb,all_I=zoom_blur_S=3,tt21628198,tt21628198.jpg,action,action
imdb,all_I=zoom_blur_S=3,tt8005118,tt8005118.jpg,comedy,comedy
imdb,all_I=zoom_blur_S=3,tt6443346,tt6443346.jpg,action,action
imdb,all_I=zoom_blur_S=3,tt7026488,tt7026488.jpg,horror,horror
imdb,all_I=zoom_blur_S=3,tt12861508,tt12861508.jpg,action,action
imdb,all_I=zoom_blur_S=3,tt3781118,tt3781118.jpg,action,action
imdb,all_I=zoom_blur_S=3,tt21651560,tt21651560.jpg,horror,horror
imdb,all_I=zoom_blur_S=3,tt4257940,tt4257940.jpg,horror,romance
imdb,all_I=zoom_blur_S=3,tt10223460,tt10223460.jpg,comedy,romance
imdb,all_I=zoom_blur_S=3,tt19713090,tt19713090.jpg,action,action
imdb,all_I=zoom_blur_S=3,tt12712604,tt12712604.jpg,comedy,comedy
imdb,all_I=zoom_blur_S=3,tt11400902,tt11400902.jpg,horror,horror
imdb,all_I=zoom_blur_S=3,tt1160419,tt1160419.jpg,action,action
imdb,all_I=zoom_blur_S=3,tt12749596,tt12749596.jpg,horror,horror
imdb,all_I=zoom_blur_S=3,tt6217926,tt6217926.jpg,horror,romance
imdb,all_I=zoom_blur_S=3,tt13057276,tt13057276.jpg,horror,horror
imdb,all_I=zoom_blur_S=3,tt8593904,tt8593904.jpg,comedy,romance
imdb,all_I=zoom_blur_S=3,tt8936646,tt8936646.jpg,action,action
imdb,all_I=zoom_blur_S=3,tt18376308,tt18376308.jpg,horror,horror
imdb,all_I=zoom_blur_S=3,tt14867006,tt14867006.jpg,horror,horror
imdb,all_I=zoom_blur_S=3,tt9183978,tt9183978.jpg,horror,horror
imdb,all_I=zoom_blur_S=3,tt8367084,tt8367084.jpg,comedy,comedy
imdb,all_I=zoom_blur_S=3,tt13430858,tt13430858.jpg,comedy,romance
imdb,all_I=zoom_blur_S=3,tt9777666,tt9777666.jpg,action,action
imdb,all_I=zoom_blur_S=3,tt21087084,tt21087084.jpg,romance,romance
imdb,all_I=zoom_blur_S=3,tt19267924,tt19267924.jpg,romance,romance
imdb,all_I=zoom_blur_S=3,tt11905536,tt11905536.jpg,horror,action
imdb,all_I=zoom_blur_S=3,tt3811906,tt3811906.jpg,horror,horror
imdb,all_I=zoom_blur_S=3,tt4244994,tt4244994.jpg,action,action
imdb,all_I=zoom_blur_S=3,tt24546804,tt24546804.jpg,romance,romance
imdb,all_I=zoom_blur_S=3,tt10886166,tt10886166.jpg,romance,romance
imdb,all_I=zoom_blur_S=3,tt9271672,tt9271672.jpg,horror,horror
imdb,all_I=zoom_blur_S=3,tt9204328,tt9204328.jpg,horror,horror
imdb,all_I=zoom_blur_S=3,tt9602472,tt9602472.jpg,horror,horror
imdb,all_I=zoom_blur_S=3,tt8560172,tt8560172.jpg,comedy,comedy
imdb,all_I=zoom_blur_S=3,tt6372694,tt6372694.jpg,action,horror
imdb,all_I=zoom_blur_S=3,tt12844910,tt12844910.jpg,action,action
imdb,all_I=zoom_blur_S=3,tt8302918,tt8302918.jpg,romance,romance
imdb,all_I=zoom_blur_S=3,tt12801262,tt12801262.jpg,comedy,comedy
imdb,all_I=zoom_blur_S=3,tt12444934,tt12444934.jpg,horror,horror
imdb,all_I=zoom_blur_S=3,tt7069210,tt7069210.jpg,horror,horror
imdb,all_I=zoom_blur_S=3,tt15509244,tt15509244.jpg,romance,romance
imdb,all_I=zoom_blur_S=3,tt15481952,tt15481952.jpg,horror,comedy
imdb,all_I=zoom_blur_S=3,tt10403420,tt10403420.jpg,horror,horror
imdb,all_I=zoom_blur_S=3,tt20198774,tt20198774.jpg,horror,horror
imdb,all_I=zoom_blur_S=3,tt6718170,tt6718170.jpg,action,comedy
imdb,all_I=zoom_blur_S=3,tt13964404,tt13964404.jpg,horror,horror
imdb,all_I=zoom_blur_S=3,tt6802400,tt6802400.jpg,comedy,comedy
imdb,all_I=zoom_blur_S=3,tt10676048,tt10676048.jpg,action,action
imdb,all_I=zoom_blur_S=3,tt17220704,tt17220704.jpg,comedy,comedy
imdb,all_I=zoom_blur_S=3,tt16077702,tt16077702.jpg,comedy,comedy
imdb,all_I=zoom_blur_S=3,tt10406596,tt10406596.jpg,horror,horror
imdb,all_I=zoom_blur_S=3,tt2906216,tt2906216.jpg,action,action
imdb,all_I=zoom_blur_S=3,tt4624366,tt4624366.jpg,horror,horror
imdb,all_I=zoom_blur_S=3,tt18346624,tt18346624.jpg,action,horror
imdb,all_I=zoom_blur_S=3,tt14537248,tt14537248.jpg,horror,horror
imdb,all_I=zoom_blur_S=3,tt9224104,tt9224104.jpg,action,action
imdb,all_I=zoom_blur_S=3,tt11188624,tt11188624.jpg,horror,horror
imdb,all_I=zoom_blur_S=3,tt1649418,tt1649418.jpg,action,action
imdb,all_I=zoom_blur_S=3,tt5420210,tt5420210.jpg,comedy,comedy
imdb,all_I=zoom_blur_S=3,tt2315938,tt2315938.jpg,horror,horror
imdb,all_I=zoom_blur_S=3,tt28199975,tt28199975.jpg,action,action
imdb,all_I=zoom_blur_S=3,tt3427252,tt3427252.jpg,horror,horror
imdb,all_I=zoom_blur_S=3,tt14874302,tt14874302.jpg,romance,romance
imdb,all_I=zoom_blur_S=3,tt13821562,tt13821562.jpg,comedy,comedy
imdb,all_I=zoom_blur_S=3,tt14499608,tt14499608.jpg,comedy,comedy
imdb,all_I=zoom_blur_S=3,tt26941512,tt26941512.jpg,horror,horror
imdb,all_I=zoom_blur_S=3,tt9820352,tt9820352.jpg,action,action
imdb,all_I=zoom_blur_S=3,tt14617254,tt14617254.jpg,horror,horror
imdb,all_I=zoom_blur_S=3,tt6654210,tt6654210.jpg,action,action
imdb,all_I=zoom_blur_S=3,tt13143964,tt13143964.jpg,comedy,comedy
imdb,all_I=zoom_blur_S=3,tt10665338,tt10665338.jpg,horror,horror
imdb,all_I=zoom_blur_S=3,tt0887261,tt0887261.jpg,horror,horror
imdb,all_I=zoom_blur_S=3,tt12530246,tt12530246.jpg,horror,action
imdb,all_I=zoom_blur_S=3,tt16127696,tt16127696.jpg,horror,horror
imdb,all_I=zoom_blur_S=3,tt1051906,tt1051906.jpg,horror,horror
imdb,all_I=zoom_blur_S=3,tt16916320,tt16916320.jpg,action,action
imdb,all_I=zoom_blur_S=3,tt13174108,tt13174108.jpg,horror,horror
imdb,all_I=zoom_blur_S=3,tt3977848,tt3977848.jpg,horror,horror
imdb,all_I=zoom_blur_S=3,tt11112808,tt11112808.jpg,comedy,comedy
imdb,all_I=zoom_blur_S=3,tt13406136,tt13406136.jpg,action,action
imdb,all_I=zoom_blur_S=3,tt5034838,tt5034838.jpg,action,action
imdb,all_I=zoom_blur_S=3,tt10121392,tt10121392.jpg,comedy,action
imdb,all_I=zoom_blur_S=3,tt4566758,tt4566758.jpg,action,action
imdb,all_I=zoom_blur_S=3,tt1086064,tt1086064.jpg,comedy,comedy
imdb,all_I=zoom_blur_S=3,tt19623240,tt19623240.jpg,horror,horror
imdb,all_I=zoom_blur_S=3,tt11663228,tt11663228.jpg,action,action
imdb,all_I=zoom_blur_S=3,tt10315050,tt10315050.jpg,horror,horror
imdb,all_I=zoom_blur_S=3,tt8461224,tt8461224.jpg,action,action
imdb,all_I=zoom_blur_S=3,tt9000184,tt9000184.jpg,horror,horror
imdb,all_I=zoom_blur_S=3,tt15520136,tt15520136.jpg,horror,horror
imdb,all_I=zoom_blur_S=3,tt14399128,tt14399128.jpg,comedy,comedy
imdb,all_I=zoom_blur_S=3,tt27411059,tt27411059.jpg,horror,horror
imdb,all_I=zoom_blur_S=3,tt13238346,tt13238346.jpg,romance,romance
imdb,all_I=zoom_blur_S=3,tt4685762,tt4685762.jpg,horror,horror
imdb,all_I=zoom_blur_S=3,tt5918982,tt5918982.jpg,horror,horror
imdb,all_I=zoom_blur_S=3,tt10151854,tt10151854.jpg,action,action
imdb,all_I=zoom_blur_S=3,tt15502356,tt15502356.jpg,comedy,horror
imdb,all_I=zoom_blur_S=3,tt7375466,tt7375466.jpg,action,action
imdb,all_I=zoom_blur_S=3,tt14230388,tt14230388.jpg,comedy,comedy
imdb,all_I=zoom_blur_S=3,tt14121726,tt14121726.jpg,horror,horror
imdb,all_I=zoom_blur_S=3,tt12550376,tt12550376.jpg,horror,horror
imdb,all_I=zoom_blur_S=3,tt10803634,tt10803634.jpg,horror,horror
imdb,all_I=zoom_blur_S=3,tt11024272,tt11024272.jpg,horror,comedy
imdb,all_I=zoom_blur_S=3,tt13070038,tt13070038.jpg,romance,romance
imdb,all_I=zoom_blur_S=3,tt2222042,tt2222042.jpg,action,action
imdb,all_I=zoom_blur_S=3,tt14807000,tt14807000.jpg,horror,horror
imdb,all_I=zoom_blur_S=3,tt17081088,tt17081088.jpg,horror,horror
imdb,all_I=zoom_blur_S=3,tt15206378,tt15206378.jpg,comedy,comedy
imdb,all_I=zoom_blur_S=3,tt9118804,tt9118804.jpg,horror,horror
imdb,all_I=zoom_blur_S=3,tt17321230,tt17321230.jpg,romance,romance
imdb,all_I=zoom_blur_S=3,tt26594993,tt26594993.jpg,horror,horror
imdb,all_I=zoom_blur_S=3,tt10362466,tt10362466.jpg,romance,romance
imdb,all_I=zoom_blur_S=3,tt26491631,tt26491631.jpg,horror,horror
imdb,all_I=zoom_blur_S=3,tt11314148,tt11314148.jpg,romance,romance
imdb,all_I=zoom_blur_S=3,tt20834182,tt20834182.jpg,horror,horror
imdb,all_I=zoom_blur_S=3,tt10062338,tt10062338.jpg,horror,horror
imdb,all_I=zoom_blur_S=3,tt22410094,tt22410094.jpg,horror,horror
imdb,all_I=zoom_blur_S=3,tt15744298,tt15744298.jpg,action,action
imdb,all_I=zoom_blur_S=3,tt12982370,tt12982370.jpg,horror,action
imdb,all_I=zoom_blur_S=3,tt15131266,tt15131266.jpg,action,action
imdb,all_I=zoom_blur_S=3,tt18925334,tt18925334.jpg,horror,horror
imdb,all_I=zoom_blur_S=3,tt10515988,tt10515988.jpg,horror,horror
imdb,all_I=zoom_blur_S=3,tt6442686,tt6442686.jpg,horror,action
imdb,all_I=zoom_blur_S=3,tt4532038,tt4532038.jpg,comedy,comedy
imdb,all_I=zoom_blur_S=3,tt21807222,tt21807222.jpg,horror,horror
imdb,all_I=zoom_blur_S=3,tt7737786,tt7737786.jpg,action,action
imdb,all_I=zoom_blur_S=3,tt13061914,tt13061914.jpg,comedy,comedy
imdb,all_I=zoom_blur_S=3,tt10229982,tt10229982.jpg,romance,romance
imdb,all_I=zoom_blur_S=3,tt15339570,tt15339570.jpg,comedy,comedy
imdb,all_I=zoom_blur_S=3,tt9663764,tt9663764.jpg,action,action
imdb,all_I=zoom_blur_S=3,tt10508838,tt10508838.jpg,action,action
imdb,all_I=zoom_blur_S=3,tt9050310,tt9050310.jpg,horror,horror
imdb,all_I=zoom_blur_S=3,tt10944486,tt10944486.jpg,comedy,comedy
imdb,all_I=zoom_blur_S=3,tt9286908,tt9286908.jpg,action,action
imdb,all_I=zoom_blur_S=3,tt10584340,tt10584340.jpg,comedy,comedy
imdb,all_I=zoom_blur_S=3,tt2235695,tt2235695.jpg,horror,romance
imdb,all_I=zoom_blur_S=3,tt15090124,tt15090124.jpg,horror,horror
imdb,all_I=zoom_blur_S=3,tt11245972,tt11245972.jpg,horror,horror
imdb,all_I=zoom_blur_S=3,tt4139928,tt4139928.jpg,action,action
imdb,all_I=zoom_blur_S=3,tt8045906,tt8045906.jpg,horror,romance
imdb,all_I=zoom_blur_S=3,tt5635026,tt5635026.jpg,fantasy,action
imdb,all_I=zoom_blur_S=3,tt15713012,tt15713012.jpg,action,action
imdb,all_I=zoom_blur_S=3,tt14799960,tt14799960.jpg,romance,romance
imdb,all_I=zoom_blur_S=3,tt28690326,tt28690326.jpg,romance,romance
imdb,all_I=zoom_blur_S=3,tt4614584,tt4614584.jpg,romance,romance
imdb,all_I=zoom_blur_S=3,tt14014068,tt14014068.jpg,romance,romance
imdb,all_I=zoom_blur_S=3,tt9077876,tt9077876.jpg,horror,horror
imdb,all_I=zoom_blur_S=3,tt6539992,tt6539992.jpg,action,action
imdb,all_I=zoom_blur_S=3,tt10003008,tt10003008.jpg,horror,horror
imdb,all_I=zoom_blur_S=3,tt3626476,tt3626476.jpg,comedy,comedy
imdb,all_I=zoom_blur_S=3,tt20782072,tt20782072.jpg,horror,horror
imdb,all_I=zoom_blur_S=3,tt14993352,tt14993352.jpg,horror,horror
imdb,all_I=zoom_blur_S=3,tt8110330,tt8110330.jpg,romance,romance
imdb,all_I=zoom_blur_S=3,tt6528290,tt6528290.jpg,action,action
imdb,all_I=zoom_blur_S=3,tt14550642,tt14550642.jpg,horror,horror
imdb,all_I=zoom_blur_S=3,tt19755170,tt19755170.jpg,comedy,romance
imdb,all_I=zoom_blur_S=3,tt10090058,tt10090058.jpg,action,action
imdb,all_I=zoom_blur_S=3,tt6879446,tt6879446.jpg,action,action
imdb,all_I=zoom_blur_S=3,tt12547822,tt12547822.jpg,horror,horror
imdb,all_I=zoom_blur_S=3,tt13757762,tt13757762.jpg,horror,horror
imdb,all_I=zoom_blur_S=3,tt16900880,tt16900880.jpg,action,action
imdb,all_I=zoom_blur_S=3,tt13445076,tt13445076.jpg,action,action
imdb,all_I=zoom_blur_S=3,tt7846844,tt7846844.jpg,comedy,action
imdb,all_I=zoom_blur_S=3,tt8629748,tt8629748.jpg,action,action
imdb,all_I=zoom_blur_S=3,tt10127708,tt10127708.jpg,action,action
imdb,all_I=zoom_blur_S=3,tt11210390,tt11210390.jpg,action,comedy
imdb,all_I=zoom_blur_S=3,tt3291150,tt3291150.jpg,action,action
imdb,all_I=zoom_blur_S=3,tt9038678,tt9038678.jpg,horror,action
imdb,all_I=zoom_blur_S=3,tt14230458,tt14230458.jpg,comedy,romance
imdb,all_I=zoom_blur_S=3,tt22352848,tt22352848.jpg,action,action
imdb,all_I=zoom_blur_S=3,tt4439620,tt4439620.jpg,action,action
imdb,all_I=zoom_blur_S=3,tt8368408,tt8368408.jpg,action,action
imdb,all_I=zoom_blur_S=3,tt12889404,tt12889404.jpg,romance,romance
imdb,all_I=zoom_blur_S=3,tt14642626,tt14642626.jpg,horror,horror
imdb,all_I=zoom_blur_S=3,tt14412446,tt14412446.jpg,horror,horror
imdb,all_I=zoom_blur_S=3,tt8270664,tt8270664.jpg,action,action
imdb,all_I=zoom_blur_S=3,tt11614912,tt11614912.jpg,horror,horror
imdb,all_I=zoom_blur_S=3,tt5151570,tt5151570.jpg,comedy,comedy
imdb,all_I=zoom_blur_S=3,tt19363554,tt19363554.jpg,horror,horror
imdb,all_I=zoom_blur_S=3,tt8385148,tt8385148.jpg,action,action
imdb,all_I=zoom_blur_S=3,tt24822574,tt24822574.jpg,romance,romance
imdb,all_I=zoom_blur_S=3,tt14672882,tt14672882.jpg,action,action
imdb,all_I=zoom_blur_S=3,tt10895576,tt10895576.jpg,comedy,comedy
imdb,all_I=zoom_blur_S=3,tt12921446,tt12921446.jpg,horror,horror
imdb,all_I=zoom_blur_S=3,tt9848626,tt9848626.jpg,comedy,comedy
imdb,all_I=zoom_blur_S=3,tt6920084,tt6920084.jpg,horror,action
imdb,all_I=zoom_blur_S=3,tt6048922,tt6048922.jpg,action,action
imdb,all_I=zoom_blur_S=3,tt10329134,tt10329134.jpg,romance,romance
imdb,all_I=zoom_blur_S=3,tt8847712,tt8847712.jpg,comedy,comedy
imdb,all_I=zoom_blur_S=3,tt10579952,tt10579952.jpg,action,action
imdb,all_I=zoom_blur_S=3,tt13462900,tt13462900.jpg,action,action
imdb,all_I=zoom_blur_S=3,tt13388176,tt13388176.jpg,horror,horror
imdb,all_I=zoom_blur_S=3,tt6475714,tt6475714.jpg,action,action
imdb,all_I=zoom_blur_S=3,tt4427800,tt4427800.jpg,horror,action
imdb,all_I=zoom_blur_S=3,tt8851668,tt8851668.jpg,comedy,action
imdb,all_I=zoom_blur_S=3,tt10370710,tt10370710.jpg,comedy,comedy
imdb,all_I=zoom_blur_S=3,tt10168670,tt10168670.jpg,horror,romance
imdb,all_I=zoom_blur_S=3,tt27881314,tt27881314.jpg,romance,romance
imdb,all_I=zoom_blur_S=3,tt7985704,tt7985704.jpg,action,action
imdb,all_I=zoom_blur_S=3,tt10763820,tt10763820.jpg,horror,action
imdb,all_I=zoom_blur_S=3,tt7693316,tt7693316.jpg,action,action
imdb,all_I=zoom_blur_S=3,tt9179430,tt9179430.jpg,action,action
imdb,all_I=zoom_blur_S=3,tt11686490,tt11686490.jpg,horror,horror
imdb,all_I=zoom_blur_S=3,tt10365998,tt10365998.jpg,horror,horror
imdb,all_I=zoom_blur_S=3,tt15262370,tt15262370.jpg,horror,horror
imdb,all_I=zoom_blur_S=3,tt2488666,tt2488666.jpg,horror,horror
imdb,all_I=zoom_blur_S=3,tt18816518,tt18816518.jpg,comedy,horror
imdb,all_I=zoom_blur_S=3,tt10872600,tt10872600.jpg,action,action
imdb,all_I=zoom_blur_S=3,tt9580138,tt9580138.jpg,action,action
imdb,all_I=zoom_blur_S=3,tt3152592,tt3152592.jpg,comedy,comedy
imdb,all_I=zoom_blur_S=3,tt9685342,tt9685342.jpg,action,action
imdb,all_I=zoom_blur_S=3,tt8640928,tt8640928.jpg,horror,horror
imdb,all_I=zoom_blur_S=3,tt15486810,tt15486810.jpg,horror,action
imdb,all_I=zoom_blur_S=3,tt8851148,tt8851148.jpg,romance,romance
imdb,all_I=zoom_blur_S=3,tt4472508,tt4472508.jpg,action,action
imdb,all_I=zoom_blur_S=3,tt10362566,tt10362566.jpg,horror,horror
imdb,all_I=zoom_blur_S=3,tt4411584,tt4411584.jpg,comedy,romance
imdb,all_I=zoom_blur_S=3,tt10999120,tt10999120.jpg,comedy,comedy
imdb,all_I=zoom_blur_S=3,tt7713068,tt7713068.jpg,action,action
imdb,all_I=zoom_blur_S=3,tt21913634,tt21913634.jpg,horror,horror
imdb,all_I=zoom_blur_S=3,tt12593682,tt12593682.jpg,action,comedy
imdb,all_I=zoom_blur_S=3,tt9314984,tt9314984.jpg,horror,horror
imdb,all_I=zoom_blur_S=3,tt10935956,tt10935956.jpg,action,action
imdb,all_I=zoom_blur_S=3,tt6902332,tt6902332.jpg,action,action
imdb,all_I=zoom_blur_S=3,tt13444014,tt13444014.jpg,romance,romance
imdb,all_I=zoom_blur_S=3,tt11394332,tt11394332.jpg,horror,comedy
imdb,all_I=zoom_blur_S=3,tt6506264,tt6506264.jpg,horror,action
imdb,all_I=zoom_blur_S=3,tt14905650,tt14905650.jpg,horror,horror
imdb,all_I=zoom_blur_S=3,tt9701942,tt9701942.jpg,horror,horror
imdb,all_I=zoom_blur_S=3,tt7510346,tt7510346.jpg,horror,horror
imdb,all_I=zoom_blur_S=3,tt10399608,tt10399608.jpg,horror,horror
imdb,all_I=zoom_blur_S=3,tt14462452,tt14462452.jpg,horror,horror
imdb,all_I=zoom_blur_S=3,tt13345606,tt13345606.jpg,horror,horror
imdb,all_I=zoom_blur_S=3,tt3463938,tt3463938.jpg,horror,horror
imdb,all_I=zoom_blur_S=3,tt15268244,tt15268244.jpg,comedy,comedy
imdb,all_I=zoom_blur_S=3,tt3986420,tt3986420.jpg,romance,romance
imdb,all_I=zoom_blur_S=3,tt7097896,tt7097896.jpg,horror,action
imdb,all_I=zoom_blur_S=3,tt10665342,tt10665342.jpg,horror,horror
imdb,all_I=zoom_blur_S=3,tt1464335,tt1464335.jpg,action,action
imdb,all_I=zoom_blur_S=3,tt12965390,tt12965390.jpg,action,action
imdb,all_I=zoom_blur_S=3,tt3885422,tt3885422.jpg,action,horror
imdb,all_I=zoom_blur_S=3,tt5867314,tt5867314.jpg,horror,horror
imdb,all_I=zoom_blur_S=3,tt10957044,tt10957044.jpg,action,action
imdb,all_I=zoom_blur_S=3,tt10530176,tt10530176.jpg,horror,horror
imdb,all_I=zoom_blur_S=3,tt22394702,tt22394702.jpg,comedy,action
imdb,all_I=zoom_blur_S=3,tt7178640,tt7178640.jpg,comedy,romance
imdb,all_I=zoom_blur_S=3,tt8004664,tt8004664.jpg,horror,horror
imdb,all_I=zoom_blur_S=3,tt13453006,tt13453006.jpg,comedy,comedy
imdb,all_I=zoom_blur_S=3,tt7146812,tt7146812.jpg,comedy,action
imdb,all_I=zoom_blur_S=3,tt11540726,tt11540726.jpg,horror,horror
imdb,all_I=zoom_blur_S=3,tt14428606,tt14428606.jpg,romance,romance
imdb,all_I=zoom_blur_S=3,tt15791034,tt15791034.jpg,horror,horror
imdb,all_I=zoom_blur_S=3,tt1634106,tt1634106.jpg,action,action
imdb,all_I=zoom_blur_S=3,tt10275534,tt10275534.jpg,horror,action
imdb,all_I=zoom_blur_S=3,tt17196124,tt17196124.jpg,horror,horror
imdb,all_I=zoom_blur_S=3,tt10648342,tt10648342.jpg,action,action
imdb,all_I=zoom_blur_S=3,tt10327252,tt10327252.jpg,horror,horror
imdb,all_I=zoom_blur_S=3,tt10107222,tt10107222.jpg,comedy,romance
imdb,all_I=zoom_blur_S=3,tt10242388,tt10242388.jpg,horror,action
imdb,all_I=zoom_blur_S=3,tt11998558,tt11998558.jpg,comedy,action
imdb,all_I=zoom_blur_S=3,tt11291274,tt11291274.jpg,action,action
imdb,all_I=zoom_blur_S=3,tt23806182,tt23806182.jpg,romance,romance
imdb,all_I=zoom_blur_S=3,tt3797512,tt3797512.jpg,comedy,comedy
imdb,all_I=zoom_blur_S=3,tt11947100,tt11947100.jpg,comedy,romance
imdb,all_I=zoom_blur_S=3,tt26453759,tt26453759.jpg,horror,horror
imdb,all_I=zoom_blur_S=3,tt15944018,tt15944018.jpg,comedy,comedy
imdb,all_I=zoom_blur_S=3,tt21276878,tt21276878.jpg,comedy,comedy
imdb,all_I=zoom_blur_S=3,tt9100018,tt9100018.jpg,horror,horror
imdb,all_I=zoom_blur_S=3,tt13270838,tt13270838.jpg,action,action
imdb,all_I=zoom_blur_S=3,tt12676326,tt12676326.jpg,drama,romance
imdb,all_I=zoom_blur_S=3,tt10101702,tt10101702.jpg,comedy,comedy
imdb,all_I=zoom_blur_S=3,tt3963226,tt3963226.jpg,horror,horror
imdb,all_I=zoom_blur_S=3,tt13392012,tt13392012.jpg,horror,horror
imdb,all_I=zoom_blur_S=3,tt5500218,tt5500218.jpg,action,action
imdb,all_I=zoom_blur_S=3,tt0805647,tt0805647.jpg,horror,comedy
imdb,all_I=zoom_blur_S=3,tt28568397,tt28568397.jpg,comedy,comedy
imdb,all_I=zoom_blur_S=3,tt7545266,tt7545266.jpg,comedy,comedy
imdb,all_I=zoom_blur_S=3,tt6222118,tt6222118.jpg,action,action
imdb,all_I=zoom_blur_S=3,tt19896150,tt19896150.jpg,horror,horror
imdb,all_I=zoom_blur_S=3,tt15334488,tt15334488.jpg,romance,romance
imdb,all_I=zoom_blur_S=3,tt0993840,tt0993840.jpg,horror,action
imdb,all_I=zoom_blur_S=3,tt2953050,tt2953050.jpg,animation,comedy
imdb,all_I=zoom_blur_S=3,tt6703486,tt6703486.jpg,romance,action
imdb,all_I=zoom_blur_S=3,tt5315210,tt5315210.jpg,horror,action
imdb,all_I=zoom_blur_S=3,tt3447590,tt3447590.jpg,comedy,comedy
imdb,all_I=zoom_blur_S=3,tt3679040,tt3679040.jpg,comedy,romance
imdb,all_I=zoom_blur_S=3,tt24655170,tt24655170.jpg,horror,horror
imdb,all_I=zoom_blur_S=3,tt12361974,tt12361974.jpg,action,action
imdb,all_I=zoom_blur_S=3,tt12672536,tt12672536.jpg,action,action
imdb,all_I=zoom_blur_S=3,tt4136456,tt4136456.jpg,action,action
imdb,all_I=zoom_blur_S=3,tt10329614,tt10329614.jpg,horror,horror
imdb,all_I=zoom_blur_S=3,tt6246322,tt6246322.jpg,horror,horror
imdb,all_I=zoom_blur_S=3,tt13405778,tt13405778.jpg,horror,horror
imdb,all_I=zoom_blur_S=3,tt9731534,tt9731534.jpg,horror,horror
imdb,all_I=zoom_blur_S=3,tt9362930,tt9362930.jpg,action,action
imdb,all_I=zoom_blur_S=3,tt1361336,tt1361336.jpg,comedy,comedy
imdb,all_I=zoom_blur_S=3,tt15553956,tt15553956.jpg,romance,comedy
imdb,all_I=zoom_blur_S=3,tt21307994,tt21307994.jpg,horror,horror
imdb,all_I=zoom_blur_S=3,tt10954652,tt10954652.jpg,horror,horror
imdb,all_I=zoom_blur_S=3,tt23050520,tt23050520.jpg,horror,horror
imdb,all_I=zoom_blur_S=3,tt5090568,tt5090568.jpg,action,action
imdb,all_I=zoom_blur_S=3,tt12440964,tt12440964.jpg,drama,romance
imdb,all_I=zoom_blur_S=3,tt6668220,tt6668220.jpg,horror,horror
imdb,all_I=zoom_blur_S=3,tt11274492,tt11274492.jpg,comedy,action
imdb,all_I=zoom_blur_S=3,tt10023022,tt10023022.jpg,horror,action
imdb,all_I=zoom_blur_S=3,tt10160976,tt10160976.jpg,horror,horror
imdb,all_I=zoom_blur_S=3,tt13318942,tt13318942.jpg,horror,horror
imdb,all_I=zoom_blur_S=3,tt4479380,tt4479380.jpg,action,action
imdb,all_I=zoom_blur_S=3,tt13872248,tt13872248.jpg,horror,horror
imdb,all_I=zoom_blur_S=3,tt12944128,tt12944128.jpg,horror,romance
imdb,all_I=zoom_blur_S=3,tt24786154,tt24786154.jpg,romance,romance
imdb,all_I=zoom_blur_S=3,tt7126948,tt7126948.jpg,action,action
imdb,all_I=zoom_blur_S=3,tt6587640,tt6587640.jpg,comedy,comedy
imdb,all_I=zoom_blur_S=3,tt12298140,tt12298140.jpg,horror,horror
imdb,all_I=zoom_blur_S=3,tt4589218,tt4589218.jpg,horror,horror
imdb,all_I=zoom_blur_S=3,tt14158554,tt14158554.jpg,action,action
imdb,all_I=zoom_blur_S=3,tt9205538,tt9205538.jpg,horror,romance
imdb,all_I=zoom_blur_S=3,tt11365186,tt11365186.jpg,romance,romance
imdb,all_I=zoom_blur_S=3,tt14438964,tt14438964.jpg,comedy,comedy
imdb,all_I=zoom_blur_S=3,tt12261776,tt12261776.jpg,action,action
imdb,all_I=zoom_blur_S=3,tt9894660,tt9894660.jpg,comedy,comedy
imdb,all_I=zoom_blur_S=3,tt7212754,tt7212754.jpg,comedy,action
imdb,all_I=zoom_blur_S=3,tt15327088,tt15327088.jpg,action,action
imdb,all_I=zoom_blur_S=3,tt7099280,tt7099280.jpg,action,romance
imdb,all_I=zoom_blur_S=3,tt27564994,tt27564994.jpg,horror,horror
imdb,all_I=zoom_blur_S=3,tt14857730,tt14857730.jpg,action,action
imdb,all_I=zoom_blur_S=3,tt1517268,tt1517268.jpg,comedy,comedy
imdb,all_I=zoom_blur_S=3,tt10978398,tt10978398.jpg,action,action
imdb,all_I=zoom_blur_S=3,tt4081630,tt4081630.jpg,comedy,romance
imdb,all_I=zoom_blur_S=3,tt10323676,tt10323676.jpg,action,action
imdb,all_I=zoom_blur_S=3,tt5108870,tt5108870.jpg,horror,horror
imdb,all_I=zoom_blur_S=3,tt6673612,tt6673612.jpg,comedy,comedy
imdb,all_I=zoom_blur_S=3,tt6020800,tt6020800.jpg,action,action
imdb,all_I=zoom_blur_S=3,tt9340916,tt9340916.jpg,horror,horror
imdb,all_I=zoom_blur_S=3,tt15552494,tt15552494.jpg,horror,horror
imdb,all_I=zoom_blur_S=3,tt11012066,tt11012066.jpg,comedy,comedy
imdb,all_I=zoom_blur_S=3,tt14309446,tt14309446.jpg,comedy,comedy
imdb,all_I=zoom_blur_S=3,tt11310608,tt11310608.jpg,comedy,romance
imdb,all_I=zoom_blur_S=3,tt12298506,tt12298506.jpg,horror,horror
imdb,all_I=zoom_blur_S=3,tt14308636,tt14308636.jpg,comedy,comedy
imdb,all_I=zoom_blur_S=3,tt10161886,tt10161886.jpg,comedy,comedy
