dataset,split,sample_id,file,prediction,label
voxceleb,dev,id02196/W3agYTrbbZ4/00043,00043.mp4,The-Republic-of-Ireland,Brazil
voxceleb,dev,id07771/QGQbnD8sg2k/00048,00048.mp4,The-United-Kingdom-1,Sweden
voxceleb,dev,id06221/qke5SvOm878/00162,00162.mp4,The-United-Kingdom-1,Sweden
voxceleb,dev,id04726/5a2nIRb3hko/00047,00047.mp4,Japan,The-United-States-of-America
voxceleb,dev,id03283/hhsh50exl0Q/00248,00248.mp4,The-United-Kingdom-1,Germany
voxceleb,dev,id03705/i0qsiebseOk/00368,00368.mp4,The-United-Kingdom-1,The-United-States-of-America
voxceleb,dev,id07107/ZY8Zf5UX7f0/00095,00095.mp4,The-United-States-of-America,The-United-States-of-America
voxceleb,dev,id01192/wBBaxV9RcJ4/00245,00245.mp4,The-United-Kingdom-1,The-United-States-of-America
voxceleb,dev,id08468/6rsXeKG3-Wk/00023,00023.mp4,The-United-Kingdom-1,The-United-States-of-America
voxceleb,dev,id06648/C3zBMRdbFVQ/00025,00025.mp4,The-United-Kingdom-1,Norway
voxceleb,dev,id06178/kQ0UwzPhv1g/00141,00141.mp4,The-Republic-of-Ireland,Germany
voxceleb,dev,id08754/5A5VmBIO0D8/00034,00034.mp4,The-United-Kingdom-1,Spain
voxceleb,dev,id04419/D4Ezrilrbzo/00060,00060.mp4,India,India
voxceleb,dev,id06818/pQ1cboWf458/00030,00030.mp4,The-United-States-of-America,Canada
voxceleb,dev,id01328/bqgPAg_8z9g/00196,00196.mp4,The-United-States-of-America,Australia
voxceleb,dev,id08458/5pLTihQ6KRI/00012,00012.mp4,Spain,Spain
voxceleb,dev,id04748/7fFboGeAprk/00057,00057.mp4,The-United-Kingdom-1,Denmark
voxceleb,dev,id03027/AtavJVP4bCk/00030,00030.mp4,The-United-Kingdom-1,Canada
voxceleb,dev,id06347/MbA2Wc-4ctQ/00181,00181.mp4,The-United-States-of-America,The-United-States-of-America
voxceleb,dev,id05483/XrNVpEFMNKk/00065,00065.mp4,The-Republic-of-Ireland,Kingdom-of-the-Netherlands
voxceleb,dev,id07446/k7jageRIYio/00266,00266.mp4,The-Republic-of-Ireland,Italy
voxceleb,dev,id07545/UA_ZRcc1eLo/00146,00146.mp4,The-United-Kingdom-1,The-United-Kingdom-1
voxceleb,dev,id04076/lMu5kgdibtg/00094,00094.mp4,The-Republic-of-Ireland,The-United-States-of-America
voxceleb,dev,id03304/jsbdvTwDL_Y/00293,00293.mp4,The-United-Kingdom-1,The-United-States-of-America
voxceleb,dev,id06988/6rMpVe4koVM/00153,00153.mp4,Singapore,Germany
voxceleb,dev,id02598/mbxYSSfscqE/00311,00311.mp4,Germany,Germany
voxceleb,dev,id08981/6wt46kVCqow/00070,00070.mp4,The-United-Kingdom-1,The-United-States-of-America
voxceleb,dev,id02956/pFBqT9pHnzE/00312,00312.mp4,The-United-Kingdom-1,Canada
voxceleb,dev,id08609/6saBTa8HIe0/00020,00020.mp4,The-United-Kingdom-1,The-United-States-of-America
voxceleb,dev,id07582/0YfKN8s8_nI/00009,00009.mp4,The-United-Kingdom-1,The-United-Kingdom-1
voxceleb,dev,id03435/WUvJHbM9GpU/00142,00142.mp4,The-Republic-of-Ireland,Germany
voxceleb,dev,id04736/u-Oq0U4NXVM/00116,00116.mp4,The-United-Kingdom-1,The-United-States-of-America
voxceleb,dev,id08335/HFGFDk7yqFk/00098,00098.mp4,The-United-Kingdom-1,The-United-States-of-America
voxceleb,dev,id05023/afitsZS7-ho/00089,00089.mp4,The-United-Kingdom-1,The-United-Kingdom-1
voxceleb,dev,id01163/QTHr-dw_FvM/00220,00220.mp4,The-United-States-of-America,The-United-States-of-America
voxceleb,dev,id02015/kDLWXhTSyKc/00379,00379.mp4,The-United-States-of-America,The-United-States-of-America
voxceleb,dev,id07164/Bj1U5axZS8o/00074,00074.mp4,The-United-States-of-America,The-United-States-of-America
voxceleb,dev,id06044/gH9YUYTZAdE/00071,00071.mp4,The-Republic-of-Ireland,France
voxceleb,dev,id04151/BHbTOVo4cKM/00075,00075.mp4,The-United-Kingdom-1,The-United-States-of-America
voxceleb,dev,id04715/PDqQ3uXH2Ww/00120,00120.mp4,The-Republic-of-Ireland,The-United-Kingdom-1
voxceleb,dev,id05577/NrXb-TbhGvA/00112,00112.mp4,The-United-Kingdom-1,Poland
voxceleb,dev,id00344/s9kjoZvySq4/00325,00325.mp4,The-United-Kingdom-1,Canada
voxceleb,dev,id03577/J76h99UtoFI/00081,00081.mp4,The-United-Kingdom-1,Denmark
voxceleb,dev,id06113/SFrLlsPqKaU/00044,00044.mp4,The-Republic-of-Ireland,Chile
voxceleb,dev,id01190/zwgh-VILDxs/00371,00371.mp4,The-United-Kingdom-1,The-United-Kingdom-1
voxceleb,dev,id06495/s9e92UuIQG4/00292,00292.mp4,The-United-Kingdom-1,The-Republic-of-Ireland
voxceleb,dev,id08809/ISeNSmy5Bmc/00045,00045.mp4,Jamaica,The-United-States-of-America
voxceleb,dev,id02053/qMW7PZ0Qu6Y/00458,00458.mp4,The-United-States-of-America,The-United-States-of-America
voxceleb,dev,id04821/H8yh5Ri2nd8/00108,00108.mp4,The-United-Kingdom-1,The-United-Kingdom-1
voxceleb,dev,id00373/ok6xXsAL2-0/00219,00219.mp4,The-United-Kingdom-1,The-United-States-of-America
voxceleb,dev,id01739/Csd3XV-kYQ4/00067,00067.mp4,The-Republic-of-Ireland,Germany
voxceleb,dev,id09035/H-4HuEPNWio/00142,00142.mp4,The-United-Kingdom-1,Germany
voxceleb,dev,id04419/9RjuKhde-6Q/00049,00049.mp4,India,India
voxceleb,dev,id02351/sOXWYbszPQs/00399,00399.mp4,The-United-Kingdom-1,The-United-Kingdom-1
voxceleb,dev,id07170/wAaMfGjBLC4/00101,00101.mp4,The-United-Kingdom-1,Canada
voxceleb,dev,id08749/3w7Puaot2fw/00044,00044.mp4,The-United-Kingdom-1,Germany
voxceleb,dev,id08613/Lb8kGpAPOKU/00033,00033.mp4,The-Philippines-1,The-Philippines-1
voxceleb,dev,id05520/1b7p0aeHjtw/00002,00002.mp4,The-United-Kingdom-1,Germany
voxceleb,dev,id08280/RMvscdOYdNQ/00204,00204.mp4,The-United-States-of-America,The-United-States-of-America
voxceleb,dev,id03483/3pJDPHKXK8w/00001,00001.mp4,China,Cambodia
voxceleb,dev,id07284/NL7WpTPKbBQ/00083,00083.mp4,The-United-Kingdom-1,Germany
voxceleb,dev,id06378/cd39grd8le8/00311,00311.mp4,The-United-Kingdom-1,Australia
voxceleb,dev,id06536/VrWaIr85jsY/00112,00112.mp4,The-United-Kingdom-1,The-United-Kingdom-1
voxceleb,dev,id06384/VuTHngw5ifY/00028,00028.mp4,The-United-Kingdom-1,The-United-Kingdom-1
voxceleb,dev,id00274/lNzi01N5cYo/00224,00224.mp4,The-United-Kingdom-1,Germany
voxceleb,dev,id00902/7KHi1sbMg98/00053,00053.mp4,The-United-Kingdom-1,The-United-States-of-America
voxceleb,dev,id08066/GjPrpKyKDrU/00084,00084.mp4,The-United-States-of-America,The-United-States-of-America
voxceleb,dev,id01667/Vq8P17ct7KI/00195,00195.mp4,The-Republic-of-Ireland,Austria
voxceleb,dev,id00904/3zj_KPlnYow/00020,00020.mp4,The-United-States-of-America,The-United-States-of-America
voxceleb,dev,id07708/ZtpUeuO52U4/00240,00240.mp4,The-United-Kingdom-1,The-United-Kingdom-1
voxceleb,dev,id06378/N5ntH_vXbUQ/00241,00241.mp4,The-United-Kingdom-1,Australia
voxceleb,dev,id06239/8lTvn4_D53g/00072,00072.mp4,The-United-Kingdom-1,Germany
voxceleb,dev,id00823/qnRtE8aY_cU/00350,00350.mp4,The-United-Kingdom-1,The-United-States-of-America
voxceleb,dev,id08039/Txa4X29FHtY/00095,00095.mp4,Iran,Canada
voxceleb,dev,id03696/ZFoQcC6R7wY/00302,00302.mp4,The-United-Kingdom-1,The-United-Kingdom-1
voxceleb,dev,id04758/P8KChmG0d08/00022,00022.mp4,The-United-States-of-America,The-United-States-of-America
voxceleb,dev,id04195/FF_6wjd43uc/00146,00146.mp4,The-United-States-of-America,The-United-States-of-America
voxceleb,dev,id06855/r8rMQ4GE1yw/00118,00118.mp4,The-United-Kingdom-1,The-United-Kingdom-1
voxceleb,dev,id01038/_dSknPTeKtM/00152,00152.mp4,India,Pakistan
voxceleb,dev,id06765/950VxwT2cr4/00045,00045.mp4,The-United-Kingdom-1,The-United-Kingdom-1
voxceleb,dev,id00090/JidN8ClxurY/00021,00021.mp4,The-United-Kingdom-1,Spain
voxceleb,dev,id00521/G233R93CghU/00135,00135.mp4,The-United-States-of-America,The-United-Kingdom-1
voxceleb,dev,id08180/gg_3npZ31oo/00151,00151.mp4,India,India
voxceleb,dev,id05310/_kCR_Dojbjg/00014,00014.mp4,The-United-Kingdom-1,Brazil
voxceleb,dev,id04180/j03yWtz53O4/00050,00050.mp4,The-United-States-of-America,France
voxceleb,dev,id04080/mu8DGPOlY_I/00298,00298.mp4,The-United-Kingdom-1,The-United-States-of-America
voxceleb,dev,id03056/lAcvPk8NbkM/00063,00063.mp4,The-United-Kingdom-1,Kingdom-of-the-Netherlands
voxceleb,dev,id01021/Bsoobqk4gqc/00023,00023.mp4,India,unknown
voxceleb,dev,id08919/n98DUVhlg4k/00416,00416.mp4,India,India
voxceleb,dev,id08003/jOvjFw6WoWo/00268,00268.mp4,The-United-Kingdom-1,Scotland
voxceleb,dev,id02239/6uBPFmeIah8/00093,00093.mp4,India,India
voxceleb,dev,id08804/PinU0zwT1jw/00162,00162.mp4,The-United-Kingdom-1,The-United-States-of-America
voxceleb,dev,id04222/EAw7MSynKF8/00078,00078.mp4,China,The-United-States-of-America
voxceleb,dev,id05940/l2Dm-WmaIFI/00084,00084.mp4,Iran,Lebanon
voxceleb,dev,id04652/gmMheOLDOnA/00246,00246.mp4,The-United-States-of-America,The-United-States-of-America
voxceleb,dev,id05100/4oRvdwrDAGY/00021,00021.mp4,The-United-Kingdom-1,The-United-Kingdom-1
voxceleb,dev,id06482/TstEDIvIy48/00217,00217.mp4,The-United-Kingdom-1,The-United-States-of-America
voxceleb,dev,id02490/GEjzHL4u-WQ/00046,00046.mp4,The-United-Kingdom-1,Spain
voxceleb,dev,id02015/q6ZD_1XwvGE/00446,00446.mp4,The-United-Kingdom-1,The-United-States-of-America
voxceleb,dev,id02829/NqiMvyGhouk/00040,00040.mp4,The-United-Kingdom-1,France
voxceleb,dev,id04314/bxMuRvVq6nU/00084,00084.mp4,The-United-Kingdom-1,Argentina
voxceleb,dev,id02055/Ebg-qzX90q4/00069,00069.mp4,The-United-Kingdom-1,The-Czech-Republic-1
voxceleb,dev,id01662/VM6qUrcJ7f8/00169,00169.mp4,The-United-Kingdom-1,Canada
voxceleb,dev,id06320/yUlH3KwwtIU/00124,00124.mp4,The-United-Kingdom-1,Germany
voxceleb,dev,id00794/7AsU_7XR6R0/00055,00055.mp4,The-United-Kingdom-1,Italy
voxceleb,dev,id07679/ofOb5Ed-x8U/00057,00057.mp4,The-United-Kingdom-1,Germany
voxceleb,dev,id05054/zdWUlY60R6E/00408,00408.mp4,The-United-Kingdom-1,The-United-States-of-America
voxceleb,dev,id09051/7KyHrcfgUSU/00126,00126.mp4,The-United-Kingdom-1,France
voxceleb,dev,id08080/xWSBW5E1cBg/00458,00458.mp4,The-United-Kingdom-1,The-United-Kingdom-1
voxceleb,dev,id04643/eGyWm_D2XuU/00143,00143.mp4,The-United-Kingdom-1,Belgium
voxceleb,dev,id08802/Hxmk484VG-Q/00097,00097.mp4,The-United-Kingdom-1,France
voxceleb,dev,id01772/FUB9--KKijc/00076,00076.mp4,France,The-United-States-of-America
voxceleb,dev,id00066/dascDYtHzHo/00057,00057.mp4,The-United-Kingdom-1,The-United-States-of-America
voxceleb,dev,id05875/aZrW2AN8p90/00254,00254.mp4,The-United-Kingdom-1,The-United-Kingdom-1
voxceleb,dev,id02943/2OhlHelknwI/00007,00007.mp4,The-United-Kingdom-1,Austria
voxceleb,dev,id06958/OjbK6f6A__A/00130,00130.mp4,The-United-Kingdom-1,The-Czech-Republic-1
voxceleb,dev,id05186/7Dj0mVx2e_g/00002,00002.mp4,South-Africa,South-Africa
voxceleb,dev,id00664/WTo8IvqoHBM/00218,00218.mp4,The-United-Kingdom-1,Kingdom-of-the-Netherlands
voxceleb,dev,id06351/mV08qrXyVxI/00403,00403.mp4,The-United-States-of-America,The-United-States-of-America
voxceleb,dev,id01315/Mx9LYZxydPY/00149,00149.mp4,The-United-States-of-America,The-United-States-of-America
voxceleb,dev,id02260/TM9NWmwBgm4/00173,00173.mp4,The-United-Kingdom-1,France
voxceleb,dev,id09186/Ygo2JFKtIWY/00359,00359.mp4,The-Republic-of-Ireland,Bosnia-and-Herzegovina
voxceleb,dev,id00715/T0Y0CG1Q9cU/00103,00103.mp4,The-United-Kingdom-1,Italy
voxceleb,dev,id05957/h9o5Zx7m4Fs/00276,00276.mp4,Ghana,The-United-States-of-America
voxceleb,dev,id04358/fw4jhO7I4h0/00315,00315.mp4,The-United-Kingdom-1,Portugal
voxceleb,dev,id00062/bnSxv4-8gxA/00295,00295.mp4,The-United-States-of-America,The-United-States-of-America
voxceleb,dev,id08043/GEeYwwGqEKg/00015,00015.mp4,Israel,The-United-Kingdom-1
voxceleb,dev,id07495/nPXFiJbQY8Q/00134,00134.mp4,The-United-States-of-America,The-United-States-of-America
voxceleb,dev,id00544/x2-YAiVOJv4/00067,00067.mp4,The-Republic-of-Ireland,France
voxceleb,dev,id07660/RajNrsmisS0/00131,00131.mp4,The-United-Kingdom-1,France
voxceleb,dev,id09232/gvPhCWNTuEE/00402,00402.mp4,The-United-Kingdom-1,France
voxceleb,dev,id00752/B0eKWy8NF3w/00057,00057.mp4,The-United-States-of-America,The-United-States-of-America
voxceleb,dev,id05623/UXUHOpRirtg/00074,00074.mp4,The-United-Kingdom-1,Canada
voxceleb,dev,id05334/y5DYHKTo2Wc/00237,00237.mp4,The-United-Kingdom-1,Argentina
voxceleb,dev,id05161/BjJ3rAcN89U/00026,00026.mp4,The-United-Kingdom-1,unknown
voxceleb,dev,id04207/4DhBpNvdZ4w/00052,00052.mp4,The-United-States-of-America,The-United-States-of-America
voxceleb,dev,id06371/dXfaX3S4NjU/00075,00075.mp4,The-United-Kingdom-1,Spain
voxceleb,dev,id06798/vA3ha6cxJFo/00365,00365.mp4,Brazil,Germany
voxceleb,dev,id05092/ZasEkvrwPXI/00109,00109.mp4,The-United-Kingdom-1,Norway
voxceleb,dev,id07771/XemsXEu3fEE/00100,00100.mp4,The-United-States-of-America,Sweden
voxceleb,dev,id00978/US_r6mdbTNo/00207,00207.mp4,The-United-Kingdom-1,The-United-States-of-America
voxceleb,dev,id01002/KDzawV6B1vU/00015,00015.mp4,The-Republic-of-Ireland,The-United-States-of-America
voxceleb,dev,id08634/0d5ea3wVczg/00021,00021.mp4,The-United-Kingdom-1,The-Czech-Republic-1
voxceleb,dev,id03966/5KFhJR2Tt6g/00047,00047.mp4,The-United-Kingdom-1,The-United-States-of-America
voxceleb,dev,id06436/S2uu4uiiEYg/00007,00007.mp4,India,India
voxceleb,dev,id02462/epBc0ZOT3xA/00299,00299.mp4,The-United-States-of-America,The-United-States-of-America
voxceleb,dev,id05994/ZZd78r7KP3g/00255,00255.mp4,The-United-States-of-America,The-United-States-of-America
voxceleb,dev,id07556/oYO--oaP_lU/00392,00392.mp4,The-United-Kingdom-1,The-United-Kingdom-1
voxceleb,dev,id07398/ims30oFnmfg/00033,00033.mp4,The-United-States-of-America,The-United-States-of-America
voxceleb,dev,id05721/4Sk89afwzj0/00011,00011.mp4,The-United-Kingdom-1,The-United-States-of-America
voxceleb,dev,id08464/O5gzdrbYx5o/00215,00215.mp4,The-United-Kingdom-1,Croatia
voxceleb,dev,id00558/TIrdyYe4r1E/00184,00184.mp4,The-United-Kingdom-1,The-United-Kingdom-1
voxceleb,dev,id05227/fnmUVfrpwVE/00211,00211.mp4,The-United-Kingdom-1,The-United-States-of-America
voxceleb,dev,id04198/cCXdnV4KOKk/00312,00312.mp4,The-United-Kingdom-1,The-United-States-of-America
voxceleb,dev,id08348/i6SOG4hq_7g/00339,00339.mp4,The-United-States-of-America,The-United-States-of-America
voxceleb,dev,id06713/3wu5JDNe8jA/00014,00014.mp4,India,India
voxceleb,dev,id07560/0Goj-H6epUQ/00014,00014.mp4,The-United-Kingdom-1,The-United-Kingdom-1
voxceleb,dev,id07332/fV41pkN-K9A/00358,00358.mp4,The-United-Kingdom-1,The-United-Kingdom-1
voxceleb,dev,id01160/BawVAAJJhzY/00180,00180.mp4,The-United-States-of-America,Canada
voxceleb,dev,id02052/VZl5JgRe_1s/00146,00146.mp4,The-United-States-of-America,The-United-States-of-America
voxceleb,dev,id08904/Isg7whGW88U/00161,00161.mp4,The-United-Kingdom-1,The-United-States-of-America
voxceleb,dev,id02508/n_KFjVlYb0Y/00162,00162.mp4,The-United-Kingdom-1,The-United-Kingdom-1
voxceleb,dev,id05341/rJeaESFGs6A/00146,00146.mp4,Brazil,Brazil
voxceleb,dev,id08261/T8sinCViog0/00246,00246.mp4,Japan,The-United-States-of-America
voxceleb,dev,id03768/OvZtvWccdj8/00090,00090.mp4,The-United-Kingdom-1,The-United-Kingdom-1
voxceleb,dev,id08244/bFAjaTtEoYM/00166,00166.mp4,The-United-Kingdom-1,The-United-Kingdom-1
voxceleb,dev,id00033/CNdt1lNvIZ8/00041,00041.mp4,India,India
voxceleb,dev,id08249/8RcWsVyqCDg/00030,00030.mp4,The-United-Kingdom-1,The-United-Kingdom-1
voxceleb,dev,id02157/QIGL6jYKiZY/00277,00277.mp4,India,The-United-States-of-America
voxceleb,dev,id05588/Xha_jF0LR7k/00044,00044.mp4,The-United-Kingdom-1,Finland
voxceleb,dev,id02857/i-qGGKV9YY4/00013,00013.mp4,The-United-Kingdom-1,France
voxceleb,dev,id02299/8XuEn_RWAUI/00062,00062.mp4,The-United-States-of-America,The-United-States-of-America
voxceleb,dev,id08937/w83bPl5wlLA/00442,00442.mp4,The-United-Kingdom-1,The-United-States-of-America
voxceleb,dev,id03088/vZctTE7QAMs/00443,00443.mp4,The-United-Kingdom-1,The-United-States-of-America
voxceleb,dev,id07019/y9jwPjlME9Y/00304,00304.mp4,The-United-Kingdom-1,France
voxceleb,dev,id08549/1E_dxrz7I2c/00022,00022.mp4,The-United-Kingdom-1,The-United-States-of-America
voxceleb,dev,id08676/VGKx3vzojtc/00134,00134.mp4,The-United-Kingdom-1,The-United-States-of-America
voxceleb,dev,id08080/kUXkZrT51rk/00407,00407.mp4,The-United-Kingdom-1,The-United-Kingdom-1
voxceleb,dev,id06242/7NyOP-YWGtc/00025,00025.mp4,The-United-Kingdom-1,The-United-States-of-America
voxceleb,dev,id01614/T3xZbg9_Xgo/00200,00200.mp4,The-United-Kingdom-1,The-United-States-of-America
voxceleb,dev,id01050/a2oXK_yo74E/00127,00127.mp4,The-United-Kingdom-1,The-United-States-of-America
voxceleb,dev,id03529/43akdcG04QA/00001,00001.mp4,The-Republic-of-Ireland,Kingdom-of-the-Netherlands
voxceleb,dev,id07299/EGD46jNLg-E/00182,00182.mp4,The-United-States-of-America,The-United-States-of-America
voxceleb,dev,id04009/RgKZr19Znxg/00070,00070.mp4,The-Republic-of-Ireland,Kingdom-of-the-Netherlands
voxceleb,dev,id04559/BXlub_aeeHY/00102,00102.mp4,Israel,The-United-Kingdom-1
voxceleb,dev,id08144/CLJ35L4wl3o/00019,00019.mp4,India,India
voxceleb,dev,id03304/YhPXzUQcLWU/00193,00193.mp4,The-United-Kingdom-1,The-United-States-of-America
voxceleb,dev,id01384/GbBuQsufgvA/00018,00018.mp4,Jordan-215,Mexico
voxceleb,dev,id06070/pbRh9iLFuQc/00377,00377.mp4,The-Republic-of-Ireland,France
voxceleb,dev,id00823/YyB27GKQ57k/00187,00187.mp4,The-United-Kingdom-1,The-United-States-of-America
voxceleb,dev,id06148/mOmf-616xIY/00032,00032.mp4,The-United-States-of-America,Germany
voxceleb,dev,id01371/3pFOPZToGS0/00004,00004.mp4,The-United-States-of-America,Brazil
voxceleb,dev,id04132/jq-ZpQX2kGo/00067,00067.mp4,The-Republic-of-Ireland,The-United-States-of-America
voxceleb,dev,id03125/CLok9aZKCV4/00049,00049.mp4,The-United-Kingdom-1,Kingdom-of-the-Netherlands
voxceleb,dev,id03016/bGzDedF-sYo/00069,00069.mp4,The-Republic-of-Ireland,Australia
voxceleb,dev,id07723/WPiLxsgvzEE/00125,00125.mp4,The-Republic-of-Ireland,The-United-Kingdom-1
voxceleb,dev,id01993/ZY47DQdQ1gM/00081,00081.mp4,The-United-Kingdom-1,The-Republic-of-Ireland
voxceleb,dev,id04730/o9kHP9JIc9I/00167,00167.mp4,The-United-Kingdom-1,Australia
voxceleb,dev,id07019/1xdShyCRTYY/00003,00003.mp4,The-United-Kingdom-1,France
voxceleb,dev,id03907/rzxk8fIEebA/00477,00477.mp4,The-United-Kingdom-1,France
voxceleb,dev,id04357/oSPobmN8oHk/00077,00077.mp4,Spain,Spain
voxceleb,dev,id04968/5ts97UDuNo8/00058,00058.mp4,The-United-Kingdom-1,The-United-States-of-America
voxceleb,dev,id00015/Jf2SpxRNlrk/00196,00196.mp4,South-Africa,South-Africa
voxceleb,dev,id07848/huXAgA7WkOM/00143,00143.mp4,The-United-States-of-America,The-United-States-of-America
voxceleb,dev,id08249/wRoVz_FdAEU/00464,00464.mp4,The-United-Kingdom-1,The-United-Kingdom-1
voxceleb,dev,id08611/yhhh5BTUAyI/00232,00232.mp4,The-United-Kingdom-1,The-United-Kingdom-1
voxceleb,dev,id07748/wdtN46-EEBg/00088,00088.mp4,India,India
voxceleb,dev,id05777/BEjLY1noOO4/00014,00014.mp4,The-United-States-of-America,Venezuela
voxceleb,dev,id07212/VlxW1blvZ6c/00164,00164.mp4,The-United-Kingdom-1,Canada
voxceleb,dev,id05087/rIaWlA3hHBQ/00043,00043.mp4,South-Korea,South-Korea
voxceleb,dev,id07145/zOGFTaPRc6E/00497,00497.mp4,The-United-Kingdom-1,Spain
voxceleb,dev,id01010/BFy6gYutzC0/00045,00045.mp4,The-United-States-of-America,The-United-States-of-America
voxceleb,dev,id06269/LdGai72Tt8Y/00008,00008.mp4,Taiwan,Japan
voxceleb,dev,id07276/b02nbrvi1bs/00203,00203.mp4,The-United-States-of-America,The-United-States-of-America
voxceleb,dev,id06131/NIArL4MaJbA/00231,00231.mp4,The-United-States-of-America,Croatia
voxceleb,dev,id01379/9n7-KoHZbvs/00055,00055.mp4,The-Republic-of-Ireland,Portugal
voxceleb,dev,id02438/rNAXOpQF-H8/00315,00315.mp4,The-United-States-of-America,The-United-States-of-America
voxceleb,dev,id06012/01F6ERhNvPA/00090,00090.mp4,The-United-Kingdom-1,Germany
voxceleb,dev,id06015/eGA36XtARP0/00197,00197.mp4,The-United-Kingdom-1,Germany
voxceleb,dev,id01057/03R83b-D328/00001,00001.mp4,The-United-States-of-America,The-United-States-of-America
voxceleb,dev,id04010/G22upQo_FAo/00011,00011.mp4,New-Zealand,New-Zealand
voxceleb,dev,id01182/VKqBuzUTuGE/00050,00050.mp4,The-United-States-of-America,The-United-States-of-America
voxceleb,dev,id05583/zyMy1bQlBYQ/00076,00076.mp4,Russia,Kingdom-of-the-Netherlands
voxceleb,dev,id01080/nErvt2mxP2Q/00099,00099.mp4,The-United-Kingdom-1,Norway
voxceleb,dev,id02021/AgtwYFBJvfk/00055,00055.mp4,The-United-Kingdom-1,The-United-States-of-America
voxceleb,dev,id03866/pKWvZu7uy_I/00428,00428.mp4,The-United-Kingdom-1,The-United-Kingdom-1
voxceleb,dev,id06239/AKySiXtKmB4/00090,00090.mp4,The-United-Kingdom-1,Germany
voxceleb,dev,id03078/hU1-SaLpLKg/00098,00098.mp4,Switzerland,Switzerland
voxceleb,dev,id03343/4JnQJk2rORc/00025,00025.mp4,The-United-Kingdom-1,France
voxceleb,dev,id06474/8ebRrew741s/00033,00033.mp4,The-United-Kingdom-1,The-United-Kingdom-1
voxceleb,dev,id07466/bgSsCkNvuW8/00195,00195.mp4,The-Republic-of-Ireland,Kingdom-of-the-Netherlands
voxceleb,dev,id02045/NdAtiCNaN_A/00085,00085.mp4,The-United-Kingdom-1,The-United-Kingdom-1
voxceleb,dev,id02617/4EZjRXC4fLk/00027,00027.mp4,The-United-Kingdom-1,The-United-States-of-America
voxceleb,dev,id08704/N0wYk9QA7_s/00161,00161.mp4,The-United-Kingdom-1,The-United-States-of-America
voxceleb,dev,id05930/suoaPNn9dKU/00353,00353.mp4,The-United-Kingdom-1,Turkey-country
voxceleb,dev,id02574/ZOGDsUvDPzs/00238,00238.mp4,The-United-States-of-America,The-United-States-of-America
voxceleb,dev,id06364/1YFoKBYlKyA/00014,00014.mp4,India,India
voxceleb,dev,id06154/kuO75qD5iTU/00115,00115.mp4,The-United-Kingdom-1,The-United-States-of-America
voxceleb,dev,id03706/oPWnyKpkM04/00333,00333.mp4,The-United-Kingdom-1,The-United-States-of-America
voxceleb,dev,id08955/LURG8xiUdeg/00025,00025.mp4,The-United-Kingdom-1,Germany
voxceleb,dev,id01653/_acI389Kkss/00106,00106.mp4,Germany,Austria
voxceleb,dev,id03768/FShPDe-znQY/00026,00026.mp4,The-United-Kingdom-1,The-United-Kingdom-1
voxceleb,dev,id06792/XvXzFQ34aV8/00289,00289.mp4,The-United-States-of-America,The-United-States-of-America
voxceleb,dev,id08955/LURG8xiUdeg/00021,00021.mp4,The-United-Kingdom-1,Germany
voxceleb,dev,id03961/cspH3lcu64A/00135,00135.mp4,The-United-Kingdom-1,unknown
voxceleb,dev,id04615/VQ7M6NVVt9k/00234,00234.mp4,The-United-Kingdom-1,Australia
voxceleb,dev,id04823/SWNI7CPBFaY/00218,00218.mp4,The-United-States-of-America,The-United-States-of-America
voxceleb,dev,id08745/WkOD9fxvLGg/00320,00320.mp4,The-Republic-of-Ireland,Italy
voxceleb,dev,id06983/8nF8u7_oWPs/00042,00042.mp4,The-United-Kingdom-1,The-United-States-of-America
voxceleb,dev,id04481/pNr89KgBbsM/00118,00118.mp4,The-United-States-of-America,The-United-States-of-America
voxceleb,dev,id05684/TwFEI_nIhK8/00026,00026.mp4,The-United-States-of-America,The-United-States-of-America
voxceleb,dev,id00930/4E2skza3D4I/00004,00004.mp4,The-United-Kingdom-1,The-United-States-of-America
voxceleb,dev,id03942/4PNSf1fxyp8/00033,00033.mp4,The-United-States-of-America,The-United-States-of-America
voxceleb,dev,id05435/5enDSc3XYQE/00005,00005.mp4,The-United-Kingdom-1,unknown
voxceleb,dev,id06046/xSlj39nLmwM/00343,00343.mp4,The-United-States-of-America,Haiti
voxceleb,dev,id01402/mubB20PUXLk/00132,00132.mp4,Israel,The-United-States-of-America
voxceleb,dev,id04770/IT_euGv5cQw/00020,00020.mp4,Iran,Pakistan
voxceleb,dev,id02888/bIvKiO89WJo/00383,00383.mp4,The-United-Kingdom-1,France
voxceleb,dev,id06937/O37EPwP-Yb0/00093,00093.mp4,The-United-Kingdom-1,Germany
voxceleb,dev,id06696/o5ZoWBEtr3I/00296,00296.mp4,The-United-Kingdom-1,The-United-Kingdom-1
voxceleb,dev,id05558/4Q-yxkuMmUE/00024,00024.mp4,The-United-Kingdom-1,Italy
voxceleb,dev,id07008/An3Go8hYVmQ/00030,00030.mp4,Israel,India
voxceleb,dev,id02236/x8ZKwcYMaNg/00268,00268.mp4,The-United-States-of-America,France
voxceleb,dev,id05339/geabScmT1FU/00034,00034.mp4,The-United-Kingdom-1,Argentina
voxceleb,dev,id04404/x2eqJl1lFJQ/00457,00457.mp4,The-United-States-of-America,The-United-States-of-America
voxceleb,dev,id01874/ZjIQRZj7bWM/00074,00074.mp4,The-United-States-of-America,The-United-States-of-America
voxceleb,dev,id02647/oCh0bVKguKs/00135,00135.mp4,The-Republic-of-Ireland,Italy
voxceleb,dev,id05832/p1-Z-MkgFgQ/00376,00376.mp4,The-United-Kingdom-1,The-United-States-of-America
voxceleb,dev,id00592/aT6j0NbFQ8w/00149,00149.mp4,The-United-Kingdom-1,South-Africa
voxceleb,dev,id09262/NAKirRm2qOg/00043,00043.mp4,The-United-Kingdom-1,Slovakia-1
voxceleb,dev,id00022/y09fy2V6-oA/00358,00358.mp4,India,India
voxceleb,dev,id08750/dwSiXjKKRHE/00112,00112.mp4,The-United-Kingdom-1,Denmark
voxceleb,dev,id01907/fMf0Nf9lP50/00273,00273.mp4,Ghana,The-United-States-of-America
voxceleb,dev,id07624/X0vpXIvdLF0/00330,00330.mp4,The-United-States-of-America,The-United-States-of-America
voxceleb,dev,id03759/QzHYB_3ylrE/00226,00226.mp4,The-United-Kingdom-1,The-United-Kingdom-1
voxceleb,dev,id02463/9QxhjOEUw4c/00071,00071.mp4,The-United-States-of-America,The-United-States-of-America
voxceleb,dev,id08801/x9PPkJvjPz4/00225,00225.mp4,The-Republic-of-Ireland,France
voxceleb,dev,id05930/F_XCgs6ZRVk/00123,00123.mp4,Jordan-215,Turkey-country
voxceleb,dev,id02034/AKEmT_mP3wE/00036,00036.mp4,The-United-Kingdom-1,Canada
voxceleb,dev,id00723/6XeX6C7MV7E/00039,00039.mp4,The-United-Kingdom-1,The-United-Kingdom-1
voxceleb,dev,id00779/IZIreiY3mgI/00191,00191.mp4,Switzerland,Switzerland
voxceleb,dev,id04934/rR0A7KnU90c/00162,00162.mp4,Brazil,Australia
voxceleb,dev,id06393/Q7gsnTtzJv0/00031,00031.mp4,The-United-Kingdom-1,Soviet-Union-1
voxceleb,dev,id08442/uN336nOu-r4/00163,00163.mp4,The-United-Kingdom-1,The-United-States-of-America
voxceleb,dev,id03609/9JD17rGnC_o/00013,00013.mp4,The-United-Kingdom-1,The-United-States-of-America
voxceleb,dev,id01874/BoEk23lBvro/00002,00002.mp4,The-United-States-of-America,The-United-States-of-America
voxceleb,dev,id01626/SYfoSaQu6wE/00013,00013.mp4,The-United-Kingdom-1,Canada
voxceleb,dev,id03722/xBxv9q3DEVE/00047,00047.mp4,The-United-Kingdom-1,The-United-States-of-America
voxceleb,dev,id04047/eOcKpYZn9T0/00160,00160.mp4,The-United-Kingdom-1,Australia
voxceleb,dev,id04407/X6Q8pvKjuxM/00133,00133.mp4,The-United-Kingdom-1,The-United-Kingdom-1
voxceleb,dev,id08536/oiWpcCMiP5w/00329,00329.mp4,The-United-Kingdom-1,Germany
voxceleb,dev,id00043/VoAyzVg70i0/00290,00290.mp4,India,India
voxceleb,dev,id00799/aAv35t1MvjY/00096,00096.mp4,India,India
voxceleb,dev,id07470/7s89cY23658/00015,00015.mp4,The-United-Kingdom-1,The-United-States-of-America
voxceleb,dev,id04259/iZnYOWnaGtQ/00039,00039.mp4,The-United-Kingdom-1,Spain
voxceleb,dev,id01743/XoRD5jKc8qM/00111,00111.mp4,The-United-States-of-America,The-United-States-of-America
voxceleb,dev,id06875/3EN1jImpaDM/00026,00026.mp4,Canada,Canada
voxceleb,dev,id07963/DUalNsiXSyc/00036,00036.mp4,The-United-Kingdom-1,The-Republic-of-Ireland
voxceleb,dev,id08146/HutZr8U4gO4/00152,00152.mp4,India,India
voxceleb,dev,id07834/sNWlEO35Q8k/00364,00364.mp4,The-United-Kingdom-1,The-United-Kingdom-1
voxceleb,dev,id04655/Nc7JemrLNqs/00201,00201.mp4,The-Republic-of-Ireland,Soviet-Union-1
voxceleb,dev,id04855/UGuynnubnqI/00261,00261.mp4,The-United-Kingdom-1,Germany
voxceleb,dev,id08454/i1XNytC3ad8/00142,00142.mp4,The-Republic-of-Ireland,The-Philippines-1
voxceleb,dev,id00015/FPvNAvlkyVc/00114,00114.mp4,South-Africa,South-Africa
voxceleb,dev,id02534/b7Z8v5Nrctw/00230,00230.mp4,The-United-Kingdom-1,Italy
voxceleb,dev,id01330/zAOCZcRJ_eI/00138,00138.mp4,The-Republic-of-Ireland,France
voxceleb,dev,id03502/sJv1UAMUmkM/00356,00356.mp4,India,unknown
voxceleb,dev,id07846/j0zlB_XWe_0/00223,00223.mp4,The-United-Kingdom-1,The-United-States-of-America
voxceleb,dev,id05515/M7EpeoLDB7s/00020,00020.mp4,The-United-Kingdom-1,The-United-States-of-America
voxceleb,dev,id04549/Ejab6YlqBk8/00026,00026.mp4,The-Republic-of-Ireland,South-Korea
voxceleb,dev,id09190/UkQWj9YZ8mM/00085,00085.mp4,The-United-Kingdom-1,The-United-States-of-America
voxceleb,dev,id05745/ksrXmzD5vRI/00146,00146.mp4,Hungary,Italy
voxceleb,dev,id01091/Qt1dbtYwAlM/00128,00128.mp4,The-United-Kingdom-1,The-United-States-of-America
voxceleb,dev,id01384/NW1aSY64Uj4/00062,00062.mp4,Iran,Mexico
voxceleb,dev,id06552/r0tGv4W-LE8/00409,00409.mp4,The-United-States-of-America,The-United-States-of-America
voxceleb,dev,id07392/pj790IUHAHs/00052,00052.mp4,The-United-States-of-America,The-United-States-of-America
voxceleb,dev,id03444/WvCR8JEoExI/00180,00180.mp4,The-United-Kingdom-1,Germany
voxceleb,dev,id03460/4CnDWySwIUE/00021,00021.mp4,The-United-States-of-America,The-United-States-of-America
voxceleb,dev,id00673/17xoyGMrEZc/00003,00003.mp4,The-United-Kingdom-1,The-United-Kingdom-1
voxceleb,dev,id04618/LEImNQIqOz8/00166,00166.mp4,The-United-States-of-America,The-United-States-of-America
voxceleb,dev,id01156/THEPAWGQZGQ/00094,00094.mp4,The-United-Kingdom-1,Canada
voxceleb,dev,id08343/X-pCJa7DW0Y/00252,00252.mp4,India,unknown
voxceleb,dev,id07640/RSc4mNDYFEs/00093,00093.mp4,The-United-Kingdom-1,The-United-Kingdom-1
voxceleb,dev,id09192/mNKRxGRrRJ0/00345,00345.mp4,The-United-Kingdom-1,Serbia
voxceleb,dev,id05490/a-T2UfqKR6E/00057,00057.mp4,The-United-States-of-America,Germany
voxceleb,dev,id03285/slzGmvpG1AE/00196,00196.mp4,The-Republic-of-Ireland,Germany
voxceleb,dev,id05538/v-F-Z3u3djU/00195,00195.mp4,The-United-States-of-America,Mexico
voxceleb,dev,id01605/__lZjVemQ2Y/00028,00028.mp4,The-United-Kingdom-1,The-United-States-of-America
voxceleb,dev,id05434/vdjfRlygav0/00398,00398.mp4,Pakistan,Pakistan
voxceleb,dev,id03905/vIb4rdz8X00/00134,00134.mp4,The-United-Kingdom-1,France
voxceleb,dev,id06322/Z0ZmDgrmQjs/00118,00118.mp4,The-United-Kingdom-1,The-United-Kingdom-1
voxceleb,dev,id04527/080YnoLSfd8/00003,00003.mp4,The-Republic-of-Ireland,Finland
voxceleb,dev,id06721/MX7Ys0tlk0g/00108,00108.mp4,United-Kingdom-1,The-United-Kingdom-1
voxceleb,dev,id00489/z3ZY6MKPE-c/00063,00063.mp4,The-United-States-of-America,Germany
voxceleb,dev,id04247/gEhQdxXz7_Y/00300,00300.mp4,The-United-Kingdom-1,Kingdom-of-the-Netherlands
voxceleb,dev,id05137/fQhrILJW6yU/00250,00250.mp4,The-United-States-of-America,The-United-States-of-America
voxceleb,dev,id07288/m28u9q-A6PI/00311,00311.mp4,The-United-Kingdom-1,Italy
voxceleb,dev,id06248/_F8B-klCGb0/00272,00272.mp4,Africa,unknown
voxceleb,dev,id04333/hmEtHUe5Tmo/00363,00363.mp4,The-United-Kingdom-1,Malta
voxceleb,dev,id07744/3NKqhNfo_Q8/00031,00031.mp4,The-United-Kingdom-1,Finland
voxceleb,dev,id00882/_VHA3x2nw-0/00011,00011.mp4,India,India
voxceleb,dev,id07847/WG2PHF7Plsw/00129,00129.mp4,The-United-States-of-America,The-United-States-of-America
voxceleb,dev,id04698/rXjv25Tz2lM/00340,00340.mp4,The-Republic-of-Ireland,The-United-States-of-America
voxceleb,dev,id05401/kEL2W_0CLmc/00337,00337.mp4,The-United-States-of-America,Czechoslovakia-former-country
voxceleb,dev,id01040/nRs2jedT0gQ/00238,00238.mp4,The-United-States-of-America,The-United-States-of-America
voxceleb,dev,id06212/BGr9uxX-Q5Y/00254,00254.mp4,The-United-States-of-America,unknown
voxceleb,dev,id09033/6ytsk2KCrbI/00101,00101.mp4,The-United-Kingdom-1,Germany
voxceleb,dev,id04051/F33ewvxSMsU/00072,00072.mp4,The-United-States-of-America,The-United-States-of-America
voxceleb,dev,id01605/o9g24Gj_ao0/00040,00040.mp4,The-United-Kingdom-1,The-United-States-of-America
voxceleb,dev,id01051/AV-T0TFgSM8/00033,00033.mp4,The-United-States-of-America,The-United-States-of-America
voxceleb,dev,id06350/JX0-vlVAwcU/00037,00037.mp4,The-United-Kingdom-1,unknown
voxceleb,dev,id02021/t4GRDaNvjXk/00425,00425.mp4,The-United-Kingdom-1,The-United-States-of-America
voxceleb,dev,id05137/Ypiq6JMdMiY/00220,00220.mp4,The-United-States-of-America,The-United-States-of-America
voxceleb,dev,id02591/TVwAPS4_OI8/00098,00098.mp4,The-Republic-of-Ireland,Germany
voxceleb,dev,id02035/_CGiZpruGI4/00091,00091.mp4,The-United-Kingdom-1,Australia
voxceleb,dev,id04529/nBlGqNSTak4/00443,00443.mp4,India,India
voxceleb,dev,id08653/9EoWl9dECOQ/00066,00066.mp4,The-Republic-of-Ireland,The-United-Kingdom-1
voxceleb,dev,id01755/YhO-5mwwq-U/00239,00239.mp4,The-United-Kingdom-1,The-United-Kingdom-1
voxceleb,dev,id02023/wCEXwZ-9pNs/00308,00308.mp4,The-United-Kingdom-1,The-United-States-of-America
voxceleb,dev,id07691/E14hkDhQJMA/00012,00012.mp4,The-United-Kingdom-1,Finland
voxceleb,dev,id00181/1I9sLhs8z-4/00005,00005.mp4,The-United-Kingdom-1,The-United-Kingdom-1
voxceleb,dev,id07744/BfT2HIK9R5U/00079,00079.mp4,The-United-Kingdom-1,Finland
voxceleb,dev,id01931/lgCS_JS3Emk/00418,00418.mp4,Australia,Australia
voxceleb,dev,id08523/1feTlB2vdLw/00002,00002.mp4,The-United-Kingdom-1,France
voxceleb,dev,id08658/V_BS9ZDTBDU/00244,00244.mp4,The-United-Kingdom-1,The-United-Kingdom-1
voxceleb,dev,id02252/RTCoCvJNCSc/00167,00167.mp4,The-United-Kingdom-1,The-United-Kingdom-1
voxceleb,dev,id00202/jq7rWLQ4xDE/00384,00384.mp4,The-United-Kingdom-1,Spain
voxceleb,dev,id06005/6oPF2nA1H1o/00115,00115.mp4,The-United-States-of-America,The-United-States-of-America
voxceleb,dev,id01380/emAupkQVDys/00168,00168.mp4,India,Spain
voxceleb,dev,id04039/nfr8tFziyEs/00196,00196.mp4,The-United-Kingdom-1,The-United-Kingdom-1
voxceleb,dev,id00502/IPabtEp77lA/00047,00047.mp4,The-Republic-of-Ireland,The-United-States-of-America
voxceleb,dev,id03201/drOJ-WCbixA/00245,00245.mp4,The-United-States-of-America,The-United-States-of-America
voxceleb,dev,id08915/al5rAVbbVsc/00073,00073.mp4,The-United-Kingdom-1,Italy
voxceleb,dev,id07545/Caz14B2z5aA/00086,00086.mp4,The-United-Kingdom-1,The-United-Kingdom-1
voxceleb,dev,id03079/PggVZr06K8k/00049,00049.mp4,The-United-Kingdom-1,Kingdom-of-the-Netherlands
voxceleb,dev,id07421/fDvnukgbSsU/00279,00279.mp4,The-United-Kingdom-1,The-United-States-of-America
voxceleb,dev,id07744/bAQ2XjGzZtg/00371,00371.mp4,The-United-Kingdom-1,Finland
voxceleb,dev,id07537/V3DfVgB6x-A/00078,00078.mp4,The-United-Kingdom-1,The-United-States-of-America
voxceleb,dev,id03196/p7wOLqrC6XU/00103,00103.mp4,The-United-Kingdom-1,The-United-States-of-America
voxceleb,dev,id04624/YUs6VYmSCvs/00096,00096.mp4,The-United-Kingdom-1,Australia
voxceleb,dev,id03684/ByubIDo50xc/00009,00009.mp4,The-United-Kingdom-1,The-United-States-of-America
voxceleb,dev,id07894/PqrK7aSMEIs/00023,00023.mp4,The-Republic-of-Ireland,Turkey-country
voxceleb,dev,id06584/KYA51okJZWI/00164,00164.mp4,India,India
voxceleb,dev,id02032/w40DhmnD3A4/00488,00488.mp4,The-Republic-of-Ireland,The-United-States-of-America
voxceleb,dev,id06070/P12CQVBuDEU/00205,00205.mp4,The-United-Kingdom-1,France
voxceleb,dev,id07858/ZJ35iDwTJiQ/00108,00108.mp4,The-United-Kingdom-1,Germany
voxceleb,dev,id04982/D3PDnTVu6KY/00038,00038.mp4,The-Republic-of-Ireland,The-United-States-of-America
voxceleb,dev,id04222/iFDfYBAc7_4/00414,00414.mp4,India,The-United-States-of-America
voxceleb,dev,id00318/2fu7_E_yqVM/00158,00158.mp4,Iran,Iran
voxceleb,dev,id00709/LuYpakMqIRg/00150,00150.mp4,The-United-Kingdom-1,Spain
voxceleb,dev,id08795/3bd-yhsuDF8/00019,00019.mp4,The-United-Kingdom-1,The-United-States-of-America
voxceleb,dev,id08166/MaydPdyjPNk/00150,00150.mp4,The-United-Kingdom-1,The-United-States-of-America
voxceleb,dev,id08574/lrlTpcEwclY/00219,00219.mp4,The-United-Kingdom-1,The-United-Kingdom-1
voxceleb,dev,id02331/6dSawXx_NNk/00028,00028.mp4,The-United-Kingdom-1,Luxembourg
voxceleb,dev,id04265/GXHs3QzxwVM/00114,00114.mp4,The-United-Kingdom-1,The-United-States-of-America
voxceleb,dev,id00806/5lkFjFlWtZU/00080,00080.mp4,The-United-Kingdom-1,The-United-States-of-America
voxceleb,dev,id01527/XuML-DgsIYQ/00132,00132.mp4,The-United-States-of-America,The-United-States-of-America
voxceleb,dev,id00416/e_7WGqbLOec/00054,00054.mp4,India,India
voxceleb,dev,id07870/H7EE1gQ7tsY/00044,00044.mp4,The-United-Kingdom-1,Germany
voxceleb,dev,id04282/JxxnwMWrRtA/00036,00036.mp4,The-United-Kingdom-1,unknown
voxceleb,dev,id07377/_JNM34AFch0/00227,00227.mp4,India,India
voxceleb,dev,id01374/5JMD7aqxO70/00025,00025.mp4,The-United-Kingdom-1,Portugal
voxceleb,dev,id06672/iQ2i5_lrJrk/00109,00109.mp4,The-United-Kingdom-1,Finland
voxceleb,dev,id01754/9UTcNXXTjZQ/00089,00089.mp4,Australia,Australia
voxceleb,dev,id04027/cJnnhJVNKh4/00373,00373.mp4,The-United-Kingdom-1,The-United-States-of-America
voxceleb,dev,id02982/0q3bD9tnAK0/00040,00040.mp4,The-United-Kingdom-1,The-United-States-of-America
voxceleb,dev,id06029/1OzoelGhyHc/00001,00001.mp4,The-United-Kingdom-1,The-United-States-of-America
voxceleb,dev,id00667/VAZVRQH1qm0/00252,00252.mp4,The-United-States-of-America,The-United-States-of-America
voxceleb,dev,id00176/YwFpTyb-DQA/00261,00261.mp4,France,France
voxceleb,dev,id03752/ZJ9c52Jzxdc/00115,00115.mp4,The-United-Kingdom-1,unknown
voxceleb,dev,id08054/NV4_evMJJm4/00070,00070.mp4,India,India
voxceleb,dev,id01365/hMn1H20Oj4w/00251,00251.mp4,The-United-Kingdom-1,The-United-States-of-America
voxceleb,dev,id00557/IyWoJO4bKhI/00023,00023.mp4,The-United-Kingdom-1,Austria
voxceleb,dev,id02191/0bBUoEH2gwQ/00012,00012.mp4,India,Italy
voxceleb,dev,id01209/4VS6gV7EtH0/00045,00045.mp4,The-United-Kingdom-1,The-United-States-of-America
voxceleb,dev,id03984/RYSRwNLnqv4/00062,00062.mp4,The-United-States-of-America,The-United-States-of-America
voxceleb,dev,id05765/q1gRL56QULA/00159,00159.mp4,The-United-Kingdom-1,The-United-States-of-America
voxceleb,dev,id07349/IiCb74U7Cjw/00147,00147.mp4,The-United-Kingdom-1,New-Zealand
voxceleb,dev,id06619/AL7OcIpL3dE/00107,00107.mp4,The-United-Kingdom-1,Germany
voxceleb,dev,id03100/gSDGAOXQYec/00114,00114.mp4,The-United-Kingdom-1,The-United-States-of-America
voxceleb,dev,id03215/ter6LuAjntI/00357,00357.mp4,The-United-Kingdom-1,The-United-States-of-America
voxceleb,dev,id04985/pBXVLvh8CfY/00269,00269.mp4,The-United-States-of-America,The-United-States-of-America
voxceleb,dev,id05541/KbdH_SvLEps/00156,00156.mp4,The-United-Kingdom-1,Chile
voxceleb,dev,id02384/NK-7Lg6WrXo/00214,00214.mp4,The-United-States-of-America,Mexico
voxceleb,dev,id05573/SCQj7g2vNaY/00375,00375.mp4,The-Republic-of-Ireland,Canada
voxceleb,dev,id01217/IYdmZYZpdBg/00049,00049.mp4,The-United-States-of-America,The-United-States-of-America
voxceleb,dev,id04216/jrpT61FdyVE/00329,00329.mp4,The-United-States-of-America,The-United-States-of-America
voxceleb,dev,id07293/yBSni0-5ae4/00384,00384.mp4,The-United-Kingdom-1,The-United-States-of-America
voxceleb,dev,id06415/f6bfGep7hko/00322,00322.mp4,The-United-Kingdom-1,The-United-States-of-America
voxceleb,dev,id01049/1IQQXVK_aiU/00032,00032.mp4,The-United-States-of-America,The-United-States-of-America
voxceleb,dev,id08360/W2URsoAQg7E/00102,00102.mp4,The-United-Kingdom-1,France
voxceleb,dev,id08373/eAUXk4Pwa6k/00152,00152.mp4,The-United-Kingdom-1,The-United-States-of-America
voxceleb,dev,id08510/AFrhHFmwpRw/00043,00043.mp4,The-United-States-of-America,France
voxceleb,dev,id04770/ZiQFw0TjKug/00115,00115.mp4,Pakistan,Pakistan
voxceleb,dev,id00780/FRv6iXdQTok/00051,00051.mp4,The-United-Kingdom-1,The-United-States-of-America
voxceleb,dev,id00186/wbrnFt65oko/00253,00253.mp4,The-United-Kingdom-1,The-United-Kingdom-1
voxceleb,dev,id03195/NeUqmfYdMxk/00070,00070.mp4,The-United-Kingdom-1,The-United-Kingdom-1
voxceleb,dev,id08339/ah45iTBLP8s/00065,00065.mp4,The-United-Kingdom-1,Serbia
voxceleb,dev,id08052/QVP09HRuJZo/00109,00109.mp4,India,India
voxceleb,dev,id00597/vfEYjD3pUGI/00038,00038.mp4,Japan,Malaysia
voxceleb,dev,id07686/OVU-5kDnACc/00164,00164.mp4,India,India
voxceleb,dev,id06948/zMuCWD1y3XI/00488,00488.mp4,The-United-States-of-America,The-United-States-of-America
voxceleb,dev,id00373/ok6xXsAL2-0/00233,00233.mp4,The-United-Kingdom-1,The-United-States-of-America
voxceleb,dev,id00128/tfU0fcECz9o/00128,00128.mp4,India,Pakistan
voxceleb,dev,id07535/44VZLMW-cOQ/00006,00006.mp4,The-Republic-of-Ireland,Kingdom-of-the-Netherlands
voxceleb,dev,id06195/FcTnDBwJNho/00038,00038.mp4,The-United-Kingdom-1,The-United-States-of-America
voxceleb,dev,id02902/H_E86Kl2YEw/00053,00053.mp4,The-United-States-of-America,The-United-States-of-America
voxceleb,dev,id01677/glq4noPRtok/00190,00190.mp4,The-United-Kingdom-1,The-United-Kingdom-1
voxceleb,dev,id05545/4v0YWTYWkb0/00042,00042.mp4,Spain,Italy
voxceleb,dev,id05088/McSlXZHtbmk/00033,00033.mp4,The-United-Kingdom-1,The-United-States-of-America
voxceleb,dev,id02724/KhURqUQfrXQ/00082,00082.mp4,The-United-Kingdom-1,Kingdom-of-the-Netherlands
voxceleb,dev,id08599/bJqCBSBtVME/00300,00300.mp4,The-United-States-of-America,The-United-States-of-America
voxceleb,dev,id01207/95GAZod3ExM/00065,00065.mp4,Jamaica,The-United-States-of-America
voxceleb,dev,id04272/1vwywv5yYJs/00009,00009.mp4,The-United-Kingdom-1,The-United-Kingdom-1
voxceleb,dev,id01754/7HbS5i8BWP8/00080,00080.mp4,Australia,Australia
voxceleb,dev,id00417/OC5lVK_HBY4/00111,00111.mp4,India,India
voxceleb,dev,id00409/tE2ORI7blz0/00039,00039.mp4,Indonesia,Indonesia
voxceleb,dev,id00659/vCejBRYBNOc/00210,00210.mp4,France,The-United-States-of-America
voxceleb,dev,id00055/A2S4UcKfb-Q/00047,00047.mp4,Maldives,The-United-Kingdom-1
voxceleb,dev,id00231/qne7P3j-4Aw/00114,00114.mp4,The-United-Kingdom-1,The-United-States-of-America
voxceleb,dev,id05741/tmFrsD6tkV0/00435,00435.mp4,The-United-Kingdom-1,The-United-Kingdom-1
voxceleb,dev,id02173/Zgggl_iXF_o/00020,00020.mp4,The-United-Kingdom-1,Romania
voxceleb,dev,id04979/zteK65Fm2E8/00041,00041.mp4,The-United-Kingdom-1,Croatia
voxceleb,dev,id06949/_LfKHl2sk9c/00260,00260.mp4,The-United-States-of-America,The-United-States-of-America
voxceleb,dev,id03209/3-1g7_GFudw/00023,00023.mp4,The-United-States-of-America,The-United-Kingdom-1
voxceleb,dev,id04900/yQW2qx3Yq0w/00032,00032.mp4,The-United-Kingdom-1,Soviet-Union-1
voxceleb,dev,id07560/iXaBGuoSrSc/00355,00355.mp4,The-United-Kingdom-1,The-United-Kingdom-1
voxceleb,dev,id01449/edY7WuJeU_s/00080,00080.mp4,India,The-United-States-of-America
voxceleb,dev,id02273/hEuxIL6EL68/00019,00019.mp4,The-United-Kingdom-1,Italy
voxceleb,dev,id01689/8aw4hD7BLFg/00072,00072.mp4,The-United-States-of-America,The-United-States-of-America
voxceleb,dev,id08574/g_V1uVExMkI/00209,00209.mp4,Ghana,The-United-Kingdom-1
voxceleb,dev,id02094/mOqjoCCg9gI/00036,00036.mp4,The-United-Kingdom-1,Australia
voxceleb,dev,id04408/4KyndR2Mc5Q/00109,00109.mp4,The-United-Kingdom-1,The-United-Kingdom-1
voxceleb,dev,id04677/ij7ZjZmejUk/00389,00389.mp4,Israel,Germany
voxceleb,dev,id09044/CPAH_-f3GP0/00067,00067.mp4,The-United-States-of-America,The-United-States-of-America
voxceleb,dev,id04752/J3M3jWLsdNA/00224,00224.mp4,The-United-Kingdom-1,Canada
voxceleb,dev,id03258/zqMZbLOrNQw/00496,00496.mp4,The-United-Kingdom-1,Kingdom-of-the-Netherlands
voxceleb,dev,id08556/Ak5XrbDidTE/00042,00042.mp4,The-United-States-of-America,The-United-States-of-America
voxceleb,dev,id02687/_YMXrS-cPIQ/00138,00138.mp4,The-United-Kingdom-1,Australia
voxceleb,dev,id09048/MRZh2kW62cs/00068,00068.mp4,The-United-Kingdom-1,unknown
voxceleb,dev,id05622/0qZmB6jwU_Q/00042,00042.mp4,The-Republic-of-Ireland,France
voxceleb,dev,id06095/5YG-Qc7Meic/00021,00021.mp4,Israel,Spain
voxceleb,dev,id01387/tDBFilYF644/00472,00472.mp4,The-United-States-of-America,The-United-States-of-America
voxceleb,dev,id06114/Fer5Or9EISA/00113,00113.mp4,The-United-States-of-America,The-United-States-of-America
voxceleb,dev,id07851/Za_E3K6tKAc/00234,00234.mp4,India,Jamaica
voxceleb,dev,id00621/unQhbnjQYXI/00074,00074.mp4,The-United-Kingdom-1,Russia
voxceleb,dev,id07223/MZuBAHEMuGc/00014,00014.mp4,The-United-Kingdom-1,France
voxceleb,dev,id01634/jwnlmA5CW34/00080,00080.mp4,The-United-Kingdom-1,England
voxceleb,dev,id04498/WYAOBQzX3zc/00079,00079.mp4,The-United-Kingdom-1,Belgium
voxceleb,dev,id03502/dzgWeuv4sfE/00305,00305.mp4,India,unknown
voxceleb,dev,id01512/IFEogRTzBEk/00077,00077.mp4,The-Republic-of-Ireland,Canada
voxceleb,dev,id04617/bltE8N75-wE/00249,00249.mp4,The-United-States-of-America,The-United-States-of-America
voxceleb,dev,id07441/V1xepNO6QzY/00138,00138.mp4,The-United-States-of-America,Italy
voxceleb,dev,id04863/IUrCjG3UdkU/00066,00066.mp4,India,unknown
voxceleb,dev,id03761/F_wVgBw0LN8/00154,00154.mp4,The-United-Kingdom-1,unknown
voxceleb,dev,id07741/B-GUzPt2h70/00103,00103.mp4,The-United-States-of-America,The-United-States-of-America
voxceleb,dev,id06550/7_aWgHgLSDQ/00042,00042.mp4,The-Philippines-1,The-Philippines-1
voxceleb,dev,id09192/FXVmQyaeqFE/00044,00044.mp4,The-United-Kingdom-1,Serbia
voxceleb,dev,id01036/5dJWJgWm2cQ/00004,00004.mp4,The-United-Kingdom-1,The-United-States-of-America
voxceleb,dev,id06950/tHAtE4EhWOI/00139,00139.mp4,The-United-Kingdom-1,Australia
voxceleb,dev,id06799/28u4Z7Phw3g/00004,00004.mp4,India,South-Africa
voxceleb,dev,id06016/P-2xAfX0i5Y/00189,00189.mp4,The-United-States-of-America,Germany
voxceleb,dev,id05451/4FlTPZNci90/00006,00006.mp4,The-United-Kingdom-1,The-United-States-of-America
voxceleb,dev,id02669/NBaXHdOvTYU/00030,00030.mp4,The-United-Kingdom-1,The-United-Kingdom-1
voxceleb,dev,id02139/wFmzVG7Cd7w/00139,00139.mp4,The-United-Kingdom-1,The-United-States-of-America
voxceleb,dev,id04847/PKE6CcFjdJk/00075,00075.mp4,The-United-Kingdom-1,The-United-Kingdom-1
voxceleb,dev,id01755/gQ2C3xnsqQM/00284,00284.mp4,The-United-States-of-America,The-United-Kingdom-1
voxceleb,dev,id04477/kfQksYGss-Q/00148,00148.mp4,The-United-Kingdom-1,The-United-States-of-America
voxceleb,dev,id03060/gv4XQNUwyd8/00183,00183.mp4,The-Republic-of-Ireland,Denmark
voxceleb,dev,id08234/7_po_262PNU/00030,00030.mp4,The-United-Kingdom-1,The-United-Kingdom-1
voxceleb,dev,id08190/h0Pk5DQTVao/00053,00053.mp4,India,India
voxceleb,dev,id00049/ufc-z58Pi5k/00204,00204.mp4,The-Republic-of-Ireland,Poland
voxceleb,dev,id02344/icpMB9SdpQs/00251,00251.mp4,The-United-States-of-America,The-United-States-of-America
voxceleb,dev,id06353/eUrWfelEy0s/00005,00005.mp4,India,India
voxceleb,dev,id02311/hAaAIgwtze0/00323,00323.mp4,The-United-States-of-America,The-United-States-of-America
voxceleb,dev,id03877/1oI3SdWXcBw/00006,00006.mp4,The-Republic-of-Ireland,Spain
voxceleb,dev,id06850/KMLsfPuDW90/00089,00089.mp4,The-United-Kingdom-1,Germany
voxceleb,dev,id07092/ILCLbgjyWUg/00070,00070.mp4,The-United-Kingdom-1,unknown
voxceleb,dev,id09235/PzhHf29u6Fk/00097,00097.mp4,The-United-Kingdom-1,France
voxceleb,dev,id06883/5fXmvCz59Ng/00166,00166.mp4,The-United-Kingdom-1,The-Czech-Republic-1
voxceleb,dev,id01672/9zp3jvwZ06c/00013,00013.mp4,The-United-Kingdom-1,France
voxceleb,dev,id03195/CXmT3MD5_LY/00043,00043.mp4,The-United-Kingdom-1,The-United-Kingdom-1
voxceleb,dev,id06361/RajGyuywRM8/00081,00081.mp4,The-Republic-of-Ireland,Kingdom-of-the-Netherlands
voxceleb,dev,id06940/wng4ZAQxoLg/00104,00104.mp4,The-United-Kingdom-1,The-United-States-of-America
voxceleb,dev,id04559/E_qQSmG7wW4/00125,00125.mp4,The-Republic-of-Ireland,The-United-Kingdom-1
voxceleb,dev,id05286/E7pjg6zY1Qg/00132,00132.mp4,The-Republic-of-Ireland,The-Czech-Republic-1
voxceleb,dev,id03733/a0qykyKAB0Q/00337,00337.mp4,The-United-States-of-America,The-United-States-of-America
voxceleb,dev,id08931/VWkkyFseXq0/00102,00102.mp4,The-Republic-of-Ireland,Italy
voxceleb,dev,id03954/JoPZ6cerVSs/00065,00065.mp4,The-United-States-of-America,The-United-Kingdom-1
voxceleb,dev,id04320/nitJ2_wactQ/00363,00363.mp4,The-Republic-of-Ireland,unknown
voxceleb,dev,id00752/B8_QdC4FS3s/00077,00077.mp4,The-United-States-of-America,The-United-States-of-America
voxceleb,dev,id06163/ouXAU0XpbvU/00246,00246.mp4,The-United-Kingdom-1,Romania
voxceleb,dev,id08909/raQ2qmrFFzE/00102,00102.mp4,The-United-Kingdom-1,The-United-States-of-America
voxceleb,dev,id00526/CeIxo6C0jGw/00030,00030.mp4,The-United-Kingdom-1,The-United-Kingdom-1
voxceleb,dev,id04198/bl3GG9vulag/00297,00297.mp4,The-United-Kingdom-1,The-United-States-of-America
voxceleb,dev,id07084/DGF7Ygj8Ybg/00037,00037.mp4,India,India
voxceleb,dev,id02053/eJYbpaJeRZY/00325,00325.mp4,The-United-States-of-America,The-United-States-of-America
voxceleb,dev,id05664/gq28BieXlnA/00380,00380.mp4,The-United-States-of-America,The-United-States-of-America
voxceleb,dev,id08536/8PfwS_2-GUg/00019,00019.mp4,Germany,Germany
voxceleb,dev,id05454/gWTG-54ICQE/00322,00322.mp4,Australia,Australia
voxceleb,dev,id06619/3R8t6ayFUpA/00014,00014.mp4,The-United-Kingdom-1,Germany
voxceleb,dev,id04756/D7j-b5PhrdI/00001,00001.mp4,The-United-Kingdom-1,The-United-Kingdom-1
voxceleb,dev,id05288/PPasm-jaDc0/00144,00144.mp4,The-United-Kingdom-1,France
voxceleb,dev,id01720/O5QJNyVEOks/00086,00086.mp4,The-United-Kingdom-1,The-United-States-of-America
voxceleb,dev,id02052/_8BWPDsSI1Y/00170,00170.mp4,The-United-States-of-America,The-United-States-of-America
voxceleb,dev,id06984/VlGSqVlOKUg/00045,00045.mp4,The-United-Kingdom-1,Germany
voxceleb,dev,id01289/Dpp9U81qvt0/00009,00009.mp4,The-United-Kingdom-1,The-Czech-Republic-1
voxceleb,dev,id09238/Fy6IaYmgJWI/00084,00084.mp4,The-United-Kingdom-1,France
voxceleb,dev,id07295/664o1qvGh7w/00002,00002.mp4,India,India
voxceleb,dev,id07811/dGMrIpMJ0ZY/00066,00066.mp4,India,India
voxceleb,dev,id01280/cxgq60howzI/00309,00309.mp4,India,The-United-States-of-America
voxceleb,dev,id06114/TTVc9BDndsg/00227,00227.mp4,The-United-States-of-America,The-United-States-of-America
voxceleb,dev,id06012/kW_K0xu0Cc0/00339,00339.mp4,The-Republic-of-Ireland,Germany
voxceleb,dev,id00255/j_5ql0CeS8M/00346,00346.mp4,The-United-Kingdom-1,The-United-Kingdom-1
voxceleb,dev,id05612/0HU2CU-8eK0/00001,00001.mp4,The-United-Kingdom-1,Brazil
voxceleb,dev,id06110/9xf3yTAsxCw/00012,00012.mp4,The-United-Kingdom-1,The-United-Kingdom-1
voxceleb,dev,id08831/eiaXrNDi010/00120,00120.mp4,India,India
voxceleb,dev,id06843/DevlXGfBY1g/00075,00075.mp4,The-United-Kingdom-1,The-United-Kingdom-1
voxceleb,dev,id06941/VuJlCuKCKWc/00041,00041.mp4,The-United-Kingdom-1,The-United-Kingdom-1
voxceleb,dev,id08679/a7S0fJRcWzQ/00032,00032.mp4,The-United-Kingdom-1,The-United-Kingdom-1
voxceleb,dev,id04934/AhuWdPeFoWo/00087,00087.mp4,Brazil,Australia
voxceleb,dev,id05205/uK50iI_i_nY/00327,00327.mp4,China,The-United-States-of-America
voxceleb,dev,id05983/XSgt8bwFe8w/00249,00249.mp4,The-United-Kingdom-1,The-United-States-of-America
voxceleb,dev,id08648/BIl4XDM6XxI/00037,00037.mp4,The-United-States-of-America,The-United-States-of-America
voxceleb,dev,id05038/NVxRKAXVi-c/00090,00090.mp4,The-United-Kingdom-1,France
voxceleb,dev,id04684/vaZgriis8YA/00479,00479.mp4,The-United-Kingdom-1,The-United-States-of-America
voxceleb,dev,id05282/3xdDgXzK6cQ/00003,00003.mp4,The-Republic-of-Ireland,France
voxceleb,dev,id08236/wdhBmDZK6uw/00484,00484.mp4,The-United-Kingdom-1,The-United-States-of-America
voxceleb,dev,id03768/pQ0R6YctWS4/00389,00389.mp4,The-United-Kingdom-1,The-United-Kingdom-1
voxceleb,dev,id01021/MvWj1SWl7E8/00041,00041.mp4,India,unknown
voxceleb,dev,id02901/X7MoarqbxwI/00095,00095.mp4,The-United-Kingdom-1,Germany
voxceleb,dev,id08306/_6BaA5BBeWA/00049,00049.mp4,The-United-Kingdom-1,The-United-Kingdom-1
voxceleb,dev,id08330/Qugda7Iue_8/00047,00047.mp4,China,Indonesia
voxceleb,dev,id07875/7Ix5U05nTdQ/00012,00012.mp4,The-United-Kingdom-1,Argentina
voxceleb,dev,id08834/FUltm3wcCLg/00143,00143.mp4,India,Pakistan
voxceleb,dev,id01722/lrjPciNYMuQ/00101,00101.mp4,The-United-Kingdom-1,Germany
voxceleb,dev,id08303/sfk38tcndcI/00265,00265.mp4,India,India
voxceleb,dev,id08699/JudNBfyseS0/00066,00066.mp4,Norway,Norway
voxceleb,dev,id04658/8e8WtBzHxas/00039,00039.mp4,Brazil,The-Republic-of-Ireland
voxceleb,dev,id07751/VVNbftNqOCs/00149,00149.mp4,India,India
voxceleb,dev,id04134/zoz43kblMKw/00370,00370.mp4,The-United-States-of-America,The-United-States-of-America
voxceleb,dev,id07466/sosM0at_jGI/00294,00294.mp4,Spain,Kingdom-of-the-Netherlands
voxceleb,dev,id08068/hjijVDeLbtI/00126,00126.mp4,India,India
voxceleb,dev,id06203/5_AZ6_HF86I/00039,00039.mp4,The-United-States-of-America,unknown
voxceleb,dev,id08094/Z06IAW6d_wM/00059,00059.mp4,The-Republic-of-Ireland,Switzerland
voxceleb,dev,id05107/LaA3Kz8Z5_M/00169,00169.mp4,The-United-Kingdom-1,Denmark
voxceleb,dev,id06049/fAI23-yZAjk/00060,00060.mp4,The-United-Kingdom-1,Canada
voxceleb,dev,id07870/QYuT0WGDyNE/00091,00091.mp4,The-United-Kingdom-1,Germany
voxceleb,dev,id08414/9r50zC1DWUs/00125,00125.mp4,The-Republic-of-Ireland,Australia
voxceleb,dev,id05849/dLZBuoLULlg/00030,00030.mp4,The-United-Kingdom-1,The-United-Kingdom-1
voxceleb,dev,id05613/5EPFBqDq9UU/00011,00011.mp4,The-United-States-of-America,The-United-Kingdom-1
voxceleb,dev,id05181/dpgHPpxMvew/00025,00025.mp4,The-United-Kingdom-1,Canada
voxceleb,dev,id02965/muAzONkyD4E/00226,00226.mp4,The-United-Kingdom-1,Canada
voxceleb,dev,id03703/cgUX4pMn1Qo/00057,00057.mp4,The-United-Kingdom-1,Canada
voxceleb,dev,id02008/LR2OE3q8mbk/00117,00117.mp4,The-United-Kingdom-1,The-United-States-of-America
voxceleb,dev,id05102/41idBGYx41c/00024,00024.mp4,The-United-States-of-America,The-United-States-of-America
voxceleb,dev,id00724/WiJ111GNUFs/00266,00266.mp4,The-United-Kingdom-1,Italy
voxceleb,dev,id07840/ElWQDZy3xRE/00062,00062.mp4,India,The-United-States-of-America
voxceleb,dev,id06499/6TG6gJdbxzQ/00028,00028.mp4,The-United-Kingdom-1,Germany
voxceleb,dev,id03101/_P_fweB-G_w/00127,00127.mp4,The-United-Kingdom-1,Colombia
voxceleb,dev,id07825/jgJqbYtMx1c/00133,00133.mp4,The-United-Kingdom-1,The-United-States-of-America
voxceleb,dev,id06018/qzTwRti0RrA/00298,00298.mp4,The-United-Kingdom-1,The-United-States-of-America
voxceleb,dev,id04266/QTenzk_iHzg/00255,00255.mp4,The-United-States-of-America,The-United-States-of-America
voxceleb,dev,id08997/wZrlP2L6F-g/00151,00151.mp4,The-United-Kingdom-1,The-United-Kingdom-1
voxceleb,dev,id05241/L4n7FmEy1O4/00204,00204.mp4,The-Philippines-1,The-Philippines-1
voxceleb,dev,id01502/K5NRQQ6t8HQ/00066,00066.mp4,The-United-Kingdom-1,The-United-States-of-America
voxceleb,dev,id06964/87AxIT57BzI/00012,00012.mp4,The-United-Kingdom-1,The-United-Kingdom-1
voxceleb,dev,id06793/jnLL5uiOJYg/00268,00268.mp4,The-Republic-of-Ireland,The-Republic-of-Ireland
voxceleb,dev,id05147/SsM44DGmc7M/00133,00133.mp4,The-United-States-of-America,The-United-States-of-America
voxceleb,dev,id02188/bWVCSabAKc4/00268,00268.mp4,The-United-Kingdom-1,The-United-States-of-America
voxceleb,dev,id07912/O06MTfmO5gM/00086,00086.mp4,The-United-States-of-America,Canada
voxceleb,dev,id08556/NzCf1CBD-Yk/00166,00166.mp4,The-United-States-of-America,The-United-States-of-America
voxceleb,dev,id07585/skoF1s9I70o/00206,00206.mp4,The-United-States-of-America,The-United-States-of-America
voxceleb,dev,id07568/c-Woljyl4hI/00110,00110.mp4,The-United-Kingdom-1,France
voxceleb,dev,id01716/ywNcuraVMQU/00304,00304.mp4,The-United-Kingdom-1,France
voxceleb,dev,id02851/BKsf9BWhEOM/00038,00038.mp4,The-United-Kingdom-1,Italy
voxceleb,dev,id02166/YzFs239Vq4Y/00308,00308.mp4,India,India
voxceleb,dev,id03754/YU8MFGj3Eu4/00165,00165.mp4,The-United-Kingdom-1,The-United-Kingdom-1
voxceleb,dev,id08097/zMywoUApsQk/00485,00485.mp4,The-Republic-of-Ireland,Kingdom-of-the-Netherlands
voxceleb,dev,id04599/PT7Kne1XCAU/00069,00069.mp4,India,unknown
voxceleb,dev,id08079/ZC4LM7uhwsw/00225,00225.mp4,The-United-Kingdom-1,The-Republic-of-Ireland
voxceleb,dev,id03005/maH2Rdig_YM/00029,00029.mp4,The-United-Kingdom-1,Italy
voxceleb,dev,id08904/Oo8DooCEDzI/00222,00222.mp4,The-United-States-of-America,The-United-States-of-America
voxceleb,dev,id07376/betKgOZ1zYI/00095,00095.mp4,India,The-United-States-of-America
voxceleb,dev,id03765/3T4PMNzZYaQ/00032,00032.mp4,The-United-Kingdom-1,The-United-States-of-America
voxceleb,dev,id05756/i2y4-o1nHJg/00044,00044.mp4,Jamaica,The-United-States-of-America
voxceleb,dev,id01646/mH7OqAZ7uRE/00172,00172.mp4,Jamaica,France
voxceleb,dev,id00051/5UZhbO35Kww/00010,00010.mp4,The-United-Kingdom-1,Australia
voxceleb,dev,id02643/WLlV-keC2Do/00074,00074.mp4,The-Republic-of-Ireland,Italy
voxceleb,dev,id06237/tqHvTOXlgWw/00270,00270.mp4,The-United-States-of-America,The-United-States-of-America
voxceleb,dev,id02159/zhvx4HEU_jE/00069,00069.mp4,India,unknown
voxceleb,dev,id04320/UStsNO3VmjU/00249,00249.mp4,India,unknown
voxceleb,dev,id04513/jPKqCzKrqyo/00100,00100.mp4,The-United-Kingdom-1,Germany
voxceleb,dev,id01256/LXIGwXUmlAw/00013,00013.mp4,The-United-States-of-America,The-United-States-of-America
voxceleb,dev,id06673/cFJUNIdpTtE/00353,00353.mp4,The-United-Kingdom-1,The-United-Kingdom-1
voxceleb,dev,id06252/75HzNoYyQWc/00035,00035.mp4,Kenya,South-Africa
voxceleb,dev,id04576/EwH7Od9mTPg/00017,00017.mp4,The-United-Kingdom-1,The-United-States-of-America
voxceleb,dev,id05832/NlX1ctNQk8I/00209,00209.mp4,The-United-Kingdom-1,The-United-States-of-America
voxceleb,dev,id08523/oIJ9Tw0sMN8/00063,00063.mp4,The-United-Kingdom-1,France
voxceleb,dev,id00406/7KttbLu6ktw/00022,00022.mp4,India,The-United-States-of-America
voxceleb,dev,id02493/TiwxNFkWs_0/00026,00026.mp4,India,Singapore
voxceleb,dev,id00924/LF6t_5qpxWg/00035,00035.mp4,The-Republic-of-Ireland,Kingdom-of-the-Netherlands
voxceleb,dev,id05328/P7mQIyTi_ko/00081,00081.mp4,The-United-Kingdom-1,Spain
voxceleb,dev,id05438/NV2Gp8LPcpw/00097,00097.mp4,The-United-Kingdom-1,Australia
voxceleb,dev,id05430/gBM8EyCAqpo/00200,00200.mp4,India,Sri-Lanka
voxceleb,dev,id00971/0sYwEIA4DdM/00008,00008.mp4,The-United-Kingdom-1,The-United-States-of-America
voxceleb,dev,id08525/4ieJ95f_lHw/00163,00163.mp4,The-United-Kingdom-1,Germany
voxceleb,dev,id04537/bHNzkujlDMo/00272,00272.mp4,India,India
voxceleb,dev,id07166/gV6wmhgi-sU/00218,00218.mp4,India,India
voxceleb,dev,id06347/YsjN-UpoKWo/00271,00271.mp4,The-United-Kingdom-1,The-United-States-of-America
voxceleb,dev,id00348/D2TeyYVUOTw/00006,00006.mp4,The-Republic-of-Ireland,The-United-Kingdom-1
voxceleb,dev,id08670/vS-teND-QII/00148,00148.mp4,The-United-Kingdom-1,The-United-States-of-America
voxceleb,dev,id08536/8Qi48V0G248/00041,00041.mp4,The-United-States-of-America,Germany
voxceleb,dev,id04560/tbhu8Vw6-0c/00431,00431.mp4,India,India
voxceleb,dev,id01002/8bjhPS7cuxs/00003,00003.mp4,The-United-Kingdom-1,The-United-States-of-America
voxceleb,dev,id07004/tWT7uLjCkug/00105,00105.mp4,The-United-States-of-America,The-United-Kingdom-1
voxceleb,dev,id02979/dHh5dOldIQ8/00235,00235.mp4,The-Republic-of-Ireland,South-Africa
voxceleb,dev,id05323/Af9d2oUltRM/00008,00008.mp4,The-United-Kingdom-1,Italy
voxceleb,dev,id01269/cTLP3oK6tDs/00149,00149.mp4,The-United-Kingdom-1,France
voxceleb,dev,id00673/8pmFvJ_V4ao/00136,00136.mp4,The-United-Kingdom-1,The-United-Kingdom-1
voxceleb,dev,id01056/v3nQ_1mUCws/00370,00370.mp4,The-United-Kingdom-1,The-United-States-of-America
voxceleb,dev,id03651/ZJVU2NpHVt0/00183,00183.mp4,The-United-Kingdom-1,Slovakia-1
voxceleb,dev,id02619/SlKR0ekI3g4/00080,00080.mp4,The-Republic-of-Ireland,India
voxceleb,dev,id05664/XJfIcVj9sj4/00236,00236.mp4,The-United-States-of-America,The-United-States-of-America
voxceleb,dev,id04199/sjCclg_TU0o/00400,00400.mp4,The-Republic-of-Ireland,The-United-States-of-America
voxceleb,dev,id02211/FuKd7YA9uc4/00009,00009.mp4,The-United-Kingdom-1,Germany
voxceleb,dev,id02633/ARvVtlTJhi0/00090,00090.mp4,The-United-Kingdom-1,The-United-Kingdom-1
voxceleb,dev,id04839/xtAXgn0pbmM/00491,00491.mp4,India,India
voxceleb,dev,id08287/GsiDMSEJeeU/00109,00109.mp4,The-United-Kingdom-1,France
voxceleb,dev,id04897/IZj_tL5zJdE/00038,00038.mp4,The-United-Kingdom-1,The-United-States-of-America
voxceleb,dev,id04985/Z6nPdoWa7jM/00140,00140.mp4,The-United-States-of-America,The-United-States-of-America
voxceleb,dev,id04192/k9BZGioXKLM/00298,00298.mp4,The-United-Kingdom-1,Germany
voxceleb,dev,id01080/GCIhgvCIh0E/00051,00051.mp4,The-United-Kingdom-1,Norway
voxceleb,dev,id01038/_dSknPTeKtM/00164,00164.mp4,India,Pakistan
voxceleb,dev,id07078/lWSdpSrCuog/00372,00372.mp4,The-United-Kingdom-1,India
voxceleb,dev,id01658/sJWBMYsWYEc/00449,00449.mp4,The-United-Kingdom-1,France
voxceleb,dev,id05209/CELTtzLL42Q/00088,00088.mp4,The-United-Kingdom-1,The-United-States-of-America
voxceleb,dev,id00266/jaxd84ojsF4/00369,00369.mp4,The-United-Kingdom-1,The-United-Kingdom-1
voxceleb,dev,id06242/g6BvLJlDwmw/00040,00040.mp4,The-United-Kingdom-1,The-United-States-of-America
voxceleb,dev,id04458/JcOzeDPtg3U/00130,00130.mp4,The-United-Kingdom-1,France
voxceleb,dev,id02350/SdtNdPZa0Y4/00166,00166.mp4,The-Republic-of-Ireland,The-United-States-of-America
voxceleb,dev,id07045/pakoeIKXRe0/00283,00283.mp4,India,India
voxceleb,dev,id07181/dNh9-wlEiPc/00328,00328.mp4,India,India
voxceleb,dev,id03605/GpV9nR_aZIM/00015,00015.mp4,The-United-States-of-America,Soviet-Union-1
voxceleb,dev,id08688/3J3gnoNbVKk/00003,00003.mp4,The-United-Kingdom-1,The-United-States-of-America
voxceleb,dev,id06683/oCEwTlhYT0A/00209,00209.mp4,Ghana,France
voxceleb,dev,id08605/LQ9dQKc5riY/00027,00027.mp4,The-United-States-of-America,The-United-States-of-America
voxceleb,dev,id04375/kCuG25lb2GE/00246,00246.mp4,The-United-States-of-America,The-United-States-of-America
voxceleb,dev,id07050/c3FgyITfAgg/00281,00281.mp4,India,India
voxceleb,dev,id01005/lJZrqhcRFSA/00018,00018.mp4,The-United-Kingdom-1,The-United-Kingdom-1
voxceleb,dev,id03098/y1O-G6iJDvI/00111,00111.mp4,The-United-Kingdom-1,New-Zealand
voxceleb,dev,id07108/LRGPdo7rukE/00127,00127.mp4,India,India
voxceleb,dev,id04999/RfKQwrbJQog/00061,00061.mp4,The-United-Kingdom-1,Denmark
voxceleb,dev,id08604/QkHwESW81D4/00236,00236.mp4,The-United-Kingdom-1,The-United-Kingdom-1
voxceleb,dev,id03502/gGZOSvy-jwo/00312,00312.mp4,India,unknown
voxceleb,dev,id06357/aNfebgSgy_c/00035,00035.mp4,The-United-Kingdom-1,Sweden
voxceleb,dev,id04097/n0Gnl7MYUVk/00412,00412.mp4,The-United-States-of-America,The-United-States-of-America
voxceleb,dev,id07299/l7FWybqqkFY/00402,00402.mp4,The-United-States-of-America,The-United-States-of-America
voxceleb,dev,id08501/T19NKY-WVxc/00179,00179.mp4,The-United-Kingdom-1,The-United-Kingdom-1
voxceleb,dev,id04534/Pkwlf5colWw/00205,00205.mp4,The-United-Kingdom-1,France
voxceleb,dev,id09116/c0ZdupbqwIk/00127,00127.mp4,China,The-United-States-of-America
voxceleb,dev,id05104/glzL4mCTFyo/00304,00304.mp4,The-United-Kingdom-1,Germany
voxceleb,dev,id01403/NJymssKPfiA/00076,00076.mp4,The-United-Kingdom-1,The-United-States-of-America
voxceleb,dev,id08014/5xsjl5y9Mos/00017,00017.mp4,The-United-Kingdom-1,Canada
voxceleb,dev,id03205/pWgQWxOjRSE/00216,00216.mp4,The-United-Kingdom-1,The-United-Kingdom-1
voxceleb,dev,id04903/Kx8JlBTK3KQ/00200,00200.mp4,The-United-States-of-America,The-United-States-of-America
voxceleb,dev,id00654/nNJfbz9_SLw/00162,00162.mp4,The-United-Kingdom-1,France
voxceleb,dev,id05167/GB7V5KHZWiA/00093,00093.mp4,India,The-United-States-of-America
voxceleb,dev,id00062/gFIkd4hYqp8/00341,00341.mp4,The-United-States-of-America,The-United-States-of-America
voxceleb,dev,id08078/Haj9l7v6GeY/00051,00051.mp4,The-United-Kingdom-1,Switzerland
voxceleb,dev,id00664/RLxOGzdwlHY/00112,00112.mp4,The-Republic-of-Ireland,Kingdom-of-the-Netherlands
voxceleb,dev,id04171/TDjH_BMvwOw/00043,00043.mp4,The-Republic-of-Ireland,Canada
voxceleb,dev,id06006/LxSDu8HB8C0/00041,00041.mp4,The-United-Kingdom-1,Denmark
voxceleb,dev,id02203/oXkcaUTUWDI/00197,00197.mp4,The-Republic-of-Ireland,Germany
voxceleb,dev,id00184/SqJT2EXQpsk/00204,00204.mp4,The-United-States-of-America,The-United-States-of-America
voxceleb,dev,id01683/aW_w0U85J94/00167,00167.mp4,Singapore,Malaysia
voxceleb,dev,id01263/qyDIiSjru-I/00283,00283.mp4,The-United-Kingdom-1,Germany
voxceleb,dev,id08313/n8OW16OTClc/00172,00172.mp4,India,India
voxceleb,dev,id06798/DI8dTd1r_vg/00101,00101.mp4,Brazil,Germany
voxceleb,dev,id00192/NwZjQjPD7Aw/00173,00173.mp4,The-Republic-of-Ireland,The-United-Kingdom-1
voxceleb,dev,id04163/vLumT8mIY50/00442,00442.mp4,The-United-States-of-America,The-United-States-of-America
voxceleb,dev,id00960/95p2IAkqQ5E/00054,00054.mp4,The-United-Kingdom-1,France
voxceleb,dev,id05263/jLCgZhCKMc4/00101,00101.mp4,The-United-Kingdom-1,The-United-Kingdom-1
voxceleb,dev,id03934/Ghs2Z8cJVDE/00035,00035.mp4,The-United-Kingdom-1,Canada
voxceleb,dev,id00785/fav3KUI_euY/00232,00232.mp4,The-United-Kingdom-1,France
voxceleb,dev,id05585/Dm9DxDfCSU8/00044,00044.mp4,The-United-Kingdom-1,Sweden
voxceleb,dev,id05737/mLvczHIiveM/00425,00425.mp4,The-United-States-of-America,unknown
voxceleb,dev,id06448/fN4WE2aT8To/00259,00259.mp4,The-United-Kingdom-1,The-United-Kingdom-1
voxceleb,dev,id00060/9bGjpQkzvQg/00072,00072.mp4,The-United-Kingdom-1,The-United-States-of-America
voxceleb,dev,id03763/OhaiIi1vihE/00124,00124.mp4,The-United-Kingdom-1,Canada
voxceleb,dev,id05189/vam2GBpymDw/00368,00368.mp4,The-United-States-of-America,The-United-States-of-America
voxceleb,dev,id00492/WCzojXiQVYY/00178,00178.mp4,The-United-States-of-America,The-United-States-of-America
voxceleb,dev,id08860/AvqMp650OMg/00134,00134.mp4,The-United-States-of-America,Mexico
voxceleb,dev,id07902/XeKjSh2j5dY/00174,00174.mp4,The-United-Kingdom-1,Switzerland
voxceleb,dev,id05198/wFbF3hGn2l4/00259,00259.mp4,The-Republic-of-Ireland,France
voxceleb,dev,id06988/63MkOPxQeWA/00074,00074.mp4,Hong-Kong,Germany
voxceleb,dev,id01746/PoI7xXePmA0/00273,00273.mp4,Italy,Italy
voxceleb,dev,id01648/F7zK2UgERQs/00134,00134.mp4,The-United-Kingdom-1,The-United-States-of-America
voxceleb,dev,id04855/i3oarlfl710/00474,00474.mp4,The-United-Kingdom-1,Germany
voxceleb,dev,id07010/_Gr-4_VwGoA/00283,00283.mp4,Italy,Italy
voxceleb,dev,id05740/ybZRn_kzD1k/00168,00168.mp4,The-United-Kingdom-1,Germany
voxceleb,dev,id06951/wNMNfhlIwR4/00205,00205.mp4,The-United-States-of-America,The-United-States-of-America
voxceleb,dev,id05915/UYZW0wsjhpU/00059,00059.mp4,The-United-Kingdom-1,Australia
voxceleb,dev,id01728/1-Nx5VAT6uQ/00004,00004.mp4,The-United-Kingdom-1,Germany
voxceleb,dev,id02059/xYEfs4jlFiQ/00113,00113.mp4,The-United-Kingdom-1,France
voxceleb,dev,id01969/STfAiI6hF9k/00077,00077.mp4,The-United-States-of-America,The-United-States-of-America
voxceleb,dev,id08013/iLQdbOgE6S8/00159,00159.mp4,Sri-Lanka,Jamaica
voxceleb,dev,id09194/4pynHTdvtrs/00094,00094.mp4,The-Republic-of-Ireland,Croatia
voxceleb,dev,id04930/XUyWo9sx-IQ/00211,00211.mp4,India,India
voxceleb,dev,id04538/McK8bPR8pzU/00175,00175.mp4,The-United-States-of-America,The-United-States-of-America
voxceleb,dev,id02236/l5gzqp-z6Ik/00213,00213.mp4,The-United-Kingdom-1,France
voxceleb,dev,id04538/d2aAF8FuGN8/00266,00266.mp4,The-United-Kingdom-1,The-United-States-of-America
voxceleb,dev,id05993/KvPs4IuEXm4/00112,00112.mp4,The-Republic-of-Ireland,The-United-Kingdom-1
voxceleb,dev,id05191/LM2dAzlA4ZE/00074,00074.mp4,The-United-States-of-America,The-United-States-of-America
voxceleb,dev,id03863/DDwavY4arWs/00031,00031.mp4,The-United-States-of-America,The-United-States-of-America
voxceleb,dev,id07095/Ag9QGvN07iE/00007,00007.mp4,Malaysia,unknown
voxceleb,dev,id02899/T6glkMPAEe4/00236,00236.mp4,The-United-Kingdom-1,Kingdom-of-the-Netherlands
voxceleb,dev,id01029/RvqpW2DRxTw/00104,00104.mp4,The-Republic-of-Ireland,Canada
voxceleb,dev,id08839/f4AxNe1ZabY/00215,00215.mp4,The-Philippines-1,The-Philippines-1
voxceleb,dev,id01010/RkWhEci1Bv8/00171,00171.mp4,The-United-Kingdom-1,The-United-States-of-America
voxceleb,dev,id06380/5hb9VYMtIG4/00013,00013.mp4,The-United-Kingdom-1,The-United-Kingdom-1
voxceleb,dev,id07847/WG2PHF7Plsw/00116,00116.mp4,The-United-States-of-America,The-United-States-of-America
voxceleb,dev,id07429/b07jc3SAY-E/00212,00212.mp4,The-United-Kingdom-1,The-United-States-of-America
voxceleb,dev,id01159/NjsAXbOIDac/00095,00095.mp4,The-United-States-of-America,The-United-States-of-America
voxceleb,dev,id04254/l0SexptUjmQ/00308,00308.mp4,The-United-States-of-America,The-United-States-of-America
voxceleb,dev,id08278/GACFiEF2SGM/00266,00266.mp4,The-United-Kingdom-1,The-United-States-of-America
voxceleb,dev,id06973/XnY-ECUcsIk/00067,00067.mp4,The-Republic-of-Ireland,The-United-Kingdom-1
voxceleb,dev,id05923/9u2qJDB3y6w/00045,00045.mp4,Iran,Iran
voxceleb,dev,id01755/YhO-5mwwq-U/00249,00249.mp4,The-United-Kingdom-1,The-United-Kingdom-1
voxceleb,dev,id01070/k_O6JQegFwo/00160,00160.mp4,Ghana,Malawi
voxceleb,dev,id07370/cRi_xgPy__o/00132,00132.mp4,The-United-Kingdom-1,The-United-States-of-America
voxceleb,dev,id02793/zX8e_EAYjKI/00058,00058.mp4,Turkey-country,Turkey-country
voxceleb,dev,id02150/_Q9BN4WUULI/00321,00321.mp4,The-United-Kingdom-1,The-United-Kingdom-1
voxceleb,dev,id06168/k9JiJacfyK0/00119,00119.mp4,The-United-Kingdom-1,The-United-States-of-America
voxceleb,dev,id07564/h7t7F0sIgdg/00235,00235.mp4,The-United-States-of-America,Australia
voxceleb,dev,id02715/QT5Tb2crN68/00102,00102.mp4,The-United-Kingdom-1,Brazil
voxceleb,dev,id04988/xXH2LBDwAhQ/00444,00444.mp4,The-United-Kingdom-1,Canada
voxceleb,dev,id04333/2U8a2gKBFE8/00014,00014.mp4,The-United-Kingdom-1,Malta
voxceleb,dev,id09095/XEt1pQjg_q8/00029,00029.mp4,The-United-Kingdom-1,France
voxceleb,dev,id08567/IF8zBlVCi3Q/00047,00047.mp4,The-United-Kingdom-1,The-United-Kingdom-1
voxceleb,dev,id08657/s7U7MvIWkL4/00160,00160.mp4,The-United-Kingdom-1,Australia
voxceleb,dev,id02437/7Fqx1Z_-P_U/00091,00091.mp4,The-Republic-of-Ireland,Turkey-country
voxceleb,dev,id04453/L1xERjyzCxo/00043,00043.mp4,The-Republic-of-Ireland,France
voxceleb,dev,id04645/Yaa8kL52cHA/00157,00157.mp4,The-United-Kingdom-1,The-United-States-of-America
voxceleb,dev,id01054/51nqKAjmIzg/00074,00074.mp4,The-United-States-of-America,The-United-States-of-America
voxceleb,dev,id01006/91ShEyUks5U/00079,00079.mp4,The-United-Kingdom-1,The-United-States-of-America
voxceleb,dev,id02084/6v8xE9yZd6g/00016,00016.mp4,The-United-Kingdom-1,The-United-States-of-America
voxceleb,dev,id05265/aP_3KlaD7cY/00135,00135.mp4,The-Republic-of-Ireland,France
voxceleb,dev,id02281/Rx0OXweKKpI/00342,00342.mp4,The-United-Kingdom-1,Austria
voxceleb,dev,id00664/TzhJEGhnp0w/00122,00122.mp4,The-Republic-of-Ireland,Kingdom-of-the-Netherlands
voxceleb,dev,id06052/rzEWSIxgFwM/00105,00105.mp4,The-United-States-of-America,The-United-States-of-America
voxceleb,dev,id05020/ILq5JQjyefc/00045,00045.mp4,Japan,The-United-States-of-America
voxceleb,dev,id08414/LY0LZMo7krU/00176,00176.mp4,The-United-Kingdom-1,Australia
voxceleb,dev,id08241/ptq8aFQaBKs/00347,00347.mp4,The-United-Kingdom-1,The-United-Kingdom-1
voxceleb,dev,id01561/ZKZ-kpYYf3o/00036,00036.mp4,The-United-States-of-America,The-United-States-of-America
voxceleb,dev,id02462/9GBUySKfipc/00079,00079.mp4,The-United-Kingdom-1,The-United-States-of-America
voxceleb,dev,id08694/vfzYVqBpuGQ/00480,00480.mp4,The-United-States-of-America,The-United-States-of-America
voxceleb,dev,id00084/YE3WT3v7vi8/00336,00336.mp4,India,India
voxceleb,dev,id01121/z-bpMlmsFGM/00447,00447.mp4,India,The-United-States-of-America
voxceleb,dev,id02887/208o7jsEsHA/00008,00008.mp4,The-United-Kingdom-1,France
voxceleb,dev,id01893/pcllMewaBCY/00269,00269.mp4,The-United-Kingdom-1,The-United-Kingdom-1
voxceleb,dev,id07895/OKwjnM1n6K0/00107,00107.mp4,The-United-Kingdom-1,Argentina
voxceleb,dev,id04274/nFRUWjPtlug/00295,00295.mp4,The-United-States-of-America,The-United-States-of-America
voxceleb,dev,id00287/gvPM4ePeZ0s/00098,00098.mp4,The-United-Kingdom-1,unknown
voxceleb,dev,id03950/D60yjEbQnDg/00018,00018.mp4,The-United-States-of-America,The-United-States-of-America
voxceleb,dev,id07088/xJ6LVZKTHDg/00262,00262.mp4,The-Republic-of-Ireland,The-Czech-Republic-1
voxceleb,dev,id04781/wlfwyG32BDM/00105,00105.mp4,The-Republic-of-Ireland,Kingdom-of-the-Netherlands
voxceleb,dev,id05994/O2Awj-SFUWs/00112,00112.mp4,The-United-Kingdom-1,The-United-States-of-America
voxceleb,dev,id05576/vg5vZ92_GHQ/00482,00482.mp4,Japan,The-United-States-of-America
voxceleb,dev,id06252/Qjmf0CvHIyI/00315,00315.mp4,South-Africa,South-Africa
voxceleb,dev,id03931/W901JJzfaN4/00284,00284.mp4,The-Republic-of-Ireland,France
voxceleb,dev,id07344/Mhq_amvz_6o/00275,00275.mp4,India,The-United-States-of-America
voxceleb,dev,id06952/DJI6Zug0ld8/00075,00075.mp4,The-United-Kingdom-1,Germany
voxceleb,dev,id05027/vmd-u5ZQk7o/00388,00388.mp4,The-United-States-of-America,The-United-States-of-America
voxceleb,dev,id07988/RI_DW0Un3kw/00060,00060.mp4,The-United-States-of-America,The-United-States-of-America
voxceleb,dev,id00529/u-SlAQAZdfE/00386,00386.mp4,The-United-Kingdom-1,The-United-States-of-America
voxceleb,dev,id03710/dTq0ZcOqKKc/00079,00079.mp4,The-Republic-of-Ireland,Belgium
voxceleb,dev,id03373/vQWyEF5wW4U/00103,00103.mp4,The-United-Kingdom-1,The-United-Kingdom-1
voxceleb,dev,id02935/661N9FkupSY/00004,00004.mp4,Brazil,Brazil
voxceleb,dev,id00186/oiSsAOV6MvQ/00219,00219.mp4,The-United-Kingdom-1,The-United-Kingdom-1
voxceleb,dev,id06267/YmKhR0VBo4M/00041,00041.mp4,India,India
voxceleb,dev,id06135/7sLPQBMQPwU/00008,00008.mp4,The-Republic-of-Ireland,Australia
voxceleb,dev,id06059/_RkLMVHtOA4/00035,00035.mp4,The-United-Kingdom-1,Spain
voxceleb,dev,id01960/pPaoXJUAblg/00392,00392.mp4,Israel,The-United-States-of-America
voxceleb,dev,id05035/DGdvZyC4Xv4/00015,00015.mp4,The-Republic-of-Ireland,France
voxceleb,dev,id06485/sxSJokjUvS8/00298,00298.mp4,The-Republic-of-Ireland,The-United-States-of-America
voxceleb,dev,id04970/vYSbs8vK6_Y/00269,00269.mp4,India,India
voxceleb,dev,id03414/xWqBK6mdMEE/00405,00405.mp4,The-United-Kingdom-1,Weimar-Republic
voxceleb,dev,id04725/rcgUWuPcd0I/00116,00116.mp4,The-Republic-of-Ireland,The-United-Kingdom-1
voxceleb,dev,id04580/pKxoQmUStgY/00042,00042.mp4,Israel,Mexico
voxceleb,dev,id03088/OiQr3kCNCvI/00193,00193.mp4,The-United-Kingdom-1,The-United-States-of-America
voxceleb,dev,id08805/HMihN_mrqcg/00097,00097.mp4,Jordan-215,Ghana
voxceleb,dev,id06683/XaQriJ9lPLE/00115,00115.mp4,Senegal,France
voxceleb,dev,id00372/sewO_sDTkDU/00170,00170.mp4,The-United-Kingdom-1,The-United-States-of-America
voxceleb,dev,id07412/yE776ILazZw/00269,00269.mp4,The-United-States-of-America,The-United-States-of-America
voxceleb,dev,id04999/asKrqvBsuxU/00102,00102.mp4,The-United-Kingdom-1,Denmark
voxceleb,dev,id02222/tLftGyUsub0/00065,00065.mp4,The-United-States-of-America,The-United-States-of-America
voxceleb,dev,id07957/SpwvQ7UKFhE/00069,00069.mp4,The-United-States-of-America,The-United-States-of-America
voxceleb,dev,id07137/clJJhvL07BE/00141,00141.mp4,The-United-Kingdom-1,Croatia
voxceleb,dev,id07741/KAgyb8133ys/00181,00181.mp4,The-United-Kingdom-1,The-United-States-of-America
voxceleb,dev,id00865/sRNXcu5nUZw/00122,00122.mp4,The-Czech-Republic-1,France
voxceleb,dev,id08795/UfgYgxRQagI/00165,00165.mp4,The-United-States-of-America,The-United-States-of-America
voxceleb,dev,id02339/27hs7NXkU6s/00018,00018.mp4,The-United-Kingdom-1,Germany
voxceleb,dev,id07366/pk31H07_p-g/00031,00031.mp4,The-United-States-of-America,The-United-States-of-America
voxceleb,dev,id00378/dU4RjN8rBb0/00312,00312.mp4,India,India
voxceleb,dev,id04422/Rq_uVO7lzgw/00085,00085.mp4,The-United-Kingdom-1,The-United-States-of-America
voxceleb,dev,id00432/ok_giH0QEDI/00157,00157.mp4,The-United-Kingdom-1,The-United-Kingdom-1
voxceleb,dev,id02585/2dLJOlXp2yw/00038,00038.mp4,The-United-Kingdom-1,Canada
voxceleb,dev,id07496/M2W2T3Y4ADg/00030,00030.mp4,The-United-Kingdom-1,Brazil
voxceleb,dev,id02070/MZOWO-Rbmmo/00021,00021.mp4,The-United-Kingdom-1,The-Republic-of-Ireland
voxceleb,dev,id07413/XR0jnAqUD9A/00140,00140.mp4,The-Republic-of-Ireland,The-United-States-of-America
voxceleb,dev,id05527/5BZmKqfv6D4/00029,00029.mp4,The-United-Kingdom-1,Germany
voxceleb,dev,id00829/ua8BA3vPHf0/00465,00465.mp4,The-United-Kingdom-1,The-United-States-of-America
voxceleb,dev,id00103/FaymJ3xp0Wo/00048,00048.mp4,India,India
voxceleb,dev,id09016/Xc2WVXBlk2Y/00251,00251.mp4,Ghana,Kenya
voxceleb,dev,id04590/ylhuFHeZ3UM/00307,00307.mp4,The-United-Kingdom-1,The-United-States-of-America
voxceleb,dev,id04486/sjIklKzfzn8/00415,00415.mp4,Canada,Canada
voxceleb,dev,id05621/8bdHQ7IzCmw/00011,00011.mp4,The-United-Kingdom-1,France
voxceleb,dev,id06717/mkSgLbhghxM/00351,00351.mp4,The-United-States-of-America,The-United-States-of-America
voxceleb,dev,id00823/zJpFop9UhVs/00455,00455.mp4,The-United-Kingdom-1,The-United-States-of-America
voxceleb,dev,id08983/76OBcGJHhko/00107,00107.mp4,The-United-Kingdom-1,The-United-Kingdom-1
voxceleb,dev,id07560/lpG3qXtF5mo/00388,00388.mp4,The-United-Kingdom-1,The-United-Kingdom-1
voxceleb,dev,id04031/2Ji2RcZqmAI/00043,00043.mp4,The-United-States-of-America,The-United-States-of-America
voxceleb,dev,id03705/92WlVAL0vdI/00101,00101.mp4,The-United-Kingdom-1,The-United-States-of-America
voxceleb,dev,id05150/spZk3w3bkjk/00107,00107.mp4,The-United-Kingdom-1,The-United-Kingdom-1
voxceleb,dev,id05751/hH4lMG8Zuu0/00191,00191.mp4,The-United-States-of-America,The-United-States-of-America
voxceleb,dev,id08261/y-7gWsoXtUw/00395,00395.mp4,China,The-United-States-of-America
voxceleb,dev,id01218/cksJiiPRiSE/00208,00208.mp4,The-United-Kingdom-1,France
voxceleb,dev,id00981/CKJS6ZBGHlw/00047,00047.mp4,The-United-Kingdom-1,Australia
voxceleb,dev,id08653/cmEd-JRNMRs/00230,00230.mp4,The-Republic-of-Ireland,The-United-Kingdom-1
voxceleb,dev,id05468/_aLsh3U_SHw/00077,00077.mp4,India,India
voxceleb,dev,id06022/QRM3BnxU1z8/00035,00035.mp4,The-United-Kingdom-1,The-United-States-of-America
voxceleb,dev,id02873/sGIuyRIKvzA/00430,00430.mp4,The-United-States-of-America,The-United-States-of-America
voxceleb,dev,id06509/Tin1n-Wdlck/00066,00066.mp4,The-United-Kingdom-1,The-United-States-of-America
voxceleb,dev,id03020/5ks9-UGkgyA/00013,00013.mp4,The-United-Kingdom-1,The-United-States-of-America
voxceleb,dev,id02830/4o_vv8wzXiQ/00032,00032.mp4,The-United-Kingdom-1,France
voxceleb,dev,id06355/JRxKMjV5oIo/00217,00217.mp4,India,India
voxceleb,dev,id00613/esQaK_1IdaI/00215,00215.mp4,The-United-Kingdom-1,The-United-States-of-America
voxceleb,dev,id00529/k1kyBU4ebR8/00327,00327.mp4,The-United-Kingdom-1,The-United-States-of-America
voxceleb,dev,id01104/H0SucrtcoNs/00014,00014.mp4,The-United-States-of-America,The-United-States-of-America
voxceleb,dev,id07295/KEVSOyQir4g/00159,00159.mp4,India,India
voxceleb,dev,id08923/arUCnRnuvXQ/00149,00149.mp4,The-United-Kingdom-1,Belgium
voxceleb,dev,id00272/_KSMC7knyr8/00228,00228.mp4,The-United-States-of-America,The-United-States-of-America
voxceleb,dev,id04224/1PmUBWSJVVM/00005,00005.mp4,The-United-Kingdom-1,The-United-States-of-America
voxceleb,dev,id02539/89D2Hm7El34/00029,00029.mp4,The-United-Kingdom-1,The-United-Kingdom-1
voxceleb,dev,id05917/TJWBnhplUXI/00070,00070.mp4,The-United-Kingdom-1,The-United-States-of-America
voxceleb,dev,id05988/u1prZFNIFeM/00115,00115.mp4,The-Republic-of-Ireland,Australia
voxceleb,dev,id03336/LXp1H2C1fAc/00164,00164.mp4,Pakistan,India
voxceleb,dev,id06134/zH63q2cb3MU/00105,00105.mp4,The-United-Kingdom-1,Croatia
voxceleb,dev,id06717/Isg7whGW88U/00133,00133.mp4,The-United-Kingdom-1,The-United-States-of-America
voxceleb,dev,id08533/cFL54ofwbvs/00225,00225.mp4,Germany,Germany
voxceleb,dev,id08781/P8tDMYXyvm0/00292,00292.mp4,The-United-Kingdom-1,Austria
voxceleb,dev,id05444/heRP_cu8m9U/00060,00060.mp4,The-Philippines-1,The-Philippines-1
voxceleb,dev,id03686/XBJb5okXl8o/00073,00073.mp4,The-United-States-of-America,The-United-Kingdom-1
voxceleb,dev,id01185/SCibP0-5kNY/00034,00034.mp4,The-United-Kingdom-1,Norway
voxceleb,dev,id07349/Qx-9nokj0BA/00244,00244.mp4,The-United-Kingdom-1,New-Zealand
voxceleb,dev,id00715/IhCBv2-BgiI/00060,00060.mp4,The-United-Kingdom-1,Italy
voxceleb,dev,id04013/D6UaQCsbKI0/00029,00029.mp4,The-United-States-of-America,The-United-States-of-America
voxceleb,dev,id00948/RjfH4oHj1GA/00042,00042.mp4,The-United-Kingdom-1,The-United-Kingdom-1
voxceleb,dev,id00848/0f_P-N6MN6U/00005,00005.mp4,The-United-Kingdom-1,The-United-States-of-America
voxceleb,dev,id08414/luJve2WVpAI/00342,00342.mp4,The-United-Kingdom-1,Australia
voxceleb,dev,id04956/I5MVe5Wpwz0/00015,00015.mp4,The-United-Kingdom-1,The-United-States-of-America
voxceleb,dev,id07389/3vQWYlqFbC4/00001,00001.mp4,The-Republic-of-Ireland,Nigeria
voxceleb,dev,id06724/Xb9vJLIiMhU/00163,00163.mp4,India,India
voxceleb,dev,id00324/vfeooXprodI/00311,00311.mp4,The-United-Kingdom-1,Sweden
voxceleb,dev,id08781/0FjXcFo70LE/00003,00003.mp4,The-United-Kingdom-1,Austria
voxceleb,dev,id04974/D9XztAs37L8/00137,00137.mp4,India,India
voxceleb,dev,id03304/jsbdvTwDL_Y/00308,00308.mp4,The-United-States-of-America,The-United-States-of-America
voxceleb,dev,id07564/hd9JVShkohA/00262,00262.mp4,The-United-Kingdom-1,Australia
voxceleb,dev,id00395/BwqAP9mICR0/00061,00061.mp4,The-United-States-of-America,The-United-States-of-America
voxceleb,dev,id01806/wM5HiBBXbk4/00452,00452.mp4,The-United-Kingdom-1,England
voxceleb,dev,id04997/QkGVu-gJiMs/00225,00225.mp4,The-United-States-of-America,The-United-States-of-America
voxceleb,dev,id07441/bizn8TVtPaE/00177,00177.mp4,The-United-States-of-America,Italy
voxceleb,dev,id04698/cdn4qiExYKI/00242,00242.mp4,The-United-Kingdom-1,The-United-States-of-America
voxceleb,dev,id03245/r6YEh_Ip_SM/00045,00045.mp4,The-United-Kingdom-1,The-United-States-of-America
voxceleb,dev,id08700/CNH89Zu_8s0/00066,00066.mp4,The-United-States-of-America,Spain
voxceleb,dev,id03682/9aGrMR8xjAg/00087,00087.mp4,Canada,Canada
voxceleb,dev,id03246/5LFCm6XAszA/00029,00029.mp4,The-United-Kingdom-1,Denmark
voxceleb,dev,id04742/wFzD-NJHcXs/00442,00442.mp4,The-United-Kingdom-1,The-United-States-of-America
voxceleb,dev,id07565/LkT3zEu1Hv4/00095,00095.mp4,The-United-Kingdom-1,The-United-States-of-America
voxceleb,dev,id02216/Re_5ESX9JdE/00095,00095.mp4,India,unknown
voxceleb,dev,id01330/c1FXh5f0p0c/00099,00099.mp4,The-Republic-of-Ireland,France
voxceleb,dev,id00086/AS3Ajyn7vk0/00089,00089.mp4,Israel,India
voxceleb,dev,id00282/beDotHGuvLE/00198,00198.mp4,The-United-Kingdom-1,Sweden
voxceleb,dev,id05838/UY_AZ9DpSCI/00132,00132.mp4,The-United-Kingdom-1,Belgium
voxceleb,dev,id01021/jToa1qqxuyE/00083,00083.mp4,India,unknown
voxceleb,dev,id00513/XOVTbqglLXQ/00259,00259.mp4,The-United-Kingdom-1,Germany
voxceleb,dev,id03057/mwYrC-X3fp8/00098,00098.mp4,The-Republic-of-Ireland,France
voxceleb,dev,id02299/f69c_wLwXWQ/00346,00346.mp4,The-United-Kingdom-1,The-United-States-of-America
voxceleb,dev,id03201/xmwmc5lAqhQ/00375,00375.mp4,The-United-Kingdom-1,The-United-States-of-America
voxceleb,dev,id08860/iRTR8Jjtrn0/00279,00279.mp4,Mexico,Mexico
voxceleb,dev,id01387/zc4eT65xm6I/00498,00498.mp4,The-United-States-of-America,The-United-States-of-America
voxceleb,dev,id07818/Bi8P_cpDSQE/00038,00038.mp4,India,Malaysia
voxceleb,dev,id07980/6Gfz3I-hvuU/00055,00055.mp4,India,British-Colonial-Rule
voxceleb,dev,id08323/bZnxqAPPLcQ/00287,00287.mp4,India,Nepal
voxceleb,dev,id03371/Xeqt7E22FAs/00217,00217.mp4,New-Zealand,The-United-Kingdom-1
voxceleb,dev,id04284/_MAxIq6hADc/00167,00167.mp4,The-United-Kingdom-1,Canada
voxceleb,dev,id01993/f_X6-T4m0uU/00093,00093.mp4,The-United-Kingdom-1,The-Republic-of-Ireland
voxceleb,dev,id01858/xvcoORdt9MY/00138,00138.mp4,India,British-Colonial-Rule
voxceleb,dev,id05519/C81QfJGjFU0/00007,00007.mp4,The-United-Kingdom-1,Switzerland
voxceleb,dev,id03744/IrT00qEQyAg/00087,00087.mp4,The-United-Kingdom-1,France
voxceleb,dev,id03690/dKbD8E3JbF4/00134,00134.mp4,The-United-Kingdom-1,The-United-Kingdom-1
voxceleb,dev,id05693/zLZAZsuiDgY/00493,00493.mp4,The-United-Kingdom-1,The-United-States-of-America
voxceleb,dev,id03824/zK2uoSD_d3k/00491,00491.mp4,The-United-Kingdom-1,Slovenia
voxceleb,dev,id00830/qIpwYGBuYKQ/00138,00138.mp4,The-United-States-of-America,The-United-States-of-America
voxceleb,dev,id03227/HzB4KM2JwFE/00076,00076.mp4,The-United-Kingdom-1,Germany
voxceleb,dev,id06485/UWCQD_1BcFQ/00202,00202.mp4,The-United-States-of-America,The-United-States-of-America
voxceleb,dev,id07179/mOyXq6IofXA/00305,00305.mp4,India,India
voxceleb,dev,id04162/GD42t-POQdk/00023,00023.mp4,The-United-States-of-America,The-United-States-of-America
voxceleb,dev,id09016/Xc2WVXBlk2Y/00240,00240.mp4,Jamaica,Kenya
voxceleb,dev,id03658/0wGi1RlY_I0/00009,00009.mp4,South-Africa,The-United-States-of-America
voxceleb,dev,id01405/FdnBX5BbD4E/00017,00017.mp4,The-United-Kingdom-1,The-United-States-of-America
voxceleb,dev,id04557/VSNF72sX9nA/00024,00024.mp4,The-United-Kingdom-1,The-United-States-of-America
voxceleb,dev,id02593/x5GLzG_jB9U/00472,00472.mp4,The-United-States-of-America,The-United-States-of-America
voxceleb,dev,id01499/qtvVCTakV3k/00064,00064.mp4,The-United-States-of-America,The-United-States-of-America
voxceleb,dev,id08730/by3sQOons6g/00176,00176.mp4,The-United-States-of-America,The-United-States-of-America
voxceleb,dev,id09030/J51HdMgu9Pg/00079,00079.mp4,The-United-Kingdom-1,Germany
voxceleb,dev,id05291/PAZ10Ne4jkI/00047,00047.mp4,The-United-Kingdom-1,Italy
voxceleb,dev,id04837/ijXeXqZM3Wg/00044,00044.mp4,The-United-States-of-America,unknown
voxceleb,dev,id02998/jp_hkmVp7JU/00275,00275.mp4,India,India
voxceleb,dev,id01527/GSYf4DAHkeI/00032,00032.mp4,The-United-Kingdom-1,The-United-States-of-America
voxceleb,dev,id01785/bGi_JYdC0U0/00056,00056.mp4,The-United-Kingdom-1,The-United-Kingdom-1
voxceleb,dev,id05257/ZU9YvFmPSIw/00353,00353.mp4,The-United-States-of-America,The-United-States-of-America
voxceleb,dev,id05044/DT8BCFPTUwo/00032,00032.mp4,The-Republic-of-Ireland,France
voxceleb,dev,id06949/RlaKjwIBhsc/00118,00118.mp4,The-United-States-of-America,The-United-States-of-America
voxceleb,dev,id02020/f6uJMcrCxAk/00041,00041.mp4,The-United-Kingdom-1,unknown
voxceleb,dev,id04145/AG4K7n6gH3k/00063,00063.mp4,The-United-Kingdom-1,The-United-States-of-America
voxceleb,dev,id07015/7R4Zd9V5wRI/00098,00098.mp4,The-Republic-of-Ireland,France
voxceleb,dev,id07984/lqdUNoMP9zk/00073,00073.mp4,India,India
voxceleb,dev,id03288/L0a5X0BnWKY/00158,00158.mp4,The-United-Kingdom-1,Germany
voxceleb,dev,id02437/zp1JqOrk5QE/00498,00498.mp4,The-Republic-of-Ireland,Turkey-country
voxceleb,dev,id04263/fkfjmYuxpKs/00126,00126.mp4,The-United-States-of-America,The-United-States-of-America
voxceleb,dev,id03315/F2QedtiibJs/00034,00034.mp4,The-United-States-of-America,Bosnia-and-Herzegovina
voxceleb,dev,id01216/L1-fSce0Hgc/00032,00032.mp4,The-United-States-of-America,The-United-States-of-America
voxceleb,dev,id04284/ZLCGMA8d3m8/00137,00137.mp4,The-United-Kingdom-1,Canada
voxceleb,dev,id05384/Vwr7d-I_Tdw/00231,00231.mp4,Japan,Taiwan
voxceleb,dev,id01682/U6hJvnhzROU/00069,00069.mp4,The-United-Kingdom-1,The-United-States-of-America
voxceleb,dev,id04488/svlyyZCqitI/00380,00380.mp4,The-United-Kingdom-1,The-United-Kingdom-1
voxceleb,dev,id05057/45pGsPfQcog/00067,00067.mp4,The-United-Kingdom-1,The-United-States-of-America
voxceleb,dev,id06233/OG7cEbR3LWE/00063,00063.mp4,The-United-Kingdom-1,Italy
voxceleb,dev,id05707/XgkjBC8RLT8/00037,00037.mp4,The-Republic-of-Ireland,Kingdom-of-the-Netherlands
voxceleb,dev,id07338/nRdfB6hvbsk/00088,00088.mp4,The-United-Kingdom-1,The-United-States-of-America
voxceleb,dev,id04152/aX3R6XojrYk/00044,00044.mp4,The-United-Kingdom-1,The-United-Kingdom-1
voxceleb,dev,id06708/p4VXazwVaHc/00147,00147.mp4,Honduras,Guatemala
voxceleb,dev,id03651/lbNbBM9TLHQ/00262,00262.mp4,The-United-Kingdom-1,Slovakia-1
voxceleb,dev,id01160/AoNATRL-GtA/00149,00149.mp4,The-United-States-of-America,Canada
voxceleb,dev,id08593/kZd8jzuiMqM/00134,00134.mp4,The-United-States-of-America,The-United-States-of-America
voxceleb,dev,id08351/_9SVQGQz6Sg/00234,00234.mp4,Israel,France
voxceleb,dev,id05915/hsvNcsljQBs/00153,00153.mp4,The-United-Kingdom-1,Australia
voxceleb,dev,id01044/C-LAWcx01o4/00089,00089.mp4,The-United-States-of-America,The-United-States-of-America
voxceleb,dev,id05198/wFbF3hGn2l4/00266,00266.mp4,The-United-Kingdom-1,France
voxceleb,dev,id05552/_SDKesqNVcE/00228,00228.mp4,The-United-Kingdom-1,The-United-Kingdom-1
voxceleb,dev,id01269/qNrjcCvE1ks/00171,00171.mp4,The-Republic-of-Ireland,France
voxceleb,dev,id01768/uBYONihcqiA/00359,00359.mp4,The-United-States-of-America,The-United-States-of-America
voxceleb,dev,id08674/irJPjygYwBE/00186,00186.mp4,The-United-Kingdom-1,Austria
voxceleb,dev,id04207/Q8K7x8bTSZ0/00184,00184.mp4,The-United-Kingdom-1,The-United-States-of-America
voxceleb,dev,id07344/gRgjeUnvUmk/00401,00401.mp4,The-United-States-of-America,The-United-States-of-America
voxceleb,dev,id00784/SQog8w9vh3A/00157,00157.mp4,India,India
voxceleb,dev,id06062/DtV33gwqRuI/00163,00163.mp4,Brazil,The-United-States-of-America
voxceleb,dev,id01051/crslRQvnn1k/00197,00197.mp4,The-United-States-of-America,The-United-States-of-America
voxceleb,dev,id03721/aAa9urtnfjU/00251,00251.mp4,The-Republic-of-Ireland,Spain
voxceleb,dev,id02164/jUHoowjOoiU/00099,00099.mp4,India,India
voxceleb,dev,id03304/1brYeQtpJts/00008,00008.mp4,The-United-Kingdom-1,The-United-States-of-America
voxceleb,dev,id08110/jpyddhVD_os/00171,00171.mp4,The-United-Kingdom-1,Norway
voxceleb,dev,id06983/HY0wlAsc_7M/00114,00114.mp4,The-United-States-of-America,The-United-States-of-America
voxceleb,dev,id02469/AKFa63wWKOc/00009,00009.mp4,The-Czech-Republic-1,Kingdom-of-the-Netherlands
voxceleb,dev,id07834/U38auQQexGw/00167,00167.mp4,The-United-Kingdom-1,The-United-Kingdom-1
voxceleb,dev,id05426/BLj79nnQWKQ/00035,00035.mp4,The-United-Kingdom-1,unknown
voxceleb,dev,id06960/vjh4JX1_fkg/00226,00226.mp4,The-United-Kingdom-1,The-Czech-Republic-1
voxceleb,dev,id06983/HY0wlAsc_7M/00105,00105.mp4,The-United-States-of-America,The-United-States-of-America
voxceleb,dev,id06852/o11uYDPO7FI/00025,00025.mp4,The-Republic-of-Ireland,The-United-Kingdom-1
voxceleb,dev,id00788/cVHYwxpLN1o/00369,00369.mp4,The-United-States-of-America,The-United-States-of-America
voxceleb,dev,id07578/53yk80BL5HE/00057,00057.mp4,The-United-Kingdom-1,The-United-States-of-America
voxceleb,dev,id07991/KvVfse1ozek/00042,00042.mp4,The-United-States-of-America,The-United-States-of-America
voxceleb,dev,id01735/xBkPQwbiGAg/00079,00079.mp4,The-United-Kingdom-1,Italy
voxceleb,dev,id00755/W1I01Va4sQ4/00269,00269.mp4,The-United-States-of-America,The-United-States-of-America
voxceleb,dev,id04756/d-KozvNdh1w/00086,00086.mp4,The-United-Kingdom-1,The-United-Kingdom-1
voxceleb,dev,id00780/5ktrXd0LJL8/00006,00006.mp4,The-United-Kingdom-1,The-United-States-of-America
voxceleb,dev,id08349/KuH4B4z0jow/00041,00041.mp4,The-United-States-of-America,The-United-States-of-America
voxceleb,dev,id05341/rJeaESFGs6A/00150,00150.mp4,Spain,Brazil
voxceleb,dev,id01750/trENF0dMr_Q/00424,00424.mp4,The-United-Kingdom-1,The-United-States-of-America
voxceleb,dev,id09225/_4OeTVWHDFA/00157,00157.mp4,Colombia,Colombia
voxceleb,dev,id08746/3lf40OaOvpU/00023,00023.mp4,The-United-Kingdom-1,Germany
voxceleb,dev,id08159/Vpua9c8MZcc/00194,00194.mp4,Jordan-215,India
voxceleb,dev,id08125/Zwah8pJ5y8s/00136,00136.mp4,The-Republic-of-Ireland,Finland
voxceleb,dev,id01468/LwUok0JLGWc/00032,00032.mp4,The-United-Kingdom-1,The-United-States-of-America
voxceleb,dev,id07161/C9jsi8aiYE8/00054,00054.mp4,India,India
voxceleb,dev,id06782/RZGVTxZfBrY/00054,00054.mp4,India,The-United-Kingdom-1
voxceleb,dev,id01292/eHSAJd2Kp8U/00169,00169.mp4,The-United-Kingdom-1,Spain
voxceleb,dev,id06709/XjcJDW8gyUU/00052,00052.mp4,The-United-Kingdom-1,Germany
voxceleb,dev,id07218/wjXgkDsORBs/00108,00108.mp4,Brazil,Kingdom-of-the-Netherlands
voxceleb,dev,id03983/4PHBxTX0ftQ/00041,00041.mp4,The-United-Kingdom-1,The-United-States-of-America
voxceleb,dev,id08715/SGiM_36Gcts/00044,00044.mp4,India,India
voxceleb,dev,id01008/H6eMwlW4LM4/00006,00006.mp4,The-United-Kingdom-1,The-United-States-of-America
voxceleb,dev,id08464/0w-VyNXmFGw/00064,00064.mp4,The-United-Kingdom-1,Croatia
voxceleb,dev,id06936/9FF98gc_rgQ/00102,00102.mp4,The-United-Kingdom-1,The-United-States-of-America
voxceleb,dev,id05614/Gtzpt9afAlE/00044,00044.mp4,The-United-Kingdom-1,Denmark
voxceleb,dev,id06239/WVNtrHFW2PI/00277,00277.mp4,The-United-Kingdom-1,Germany
voxceleb,dev,id07672/U2aNqP2vaMQ/00139,00139.mp4,India,India
voxceleb,dev,id05536/IqppoHYnCow/00004,00004.mp4,The-Republic-of-Ireland,Italy
voxceleb,dev,id03328/f_OjLIg9GWc/00275,00275.mp4,The-United-Kingdom-1,Germany
voxceleb,dev,id05454/hotJXlpcbMs/00345,00345.mp4,Australia,Australia
voxceleb,dev,id00829/oEMmj1wlMTc/00425,00425.mp4,The-United-Kingdom-1,The-United-States-of-America
voxceleb,dev,id06839/b1bhkt5XlNI/00026,00026.mp4,The-United-Kingdom-1,The-United-Kingdom-1
voxceleb,dev,id03942/PZNwern1OBA/00281,00281.mp4,The-United-States-of-America,The-United-States-of-America
voxceleb,dev,id01751/GTne4SSFxY0/00043,00043.mp4,The-United-States-of-America,The-United-States-of-America
voxceleb,dev,id00385/Ai7FmkS58yI/00061,00061.mp4,The-United-Kingdom-1,The-United-States-of-America
voxceleb,dev,id08543/5K9jV_wucRY/00007,00007.mp4,India,India
voxceleb,dev,id05890/qLL9XdGEDfg/00116,00116.mp4,Jamaica,South-Africa
voxceleb,dev,id03774/taX9jzNQHS8/00114,00114.mp4,The-United-Kingdom-1,The-United-States-of-America
voxceleb,dev,id00385/NiRW5aB2jHo/00124,00124.mp4,The-United-Kingdom-1,The-United-States-of-America
voxceleb,dev,id01994/ITBb-b9Isns/00049,00049.mp4,The-United-Kingdom-1,Australia
voxceleb,dev,id07582/Dsswa-CFJhs/00037,00037.mp4,The-United-Kingdom-1,The-United-Kingdom-1
voxceleb,dev,id01681/oazEzpVe76o/00434,00434.mp4,The-United-Kingdom-1,Canada
voxceleb,dev,id06496/XeTNS9bLuNw/00265,00265.mp4,The-United-Kingdom-1,The-United-States-of-America
voxceleb,dev,id05228/83MXatFQh9E/00074,00074.mp4,The-United-Kingdom-1,Australia
voxceleb,dev,id01255/xSjFBr46byY/00210,00210.mp4,The-United-States-of-America,Canada
voxceleb,dev,id07360/7In7zy9LDS0/00063,00063.mp4,The-United-Kingdom-1,The-United-States-of-America
voxceleb,dev,id05666/Ng4YXNFdpBY/00192,00192.mp4,The-Republic-of-Ireland,France
voxceleb,dev,id04191/C1tF3PvQ288/00050,00050.mp4,The-United-Kingdom-1,Germany
voxceleb,dev,id07186/cK-tqDPuFVg/00361,00361.mp4,The-United-Kingdom-1,India
voxceleb,dev,id05843/fi9EQ0KS198/00212,00212.mp4,The-United-Kingdom-1,France
voxceleb,dev,id01255/X8DCLgMr2gQ/00085,00085.mp4,The-United-States-of-America,Canada
voxceleb,dev,id08933/SnIV_Ja49rk/00278,00278.mp4,The-United-Kingdom-1,India
voxceleb,dev,id04770/gu2JzJEZMq8/00190,00190.mp4,India,Pakistan
voxceleb,dev,id03241/HJlhwam510c/00014,00014.mp4,India,India
voxceleb,dev,id02579/Q0cBaXn9u3A/00076,00076.mp4,The-United-States-of-America,The-United-States-of-America
voxceleb,dev,id08568/hpDxw6_SQMo/00323,00323.mp4,The-United-Kingdom-1,The-United-States-of-America
voxceleb,dev,id02318/aDKYLDRUTpY/00191,00191.mp4,Israel,The-United-States-of-America
voxceleb,dev,id07268/Y2z8IYOoSug/00051,00051.mp4,The-United-Kingdom-1,Germany
voxceleb,dev,id01907/O-vAXOdCX9E/00197,00197.mp4,Ghana,The-United-States-of-America
voxceleb,dev,id01743/0XADUxMVGnE/00009,00009.mp4,The-United-States-of-America,The-United-States-of-America
voxceleb,dev,id05648/B9F3RbRijJo/00057,00057.mp4,The-United-Kingdom-1,The-United-States-of-America
voxceleb,dev,id03687/Q482JFBc0O0/00034,00034.mp4,The-United-Kingdom-1,unknown
voxceleb,dev,id04091/Ok8saIFGlGI/00136,00136.mp4,The-Republic-of-Ireland,The-United-Kingdom-1
voxceleb,dev,id05422/IKOfS3nRJnM/00016,00016.mp4,The-United-Kingdom-1,Slovakia-1
voxceleb,dev,id00869/jOwYtpEGjOE/00167,00167.mp4,India,India
voxceleb,dev,id05147/Nv0MNjbK8Hk/00071,00071.mp4,The-United-Kingdom-1,The-United-States-of-America
voxceleb,dev,id08396/CPhQbHX-NmY/00019,00019.mp4,The-Republic-of-Ireland,Austria
voxceleb,dev,id08313/Kw-uVUIIWd4/00094,00094.mp4,India,India
voxceleb,dev,id02827/zppGVAOkIkE/00165,00165.mp4,Japan,The-Philippines-1
voxceleb,dev,id06876/qauAAJhYp2s/00043,00043.mp4,The-United-Kingdom-1,Sweden
voxceleb,dev,id07071/ETXBbCre9Y4/00057,00057.mp4,The-United-Kingdom-1,Dominican-Republic
voxceleb,dev,id04424/avHeQ5W7BtE/00011,00011.mp4,The-United-Kingdom-1,Israel
voxceleb,dev,id03123/D3DUukz4E6Y/00061,00061.mp4,The-United-Kingdom-1,The-United-States-of-America
voxceleb,dev,id00891/hQoiQ_EtFak/00320,00320.mp4,The-United-Kingdom-1,The-United-States-of-America
voxceleb,dev,id08236/y9KKyTnJ3kU/00497,00497.mp4,The-United-Kingdom-1,The-United-States-of-America
voxceleb,dev,id09061/ISRaE-K0EKI/00003,00003.mp4,India,The-Czech-Republic-1
voxceleb,dev,id02665/Q4wyM3GbtDg/00026,00026.mp4,The-United-Kingdom-1,Greece
voxceleb,dev,id08708/E6MarbnuJqo/00006,00006.mp4,The-United-States-of-America,The-United-States-of-America
voxceleb,dev,id02477/mra_yIaPCO4/00337,00337.mp4,The-United-States-of-America,Canada
voxceleb,dev,id01581/U3C4wphdcRo/00078,00078.mp4,India,India
voxceleb,dev,id01051/AWMYtGbmzDM/00042,00042.mp4,The-United-States-of-America,The-United-States-of-America
voxceleb,dev,id08397/MI-tYZKNjmA/00061,00061.mp4,Japan,The-United-States-of-America
voxceleb,dev,id06403/Xuze8nctek0/00127,00127.mp4,The-United-Kingdom-1,The-United-States-of-America
voxceleb,dev,id07831/Lj1-UAcPyZ0/00035,00035.mp4,The-United-Kingdom-1,The-United-States-of-America
voxceleb,dev,id03341/z0ClsLcK4uM/00044,00044.mp4,The-United-Kingdom-1,Bosnia-and-Herzegovina
voxceleb,dev,id04194/tj9e-VZ8obw/00327,00327.mp4,The-United-States-of-America,The-United-States-of-America
voxceleb,dev,id03136/OMLRfqpAaKA/00050,00050.mp4,The-United-Kingdom-1,Italy
voxceleb,dev,id04646/kFR_P-SaS-w/00261,00261.mp4,The-United-Kingdom-1,The-United-States-of-America
voxceleb,dev,id07741/7URDzg1iZy0/00068,00068.mp4,The-United-States-of-America,The-United-States-of-America
voxceleb,dev,id01971/ZJdsZLX03mw/00191,00191.mp4,The-United-Kingdom-1,The-United-States-of-America
voxceleb,dev,id02202/hGEsNq8NRgE/00116,00116.mp4,The-United-States-of-America,Germany
voxceleb,dev,id07982/7nkZdFiiSVE/00028,00028.mp4,The-United-Kingdom-1,The-United-States-of-America
voxceleb,dev,id01100/QiZ9IZ7dwF4/00270,00270.mp4,The-United-States-of-America,The-United-States-of-America
voxceleb,dev,id07999/iLsJbtRu_tE/00074,00074.mp4,The-United-Kingdom-1,The-Republic-of-Ireland
voxceleb,dev,id08568/SYYSJEudo2Y/00250,00250.mp4,The-United-States-of-America,The-United-States-of-America
voxceleb,dev,id02961/Nea6eOLTwdc/00086,00086.mp4,India,unknown
voxceleb,dev,id01750/rZUv3IlMcdg/00415,00415.mp4,The-United-States-of-America,The-United-States-of-America
voxceleb,dev,id00779/CZINOuI3XlA/00132,00132.mp4,The-United-Kingdom-1,Switzerland
voxceleb,dev,id08483/YspbwYYWXZM/00058,00058.mp4,The-United-Kingdom-1,Canada
voxceleb,dev,id00170/p8exgDrJovg/00188,00188.mp4,The-Republic-of-Ireland,The-United-States-of-America
voxceleb,dev,id00355/l35H9t8oP9I/00266,00266.mp4,The-United-States-of-America,The-United-States-of-America
voxceleb,dev,id08501/shVbL3zKVkg/00342,00342.mp4,Jordan-215,The-United-Kingdom-1
voxceleb,dev,id04216/jrpT61FdyVE/00318,00318.mp4,The-United-States-of-America,The-United-States-of-America
voxceleb,dev,id08809/OAaj3BrwRdk/00088,00088.mp4,The-United-Kingdom-1,The-United-States-of-America
voxceleb,dev,id01643/bwIDBRlDRjM/00088,00088.mp4,The-United-Kingdom-1,Germany
voxceleb,dev,id04195/FF_6wjd43uc/00137,00137.mp4,The-United-States-of-America,The-United-States-of-America
voxceleb,dev,id00884/Ry_wUDtP0Vc/00100,00100.mp4,The-Republic-of-Ireland,France
voxceleb,dev,id00266/6EJNNaEs4Nw/00072,00072.mp4,The-United-Kingdom-1,The-United-Kingdom-1
voxceleb,dev,id01753/ospg5WhRl9A/00283,00283.mp4,The-United-Kingdom-1,Australia
voxceleb,dev,id02578/JvDgRonHHpU/00160,00160.mp4,The-United-Kingdom-1,The-United-States-of-America
voxceleb,dev,id07589/qdVEiIlVJ-E/00029,00029.mp4,The-United-States-of-America,The-United-States-of-America
voxceleb,dev,id08698/ug98ARvEkLw/00214,00214.mp4,The-United-Kingdom-1,Kingdom-of-the-Netherlands
voxceleb,dev,id08538/reUtj7Oa0lM/00173,00173.mp4,The-Republic-of-Ireland,Germany
voxceleb,dev,id02905/8e6H5ve4LZU/00027,00027.mp4,The-United-Kingdom-1,Switzerland
voxceleb,dev,id02964/nybCR4Oc8sI/00112,00112.mp4,The-United-Kingdom-1,The-United-Kingdom-1
voxceleb,dev,id02634/55N9kskOw1Q/00019,00019.mp4,The-United-Kingdom-1,Germany
voxceleb,dev,id08884/47eqoHOHh9g/00003,00003.mp4,India,India
voxceleb,dev,id06471/ARr96s9eZtc/00060,00060.mp4,The-United-Kingdom-1,Italy
voxceleb,dev,id07196/vQ90YE6Z2O8/00092,00092.mp4,India,India
voxceleb,dev,id01028/HAN3Ijx62iA/00056,00056.mp4,The-United-Kingdom-1,Italy
voxceleb,dev,id03016/KudBfrR-eDs/00053,00053.mp4,The-Republic-of-Ireland,Australia
voxceleb,dev,id09193/oQ_wAYpETVo/00229,00229.mp4,The-United-Kingdom-1,Croatia
voxceleb,dev,id08933/yVNshAlJfUo/00483,00483.mp4,India,India
voxceleb,dev,id03989/MJ6pGyOhCkM/00179,00179.mp4,The-United-States-of-America,The-United-States-of-America
voxceleb,dev,id06113/epxtJ3uu6uc/00121,00121.mp4,The-United-Kingdom-1,Chile
voxceleb,dev,id00687/VQy60JWa-oU/00145,00145.mp4,India,India
voxceleb,dev,id04738/HTHJ4BY8kUE/00146,00146.mp4,The-United-States-of-America,The-United-States-of-America
voxceleb,dev,id08809/u6DGdIPBMt4/00192,00192.mp4,India,The-United-States-of-America
voxceleb,dev,id01220/Bs7eGVK83_s/00021,00021.mp4,The-United-Kingdom-1,Kingdom-of-the-Netherlands
voxceleb,dev,id07084/LWc1IlVyePM/00088,00088.mp4,India,India
voxceleb,dev,id06221/6Lj-zmm7IAo/00032,00032.mp4,The-United-Kingdom-1,Sweden
voxceleb,dev,id08335/bZA5C9Dh7kU/00343,00343.mp4,The-United-Kingdom-1,The-United-States-of-America
voxceleb,dev,id07353/9jSZlMwQqgs/00030,00030.mp4,The-United-Kingdom-1,The-United-States-of-America
voxceleb,dev,id02944/t5HN8-LbVyU/00099,00099.mp4,The-United-States-of-America,Italy
voxceleb,dev,id08362/EbptgVHAj9s/00129,00129.mp4,The-United-Kingdom-1,France
voxceleb,dev,id04474/MuAjJ7k6K4Y/00150,00150.mp4,The-United-Kingdom-1,The-United-States-of-America
voxceleb,dev,id05008/aEyvCGL5I6c/00034,00034.mp4,France,The-United-States-of-America
voxceleb,dev,id02067/9ZC8ekOQG-w/00086,00086.mp4,The-Republic-of-Ireland,The-United-Kingdom-1
voxceleb,dev,id01689/e8C7rqPIdgs/00297,00297.mp4,The-United-States-of-America,The-United-States-of-America
voxceleb,dev,id08235/wPjkE3ggjGg/00084,00084.mp4,The-United-Kingdom-1,The-United-Kingdom-1
voxceleb,dev,id01857/2qPkRd1qB8g/00017,00017.mp4,The-United-States-of-America,The-United-States-of-America
voxceleb,dev,id01797/xSU5h-z2cNM/00287,00287.mp4,The-United-Kingdom-1,The-United-Kingdom-1
voxceleb,dev,id02713/7oDt3IlAmDk/00023,00023.mp4,Turkey-country,Italy
voxceleb,dev,id03592/pqtSBLm2DoY/00108,00108.mp4,The-Republic-of-Ireland,Kingdom-of-the-Netherlands
voxceleb,dev,id07713/MHtAgC27KsI/00054,00054.mp4,The-United-States-of-America,The-United-States-of-America
voxceleb,dev,id01609/2FYqKwj99RU/00009,00009.mp4,The-United-Kingdom-1,The-United-Kingdom-1
voxceleb,dev,id02318/eauLDxAUpIQ/00233,00233.mp4,The-United-Kingdom-1,The-United-States-of-America
voxceleb,dev,id06188/e0bpBxFrWuc/00219,00219.mp4,The-Republic-of-Ireland,The-Czech-Republic-1
voxceleb,dev,id02444/a-ifgh8rlF8/00045,00045.mp4,The-United-Kingdom-1,The-United-States-of-America
voxceleb,dev,id04486/dBR7q8AvN9Q/00298,00298.mp4,Canada,Canada
voxceleb,dev,id03748/Fjxhaj_Xejk/00101,00101.mp4,The-United-Kingdom-1,The-United-Kingdom-1
voxceleb,dev,id03520/mqVZTIBUY4M/00057,00057.mp4,The-United-States-of-America,The-United-States-of-America
voxceleb,dev,id07703/MRTa2XajVeI/00166,00166.mp4,The-United-Kingdom-1,The-United-Kingdom-1
voxceleb,dev,id08053/CtOJ9g1cdQI/00105,00105.mp4,India,India
voxceleb,dev,id09186/P_i1OTFvTac/00240,00240.mp4,The-United-Kingdom-1,Bosnia-and-Herzegovina
voxceleb,dev,id05917/efm99I8HxvY/00126,00126.mp4,The-United-States-of-America,The-United-States-of-America
voxceleb,dev,id08999/SSs-ABGml5Q/00237,00237.mp4,The-United-States-of-America,The-United-States-of-America
voxceleb,dev,id04444/oMC7nPVIOhU/00231,00231.mp4,The-United-States-of-America,The-United-States-of-America
voxceleb,dev,id07441/KBkMuQkWmBc/00088,00088.mp4,The-United-States-of-America,Italy
voxceleb,dev,id04873/Osgjq6wkZws/00182,00182.mp4,The-United-Kingdom-1,Germany
voxceleb,dev,id00191/cPAHYD7iuds/00300,00300.mp4,Ivory-Coast,unknown
voxceleb,dev,id06024/3AL5_EP8fik/00022,00022.mp4,The-United-Kingdom-1,unknown
voxceleb,dev,id00960/95p2IAkqQ5E/00038,00038.mp4,The-United-States-of-America,France
voxceleb,dev,id06715/fVCUBfVRze4/00067,00067.mp4,The-Republic-of-Ireland,Canada
voxceleb,dev,id04406/tBDRhZbnoMU/00162,00162.mp4,The-United-States-of-America,The-United-States-of-America
voxceleb,dev,id03436/sHD0YxASbGQ/00164,00164.mp4,The-United-Kingdom-1,Germany
voxceleb,dev,id08573/nVxygQnVxV8/00384,00384.mp4,The-United-States-of-America,The-United-States-of-America
voxceleb,dev,id05449/ucFDaN7DCbo/00106,00106.mp4,The-United-Kingdom-1,Spain
voxceleb,dev,id02455/TR_fvY87DfY/00225,00225.mp4,The-United-Kingdom-1,The-United-States-of-America
voxceleb,dev,id01854/zJoMht8zrQg/00126,00126.mp4,The-United-Kingdom-1,Romania
voxceleb,dev,id00303/bIrKvJTXrOo/00166,00166.mp4,The-United-Kingdom-1,Cuba
voxceleb,dev,id04345/3VYB3VJSl5o/00005,00005.mp4,Brazil,Brazil
voxceleb,dev,id08235/NNWIDWl_ihw/00063,00063.mp4,The-United-Kingdom-1,The-United-Kingdom-1
voxceleb,dev,id09227/LUYHiAt7_Gs/00035,00035.mp4,France,Argentina
voxceleb,dev,id01962/t0ACgCTj0KM/00362,00362.mp4,The-United-Kingdom-1,Australia
voxceleb,dev,id07579/I1yEvDQXUQY/00054,00054.mp4,The-United-Kingdom-1,The-United-Kingdom-1
voxceleb,dev,id05249/TWcNjkwTSi4/00026,00026.mp4,The-United-Kingdom-1,The-United-States-of-America
voxceleb,dev,id01746/PoI7xXePmA0/00271,00271.mp4,The-United-Kingdom-1,Italy
voxceleb,dev,id00766/dIbCrF-IzrA/00044,00044.mp4,The-United-Kingdom-1,Belgium
voxceleb,dev,id05980/azxxgJfop8A/00123,00123.mp4,The-United-Kingdom-1,The-United-States-of-America
voxceleb,dev,id00555/PxqO1WYguJU/00012,00012.mp4,China,Cameroon
voxceleb,dev,id03453/SBashzx6y7Y/00070,00070.mp4,The-United-Kingdom-1,The-United-Kingdom-1
voxceleb,dev,id02896/90VyeHGZKYE/00006,00006.mp4,The-United-States-of-America,The-United-States-of-America
voxceleb,dev,id02157/Ha3ahp_q1_M/00196,00196.mp4,The-United-States-of-America,The-United-States-of-America
voxceleb,dev,id06361/8-tkkAP3vas/00049,00049.mp4,The-United-Kingdom-1,Kingdom-of-the-Netherlands
voxceleb,dev,id07071/nWTKkYFs428/00295,00295.mp4,Honduras,Dominican-Republic
voxceleb,dev,id08993/2l7DYrXH-UE/00150,00150.mp4,The-United-Kingdom-1,The-United-States-of-America
voxceleb,dev,id00202/CN-yZVTILzA/00110,00110.mp4,The-United-Kingdom-1,Spain
voxceleb,dev,id08231/zj_XDOhmX78/00261,00261.mp4,The-United-Kingdom-1,The-United-States-of-America
voxceleb,dev,id06188/VpxPaqf_psA/00160,00160.mp4,The-Republic-of-Ireland,The-Czech-Republic-1
voxceleb,dev,id07598/lwL8T8TbfTk/00095,00095.mp4,India,India
voxceleb,dev,id03262/OTY6PXnycUE/00043,00043.mp4,The-United-Kingdom-1,Brazil
voxceleb,dev,id01776/wuJXj4iNsgs/00473,00473.mp4,The-Republic-of-Ireland,The-Republic-of-Ireland
voxceleb,dev,id09033/3dNTVkg8-FQ/00046,00046.mp4,The-United-Kingdom-1,Germany
voxceleb,dev,id07489/gYPprRaM8jA/00306,00306.mp4,The-United-Kingdom-1,Brazil
voxceleb,dev,id08546/EDrjxKQ-1L0/00087,00087.mp4,The-United-Kingdom-1,The-United-States-of-America
voxceleb,dev,id04945/KMzUm0SUnho/00074,00074.mp4,The-United-Kingdom-1,The-United-States-of-America
voxceleb,dev,id00933/sEOTkSalS-c/00109,00109.mp4,Iran,Iran
voxceleb,dev,id08529/aCxOPFdwVok/00223,00223.mp4,The-Republic-of-Ireland,The-United-States-of-America
voxceleb,dev,id04734/hiwjNVn-AYM/00044,00044.mp4,The-United-States-of-America,The-United-States-of-America
voxceleb,dev,id03705/JXnqIBxioD0/00188,00188.mp4,The-United-Kingdom-1,The-United-States-of-America
voxceleb,dev,id06582/M-h9OJjhnpA/00251,00251.mp4,India,India
voxceleb,dev,id03996/exGUf2_2LnE/00178,00178.mp4,The-United-Kingdom-1,The-United-Kingdom-1
voxceleb,dev,id00514/PwyvSbW84pw/00018,00018.mp4,The-United-States-of-America,Italy
voxceleb,dev,id01823/y1MRdeQw2PE/00139,00139.mp4,The-United-States-of-America,The-United-States-of-America
voxceleb,dev,id03522/dPyxludhQLE/00372,00372.mp4,The-United-Kingdom-1,The-United-Kingdom-1
voxceleb,dev,id06146/yFp1os3_YFU/00109,00109.mp4,The-United-Kingdom-1,France
voxceleb,dev,id05621/og0hcgYPwes/00111,00111.mp4,The-Republic-of-Ireland,France
voxceleb,dev,id02166/lMWR1Aq6Tyg/00384,00384.mp4,India,India
voxceleb,dev,id07003/2xWiNgcvXmM/00011,00011.mp4,India,The-United-States-of-America
voxceleb,dev,id02175/0HgPGf-yDcY/00015,00015.mp4,The-United-Kingdom-1,Canada
voxceleb,dev,id01369/_1Bt5cANQ5o/00085,00085.mp4,The-United-Kingdom-1,Italy
voxceleb,dev,id03934/Ghs2Z8cJVDE/00038,00038.mp4,The-United-States-of-America,Canada
voxceleb,dev,id08186/1USYpPcaUFk/00013,00013.mp4,The-Republic-of-Ireland,Slovenia
voxceleb,dev,id08323/FexsGP6Qk0Q/00046,00046.mp4,India,Nepal
voxceleb,dev,id03669/siHPIw2AWfA/00324,00324.mp4,The-United-States-of-America,The-United-States-of-America
voxceleb,dev,id06541/m3pl-7RLSpI/00264,00264.mp4,The-United-Kingdom-1,The-United-Kingdom-1
voxceleb,dev,id01655/_lPONXqhRyQ/00088,00088.mp4,The-United-Kingdom-1,France
voxceleb,dev,id04918/puya0e5_xuw/00077,00077.mp4,The-United-Kingdom-1,Poland
voxceleb,dev,id04282/7c3oAfnv79c/00015,00015.mp4,The-United-Kingdom-1,unknown
voxceleb,dev,id09216/jq74Kps6Fac/00099,00099.mp4,The-Republic-of-Ireland,France
voxceleb,dev,id06792/ljF-cicHIfo/00407,00407.mp4,The-United-States-of-America,The-United-States-of-America
voxceleb,dev,id02585/QLyIuhwVyl4/00145,00145.mp4,The-United-Kingdom-1,Canada
voxceleb,dev,id06676/HsRNaK0iRG8/00145,00145.mp4,The-Republic-of-Ireland,India
voxceleb,dev,id01862/bbZWg2_JBKw/00091,00091.mp4,The-United-Kingdom-1,The-United-States-of-America
voxceleb,dev,id04971/FH3P_NgVpDY/00113,00113.mp4,India,India
voxceleb,dev,id03028/6AWXEkI4W5w/00050,00050.mp4,Taiwan,The-United-States-of-America
voxceleb,dev,id05845/gSTf1ioQiCE/00028,00028.mp4,India,India
voxceleb,dev,id02392/_byDD6z72ac/00313,00313.mp4,The-United-Kingdom-1,The-United-States-of-America
voxceleb,dev,id06195/fmyWTdo9Rpk/00152,00152.mp4,The-United-States-of-America,The-United-States-of-America
voxceleb,dev,id04589/VKSOzSnQTSY/00251,00251.mp4,The-United-Kingdom-1,New-Zealand
voxceleb,dev,id03449/OUl_HD_La-E/00047,00047.mp4,Japan,Japan
voxceleb,dev,id01527/0oy2ITF8nNs/00012,00012.mp4,The-Republic-of-Ireland,The-United-States-of-America
voxceleb,dev,id01358/hqGQLN6Kle0/00059,00059.mp4,The-United-Kingdom-1,Australia
voxceleb,dev,id06249/Ar767zecnhY/00025,00025.mp4,The-United-Kingdom-1,Argentina
voxceleb,dev,id03328/XfoeKUzUeqc/00235,00235.mp4,The-United-Kingdom-1,Germany
voxceleb,dev,id04237/KZqlYiOJoqU/00100,00100.mp4,The-United-States-of-America,The-United-States-of-America
voxceleb,dev,id04512/atuYzMhlpqA/00108,00108.mp4,Germany,Germany
voxceleb,dev,id07637/Y3W26NdKSGc/00112,00112.mp4,The-United-States-of-America,The-United-States-of-America
voxceleb,dev,id04484/_OC7dYH4Ac0/00070,00070.mp4,The-United-Kingdom-1,The-United-Kingdom-1
voxceleb,dev,id04151/dozHTSmXpeA/00316,00316.mp4,The-United-Kingdom-1,The-United-States-of-America
voxceleb,dev,id06426/Ov8PYSWn4E8/00076,00076.mp4,India,Morocco
voxceleb,dev,id03345/40KA7opmmlw/00020,00020.mp4,The-United-Kingdom-1,The-United-Kingdom-1
voxceleb,dev,id08500/ND3C7JngYoE/00119,00119.mp4,India,Germany
voxceleb,dev,id08983/4fHm6qwZKW8/00076,00076.mp4,The-United-States-of-America,The-United-Kingdom-1
voxceleb,dev,id08147/8GIcb4Qvi90/00059,00059.mp4,India,India
voxceleb,dev,id03829/M3VnORYP9dM/00059,00059.mp4,The-United-Kingdom-1,Germany
voxceleb,dev,id03269/7k2gwnxUZf0/00044,00044.mp4,South-Africa,South-Africa
voxceleb,dev,id07902/c7hv5N8awHg/00202,00202.mp4,The-United-Kingdom-1,Switzerland
voxceleb,dev,id03895/IemF91wR41o/00089,00089.mp4,The-United-Kingdom-1,The-United-States-of-America
voxceleb,dev,id04988/xXH2LBDwAhQ/00443,00443.mp4,The-United-Kingdom-1,Canada
voxceleb,dev,id04221/1s3WKEgSaJI/00025,00025.mp4,The-Republic-of-Ireland,The-United-States-of-America
voxceleb,dev,id04193/pWkATQjCJto/00052,00052.mp4,The-United-States-of-America,Norway
voxceleb,dev,id02900/rspIKb895mE/00141,00141.mp4,The-United-Kingdom-1,France
voxceleb,dev,id00086/sFYKzsgJSQI/00328,00328.mp4,The-United-Kingdom-1,India
voxceleb,dev,id03751/RHJL3jI5PB4/00116,00116.mp4,The-United-Kingdom-1,The-United-Kingdom-1
voxceleb,dev,id01666/PTuRVWpS140/00081,00081.mp4,The-Republic-of-Ireland,Germany
voxceleb,dev,id02362/HSeBtLbEmNE/00053,00053.mp4,The-United-Kingdom-1,Bosnia-and-Herzegovina
voxceleb,dev,id00965/SMVgUUgJ24k/00198,00198.mp4,The-United-Kingdom-1,France
voxceleb,dev,id01667/mb8wvyDp_gE/00331,00331.mp4,The-Republic-of-Ireland,Austria
voxceleb,dev,id02501/3RVknrQQ6eI/00022,00022.mp4,India,Venezuela
voxceleb,dev,id07534/56aFJUQL40k/00020,00020.mp4,The-United-States-of-America,Canada
voxceleb,dev,id08024/LronDXo5tQo/00066,00066.mp4,India,India
voxceleb,dev,id01533/52xDOS3snO4/00002,00002.mp4,The-United-Kingdom-1,The-United-Kingdom-1
voxceleb,dev,id04245/z72wvRRujWE/00140,00140.mp4,Ghana,Nigeria
voxceleb,dev,id03615/qq4ZRKYU8aY/00121,00121.mp4,The-United-Kingdom-1,Germany
voxceleb,dev,id08804/ouWdjYDWl0Y/00424,00424.mp4,The-United-Kingdom-1,The-United-States-of-America
voxceleb,dev,id00869/owYfpVWrKOg/00241,00241.mp4,India,India
voxceleb,dev,id02821/1Oc0Bwsqy4c/00056,00056.mp4,The-United-Kingdom-1,Kingdom-of-the-Netherlands
voxceleb,dev,id00687/ferbhbyFv2w/00184,00184.mp4,India,India
voxceleb,dev,id08549/1E_dxrz7I2c/00053,00053.mp4,The-United-States-of-America,The-United-States-of-America
voxceleb,dev,id03360/lz5BgmW-fB0/00230,00230.mp4,The-United-Kingdom-1,The-United-States-of-America
voxceleb,dev,id03961/TBAZAGa2COM/00074,00074.mp4,The-Republic-of-Ireland,unknown
voxceleb,dev,id00149/t34AiNd0KB8/00337,00337.mp4,India,unknown
voxceleb,dev,id04537/ujNgN3R3Fdw/00453,00453.mp4,India,India
voxceleb,dev,id04269/weEXKtvHm2w/00276,00276.mp4,The-United-Kingdom-1,Germany
voxceleb,dev,id02466/i0scezt7zvc/00210,00210.mp4,The-United-Kingdom-1,The-United-States-of-America
voxceleb,dev,id04901/oqPWQpzL7Ro/00261,00261.mp4,The-United-States-of-America,The-United-States-of-America
voxceleb,dev,id03854/D5uc435nO1Q/00056,00056.mp4,The-United-States-of-America,The-United-States-of-America
voxceleb,dev,id03180/2E3jSgJsp3w/00019,00019.mp4,The-United-Kingdom-1,unknown
voxceleb,dev,id02205/SnbtsUc_Z20/00044,00044.mp4,The-United-Kingdom-1,Germany
voxceleb,dev,id00741/5u6oiGXcD4Q/00019,00019.mp4,The-United-Kingdom-1,The-United-States-of-America
voxceleb,dev,id05750/aodQwo5vbh0/00240,00240.mp4,The-United-Kingdom-1,The-United-States-of-America
voxceleb,dev,id05627/4jiBcBIGmIs/00018,00018.mp4,France,Belgium
voxceleb,dev,id03532/1umwiC7KX6k/00032,00032.mp4,The-United-States-of-America,The-United-States-of-America
voxceleb,dev,id04997/QFjlApOn_uI/00201,00201.mp4,The-United-States-of-America,The-United-States-of-America
voxceleb,dev,id00482/Wo-a4eWsE08/00114,00114.mp4,The-United-Kingdom-1,Germany
voxceleb,dev,id07446/qTw2VUoOzfU/00295,00295.mp4,The-United-Kingdom-1,Italy
voxceleb,dev,id03923/d0qvXfeN91I/00352,00352.mp4,The-United-Kingdom-1,France
voxceleb,dev,id02673/7qoeHyt8-G4/00024,00024.mp4,The-United-Kingdom-1,Canada
voxceleb,dev,id01502/OQdo1hOJfdg/00082,00082.mp4,The-United-Kingdom-1,The-United-States-of-America
voxceleb,dev,id06016/LTPMSUcd05g/00158,00158.mp4,The-United-Kingdom-1,Germany
voxceleb,dev,id04160/bZNu3u4rkNU/00307,00307.mp4,The-United-Kingdom-1,Australia
voxceleb,dev,id08222/yc-RNHUAc9U/00070,00070.mp4,The-Republic-of-Ireland,The-United-Kingdom-1
voxceleb,dev,id00982/Z9D6xUhe_wA/00074,00074.mp4,The-United-Kingdom-1,Germany
voxceleb,dev,id02318/Drpxl68pxgQ/00085,00085.mp4,The-United-Kingdom-1,The-United-States-of-America
voxceleb,dev,id05831/YwI9QD89pMM/00161,00161.mp4,The-United-Kingdom-1,Australia
voxceleb,dev,id06684/1gWebGC2g4s/00053,00053.mp4,The-United-Kingdom-1,The-United-States-of-America
voxceleb,dev,id04910/m9g8_ELJjkM/00063,00063.mp4,The-United-Kingdom-1,The-United-States-of-America
voxceleb,dev,id06529/6zHBXu76zSA/00029,00029.mp4,The-United-States-of-America,The-United-States-of-America
voxceleb,dev,id02981/LWGlfW4MQN8/00161,00161.mp4,The-United-Kingdom-1,The-United-Kingdom-1
voxceleb,dev,id01163/70TNR5kXSSE/00075,00075.mp4,The-United-States-of-America,The-United-States-of-America
voxceleb,dev,id03386/7_JnHG3Ccos/00031,00031.mp4,The-United-Kingdom-1,The-United-Kingdom-1
voxceleb,dev,id01795/2wVh0Y1k7Ow/00015,00015.mp4,The-United-Kingdom-1,Canada
voxceleb,dev,id03528/djXCOvDLIL4/00195,00195.mp4,The-United-States-of-America,The-United-States-of-America
voxceleb,dev,id01782/xpKwenp0LiQ/00164,00164.mp4,The-United-Kingdom-1,The-United-States-of-America
voxceleb,dev,id04852/WOE-YUrzwjc/00110,00110.mp4,The-United-States-of-America,Germany
voxceleb,dev,id04115/Ya0i2CuYJ1k/00054,00054.mp4,The-United-Kingdom-1,The-Czech-Republic-1
voxceleb,dev,id03493/NwmljgnaES4/00194,00194.mp4,India,India
voxceleb,dev,id02233/1McVAo-ks5M/00012,00012.mp4,The-Republic-of-Ireland,Kingdom-of-the-Netherlands
voxceleb,dev,id05107/9hCEUlsMs3s/00088,00088.mp4,The-United-Kingdom-1,Denmark
voxceleb,dev,id07463/AAYjDglMf2Q/00033,00033.mp4,India,India
voxceleb,dev,id08499/iFI6OREG1sY/00198,00198.mp4,China,The-United-Kingdom-1
voxceleb,dev,id04427/S7s8fTMu_1c/00190,00190.mp4,The-United-Kingdom-1,Germany
voxceleb,dev,id03360/CT7vq2ZnF0I/00023,00023.mp4,The-United-States-of-America,The-United-States-of-America
voxceleb,dev,id08648/fm4NojMsxQ0/00231,00231.mp4,The-United-States-of-America,The-United-States-of-America
voxceleb,dev,id00513/rseAUUP696k/00400,00400.mp4,The-United-Kingdom-1,Germany
voxceleb,dev,id06364/1YFoKBYlKyA/00035,00035.mp4,India,India
voxceleb,dev,id05748/sz1gwdLluZ0/00250,00250.mp4,The-United-Kingdom-1,France
voxceleb,dev,id09152/k828LAdi9Y0/00200,00200.mp4,The-United-States-of-America,The-United-States-of-America
voxceleb,dev,id04885/DbeNnqLOg0w/00011,00011.mp4,The-United-Kingdom-1,The-United-States-of-America
voxceleb,dev,id07196/hgbBpyCYFdA/00062,00062.mp4,India,India
voxceleb,dev,id06411/9SJGVsRYJwM/00092,00092.mp4,The-United-States-of-America,France
voxceleb,dev,id07093/jkENPvJcnTM/00039,00039.mp4,India,Indonesia
voxceleb,dev,id04928/i6Ni2IXwqxU/00240,00240.mp4,India,Sri-Lanka
voxceleb,dev,id04970/JyRlNWcMCck/00122,00122.mp4,India,India
voxceleb,dev,id07714/OjzNOulRBZ0/00105,00105.mp4,The-United-States-of-America,The-United-States-of-America
voxceleb,dev,id00942/rDAiqoWznJs/00413,00413.mp4,The-United-Kingdom-1,The-United-Kingdom-1
voxceleb,dev,id00395/vOOwz_6l88E/00359,00359.mp4,The-United-Kingdom-1,The-United-States-of-America
voxceleb,dev,id07770/9OCbmVpGg4Q/00044,00044.mp4,The-United-Kingdom-1,Sweden
voxceleb,dev,id01676/ICSFSw19N74/00088,00088.mp4,The-United-Kingdom-1,The-United-States-of-America
voxceleb,dev,id02016/YccfucaemNs/00085,00085.mp4,The-United-Kingdom-1,The-United-States-of-America
voxceleb,dev,id08666/lBuNX_11Dz4/00037,00037.mp4,India,India
voxceleb,dev,id02579/tK90W4MkKGc/00202,00202.mp4,The-United-States-of-America,The-United-States-of-America
voxceleb,dev,id05913/1QkCGudTURM/00019,00019.mp4,The-United-Kingdom-1,The-United-States-of-America
voxceleb,dev,id00584/IlvJK_CvZpI/00104,00104.mp4,The-United-Kingdom-1,Germany
voxceleb,dev,id06686/j_8IPcjUk8g/00037,00037.mp4,Israel,Israel
voxceleb,dev,id00255/ReVMaBkarA8/00252,00252.mp4,The-United-Kingdom-1,The-United-Kingdom-1
voxceleb,dev,id08376/a4YLwBl4y9k/00210,00210.mp4,India,India
voxceleb,dev,id08052/5n_jAASXBOU/00004,00004.mp4,India,India
voxceleb,dev,id08480/K73jcBiM9IE/00076,00076.mp4,The-United-Kingdom-1,The-Republic-of-Ireland
voxceleb,dev,id00650/GKl52rMJkHk/00098,00098.mp4,The-Republic-of-Ireland,France
voxceleb,dev,id05423/PnpMYqd5T8U/00084,00084.mp4,The-United-Kingdom-1,Australia
voxceleb,dev,id01354/2ePWiRE3PbE/00011,00011.mp4,The-United-Kingdom-1,The-United-Kingdom-1
voxceleb,dev,id08593/6E-HzcmRYnA/00016,00016.mp4,The-United-States-of-America,The-United-States-of-America
voxceleb,dev,id04710/eWZubRPYiqE/00105,00105.mp4,The-Republic-of-Ireland,Turkey-country
voxceleb,dev,id02183/7V60bNZm9Fs/00007,00007.mp4,The-Republic-of-Ireland,The-Republic-of-Ireland
voxceleb,dev,id01997/PDZFsCOFMw4/00035,00035.mp4,India,India
voxceleb,dev,id07517/20-TnMvbfQk/00008,00008.mp4,India,The-United-States-of-America
voxceleb,dev,id08904/RNNyQA1Ymao/00253,00253.mp4,The-United-Kingdom-1,The-United-States-of-America
voxceleb,dev,id00159/9D42Ta4Wj8k/00016,00016.mp4,India,India
voxceleb,dev,id01249/Qd26YynGOJc/00019,00019.mp4,The-United-States-of-America,The-United-States-of-America
voxceleb,dev,id04322/saqea_1_OLA/00173,00173.mp4,The-United-Kingdom-1,Germany
voxceleb,dev,id07192/5aIFS19IlIo/00037,00037.mp4,The-United-Kingdom-1,Germany
voxceleb,dev,id08221/plc74n753QY/00078,00078.mp4,The-United-Kingdom-1,France
voxceleb,dev,id08702/xkFu46VN-CA/00409,00409.mp4,The-United-Kingdom-1,Canada
voxceleb,dev,id08414/jwPybfHZf8E/00335,00335.mp4,The-United-Kingdom-1,Australia
voxceleb,dev,id00234/YJZyA6y48VI/00145,00145.mp4,The-United-Kingdom-1,The-United-Kingdom-1
voxceleb,dev,id06852/t5NI62BSX_Q/00057,00057.mp4,The-United-Kingdom-1,The-United-Kingdom-1
voxceleb,dev,id03683/brgVdSLe-jc/00230,00230.mp4,The-United-States-of-America,The-United-States-of-America
voxceleb,dev,id02350/6Y7xYwUtLNY/00051,00051.mp4,The-United-Kingdom-1,The-United-States-of-America
voxceleb,dev,id00841/Dm4mYfX_2Bc/00004,00004.mp4,The-United-Kingdom-1,The-United-States-of-America
voxceleb,dev,id08573/WVfzfA_YLoc/00322,00322.mp4,The-United-Kingdom-1,The-United-States-of-America
voxceleb,dev,id01979/iNXRTguVeQk/00130,00130.mp4,The-Republic-of-Ireland,France
voxceleb,dev,id02039/Nv_sbZO5xco/00150,00150.mp4,The-United-Kingdom-1,The-United-States-of-America
voxceleb,dev,id09048/j5fVbZ1-o1Q/00308,00308.mp4,The-United-Kingdom-1,unknown
voxceleb,dev,id03983/rp3x8BD8Z0o/00447,00447.mp4,The-United-Kingdom-1,The-United-States-of-America
voxceleb,dev,id04015/lBL5JfnlkC0/00400,00400.mp4,The-United-Kingdom-1,The-United-States-of-America
voxceleb,dev,id02006/45SnYB2MmYQ/00001,00001.mp4,The-United-Kingdom-1,The-United-Kingdom-1
voxceleb,dev,id07185/qioXDIgxw8Y/00166,00166.mp4,India,India
voxceleb,dev,id07316/mON4OqcSK2Y/00176,00176.mp4,The-United-Kingdom-1,Argentina
voxceleb,dev,id04140/0oywWt9xVkM/00003,00003.mp4,The-United-Kingdom-1,The-United-States-of-America
voxceleb,dev,id08335/We7FgMFOWHo/00184,00184.mp4,The-United-States-of-America,The-United-States-of-America
voxceleb,dev,id01906/NsLgKQvV-lI/00288,00288.mp4,The-United-States-of-America,The-United-States-of-America
voxceleb,dev,id06922/qom7oWOyrEY/00078,00078.mp4,The-United-States-of-America,Germany
voxceleb,dev,id08160/fzUx1_PfHAw/00283,00283.mp4,India,India
voxceleb,dev,id01183/fLESRo09scc/00029,00029.mp4,The-United-Kingdom-1,Canada
voxceleb,dev,id04320/DfidGycVUBA/00106,00106.mp4,India,unknown
voxceleb,dev,id09052/GLB6siMkVP8/00309,00309.mp4,The-United-Kingdom-1,Spain
voxceleb,dev,id02655/l2wUMMJzcH4/00075,00075.mp4,The-Republic-of-Ireland,Germany
voxceleb,dev,id03207/BmBMnGnQ-GA/00121,00121.mp4,The-United-Kingdom-1,Germany
voxceleb,dev,id03733/_yk6GmGCT1Q/00317,00317.mp4,The-United-States-of-America,The-United-States-of-America
voxceleb,dev,id07723/jR-o42wJsIs/00244,00244.mp4,The-United-States-of-America,The-United-Kingdom-1
voxceleb,dev,id07644/JgQR8IvzAQ4/00057,00057.mp4,The-United-Kingdom-1,The-United-States-of-America
voxceleb,dev,id04070/MNAc1lzfKrA/00075,00075.mp4,India,The-United-States-of-America
voxceleb,dev,id06794/2okuovJ1nrI/00001,00001.mp4,The-Republic-of-Ireland,The-United-States-of-America
voxceleb,dev,id00390/B9Apy4C-H4k/00010,00010.mp4,The-United-States-of-America,Bosnia-and-Herzegovina
voxceleb,dev,id02780/o1x1mre9RSk/00084,00084.mp4,The-United-Kingdom-1,The-United-Kingdom-1
voxceleb,dev,id09091/YMU_tTMnEDY/00161,00161.mp4,Israel,Cuba
voxceleb,dev,id00879/9Yc3n1D82Go/00019,00019.mp4,The-United-Kingdom-1,Spain
voxceleb,dev,id07036/ly3EUhrNGMo/00041,00041.mp4,The-United-Kingdom-1,Estonia
voxceleb,dev,id07077/oI9Q6QB0ZZo/00270,00270.mp4,India,India
voxceleb,dev,id07534/Z2AUvd620EA/00188,00188.mp4,The-United-States-of-America,Canada
voxceleb,dev,id05494/71ioylhtxus/00021,00021.mp4,The-United-Kingdom-1,Spain
voxceleb,dev,id01328/_JkMw0GDuMc/00170,00170.mp4,The-United-States-of-America,Australia
voxceleb,dev,id04684/L-szYHQjBv0/00169,00169.mp4,The-United-Kingdom-1,The-United-States-of-America
voxceleb,dev,id07988/tMycZOp_yyA/00141,00141.mp4,The-United-Kingdom-1,The-United-States-of-America
voxceleb,dev,id01099/3bKyqc6uVBQ/00077,00077.mp4,The-United-Kingdom-1,The-United-States-of-America
voxceleb,dev,id00893/hOnI_Gna2wE/00069,00069.mp4,The-United-Kingdom-1,The-United-States-of-America
voxceleb,dev,id01910/CA0eROsXnLA/00008,00008.mp4,Argentina,Spain
voxceleb,dev,id06195/p8TKL9YAQV0/00203,00203.mp4,The-United-Kingdom-1,The-United-States-of-America
voxceleb,dev,id00374/uqAP5wr9HeQ/00306,00306.mp4,The-United-Kingdom-1,The-United-States-of-America
voxceleb,dev,id05293/a3Lb8phIBL8/00225,00225.mp4,The-United-Kingdom-1,Italy
voxceleb,dev,id07175/PWyA4XAaaP4/00178,00178.mp4,India,India
voxceleb,dev,id00105/BmmC4XwHCC4/00010,00010.mp4,The-United-Kingdom-1,Poland
voxceleb,dev,id03265/zFw0LhtbOcA/00039,00039.mp4,The-Republic-of-Ireland,France
voxceleb,dev,id06235/Gu0mypIa-rk/00078,00078.mp4,The-United-States-of-America,The-United-States-of-America
voxceleb,dev,id03325/dL6BS58lZdk/00222,00222.mp4,The-United-Kingdom-1,Germany
voxceleb,dev,id03625/SomLQcxsYuE/00099,00099.mp4,India,India
voxceleb,dev,id07549/MDDaqFYqg10/00074,00074.mp4,India,India
voxceleb,dev,id08289/rs-Ouq7i70Y/00479,00479.mp4,The-United-Kingdom-1,France
voxceleb,dev,id04349/E7E7dxWkub0/00120,00120.mp4,The-United-Kingdom-1,France
voxceleb,dev,id03028/dJAucA3LTqw/00314,00314.mp4,Japan,The-United-States-of-America
voxceleb,dev,id02833/H3H4wFT5Vk8/00026,00026.mp4,The-United-Kingdom-1,Romania
voxceleb,dev,id06014/LO_SZ7RAzsU/00075,00075.mp4,The-United-States-of-America,The-United-States-of-America
voxceleb,dev,id05357/6KXZ3pF31Ys/00045,00045.mp4,The-United-Kingdom-1,Albania
voxceleb,dev,id03841/_W-kJu6T-GY/00116,00116.mp4,The-Republic-of-Ireland,Finland
voxceleb,dev,id00975/yXtP7GHp39w/00085,00085.mp4,The-United-States-of-America,France
voxceleb,dev,id06942/9gP9jBsGS_4/00090,00090.mp4,Germany,Germany
voxceleb,dev,id03014/BNT5M5r3FXs/00193,00193.mp4,The-United-Kingdom-1,Australia
voxceleb,dev,id00934/tPqZgKvDEWs/00088,00088.mp4,The-United-Kingdom-1,The-United-Kingdom-1
voxceleb,dev,id07223/3jjWFFSkwVM/00004,00004.mp4,The-Republic-of-Ireland,France
voxceleb,dev,id01290/hDDdfZBGKvo/00045,00045.mp4,The-United-States-of-America,The-United-States-of-America
voxceleb,dev,id08607/oCP61nmd93I/00301,00301.mp4,The-United-Kingdom-1,The-United-Kingdom-1
voxceleb,dev,id07845/ixpgGCNgL9s/00070,00070.mp4,The-United-States-of-America,The-United-States-of-America
voxceleb,dev,id07545/lJnZJD5BRdo/00206,00206.mp4,The-United-Kingdom-1,The-United-Kingdom-1
voxceleb,dev,id08002/hFUamTl5NFk/00292,00292.mp4,The-Republic-of-Ireland,The-Republic-of-Ireland
voxceleb,dev,id04844/pVfpymdFPss/00278,00278.mp4,India,India
voxceleb,dev,id05153/XwbPrsPqkfo/00265,00265.mp4,Nigeria,unknown
voxceleb,dev,id00699/45HLuezLWUI/00047,00047.mp4,The-United-States-of-America,The-United-States-of-America
voxceleb,dev,id08323/FexsGP6Qk0Q/00090,00090.mp4,India,Nepal
voxceleb,dev,id07074/VuInE1MCqfI/00098,00098.mp4,The-United-Kingdom-1,Kingdom-of-the-Netherlands
voxceleb,dev,id05108/DZXQIBQD8vg/00014,00014.mp4,The-United-Kingdom-1,Norway
voxceleb,dev,id03692/YfEU-wmRwDE/00042,00042.mp4,The-United-States-of-America,The-United-States-of-America
voxceleb,dev,id02055/fxvd1GcWp9Y/00158,00158.mp4,The-United-Kingdom-1,The-Czech-Republic-1
voxceleb,dev,id06248/sOo1HsHoU7k/00404,00404.mp4,Kenya,unknown
voxceleb,dev,id01342/CTHowghkMqk/00022,00022.mp4,The-United-States-of-America,unknown
voxceleb,dev,id06934/ZTGFC_r4iQQ/00190,00190.mp4,The-United-Kingdom-1,The-United-States-of-America
voxceleb,dev,id00681/qG660sVbSus/00229,00229.mp4,The-United-Kingdom-1,France
voxceleb,dev,id08702/5WqhWoSDB1M/00012,00012.mp4,The-United-States-of-America,Canada
voxceleb,dev,id05648/k3Ege63wsAM/00167,00167.mp4,The-United-States-of-America,The-United-States-of-America
voxceleb,dev,id03711/U1ZXNog7eDU/00012,00012.mp4,The-Republic-of-Ireland,France
voxceleb,dev,id03266/lx7sL9up2Sk/00179,00179.mp4,India,Australia
voxceleb,dev,id08129/ccdm4a32gN0/00018,00018.mp4,The-United-Kingdom-1,unknown
voxceleb,dev,id06870/PlMWvbfys7A/00182,00182.mp4,Jordan-215,The-United-States-of-America
voxceleb,dev,id08220/IWSm0Bz6dJ0/00026,00026.mp4,The-United-Kingdom-1,Germany
voxceleb,dev,id06963/t5sIgK_Rtgw/00280,00280.mp4,The-United-States-of-America,The-United-States-of-America
voxceleb,dev,id07861/mZnVXJdo38Y/00135,00135.mp4,Germany,Germany
voxceleb,dev,id04537/gvWInemnoCg/00315,00315.mp4,India,India
voxceleb,dev,id02437/AraqxOnOS64/00129,00129.mp4,Jordan-215,Turkey-country
voxceleb,dev,id06900/jSqQhX1hRzI/00272,00272.mp4,The-United-Kingdom-1,Portugal
voxceleb,dev,id09038/xoh7D16SHJ0/00022,00022.mp4,The-United-States-of-America,The-United-States-of-America
voxceleb,dev,id04215/TEvqsyYn-9w/00057,00057.mp4,The-United-Kingdom-1,The-United-States-of-America
voxceleb,dev,id02068/xBPXy41wQeo/00163,00163.mp4,The-United-States-of-America,The-United-States-of-America
voxceleb,dev,id06158/C6FpHdewEzA/00013,00013.mp4,South-Korea,South-Korea
voxceleb,dev,id00413/7zPpSJEF7O0/00078,00078.mp4,India,India
voxceleb,dev,id04615/EVU1Wa3h6Pg/00132,00132.mp4,The-United-Kingdom-1,Australia
voxceleb,dev,id07092/zSe4NMAukZg/00168,00168.mp4,The-United-Kingdom-1,unknown
voxceleb,dev,id07714/wyZ7mawsj8M/00265,00265.mp4,The-United-States-of-America,The-United-States-of-America
voxceleb,dev,id00320/F_vHted0hP4/00017,00017.mp4,The-United-Kingdom-1,The-United-States-of-America
voxceleb,dev,id04134/H_8Z6OOPmJI/00085,00085.mp4,The-United-Kingdom-1,The-United-States-of-America
voxceleb,dev,id01932/Z4rxwtzkEOc/00118,00118.mp4,The-United-Kingdom-1,Germany
voxceleb,dev,id01317/14FkdRSj83s/00006,00006.mp4,The-United-Kingdom-1,The-United-Kingdom-1
voxceleb,dev,id00529/fOUzXF-MBc4/00303,00303.mp4,The-United-Kingdom-1,The-United-States-of-America
voxceleb,dev,id01433/IsGTxylGdkA/00045,00045.mp4,The-United-Kingdom-1,unknown
voxceleb,dev,id05760/yfBcLMK-H0c/00058,00058.mp4,The-United-Kingdom-1,The-United-Kingdom-1
voxceleb,dev,id05977/hx0pQlgAw3g/00222,00222.mp4,The-United-Kingdom-1,The-United-States-of-America
voxceleb,dev,id05962/kHhYqGf9bgU/00212,00212.mp4,The-United-States-of-America,Canada
voxceleb,dev,id07238/0bBjPYyHfVU/00002,00002.mp4,The-United-Kingdom-1,The-United-States-of-America
voxceleb,dev,id03625/odaMQ8PwnaU/00151,00151.mp4,India,India
voxceleb,dev,id04263/fkfjmYuxpKs/00121,00121.mp4,The-United-States-of-America,The-United-States-of-America
voxceleb,dev,id04406/tBDRhZbnoMU/00156,00156.mp4,The-United-States-of-America,The-United-States-of-America
voxceleb,dev,id00946/DEnWUWK3D-w/00027,00027.mp4,The-United-Kingdom-1,The-United-States-of-America
voxceleb,dev,id06261/47uK06bxIA8/00026,00026.mp4,The-Republic-of-Ireland,The-United-States-of-America
voxceleb,dev,id06986/_dn_sgB7uMA/00305,00305.mp4,Germany,Germany
voxceleb,dev,id02653/kRGYHrkTzVA/00392,00392.mp4,The-United-Kingdom-1,Germany
voxceleb,dev,id05813/YMf2hkip_vY/00195,00195.mp4,The-United-Kingdom-1,The-United-States-of-America
voxceleb,dev,id04259/VkbsL-900uE/00014,00014.mp4,The-United-States-of-America,Spain
voxceleb,dev,id06368/Ayi1A94qrx0/00094,00094.mp4,The-United-States-of-America,The-United-States-of-America
voxceleb,dev,id06428/lgBKJH3QFQc/00079,00079.mp4,India,unknown
voxceleb,dev,id03556/wD98eDhYKF8/00420,00420.mp4,The-United-Kingdom-1,The-United-States-of-America
voxceleb,dev,id01729/yJ92B8pU84I/00108,00108.mp4,The-Republic-of-Ireland,The-United-Kingdom-1
voxceleb,dev,id03921/b5P40yizfAc/00170,00170.mp4,The-United-Kingdom-1,France
voxceleb,dev,id06966/FUEzLvzxZlg/00052,00052.mp4,The-United-Kingdom-1,The-United-States-of-America
voxceleb,dev,id01439/480ybIiwVHE/00006,00006.mp4,Germany,Germany
voxceleb,dev,id05984/QqPreyR3Nnc/00067,00067.mp4,Australia,Germany
voxceleb,dev,id08551/VWx4LWpgXdQ/00071,00071.mp4,The-United-Kingdom-1,The-United-States-of-America
voxceleb,dev,id05295/zIVyQ9ktNm4/00350,00350.mp4,The-United-Kingdom-1,Italy
voxceleb,dev,id08529/Gl0cn1JCUmA/00045,00045.mp4,The-Republic-of-Ireland,The-United-States-of-America
voxceleb,dev,id08283/4HyDndmsOdE/00017,00017.mp4,The-United-Kingdom-1,The-United-Kingdom-1
voxceleb,dev,id08351/saZJ9ZECw4U/00438,00438.mp4,The-Republic-of-Ireland,France
voxceleb,dev,id05691/GMZBOwKYzdk/00299,00299.mp4,The-United-States-of-America,The-United-States-of-America
voxceleb,dev,id00050/xR30yLgt3P0/00077,00077.mp4,The-United-Kingdom-1,The-United-States-of-America
voxceleb,dev,id02252/girJ_vOfdgc/00369,00369.mp4,The-United-Kingdom-1,The-United-Kingdom-1
voxceleb,dev,id01251/qFZaN5gRNhk/00089,00089.mp4,Brazil,The-United-States-of-America
voxceleb,dev,id07990/EVp0EfQhR78/00043,00043.mp4,The-United-Kingdom-1,The-United-Kingdom-1
voxceleb,dev,id06262/MFrowTLjNts/00184,00184.mp4,India,unknown
voxceleb,dev,id04446/SPc0tLcNspI/00054,00054.mp4,The-Republic-of-Ireland,Indonesia
voxceleb,dev,id00881/xRINB3ztHYw/00092,00092.mp4,The-Republic-of-Ireland,The-Philippines-1
voxceleb,dev,id02629/hpMQXRkntmY/00017,00017.mp4,The-United-Kingdom-1,Mexico
voxceleb,dev,id08714/IkKcllPq38I/00197,00197.mp4,The-United-States-of-America,The-United-States-of-America
voxceleb,dev,id02845/FXSITm8lqOo/00052,00052.mp4,The-Republic-of-Ireland,The-United-Kingdom-1
voxceleb,dev,id06448/Mz76J-Bfrm4/00130,00130.mp4,The-United-Kingdom-1,The-United-Kingdom-1
voxceleb,dev,id01239/s73dayC4S5U/00353,00353.mp4,The-Republic-of-Ireland,The-United-States-of-America
voxceleb,dev,id03227/QyG6qKHE9lc/00143,00143.mp4,The-United-Kingdom-1,Germany
voxceleb,dev,id05027/BBryUvSP8a4/00074,00074.mp4,The-United-States-of-America,The-United-States-of-America
voxceleb,dev,id04518/NICILYsm_XI/00220,00220.mp4,The-United-Kingdom-1,The-United-Kingdom-1
voxceleb,dev,id02956/Qo5IRW0P5Ys/00133,00133.mp4,The-United-Kingdom-1,Canada
voxceleb,dev,id09070/3gNN6MSwv78/00013,00013.mp4,The-United-States-of-America,Canada
voxceleb,dev,id02008/i6-TeJFV69Y/00427,00427.mp4,The-United-States-of-America,The-United-States-of-America
voxceleb,dev,id05940/Buo34VUM8kE/00021,00021.mp4,The-Republic-of-Ireland,Lebanon
voxceleb,dev,id02210/aatgBjHHCyQ/00055,00055.mp4,The-Republic-of-Ireland,Germany
voxceleb,dev,id05303/BL2pxm9hyqg/00043,00043.mp4,The-United-Kingdom-1,Argentina
voxceleb,dev,id05027/0NGzAPddyPE/00014,00014.mp4,The-United-States-of-America,The-United-States-of-America
voxceleb,dev,id08280/eZAG4zNKivU/00305,00305.mp4,The-United-States-of-America,The-United-States-of-America
voxceleb,dev,id01120/_NOqakSpqog/00027,00027.mp4,The-United-Kingdom-1,Scotland
voxceleb,dev,id03389/j8rTVkuUSNE/00178,00178.mp4,The-United-Kingdom-1,New-Zealand
voxceleb,dev,id08093/3ibJhuaeMYY/00008,00008.mp4,The-United-Kingdom-1,Italy
voxceleb,dev,id07413/dyGxp1aY6js/00194,00194.mp4,The-United-States-of-America,The-United-States-of-America
voxceleb,dev,id06482/BfrBTGzNkDQ/00138,00138.mp4,The-United-States-of-America,The-United-States-of-America
voxceleb,dev,id04194/FwzEpSJNaLs/00086,00086.mp4,The-United-States-of-America,The-United-States-of-America
voxceleb,dev,id01873/X_sCkJAGyoc/00031,00031.mp4,The-United-States-of-America,The-United-States-of-America
voxceleb,dev,id02163/xeSyEloafyU/00030,00030.mp4,The-United-States-of-America,Canada
voxceleb,dev,id04393/uVS-ZtorY5A/00099,00099.mp4,The-United-Kingdom-1,Spain
voxceleb,dev,id04486/5ccfH-JW0u0/00035,00035.mp4,Canada,Canada
voxceleb,dev,id06364/O6U1K-6s5NA/00143,00143.mp4,India,India
voxceleb,dev,id00266/gk5_oksxXFY/00329,00329.mp4,The-United-Kingdom-1,The-United-Kingdom-1
voxceleb,dev,id02096/FLxjHOnJRd4/00019,00019.mp4,The-United-Kingdom-1,The-United-Kingdom-1
voxceleb,dev,id07005/CyLFnxpzklI/00114,00114.mp4,The-United-Kingdom-1,Kingdom-of-the-Netherlands
voxceleb,dev,id01043/U9qjTq7jd2I/00096,00096.mp4,The-United-Kingdom-1,unknown
voxceleb,dev,id09171/wRUp_87uVGA/00467,00467.mp4,The-United-States-of-America,The-United-States-of-America
voxceleb,dev,id04909/V6ErbkVlJHk/00081,00081.mp4,The-Republic-of-Ireland,Germany
voxceleb,dev,id08806/c8sMpSUkbqo/00087,00087.mp4,India,Pakistan
voxceleb,dev,id07053/X9rUmx2G-hQ/00029,00029.mp4,India,India
voxceleb,dev,id08968/WCm-bOC6Zyo/00235,00235.mp4,The-United-Kingdom-1,Canada
voxceleb,dev,id00393/tVbnipXfaeU/00081,00081.mp4,The-United-Kingdom-1,France
voxceleb,dev,id01246/75mGvvTaR0w/00012,00012.mp4,The-United-Kingdom-1,The-United-Kingdom-1
voxceleb,dev,id06131/lP-k-UBzhA8/00408,00408.mp4,The-United-Kingdom-1,Croatia
voxceleb,dev,id07524/UhcmTWb_YrI/00011,00011.mp4,The-United-Kingdom-1,France
voxceleb,dev,id02961/LBw8cF3wg6A/00083,00083.mp4,India,unknown
voxceleb,dev,id05815/DDBIPxpERbs/00064,00064.mp4,The-United-Kingdom-1,The-United-Kingdom-1
voxceleb,dev,id07438/s4YXoDif4Xo/00152,00152.mp4,The-United-Kingdom-1,France
voxceleb,dev,id01827/uPijNLzJwOU/00389,00389.mp4,The-Republic-of-Ireland,Italy
voxceleb,dev,id02151/IC-fDSEf9e8/00034,00034.mp4,The-United-States-of-America,The-United-States-of-America
voxceleb,dev,id03432/uppRkMfPRWA/00064,00064.mp4,Argentina,Chile
voxceleb,dev,id02072/v0YaXFYHfrg/00032,00032.mp4,India,India
voxceleb,dev,id06851/4HwqS3owQU0/00007,00007.mp4,The-United-Kingdom-1,The-United-Kingdom-1
voxceleb,dev,id04483/ygWZdFEQkW8/00095,00095.mp4,The-United-Kingdom-1,The-United-States-of-America
voxceleb,dev,id07160/mxtsD83NGiM/00148,00148.mp4,India,India
voxceleb,dev,id01141/abZUtTwUQsQ/00022,00022.mp4,The-United-States-of-America,The-United-States-of-America
voxceleb,dev,id07342/TKQ2J5mGq3w/00237,00237.mp4,The-United-States-of-America,The-United-States-of-America
voxceleb,dev,id08568/KPNFkqIaX0c/00221,00221.mp4,The-United-Kingdom-1,The-United-States-of-America
voxceleb,dev,id04091/_erFYjUyV50/00183,00183.mp4,The-United-Kingdom-1,The-United-Kingdom-1
voxceleb,dev,id02008/czF_UZMxQ1w/00315,00315.mp4,The-United-Kingdom-1,The-United-States-of-America
voxceleb,dev,id00774/z5CVItOMvy8/00498,00498.mp4,The-Republic-of-Ireland,The-United-Kingdom-1
voxceleb,dev,id04231/kuWPGxpYMV8/00058,00058.mp4,The-United-Kingdom-1,The-United-Kingdom-1
voxceleb,dev,id02311/0_uMxKKkUF4/00003,00003.mp4,The-United-States-of-America,The-United-States-of-America
voxceleb,dev,id00407/hqxOUPfi3oM/00101,00101.mp4,The-United-Kingdom-1,The-United-States-of-America
voxceleb,dev,id04705/JOaztanVzuk/00048,00048.mp4,The-United-Kingdom-1,The-United-States-of-America
voxceleb,dev,id06020/0zZLPUIZXPk/00006,00006.mp4,The-United-States-of-America,The-United-States-of-America
voxceleb,dev,id02902/zYJ41pAi0Ds/00170,00170.mp4,The-United-States-of-America,The-United-States-of-America
voxceleb,dev,id02615/P5Qa0Nccj30/00014,00014.mp4,The-United-Kingdom-1,Italy
voxceleb,dev,id08573/39LqACqlsgA/00043,00043.mp4,The-United-Kingdom-1,The-United-States-of-America
voxceleb,dev,id09175/oP2ggvZtRKU/00100,00100.mp4,China,China
voxceleb,dev,id00413/GHPx0I4WI4U/00189,00189.mp4,India,India
voxceleb,dev,id06934/E76wXWQ2hHk/00081,00081.mp4,The-United-States-of-America,The-United-States-of-America
voxceleb,dev,id01061/sP-X7dtCCrg/00166,00166.mp4,The-United-Kingdom-1,The-United-States-of-America
voxceleb,dev,id00933/sEOTkSalS-c/00112,00112.mp4,Jordan-215,Iran
voxceleb,dev,id03599/QCmgB8wEjd4/00012,00012.mp4,Jordan-215,India
voxceleb,dev,id00325/oO-ZpcIl5tY/00156,00156.mp4,The-United-Kingdom-1,unknown
voxceleb,dev,id04349/1K6BsP2dOx0/00016,00016.mp4,The-Republic-of-Ireland,France
voxceleb,dev,id07534/PyAW6OoKkm8/00095,00095.mp4,The-United-States-of-America,Canada
voxceleb,dev,id02363/WIWfYxAw8yA/00031,00031.mp4,The-United-Kingdom-1,Uruguay
voxceleb,dev,id05844/AesiUSDcPVE/00010,00010.mp4,Indonesia,Indonesia
voxceleb,dev,id05541/SqfbNQzRRrI/00303,00303.mp4,India,Chile
voxceleb,dev,id00195/gDZXvPuAHb8/00164,00164.mp4,The-United-States-of-America,Dominican-Republic
voxceleb,dev,id05209/0Z1aQ9UMIQU/00019,00019.mp4,The-United-Kingdom-1,The-United-States-of-America
voxceleb,dev,id00365/qwXutp5a3AM/00125,00125.mp4,The-United-States-of-America,Israel
voxceleb,dev,id03918/d91L2KBQ8oQ/00288,00288.mp4,The-United-Kingdom-1,France
voxceleb,dev,id05895/RrmB_s0fff0/00052,00052.mp4,The-United-States-of-America,The-United-States-of-America
voxceleb,dev,id03918/r0Pdck-tV5o/00487,00487.mp4,France,France
voxceleb,dev,id00494/BDGSgi5F1vE/00106,00106.mp4,The-United-Kingdom-1,Germany
voxceleb,dev,id01589/QO_PiKd8x8o/00008,00008.mp4,South-Korea,South-Korea
voxceleb,dev,id04675/Y-43JZ8e0Og/00096,00096.mp4,The-United-States-of-America,The-United-States-of-America
voxceleb,dev,id08917/JZwxGIWP8sg/00194,00194.mp4,The-Republic-of-Ireland,The-United-States-of-America
voxceleb,dev,id06105/m6Ni1Ay6JdM/00126,00126.mp4,The-United-Kingdom-1,The-United-States-of-America
voxceleb,dev,id03458/dytZsaAjIwk/00129,00129.mp4,The-United-States-of-America,Belgium
voxceleb,dev,id04081/5rFu_u71gas/00030,00030.mp4,The-United-States-of-America,The-United-States-of-America
voxceleb,dev,id08414/OZ31_9WPKTE/00221,00221.mp4,The-United-Kingdom-1,Australia
voxceleb,dev,id01750/7ioiOygWqgU/00075,00075.mp4,The-Republic-of-Ireland,The-United-States-of-America
voxceleb,dev,id07158/879QcH6K7O4/00016,00016.mp4,Singapore,Malaysia
voxceleb,dev,id02889/CJ-4NQmgjxA/00149,00149.mp4,Argentina,France
voxceleb,dev,id05739/Qz5C8jwRCho/00217,00217.mp4,The-United-Kingdom-1,Germany
voxceleb,dev,id07288/88zmSs5euBU/00073,00073.mp4,The-United-States-of-America,Italy
voxceleb,dev,id06024/q1A8tbUM0i4/00279,00279.mp4,The-United-Kingdom-1,unknown
voxceleb,dev,id02873/trQZJW7fXew/00443,00443.mp4,The-Republic-of-Ireland,The-United-States-of-America
voxceleb,dev,id02986/icHYP9JgZfs/00127,00127.mp4,The-United-Kingdom-1,Peru
voxceleb,dev,id02331/4Wo8MzS-9yo/00017,00017.mp4,The-United-Kingdom-1,Luxembourg
voxceleb,dev,id08173/BFLpFvBYB8A/00018,00018.mp4,The-United-Kingdom-1,The-United-Kingdom-1
voxceleb,dev,id04866/Z_o4k55yeFc/00101,00101.mp4,The-United-Kingdom-1,Estonia
voxceleb,dev,id02981/nMohDAnWoQw/00395,00395.mp4,The-United-Kingdom-1,The-United-Kingdom-1
voxceleb,dev,id08217/Xta_-NKt_2E/00187,00187.mp4,The-Republic-of-Ireland,Sweden
voxceleb,dev,id02538/xoLA9cRXuZM/00474,00474.mp4,The-United-Kingdom-1,The-United-Kingdom-1
voxceleb,dev,id01159/NjsAXbOIDac/00067,00067.mp4,The-United-States-of-America,The-United-States-of-America
voxceleb,dev,id01142/ht628F2anF8/00219,00219.mp4,The-United-Kingdom-1,Germany
voxceleb,dev,id06351/qBr87hkKw6w/00415,00415.mp4,The-United-States-of-America,The-United-States-of-America
voxceleb,dev,id07964/p9vWcyuqLSs/00037,00037.mp4,The-United-Kingdom-1,The-Republic-of-Ireland
voxceleb,dev,id08928/pfttuRNoXy8/00350,00350.mp4,The-United-Kingdom-1,Soviet-Union-1
voxceleb,dev,id01447/3SSMPNucKZQ/00014,00014.mp4,The-United-Kingdom-1,Denmark
voxceleb,dev,id06870/iPe0_vAU_2Q/00370,00370.mp4,Jordan-215,The-United-States-of-America
voxceleb,dev,id03683/VXQz5-evcbo/00143,00143.mp4,The-United-States-of-America,The-United-States-of-America
voxceleb,dev,id04652/VX0Cz5PHNhA/00198,00198.mp4,The-United-States-of-America,The-United-States-of-America
voxceleb,dev,id07166/HRKNP_X0c1M/00128,00128.mp4,India,India
voxceleb,dev,id03075/BihpImnxyd8/00094,00094.mp4,The-United-Kingdom-1,Italy
voxceleb,dev,id06940/SUHyizoGzD4/00043,00043.mp4,The-United-Kingdom-1,The-United-States-of-America
voxceleb,dev,id04314/bxMuRvVq6nU/00072,00072.mp4,The-United-Kingdom-1,Argentina
voxceleb,dev,id01662/Jfky56UA47Q/00137,00137.mp4,The-United-Kingdom-1,Canada
voxceleb,dev,id05907/yfLDe2S8Oy4/00443,00443.mp4,India,India
voxceleb,dev,id09119/pZFVDkmU3TA/00101,00101.mp4,India,India
voxceleb,dev,id04490/5gY_FPbrqtI/00016,00016.mp4,India,India
voxceleb,dev,id07543/D1-fwbAtTMk/00034,00034.mp4,The-Republic-of-Ireland,The-United-States-of-America
voxceleb,dev,id08475/Ckuw9NN7ySo/00064,00064.mp4,The-United-Kingdom-1,The-United-Kingdom-1
voxceleb,dev,id08477/NRNYv7zlSws/00217,00217.mp4,The-United-States-of-America,The-United-States-of-America
voxceleb,dev,id06247/bIO0TyLzXak/00100,00100.mp4,The-United-States-of-America,The-United-States-of-America
voxceleb,dev,id02147/pichC86tGEM/00184,00184.mp4,The-United-Kingdom-1,The-United-States-of-America
voxceleb,dev,id07658/DGQtQYTAxN8/00024,00024.mp4,The-Republic-of-Ireland,Slovakia-1
voxceleb,dev,id08795/ZfyJWYuztiY/00245,00245.mp4,The-United-Kingdom-1,The-United-States-of-America
voxceleb,dev,id02824/gfyih83zKVQ/00080,00080.mp4,India,Nigeria
voxceleb,dev,id05289/QU3Mo1Ncmdg/00084,00084.mp4,The-United-Kingdom-1,France
voxceleb,dev,id08994/CKetJAv4qp4/00052,00052.mp4,Austria,Austria
voxceleb,dev,id00258/nDzIdtQ36Xg/00380,00380.mp4,The-United-Kingdom-1,The-United-States-of-America
voxceleb,dev,id08024/RJ5-wocff4s/00074,00074.mp4,India,India
voxceleb,dev,id08280/RMvscdOYdNQ/00167,00167.mp4,The-United-States-of-America,The-United-States-of-America
voxceleb,dev,id02583/r1IitvJ_1pY/00109,00109.mp4,The-United-Kingdom-1,The-United-States-of-America
voxceleb,dev,id04896/9io28l3AX5E/00053,00053.mp4,The-United-States-of-America,The-United-States-of-America
voxceleb,dev,id07637/aEzv5RpHtlg/00175,00175.mp4,The-United-States-of-America,The-United-States-of-America
voxceleb,dev,id09269/c2E9Bb9nB8s/00210,00210.mp4,The-United-Kingdom-1,The-Czech-Republic-1
voxceleb,dev,id01060/vSaWerPYPH8/00409,00409.mp4,The-United-States-of-America,The-United-States-of-America
voxceleb,dev,id08760/MajVeb6o8m8/00091,00091.mp4,The-United-Kingdom-1,Israel
voxceleb,dev,id08477/CRjy1DyUhPo/00117,00117.mp4,The-Czech-Republic-1,The-United-States-of-America
voxceleb,dev,id02351/sOXWYbszPQs/00395,00395.mp4,The-United-Kingdom-1,The-United-Kingdom-1
voxceleb,dev,id02062/juyuFHnWhng/00341,00341.mp4,The-United-Kingdom-1,The-United-Kingdom-1
voxceleb,dev,id05235/MG_mwFQAs9s/00141,00141.mp4,The-United-Kingdom-1,The-United-States-of-America
voxceleb,dev,id06905/sAJNPyAPN4M/00412,00412.mp4,The-United-Kingdom-1,Germany
voxceleb,dev,id01681/oazEzpVe76o/00449,00449.mp4,The-United-Kingdom-1,Canada
voxceleb,dev,id05721/ORMmAd7-WDs/00068,00068.mp4,The-United-States-of-America,The-United-States-of-America
voxceleb,dev,id02495/WLY0XaSNF0A/00219,00219.mp4,The-United-Kingdom-1,The-United-Kingdom-1
voxceleb,dev,id08748/BtL9HCMFS80/00029,00029.mp4,The-United-Kingdom-1,Germany
voxceleb,dev,id05057/8wYzOw8MNDk/00102,00102.mp4,The-United-Kingdom-1,The-United-States-of-America
voxceleb,dev,id08653/Ig7VkGFOokA/00098,00098.mp4,The-Republic-of-Ireland,The-United-Kingdom-1
voxceleb,dev,id05227/X4oeZcZ262A/00143,00143.mp4,The-United-Kingdom-1,The-United-States-of-America
voxceleb,dev,id08801/h7DhShHFEmU/00170,00170.mp4,The-Republic-of-Ireland,France
voxceleb,dev,id04417/f4eKSQeGiHk/00355,00355.mp4,Jordan-215,Pakistan
voxceleb,dev,id07553/s454QBI4MuA/00256,00256.mp4,The-United-Kingdom-1,Canada
voxceleb,dev,id01209/lNHysr_IluI/00437,00437.mp4,The-United-States-of-America,The-United-States-of-America
voxceleb,dev,id05049/1jBkH4UB874/00017,00017.mp4,The-United-Kingdom-1,The-United-States-of-America
voxceleb,dev,id00324/Yl6Jqe2PWQ0/00224,00224.mp4,The-United-Kingdom-1,Sweden
voxceleb,dev,id04045/J21oliqqezc/00180,00180.mp4,The-United-States-of-America,The-United-States-of-America
voxceleb,dev,id07678/jity4r9fVf8/00086,00086.mp4,The-United-Kingdom-1,The-United-Kingdom-1
voxceleb,dev,id04676/TMY2uw_snG4/00155,00155.mp4,The-United-States-of-America,The-United-States-of-America
voxceleb,dev,id03614/6T75Hvc7SVs/00021,00021.mp4,Israel,Israel
voxceleb,dev,id05256/VH4beLiZzoY/00293,00293.mp4,The-United-States-of-America,The-United-States-of-America
voxceleb,dev,id04491/VIlKOPihE_I/00019,00019.mp4,India,India
voxceleb,dev,id07719/y7GRKV7dD6k/00415,00415.mp4,The-United-Kingdom-1,The-United-States-of-America
voxceleb,dev,id01858/HBSDURviflg/00006,00006.mp4,India,British-Colonial-Rule
voxceleb,dev,id03757/X5Pupmdeang/00206,00206.mp4,The-United-Kingdom-1,The-United-States-of-America
voxceleb,dev,id05764/t9ZlswXde7w/00202,00202.mp4,The-United-Kingdom-1,The-United-States-of-America
voxceleb,dev,id05851/hLGIJmvho4c/00350,00350.mp4,The-United-Kingdom-1,France
voxceleb,dev,id01489/jiIUQ2lPaNg/00303,00303.mp4,The-United-States-of-America,The-United-States-of-America
voxceleb,dev,id08335/chAFwdzWd9g/00419,00419.mp4,The-United-Kingdom-1,The-United-States-of-America
voxceleb,dev,id04365/d3IZJHACYIc/00208,00208.mp4,The-United-Kingdom-1,Chile
voxceleb,dev,id07334/j8MXC2THhP4/00159,00159.mp4,The-Republic-of-Ireland,The-Republic-of-Ireland
voxceleb,dev,id07719/y7GRKV7dD6k/00466,00466.mp4,The-United-Kingdom-1,The-United-States-of-America
voxceleb,dev,id05810/Pr03pcnthqg/00089,00089.mp4,Switzerland,Germany
voxceleb,dev,id05370/KutIzgi10xk/00063,00063.mp4,The-United-States-of-America,The-United-States-of-America
voxceleb,dev,id09212/84hbMkofs4A/00010,00010.mp4,Brazil,Brazil
voxceleb,dev,id05994/O2Awj-SFUWs/00129,00129.mp4,The-United-Kingdom-1,The-United-States-of-America
voxceleb,dev,id00888/aA8BeXjYr5U/00276,00276.mp4,The-United-Kingdom-1,The-United-States-of-America
voxceleb,dev,id05263/jLCgZhCKMc4/00095,00095.mp4,The-United-Kingdom-1,The-United-Kingdom-1
voxceleb,dev,id03414/krro_Yt9pn8/00347,00347.mp4,The-United-Kingdom-1,Weimar-Republic
voxceleb,dev,id07837/WkH3ps2FrQk/00322,00322.mp4,The-United-States-of-America,The-United-States-of-America
voxceleb,dev,id01172/col4JgGE2kA/00214,00214.mp4,India,The-United-States-of-America
voxceleb,dev,id09201/RwbkLY40Phc/00045,00045.mp4,The-Republic-of-Ireland,Croatia
voxceleb,dev,id02654/vVYpTn4O9qg/00122,00122.mp4,The-United-Kingdom-1,Kingdom-of-the-Netherlands
voxceleb,dev,id01574/LVHgL0kOH8A/00008,00008.mp4,The-Republic-of-Ireland,Italy
voxceleb,dev,id03675/iqJRx6aLwd4/00343,00343.mp4,The-United-Kingdom-1,Poland
voxceleb,dev,id02656/IMCm9LA9FJ8/00106,00106.mp4,The-United-States-of-America,The-United-States-of-America
voxceleb,dev,id07580/0KbSduD5VS8/00009,00009.mp4,The-United-Kingdom-1,Spain
voxceleb,dev,id02040/_SP88jCyLdU/00413,00413.mp4,India,The-United-Kingdom-1
voxceleb,dev,id01681/_SUwO2AdE_I/00347,00347.mp4,Canada,Canada
voxceleb,dev,id00051/hAf2hkvex_4/00236,00236.mp4,The-United-Kingdom-1,Australia
voxceleb,dev,id01178/9kw0ks8rpVs/00047,00047.mp4,The-United-States-of-America,The-United-States-of-America
voxceleb,dev,id01280/0LBazktPezg/00021,00021.mp4,The-United-States-of-America,The-United-States-of-America
voxceleb,dev,id02164/LYCBY4QF4Po/00073,00073.mp4,India,India
voxceleb,dev,id06495/xb7DY18XKAQ/00339,00339.mp4,The-United-Kingdom-1,The-Republic-of-Ireland
voxceleb,dev,id04600/LMdD-3aosAM/00068,00068.mp4,India,India
voxceleb,dev,id04255/qdyQs4F3gXY/00209,00209.mp4,The-Republic-of-Ireland,Denmark
voxceleb,dev,id00302/4C8-RSgKmWs/00007,00007.mp4,The-Republic-of-Ireland,Greece
voxceleb,dev,id06073/pi26Po1wIHk/00085,00085.mp4,The-United-Kingdom-1,The-United-Kingdom-1
voxceleb,dev,id03582/mYFm11enZiA/00030,00030.mp4,Israel,Spain
voxceleb,dev,id00266/njQOyyMmSRQ/00376,00376.mp4,The-United-Kingdom-1,The-United-Kingdom-1
voxceleb,dev,id08329/sK4kerjyM2Y/00105,00105.mp4,The-United-Kingdom-1,India
voxceleb,dev,id01931/YU5YrwcE174/00300,00300.mp4,The-United-Kingdom-1,Australia
voxceleb,dev,id06368/zX0T5dm_nO4/00419,00419.mp4,The-United-Kingdom-1,The-United-States-of-America
voxceleb,dev,id03912/LPgVasqJhW4/00028,00028.mp4,The-United-Kingdom-1,France
voxceleb,dev,id08737/x0Fc_KE5HQ4/00037,00037.mp4,India,India
voxceleb,dev,id02987/xFd8tjgg2aQ/00406,00406.mp4,India,India
voxceleb,dev,id04842/IvzffRL_VY8/00194,00194.mp4,The-United-Kingdom-1,The-United-States-of-America
voxceleb,dev,id03949/il8IOLWWEVY/00119,00119.mp4,The-United-Kingdom-1,The-United-States-of-America
voxceleb,dev,id05983/WH2NeWKiirw/00230,00230.mp4,The-United-States-of-America,The-United-States-of-America
voxceleb,dev,id05332/cX0mupRF-lc/00067,00067.mp4,Philippines,The-Philippines-1
voxceleb,dev,id00736/GIM2XYCBPYE/00072,00072.mp4,The-United-Kingdom-1,Portugal
voxceleb,dev,id05658/TKWVX6brg-E/00152,00152.mp4,The-United-States-of-America,The-United-States-of-America
voxceleb,dev,id03350/3uOiQLDu0wk/00049,00049.mp4,The-United-Kingdom-1,Australia
voxceleb,dev,id04970/S5U3fJ8GDQE/00141,00141.mp4,India,India
voxceleb,dev,id01557/6wo93bpqiX0/00026,00026.mp4,The-United-Kingdom-1,The-United-States-of-America
voxceleb,dev,id00681/T5Zkep4N_4Q/00100,00100.mp4,The-Republic-of-Ireland,France
voxceleb,dev,id07624/2Q4WUnc0Xag/00026,00026.mp4,The-United-States-of-America,The-United-States-of-America
voxceleb,dev,id00376/kS8WOP4yaYM/00021,00021.mp4,The-United-Kingdom-1,Spain
voxceleb,dev,id00377/9U-PIbQwzRY/00049,00049.mp4,India,India
voxceleb,dev,id01067/m75c9kYlVZ8/00100,00100.mp4,The-United-Kingdom-1,The-United-Kingdom-1
voxceleb,dev,id05616/ATSFspOzGHM/00017,00017.mp4,The-Republic-of-Ireland,Kingdom-of-the-Netherlands
voxceleb,dev,id07146/RHo1swqNEsw/00024,00024.mp4,The-United-States-of-America,Spain
voxceleb,dev,id08756/oKYUGLWop60/00264,00264.mp4,India,India
voxceleb,dev,id05619/ihtEAd-bR2E/00256,00256.mp4,The-Republic-of-Ireland,Italy
voxceleb,dev,id00076/FC4isNM6PfM/00042,00042.mp4,Ghana,The-United-Kingdom-1
voxceleb,dev,id05198/tJgmqcVN2o0/00192,00192.mp4,The-United-Kingdom-1,France
voxceleb,dev,id05977/y--PSpBPd3w/00361,00361.mp4,India,The-United-States-of-America
voxceleb,dev,id03743/pR2ZcYxLG1s/00209,00209.mp4,The-United-Kingdom-1,The-United-States-of-America
voxceleb,dev,id07800/s1TYn0qVttg/00435,00435.mp4,The-United-Kingdom-1,Germany
voxceleb,dev,id05350/tGWdMm0gSTY/00148,00148.mp4,The-United-Kingdom-1,The-United-Kingdom-1
voxceleb,dev,id00946/d2BDJJ1Qils/00192,00192.mp4,The-United-States-of-America,The-United-States-of-America
voxceleb,dev,id06323/8nKl6ildWGU/00186,00186.mp4,The-United-Kingdom-1,France
voxceleb,dev,id08805/7Jnvj4_etB0/00038,00038.mp4,Jordan-215,Ghana
voxceleb,dev,id00794/9bFtINZBO1w/00094,00094.mp4,The-United-Kingdom-1,Italy
voxceleb,dev,id04993/tTXeeI7UhX8/00091,00091.mp4,The-United-Kingdom-1,Austria
voxceleb,dev,id07256/OEhFUmgK89U/00167,00167.mp4,The-United-Kingdom-1,The-United-Kingdom-1
voxceleb,dev,id04081/DbJ0Nmr264k/00172,00172.mp4,The-United-Kingdom-1,The-United-States-of-America
voxceleb,dev,id08944/awbtRYb1bS8/00207,00207.mp4,Israel,Moldova-1
voxceleb,dev,id08968/62_-BMlYyOg/00034,00034.mp4,The-United-Kingdom-1,Canada
voxceleb,dev,id01617/suPIng3LjUM/00374,00374.mp4,The-United-Kingdom-1,The-United-Kingdom-1
voxceleb,dev,id07714/GgQmNnr-460/00088,00088.mp4,The-United-Kingdom-1,The-United-States-of-America
voxceleb,dev,id03985/WYBR6cd5RWY/00082,00082.mp4,India,India
voxceleb,dev,id01025/GoLWj7qJMyw/00054,00054.mp4,India,India
voxceleb,dev,id07377/ED7o_PoZ2KI/00018,00018.mp4,India,India
voxceleb,dev,id05288/C2OXYhMpelA/00099,00099.mp4,The-United-Kingdom-1,France
voxceleb,dev,id04080/L1b0vUFOUOk/00125,00125.mp4,The-United-Kingdom-1,The-United-States-of-America
voxceleb,dev,id00894/8J726Hryy_o/00072,00072.mp4,The-United-Kingdom-1,Italy
voxceleb,dev,id02208/CZr1T3X2JcM/00004,00004.mp4,The-Republic-of-Ireland,Germany
voxceleb,dev,id01280/Ys01avXUMeg/00298,00298.mp4,The-United-States-of-America,The-United-States-of-America
voxceleb,dev,id02473/af9i1w9herI/00033,00033.mp4,The-United-Kingdom-1,The-United-States-of-America
voxceleb,dev,id00731/jXiQGqILtx4/00131,00131.mp4,Honduras,India
voxceleb,dev,id04716/Dty1hiBmmpE/00111,00111.mp4,The-United-Kingdom-1,The-United-Kingdom-1
voxceleb,dev,id04903/q44kWncr3YA/00485,00485.mp4,The-United-Kingdom-1,The-United-States-of-America
voxceleb,dev,id04192/KDhaUxUx6rg/00125,00125.mp4,The-United-Kingdom-1,Germany
voxceleb,dev,id03750/NdfdGn3pW8M/00185,00185.mp4,The-Republic-of-Ireland,Canada
voxceleb,dev,id06239/_DFRtxAMacc/00342,00342.mp4,The-United-Kingdom-1,Germany
voxceleb,dev,id02946/VJrIhVS-hWs/00153,00153.mp4,India,Australia
voxceleb,dev,id07415/bymrtDB9Dh0/00290,00290.mp4,The-United-States-of-America,The-United-States-of-America
voxceleb,dev,id05984/auGHuTBpNi8/00123,00123.mp4,Honduras,Germany
voxceleb,dev,id03493/RjU315FNXPs/00232,00232.mp4,India,India
voxceleb,dev,id02219/5rCJwEkX0m4/00071,00071.mp4,India,India
voxceleb,dev,id05104/yfNcv0K7cvY/00452,00452.mp4,The-United-Kingdom-1,Germany
voxceleb,dev,id03430/0Xzz3aVHsbQ/00021,00021.mp4,The-United-States-of-America,The-United-States-of-America
voxceleb,dev,id07186/NFVEnxkn-C8/00171,00171.mp4,The-United-Kingdom-1,India
voxceleb,dev,id06131/z3RKza-ONyg/00497,00497.mp4,The-Republic-of-Ireland,Croatia
voxceleb,dev,id03575/hAJDHMZ6G_8/00073,00073.mp4,The-United-Kingdom-1,Mexico
voxceleb,dev,id05058/eBXBMRHQTHU/00190,00190.mp4,India,India
voxceleb,dev,id06055/30zzdT5l30A/00003,00003.mp4,The-Republic-of-Ireland,The-United-States-of-America
voxceleb,dev,id04616/2pSizH2qINg/00007,00007.mp4,The-United-Kingdom-1,The-United-Kingdom-1
voxceleb,dev,id01234/m_eOoSLemU8/00093,00093.mp4,The-United-States-of-America,The-United-States-of-America
voxceleb,dev,id02384/hrpzTTb9BAg/00316,00316.mp4,Jordan-215,Mexico
voxceleb,dev,id03521/WVfyvm39TZA/00072,00072.mp4,The-United-States-of-America,The-United-States-of-America
voxceleb,dev,id05664/b9R7Hy_gh-4/00306,00306.mp4,The-United-States-of-America,The-United-States-of-America
voxceleb,dev,id07088/s1whz9n_QuM/00205,00205.mp4,Russia,The-Czech-Republic-1
voxceleb,dev,id08639/KIz-PJWUgO8/00155,00155.mp4,The-United-Kingdom-1,The-United-States-of-America
voxceleb,dev,id03242/pC3xG1xE21Q/00442,00442.mp4,Jordan-215,India
voxceleb,dev,id08716/oA4yeTjW8IU/00234,00234.mp4,The-United-Kingdom-1,The-United-Kingdom-1
voxceleb,dev,id09192/yk-8C6YjGp4/00469,00469.mp4,The-United-Kingdom-1,Serbia
voxceleb,dev,id02730/wiBQ8P5EtUg/00033,00033.mp4,The-United-States-of-America,The-United-States-of-America
voxceleb,dev,id05930/648f1NUaUps/00091,00091.mp4,The-Republic-of-Ireland,Turkey-country
voxceleb,dev,id03123/3GdossNwwVs/00030,00030.mp4,The-United-Kingdom-1,The-United-States-of-America
voxceleb,dev,id06722/BNLv0CgYp8Q/00107,00107.mp4,The-United-Kingdom-1,The-United-States-of-America
voxceleb,dev,id05591/ZLli5cjFxLI/00244,00244.mp4,The-United-States-of-America,The-United-States-of-America
voxceleb,dev,id05829/wvCWBUS3-G0/00247,00247.mp4,Italy,Italy
voxceleb,dev,id07353/9jSZlMwQqgs/00018,00018.mp4,The-United-States-of-America,The-United-States-of-America
voxceleb,dev,id05058/TlKf_vYeafA/00149,00149.mp4,India,India
voxceleb,dev,id04973/tS5uv3WnuDk/00109,00109.mp4,The-United-Kingdom-1,Argentina
voxceleb,dev,id00025/veFTCDiIaTs/00061,00061.mp4,The-United-States-of-America,The-United-States-of-America
voxceleb,dev,id03089/SwEHTrDGWtA/00154,00154.mp4,The-United-States-of-America,Brazil
voxceleb,dev,id07076/j0FskrH9oCM/00163,00163.mp4,The-United-Kingdom-1,The-United-States-of-America
voxceleb,dev,id03709/NeY8C_RMCLU/00107,00107.mp4,The-United-Kingdom-1,France
voxceleb,dev,id07062/mgZZvyKJ7rI/00131,00131.mp4,India,India
voxceleb,dev,id02202/bU8lc3p_0s4/00100,00100.mp4,The-United-Kingdom-1,Germany
voxceleb,dev,id01857/C6_5WGcFzYo/00099,00099.mp4,The-United-Kingdom-1,The-United-States-of-America
voxceleb,dev,id00184/kC78MIMgpx4/00340,00340.mp4,The-United-States-of-America,The-United-States-of-America
voxceleb,dev,id03885/ybxOtKyDV-I/00410,00410.mp4,The-United-States-of-America,The-United-States-of-America
voxceleb,dev,id01510/81mbSxWVgEQ/00014,00014.mp4,The-United-Kingdom-1,Kingdom-of-the-Netherlands
voxceleb,dev,id05470/g7MiYBGbHdg/00086,00086.mp4,The-Republic-of-Ireland,unknown
voxceleb,dev,id03786/2Z_KSphRIZQ/00040,00040.mp4,The-United-States-of-America,The-United-States-of-America
voxceleb,dev,id01667/mb8wvyDp_gE/00340,00340.mp4,The-Republic-of-Ireland,Austria
voxceleb,dev,id00692/DPqtdrYRMJI/00108,00108.mp4,The-United-Kingdom-1,The-United-States-of-America
voxceleb,dev,id04162/ure9wphhs90/00361,00361.mp4,The-United-States-of-America,The-United-States-of-America
voxceleb,dev,id03432/7ErtfjNkhTU/00002,00002.mp4,The-United-Kingdom-1,Chile
voxceleb,dev,id01893/cIqITC_Ajf4/00213,00213.mp4,The-United-Kingdom-1,The-United-Kingdom-1
voxceleb,dev,id01429/_AiEQInm3OI/00121,00121.mp4,The-United-Kingdom-1,The-United-Kingdom-1
voxceleb,dev,id05586/mKkF7bn7Q6Q/00173,00173.mp4,The-United-Kingdom-1,Denmark
voxceleb,dev,id01240/7aaCcqxS6-w/00039,00039.mp4,The-United-Kingdom-1,France
voxceleb,dev,id03696/JXe8U2GEqRE/00146,00146.mp4,The-United-States-of-America,The-United-Kingdom-1
voxceleb,dev,id03263/sYACZLwKzB0/00305,00305.mp4,The-United-States-of-America,The-United-States-of-America
voxceleb,dev,id08323/nsmksIgcFjs/00378,00378.mp4,India,Nepal
voxceleb,dev,id01687/F4H8dYdU_5g/00047,00047.mp4,The-United-States-of-America,unknown
voxceleb,dev,id05492/DVeuyJqSwRI/00153,00153.mp4,The-United-Kingdom-1,Chile
voxceleb,dev,id06702/ytLjTWP-UTo/00477,00477.mp4,The-United-Kingdom-1,Switzerland
voxceleb,dev,id03100/gSDGAOXQYec/00127,00127.mp4,The-United-Kingdom-1,The-United-States-of-America
voxceleb,dev,id01406/HSKfh0QhMQ8/00055,00055.mp4,The-United-States-of-America,The-United-States-of-America
voxceleb,dev,id05738/prGUAJWO8Xg/00427,00427.mp4,The-Republic-of-Ireland,The-United-Kingdom-1
voxceleb,dev,id02495/XK3jUvV9ccE/00228,00228.mp4,The-United-Kingdom-1,The-United-Kingdom-1
voxceleb,dev,id08362/v_KXaC9edus/00470,00470.mp4,The-United-States-of-America,France
voxceleb,dev,id02080/z-u6YBIvBu0/00116,00116.mp4,The-United-States-of-America,The-United-States-of-America
voxceleb,dev,id07462/qS7iEqprFtU/00201,00201.mp4,The-United-States-of-America,The-United-States-of-America
voxceleb,dev,id07228/Qs71y9HlaB8/00162,00162.mp4,The-United-Kingdom-1,The-United-States-of-America
voxceleb,dev,id02873/dJ4Gbp74mU0/00342,00342.mp4,The-United-Kingdom-1,The-United-States-of-America
voxceleb,dev,id03133/PlgfxPraFV0/00116,00116.mp4,The-United-Kingdom-1,Germany
voxceleb,dev,id02508/wX_pOICDys0/00210,00210.mp4,The-United-Kingdom-1,The-United-Kingdom-1
voxceleb,dev,id02035/mZd5v32FkmY/00127,00127.mp4,Australia,Australia
voxceleb,dev,id07664/muGlfJpaUzE/00091,00091.mp4,India,India
voxceleb,dev,id00145/93yX0SbJrX0/00003,00003.mp4,The-United-States-of-America,The-United-States-of-America
voxceleb,dev,id02123/CksSx4W0QZo/00017,00017.mp4,The-United-Kingdom-1,Mexico
voxceleb,dev,id05631/gSnk4gC1FZ0/00062,00062.mp4,The-Philippines-1,The-Philippines-1
voxceleb,dev,id02815/rFAtZdxDZGE/00061,00061.mp4,The-United-Kingdom-1,Italy
voxceleb,dev,id07454/yHj9frlKMhk/00099,00099.mp4,The-United-Kingdom-1,Canada
voxceleb,dev,id09237/mNs8Ssxtc9k/00168,00168.mp4,The-United-Kingdom-1,France
voxceleb,dev,id05150/5Gv3b1Q3xRQ/00033,00033.mp4,The-United-Kingdom-1,The-United-Kingdom-1
voxceleb,dev,id02444/EQE5LrniFYo/00011,00011.mp4,The-United-Kingdom-1,The-United-States-of-America
voxceleb,dev,id01334/4NNsxiZyFOI/00012,00012.mp4,Japan,The-United-States-of-America
voxceleb,dev,id01409/5XmuKffHfVU/00004,00004.mp4,The-United-Kingdom-1,The-United-Kingdom-1
voxceleb,dev,id05945/Ss_63E_vEtk/00050,00050.mp4,The-United-Kingdom-1,The-United-States-of-America
voxceleb,dev,id07715/YWCtDCC3jYM/00026,00026.mp4,Australia,Australia
voxceleb,dev,id06494/N9o8uxmTI5Y/00065,00065.mp4,The-United-Kingdom-1,The-United-Kingdom-1
voxceleb,dev,id01420/fTkr9Mn0FAg/00132,00132.mp4,The-United-Kingdom-1,Canada
voxceleb,dev,id04266/vB6BFg_xgXg/00454,00454.mp4,The-United-Kingdom-1,The-United-States-of-America
voxceleb,dev,id04972/H4FcVESQgFM/00101,00101.mp4,The-United-Kingdom-1,The-United-States-of-America
voxceleb,dev,id03088/SnvRYWknClI/00239,00239.mp4,The-United-Kingdom-1,The-United-States-of-America
voxceleb,dev,id00262/BIWer8e-VYY/00043,00043.mp4,The-United-Kingdom-1,The-United-States-of-America
voxceleb,dev,id06717/ZAGyKiHA4xM/00206,00206.mp4,The-United-Kingdom-1,The-United-States-of-America
voxceleb,dev,id06173/u3uozOnyly0/00191,00191.mp4,The-United-Kingdom-1,Germany
voxceleb,dev,id05584/ubPUAoY2KFw/00332,00332.mp4,Germany,Germany
voxceleb,dev,id08528/f91bYh0QHJo/00156,00156.mp4,The-United-States-of-America,The-United-States-of-America
voxceleb,dev,id06474/ELuzasiPSdg/00123,00123.mp4,The-United-Kingdom-1,The-United-Kingdom-1
voxceleb,dev,id08331/NVusXbtItgI/00091,00091.mp4,The-Republic-of-Ireland,Norway
voxceleb,dev,id00622/QQSUQNNaf5w/00145,00145.mp4,The-United-States-of-America,The-United-States-of-America
voxceleb,dev,id00478/Ef90qqt2Qq0/00050,00050.mp4,The-United-States-of-America,The-United-States-of-America
voxceleb,dev,id04199/E2ov3TBC9d8/00089,00089.mp4,The-United-Kingdom-1,The-United-States-of-America
voxceleb,dev,id07983/CobLeDG5ebA/00022,00022.mp4,The-United-Kingdom-1,The-United-States-of-America
voxceleb,dev,id05986/zD7OtungMLI/00467,00467.mp4,The-United-States-of-America,The-United-States-of-America
voxceleb,dev,id04609/58UpyEbWRNA/00017,00017.mp4,The-United-States-of-America,The-United-States-of-America
voxceleb,dev,id07044/I1HnnEK7Kyg/00055,00055.mp4,India,The-United-States-of-America
voxceleb,dev,id01614/SOxVXroH7hw/00159,00159.mp4,The-United-Kingdom-1,The-United-States-of-America
voxceleb,dev,id02440/a9_l9FFJrio/00219,00219.mp4,The-United-States-of-America,The-United-States-of-America
voxceleb,dev,id01829/95L0czTO9X4/00018,00018.mp4,The-United-States-of-America,Chile
voxceleb,dev,id08521/VGRrcIqBqtM/00141,00141.mp4,The-United-Kingdom-1,The-United-Kingdom-1
voxceleb,dev,id05935/JCAPNg5mqdE/00126,00126.mp4,The-United-States-of-America,Slovenia
voxceleb,dev,id08145/qMabNj7v704/00320,00320.mp4,India,India
voxceleb,dev,id06408/NlmHrzX0CSY/00035,00035.mp4,The-United-Kingdom-1,The-United-States-of-America
voxceleb,dev,id06232/bdtz9Rc_EMo/00054,00054.mp4,India,The-United-States-of-America
voxceleb,dev,id04231/a0xLt4MiiHM/00044,00044.mp4,The-United-Kingdom-1,The-United-Kingdom-1
voxceleb,dev,id07036/Cox1lELk4pE/00008,00008.mp4,The-United-Kingdom-1,Estonia
voxceleb,dev,id00189/GWPzmoQ7rlo/00010,00010.mp4,The-United-Kingdom-1,The-United-States-of-America
voxceleb,dev,id06966/YoB_hHb-Uyo/00080,00080.mp4,The-United-Kingdom-1,The-United-States-of-America
voxceleb,dev,id00908/a7ylvsnrGbA/00185,00185.mp4,The-United-States-of-America,Canada
voxceleb,dev,id02460/DTu_UO1uroY/00006,00006.mp4,The-United-States-of-America,The-United-States-of-America
voxceleb,dev,id00999/vxCEJB-MnIE/00060,00060.mp4,Belgium,Albania
voxceleb,dev,id07944/E3j6rbnPtJQ/00063,00063.mp4,The-Republic-of-Ireland,Germany
voxceleb,dev,id06717/O24d_rJ4uDo/00164,00164.mp4,The-United-Kingdom-1,The-United-States-of-America
voxceleb,dev,id07130/LwHbHydjjyo/00129,00129.mp4,The-Republic-of-Ireland,The-United-Kingdom-1
voxceleb,dev,id02555/3MYta0xv17U/00007,00007.mp4,The-United-Kingdom-1,Turkey-country
voxceleb,dev,id08097/JSQn2xizGes/00115,00115.mp4,The-Republic-of-Ireland,Kingdom-of-the-Netherlands
voxceleb,dev,id03263/Wh5xhqZxlyA/00073,00073.mp4,The-United-States-of-America,The-United-States-of-America
voxceleb,dev,id06474/fgfdgLfS1uI/00340,00340.mp4,The-United-Kingdom-1,The-United-Kingdom-1
voxceleb,dev,id05264/RQO5_YiVgdM/00055,00055.mp4,The-United-Kingdom-1,Canada
voxceleb,dev,id06210/gd38lIZN7as/00097,00097.mp4,India,Egypt
voxceleb,dev,id04610/ku38fvpDOHU/00043,00043.mp4,The-Republic-of-Ireland,The-United-Kingdom-1
voxceleb,dev,id03745/2HMaoKYuA8U/00003,00003.mp4,The-Republic-of-Ireland,The-United-States-of-America
voxceleb,dev,id04523/XUH99e4LEPI/00205,00205.mp4,The-Republic-of-Ireland,The-United-States-of-America
voxceleb,dev,id06502/CZ92d5fUy3Q/00053,00053.mp4,The-United-Kingdom-1,The-United-Kingdom-1
voxceleb,dev,id02311/iO9qReKhV7g/00338,00338.mp4,The-United-Kingdom-1,The-United-States-of-America
voxceleb,dev,id05784/jYvZCmBte1Y/00135,00135.mp4,Iran,Colombia
voxceleb,dev,id01945/7qulvSOrDdI/00008,00008.mp4,Spain,Italy
voxceleb,dev,id07974/cJ7WFabYMJA/00293,00293.mp4,The-United-Kingdom-1,The-United-States-of-America
voxceleb,dev,id04199/EAVNinlMsE0/00094,00094.mp4,The-United-Kingdom-1,The-United-States-of-America
voxceleb,dev,id05725/40Cet8aGbcY/00016,00016.mp4,The-United-Kingdom-1,The-United-States-of-America
voxceleb,dev,id04654/xPGJs_skkgI/00460,00460.mp4,The-United-Kingdom-1,The-United-Kingdom-1
voxceleb,dev,id03781/LsMcVT7CPJ4/00047,00047.mp4,The-United-States-of-America,The-United-States-of-America
voxceleb,dev,id02075/165mCtvJ9ow/00006,00006.mp4,The-United-States-of-America,The-United-States-of-America
voxceleb,dev,id01826/IoU4b5yCDr0/00028,00028.mp4,The-United-Kingdom-1,The-United-States-of-America
voxceleb,dev,id01885/vRdPE7Y3mVI/00115,00115.mp4,The-United-Kingdom-1,The-United-States-of-America
voxceleb,dev,id01908/RzqPBYmpGs8/00249,00249.mp4,The-United-Kingdom-1,The-United-States-of-America
voxceleb,dev,id07394/T9p6f7yPZnE/00053,00053.mp4,India,India
voxceleb,dev,id00426/q_BMD81P5wU/00107,00107.mp4,The-United-States-of-America,The-United-States-of-America
voxceleb,dev,id06264/TUu2d3suxec/00142,00142.mp4,Israel,The-United-States-of-America
voxceleb,dev,id05931/fYbtf4NFZV0/00028,00028.mp4,India,Pakistan
voxceleb,dev,id05399/Q5VdNnp2hco/00074,00074.mp4,The-United-Kingdom-1,The-United-States-of-America
voxceleb,dev,id07457/znIl6kd0y_8/00196,00196.mp4,The-United-States-of-America,The-United-States-of-America
voxceleb,dev,id06776/_8l3akUEZsY/00021,00021.mp4,South-Korea,South-Korea
voxceleb,dev,id00291/kDdJiFx5kGI/00123,00123.mp4,The-United-States-of-America,The-United-States-of-America
voxceleb,dev,id01916/yzc7Wn7iSLA/00450,00450.mp4,The-United-States-of-America,The-United-States-of-America
voxceleb,dev,id07102/BQtRH4SoypU/00074,00074.mp4,The-United-Kingdom-1,unknown
voxceleb,dev,id06109/_YW3aZjOnvE/00348,00348.mp4,The-United-Kingdom-1,The-United-States-of-America
voxceleb,dev,id02007/VgFBN7EsAno/00125,00125.mp4,The-United-States-of-America,The-United-States-of-America
voxceleb,dev,id08795/4wbJcwir1Lc/00055,00055.mp4,The-United-Kingdom-1,The-United-States-of-America
voxceleb,dev,id04159/Jhc0FodBGTI/00061,00061.mp4,The-United-Kingdom-1,The-United-Kingdom-1
voxceleb,dev,id06881/FRmir9rlZrw/00053,00053.mp4,New-Zealand,The-United-States-of-America
voxceleb,dev,id09163/f59XS8bTCeI/00035,00035.mp4,The-Republic-of-Ireland,Turkey-country
voxceleb,dev,id03918/psxCTbh78WA/00433,00433.mp4,The-Republic-of-Ireland,France
voxceleb,dev,id08088/RqoA9MfWU1k/00020,00020.mp4,The-United-Kingdom-1,Germany
voxceleb,dev,id06116/5zvlETDEoZ0/00036,00036.mp4,The-United-Kingdom-1,The-United-States-of-America
voxceleb,dev,id08047/4KXpT4VNdPE/00031,00031.mp4,India,India
voxceleb,dev,id03445/jTYBg0UQxvI/00299,00299.mp4,The-Republic-of-Ireland,France
voxceleb,dev,id00582/XYv5ktx8clA/00044,00044.mp4,Philippines,The-Philippines-1
voxceleb,dev,id04049/v9CJTn-0oIM/00186,00186.mp4,The-United-Kingdom-1,The-United-Kingdom-1
voxceleb,dev,id04969/n4CSt1QL0H0/00338,00338.mp4,The-United-Kingdom-1,Algeria
voxceleb,dev,id04265/tQyQH8ctgF8/00405,00405.mp4,The-United-States-of-America,The-United-States-of-America
voxceleb,dev,id07434/odLkRjYl7d8/00292,00292.mp4,The-Republic-of-Ireland,Germany
voxceleb,dev,id05733/Ycx97vQPiT8/00230,00230.mp4,The-United-Kingdom-1,Germany
voxceleb,dev,id08650/Orv5Lhywqc4/00207,00207.mp4,The-United-States-of-America,The-United-States-of-America
voxceleb,dev,id01749/VD0lQJ8_C4c/00146,00146.mp4,The-United-Kingdom-1,The-United-States-of-America
voxceleb,dev,id02703/CR5gbC4HcdY/00028,00028.mp4,The-United-Kingdom-1,Italy
voxceleb,dev,id00291/aDTmvrtx_gs/00082,00082.mp4,The-United-States-of-America,The-United-States-of-America
voxceleb,dev,id07768/mD6x-0ihLOI/00143,00143.mp4,The-United-Kingdom-1,India
voxceleb,dev,id07060/K_itCMLnil0/00141,00141.mp4,India,India
voxceleb,dev,id02288/mY5t5HhIEmg/00107,00107.mp4,The-United-Kingdom-1,The-United-States-of-America
voxceleb,dev,id00752/IxNnK7SCt0I/00096,00096.mp4,The-United-States-of-America,The-United-States-of-America
voxceleb,dev,id03750/9jxfyYhbqS4/00036,00036.mp4,The-United-Kingdom-1,Canada
voxceleb,dev,id04517/mvvu6h43RdQ/00443,00443.mp4,Jamaica,The-United-States-of-America
voxceleb,dev,id07060/XWJNUiZCMWM/00230,00230.mp4,India,India
voxceleb,dev,id04414/V_20p2YeWoA/00088,00088.mp4,India,The-Philippines-1
voxceleb,dev,id07656/AhNKAftRrWE/00063,00063.mp4,The-United-Kingdom-1,Poland
voxceleb,dev,id08906/1Rq1ezbYMQg/00023,00023.mp4,The-United-Kingdom-1,France
voxceleb,dev,id08760/N18FtxeEzvg/00127,00127.mp4,The-United-States-of-America,Israel
voxceleb,dev,id08457/2oThj4ykfyc/00013,00013.mp4,India,The-United-Kingdom-1
voxceleb,dev,id04846/71Jvxqg_4hk/00019,00019.mp4,The-United-Kingdom-1,Canada
voxceleb,dev,id03292/8ueumc9G2Vg/00043,00043.mp4,The-Republic-of-Ireland,Iraq
voxceleb,dev,id00760/PYOISDQtCKI/00053,00053.mp4,The-United-Kingdom-1,The-United-States-of-America
voxceleb,dev,id04974/YzMRz1YD8ao/00406,00406.mp4,India,India
voxceleb,dev,id08606/DBomwP1dy0U/00143,00143.mp4,The-United-Kingdom-1,Germany
voxceleb,dev,id02205/O7bwulKLCZ4/00024,00024.mp4,The-United-Kingdom-1,Germany
voxceleb,dev,id08065/gX7F4D60og4/00277,00277.mp4,Germany,Germany
voxceleb,dev,id07641/_1sirRUyzG8/00158,00158.mp4,The-United-Kingdom-1,Canada
voxceleb,dev,id03334/yB-kfQ265k0/00405,00405.mp4,The-United-Kingdom-1,Sweden
voxceleb,dev,id07276/NXsmwUxyQbY/00111,00111.mp4,The-United-Kingdom-1,The-United-States-of-America
voxceleb,dev,id04530/W5-PTTL9HzU/00223,00223.mp4,India,India
voxceleb,dev,id07744/Fdyn2M9geHI/00191,00191.mp4,The-United-Kingdom-1,Finland
voxceleb,dev,id08029/4QRZ8TUSPNI/00010,00010.mp4,The-United-Kingdom-1,Australia
voxceleb,dev,id02183/P9MCbTQwb2U/00062,00062.mp4,The-Republic-of-Ireland,The-Republic-of-Ireland
voxceleb,dev,id00699/tOjy-EpjrMo/00432,00432.mp4,The-United-Kingdom-1,The-United-States-of-America
voxceleb,dev,id04733/JxIW0r6i-ec/00038,00038.mp4,The-United-Kingdom-1,The-United-Kingdom-1
voxceleb,dev,id00358/fCKFr5IsxdQ/00162,00162.mp4,The-Republic-of-Ireland,The-United-Kingdom-1
voxceleb,dev,id05133/wIKgYcuBALo/00425,00425.mp4,The-United-States-of-America,The-United-States-of-America
voxceleb,dev,id08044/ilfpNhITphY/00041,00041.mp4,India,India
voxceleb,dev,id01433/OASPRW3CTgY/00069,00069.mp4,The-United-Kingdom-1,unknown
voxceleb,dev,id04049/JCDeI7UwWnE/00067,00067.mp4,The-United-Kingdom-1,The-United-Kingdom-1
voxceleb,dev,id08684/P7ioqi7M-9k/00025,00025.mp4,The-Republic-of-Ireland,The-United-States-of-America
voxceleb,dev,id01092/x3minVIKTEE/00149,00149.mp4,The-United-States-of-America,The-United-States-of-America
voxceleb,dev,id00898/lIra8Wg-If0/00162,00162.mp4,The-Republic-of-Ireland,The-United-Kingdom-1
voxceleb,dev,id07554/rqRJlXXo7HI/00281,00281.mp4,The-United-Kingdom-1,The-United-Kingdom-1
voxceleb,dev,id06539/dJduj33CsHk/00049,00049.mp4,The-United-Kingdom-1,The-United-Kingdom-1
voxceleb,dev,id01163/m0AprcpqyEU/00384,00384.mp4,The-United-States-of-America,The-United-States-of-America
voxceleb,dev,id00383/pWABSo8F0UU/00198,00198.mp4,The-United-States-of-America,The-United-States-of-America
voxceleb,dev,id01891/5nUzd8cvj8k/00030,00030.mp4,The-United-Kingdom-1,New-Zealand
voxceleb,dev,id02466/SWDBkITE5OU/00131,00131.mp4,The-United-Kingdom-1,The-United-States-of-America
voxceleb,dev,id07727/FA-DSymiThM/00227,00227.mp4,India,India
voxceleb,dev,id04762/0cSPyrsL9lU/00002,00002.mp4,The-United-Kingdom-1,Canada
voxceleb,dev,id04715/zZkR4Ds4Duk/00413,00413.mp4,The-United-Kingdom-1,The-United-Kingdom-1
voxceleb,dev,id07346/QNZS7fZh7pE/00143,00143.mp4,The-United-States-of-America,The-United-States-of-America
voxceleb,dev,id07522/2Q_R-xIzuFI/00013,00013.mp4,The-Republic-of-Ireland,Italy
voxceleb,dev,id05710/w4K_eyTP6vE/00471,00471.mp4,The-United-Kingdom-1,The-United-States-of-America
voxceleb,dev,id07617/ft2dKYpZDM0/00142,00142.mp4,The-United-Kingdom-1,The-United-Kingdom-1
voxceleb,dev,id07136/KvDgfPVrylo/00175,00175.mp4,India,India
voxceleb,dev,id06321/Mpv9WXMUSpY/00057,00057.mp4,Indonesia,Indonesia
voxceleb,dev,id09035/6PCWaDIZH_o/00094,00094.mp4,Germany,Germany
voxceleb,dev,id00520/VXNcOk4CIhI/00153,00153.mp4,The-United-Kingdom-1,The-United-Kingdom-1
voxceleb,dev,id08604/x0eWm4iF9fQ/00498,00498.mp4,The-United-Kingdom-1,The-United-Kingdom-1
voxceleb,dev,id08247/Iaa0zH6I2FQ/00025,00025.mp4,South-Africa,South-Africa
voxceleb,dev,id03242/7rR5y9ICKT0/00121,00121.mp4,Jordan-215,India
voxceleb,dev,id09052/IG8EJ6fdcwk/00360,00360.mp4,The-United-Kingdom-1,Spain
voxceleb,dev,id02147/Ni6v7-9il2s/00075,00075.mp4,The-United-Kingdom-1,The-United-States-of-America
voxceleb,dev,id08599/cZBAa1FQjBE/00351,00351.mp4,The-United-States-of-America,The-United-States-of-America
voxceleb,dev,id03212/BuWx62AUjbw/00059,00059.mp4,The-United-Kingdom-1,The-United-States-of-America
voxceleb,dev,id08285/LGhWubxplv8/00056,00056.mp4,The-United-Kingdom-1,The-United-Kingdom-1
voxceleb,dev,id06793/QaSHLZttvNA/00160,00160.mp4,The-United-States-of-America,The-Republic-of-Ireland
voxceleb,dev,id04057/mtJ3mA1u9J4/00047,00047.mp4,The-United-Kingdom-1,The-Philippines-1
voxceleb,dev,id01918/g-ASNYO91iY/00269,00269.mp4,The-United-Kingdom-1,Germany
voxceleb,dev,id03202/bz8Pz6uCOsA/00098,00098.mp4,The-United-Kingdom-1,The-United-States-of-America
voxceleb,dev,id07685/Ciajb5l8lfE/00187,00187.mp4,The-United-Kingdom-1,German-Democratic-Republic-DDR
voxceleb,dev,id05460/pe6QzKhQ8Sw/00150,00150.mp4,The-United-Kingdom-1,The-United-Kingdom-1
voxceleb,dev,id00185/qJCTHwcwmOI/00407,00407.mp4,The-United-Kingdom-1,The-United-Kingdom-1
voxceleb,dev,id03179/hMqQMhm1neI/00090,00090.mp4,The-United-Kingdom-1,The-United-Kingdom-1
voxceleb,dev,id02016/OtiGEAtDCYE/00048,00048.mp4,The-United-Kingdom-1,The-United-States-of-America
voxceleb,dev,id08303/vqeIVebjVeU/00359,00359.mp4,India,India
voxceleb,dev,id00344/CtP6N1RsehM/00034,00034.mp4,The-Republic-of-Ireland,Canada
voxceleb,dev,id04015/0PK4C5UdNwU/00016,00016.mp4,The-United-Kingdom-1,The-United-States-of-America
voxceleb,dev,id03733/goE6iegl7uw/00392,00392.mp4,The-United-Kingdom-1,The-United-States-of-America
voxceleb,dev,id04319/c5PLVazfb2s/00132,00132.mp4,Turkey-country,Kingdom-of-the-Netherlands
voxceleb,dev,id02264/QZLAz33Kl9M/00078,00078.mp4,The-United-States-of-America,The-United-States-of-America
voxceleb,dev,id00192/By3wxX0dyDw/00081,00081.mp4,The-United-Kingdom-1,The-United-Kingdom-1
voxceleb,dev,id01894/yxqRL8W63Dg/00166,00166.mp4,The-United-Kingdom-1,Denmark
voxceleb,dev,id00521/FO1yyL99TZ8/00127,00127.mp4,The-United-States-of-America,The-United-Kingdom-1
voxceleb,dev,id07498/f2pYsokqF0I/00096,00096.mp4,India,India
voxceleb,dev,id00777/7jeJT4b8V1M/00007,00007.mp4,The-United-Kingdom-1,The-United-States-of-America
voxceleb,dev,id01262/CmjQWn0lBfs/00128,00128.mp4,The-Republic-of-Ireland,France
voxceleb,dev,id01648/gJ3GIucpYMY/00318,00318.mp4,The-United-States-of-America,The-United-States-of-America
voxceleb,dev,id01510/p0ux275Pyvs/00181,00181.mp4,The-United-Kingdom-1,Kingdom-of-the-Netherlands
voxceleb,dev,id04151/XnoXn7WalTw/00285,00285.mp4,The-United-States-of-America,The-United-States-of-America
voxceleb,dev,id01395/ZvTWoIxRLoU/00216,00216.mp4,The-United-Kingdom-1,The-United-Kingdom-1
voxceleb,dev,id00358/2cP_bnJLPnY/00035,00035.mp4,The-United-Kingdom-1,The-United-Kingdom-1
voxceleb,dev,id03614/QDoRs9uWNd4/00204,00204.mp4,The-United-Kingdom-1,Israel
voxceleb,dev,id07346/_HQXw3vjcCY/00188,00188.mp4,The-United-States-of-America,The-United-States-of-America
voxceleb,dev,id06060/cMQX9viB5UM/00225,00225.mp4,The-Philippines-1,The-United-States-of-America
voxceleb,dev,id07102/YAdZsWneuys/00147,00147.mp4,The-United-Kingdom-1,unknown
voxceleb,dev,id07556/nm9xR8G76kI/00387,00387.mp4,The-United-Kingdom-1,The-United-Kingdom-1
voxceleb,dev,id06684/03BWin-T_JU/00013,00013.mp4,The-United-Kingdom-1,The-United-States-of-America
voxceleb,dev,id03528/4xpPcIh9eQ4/00019,00019.mp4,The-United-States-of-America,The-United-States-of-America
voxceleb,dev,id05480/d7U0ZrkDsXY/00229,00229.mp4,India,India
voxceleb,dev,id01993/l5-mmdzCfPc/00099,00099.mp4,The-United-Kingdom-1,The-Republic-of-Ireland
voxceleb,dev,id00323/4Q0hZA2r7bg/00014,00014.mp4,India,The-United-States-of-America
voxceleb,dev,id00584/nmVPMnEOaw4/00319,00319.mp4,The-United-Kingdom-1,Germany
voxceleb,dev,id07447/eAMd_xF3Byg/00286,00286.mp4,The-Republic-of-Ireland,Spain
voxceleb,dev,id09049/O2DWjBBML0o/00192,00192.mp4,The-United-Kingdom-1,Luxembourg
voxceleb,dev,id03064/KIgIIlMKhmM/00028,00028.mp4,The-United-Kingdom-1,The-United-States-of-America
voxceleb,dev,id07562/4rQyr1oohbY/00014,00014.mp4,The-United-Kingdom-1,The-United-States-of-America
voxceleb,dev,id04712/ox24s3NylMI/00396,00396.mp4,The-United-Kingdom-1,The-United-Kingdom-1
voxceleb,dev,id00835/5vCRFCLdvkQ/00012,00012.mp4,The-United-Kingdom-1,Canada
voxceleb,dev,id04563/NWWxUFPkk4g/00054,00054.mp4,India,India
voxceleb,dev,id01937/MWF5sqpbkGs/00093,00093.mp4,The-United-Kingdom-1,Germany
voxceleb,dev,id00816/QjO7QBtq7xk/00276,00276.mp4,India,Afghanistan
voxceleb,dev,id00420/IM3rPPxEaxo/00073,00073.mp4,The-United-States-of-America,The-United-States-of-America
voxceleb,dev,id00943/FJ0z1xoWGQ4/00260,00260.mp4,The-United-States-of-America,The-United-States-of-America
voxceleb,dev,id07191/pd7PXZRirZg/00071,00071.mp4,The-United-Kingdom-1,Canada
voxceleb,dev,id08285/tQqNz2CTs8w/00186,00186.mp4,The-United-Kingdom-1,The-United-Kingdom-1
voxceleb,dev,id07253/BPU0fvG6Du8/00067,00067.mp4,The-United-Kingdom-1,The-United-Kingdom-1
voxceleb,dev,id07587/ye3RSk47eqU/00303,00303.mp4,The-United-States-of-America,The-United-States-of-America
voxceleb,dev,id08804/XVJB2meWQJY/00234,00234.mp4,The-United-States-of-America,The-United-States-of-America
voxceleb,dev,id08080/fG-40ehIQYc/00298,00298.mp4,The-United-Kingdom-1,The-United-Kingdom-1
voxceleb,dev,id07445/cKsB2dym7Ms/00031,00031.mp4,The-United-States-of-America,Brazil
voxceleb,dev,id01179/X8-7VSgYBu4/00212,00212.mp4,South-Africa,The-United-States-of-America
voxceleb,dev,id02900/W3olkLuM0pc/00020,00020.mp4,The-Republic-of-Ireland,France
voxceleb,dev,id00043/wk8A8ESOqfg/00476,00476.mp4,India,India
voxceleb,dev,id04005/KbcYGj6XgE0/00012,00012.mp4,The-United-Kingdom-1,The-United-States-of-America
voxceleb,dev,id01966/tBZsLyaSGy0/00077,00077.mp4,The-United-Kingdom-1,The-United-Kingdom-1
voxceleb,dev,id08249/S7iA_lcXyVE/00175,00175.mp4,The-United-Kingdom-1,The-United-Kingdom-1
voxceleb,dev,id05641/YkompL7P6Us/00147,00147.mp4,The-Republic-of-Ireland,Croatia
voxceleb,dev,id06432/w_pSvLrgr_U/00368,00368.mp4,The-United-Kingdom-1,The-United-States-of-America
voxceleb,dev,id03207/V5DMdgGGek4/00264,00264.mp4,The-United-Kingdom-1,Germany
voxceleb,dev,id05477/xr49WFxKXYM/00471,00471.mp4,The-Republic-of-Ireland,Nepal
voxceleb,dev,id00383/tca1Xs0J8h0/00259,00259.mp4,The-Republic-of-Ireland,The-United-States-of-America
voxceleb,dev,id00992/QtvC4u5dXkg/00091,00091.mp4,The-United-Kingdom-1,Kingdom-of-the-Netherlands
voxceleb,dev,id04526/Im8_EQNv_gI/00171,00171.mp4,India,India
voxceleb,dev,id04045/pIo3R0ZcL6U/00329,00329.mp4,The-United-States-of-America,The-United-States-of-America
voxceleb,dev,id02001/w1tBxhvtGZI/00209,00209.mp4,The-United-Kingdom-1,The-United-States-of-America
voxceleb,dev,id06861/T97Z9lRVGtU/00087,00087.mp4,The-United-States-of-America,The-United-States-of-America
voxceleb,dev,id01448/EWFycjPBx1Q/00171,00171.mp4,The-United-Kingdom-1,The-United-States-of-America
voxceleb,dev,id07349/_gm5KOHDAeU/00266,00266.mp4,New-Zealand,New-Zealand
voxceleb,dev,id00385/GLsJkAL2bZk/00077,00077.mp4,The-United-Kingdom-1,The-United-States-of-America
voxceleb,dev,id03429/YnopBKblxXs/00369,00369.mp4,The-Republic-of-Ireland,The-United-States-of-America
voxceleb,dev,id06017/SswccQ7uLng/00179,00179.mp4,The-United-Kingdom-1,The-United-Kingdom-1
voxceleb,dev,id08653/05IiCHeRIsA/00002,00002.mp4,The-United-Kingdom-1,The-United-Kingdom-1
voxceleb,dev,id06797/Ue_YWBfkH-I/00080,00080.mp4,The-United-States-of-America,Canada
voxceleb,dev,id00672/u_0xiZS4jrE/00068,00068.mp4,India,The-United-Kingdom-1
voxceleb,dev,id02294/6oRuGBVX--o/00031,00031.mp4,Bosnia-and-Herzegovina,Bosnia-and-Herzegovina
voxceleb,dev,id07841/gchK18-MEis/00087,00087.mp4,The-United-States-of-America,The-United-States-of-America
voxceleb,dev,id08147/zMHV4VqGjcw/00480,00480.mp4,India,India
voxceleb,dev,id06856/XB1T8Z27t-A/00117,00117.mp4,Israel,Canada
voxceleb,dev,id00947/VQD38WPAYDY/00072,00072.mp4,The-United-Kingdom-1,Australia
voxceleb,dev,id00187/kp91rgND7gI/00381,00381.mp4,The-United-Kingdom-1,The-United-Kingdom-1
voxceleb,dev,id08422/bGeEAs4XCtg/00199,00199.mp4,Romania,Finland
voxceleb,dev,id03845/AvzQaDEWXow/00021,00021.mp4,The-United-Kingdom-1,Canada
voxceleb,dev,id02477/xOzcmgP6L5k/00377,00377.mp4,The-United-Kingdom-1,Canada
voxceleb,dev,id00173/S1UJ3IDiQ8g/00053,00053.mp4,The-United-States-of-America,The-United-States-of-America
voxceleb,dev,id00488/4CvrE6pCvto/00007,00007.mp4,India,India
voxceleb,dev,id03274/Yfg-Iw1aWls/00256,00256.mp4,The-United-Kingdom-1,France
voxceleb,dev,id03621/yOSSHU0GrGA/00241,00241.mp4,The-Republic-of-Ireland,The-United-States-of-America
voxceleb,dev,id01948/xn939jNC5Mo/00091,00091.mp4,The-United-States-of-America,The-United-States-of-America
voxceleb,dev,id03779/P3HIxyTC8rs/00018,00018.mp4,The-United-States-of-America,The-United-States-of-America
voxceleb,dev,id08041/cRRVXxxcnXw/00351,00351.mp4,India,India
voxceleb,dev,id01210/009eaBAR-4Q/00013,00013.mp4,The-United-States-of-America,The-United-States-of-America
voxceleb,dev,id01893/Sw8sZ7d3uvw/00146,00146.mp4,The-United-Kingdom-1,The-United-Kingdom-1
voxceleb,dev,id07089/gj_hWQq-IMk/00082,00082.mp4,The-United-States-of-America,The-United-States-of-America
voxceleb,dev,id01963/9NIKK_OFvFY/00013,00013.mp4,The-United-States-of-America,The-United-States-of-America
voxceleb,dev,id05346/WB41oIPlZ2I/00040,00040.mp4,The-United-Kingdom-1,The-United-States-of-America
voxceleb,dev,id00378/IJcuUXFBvAM/00054,00054.mp4,India,India
voxceleb,dev,id01045/A2HyAY4S324/00067,00067.mp4,The-United-Kingdom-1,The-United-States-of-America
voxceleb,dev,id03609/kJPT6XIqQoI/00130,00130.mp4,Haiti,The-United-States-of-America
voxceleb,dev,id07622/CjKku0VX9-8/00061,00061.mp4,The-United-Kingdom-1,The-United-Kingdom-1
voxceleb,dev,id08142/ii6E4cfP5hA/00111,00111.mp4,India,India
voxceleb,dev,id03747/tuvlMuuhHIY/00240,00240.mp4,Ghana,The-United-Kingdom-1
voxceleb,dev,id03042/4d78NpqUtXg/00033,00033.mp4,The-United-States-of-America,Australia
voxceleb,dev,id05101/Um22dM8eOoE/00120,00120.mp4,The-United-Kingdom-1,The-United-Kingdom-1
voxceleb,dev,id07181/MQK7IXty6lU/00197,00197.mp4,India,India
voxceleb,dev,id06062/B8FUbzEVyvQ/00111,00111.mp4,The-United-Kingdom-1,The-United-States-of-America
voxceleb,dev,id01893/CCbu8mgRuEI/00038,00038.mp4,The-United-Kingdom-1,The-United-Kingdom-1
voxceleb,dev,id06552/DlbqATcZofE/00072,00072.mp4,The-United-Kingdom-1,The-United-States-of-America
voxceleb,dev,id07527/CTv2oKQY_YY/00162,00162.mp4,The-United-Kingdom-1,The-United-Kingdom-1
voxceleb,dev,id06439/WGkQLuRZA64/00061,00061.mp4,India,India
voxceleb,dev,id01264/mmCpQFZ3mLI/00332,00332.mp4,The-United-Kingdom-1,France
voxceleb,dev,id01206/PL1wsVc6sjk/00124,00124.mp4,The-Republic-of-Ireland,The-United-Kingdom-1
voxceleb,dev,id00943/FJ0z1xoWGQ4/00098,00098.mp4,The-United-States-of-America,The-United-States-of-America
voxceleb,dev,id03405/mfUZPvvRn54/00134,00134.mp4,The-Republic-of-Ireland,Belgium
voxceleb,dev,id07256/OEhFUmgK89U/00221,00221.mp4,The-United-Kingdom-1,The-United-Kingdom-1
voxceleb,dev,id02015/VCeM7kFKNfc/00302,00302.mp4,The-United-Kingdom-1,The-United-States-of-America
voxceleb,dev,id02162/OqVEUcHSnow/00057,00057.mp4,India,The-United-States-of-America
voxceleb,dev,id03227/01TCNHdfrRU/00006,00006.mp4,The-United-Kingdom-1,Germany
voxceleb,dev,id05515/yJBVHTVhlRI/00066,00066.mp4,Israel,The-United-States-of-America
voxceleb,dev,id07477/HvMKzCloQ5w/00095,00095.mp4,The-United-Kingdom-1,The-United-Kingdom-1
voxceleb,dev,id08195/IfW7_9vlnhY/00041,00041.mp4,The-United-Kingdom-1,The-United-States-of-America
voxceleb,dev,id05200/sajdVkIXdd8/00159,00159.mp4,The-United-States-of-America,Germany
voxceleb,dev,id08733/TwNj_xZPWxE/00020,00020.mp4,Jamaica,The-United-States-of-America
voxceleb,dev,id08953/Gwkw7iwWVQM/00080,00080.mp4,The-United-Kingdom-1,Germany
voxceleb,dev,id08064/4hAwOQBY0f8/00014,00014.mp4,The-Republic-of-Ireland,Germany
voxceleb,dev,id04266/vB6BFg_xgXg/00457,00457.mp4,The-United-States-of-America,The-United-States-of-America
voxceleb,dev,id08415/tOGTQ6ZDGA4/00173,00173.mp4,The-United-Kingdom-1,The-United-States-of-America
voxceleb,dev,id08451/Ahxh6WMwbIo/00009,00009.mp4,South-Africa,Zimbabwe
voxceleb,dev,id01667/9lm765aQSlA/00049,00049.mp4,The-Republic-of-Ireland,Austria
voxceleb,dev,id03326/COlspwdE25g/00021,00021.mp4,The-United-Kingdom-1,Germany
voxceleb,dev,id05399/Q5VdNnp2hco/00079,00079.mp4,The-United-Kingdom-1,The-United-States-of-America
voxceleb,dev,id00029/96Z18I2UKAE/00020,00020.mp4,Jordan-215,Jordan-215
voxceleb,dev,id04459/0kpWOvvR1RY/00003,00003.mp4,Mexico,Mexico
voxceleb,dev,id06713/5-F1DO1cusU/00056,00056.mp4,India,India
voxceleb,dev,id08261/gP4A91jMyXU/00301,00301.mp4,Japan,The-United-States-of-America
voxceleb,dev,id04373/SzTvV8Hepeg/00054,00054.mp4,The-United-Kingdom-1,The-United-States-of-America
voxceleb,dev,id03614/NfqSESre9d0/00129,00129.mp4,The-United-Kingdom-1,Israel
voxceleb,dev,id03651/1TvLxhSoeW8/00047,00047.mp4,The-United-Kingdom-1,Slovakia-1
voxceleb,dev,id05472/hCjy_SO42AM/00054,00054.mp4,The-United-Kingdom-1,unknown
voxceleb,dev,id03989/tuslYBARmok/00414,00414.mp4,The-United-Kingdom-1,The-United-States-of-America
voxceleb,dev,id04834/1bIHpslQCEA/00027,00027.mp4,The-United-States-of-America,The-United-States-of-America
voxceleb,dev,id04721/fYq7OFoRESE/00037,00037.mp4,Ethiopia,Ethiopia
voxceleb,dev,id04489/vx3hHSYxHLc/00076,00076.mp4,The-United-Kingdom-1,Belgium
voxceleb,dev,id08343/eFmXgf5B3l4/00301,00301.mp4,India,unknown
voxceleb,dev,id02021/_gmq2KnzleM/00208,00208.mp4,The-United-States-of-America,The-United-States-of-America
voxceleb,dev,id00620/LWwCyXNv5l4/00100,00100.mp4,The-United-Kingdom-1,Australia
voxceleb,dev,id05622/8n59QJuYUGE/00099,00099.mp4,Japan,France
voxceleb,dev,id04527/3J-6IOLhtzc/00026,00026.mp4,The-Republic-of-Ireland,Finland
voxceleb,dev,id03752/8CFyobCjgTc/00014,00014.mp4,The-United-Kingdom-1,unknown
voxceleb,dev,id01239/mRWdmPFid9E/00309,00309.mp4,The-United-States-of-America,The-United-States-of-America
voxceleb,dev,id00332/j5bZyJHfU0Q/00335,00335.mp4,The-United-Kingdom-1,Sweden
voxceleb,dev,id02567/40wP2qUuqzg/00030,00030.mp4,The-United-Kingdom-1,The-United-Kingdom-1
voxceleb,dev,id05977/hx0pQlgAw3g/00203,00203.mp4,The-United-Kingdom-1,The-United-States-of-America
voxceleb,dev,id01101/r0L5Ao29ygg/00470,00470.mp4,The-United-States-of-America,The-United-States-of-America
voxceleb,dev,id00062/x0CO79gL86k/00481,00481.mp4,The-United-States-of-America,The-United-States-of-America
voxceleb,dev,id02035/OIgUxMDH0b8/00054,00054.mp4,The-United-States-of-America,Australia
voxceleb,dev,id02440/XPY_jJUaIWw/00201,00201.mp4,The-United-Kingdom-1,The-United-States-of-America
voxceleb,dev,id09083/ivTDQqKnMhg/00160,00160.mp4,The-United-Kingdom-1,Jamaica
voxceleb,dev,id06462/iqVtMRCQqqE/00108,00108.mp4,China,Vietnam
voxceleb,dev,id07529/meOFLvZ6Bes/00234,00234.mp4,The-United-Kingdom-1,The-United-States-of-America
voxceleb,dev,id03527/JSTEG1-9MUo/00184,00184.mp4,The-United-Kingdom-1,The-United-Kingdom-1
voxceleb,dev,id06480/zqUrckxCrEw/00199,00199.mp4,The-Republic-of-Ireland,The-United-Kingdom-1
voxceleb,dev,id05893/WNY_4WYSKXg/00201,00201.mp4,The-United-Kingdom-1,The-United-States-of-America
voxceleb,dev,id08354/tjMIqFjwYvg/00093,00093.mp4,The-United-States-of-America,France
voxceleb,dev,id07992/_o61wt0ZjPI/00136,00136.mp4,The-United-States-of-America,The-United-States-of-America
voxceleb,dev,id04826/c7XN3nNgHEk/00043,00043.mp4,The-United-Kingdom-1,Finland
voxceleb,dev,id01305/M3B98fvuG1w/00025,00025.mp4,The-United-States-of-America,Australia
voxceleb,dev,id04698/XS7IrkCHKwo/00155,00155.mp4,The-United-Kingdom-1,The-United-States-of-America
voxceleb,dev,id08053/byAOCZKVR_0/00338,00338.mp4,India,India
voxceleb,dev,id04694/Yhppt54OdY4/00072,00072.mp4,The-United-Kingdom-1,The-United-States-of-America
voxceleb,dev,id05060/IffZnJ_0vhU/00126,00126.mp4,The-United-Kingdom-1,The-United-Kingdom-1
voxceleb,dev,id06235/r30Ij3anRvw/00224,00224.mp4,The-United-Kingdom-1,The-United-States-of-America
voxceleb,dev,id07536/7eYSYMoGaT4/00031,00031.mp4,The-United-Kingdom-1,Germany
voxceleb,dev,id03226/zWRhfPJL-XA/00183,00183.mp4,Switzerland,Germany
voxceleb,dev,id07715/b8nyJB2iO3I/00028,00028.mp4,Australia,Australia
voxceleb,dev,id03196/ITIB6JLqOiw/00013,00013.mp4,The-United-Kingdom-1,The-United-States-of-America
voxceleb,dev,id07752/kaWHljcdyZk/00262,00262.mp4,India,India
voxceleb,dev,id01314/456fslP8b5Q/00016,00016.mp4,The-United-Kingdom-1,The-United-States-of-America
voxceleb,dev,id02662/KjMtQnnDzHE/00035,00035.mp4,The-United-Kingdom-1,The-United-States-of-America
voxceleb,dev,id07637/WIQDLTl1NFU/00090,00090.mp4,The-United-Kingdom-1,The-United-States-of-America
voxceleb,dev,id04918/puya0e5_xuw/00073,00073.mp4,The-United-Kingdom-1,Poland
voxceleb,dev,id07032/XfeJiZvdlQ8/00099,00099.mp4,The-United-Kingdom-1,The-United-States-of-America
voxceleb,dev,id04742/q-8pJwDvs3U/00352,00352.mp4,Brazil,The-United-States-of-America
voxceleb,dev,id09145/Pr3ApYHh4_I/00215,00215.mp4,The-United-Kingdom-1,Germany
voxceleb,dev,id00708/g3oxckyicBY/00223,00223.mp4,Jordan-215,The-United-States-of-America
voxceleb,dev,id06869/w0jY1tWGFXw/00154,00154.mp4,The-United-States-of-America,The-United-States-of-America
voxceleb,dev,id00407/QIHEtJydPXg/00053,00053.mp4,The-Republic-of-Ireland,The-United-States-of-America
voxceleb,dev,id02318/tco5-Ir66cM/00388,00388.mp4,The-United-Kingdom-1,The-United-States-of-America
voxceleb,dev,id05477/YUY5xfsmkOw/00204,00204.mp4,The-United-States-of-America,Nepal
voxceleb,dev,id00353/o4sA3shpb68/00384,00384.mp4,The-United-States-of-America,The-United-States-of-America
voxceleb,dev,id03782/yeoHMr9cy7o/00117,00117.mp4,The-United-Kingdom-1,unknown
voxceleb,dev,id05997/UHi7q-nnJ2c/00144,00144.mp4,The-United-Kingdom-1,Germany
voxceleb,dev,id07719/Ke0hwvkeH94/00092,00092.mp4,The-United-Kingdom-1,The-United-States-of-America
voxceleb,dev,id01792/SBxCEx_CeyY/00097,00097.mp4,The-United-Kingdom-1,The-United-States-of-America
voxceleb,dev,id02186/_7gag2gpu-c/00209,00209.mp4,The-United-Kingdom-1,The-United-States-of-America
voxceleb,dev,id04784/pF48PjCtW4k/00277,00277.mp4,The-United-States-of-America,Finland
voxceleb,dev,id02700/7tOF7049JZM/00011,00011.mp4,The-United-Kingdom-1,Italy
voxceleb,dev,id02486/MsRmb_GkhxE/00020,00020.mp4,The-United-Kingdom-1,The-United-Kingdom-1
voxceleb,dev,id00760/oegwLrZdk8w/00124,00124.mp4,The-United-Kingdom-1,The-United-States-of-America
voxceleb,dev,id04512/fsnUm_N8nGM/00114,00114.mp4,The-Republic-of-Ireland,Germany
voxceleb,dev,id00831/nuw3c0M54rc/00179,00179.mp4,The-United-Kingdom-1,The-United-States-of-America
voxceleb,dev,id07100/uUtjsdtDOkQ/00321,00321.mp4,The-United-Kingdom-1,The-United-States-of-America
voxceleb,dev,id08821/Yd_O3FT76lw/00270,00270.mp4,India,India
voxceleb,dev,id04588/za_pTKe6Ldo/00493,00493.mp4,The-United-States-of-America,The-United-States-of-America
voxceleb,dev,id07547/cDlZUhsFPTE/00199,00199.mp4,The-United-Kingdom-1,The-United-Kingdom-1
voxceleb,dev,id07046/tYhiNPiKBek/00243,00243.mp4,India,India
voxceleb,dev,id04739/9hCd4O0KEqU/00027,00027.mp4,The-United-States-of-America,The-United-States-of-America
voxceleb,dev,id03761/soZ6mSdY0pI/00341,00341.mp4,Australia,unknown
voxceleb,dev,id08029/E5Wm9ZqJReM/00030,00030.mp4,The-United-Kingdom-1,Australia
voxceleb,dev,id02900/bR9ax_lnPRg/00055,00055.mp4,The-United-Kingdom-1,France
voxceleb,dev,id03945/MBYxfb3ynL0/00158,00158.mp4,India,India
voxceleb,dev,id04368/Nd0iHWxqSzg/00026,00026.mp4,The-United-States-of-America,Spain
voxceleb,dev,id01098/q4gv9cNQv0Y/00414,00414.mp4,The-United-States-of-America,The-United-States-of-America
voxceleb,dev,id06619/DNrMoaqVdko/00118,00118.mp4,The-United-Kingdom-1,Germany
voxceleb,dev,id04896/BGQvppvJw6k/00058,00058.mp4,The-United-Kingdom-1,The-United-States-of-America
voxceleb,dev,id05810/5NDb37MHcKQ/00019,00019.mp4,Germany,Germany
voxceleb,dev,id03344/VEXl3g99DuQ/00055,00055.mp4,India,India
voxceleb,dev,id06753/18-Bvb_iZss/00002,00002.mp4,India,India
voxceleb,dev,id03716/4oNnOJzoin8/00009,00009.mp4,The-United-Kingdom-1,The-United-Kingdom-1
voxceleb,dev,id08421/LxLQCVFAjaY/00027,00027.mp4,The-Republic-of-Ireland,Finland
voxceleb,dev,id08128/22ebxvz9FUc/00013,00013.mp4,The-Republic-of-Ireland,Switzerland
voxceleb,dev,id00078/sloOvHP18zE/00369,00369.mp4,India,India
voxceleb,dev,id08693/QNr0r3Pvdaw/00090,00090.mp4,The-United-Kingdom-1,The-United-States-of-America
voxceleb,dev,id07951/r7b1I0lv8Ck/00199,00199.mp4,India,India
voxceleb,dev,id08756/kEERgY0VfY0/00217,00217.mp4,India,India
voxceleb,dev,id08510/y2UmR1MscfI/00324,00324.mp4,Israel,France
voxceleb,dev,id08299/QbJyA5yQqsw/00079,00079.mp4,South-Korea,Thailand
voxceleb,dev,id01833/gWN01LVZyKU/00041,00041.mp4,The-United-States-of-America,The-United-States-of-America
voxceleb,dev,id01916/VG6xE37D670/00234,00234.mp4,The-United-Kingdom-1,The-United-States-of-America
voxceleb,dev,id04017/JK4FbU4GAjo/00139,00139.mp4,The-United-Kingdom-1,unknown
voxceleb,dev,id03721/8TwhJuYP9y8/00080,00080.mp4,The-United-States-of-America,Spain
voxceleb,dev,id00741/caRRFs-okT8/00271,00271.mp4,The-United-States-of-America,The-United-States-of-America
voxceleb,dev,id04778/mupT2D45OAo/00013,00013.mp4,The-United-Kingdom-1,Kingdom-of-the-Netherlands
voxceleb,dev,id01251/zPbUtgZNeCs/00117,00117.mp4,The-United-Kingdom-1,The-United-States-of-America
voxceleb,dev,id05401/k15WZychBlc/00319,00319.mp4,The-United-States-of-America,Czechoslovakia-former-country
voxceleb,dev,id07844/S2ex6T887_8/00191,00191.mp4,The-United-Kingdom-1,The-United-Kingdom-1
voxceleb,dev,id01190/LxjR3yQvwck/00155,00155.mp4,The-United-Kingdom-1,The-United-Kingdom-1
voxceleb,dev,id04564/HKwQZU7o5Og/00143,00143.mp4,India,India
voxceleb,dev,id08533/f4r9IoVw8Ug/00321,00321.mp4,Germany,Germany
voxceleb,dev,id07400/_3WVtBZKqGk/00244,00244.mp4,The-United-States-of-America,The-United-States-of-America
voxceleb,dev,id03427/x0ScjEY4Gpg/00207,00207.mp4,Israel,Brazil
voxceleb,dev,id04839/lUPsTXdsY4Q/00437,00437.mp4,India,India
voxceleb,dev,id04013/xhMQD3r5rVc/00211,00211.mp4,The-United-States-of-America,The-United-States-of-America
voxceleb,dev,id00678/VNHL25yBgys/00014,00014.mp4,The-Republic-of-Ireland,Sweden
voxceleb,dev,id09245/y2_Fgg105pE/00120,00120.mp4,Brazil,Uruguay
voxceleb,dev,id03573/o3LEwmNKfvg/00028,00028.mp4,India,India
voxceleb,dev,id06485/82fkrPE6WCg/00061,00061.mp4,The-United-States-of-America,The-United-States-of-America
voxceleb,dev,id08080/Wp_xUAcqXO0/00144,00144.mp4,The-United-Kingdom-1,The-United-Kingdom-1
voxceleb,dev,id04667/cpW3Gz4VxDQ/00379,00379.mp4,The-Republic-of-Ireland,Germany
voxceleb,dev,id01761/fKDLPjnE6ZI/00260,00260.mp4,The-United-Kingdom-1,France
voxceleb,dev,id05091/oe4ugB8DYm0/00327,00327.mp4,The-United-Kingdom-1,The-United-States-of-America
voxceleb,dev,id03220/URq63fsca1k/00030,00030.mp4,India,The-Republic-of-Ireland
voxceleb,dev,id00047/UMuidC8_8Cw/00197,00197.mp4,The-United-Kingdom-1,Australia
voxceleb,dev,id08042/x2ogHGzWsMs/00389,00389.mp4,The-Republic-of-Ireland,India
voxceleb,dev,id02141/AA4hkG8u88c/00056,00056.mp4,The-United-States-of-America,unknown
voxceleb,dev,id08172/yXpS7ND0tpc/00328,00328.mp4,The-Republic-of-Ireland,France
voxceleb,dev,id02786/GflrfTAIbuc/00007,00007.mp4,The-United-Kingdom-1,Spain
voxceleb,dev,id03679/Qa3nO71KXsk/00100,00100.mp4,The-United-States-of-America,The-United-States-of-America
voxceleb,dev,id07967/9OeqHmhVsVc/00004,00004.mp4,New-Zealand,The-United-States-of-America
voxceleb,dev,id09179/5rguEEHTZ-w/00013,00013.mp4,The-United-Kingdom-1,France
voxceleb,dev,id06185/bY3DknXm82c/00152,00152.mp4,The-Republic-of-Ireland,Slovakia-1
voxceleb,dev,id06499/0oPrq261eRQ/00007,00007.mp4,The-United-Kingdom-1,Germany
voxceleb,dev,id04085/bEhwd-CR3jQ/00061,00061.mp4,The-United-States-of-America,The-United-States-of-America
voxceleb,dev,id08971/4OQ8FNaHKgA/00005,00005.mp4,Israel,Lebanon
voxceleb,dev,id04968/LJMyTHTnVBA/00202,00202.mp4,The-United-States-of-America,The-United-States-of-America
voxceleb,dev,id02558/_eA9fWWWeXw/00141,00141.mp4,The-United-Kingdom-1,Italy
voxceleb,dev,id08751/Qw1Hymyh7zE/00116,00116.mp4,The-United-Kingdom-1,Germany
voxceleb,dev,id00780/D6zKipbWzg8/00028,00028.mp4,The-United-Kingdom-1,The-United-States-of-America
voxceleb,dev,id07741/34BtPkvlgzs/00054,00054.mp4,The-United-Kingdom-1,The-United-States-of-America
voxceleb,dev,id09155/xP1x_4i4EGo/00312,00312.mp4,The-United-Kingdom-1,The-United-States-of-America
voxceleb,dev,id05288/bXo53B73uyI/00308,00308.mp4,The-Republic-of-Ireland,France
voxceleb,dev,id03107/RZrEXBusxvc/00107,00107.mp4,The-United-Kingdom-1,Italy
voxceleb,dev,id07960/zi16rwmHY20/00108,00108.mp4,The-United-Kingdom-1,Canada
voxceleb,dev,id08195/f1DYtpsrpPA/00170,00170.mp4,The-United-Kingdom-1,The-United-States-of-America
voxceleb,dev,id03078/rsurj_OG4zQ/00139,00139.mp4,Switzerland,Switzerland
voxceleb,dev,id05227/kQtCYqT_vUA/00240,00240.mp4,The-United-Kingdom-1,The-United-States-of-America
voxceleb,dev,id00668/XsDR7sH15HI/00045,00045.mp4,The-United-Kingdom-1,Germany
voxceleb,dev,id04830/bmuqgXffQUo/00160,00160.mp4,India,India
voxceleb,dev,id08923/Lg2XLkA41BA/00079,00079.mp4,The-United-Kingdom-1,Belgium
voxceleb,dev,id04970/w26hyCZbJmU/00318,00318.mp4,India,India
voxceleb,dev,id06817/M6_hhpfeED8/00030,00030.mp4,The-United-Kingdom-1,Switzerland
voxceleb,dev,id03453/n-BKBpOz_ao/00125,00125.mp4,The-United-Kingdom-1,The-United-Kingdom-1
voxceleb,dev,id08600/JjrhpqQEcHQ/00229,00229.mp4,The-United-Kingdom-1,Canada
voxceleb,dev,id04933/hi2-N_bJhwg/00121,00121.mp4,The-United-Kingdom-1,The-United-States-of-America
voxceleb,dev,id05205/_j0UMw0bQ2Y/00179,00179.mp4,China,The-United-States-of-America
voxceleb,dev,id02359/7j_13WCHViI/00005,00005.mp4,The-Republic-of-Ireland,The-United-States-of-America
voxceleb,dev,id07376/gxvLKFKb86o/00121,00121.mp4,India,The-United-States-of-America
voxceleb,dev,id07277/PvnTNfN_AD0/00187,00187.mp4,India,India
voxceleb,dev,id07130/FU-JSAFilms/00106,00106.mp4,The-United-Kingdom-1,The-United-Kingdom-1
voxceleb,dev,id02486/cs1BwwSGhBs/00059,00059.mp4,The-United-Kingdom-1,The-United-Kingdom-1
voxceleb,dev,id04751/4u2UQEcVM5I/00012,00012.mp4,The-United-Kingdom-1,The-United-States-of-America
voxceleb,dev,id06404/eDW9MhUPtB4/00218,00218.mp4,Honduras,The-United-States-of-America
voxceleb,dev,id02240/aeM7due8pbE/00056,00056.mp4,Ghana,Burkina-Faso
voxceleb,dev,id01315/8fdeMXP-hJg/00059,00059.mp4,The-United-States-of-America,The-United-States-of-America
voxceleb,dev,id01461/zV7LlMi0eHo/00133,00133.mp4,The-United-States-of-America,unknown
voxceleb,dev,id04534/985UgCnNu84/00070,00070.mp4,The-United-Kingdom-1,France
voxceleb,dev,id03133/PlgfxPraFV0/00147,00147.mp4,The-United-Kingdom-1,Germany
voxceleb,dev,id08113/l4QEsjmISCU/00127,00127.mp4,The-United-Kingdom-1,The-United-Kingdom-1
voxceleb,dev,id01216/eBxLv8PkzeY/00091,00091.mp4,The-United-Kingdom-1,The-United-States-of-America
voxceleb,dev,id05039/9bwgRPzCFtQ/00043,00043.mp4,The-United-Kingdom-1,France
voxceleb,dev,id01893/4L1-ObV9bF8/00021,00021.mp4,The-Republic-of-Ireland,The-United-Kingdom-1
voxceleb,dev,id01039/XJbaHrkinfM/00253,00253.mp4,Germany,Turkey-country
voxceleb,dev,id08709/DLnwIJFULMg/00005,00005.mp4,India,The-United-States-of-America
voxceleb,dev,id07525/EMoRi4t252Q/00062,00062.mp4,The-United-Kingdom-1,Germany
voxceleb,dev,id08602/RUfCoj6YGw8/00029,00029.mp4,The-United-Kingdom-1,The-United-Kingdom-1
voxceleb,dev,id03733/Iv1TTT3I9fg/00174,00174.mp4,The-United-Kingdom-1,The-United-States-of-America
voxceleb,dev,id01162/WrPyPiqeQNo/00100,00100.mp4,The-United-Kingdom-1,The-United-Kingdom-1
voxceleb,dev,id08577/DxBmD8HMses/00098,00098.mp4,The-United-Kingdom-1,The-United-States-of-America
voxceleb,dev,id07235/ztp5v9Z04Ec/00131,00131.mp4,Nigeria,Nigeria
voxceleb,dev,id06551/uu0asheg7TI/00348,00348.mp4,The-United-Kingdom-1,The-United-States-of-America
voxceleb,dev,id08480/TLV27KIVvFI/00117,00117.mp4,The-United-Kingdom-1,The-Republic-of-Ireland
voxceleb,dev,id06583/UC7d4mu9SC0/00182,00182.mp4,The-United-States-of-America,The-United-States-of-America
voxceleb,dev,id06684/kfFm-bx_t88/00199,00199.mp4,The-United-Kingdom-1,The-United-States-of-America
voxceleb,dev,id08039/R98S7TCibgA/00072,00072.mp4,Iran,Canada
voxceleb,dev,id03088/vZctTE7QAMs/00442,00442.mp4,The-United-States-of-America,The-United-States-of-America
voxceleb,dev,id01524/kpOg9992zUQ/00118,00118.mp4,The-United-Kingdom-1,Belgium
voxceleb,dev,id08615/Ez0RrwhEt5o/00109,00109.mp4,The-United-States-of-America,The-United-States-of-America
voxceleb,dev,id02252/VOM-Qa37Zwo/00265,00265.mp4,The-United-States-of-America,The-United-Kingdom-1
voxceleb,dev,id09171/wl5i1XWhYug/00475,00475.mp4,India,The-United-States-of-America
voxceleb,dev,id07368/_fML8NINtbQ/00082,00082.mp4,The-Republic-of-Ireland,Spain
voxceleb,dev,id01121/_MGIBvmgliA/00336,00336.mp4,Mexico,The-United-States-of-America
voxceleb,dev,id02988/N9nzN4bdalI/00076,00076.mp4,The-United-Kingdom-1,India
voxceleb,dev,id05102/TztGTzA9zpY/00107,00107.mp4,The-United-States-of-America,The-United-States-of-America
voxceleb,dev,id08574/cRSStoZm3tQ/00142,00142.mp4,The-United-Kingdom-1,The-United-Kingdom-1
voxceleb,dev,id02045/wrOX1W7c1tM/00193,00193.mp4,The-United-States-of-America,The-United-Kingdom-1
voxceleb,dev,id00225/76zmAJxU0IU/00053,00053.mp4,Germany,Poland
voxceleb,dev,id01285/7c-R1j3tWqc/00051,00051.mp4,The-United-Kingdom-1,The-United-States-of-America
voxceleb,dev,id02891/fAqdavNCGZQ/00428,00428.mp4,France,France
voxceleb,dev,id01951/pYWM2ZV98KU/00052,00052.mp4,The-United-Kingdom-1,The-United-States-of-America
voxceleb,dev,id02457/qt_eFGtxk5I/00370,00370.mp4,The-United-Kingdom-1,unknown
voxceleb,dev,id04602/44q5k3ZeOJM/00051,00051.mp4,The-United-States-of-America,The-United-States-of-America
voxceleb,dev,id06070/i2U13SQ3A1c/00355,00355.mp4,The-United-Kingdom-1,France
voxceleb,dev,id08521/VGRrcIqBqtM/00131,00131.mp4,The-United-Kingdom-1,The-United-Kingdom-1
voxceleb,dev,id04147/Nw7LLisEPhA/00019,00019.mp4,The-United-States-of-America,The-United-States-of-America
voxceleb,dev,id07761/b14d978y7HQ/00127,00127.mp4,The-United-Kingdom-1,Spain
voxceleb,dev,id02591/5NI2cex9NQI/00052,00052.mp4,The-United-Kingdom-1,Germany
voxceleb,dev,id00965/o42thu6Bqoo/00333,00333.mp4,The-Republic-of-Ireland,France
voxceleb,dev,id03747/J1FQjIMDFaI/00126,00126.mp4,France,The-United-Kingdom-1
voxceleb,dev,id01589/ZCwF6XVRiAU/00048,00048.mp4,South-Korea,South-Korea
voxceleb,dev,id01894/UQheB1vZOLY/00073,00073.mp4,The-United-Kingdom-1,Denmark
voxceleb,dev,id06226/htifw4x3QWE/00305,00305.mp4,The-United-Kingdom-1,Lebanon
voxceleb,dev,id06386/31WwWC3Hl3o/00004,00004.mp4,The-Republic-of-Ireland,The-United-Kingdom-1
voxceleb,dev,id07644/JgQR8IvzAQ4/00053,00053.mp4,The-United-States-of-America,The-United-States-of-America
voxceleb,dev,id04834/xbnjCZZBbQs/00252,00252.mp4,The-United-Kingdom-1,The-United-States-of-America
voxceleb,dev,id05970/if9b-6Nt0yQ/00009,00009.mp4,The-United-States-of-America,Canada
voxceleb,dev,id01328/wXgtfa0MTKc/00241,00241.mp4,The-United-States-of-America,Australia
voxceleb,dev,id05399/p9MMHtts8TA/00225,00225.mp4,The-United-Kingdom-1,The-United-States-of-America
voxceleb,dev,id01225/mxZ2CN69xF0/00397,00397.mp4,The-United-States-of-America,The-United-States-of-America
voxceleb,dev,id00880/iIPvX4ECzAE/00128,00128.mp4,The-United-Kingdom-1,The-United-States-of-America
voxceleb,dev,id06617/k_V2iUCjzgs/00437,00437.mp4,The-United-Kingdom-1,The-United-States-of-America
voxceleb,dev,id00353/ZE1Nh2U8Ncc/00284,00284.mp4,The-United-States-of-America,The-United-States-of-America
voxceleb,dev,id03429/VLCwUBpz-fM/00292,00292.mp4,The-United-Kingdom-1,The-United-States-of-America
voxceleb,dev,id01218/LCvCqHkkNXE/00111,00111.mp4,The-United-Kingdom-1,France
voxceleb,dev,id01610/C6gfTvR4VAI/00024,00024.mp4,The-United-Kingdom-1,The-United-Kingdom-1
voxceleb,dev,id00656/KFGWJ146lA0/00076,00076.mp4,The-Republic-of-Ireland,unknown
voxceleb,dev,id08343/Evqye-S4UvE/00108,00108.mp4,India,unknown
voxceleb,dev,id09181/CcuhdRz7xTc/00010,00010.mp4,The-Philippines-1,Indonesia
voxceleb,dev,id04358/299zIEm8Q64/00016,00016.mp4,The-United-Kingdom-1,Portugal
voxceleb,dev,id00275/YuF84TfqjrE/00045,00045.mp4,The-United-States-of-America,Germany
voxceleb,dev,id01450/5Wb_vaf4_7U/00027,00027.mp4,The-United-States-of-America,The-United-States-of-America
voxceleb,dev,id02260/WsaI-4aPr9c/00317,00317.mp4,The-United-Kingdom-1,France
voxceleb,dev,id01229/FnWjD3kQeMA/00027,00027.mp4,The-United-Kingdom-1,Sweden
voxceleb,dev,id05438/01vgI3YZjgg/00003,00003.mp4,The-United-Kingdom-1,Australia
voxceleb,dev,id06487/qfDXQJAo9_k/00041,00041.mp4,The-United-Kingdom-1,The-United-States-of-America
voxceleb,dev,id04460/ovuY6TWK7x4/00062,00062.mp4,The-United-States-of-America,unknown
voxceleb,dev,id06424/dMPvjai3yKM/00271,00271.mp4,The-United-Kingdom-1,South-Africa
voxceleb,dev,id01504/SSJO7tcE6P8/00279,00279.mp4,India,India
voxceleb,dev,id05131/JpsbVOZFDco/00102,00102.mp4,The-United-Kingdom-1,The-United-Kingdom-1
voxceleb,dev,id02440/n8XYHXxMc0E/00348,00348.mp4,The-United-Kingdom-1,The-United-States-of-America
voxceleb,dev,id04934/9CCcLEpHROA/00023,00023.mp4,The-United-Kingdom-1,Australia
voxceleb,dev,id06502/ybuH3EZudHQ/00138,00138.mp4,The-United-Kingdom-1,The-United-Kingdom-1
voxceleb,dev,id05165/oWdQL0ijXQ4/00341,00341.mp4,The-United-Kingdom-1,The-United-States-of-America
voxceleb,dev,id08516/GL9uC19pL1E/00064,00064.mp4,The-United-Kingdom-1,Germany
voxceleb,dev,id08902/JQ2s2s3mEDY/00030,00030.mp4,The-United-Kingdom-1,The-United-States-of-America
voxceleb,dev,id01029/WZ3fBMi0v3Q/00146,00146.mp4,The-United-Kingdom-1,Canada
voxceleb,dev,id05091/kJVZNmbesoc/00239,00239.mp4,The-United-Kingdom-1,The-United-States-of-America
voxceleb,dev,id01058/2DKbOjf3Wyo/00002,00002.mp4,The-United-Kingdom-1,The-United-States-of-America
voxceleb,dev,id07819/6Cy5LUvxkBI/00030,00030.mp4,India,France
voxceleb,dev,id04842/3NZ_KaOjW1g/00022,00022.mp4,The-United-Kingdom-1,The-United-States-of-America
voxceleb,dev,id00708/zE9biZT_z1k/00466,00466.mp4,The-United-States-of-America,The-United-States-of-America
voxceleb,dev,id00151/2Xw3vgyXJBY/00012,00012.mp4,The-United-Kingdom-1,Spain
voxceleb,dev,id07341/a2Sp1Fl0ugs/00191,00191.mp4,The-United-Kingdom-1,The-United-Kingdom-1
voxceleb,dev,id02053/KqxIa53T0oo/00091,00091.mp4,The-United-States-of-America,The-United-States-of-America
voxceleb,dev,id02485/mwAoMJF3H2k/00067,00067.mp4,The-United-Kingdom-1,The-United-Kingdom-1
voxceleb,dev,id04941/C8BE7VPryl4/00069,00069.mp4,The-United-States-of-America,The-United-States-of-America
voxceleb,dev,id07299/8X8r0k7U7TM/00082,00082.mp4,The-United-Kingdom-1,The-United-States-of-America
voxceleb,dev,id02105/1lnfc4Iofrg/00018,00018.mp4,The-United-States-of-America,The-United-States-of-America
voxceleb,dev,id08171/NEaB8Mxfgmc/00107,00107.mp4,The-Republic-of-Ireland,The-United-Kingdom-1
voxceleb,dev,id00434/1eqpGAqMG0g/00001,00001.mp4,The-United-Kingdom-1,France
voxceleb,dev,id00610/w4OFx_aIapI/00188,00188.mp4,India,India
voxceleb,dev,id06524/qiJmO4Rdweo/00187,00187.mp4,India,The-United-States-of-America
voxceleb,dev,id01264/7eT3ZCUVxp8/00066,00066.mp4,The-United-Kingdom-1,France
voxceleb,dev,id07102/VMqjRW2iv2o/00126,00126.mp4,Brazil,unknown
voxceleb,dev,id03796/kFXeJChJ47g/00371,00371.mp4,The-United-Kingdom-1,Sweden
voxceleb,dev,id02783/YrLJNyw4UEo/00131,00131.mp4,The-United-Kingdom-1,Spain
voxceleb,dev,id04495/fTu553eEK2s/00171,00171.mp4,Argentina,Slovakia-1
voxceleb,dev,id06447/1_gKbIbgPww/00005,00005.mp4,Jordan-215,India
voxceleb,dev,id01754/0WqgvPnl3gY/00032,00032.mp4,Australia,Australia
voxceleb,dev,id00708/EZetu4AM2HE/00047,00047.mp4,The-United-States-of-America,The-United-States-of-America
voxceleb,dev,id06867/EiCCVF8Ilz8/00097,00097.mp4,The-Republic-of-Ireland,The-United-States-of-America
voxceleb,dev,id04675/Y-43JZ8e0Og/00107,00107.mp4,The-United-Kingdom-1,The-United-States-of-America
voxceleb,dev,id04513/sEUt4zEPK6E/00119,00119.mp4,The-United-States-of-America,Germany
voxceleb,dev,id01317/AHEA9WJJwHM/00104,00104.mp4,India,The-United-Kingdom-1
voxceleb,dev,id08282/RTv8lu5q7sk/00157,00157.mp4,Jordan-215,unknown
voxceleb,dev,id03258/YZZltc0MnkA/00286,00286.mp4,The-United-Kingdom-1,Kingdom-of-the-Netherlands
voxceleb,dev,id00991/1GEJByRK-XI/00012,00012.mp4,The-United-Kingdom-1,The-United-States-of-America
voxceleb,dev,id07575/KgxwnbfoZY0/00092,00092.mp4,The-United-Kingdom-1,The-United-States-of-America
voxceleb,dev,id08640/aEJYxWG4fQo/00169,00169.mp4,The-United-Kingdom-1,Australia
voxceleb,dev,id03918/CN_I9Vz8-IM/00135,00135.mp4,The-United-Kingdom-1,France
voxceleb,dev,id06121/Ufq2_JdpIMQ/00297,00297.mp4,The-United-States-of-America,The-United-States-of-America
voxceleb,dev,id00784/KHkW_2ueE8U/00084,00084.mp4,India,India
voxceleb,dev,id04097/H3C-MBfjT5M/00232,00232.mp4,The-United-States-of-America,The-United-States-of-America
voxceleb,dev,id06250/rfFkQ6aw2ks/00365,00365.mp4,The-United-Kingdom-1,Denmark
voxceleb,dev,id07682/9nXM7xOKeY8/00009,00009.mp4,The-Republic-of-Ireland,Bosnia-and-Herzegovina
voxceleb,dev,id05009/WCXqPcfyV5E/00027,00027.mp4,The-United-Kingdom-1,The-United-States-of-America
voxceleb,dev,id05011/_8sQTKggdbI/00099,00099.mp4,The-United-Kingdom-1,The-United-States-of-America
voxceleb,dev,id01394/by6LKB45ju0/00037,00037.mp4,The-United-Kingdom-1,The-United-States-of-America
voxceleb,dev,id06172/mIXAbdCiMRE/00063,00063.mp4,The-United-Kingdom-1,Germany
voxceleb,dev,id01556/FfQ9D8JnweA/00151,00151.mp4,The-Republic-of-Ireland,Kingdom-of-the-Netherlands
voxceleb,dev,id05261/p2mmOd5NRY8/00310,00310.mp4,The-United-States-of-America,The-United-States-of-America
voxceleb,dev,id03527/JSTEG1-9MUo/00191,00191.mp4,The-United-Kingdom-1,The-United-Kingdom-1
voxceleb,dev,id08974/gBD2LpcYmFM/00152,00152.mp4,The-Republic-of-Ireland,Italy
voxceleb,dev,id01097/ov93rft-jVg/00163,00163.mp4,The-United-States-of-America,The-United-States-of-America
voxceleb,dev,id02467/Z_JFBDW9eZE/00199,00199.mp4,The-United-Kingdom-1,The-United-States-of-America
voxceleb,dev,id04430/xfoN1NKDyfE/00202,00202.mp4,The-United-States-of-America,The-United-Kingdom-1
voxceleb,dev,id02765/1sCK1NaIf_4/00014,00014.mp4,The-United-States-of-America,unknown
voxceleb,dev,id08926/aNp7gec21IQ/00205,00205.mp4,India,India
voxceleb,dev,id09067/BdTALR__P6o/00048,00048.mp4,The-United-Kingdom-1,France
voxceleb,dev,id03298/BCYwp7OxnaE/00141,00141.mp4,The-United-States-of-America,The-United-States-of-America
voxceleb,dev,id00355/85exFcc4y7A/00017,00017.mp4,The-United-States-of-America,The-United-States-of-America
voxceleb,dev,id06651/NAP5l7hb2Eo/00050,00050.mp4,The-Republic-of-Ireland,Soviet-Union-1
voxceleb,dev,id04162/D0zQJHr4MXM/00014,00014.mp4,The-United-States-of-America,The-United-States-of-America
voxceleb,dev,id08158/5ukLQNHzzBI/00006,00006.mp4,The-United-Kingdom-1,Germany
voxceleb,dev,id04508/1BFhS3zKwE0/00078,00078.mp4,The-United-States-of-America,Germany
voxceleb,dev,id03487/JbjdsgMy0Pc/00019,00019.mp4,The-United-Kingdom-1,Germany
voxceleb,dev,id06335/j-UjZPGR9_w/00307,00307.mp4,India,India
voxceleb,dev,id06414/mGroP_3WH_4/00334,00334.mp4,The-United-Kingdom-1,The-United-States-of-America
voxceleb,dev,id05271/E_ZmkMsxIGU/00043,00043.mp4,The-Republic-of-Ireland,The-Republic-of-Ireland
voxceleb,dev,id09083/jbVNqMa1gpw/00180,00180.mp4,Turkey-country,Jamaica
voxceleb,dev,id00350/C20AHTPWWoU/00039,00039.mp4,India,India
voxceleb,dev,id05710/By6ZyRyTKI8/00135,00135.mp4,The-United-Kingdom-1,The-United-States-of-America
voxceleb,dev,id08688/L_PVzx9dvcU/00022,00022.mp4,The-United-States-of-America,The-United-States-of-America
voxceleb,dev,id08968/WrtAv69C5Gc/00263,00263.mp4,The-United-Kingdom-1,Canada
voxceleb,dev,id05841/XKUiNQbwLJE/00238,00238.mp4,The-United-Kingdom-1,Germany
voxceleb,dev,id04705/kz6NplwXn3I/00362,00362.mp4,The-United-Kingdom-1,The-United-States-of-America
voxceleb,dev,id03572/0wPrsYdiqp4/00001,00001.mp4,The-United-States-of-America,Croatia
voxceleb,dev,id04980/Iza1nDhjwuk/00145,00145.mp4,The-United-Kingdom-1,The-United-States-of-America
voxceleb,dev,id04229/l_AwOENqafg/00338,00338.mp4,The-United-States-of-America,The-United-States-of-America
voxceleb,dev,id01761/G1_3j4PZPPk/00101,00101.mp4,The-Republic-of-Ireland,France
voxceleb,dev,id04192/Uf2vVbo9LfY/00206,00206.mp4,The-United-Kingdom-1,Germany
voxceleb,dev,id01109/ga9dknzMI0A/00078,00078.mp4,Jamaica,Jamaica
voxceleb,dev,id04417/KCbwPAOa3qk/00150,00150.mp4,Israel,Pakistan
voxceleb,dev,id06222/Gq3yHSkRuvM/00106,00106.mp4,The-United-Kingdom-1,The-United-States-of-America
voxceleb,dev,id02572/_CjpdrnxrLI/00117,00117.mp4,The-United-States-of-America,The-United-States-of-America
voxceleb,dev,id06423/jyIZ0k1koFI/00180,00180.mp4,India,India
voxceleb,dev,id01972/7-ROu6QgLRw/00009,00009.mp4,The-United-Kingdom-1,The-United-States-of-America
voxceleb,dev,id07752/y9i_uau61uE/00288,00288.mp4,India,India
voxceleb,dev,id07625/IiZEH5paJDQ/00165,00165.mp4,The-United-Kingdom-1,The-United-Kingdom-1
voxceleb,dev,id06613/t6z28Vfr4P4/00178,00178.mp4,The-United-Kingdom-1,Germany
voxceleb,dev,id06481/u0shX_zqFwI/00320,00320.mp4,The-United-States-of-America,The-United-States-of-America
voxceleb,dev,id04896/Ti2VYv1PhW8/00167,00167.mp4,The-United-States-of-America,The-United-States-of-America
voxceleb,dev,id08462/VmXbxOjNAVA/00237,00237.mp4,The-United-States-of-America,The-United-States-of-America
voxceleb,dev,id06709/wB8ml-ag4dE/00115,00115.mp4,The-Republic-of-Ireland,Germany
voxceleb,dev,id07071/3KG6Q5GPmro/00024,00024.mp4,The-United-States-of-America,Dominican-Republic
voxceleb,dev,id05521/7rGTZO6Unwo/00031,00031.mp4,The-United-States-of-America,Germany
voxceleb,dev,id05160/f-Gq4wSo5do/00290,00290.mp4,The-United-Kingdom-1,The-Republic-of-Ireland
voxceleb,dev,id08756/oKYUGLWop60/00260,00260.mp4,India,India
voxceleb,dev,id01425/HH4-mFyPWSY/00056,00056.mp4,The-United-Kingdom-1,The-United-States-of-America
voxceleb,dev,id02253/5Pvhb73zxbg/00050,00050.mp4,The-United-Kingdom-1,The-United-Kingdom-1
voxceleb,dev,id04517/WEmhLqWdl7g/00204,00204.mp4,The-United-Kingdom-1,The-United-States-of-America
voxceleb,dev,id02953/WbDGiSOonnI/00116,00116.mp4,The-United-Kingdom-1,Australia
voxceleb,dev,id06124/LFeaHFzqeVo/00051,00051.mp4,The-United-Kingdom-1,The-United-States-of-America
voxceleb,dev,id00593/5B6uXCF79VQ/00011,00011.mp4,The-United-Kingdom-1,The-United-States-of-America
voxceleb,dev,id01187/whfc-H_HSgQ/00210,00210.mp4,The-United-Kingdom-1,The-United-States-of-America
voxceleb,dev,id00967/NIn38QGhUcs/00231,00231.mp4,The-United-States-of-America,France
voxceleb,dev,id06586/h4noM5GXzIk/00312,00312.mp4,India,India
voxceleb,dev,id00491/Ez2oF6YeP0c/00047,00047.mp4,The-United-Kingdom-1,The-United-Kingdom-1
voxceleb,dev,id04741/Uq2Ag3a-RlQ/00104,00104.mp4,The-United-States-of-America,The-United-States-of-America
voxceleb,dev,id00967/HgyvL4wlTYw/00170,00170.mp4,The-United-Kingdom-1,France
voxceleb,dev,id00584/jtATvOLY9cQ/00273,00273.mp4,The-United-Kingdom-1,Germany
voxceleb,dev,id00258/M97nxnIBnec/00113,00113.mp4,The-United-Kingdom-1,The-United-States-of-America
voxceleb,dev,id05877/j4UZsozeJ8Q/00060,00060.mp4,The-United-Kingdom-1,Italy
voxceleb,dev,id06404/eTzhVVIjLCE/00242,00242.mp4,The-Republic-of-Ireland,The-United-States-of-America
voxceleb,dev,id07242/UFvRVnmjHLQ/00021,00021.mp4,The-United-Kingdom-1,The-United-States-of-America
voxceleb,dev,id08054/NV4_evMJJm4/00109,00109.mp4,India,India
voxceleb,dev,id00967/7JK1IrotBcY/00052,00052.mp4,The-United-States-of-America,France
voxceleb,dev,id08611/Q3J4tmPP2p0/00054,00054.mp4,Brazil,The-United-Kingdom-1
voxceleb,dev,id05639/XDcpX3gPXGY/00260,00260.mp4,The-United-States-of-America,unknown
voxceleb,dev,id07247/3fg4Ef10Cec/00018,00018.mp4,The-United-Kingdom-1,Kingdom-of-the-Netherlands
voxceleb,dev,id04727/ev-Kp6M7Rzc/00017,00017.mp4,Ghana,Trinidad-and-Tobago
voxceleb,dev,id03800/3MwvYLzEJZ8/00015,00015.mp4,The-United-Kingdom-1,Germany
voxceleb,dev,id06486/EWpPvCyEq4E/00038,00038.mp4,The-United-Kingdom-1,unknown
voxceleb,dev,id08660/ZSx5_UQd-rQ/00295,00295.mp4,The-United-States-of-America,The-United-States-of-America
voxceleb,dev,id04962/0qPAtiILNF4/00002,00002.mp4,The-United-States-of-America,The-United-States-of-America
voxceleb,dev,id08202/o2TY1jvSMyU/00269,00269.mp4,The-United-Kingdom-1,Switzerland
voxceleb,dev,id04538/yyeNCEK2KpU/00455,00455.mp4,India,The-United-States-of-America
voxceleb,dev,id08273/qkxq-ts_GGE/00220,00220.mp4,Jordan-215,The-United-States-of-America
voxceleb,dev,id09194/o7pR2vod8Bk/00316,00316.mp4,The-United-Kingdom-1,Croatia
voxceleb,dev,id06450/1JDp8ZkeW1U/00008,00008.mp4,The-United-Kingdom-1,The-United-Kingdom-1
voxceleb,dev,id01966/xZ0Un1vA7Vk/00098,00098.mp4,The-United-Kingdom-1,The-United-Kingdom-1
voxceleb,dev,id04064/a4jOoxaHrcw/00251,00251.mp4,The-United-Kingdom-1,Kingdom-of-the-Netherlands
voxceleb,dev,id06536/5YBCnAHEf5k/00005,00005.mp4,The-United-Kingdom-1,The-United-Kingdom-1
voxceleb,dev,id07001/2otbrXnqwqE/00003,00003.mp4,The-United-Kingdom-1,The-United-States-of-America
voxceleb,dev,id04654/FV__9Rc9n7I/00096,00096.mp4,The-United-Kingdom-1,The-United-Kingdom-1
voxceleb,dev,id02253/EV2Gt-BxTr0/00087,00087.mp4,The-United-Kingdom-1,The-United-Kingdom-1
voxceleb,dev,id00524/CQmObUF-xX4/00054,00054.mp4,The-United-Kingdom-1,The-United-Kingdom-1
voxceleb,dev,id00103/f879KkVJv3s/00145,00145.mp4,India,India
voxceleb,dev,id03747/J1FQjIMDFaI/00110,00110.mp4,The-Czech-Republic-1,The-United-Kingdom-1
voxceleb,dev,id09235/u9h8pCIpxN0/00249,00249.mp4,The-United-Kingdom-1,France
voxceleb,dev,id00715/YZB60zmETfQ/00130,00130.mp4,The-United-Kingdom-1,Italy
voxceleb,dev,id06910/pGYUSVjxfAM/00132,00132.mp4,Brazil,Brazil
voxceleb,dev,id08172/Qh5wvM3etJQ/00115,00115.mp4,The-United-Kingdom-1,France
voxceleb,dev,id03227/Lr6yX7n_ZUQ/00101,00101.mp4,The-United-Kingdom-1,Germany
voxceleb,dev,id06400/GOVeKtiB4Y0/00074,00074.mp4,The-United-Kingdom-1,Canada
voxceleb,dev,id04223/30veiN-jwYg/00039,00039.mp4,The-United-Kingdom-1,The-United-Kingdom-1
voxceleb,dev,id02981/g0jjV9dnDto/00294,00294.mp4,The-United-Kingdom-1,The-United-Kingdom-1
voxceleb,dev,id01594/unx03XWAswQ/00047,00047.mp4,The-United-Kingdom-1,Scotland
voxceleb,dev,id04432/mjG9ufmGYRs/00063,00063.mp4,The-United-Kingdom-1,The-United-Kingdom-1
voxceleb,dev,id05207/qC_oLf-HVnw/00200,00200.mp4,The-United-Kingdom-1,The-United-States-of-America
voxceleb,dev,id01677/H4qa08bKUE0/00064,00064.mp4,The-United-Kingdom-1,The-United-Kingdom-1
voxceleb,dev,id05020/wjYTPr1Dygw/00350,00350.mp4,The-United-Kingdom-1,The-United-States-of-America
voxceleb,dev,id04652/wXYqG8ri4po/00367,00367.mp4,The-United-States-of-America,The-United-States-of-America
voxceleb,dev,id06560/SLanVyd3Ab4/00010,00010.mp4,The-United-Kingdom-1,France
voxceleb,dev,id06347/C4lDwG_vVmw/00082,00082.mp4,The-United-Kingdom-1,The-United-States-of-America
voxceleb,dev,id05300/gOQiO1R3BHw/00141,00141.mp4,The-United-Kingdom-1,Brazil
voxceleb,dev,id03057/vqaH14fiGYA/00112,00112.mp4,The-United-Kingdom-1,France
voxceleb,dev,id02214/n98HkW7vOV0/00413,00413.mp4,India,India
voxceleb,dev,id03696/jqPDUnIYUHE/00424,00424.mp4,The-United-States-of-America,The-United-Kingdom-1
voxceleb,dev,id06833/Q7Br0zCSn50/00099,00099.mp4,The-United-Kingdom-1,Spain
voxceleb,dev,id01101/e_5eywr26k0/00257,00257.mp4,The-United-Kingdom-1,The-United-States-of-America
voxceleb,dev,id08613/V18hRu6jO80/00051,00051.mp4,The-United-Kingdom-1,The-Philippines-1
voxceleb,dev,id08658/8HFEECaeXxQ/00093,00093.mp4,The-United-Kingdom-1,The-United-Kingdom-1
voxceleb,dev,id08441/bSz1r3XovJ0/00172,00172.mp4,The-United-Kingdom-1,The-United-States-of-America
voxceleb,dev,id06479/OsF0AGU6ais/00222,00222.mp4,The-United-Kingdom-1,The-United-Kingdom-1
voxceleb,dev,id07982/MvKFFXfPEdE/00164,00164.mp4,The-United-States-of-America,The-United-States-of-America
voxceleb,dev,id03177/HDrj6CxhfrA/00007,00007.mp4,The-United-Kingdom-1,Republic-of-North-Macedonia
voxceleb,dev,id03203/e-Ajx8bUtXk/00160,00160.mp4,India,The-United-States-of-America
voxceleb,dev,id07118/DztbqBVIm_I/00059,00059.mp4,The-United-Kingdom-1,The-United-States-of-America
voxceleb,dev,id01750/3J54SEhDv-Q/00036,00036.mp4,The-United-Kingdom-1,The-United-States-of-America
voxceleb,dev,id01890/jg37ImBvOlw/00024,00024.mp4,The-United-Kingdom-1,The-Czech-Republic-1
voxceleb,dev,id08784/hErvhW1rwZU/00062,00062.mp4,Israel,Italy
voxceleb,dev,id07293/dr-LGlxfgKM/00219,00219.mp4,The-United-Kingdom-1,The-United-States-of-America
voxceleb,dev,id00656/0iHy9oXMr_c/00009,00009.mp4,The-United-Kingdom-1,unknown
voxceleb,dev,id09188/IHCzgaYrH0U/00036,00036.mp4,The-United-States-of-America,The-United-Kingdom-1
voxceleb,dev,id01987/iY8_aXbxgLk/00183,00183.mp4,Jordan-215,The-United-Kingdom-1
voxceleb,dev,id06203/4GQIBOXqqEc/00033,00033.mp4,The-United-States-of-America,unknown
voxceleb,dev,id06211/YQbjxnBPU1o/00048,00048.mp4,Jordan-215,Egypt
voxceleb,dev,id04782/J-4t2e7n9tA/00144,00144.mp4,The-United-Kingdom-1,Canada
voxceleb,dev,id05663/fsTAj9n-Dw0/00020,00020.mp4,The-United-States-of-America,The-United-States-of-America
voxceleb,dev,id00257/W0HMki7thVA/00169,00169.mp4,The-United-Kingdom-1,The-United-States-of-America
voxceleb,dev,id08650/nihJwc2yXDo/00320,00320.mp4,The-United-States-of-America,The-United-States-of-America
voxceleb,dev,id03897/5ol1Zhlszqw/00007,00007.mp4,India,India
voxceleb,dev,id02392/dSEFGEKDNK0/00340,00340.mp4,The-United-Kingdom-1,The-United-States-of-America
voxceleb,dev,id08714/iT5UgrZNENQ/00387,00387.mp4,The-United-States-of-America,The-United-States-of-America
voxceleb,dev,id04045/FGjz812S6DY/00153,00153.mp4,The-United-Kingdom-1,The-United-States-of-America
voxceleb,dev,id03487/GZLR8IBlHEs/00006,00006.mp4,The-United-Kingdom-1,Germany
voxceleb,dev,id06869/blYHLO-UcOg/00098,00098.mp4,The-United-Kingdom-1,The-United-States-of-America
voxceleb,dev,id00560/HCZHIOhZ6XM/00042,00042.mp4,China,China
voxceleb,dev,id07161/TghiG02tpvk/00238,00238.mp4,India,India
voxceleb,dev,id08885/289InhMJJGo/00045,00045.mp4,India,India
voxceleb,dev,id01490/o6KAM5DNPg4/00146,00146.mp4,The-United-Kingdom-1,Italy
voxceleb,dev,id07588/dOZqZu7VSyU/00095,00095.mp4,The-Republic-of-Ireland,The-Republic-of-Ireland
voxceleb,dev,id00629/knvelekzawU/00037,00037.mp4,The-Republic-of-Ireland,Sweden
voxceleb,dev,id06938/Hp0iX52Wnv8/00089,00089.mp4,The-United-Kingdom-1,The-United-Kingdom-1
voxceleb,dev,id05733/FKGzirYUTnM/00019,00019.mp4,The-United-Kingdom-1,Germany
voxceleb,dev,id04667/eoUHMikFkcE/00428,00428.mp4,The-United-Kingdom-1,Germany
voxceleb,dev,id05445/eHLlrpCC_JU/00073,00073.mp4,Senegal,unknown
voxceleb,dev,id02683/gPZBJDy_Y_U/00122,00122.mp4,The-United-Kingdom-1,Germany
voxceleb,dev,id03263/hKiaCRn1ziY/00280,00280.mp4,The-United-States-of-America,The-United-States-of-America
voxceleb,dev,id04251/w3oJRZlpZws/00019,00019.mp4,The-United-States-of-America,The-United-States-of-America
voxceleb,dev,id06445/SJfGPIUh8yo/00183,00183.mp4,India,India
voxceleb,dev,id02457/b-ZT0g8yhto/00237,00237.mp4,The-United-Kingdom-1,unknown
voxceleb,dev,id01504/VecKa52SMTc/00289,00289.mp4,India,India
voxceleb,dev,id04677/7HjDodyiH6E/00042,00042.mp4,The-United-Kingdom-1,Germany
voxceleb,dev,id00788/PpahTPdv1ls/00229,00229.mp4,The-United-Kingdom-1,The-United-States-of-America
voxceleb,dev,id04314/_bnOs1Av5nw/00063,00063.mp4,The-Republic-of-Ireland,Argentina
voxceleb,dev,id09225/cDxYJW1UCSM/00314,00314.mp4,Colombia,Colombia
voxceleb,dev,id06967/q74cdHafsUU/00272,00272.mp4,The-United-Kingdom-1,The-United-States-of-America
voxceleb,dev,id07342/p2jWqIz93qI/00295,00295.mp4,The-United-Kingdom-1,The-United-States-of-America
voxceleb,dev,id07517/4IFG22PJRoA/00017,00017.mp4,Canada,The-United-States-of-America
voxceleb,dev,id09175/KBHpnK7ULtI/00037,00037.mp4,China,China
voxceleb,dev,id04935/MqVDan2jbgs/00043,00043.mp4,The-United-Kingdom-1,The-United-States-of-America
voxceleb,dev,id05856/IFZt77P8nd0/00148,00148.mp4,The-United-Kingdom-1,Argentina
voxceleb,dev,id04821/eXPqdrqbjuE/00220,00220.mp4,The-United-Kingdom-1,The-United-Kingdom-1
voxceleb,dev,id06239/Wv2OYVq5aQ8/00288,00288.mp4,The-United-Kingdom-1,Germany
voxceleb,dev,id02917/tY28I1SxJm8/00150,00150.mp4,The-United-Kingdom-1,France
voxceleb,dev,id07928/19hZ7NXsazU/00005,00005.mp4,Argentina,Cuba
voxceleb,dev,id03749/GtlDH60JY2A/00060,00060.mp4,The-United-States-of-America,The-United-States-of-America
voxceleb,dev,id08820/A_4E8RQiy40/00034,00034.mp4,The-United-States-of-America,The-United-States-of-America
voxceleb,dev,id03954/dAMCaLCTuZc/00142,00142.mp4,The-United-Kingdom-1,The-United-Kingdom-1
voxceleb,dev,id06268/o17n4fkGiUA/00183,00183.mp4,India,India
voxceleb,dev,id07102/xeOpV3dGZC4/00255,00255.mp4,The-United-Kingdom-1,unknown
voxceleb,dev,id02553/QTahH2rc8go/00043,00043.mp4,Thailand,The-Philippines-1
voxceleb,dev,id02092/Fp_OmrCBePA/00008,00008.mp4,The-United-States-of-America,Canada
voxceleb,dev,id01690/8yfz9a_5Fu4/00085,00085.mp4,The-United-States-of-America,The-United-States-of-America
voxceleb,dev,id08546/tyuU_Z9u2Wc/00422,00422.mp4,The-United-Kingdom-1,The-United-States-of-America
voxceleb,dev,id08573/398Pc6Lef2A/00008,00008.mp4,The-United-Kingdom-1,The-United-States-of-America
voxceleb,dev,id00777/xbrSCyRQNo8/00344,00344.mp4,The-United-Kingdom-1,The-United-States-of-America
voxceleb,dev,id02267/beopj6sZ6so/00249,00249.mp4,The-United-States-of-America,The-United-States-of-America
voxceleb,dev,id07625/d-HMjOMTwzA/00268,00268.mp4,The-Republic-of-Ireland,The-United-Kingdom-1
voxceleb,dev,id05079/XRSHwmbP-88/00047,00047.mp4,The-Republic-of-Ireland,South-Korea
voxceleb,dev,id05696/ACqYd6NtpGI/00058,00058.mp4,The-United-Kingdom-1,The-United-Kingdom-1
voxceleb,dev,id08113/zGiFSM_PREA/00179,00179.mp4,The-United-Kingdom-1,The-United-Kingdom-1
voxceleb,dev,id04420/zrjOVGz0KH4/00254,00254.mp4,The-United-States-of-America,The-United-States-of-America
voxceleb,dev,id09035/JFkz1mWwF_g/00181,00181.mp4,The-United-Kingdom-1,Germany
voxceleb,dev,id08351/hbU1vqQWOU8/00279,00279.mp4,The-United-Kingdom-1,France
voxceleb,dev,id07769/HATxZ24A-8M/00039,00039.mp4,India,India
voxceleb,dev,id08650/hOxUnSk9GVU/00306,00306.mp4,The-United-States-of-America,The-United-States-of-America
voxceleb,dev,id05526/9i0ukofqAWw/00004,00004.mp4,Spain,Spain
voxceleb,dev,id02303/35JDlx4rHd0/00016,00016.mp4,The-United-Kingdom-1,Belgium
voxceleb,dev,id00353/0_mqbvFvPmw/00017,00017.mp4,The-United-States-of-America,The-United-States-of-America
voxceleb,dev,id08528/fJ2RTaEJvUA/00168,00168.mp4,The-United-Kingdom-1,The-United-States-of-America
voxceleb,dev,id03522/dPyxludhQLE/00272,00272.mp4,The-United-Kingdom-1,The-United-Kingdom-1
voxceleb,dev,id06937/y3qhMY_VblQ/00385,00385.mp4,Germany,Germany
voxceleb,dev,id01425/wUaOTffcuOU/00210,00210.mp4,The-United-States-of-America,The-United-States-of-America
voxceleb,dev,id07954/SzHcF2M219I/00353,00353.mp4,India,India
voxceleb,dev,id00548/YmEz4e1r9co/00050,00050.mp4,The-United-Kingdom-1,Portugal
voxceleb,dev,id05044/J9Ynnohoh6Y/00062,00062.mp4,The-United-States-of-America,France
voxceleb,dev,id05346/1XHmk9fnOiA/00001,00001.mp4,The-United-States-of-America,The-United-States-of-America
voxceleb,dev,id08708/KoF8Hi7vjVI/00023,00023.mp4,The-United-States-of-America,The-United-States-of-America
voxceleb,dev,id06551/wwlkBtwfxL8/00387,00387.mp4,The-United-Kingdom-1,The-United-States-of-America
voxceleb,dev,id06973/wYZgPWMmzRU/00130,00130.mp4,The-United-Kingdom-1,The-United-Kingdom-1
voxceleb,dev,id05639/iBfiKdjUW3c/00337,00337.mp4,Japan,unknown
voxceleb,dev,id03727/BSWnHKe4FOI/00060,00060.mp4,The-United-Kingdom-1,The-United-States-of-America
voxceleb,dev,id08993/AaDGLQQDeRU/00370,00370.mp4,The-United-States-of-America,The-United-States-of-America
voxceleb,dev,id06929/h3aXt3Yg_yA/00277,00277.mp4,The-United-Kingdom-1,The-United-States-of-America
voxceleb,dev,id01488/spGWrHFKBGY/00094,00094.mp4,The-United-Kingdom-1,The-United-Kingdom-1
voxceleb,dev,id01907/BYtbHjysr4U/00093,00093.mp4,Ghana,The-United-States-of-America
voxceleb,dev,id00073/pdVH8IelisI/00068,00068.mp4,The-Republic-of-Ireland,Kingdom-of-the-Netherlands
voxceleb,dev,id08521/to0x4f73VOA/00334,00334.mp4,The-United-Kingdom-1,The-United-Kingdom-1
voxceleb,dev,id05750/iOKl9LefSvc/00283,00283.mp4,The-United-Kingdom-1,The-United-States-of-America
voxceleb,dev,id06723/XVBnhwFfYTQ/00317,00317.mp4,India,India
voxceleb,dev,id00893/3v2bKual9pE/00010,00010.mp4,The-United-States-of-America,The-United-States-of-America
voxceleb,dev,id01457/Zx0moe7BojI/00253,00253.mp4,The-United-Kingdom-1,Sweden
voxceleb,dev,id07750/BBXFEydT9jE/00079,00079.mp4,India,India
voxceleb,dev,id00823/GrUQYIwCN74/00095,00095.mp4,The-United-Kingdom-1,The-United-States-of-America
voxceleb,dev,id08784/e3cIGG4ebTk/00044,00044.mp4,The-United-Kingdom-1,Italy
voxceleb,dev,id02760/qkbo1vxN40Y/00365,00365.mp4,The-United-States-of-America,The-United-States-of-America
voxceleb,dev,id03760/yTdaSWvlUB8/00303,00303.mp4,The-United-States-of-America,Canada
voxceleb,dev,id05289/hgxhT94G8yg/00424,00424.mp4,The-United-Kingdom-1,France
voxceleb,dev,id07639/D3ktMlnu8Ig/00008,00008.mp4,The-United-Kingdom-1,The-United-States-of-America
voxceleb,dev,id07360/2tNZosO8ULA/00042,00042.mp4,The-United-States-of-America,The-United-States-of-America
voxceleb,dev,id03931/cF_Z2bqYuJg/00298,00298.mp4,The-United-Kingdom-1,France
voxceleb,dev,id09269/YoDJ1idt518/00157,00157.mp4,The-United-Kingdom-1,The-Czech-Republic-1
voxceleb,dev,id07974/COLDlW84o10/00099,00099.mp4,The-United-Kingdom-1,The-United-States-of-America
voxceleb,dev,id05628/6G2jjgPh810/00018,00018.mp4,The-United-Kingdom-1,France
voxceleb,dev,id03846/NoW5OqJDe44/00094,00094.mp4,The-United-Kingdom-1,The-Czech-Republic-1
voxceleb,dev,id00282/k5fAV_8P2pk/00282,00282.mp4,The-United-States-of-America,Sweden
voxceleb,dev,id05668/WkYnW1plJqM/00049,00049.mp4,The-Republic-of-Ireland,Norway
voxceleb,dev,id04316/kgoxPp1cgcw/00076,00076.mp4,India,Mexico
voxceleb,dev,id04869/ZIaWJLJGXCs/00381,00381.mp4,The-United-Kingdom-1,Croatia
voxceleb,dev,id02598/53YN7-m4lDs/00059,00059.mp4,The-United-Kingdom-1,Germany
voxceleb,dev,id04215/5oFpz2eLS_o/00014,00014.mp4,The-United-States-of-America,The-United-States-of-America
voxceleb,dev,id01639/rqy9JTGwxMk/00427,00427.mp4,The-United-Kingdom-1,France
voxceleb,dev,id07988/5HEeyk_LzsY/00009,00009.mp4,The-United-States-of-America,The-United-States-of-America
voxceleb,dev,id01190/HYI95ORz2pw/00113,00113.mp4,The-United-Kingdom-1,The-United-Kingdom-1
voxceleb,dev,id09031/DVFRnhKlfRo/00065,00065.mp4,The-United-States-of-America,Germany
voxceleb,dev,id04027/EXHEi7EsI1A/00139,00139.mp4,The-United-Kingdom-1,The-United-States-of-America
voxceleb,dev,id01722/lrjPciNYMuQ/00109,00109.mp4,The-United-Kingdom-1,Germany
voxceleb,dev,id05851/kRhqsuGy4-4/00406,00406.mp4,The-Republic-of-Ireland,France
voxceleb,dev,id04999/sHSoyyga_hQ/00130,00130.mp4,The-United-Kingdom-1,Denmark
voxceleb,dev,id04204/QGms1Z3gg30/00189,00189.mp4,The-United-Kingdom-1,The-United-States-of-America
voxceleb,dev,id07204/DIsvt26MshQ/00069,00069.mp4,The-United-States-of-America,unknown
voxceleb,dev,id05453/iFz4NODes9c/00296,00296.mp4,The-United-States-of-America,The-United-Kingdom-1
voxceleb,dev,id01556/vbLHELvdOqI/00456,00456.mp4,The-Republic-of-Ireland,Kingdom-of-the-Netherlands
voxceleb,dev,id07642/ToYO1yldPcg/00150,00150.mp4,The-United-States-of-America,The-United-States-of-America
voxceleb,dev,id05733/e9kD51hvTdI/00271,00271.mp4,The-United-States-of-America,Germany
voxceleb,dev,id06724/jvdrFIgX_pA/00291,00291.mp4,India,India
voxceleb,dev,id04838/LxeAN28Kct0/00127,00127.mp4,The-United-Kingdom-1,The-United-States-of-America
voxceleb,dev,id03409/PkQ3taMmLbY/00090,00090.mp4,The-United-Kingdom-1,Germany
voxceleb,dev,id05716/ykcN9laf8JY/00341,00341.mp4,India,The-United-Kingdom-1
voxceleb,dev,id08973/H4xgVfiO0ic/00085,00085.mp4,The-United-Kingdom-1,The-United-States-of-America
voxceleb,dev,id06706/x6zcJe3Fgvc/00148,00148.mp4,The-United-Kingdom-1,Germany
voxceleb,dev,id00311/M7htdeGY9T4/00050,00050.mp4,The-Republic-of-Ireland,Germany
voxceleb,dev,id06843/wHu5Gbwnqus/00376,00376.mp4,The-United-Kingdom-1,The-United-Kingdom-1
voxceleb,dev,id08532/jLNJjpyqOP4/00132,00132.mp4,The-United-States-of-America,The-United-States-of-America
voxceleb,dev,id01099/3bKyqc6uVBQ/00039,00039.mp4,The-United-Kingdom-1,The-United-States-of-America
voxceleb,dev,id05191/PyJq_l0q4K8/00088,00088.mp4,The-United-Kingdom-1,The-United-States-of-America
voxceleb,dev,id06108/OGmMqxyPjNU/00014,00014.mp4,Japan,Taiwan
voxceleb,dev,id01617/q_QPiiF4B3I/00341,00341.mp4,The-United-Kingdom-1,The-United-Kingdom-1
voxceleb,dev,id01766/0JicZ4T2Q-w/00006,00006.mp4,The-United-Kingdom-1,Canada
voxceleb,dev,id01664/ETpbNS7U3gY/00109,00109.mp4,The-United-Kingdom-1,German-Democratic-Republic-DDR
voxceleb,dev,id02067/iW0NWleuc7M/00340,00340.mp4,The-United-Kingdom-1,The-United-Kingdom-1
voxceleb,dev,id04747/N8vWf9E2oxg/00111,00111.mp4,The-United-Kingdom-1,The-United-States-of-America
voxceleb,dev,id01188/LLBNGDYodw4/00024,00024.mp4,The-United-Kingdom-1,The-United-Kingdom-1
voxceleb,dev,id06702/JnXtM_l8278/00147,00147.mp4,The-United-Kingdom-1,Switzerland
voxceleb,dev,id01681/IdqSdYXP4Us/00137,00137.mp4,The-United-States-of-America,Canada
voxceleb,dev,id01101/Uz-M09HZDYk/00164,00164.mp4,The-United-States-of-America,The-United-States-of-America
voxceleb,dev,id06450/gnFDBPj4f3I/00170,00170.mp4,The-Republic-of-Ireland,The-United-Kingdom-1
voxceleb,dev,id00180/e4otnF-zmQI/00144,00144.mp4,The-United-Kingdom-1,Canada
voxceleb,dev,id01990/p8bNj0N9XiY/00041,00041.mp4,The-United-Kingdom-1,unknown
voxceleb,dev,id00257/XoW6X7XnQKU/00188,00188.mp4,The-United-Kingdom-1,The-United-States-of-America
voxceleb,dev,id00650/kHBrmonXX74/00399,00399.mp4,France,France
voxceleb,dev,id06395/9lIYOkwsYBs/00017,00017.mp4,Jordan-215,The-United-Kingdom-1
voxceleb,dev,id03923/bnEoV7EIGxM/00233,00233.mp4,The-United-Kingdom-1,France
voxceleb,dev,id08155/s4VTqZYtp9w/00142,00142.mp4,The-United-Kingdom-1,The-United-States-of-America
voxceleb,dev,id08235/3lldBIsDfw0/00018,00018.mp4,The-United-Kingdom-1,The-United-Kingdom-1
voxceleb,dev,id07741/TUvjaZ_mXlw/00273,00273.mp4,The-United-States-of-America,The-United-States-of-America
voxceleb,dev,id01672/qZBdyH6AHKI/00258,00258.mp4,The-United-Kingdom-1,France
voxceleb,dev,id01975/6CAg1DpYcoY/00034,00034.mp4,The-United-States-of-America,The-United-States-of-America
voxceleb,dev,id06910/mK5MYsaYGaU/00126,00126.mp4,Brazil,Brazil
voxceleb,dev,id05491/6-_101MIKis/00038,00038.mp4,Germany,Germany
voxceleb,dev,id05265/IaHzarRzWY8/00069,00069.mp4,The-Republic-of-Ireland,France
voxceleb,dev,id09032/GUSoFgM3Cjg/00192,00192.mp4,The-United-Kingdom-1,Germany
voxceleb,dev,id06362/F1GY5GO22XE/00148,00148.mp4,India,India
voxceleb,dev,id03334/S2vgomTVZk4/00194,00194.mp4,The-United-Kingdom-1,Sweden
voxceleb,dev,id00513/PgjHgtKDnMo/00176,00176.mp4,The-United-Kingdom-1,Germany
voxceleb,dev,id06138/3YroZbFlx4c/00006,00006.mp4,The-United-Kingdom-1,Montenegro
voxceleb,dev,id03905/DoJKkXnasBc/00007,00007.mp4,The-United-Kingdom-1,France
voxceleb,dev,id07954/QxLLFf7y8tY/00333,00333.mp4,India,India
voxceleb,dev,id06717/oum-_T0LstA/00367,00367.mp4,The-United-Kingdom-1,The-United-States-of-America
voxceleb,dev,id02032/zOCP-nQvPzg/00495,00495.mp4,The-Republic-of-Ireland,The-United-States-of-America
voxceleb,dev,id00225/rGVWWOEZZPA/00168,00168.mp4,The-United-Kingdom-1,Poland
voxceleb,dev,id06971/Rgk42xNR5Y0/00156,00156.mp4,The-United-Kingdom-1,The-United-States-of-America
voxceleb,dev,id06427/0JyutrJ3t2A/00002,00002.mp4,The-Republic-of-Ireland,The-United-States-of-America
voxceleb,dev,id07869/vW5wdYWjsnU/00051,00051.mp4,The-United-Kingdom-1,The-United-States-of-America
voxceleb,dev,id04615/EG-0RdH-_58/00091,00091.mp4,The-United-Kingdom-1,Australia
voxceleb,dev,id07153/2lZ0uX0L61c/00004,00004.mp4,Brazil,Brazil
voxceleb,dev,id07100/iEEMyc6aZms/00306,00306.mp4,The-United-States-of-America,The-United-States-of-America
voxceleb,dev,id03071/DU9GcIpYbXA/00103,00103.mp4,The-United-Kingdom-1,Italy
voxceleb,dev,id00930/4NjplTrDWPk/00007,00007.mp4,Brazil,The-United-States-of-America
voxceleb,dev,id09091/SnWqFm1-pNA/00100,00100.mp4,The-United-Kingdom-1,Cuba
voxceleb,dev,id08377/S1YoVbe60HA/00335,00335.mp4,The-United-States-of-America,Uruguay
voxceleb,dev,id00472/Qkuak1Y4nBg/00104,00104.mp4,The-Republic-of-Ireland,The-United-States-of-America
voxceleb,dev,id01535/fBNybJlmzUQ/00034,00034.mp4,The-United-Kingdom-1,The-United-States-of-America
voxceleb,dev,id04972/maZDQMBxSYA/00314,00314.mp4,The-United-Kingdom-1,The-United-States-of-America
voxceleb,dev,id06480/YQD4AsloKcY/00075,00075.mp4,The-Republic-of-Ireland,The-United-Kingdom-1
voxceleb,dev,id04914/IqgmuWgzklo/00066,00066.mp4,The-United-Kingdom-1,The-United-States-of-America
voxceleb,dev,id06998/cffyclpEo2s/00072,00072.mp4,The-United-Kingdom-1,The-United-Kingdom-1
voxceleb,dev,id06395/kNwFcs8u0ho/00111,00111.mp4,The-United-Kingdom-1,The-United-Kingdom-1
voxceleb,dev,id06471/Pw9d0xizbkw/00152,00152.mp4,The-United-Kingdom-1,Italy
voxceleb,dev,id05963/fsjmCyg0zu0/00070,00070.mp4,The-United-Kingdom-1,Turkey-country
voxceleb,dev,id08684/b928kwripyY/00031,00031.mp4,The-United-Kingdom-1,The-United-States-of-America
voxceleb,dev,id01681/Uc08OJPyGc0/00267,00267.mp4,The-United-States-of-America,Canada
voxceleb,dev,id06336/JeSOf7R2yOk/00089,00089.mp4,Honduras,Canada
voxceleb,dev,id01718/5vpsEHixVAk/00028,00028.mp4,The-United-Kingdom-1,France
voxceleb,dev,id07412/F8cTIVZly9I/00059,00059.mp4,The-United-Kingdom-1,The-United-States-of-America
voxceleb,dev,id08976/rRbr8o1N5kI/00301,00301.mp4,The-United-States-of-America,The-United-States-of-America
voxceleb,dev,id07708/8oYs2gvyJlI/00077,00077.mp4,The-United-Kingdom-1,The-United-Kingdom-1
voxceleb,dev,id06838/q-I58Ng6ZiQ/00048,00048.mp4,The-United-States-of-America,unknown
voxceleb,dev,id03188/wIJnw_8Y4Ws/00091,00091.mp4,The-United-Kingdom-1,The-United-Kingdom-1
voxceleb,dev,id09100/LJXsTRUPQ0c/00032,00032.mp4,Israel,Israel
voxceleb,dev,id03916/GkdZpAfnvMo/00035,00035.mp4,The-United-Kingdom-1,France
voxceleb,dev,id05154/HWti4cs18lc/00070,00070.mp4,India,France
voxceleb,dev,id04111/9avJcypph20/00007,00007.mp4,The-Republic-of-Ireland,Taiwan
voxceleb,dev,id05986/TJgRHmi4iBE/00082,00082.mp4,The-United-States-of-America,The-United-States-of-America
voxceleb,dev,id06156/Vf2QJ2scA2o/00137,00137.mp4,The-Republic-of-Ireland,The-United-Kingdom-1
voxceleb,dev,id06358/L3BaUayL7_o/00013,00013.mp4,The-United-Kingdom-1,The-United-Kingdom-1
voxceleb,dev,id00664/Vei3N8CnTPs/00197,00197.mp4,The-Republic-of-Ireland,Kingdom-of-the-Netherlands
voxceleb,dev,id07949/g66Oiye3-OA/00057,00057.mp4,India,India
voxceleb,dev,id04432/6Ma1D7B6meI/00021,00021.mp4,Israel,The-United-Kingdom-1
voxceleb,dev,id04413/VZ3J5dGqp9s/00040,00040.mp4,The-United-States-of-America,Germany
voxceleb,dev,id07845/pxl6jSuYr1o/00086,00086.mp4,The-United-States-of-America,The-United-States-of-America
voxceleb,dev,id02609/p4msSFPWcmA/00209,00209.mp4,Norway,Norway
voxceleb,dev,id03816/6E0A_fHZGlY/00005,00005.mp4,The-United-Kingdom-1,New-Zealand
voxceleb,dev,id07578/ypN7pHyudIc/00462,00462.mp4,The-United-Kingdom-1,The-United-States-of-America
voxceleb,dev,id03202/zB1QlffLnss/00268,00268.mp4,The-United-Kingdom-1,The-United-States-of-America
voxceleb,dev,id06381/iZUiMrL0mxU/00161,00161.mp4,The-United-Kingdom-1,The-United-States-of-America
voxceleb,dev,id04509/wB94Z4Ke3e4/00444,00444.mp4,The-United-Kingdom-1,Germany
voxceleb,dev,id08611/w6riqnYP0rI/00207,00207.mp4,The-United-Kingdom-1,The-United-Kingdom-1
voxceleb,dev,id01448/9-nncgT1a0s/00111,00111.mp4,The-United-Kingdom-1,The-United-States-of-America
voxceleb,dev,id01749/XR2wDvJ89LI/00160,00160.mp4,The-United-States-of-America,The-United-States-of-America
voxceleb,dev,id00943/IL0VO51dT70/00296,00296.mp4,The-United-States-of-America,The-United-States-of-America
voxceleb,dev,id00177/T__dNBP--y0/00154,00154.mp4,The-United-Kingdom-1,France
voxceleb,dev,id03755/XDg1cyauPfQ/00312,00312.mp4,The-United-States-of-America,The-United-States-of-America
voxceleb,dev,id08751/twR61LJ8Sq0/00288,00288.mp4,The-United-Kingdom-1,Germany
voxceleb,dev,id07341/iDDqJL4-BhI/00320,00320.mp4,The-United-Kingdom-1,The-United-Kingdom-1
voxceleb,dev,id06973/_Eb4j8IAe20/00083,00083.mp4,The-United-Kingdom-1,The-United-Kingdom-1
voxceleb,dev,id01304/qn0pmkQd2tI/00067,00067.mp4,Brazil,Australia
voxceleb,dev,id01905/YFY6W4rgtmg/00211,00211.mp4,The-United-Kingdom-1,The-United-States-of-America
voxceleb,dev,id01429/7AM9HMHnC4U/00016,00016.mp4,The-United-Kingdom-1,The-United-Kingdom-1
voxceleb,dev,id02343/_C4TBrpNf-k/00153,00153.mp4,The-United-States-of-America,The-United-States-of-America
voxceleb,dev,id07496/KDcgaczRgXE/00019,00019.mp4,Brazil,Brazil
voxceleb,dev,id08638/DcaMv_3RMmU/00027,00027.mp4,The-United-Kingdom-1,The-United-States-of-America
voxceleb,dev,id06988/UZXBqV3VsBs/00391,00391.mp4,China,Germany
voxceleb,dev,id05666/IterD7E_m7w/00156,00156.mp4,The-United-Kingdom-1,France
voxceleb,dev,id07987/RHXj7ilsVck/00030,00030.mp4,Australia,New-Zealand
voxceleb,dev,id00816/QjO7QBtq7xk/00291,00291.mp4,Israel,Afghanistan
voxceleb,dev,id08549/EjhQkXwtEAw/00090,00090.mp4,The-United-States-of-America,The-United-States-of-America
voxceleb,dev,id04174/07YjE3KksBo/00005,00005.mp4,The-United-Kingdom-1,The-United-States-of-America
voxceleb,dev,id04494/cbmJAggak4c/00209,00209.mp4,The-Republic-of-Ireland,Finland
voxceleb,dev,id02043/_Ccj3vmww5E/00047,00047.mp4,The-United-Kingdom-1,The-United-States-of-America
voxceleb,dev,id05994/6px5PzQptME/00059,00059.mp4,The-United-States-of-America,The-United-States-of-America
voxceleb,dev,id03782/g80aSmCz9Ag/00059,00059.mp4,The-United-Kingdom-1,unknown
voxceleb,dev,id05772/UcrQMSjBxgk/00221,00221.mp4,The-United-Kingdom-1,France
voxceleb,dev,id00168/wZgwDCoC6Eg/00471,00471.mp4,The-United-States-of-America,The-United-States-of-America
voxceleb,dev,id09009/0oVcXqB7pnE/00004,00004.mp4,The-United-Kingdom-1,The-United-States-of-America
voxceleb,dev,id07241/UOOmG6sQJOg/00121,00121.mp4,The-United-States-of-America,The-United-States-of-America
voxceleb,dev,id03133/PlgfxPraFV0/00075,00075.mp4,The-United-Kingdom-1,Germany
voxceleb,dev,id02585/aXWnr7YPro4/00210,00210.mp4,The-Republic-of-Ireland,Canada
voxceleb,dev,id05996/X9X2dOYlxDc/00059,00059.mp4,The-United-Kingdom-1,The-United-States-of-America
voxceleb,dev,id05723/PAh6aJFUJ8w/00192,00192.mp4,The-United-States-of-America,The-United-States-of-America
voxceleb,dev,id06837/VvNJ5LLHIrQ/00078,00078.mp4,The-United-Kingdom-1,The-United-Kingdom-1
voxceleb,dev,id03188/k9k_DEruAHY/00078,00078.mp4,Australia,The-United-Kingdom-1
voxceleb,dev,id07587/HZmO2cxU8zs/00072,00072.mp4,The-United-Kingdom-1,The-United-States-of-America
voxceleb,dev,id02270/7-7WlIZwePc/00053,00053.mp4,The-United-States-of-America,The-United-States-of-America
voxceleb,dev,id09245/y2_Fgg105pE/00119,00119.mp4,The-Republic-of-Ireland,Uruguay
voxceleb,dev,id06235/XOkx6TKtgtQ/00179,00179.mp4,The-United-States-of-America,The-United-States-of-America
voxceleb,dev,id04821/WRgRJOQrj28/00185,00185.mp4,The-United-Kingdom-1,The-United-Kingdom-1
voxceleb,dev,id02463/vw8JqDQCvnI/00450,00450.mp4,The-United-States-of-America,The-United-States-of-America
voxceleb,dev,id06121/X1i5iKEz7B4/00352,00352.mp4,The-United-States-of-America,The-United-States-of-America
voxceleb,dev,id06010/leQj6eboDbc/00426,00426.mp4,The-United-Kingdom-1,Germany
voxceleb,dev,id05743/BqIP03i1nRo/00007,00007.mp4,India,The-United-States-of-America
voxceleb,dev,id07037/_CkViO6sHh4/00046,00046.mp4,The-United-Kingdom-1,Switzerland
voxceleb,dev,id02414/FTqDvKDpRV0/00046,00046.mp4,The-United-Kingdom-1,Senegal
voxceleb,dev,id02253/VkxYewh24y4/00168,00168.mp4,The-United-Kingdom-1,The-United-Kingdom-1
voxceleb,dev,id02008/PaX67d0jcas/00194,00194.mp4,The-United-Kingdom-1,The-United-States-of-America
voxceleb,dev,id02806/K3-Fccct_4Y/00095,00095.mp4,The-United-Kingdom-1,unknown
voxceleb,dev,id03243/SywRw-Gallc/00175,00175.mp4,India,India
voxceleb,dev,id04814/m-76Rzv2BDs/00446,00446.mp4,The-United-Kingdom-1,The-United-Kingdom-1
voxceleb,dev,id08331/L1J0cOMLbTs/00078,00078.mp4,The-United-Kingdom-1,Norway
voxceleb,dev,id08711/L9GdhbLGcX8/00030,00030.mp4,The-United-Kingdom-1,The-United-Kingdom-1
voxceleb,dev,id08608/uzh8vxMs61I/00256,00256.mp4,The-United-Kingdom-1,The-United-Kingdom-1
voxceleb,dev,id03458/iUFzOAcZelo/00158,00158.mp4,The-United-Kingdom-1,Belgium
voxceleb,dev,id06607/jfOpyEAR14I/00210,00210.mp4,The-United-Kingdom-1,The-Philippines-1
voxceleb,dev,id02299/f69c_wLwXWQ/00349,00349.mp4,The-United-Kingdom-1,The-United-States-of-America
voxceleb,dev,id04696/szea2IWtXa8/00190,00190.mp4,The-United-Kingdom-1,The-United-States-of-America
voxceleb,dev,id02457/TxLbxArjkmc/00215,00215.mp4,The-United-States-of-America,unknown
voxceleb,dev,id02871/5EWThDbWK7Y/00022,00022.mp4,The-United-Kingdom-1,The-United-States-of-America
voxceleb,dev,id03996/2v-to8cQvUI/00026,00026.mp4,The-United-Kingdom-1,The-United-Kingdom-1
voxceleb,dev,id00399/Mu9mDL9XdiU/00015,00015.mp4,The-United-Kingdom-1,The-United-States-of-America
voxceleb,dev,id08901/JcCJMlIdv88/00070,00070.mp4,The-United-Kingdom-1,The-United-Kingdom-1
voxceleb,dev,id01780/V3_ohtoK1GI/00068,00068.mp4,The-United-Kingdom-1,The-United-Kingdom-1
voxceleb,dev,id05538/s6lhgvzuOAk/00159,00159.mp4,The-United-States-of-America,Mexico
voxceleb,dev,id05494/ru4Vqd0ewEo/00467,00467.mp4,The-United-Kingdom-1,Spain
voxceleb,dev,id06029/nk5PFG96Zww/00030,00030.mp4,The-United-States-of-America,The-United-States-of-America
voxceleb,dev,id01875/9XclF_q2-R8/00055,00055.mp4,The-United-States-of-America,The-United-States-of-America
voxceleb,dev,id06607/nysimSjDFmk/00261,00261.mp4,The-United-Kingdom-1,The-Philippines-1
voxceleb,dev,id00965/AjpMJCm9Qu4/00023,00023.mp4,The-Republic-of-Ireland,France
voxceleb,dev,id08774/bRVXt1qQeCM/00145,00145.mp4,Israel,Bosnia-and-Herzegovina
voxceleb,dev,id07241/Wg98ouHeTLE/00195,00195.mp4,The-United-Kingdom-1,The-United-States-of-America
voxceleb,dev,id00383/4zbvrE1zt70/00016,00016.mp4,The-United-Kingdom-1,The-United-States-of-America
voxceleb,dev,id03727/BSWnHKe4FOI/00070,00070.mp4,The-United-States-of-America,The-United-States-of-America
voxceleb,dev,id06226/5vWNhCi_F4c/00056,00056.mp4,The-United-Kingdom-1,Lebanon
voxceleb,dev,id04125/O1Buw4igPro/00162,00162.mp4,The-United-Kingdom-1,German-Democratic-Republic-DDR
voxceleb,dev,id03652/M-iPpjEObwQ/00200,00200.mp4,The-Republic-of-Ireland,Serbia
voxceleb,dev,id00494/jaKJ0sfZFdQ/00214,00214.mp4,The-United-Kingdom-1,Germany
voxceleb,dev,id01121/VnbDNJFbB9Y/00227,00227.mp4,The-United-Kingdom-1,The-United-States-of-America
voxceleb,dev,id01658/oBQyCuIdalM/00387,00387.mp4,The-United-Kingdom-1,France
voxceleb,dev,id01045/Oo0RcHzKCGc/00128,00128.mp4,The-United-States-of-America,The-United-States-of-America
voxceleb,dev,id03754/lgwBUjdvAVY/00329,00329.mp4,The-United-Kingdom-1,The-United-Kingdom-1
voxceleb,dev,id08241/isOOKoZK4i8/00317,00317.mp4,The-United-Kingdom-1,The-United-Kingdom-1
voxceleb,dev,id01963/gH6qjI4OPbc/00094,00094.mp4,The-United-States-of-America,The-United-States-of-America
voxceleb,dev,id08977/F_bEbmOQPmk/00115,00115.mp4,The-United-States-of-America,Italy
voxceleb,dev,id03242/vWXxLsOxCpU/00493,00493.mp4,Jordan-215,India
voxceleb,dev,id01457/xIMFLH7Jnxo/00409,00409.mp4,The-United-Kingdom-1,Sweden
voxceleb,dev,id03461/U4p3wGaj7TY/00062,00062.mp4,The-United-Kingdom-1,The-United-States-of-America
voxceleb,dev,id04518/tSECc81332w/00426,00426.mp4,The-Republic-of-Ireland,The-United-Kingdom-1
voxceleb,dev,id04927/rlPCWq6G7Lg/00296,00296.mp4,India,India
voxceleb,dev,id03658/5fAK1mZDayc/00031,00031.mp4,The-United-Kingdom-1,The-United-States-of-America
voxceleb,dev,id05737/0IWM2-tut9E/00033,00033.mp4,The-United-States-of-America,unknown
voxceleb,dev,id05768/y7laFwqGIvE/00170,00170.mp4,The-Republic-of-Ireland,The-Republic-of-Ireland
voxceleb,dev,id01527/hpjmxbMX5Ys/00149,00149.mp4,The-Republic-of-Ireland,The-United-States-of-America
voxceleb,dev,id06927/P-4jU9u8V2w/00022,00022.mp4,The-Republic-of-Ireland,Denmark
voxceleb,dev,id03748/qXO3LTupx7A/00378,00378.mp4,The-Republic-of-Ireland,The-United-Kingdom-1
voxceleb,dev,id06450/_y9X-T_qKBo/00130,00130.mp4,The-United-Kingdom-1,The-United-Kingdom-1
voxceleb,dev,id03215/xTmrmFH8M1w/00398,00398.mp4,The-United-Kingdom-1,The-United-States-of-America
voxceleb,dev,id02150/_d2hfWKnGGk/00328,00328.mp4,The-United-Kingdom-1,The-United-Kingdom-1
voxceleb,dev,id04974/wOs6tCXu30E/00485,00485.mp4,India,India
voxceleb,dev,id02599/BJYVwKgE8zg/00043,00043.mp4,The-United-Kingdom-1,The-United-States-of-America
voxceleb,dev,id08283/iUvHt2tvbjY/00214,00214.mp4,The-United-Kingdom-1,The-United-Kingdom-1
voxceleb,dev,id03281/jdhR0nskIMo/00112,00112.mp4,The-United-States-of-America,Germany
voxceleb,dev,id01557/eAU9O7kVs40/00064,00064.mp4,The-United-Kingdom-1,The-United-States-of-America
voxceleb,dev,id06823/7E7ooyGREN4/00009,00009.mp4,The-Republic-of-Ireland,The-United-States-of-America
voxceleb,dev,id05552/6SQxqFitTDU/00009,00009.mp4,The-United-Kingdom-1,The-United-Kingdom-1
voxceleb,dev,id02986/_SUZwfVtTb8/00091,00091.mp4,The-Republic-of-Ireland,Peru
voxceleb,dev,id02303/NngpcAN_L-c/00033,00033.mp4,The-United-Kingdom-1,Belgium
voxceleb,dev,id00506/oOjLBbsm_Os/00070,00070.mp4,The-United-Kingdom-1,Germany
voxceleb,dev,id06966/DgZgVlXwCCE/00037,00037.mp4,The-United-Kingdom-1,The-United-States-of-America
voxceleb,dev,id07721/Wc6G5TacIXI/00008,00008.mp4,The-United-Kingdom-1,The-United-States-of-America
voxceleb,dev,id05916/opK1ZJaK9jQ/00412,00412.mp4,The-United-Kingdom-1,unknown
voxceleb,dev,id07185/XA9ppSqwCYU/00107,00107.mp4,India,India
voxceleb,dev,id08066/dE9jHIAdYuc/00283,00283.mp4,The-United-States-of-America,The-United-States-of-America
voxceleb,dev,id03409/108RVPKld3o/00001,00001.mp4,Germany,Germany
voxceleb,dev,id02266/TgHeXCeP84w/00055,00055.mp4,The-United-States-of-America,The-United-States-of-America
voxceleb,dev,id04715/jMJfChXoV04/00297,00297.mp4,The-United-Kingdom-1,The-United-Kingdom-1
voxceleb,dev,id07230/AIieb-GQeRc/00032,00032.mp4,The-United-Kingdom-1,The-United-States-of-America
voxceleb,dev,id04559/pC2qNI1DKVQ/00404,00404.mp4,Israel,The-United-Kingdom-1
voxceleb,dev,id04648/J6BdQDp7YG4/00041,00041.mp4,The-United-States-of-America,The-United-States-of-America
voxceleb,dev,id00947/fIbCPaocSHc/00093,00093.mp4,The-United-Kingdom-1,Australia
voxceleb,dev,id06156/6opLst9kF6g/00024,00024.mp4,The-United-States-of-America,The-United-Kingdom-1
voxceleb,dev,id02590/zUVPUEeI-xY/00071,00071.mp4,The-Philippines-1,Brazil
voxceleb,dev,id01522/b3m68KDCW14/00085,00085.mp4,The-United-States-of-America,France
voxceleb,dev,id09225/_oYQFNfWpNI/00268,00268.mp4,Colombia,Colombia
voxceleb,dev,id01387/rqc8SFOvGNo/00458,00458.mp4,The-United-Kingdom-1,The-United-States-of-America
voxceleb,dev,id06792/CZvBuNts9hM/00134,00134.mp4,The-United-States-of-America,The-United-States-of-America
voxceleb,dev,id03658/iIIyeahOKfw/00282,00282.mp4,The-United-Kingdom-1,The-United-States-of-America
voxceleb,dev,id07080/ZP2_BgP8qxs/00288,00288.mp4,India,India
voxceleb,dev,id05435/GtC7L-gAfnU/00081,00081.mp4,India,unknown
voxceleb,dev,id03599/y27BDmRUqMQ/00072,00072.mp4,India,India
voxceleb,dev,id05696/UuQ2dLJSX9U/00336,00336.mp4,The-Republic-of-Ireland,The-United-Kingdom-1
voxceleb,dev,id07409/3cAfRZTUw9k/00013,00013.mp4,The-United-States-of-America,The-United-States-of-America
voxceleb,dev,id06997/NmpB2kr-rQs/00014,00014.mp4,The-United-Kingdom-1,Switzerland
voxceleb,dev,id07982/950S7crXNBM/00071,00071.mp4,The-United-Kingdom-1,The-United-States-of-America
voxceleb,dev,id08628/pq5bSBCZKB0/00099,00099.mp4,The-United-Kingdom-1,The-United-States-of-America
voxceleb,dev,id02039/_-AegF875qE/00295,00295.mp4,The-United-States-of-America,The-United-States-of-America
voxceleb,dev,id00258/LM_yA0oZ8-4/00105,00105.mp4,The-United-Kingdom-1,The-United-States-of-America
voxceleb,dev,id03528/b2UKdpVq4Qk/00179,00179.mp4,The-United-States-of-America,The-United-States-of-America
voxceleb,dev,id07834/lBNt-n9N2vk/00312,00312.mp4,The-United-Kingdom-1,The-United-Kingdom-1
voxceleb,dev,id05692/0Pk42SLzmEg/00008,00008.mp4,Jordan-215,Germany
voxceleb,dev,id01433/tjOHSR7j6F8/00195,00195.mp4,The-United-Kingdom-1,unknown
voxceleb,dev,id00409/Ur1w4wUEhDM/00023,00023.mp4,China,Indonesia
voxceleb,dev,id01667/BSHZZN01shw/00082,00082.mp4,The-Republic-of-Ireland,Austria
voxceleb,dev,id00073/LlVYaIuzpSE/00021,00021.mp4,The-Republic-of-Ireland,Kingdom-of-the-Netherlands
voxceleb,dev,id04877/Tc_FEIWoPdc/00042,00042.mp4,The-United-Kingdom-1,Greece
voxceleb,dev,id08797/KK3dk0M76Qw/00064,00064.mp4,The-United-Kingdom-1,The-United-States-of-America
voxceleb,dev,id08462/DkZA3bdVt8A/00115,00115.mp4,The-United-States-of-America,The-United-States-of-America
voxceleb,dev,id04985/hJpq0vKR2qs/00179,00179.mp4,The-United-Kingdom-1,The-United-States-of-America
voxceleb,dev,id06332/2TjKo0Yec68/00004,00004.mp4,Indonesia,Indonesia
voxceleb,dev,id05339/lb575yTHn-Q/00042,00042.mp4,The-United-Kingdom-1,Argentina
voxceleb,dev,id01827/Ykge9QerFwc/00188,00188.mp4,The-Republic-of-Ireland,Italy
voxceleb,dev,id05091/k1jLzkKoIbA/00225,00225.mp4,The-United-States-of-America,The-United-States-of-America
voxceleb,dev,id02724/twL3X1-N3DQ/00427,00427.mp4,The-Republic-of-Ireland,Kingdom-of-the-Netherlands
voxceleb,dev,id08065/az4AoKhydpg/00216,00216.mp4,Germany,Germany
voxceleb,dev,id03727/x8WeawriS1Y/00483,00483.mp4,The-Republic-of-Ireland,The-United-States-of-America
voxceleb,dev,id08172/NBqH7ngvAQE/00069,00069.mp4,The-United-Kingdom-1,France
voxceleb,dev,id01459/eqtEQp7_9IU/00076,00076.mp4,The-United-Kingdom-1,The-United-States-of-America
voxceleb,dev,id07974/JkoSb0mIHXc/00156,00156.mp4,The-United-Kingdom-1,The-United-States-of-America
voxceleb,dev,id01566/CnlQ-a3UKYw/00056,00056.mp4,The-United-States-of-America,The-United-States-of-America
voxceleb,dev,id00687/iHFTKGQytwk/00292,00292.mp4,India,India
voxceleb,dev,id03413/2t7mJsXz-T4/00004,00004.mp4,The-United-States-of-America,Germany
voxceleb,dev,id02060/VvgrFVp9y6M/00048,00048.mp4,Samoa,Samoa
voxceleb,dev,id03989/XGtC6jRdgf0/00237,00237.mp4,The-United-Kingdom-1,The-United-States-of-America
voxceleb,dev,id07108/wpouJG1exms/00425,00425.mp4,India,India
voxceleb,dev,id00796/9fNSZL24iP4/00068,00068.mp4,India,India
voxceleb,dev,id00908/D0bsvqHkbKA/00101,00101.mp4,The-United-States-of-America,Canada
voxceleb,dev,id02485/ViC4DqrnaNE/00032,00032.mp4,The-United-Kingdom-1,The-United-Kingdom-1
voxceleb,dev,id03453/9Ws0efhueGg/00020,00020.mp4,The-United-Kingdom-1,The-United-Kingdom-1
voxceleb,dev,id07060/gGKJNgjk40A/00362,00362.mp4,India,India
voxceleb,dev,id06815/z1rTo9jedl8/00080,00080.mp4,The-United-Kingdom-1,Germany
voxceleb,dev,id08739/y3EAr3E9R4k/00500,00500.mp4,India,India
voxceleb,dev,id04613/BQ-JbWXI53I/00072,00072.mp4,The-United-Kingdom-1,The-United-Kingdom-1
voxceleb,dev,id03267/0LQiYKVTmYY/00026,00026.mp4,The-United-Kingdom-1,Belgium
voxceleb,dev,id01353/bfNRsE3vYYE/00216,00216.mp4,The-United-States-of-America,The-United-States-of-America
voxceleb,dev,id01457/dYlcJOd8lcc/00281,00281.mp4,The-United-Kingdom-1,Sweden
voxceleb,dev,id03928/RXhIb9kZnLE/00130,00130.mp4,The-United-Kingdom-1,France
voxceleb,dev,id01236/7WdumGR5-JM/00005,00005.mp4,The-United-Kingdom-1,The-United-States-of-America
voxceleb,dev,id01054/GaNxdQs1eLc/00112,00112.mp4,The-United-Kingdom-1,The-United-States-of-America
voxceleb,dev,id08760/ulO6SN5BF1A/00210,00210.mp4,The-United-Kingdom-1,Israel
voxceleb,dev,id03761/YnIHJ7hulwI/00280,00280.mp4,The-United-Kingdom-1,unknown
voxceleb,dev,id08658/m90qJQ50cqY/00379,00379.mp4,The-United-Kingdom-1,The-United-Kingdom-1
voxceleb,dev,id01489/YYEcyPWFO2o/00222,00222.mp4,The-Republic-of-Ireland,The-United-States-of-America
voxceleb,dev,id00050/OrFLVbpxKo8/00034,00034.mp4,Israel,The-United-States-of-America
voxceleb,dev,id03896/YzL5Glij5vQ/00170,00170.mp4,India,India
voxceleb,dev,id00022/twCPGo2rtCo/00305,00305.mp4,India,India
voxceleb,dev,id05538/Thg55gSVGIo/00084,00084.mp4,The-United-States-of-America,Mexico
voxceleb,dev,id07064/ZsZKeFcRgc8/00140,00140.mp4,India,India
voxceleb,dev,id08280/eR-DWjkzHsc/00302,00302.mp4,The-United-States-of-America,The-United-States-of-America
voxceleb,dev,id07227/sEyddYF4tUU/00207,00207.mp4,The-United-States-of-America,The-United-States-of-America
voxceleb,dev,id04863/IUrCjG3UdkU/00057,00057.mp4,India,unknown
voxceleb,dev,id03658/hPBE9uJiEAk/00280,00280.mp4,The-United-Kingdom-1,The-United-States-of-America
voxceleb,dev,id05585/bNTaU2WfDdM/00286,00286.mp4,The-Republic-of-Ireland,Sweden
voxceleb,dev,id07992/QTAASPaR5jQ/00082,00082.mp4,The-United-Kingdom-1,The-United-States-of-America
voxceleb,dev,id01050/FHIyRJ_LYuk/00058,00058.mp4,The-United-States-of-America,The-United-States-of-America
voxceleb,dev,id05986/qPsvgBZxGVc/00352,00352.mp4,The-United-States-of-America,The-United-States-of-America
voxceleb,dev,id00225/76zmAJxU0IU/00049,00049.mp4,Germany,Poland
voxceleb,dev,id05221/TNlxDWxe6wQ/00026,00026.mp4,The-United-States-of-America,Australia
voxceleb,dev,id04105/7JBan_1ufS4/00009,00009.mp4,Jamaica,Kingdom-of-the-Netherlands
voxceleb,dev,id08993/2l7DYrXH-UE/00050,00050.mp4,The-United-Kingdom-1,The-United-States-of-America
voxceleb,dev,id03205/mSYjdpFiabY/00183,00183.mp4,The-United-Kingdom-1,The-United-Kingdom-1
voxceleb,dev,id03323/STKOpHefNcM/00047,00047.mp4,The-Republic-of-Ireland,Germany
voxceleb,dev,id04854/4HgTcD-BmRg/00092,00092.mp4,The-United-States-of-America,Germany
voxceleb,dev,id07489/qjNRAc4kmkw/00398,00398.mp4,The-United-States-of-America,Brazil
voxceleb,dev,id04024/Bxm7QzU2VMA/00076,00076.mp4,The-Republic-of-Ireland,Poland
voxceleb,dev,id08680/5QGvmIaDZLQ/00001,00001.mp4,The-United-States-of-America,The-United-Kingdom-1
voxceleb,dev,id03090/nMVsDgCDCQ4/00137,00137.mp4,The-United-States-of-America,The-United-States-of-America
voxceleb,dev,id01036/zZwJlQhsNWo/00122,00122.mp4,The-United-States-of-America,The-United-States-of-America
voxceleb,dev,id01904/89CH7_QqWyY/00092,00092.mp4,The-United-States-of-America,The-United-States-of-America
voxceleb,dev,id00352/oWfOcAmn3UM/00293,00293.mp4,The-United-Kingdom-1,The-Republic-of-Ireland
voxceleb,dev,id03028/aPRavzQSrso/00260,00260.mp4,China,The-United-States-of-America
voxceleb,dev,id07223/U8P1B8VJ0Xk/00070,00070.mp4,The-United-Kingdom-1,France
voxceleb,dev,id02296/P0jAT8gcOKo/00076,00076.mp4,Canada,Canada
voxceleb,dev,id08231/fVzO5XAcNBs/00187,00187.mp4,The-United-Kingdom-1,The-United-States-of-America
voxceleb,dev,id01185/A_Z-RWHcfOo/00023,00023.mp4,The-United-Kingdom-1,Norway
voxceleb,dev,id02239/TFWFb5rc-es/00225,00225.mp4,India,India
voxceleb,dev,id08472/IP31XQRGa64/00038,00038.mp4,The-United-Kingdom-1,The-United-States-of-America
voxceleb,dev,id09185/AvMgRNndnoA/00070,00070.mp4,The-Republic-of-Ireland,Sweden
voxceleb,dev,id01778/hLV9ACTqWuM/00105,00105.mp4,The-United-States-of-America,The-United-States-of-America
voxceleb,dev,id02634/55N9kskOw1Q/00016,00016.mp4,The-United-Kingdom-1,Germany
voxceleb,dev,id02948/AXjiOxG98OI/00079,00079.mp4,Jamaica,The-United-States-of-America
voxceleb,dev,id07445/cKsB2dym7Ms/00036,00036.mp4,The-United-States-of-America,Brazil
voxceleb,dev,id06474/fgfdgLfS1uI/00347,00347.mp4,The-United-Kingdom-1,The-United-Kingdom-1
voxceleb,dev,id08629/X1XUnKvnjdg/00142,00142.mp4,The-United-Kingdom-1,The-United-States-of-America
voxceleb,dev,id04523/Sgjpemv5LFU/00138,00138.mp4,Jamaica,The-United-States-of-America
voxceleb,dev,id05034/1B5nbyWtpgI/00005,00005.mp4,The-United-Kingdom-1,France
voxceleb,dev,id03777/KQgbYX03_kM/00102,00102.mp4,The-United-Kingdom-1,The-United-Kingdom-1
voxceleb,dev,id02565/yxycmZYE5bc/00148,00148.mp4,The-United-Kingdom-1,The-United-Kingdom-1
voxceleb,dev,id01040/AlK2fcsfBts/00095,00095.mp4,The-United-States-of-America,The-United-States-of-America
voxceleb,dev,id07721/e0tac_2_Crg/00018,00018.mp4,The-Republic-of-Ireland,The-United-States-of-America
voxceleb,dev,id01206/OpdVHqtnUtk/00115,00115.mp4,The-United-Kingdom-1,The-United-Kingdom-1
voxceleb,dev,id00585/A8F6lJN0fGQ/00046,00046.mp4,The-United-Kingdom-1,The-United-States-of-America
voxceleb,dev,id08458/7Bin8uX84NM/00020,00020.mp4,The-Republic-of-Ireland,Spain
voxceleb,dev,id04097/t1fJOjGzNmQ/00442,00442.mp4,The-United-States-of-America,The-United-States-of-America
voxceleb,dev,id03913/8j-nt8dSgIA/00071,00071.mp4,The-United-Kingdom-1,France
voxceleb,dev,id06907/mz8GFQQu3JA/00100,00100.mp4,India,Germany
voxceleb,dev,id00504/hN6uLCUXk8c/00034,00034.mp4,Israel,Germany
voxceleb,dev,id04562/nhAtoc6FgbE/00201,00201.mp4,India,India
voxceleb,dev,id03488/PLbRKw_AtNM/00051,00051.mp4,The-United-Kingdom-1,The-United-Kingdom-1
voxceleb,dev,id08601/qCi4De_Qagg/00246,00246.mp4,The-United-Kingdom-1,The-United-Kingdom-1
voxceleb,dev,id06857/M95Yz1DwAOI/00196,00196.mp4,The-United-Kingdom-1,The-United-States-of-America
voxceleb,dev,id00276/SEVWY6MPuok/00069,00069.mp4,The-Republic-of-Ireland,Germany
voxceleb,dev,id02389/EQC6EQGiLRA/00043,00043.mp4,The-United-Kingdom-1,The-United-States-of-America
voxceleb,dev,id03721/H3hidGChLSU/00164,00164.mp4,The-Republic-of-Ireland,Spain
voxceleb,dev,id07179/wGS8XycBvfc/00441,00441.mp4,India,India
voxceleb,dev,id08377/Bhuv3CTZvx8/00096,00096.mp4,Uruguay,Uruguay
voxceleb,dev,id01750/3J54SEhDv-Q/00037,00037.mp4,The-United-Kingdom-1,The-United-States-of-America
voxceleb,dev,id02367/VDvQG-LMDHc/00011,00011.mp4,The-United-Kingdom-1,Lithuania
voxceleb,dev,id07844/hhYVs0rCrls/00302,00302.mp4,The-United-Kingdom-1,The-United-Kingdom-1
voxceleb,dev,id01598/srS4IUF5iwQ/00056,00056.mp4,The-United-States-of-America,The-United-States-of-America
voxceleb,dev,id06944/DrIH34Ck9BU/00084,00084.mp4,The-United-Kingdom-1,The-United-Kingdom-1
voxceleb,dev,id04250/XLLM-OD2OO0/00060,00060.mp4,The-United-Kingdom-1,The-United-Kingdom-1
voxceleb,dev,id07611/Fmbhfzs3RIE/00067,00067.mp4,The-Philippines-1,The-Philippines-1
voxceleb,dev,id05319/M7bSKQIpgSk/00055,00055.mp4,The-United-Kingdom-1,unknown
voxceleb,dev,id08169/Wuo6QUsdYdc/00014,00014.mp4,The-United-States-of-America,Germany
voxceleb,dev,id06268/0kajUoPf76M/00004,00004.mp4,India,India
voxceleb,dev,id04504/bFz6OmPEHAA/00087,00087.mp4,The-Republic-of-Ireland,France
voxceleb,dev,id06596/Y8j6vWdPnNo/00045,00045.mp4,The-United-Kingdom-1,Canada
voxceleb,dev,id02055/O7iOiHeBgz0/00110,00110.mp4,The-Republic-of-Ireland,The-Czech-Republic-1
voxceleb,dev,id04155/AWDtzdAYTOA/00034,00034.mp4,The-United-Kingdom-1,The-United-Kingdom-1
voxceleb,dev,id07431/CHZct-iVPXQ/00080,00080.mp4,The-United-Kingdom-1,The-United-Kingdom-1
voxceleb,dev,id01178/4zzvPFaehqM/00011,00011.mp4,The-United-Kingdom-1,The-United-States-of-America
voxceleb,dev,id02271/syO11wutFh4/00191,00191.mp4,The-United-Kingdom-1,The-United-States-of-America
voxceleb,dev,id03455/kY7GVOVLoe4/00110,00110.mp4,The-United-Kingdom-1,The-United-States-of-America
voxceleb,dev,id05983/WH2NeWKiirw/00218,00218.mp4,The-United-States-of-America,The-United-States-of-America
voxceleb,dev,id05576/DaN03CRUO2Q/00126,00126.mp4,China,The-United-States-of-America
voxceleb,dev,id00857/62YyCk53fv0/00013,00013.mp4,India,India
voxceleb,dev,id09044/7AGUW5JhhJ0/00030,00030.mp4,The-United-Kingdom-1,The-United-States-of-America
voxceleb,dev,id06905/GyVzMM01VCs/00150,00150.mp4,Germany,Germany
voxceleb,dev,id03527/BX7tjXe42oA/00100,00100.mp4,The-United-Kingdom-1,The-United-Kingdom-1
voxceleb,dev,id05167/3jPrIBrtIrI/00009,00009.mp4,The-United-Kingdom-1,The-United-States-of-America
voxceleb,dev,id01075/Itlu-upn-Co/00120,00120.mp4,The-United-Kingdom-1,The-United-States-of-America
voxceleb,dev,id07844/cVgo2j_HONY/00273,00273.mp4,The-United-Kingdom-1,The-United-Kingdom-1
voxceleb,dev,id00353/YwsIAGo9xgY/00275,00275.mp4,The-United-States-of-America,The-United-States-of-America
voxceleb,dev,id06612/D9fdjkoMJ8A/00055,00055.mp4,The-United-States-of-America,unknown
voxceleb,dev,id00185/5Ly6plhJuq8/00064,00064.mp4,The-United-Kingdom-1,The-United-Kingdom-1
voxceleb,dev,id02116/MDaLNmE06-U/00116,00116.mp4,The-United-Kingdom-1,Australia
voxceleb,dev,id04666/4_pmH4k2LOI/00014,00014.mp4,The-United-Kingdom-1,Finland
voxceleb,dev,id00043/FD151UGUB_A/00139,00139.mp4,India,India
voxceleb,dev,id02162/MLzIPnGCxiE/00045,00045.mp4,The-United-States-of-America,The-United-States-of-America
voxceleb,dev,id02214/b_KhDOAPRQc/00304,00304.mp4,India,India
voxceleb,dev,id08244/wsB0tCqfJqs/00249,00249.mp4,The-United-Kingdom-1,The-United-Kingdom-1
voxceleb,dev,id04153/8WIioYzMBtQ/00044,00044.mp4,The-United-Kingdom-1,The-United-Kingdom-1
voxceleb,dev,id08416/NGABoNrvzA4/00089,00089.mp4,The-United-Kingdom-1,The-United-States-of-America
voxceleb,dev,id00186/_bWjeSsfEBs/00146,00146.mp4,The-United-Kingdom-1,The-United-Kingdom-1
voxceleb,dev,id06027/9orGLUkv_Po/00012,00012.mp4,The-United-States-of-America,Germany
voxceleb,dev,id06480/DalAebQO6NI/00020,00020.mp4,The-United-Kingdom-1,The-United-Kingdom-1
voxceleb,dev,id05895/jqSIx0zQsjM/00093,00093.mp4,The-United-States-of-America,The-United-States-of-America
voxceleb,dev,id05913/TRbHyURnPGw/00309,00309.mp4,The-United-Kingdom-1,The-United-States-of-America
voxceleb,dev,id05435/9CbHcESKQhI/00012,00012.mp4,India,unknown
voxceleb,dev,id00714/ATh44JEoekk/00036,00036.mp4,The-United-Kingdom-1,Switzerland
voxceleb,dev,id06663/St5IWfvM9KI/00333,00333.mp4,The-United-Kingdom-1,The-United-States-of-America
voxceleb,dev,id05984/U_aIFUtC8TE/00070,00070.mp4,The-United-Kingdom-1,Germany
voxceleb,dev,id01054/IE4B02LFXDY/00159,00159.mp4,The-United-Kingdom-1,The-United-States-of-America
voxceleb,dev,id06577/xsn0pI_lcHk/00043,00043.mp4,The-United-Kingdom-1,Serbia
voxceleb,dev,id01580/KElEAuvs4-M/00114,00114.mp4,India,unknown
voxceleb,dev,id00832/Jr4-dXRChME/00067,00067.mp4,Jamaica,The-United-States-of-America
voxceleb,dev,id03663/GLNqjozduiA/00053,00053.mp4,The-United-States-of-America,The-United-States-of-America
voxceleb,dev,id07577/cZyXVVV1YyI/00154,00154.mp4,The-United-Kingdom-1,The-United-Kingdom-1
voxceleb,dev,id00574/sz4X2Tp3y-w/00226,00226.mp4,The-United-Kingdom-1,The-United-Kingdom-1
voxceleb,dev,id06472/9XH7B_7rbO4/00026,00026.mp4,The-United-Kingdom-1,The-United-Kingdom-1
voxceleb,dev,id08277/opzaGiYpDuI/00039,00039.mp4,The-Republic-of-Ireland,unknown
voxceleb,dev,id06792/IlPVsgAbUh8/00191,00191.mp4,The-United-States-of-America,The-United-States-of-America
voxceleb,dev,id07884/t529aqulao0/00160,00160.mp4,The-United-Kingdom-1,Serbia
voxceleb,dev,id04609/4WkDJuP_yAM/00005,00005.mp4,The-United-States-of-America,The-United-States-of-America
voxceleb,dev,id03754/cwm11mRMDYo/00241,00241.mp4,The-United-Kingdom-1,The-United-Kingdom-1
voxceleb,dev,id05257/KCLef5GkxoA/00235,00235.mp4,The-United-States-of-America,The-United-States-of-America
voxceleb,dev,id01760/bqhjZikNvcw/00070,00070.mp4,The-United-Kingdom-1,France
voxceleb,dev,id07165/eFrb9MBSL_o/00341,00341.mp4,India,India
voxceleb,dev,id03102/01lJQgd3_aY/00027,00027.mp4,The-United-Kingdom-1,Australia
voxceleb,dev,id02080/td5URf8ZJvI/00095,00095.mp4,The-United-States-of-America,The-United-States-of-America
voxceleb,dev,id09068/EzT3lWaT-Xw/00010,00010.mp4,Spain,Switzerland
voxceleb,dev,id00664/XzyKoGFXxTg/00229,00229.mp4,The-United-Kingdom-1,Kingdom-of-the-Netherlands
voxceleb,dev,id01939/dBKIeLiT1fo/00015,00015.mp4,The-United-Kingdom-1,The-Czech-Republic-1
voxceleb,dev,id01434/c1pUtyS9GzQ/00123,00123.mp4,The-United-States-of-America,The-United-States-of-America
voxceleb,dev,id05984/N1sYsTJqHbA/00048,00048.mp4,The-United-Kingdom-1,Germany
voxceleb,dev,id07405/ztUwcrPYWJc/00469,00469.mp4,The-United-Kingdom-1,Kingdom-of-the-Netherlands
voxceleb,dev,id08297/CFeThkTu8U4/00024,00024.mp4,India,India
voxceleb,dev,id04134/WNNH_Ytzk14/00159,00159.mp4,The-United-States-of-America,The-United-States-of-America
voxceleb,dev,id00285/BrLNW4tJOcI/00015,00015.mp4,The-United-Kingdom-1,Germany
voxceleb,dev,id03693/7GUhBIhwnJ0/00030,00030.mp4,The-United-Kingdom-1,The-United-States-of-America
voxceleb,dev,id00644/lomgEu1G-Y0/00106,00106.mp4,The-United-Kingdom-1,Germany
voxceleb,dev,id00018/9644iFap8q8/00017,00017.mp4,The-United-States-of-America,The-United-States-of-America
voxceleb,dev,id06114/2y5CMbMA-TU/00037,00037.mp4,The-United-States-of-America,The-United-States-of-America
voxceleb,dev,id06594/grA0kSOHpms/00061,00061.mp4,Japan,Japan
voxceleb,dev,id05449/eWSxbeUWFKM/00043,00043.mp4,The-United-Kingdom-1,Spain
voxceleb,dev,id04710/eWZubRPYiqE/00028,00028.mp4,The-Republic-of-Ireland,Turkey-country
voxceleb,dev,id01557/sReHKOSeINE/00113,00113.mp4,The-United-Kingdom-1,The-United-States-of-America
voxceleb,dev,id01098/qH-QaNhCtdI/00435,00435.mp4,The-United-Kingdom-1,The-United-States-of-America
voxceleb,dev,id08660/EBNEpDqvFhY/00102,00102.mp4,The-United-Kingdom-1,The-United-States-of-America
voxceleb,dev,id03669/ShaCsVA7540/00204,00204.mp4,The-United-States-of-America,The-United-States-of-America
voxceleb,dev,id00678/VNHL25yBgys/00025,00025.mp4,The-United-Kingdom-1,Sweden
voxceleb,dev,id00829/jT19sV9CkGQ/00416,00416.mp4,India,The-United-States-of-America
voxceleb,dev,id06619/zU3mDrFORGg/00218,00218.mp4,The-United-Kingdom-1,Germany
voxceleb,dev,id06890/byG96x8VTqU/00094,00094.mp4,The-Republic-of-Ireland,Poland
voxceleb,dev,id07741/PPtHu8RWnuw/00251,00251.mp4,The-United-States-of-America,The-United-States-of-America
voxceleb,dev,id08658/7lhWVvCbHJ0/00069,00069.mp4,The-United-Kingdom-1,The-United-Kingdom-1
voxceleb,dev,id08483/UxqNRYNAgSs/00045,00045.mp4,The-United-States-of-America,Canada
voxceleb,dev,id01461/YmB9c3efAxw/00061,00061.mp4,The-United-States-of-America,unknown
voxceleb,dev,id03818/Zbb9oSfdQFc/00132,00132.mp4,The-United-Kingdom-1,The-United-States-of-America
voxceleb,dev,id08599/4jKhfEweWE0/00021,00021.mp4,The-United-Kingdom-1,The-United-States-of-America
voxceleb,dev,id04666/ee6u5UXmYbM/00075,00075.mp4,The-United-Kingdom-1,Finland
voxceleb,dev,id07175/UQGUGEwJqIg/00298,00298.mp4,India,India
voxceleb,dev,id05468/gpO8u2pGk_Q/00100,00100.mp4,India,India
voxceleb,dev,id05982/2oK5LbhhOZQ/00008,00008.mp4,The-Republic-of-Ireland,The-United-Kingdom-1
voxceleb,dev,id01750/hp52oY25FW4/00357,00357.mp4,The-United-States-of-America,The-United-States-of-America
voxceleb,dev,id04409/sVeVNES2d6U/00440,00440.mp4,The-United-Kingdom-1,The-United-Kingdom-1
voxceleb,dev,id01503/JubAAua_RjU/00045,00045.mp4,The-United-Kingdom-1,The-United-States-of-America
voxceleb,dev,id01869/9m5SWaO8qOQ/00025,00025.mp4,The-United-Kingdom-1,Austria
voxceleb,dev,id08926/UvVC4odsoBw/00143,00143.mp4,India,India
voxceleb,dev,id06156/n-nmYgI90_c/00274,00274.mp4,The-United-Kingdom-1,The-United-Kingdom-1
voxceleb,dev,id00127/k1IEZgKgTqs/00161,00161.mp4,The-United-Kingdom-1,Egypt
voxceleb,dev,id04025/orcqPdYnc5E/00125,00125.mp4,The-United-Kingdom-1,Denmark
voxceleb,dev,id05748/NhIWsHoBnOc/00066,00066.mp4,The-United-Kingdom-1,France
voxceleb,dev,id01132/o-xXrX3N2d0/00173,00173.mp4,The-United-Kingdom-1,The-Czech-Republic-1
voxceleb,dev,id03088/53UWdzhQWj8/00060,00060.mp4,Brazil,The-United-States-of-America
voxceleb,dev,id06364/lhRhg7jAv_g/00416,00416.mp4,India,India
voxceleb,dev,id04219/qATxMy7FJPc/00450,00450.mp4,Honduras,The-United-States-of-America
voxceleb,dev,id03820/KRBOcPjmkCc/00136,00136.mp4,Jamaica,The-United-States-of-America
voxceleb,dev,id05260/UX28qRThpf4/00180,00180.mp4,The-United-Kingdom-1,The-United-States-of-America
voxceleb,dev,id02015/6mMh0s0hNvU/00125,00125.mp4,The-United-Kingdom-1,The-United-States-of-America
voxceleb,dev,id00813/oAYiOsmQemg/00188,00188.mp4,The-United-States-of-America,The-United-States-of-America
voxceleb,dev,id08545/TgN_vKgJHpY/00011,00011.mp4,The-United-Kingdom-1,Belgium
voxceleb,dev,id06971/UeSKDtE2Pv0/00171,00171.mp4,The-United-States-of-America,The-United-States-of-America
voxceleb,dev,id04034/Z5NY5ncgiDs/00067,00067.mp4,The-United-Kingdom-1,Canada
voxceleb,dev,id05699/xp78W0QCIT8/00398,00398.mp4,The-Republic-of-Ireland,The-United-States-of-America
voxceleb,dev,id06355/b0bELVMvk6c/00404,00404.mp4,India,India
voxceleb,dev,id06005/clZDrSITtgM/00317,00317.mp4,The-United-Kingdom-1,The-United-States-of-America
voxceleb,dev,id04223/dZZ0vaU-DyA/00367,00367.mp4,The-United-Kingdom-1,The-United-Kingdom-1
voxceleb,dev,id07812/w9HUMt2rrOI/00058,00058.mp4,Japan,Japan
voxceleb,dev,id05685/LsA-x1cOM2w/00222,00222.mp4,The-United-Kingdom-1,The-United-States-of-America
voxceleb,dev,id03134/_kHOZ_6NkdE/00074,00074.mp4,The-United-Kingdom-1,Italy
voxceleb,dev,id05574/UISt-NvRoZw/00061,00061.mp4,The-United-Kingdom-1,Norway
voxceleb,dev,id01264/s_k_BvxDBjQ/00358,00358.mp4,The-United-Kingdom-1,France
voxceleb,dev,id03730/lOqsgAxFmeI/00190,00190.mp4,The-United-States-of-America,The-United-States-of-America
voxceleb,dev,id08531/a-O-LuUGJa8/00059,00059.mp4,Germany,Germany
voxceleb,dev,id03371/NiwD65uf_LE/00125,00125.mp4,The-United-States-of-America,The-United-Kingdom-1
voxceleb,dev,id05376/MVAcE29SvV4/00251,00251.mp4,The-Republic-of-Ireland,The-United-States-of-America
voxceleb,dev,id01768/S07t60mTonk/00179,00179.mp4,The-United-Kingdom-1,The-United-States-of-America
voxceleb,dev,id08754/bQqhbfc5NEI/00156,00156.mp4,The-United-Kingdom-1,Spain
voxceleb,dev,id08604/wCqTRUCF5L4/00459,00459.mp4,The-United-Kingdom-1,The-United-Kingdom-1
voxceleb,dev,id02991/Ajeqzwq9U4E/00012,00012.mp4,The-United-States-of-America,The-United-Kingdom-1
voxceleb,dev,id00277/NbP61YiA8dI/00051,00051.mp4,The-United-Kingdom-1,Germany
voxceleb,dev,id03192/hLc4DUQ2u5g/00135,00135.mp4,India,The-United-States-of-America
voxceleb,dev,id02461/5lB0CVB8NV0/00016,00016.mp4,The-United-States-of-America,unknown
voxceleb,dev,id08837/KfjJ-rJrWB8/00196,00196.mp4,India,India
voxceleb,dev,id00694/6f6UZNpzJ0M/00022,00022.mp4,The-United-Kingdom-1,The-United-Kingdom-1
voxceleb,dev,id00505/lpKeUImtGRU/00049,00049.mp4,The-United-Kingdom-1,Croatia
voxceleb,dev,id07165/dzddYHBgPSc/00307,00307.mp4,India,India
voxceleb,dev,id06131/lP-k-UBzhA8/00384,00384.mp4,The-United-Kingdom-1,Croatia
voxceleb,dev,id04320/4jFnAdWsHLs/00007,00007.mp4,India,unknown
voxceleb,dev,id08724/itccLMDhxqY/00093,00093.mp4,The-United-Kingdom-1,The-United-Kingdom-1
voxceleb,dev,id05699/2D_qHMNGWfg/00035,00035.mp4,The-United-Kingdom-1,The-United-States-of-America
voxceleb,dev,id00695/dz-jA0b7Q5c/00158,00158.mp4,The-United-States-of-America,The-United-States-of-America
voxceleb,dev,id05220/DUbNNqCxarA/00069,00069.mp4,The-United-Kingdom-1,The-United-States-of-America
voxceleb,dev,id06183/eSIdEdJzyUc/00211,00211.mp4,The-United-Kingdom-1,The-Czech-Republic-1
voxceleb,dev,id06861/g3tKYXauzgA/00120,00120.mp4,The-United-Kingdom-1,The-United-States-of-America
voxceleb,dev,id02314/7ah9Xox2OTw/00014,00014.mp4,Serbia,Serbia
voxceleb,dev,id07708/Otb7XEjDL-s/00145,00145.mp4,The-United-States-of-America,The-United-Kingdom-1
voxceleb,dev,id08303/GZHsxa0gDhM/00038,00038.mp4,India,India
voxceleb,dev,id08066/JyRzeHQe4gg/00116,00116.mp4,The-United-States-of-America,The-United-States-of-America
voxceleb,dev,id04715/OxgwI-0Sozg/00107,00107.mp4,The-Republic-of-Ireland,The-United-Kingdom-1
voxceleb,dev,id06869/Dr8eHi78w_A/00031,00031.mp4,The-United-States-of-America,The-United-States-of-America
voxceleb,dev,id00634/Hw5Os1FCYFY/00015,00015.mp4,The-Republic-of-Ireland,France
voxceleb,dev,id01031/OExpnjVrjn0/00036,00036.mp4,The-United-States-of-America,The-United-States-of-America
voxceleb,dev,id01413/aNxSYZWLW2k/00060,00060.mp4,The-United-Kingdom-1,Italy
voxceleb,dev,id07827/4eS_IINTe9A/00001,00001.mp4,The-United-States-of-America,The-United-States-of-America
voxceleb,dev,id08327/vbGHrSicSWY/00095,00095.mp4,The-United-Kingdom-1,The-United-Kingdom-1
voxceleb,dev,id00545/mUX-V2vcyhk/00126,00126.mp4,The-United-Kingdom-1,Kingdom-of-the-Netherlands
voxceleb,dev,id07263/zYO1-kImLFg/00139,00139.mp4,The-United-Kingdom-1,The-United-States-of-America
voxceleb,dev,id04842/M4bteZFG37k/00209,00209.mp4,The-United-Kingdom-1,The-United-States-of-America
voxceleb,dev,id07001/kWub8olgQY8/00075,00075.mp4,The-Republic-of-Ireland,The-United-States-of-America
voxceleb,dev,id00421/jpee54dEv5s/00178,00178.mp4,The-United-Kingdom-1,Sweden
voxceleb,dev,id06131/z3RKza-ONyg/00498,00498.mp4,The-United-Kingdom-1,Croatia
voxceleb,dev,id08992/5V4nhmBoUY4/00040,00040.mp4,The-United-States-of-America,The-United-States-of-America
voxceleb,dev,id07039/eq129d1BFmE/00065,00065.mp4,China,Malaysia
voxceleb,dev,id06851/VlAvvS8PC-M/00131,00131.mp4,The-United-Kingdom-1,The-United-Kingdom-1
voxceleb,dev,id04420/RNVLR9zWxRc/00067,00067.mp4,The-United-States-of-America,The-United-States-of-America
voxceleb,dev,id04684/aOYVkO975fA/00277,00277.mp4,The-United-Kingdom-1,The-United-States-of-America
voxceleb,dev,id00902/ufASTX6vAZ0/00422,00422.mp4,The-United-States-of-America,The-United-States-of-America
voxceleb,dev,id05370/wAWR7SiAeTI/00305,00305.mp4,The-United-States-of-America,The-United-States-of-America
voxceleb,dev,id08281/kRX00F621Sk/00087,00087.mp4,The-United-Kingdom-1,The-United-States-of-America
voxceleb,dev,id04508/P7nFbB3Csp8/00271,00271.mp4,The-United-Kingdom-1,Germany
voxceleb,dev,id09232/iWEQ6k548DM/00414,00414.mp4,The-United-Kingdom-1,France
voxceleb,dev,id00177/JEdBJ2TzEaU/00116,00116.mp4,France,France
voxceleb,dev,id00355/85exFcc4y7A/00058,00058.mp4,The-United-Kingdom-1,The-United-States-of-America
voxceleb,dev,id02049/hCNOb6ji_1U/00159,00159.mp4,The-United-Kingdom-1,The-United-States-of-America
voxceleb,dev,id06183/BglVIq8tKxY/00087,00087.mp4,The-United-Kingdom-1,The-Czech-Republic-1
voxceleb,dev,id07185/h2V_yIq5Xbc/00128,00128.mp4,India,India
voxceleb,dev,id01927/rDQKMnP1pWc/00363,00363.mp4,The-United-Kingdom-1,Canada
voxceleb,dev,id00395/vOOwz_6l88E/00395,00395.mp4,The-United-States-of-America,The-United-States-of-America
voxceleb,dev,id07417/K46Zsh0Zb3M/00065,00065.mp4,Ghana,The-United-States-of-America
voxceleb,dev,id04848/QU_8vPDXLYQ/00041,00041.mp4,The-United-Kingdom-1,The-United-Kingdom-1
voxceleb,dev,id04206/ADE1I-R9gCs/00047,00047.mp4,The-United-States-of-America,The-United-States-of-America
voxceleb,dev,id04845/zjByEXr7y5o/00319,00319.mp4,The-United-Kingdom-1,The-United-States-of-America
voxceleb,dev,id00783/wvM5U5G8WnI/00145,00145.mp4,India,The-United-States-of-America
voxceleb,dev,id03247/2JIk6TaawDw/00001,00001.mp4,The-United-States-of-America,The-United-States-of-America
voxceleb,dev,id01659/REOo-SAQ0IE/00306,00306.mp4,The-Republic-of-Ireland,Germany
voxceleb,dev,id06758/4oqv4YeF80k/00036,00036.mp4,The-United-Kingdom-1,The-United-States-of-America
voxceleb,dev,id00184/64SnJemMVxM/00068,00068.mp4,The-United-States-of-America,The-United-States-of-America
voxceleb,dev,id00513/rseAUUP696k/00406,00406.mp4,The-United-Kingdom-1,Germany
voxceleb,dev,id02134/xSMI-AQPrCk/00087,00087.mp4,The-United-Kingdom-1,The-United-Kingdom-1
voxceleb,dev,id02733/B9pROJbdQvo/00129,00129.mp4,India,India
voxceleb,dev,id04858/amh_Oe9iXs0/00245,00245.mp4,The-United-Kingdom-1,The-United-States-of-America
voxceleb,dev,id08414/OVryiJLA7aA/00215,00215.mp4,The-United-Kingdom-1,Australia
voxceleb,dev,id07162/ublFmJN7Op4/00203,00203.mp4,India,India
voxceleb,dev,id06723/N3mHGvnKRac/00139,00139.mp4,India,India
voxceleb,dev,id06552/z594ryJmiZc/00491,00491.mp4,The-United-States-of-America,The-United-States-of-America
voxceleb,dev,id00884/bKMC05X8HKA/00120,00120.mp4,The-United-Kingdom-1,France
voxceleb,dev,id09225/_4OeTVWHDFA/00138,00138.mp4,Colombia,Colombia
voxceleb,dev,id04121/w2DTl0LQWgM/00278,00278.mp4,The-United-Kingdom-1,Germany
voxceleb,dev,id01695/ny5ls0WuHZY/00108,00108.mp4,The-United-Kingdom-1,The-Republic-of-Ireland
voxceleb,dev,id00097/kQ6xHVwZBGg/00286,00286.mp4,The-United-Kingdom-1,The-United-States-of-America
voxceleb,dev,id01961/D2G2wLzwXa4/00056,00056.mp4,The-United-Kingdom-1,The-United-Kingdom-1
voxceleb,dev,id05174/hNenmDDLgzI/00141,00141.mp4,The-United-Kingdom-1,Italy
voxceleb,dev,id08501/ePfVAbufHY4/00264,00264.mp4,The-United-Kingdom-1,The-United-Kingdom-1
voxceleb,dev,id09232/fIpnCH7KrqE/00371,00371.mp4,The-United-Kingdom-1,France
voxceleb,dev,id08290/1QevxzmC1Jk/00001,00001.mp4,The-United-Kingdom-1,France
voxceleb,dev,id03351/5hXTxKE71eU/00023,00023.mp4,The-United-Kingdom-1,The-United-Kingdom-1
voxceleb,dev,id02157/dAwKHriAj5Q/00333,00333.mp4,The-United-States-of-America,The-United-States-of-America
voxceleb,dev,id02079/Mm44Pfw6PwM/00063,00063.mp4,The-United-Kingdom-1,Canada
voxceleb,dev,id02008/czF_UZMxQ1w/00314,00314.mp4,The-United-Kingdom-1,The-United-States-of-America
voxceleb,dev,id02643/QeEU-IfqhJ4/00040,00040.mp4,The-Republic-of-Ireland,Italy
voxceleb,dev,id06196/Xf6njjJ86lQ/00339,00339.mp4,The-United-States-of-America,The-United-States-of-America
voxceleb,dev,id01857/6Rf85XYO7KI/00061,00061.mp4,The-United-Kingdom-1,The-United-States-of-America
voxceleb,dev,id00459/7JpDfthqyMs/00016,00016.mp4,India,India
voxceleb,dev,id04712/8YbKxRNV6hA/00162,00162.mp4,The-United-Kingdom-1,The-United-Kingdom-1
voxceleb,dev,id08928/7l_JUdnbxaA/00017,00017.mp4,The-United-Kingdom-1,Soviet-Union-1
voxceleb,dev,id00884/53ylZvcUP_w/00012,00012.mp4,The-United-Kingdom-1,France
voxceleb,dev,id05856/Mo8sXMt6has/00182,00182.mp4,The-United-Kingdom-1,Argentina
voxceleb,dev,id07145/RgrEGE674G4/00128,00128.mp4,The-United-Kingdom-1,Spain
voxceleb,dev,id07982/pYCTd3enfnc/00385,00385.mp4,The-United-Kingdom-1,The-United-States-of-America
voxceleb,dev,id01529/zWuxPEyUPyE/00218,00218.mp4,The-United-Kingdom-1,The-United-Kingdom-1
voxceleb,dev,id01809/QNmIHeoTSz4/00074,00074.mp4,The-United-Kingdom-1,Australia
voxceleb,dev,id07351/ev9EKPM5p1s/00394,00394.mp4,The-United-Kingdom-1,The-United-States-of-America
voxceleb,dev,id00667/1JIig5kc8ds/00001,00001.mp4,The-United-States-of-America,The-United-States-of-America
voxceleb,dev,id09007/Q8uz4GXAHaQ/00025,00025.mp4,The-United-States-of-America,Belgium
voxceleb,dev,id04858/XTeIFrdosxs/00198,00198.mp4,The-United-Kingdom-1,The-United-States-of-America
voxceleb,dev,id01840/r4lT33l5nm4/00310,00310.mp4,The-United-Kingdom-1,The-United-States-of-America
voxceleb,dev,id07662/GLIEu-Xjfmk/00156,00156.mp4,The-United-Kingdom-1,Germany
voxceleb,dev,id08936/5QobE8fL_84/00036,00036.mp4,Spain,Luxembourg
voxceleb,dev,id08236/UVEvEtF08S8/00212,00212.mp4,The-United-Kingdom-1,The-United-States-of-America
voxceleb,dev,id05527/mVNNC95W9m8/00199,00199.mp4,The-United-Kingdom-1,Germany
voxceleb,dev,id02502/uia1GOk6Yc8/00236,00236.mp4,The-United-Kingdom-1,Latvia
voxceleb,dev,id03425/omnIOVpE86s/00116,00116.mp4,The-United-States-of-America,Sweden
voxceleb,dev,id07370/8ffgdyCuN6g/00007,00007.mp4,The-United-Kingdom-1,The-United-States-of-America
voxceleb,dev,id07333/KHBOgq94nmk/00067,00067.mp4,The-United-Kingdom-1,France
voxceleb,dev,id09046/hot5ixctq70/00191,00191.mp4,Spain,Spain
voxceleb,dev,id03242/8pmU7Rwkyd0/00157,00157.mp4,The-United-Kingdom-1,India
voxceleb,dev,id02784/4cQC6Pif8X0/00010,00010.mp4,Spain,Mexico
voxceleb,dev,id06869/wmnpze2ydB8/00157,00157.mp4,The-United-Kingdom-1,The-United-States-of-America
voxceleb,dev,id07755/RvLxMCZ5Vak/00052,00052.mp4,The-United-Kingdom-1,The-United-States-of-America
voxceleb,dev,id07349/C9sc0cy6dK4/00053,00053.mp4,The-United-Kingdom-1,New-Zealand
voxceleb,dev,id06106/6OEXpqllSto/00035,00035.mp4,The-United-Kingdom-1,The-United-States-of-America
voxceleb,dev,id00289/dVO3jwtjaAg/00079,00079.mp4,The-United-States-of-America,The-United-States-of-America
voxceleb,dev,id06663/AU810F8sU5k/00087,00087.mp4,The-United-States-of-America,The-United-States-of-America
voxceleb,dev,id03078/KQLEUr9zRNs/00055,00055.mp4,The-Republic-of-Ireland,Switzerland
voxceleb,dev,id05945/wL7ya5J8qFI/00109,00109.mp4,The-United-Kingdom-1,The-United-States-of-America
voxceleb,dev,id03656/draVIyyqLtk/00042,00042.mp4,The-United-Kingdom-1,The-United-States-of-America
voxceleb,dev,id07840/CoKqpSsaFOQ/00057,00057.mp4,India,The-United-States-of-America
voxceleb,dev,id01658/SvonEK4yedo/00230,00230.mp4,The-Republic-of-Ireland,France
voxceleb,dev,id09201/2-MpNiba3LQ/00019,00019.mp4,The-Republic-of-Ireland,Croatia
voxceleb,dev,id01927/3EqTmeecreY/00002,00002.mp4,The-United-Kingdom-1,Canada
voxceleb,dev,id08694/oOJohkzaFkE/00427,00427.mp4,The-United-States-of-America,The-United-States-of-America
voxceleb,dev,id03264/JhDfwe6NMPU/00187,00187.mp4,The-United-Kingdom-1,The-United-Kingdom-1
voxceleb,dev,id07320/keJNTWN7Oh0/00104,00104.mp4,The-United-Kingdom-1,Panama
voxceleb,dev,id05027/hqrAzLstnVI/00289,00289.mp4,The-United-Kingdom-1,The-United-States-of-America
voxceleb,dev,id01241/JyzxTYblYeo/00037,00037.mp4,The-United-Kingdom-1,The-United-States-of-America
voxceleb,dev,id01239/L2eDTJkmxHc/00172,00172.mp4,The-United-Kingdom-1,The-United-States-of-America
voxceleb,dev,id03483/oKAkVEV4q9w/00270,00270.mp4,China,Cambodia
voxceleb,dev,id03444/hlKe8E3HzPQ/00220,00220.mp4,The-Republic-of-Ireland,Germany
voxceleb,dev,id03525/U4Bk43hsXpM/00193,00193.mp4,The-United-States-of-America,The-United-Kingdom-1
voxceleb,dev,id04821/QqNAxH9XZb8/00158,00158.mp4,The-United-Kingdom-1,The-United-Kingdom-1
voxceleb,dev,id06851/1be_xutYtKA/00003,00003.mp4,The-United-States-of-America,The-United-Kingdom-1
voxceleb,dev,id07957/UWpoLr4jtiw/00104,00104.mp4,The-United-Kingdom-1,The-United-States-of-America
voxceleb,dev,id01471/EHJ4xk5jYV0/00019,00019.mp4,The-United-Kingdom-1,The-United-States-of-America
voxceleb,dev,id07052/n21lY9uwedQ/00164,00164.mp4,India,India
voxceleb,dev,id05990/6TG08KYukyo/00037,00037.mp4,The-United-Kingdom-1,Australia
voxceleb,dev,id08416/qLFpu5ofLsQ/00290,00290.mp4,The-United-States-of-America,The-United-States-of-America
voxceleb,dev,id01264/wHDNP0YDxts/00496,00496.mp4,The-United-Kingdom-1,France
voxceleb,dev,id08920/lBFl1gSUXgA/00274,00274.mp4,India,India
voxceleb,dev,id04582/c3nvw_k_oEM/00302,00302.mp4,India,Nepal
voxceleb,dev,id08243/cnObuAhLTlM/00365,00365.mp4,The-Republic-of-Ireland,The-United-Kingdom-1
voxceleb,dev,id00611/5Y7S98qxpcU/00059,00059.mp4,India,India
voxceleb,dev,id07418/aq3y_SSWgWs/00315,00315.mp4,The-United-Kingdom-1,Canada
voxceleb,dev,id01634/B0Gb6389Um4/00032,00032.mp4,The-United-Kingdom-1,England
voxceleb,dev,id08658/n33RLOl4LWU/00388,00388.mp4,The-United-Kingdom-1,The-United-Kingdom-1
voxceleb,dev,id06322/mgTHaAFxyRs/00150,00150.mp4,The-United-Kingdom-1,The-United-Kingdom-1
voxceleb,dev,id02981/3iZjL89XnUk/00044,00044.mp4,The-United-Kingdom-1,The-United-Kingdom-1
voxceleb,dev,id03119/38F9s547SqU/00001,00001.mp4,Brazil,Brazil
voxceleb,dev,id04963/xfUFUHy1cwY/00033,00033.mp4,The-United-Kingdom-1,Australia
voxceleb,dev,id09269/c57o-IOvCjE/00225,00225.mp4,The-United-Kingdom-1,The-Czech-Republic-1
voxceleb,dev,id08549/JsrpHyogmt4/00131,00131.mp4,The-United-Kingdom-1,The-United-States-of-America
voxceleb,dev,id09252/Hb1d-xbwsW4/00090,00090.mp4,The-United-Kingdom-1,Serbia
voxceleb,dev,id05989/fBXg5VTOYVQ/00330,00330.mp4,The-United-States-of-America,The-United-States-of-America
voxceleb,dev,id00911/QgtDjiylpZQ/00263,00263.mp4,The-United-Kingdom-1,Belgium
voxceleb,dev,id05879/LgZz_l7vWyM/00079,00079.mp4,The-United-Kingdom-1,Germany
voxceleb,dev,id07461/r03WgR4l4us/00131,00131.mp4,The-United-Kingdom-1,Sweden
voxceleb,dev,id07293/nN55T7wkuC8/00232,00232.mp4,The-United-Kingdom-1,The-United-States-of-America
voxceleb,dev,id02636/LFOmZeKx5zo/00032,00032.mp4,The-United-Kingdom-1,The-United-States-of-America
voxceleb,dev,id05934/lUSucQ42OXM/00205,00205.mp4,The-United-States-of-America,The-United-States-of-America
voxceleb,dev,id00515/m5q8jn_-ftc/00100,00100.mp4,The-United-Kingdom-1,Romania
voxceleb,dev,id05772/3gHqpBfyhQ4/00071,00071.mp4,The-Republic-of-Ireland,France
voxceleb,dev,id02257/c4WzPCEmBwM/00089,00089.mp4,The-United-Kingdom-1,France
voxceleb,dev,id07358/oiZ2696zKBY/00310,00310.mp4,The-United-Kingdom-1,The-United-States-of-America
voxceleb,dev,id08607/xCuzxYhCl94/00356,00356.mp4,The-United-Kingdom-1,The-United-Kingdom-1
voxceleb,dev,id05926/ZsY3hHXaTbM/00285,00285.mp4,The-United-States-of-America,Turkey-country
voxceleb,dev,id06607/tTg_zofF0gM/00274,00274.mp4,The-Republic-of-Ireland,The-Philippines-1
voxceleb,dev,id01353/6TDpJIrRZ6M/00013,00013.mp4,The-United-Kingdom-1,The-United-States-of-America
voxceleb,dev,id04239/h3kBzwlhr78/00084,00084.mp4,China,Norway
voxceleb,dev,id06409/XWxnKhtzASU/00036,00036.mp4,The-United-States-of-America,France
voxceleb,dev,id07616/zvO76wL_dIM/00164,00164.mp4,The-United-States-of-America,The-United-Kingdom-1
voxceleb,dev,id06529/PnY498UVQUQ/00140,00140.mp4,The-United-States-of-America,The-United-States-of-America
voxceleb,dev,id08702/L-pvrVowJdI/00076,00076.mp4,The-United-States-of-America,Canada
voxceleb,dev,id04676/6luAKVJ5gzY/00070,00070.mp4,The-United-Kingdom-1,The-United-States-of-America
voxceleb,dev,id02156/sBTzBsFk9mo/00412,00412.mp4,India,The-United-Kingdom-1
voxceleb,dev,id05914/GVS3dosfTcM/00052,00052.mp4,The-United-Kingdom-1,The-United-States-of-America
voxceleb,dev,id09225/_oYQFNfWpNI/00176,00176.mp4,Colombia,Colombia
voxceleb,dev,id00922/_zJ8Fn8v1Y8/00211,00211.mp4,The-United-Kingdom-1,Germany
voxceleb,dev,id05644/_u_4NEBxCHk/00401,00401.mp4,France,France
voxceleb,dev,id03788/2HnIKugSQvI/00013,00013.mp4,The-United-Kingdom-1,The-United-States-of-America
voxceleb,dev,id00395/vOOwz_6l88E/00411,00411.mp4,The-United-Kingdom-1,The-United-States-of-America
voxceleb,dev,id00387/KzlYnEPmDiw/00076,00076.mp4,The-United-States-of-America,The-United-States-of-America
voxceleb,dev,id03864/28rwJgH-LBs/00013,00013.mp4,The-United-Kingdom-1,Australia
voxceleb,dev,id05477/vmethtBQ3Dw/00411,00411.mp4,The-Republic-of-Ireland,Nepal
voxceleb,dev,id00726/_vXQaseq5x0/00260,00260.mp4,The-United-Kingdom-1,The-United-States-of-America
voxceleb,dev,id06949/fSLGiAXf6j0/00291,00291.mp4,The-United-States-of-America,The-United-States-of-America
voxceleb,dev,id08211/HGzHQf5jh0k/00074,00074.mp4,The-United-Kingdom-1,Germany
voxceleb,dev,id08415/gs9GjsGSEM8/00137,00137.mp4,The-United-Kingdom-1,The-United-States-of-America
voxceleb,dev,id03810/sKyvOkwLZR0/00437,00437.mp4,China,The-United-States-of-America
voxceleb,dev,id05756/xa5xRh9eBLI/00089,00089.mp4,The-United-Kingdom-1,The-United-States-of-America
voxceleb,dev,id08516/qGbPs-VEc2M/00169,00169.mp4,The-Republic-of-Ireland,Germany
voxceleb,dev,id00202/3eIlj82DFwg/00059,00059.mp4,The-United-Kingdom-1,Spain
voxceleb,dev,id00597/MeiWDzyaC_Y/00007,00007.mp4,Mexico,Malaysia
voxceleb,dev,id07623/xVANRroxuOo/00366,00366.mp4,The-United-Kingdom-1,The-United-States-of-America
voxceleb,dev,id08529/J07V84dmXog/00070,00070.mp4,The-United-Kingdom-1,The-United-States-of-America
voxceleb,dev,id05133/L6T8SKfleCY/00144,00144.mp4,The-United-States-of-America,The-United-States-of-America
voxceleb,dev,id04129/vce_wvfNUvM/00122,00122.mp4,The-United-Kingdom-1,Sweden
voxceleb,dev,id05644/h6lsPnq8cTs/00453,00453.mp4,The-United-Kingdom-1,France
voxceleb,dev,id07034/RfCtIklBma8/00022,00022.mp4,The-United-States-of-America,The-United-Kingdom-1
voxceleb,dev,id02112/x9wy-aQxyFg/00486,00486.mp4,The-Republic-of-Ireland,France
voxceleb,dev,id05586/lsgkbyFYIic/00156,00156.mp4,The-Republic-of-Ireland,Denmark
voxceleb,dev,id02473/lczTO5yx1yI/00085,00085.mp4,The-United-Kingdom-1,The-United-States-of-America
voxceleb,dev,id06413/sAyG6qrxoyU/00295,00295.mp4,The-United-States-of-America,The-United-States-of-America
voxceleb,dev,id04600/q_gtDn_wFG8/00293,00293.mp4,India,India
voxceleb,dev,id02258/0juW_NAx_cQ/00018,00018.mp4,The-United-Kingdom-1,France
voxceleb,dev,id08616/vNxKRCzLVgU/00248,00248.mp4,The-United-Kingdom-1,The-United-States-of-America
voxceleb,dev,id04320/DfidGycVUBA/00088,00088.mp4,Jordan-215,unknown
voxceleb,dev,id00938/Iji2-u9-06U/00034,00034.mp4,The-United-Kingdom-1,Belgium
voxceleb,dev,id01163/EzTkKpiyQQc/00119,00119.mp4,The-United-States-of-America,The-United-States-of-America
voxceleb,dev,id05613/5EPFBqDq9UU/00005,00005.mp4,The-United-Kingdom-1,The-United-Kingdom-1
voxceleb,dev,id03346/9Ett56IJrvg/00017,00017.mp4,The-United-States-of-America,The-United-States-of-America
voxceleb,dev,id06863/VCVe-4eu-sc/00139,00139.mp4,The-United-States-of-America,The-United-States-of-America
voxceleb,dev,id01764/H0YwzXJxylQ/00105,00105.mp4,The-United-States-of-America,Canada
voxceleb,dev,id02817/JzzWRAYUVeo/00156,00156.mp4,The-United-Kingdom-1,Kingdom-of-the-Netherlands
voxceleb,dev,id01284/y8vbPpA8rMY/00033,00033.mp4,The-United-Kingdom-1,The-United-States-of-America
voxceleb,dev,id01017/Qu1ibW4tJik/00066,00066.mp4,The-United-Kingdom-1,Germany
voxceleb,dev,id03820/oQM5KNOs2UU/00290,00290.mp4,The-United-Kingdom-1,The-United-States-of-America
voxceleb,dev,id01363/CVECr53-ZZQ/00003,00003.mp4,The-United-Kingdom-1,Spain
voxceleb,dev,id05962/XxAX3DNkWuA/00129,00129.mp4,The-United-Kingdom-1,Canada
voxceleb,dev,id01111/eEdaOpXnf9s/00311,00311.mp4,The-United-States-of-America,The-United-States-of-America
voxceleb,dev,id04076/w9GtnIcgPMo/00121,00121.mp4,The-United-Kingdom-1,The-United-States-of-America
voxceleb,dev,id09010/jxlPe0Y1ePU/00327,00327.mp4,The-United-Kingdom-1,The-United-States-of-America
voxceleb,dev,id02075/LutPYoyAqpM/00225,00225.mp4,The-United-Kingdom-1,The-United-States-of-America
voxceleb,dev,id00128/xv_QCsX36dE/00207,00207.mp4,India,Pakistan
voxceleb,dev,id04031/epx9D-0Nrd4/00287,00287.mp4,The-United-States-of-America,The-United-States-of-America
voxceleb,dev,id06196/9qFyjiQTTR4/00131,00131.mp4,The-United-States-of-America,The-United-States-of-America
voxceleb,dev,id06507/bLlF6hYLo-4/00227,00227.mp4,The-United-Kingdom-1,Scotland
voxceleb,dev,id00766/AV7Jb1Kq3fA/00002,00002.mp4,The-United-Kingdom-1,Belgium
voxceleb,dev,id08676/a8qMZsM2VxY/00210,00210.mp4,The-United-States-of-America,The-United-States-of-America
voxceleb,dev,id08928/x4MQxKXvEvE/00484,00484.mp4,Russia,Soviet-Union-1
voxceleb,dev,id01335/rk8mx_vDrAo/00164,00164.mp4,India,The-United-States-of-America
voxceleb,dev,id04518/UGB1YXLqnws/00259,00259.mp4,The-United-Kingdom-1,The-United-Kingdom-1
voxceleb,dev,id06120/cAivLMPwVA4/00044,00044.mp4,The-United-States-of-America,The-United-States-of-America
voxceleb,dev,id00786/fz-S-jdgkWw/00030,00030.mp4,The-United-Kingdom-1,The-United-Kingdom-1
voxceleb,dev,id07412/pLON5Q2CiS8/00213,00213.mp4,The-United-Kingdom-1,The-United-States-of-America
voxceleb,dev,id07575/cchVCQ3dDn0/00161,00161.mp4,The-United-Kingdom-1,The-United-States-of-America
voxceleb,dev,id03896/yQfdNpU7_K0/00439,00439.mp4,India,India
voxceleb,dev,id03527/lqdOBAOjz38/00356,00356.mp4,The-United-Kingdom-1,The-United-Kingdom-1
voxceleb,dev,id07618/GS41SSR_E18/00135,00135.mp4,The-United-Kingdom-1,Germany
voxceleb,dev,id08014/OEViXOAPHgY/00060,00060.mp4,The-United-Kingdom-1,Canada
voxceleb,dev,id01921/30q8qlHPevc/00051,00051.mp4,The-United-States-of-America,New-Zealand
voxceleb,dev,id04160/4G3_-jpSGxQ/00087,00087.mp4,The-United-Kingdom-1,Australia
voxceleb,dev,id08457/XQgN47Xvpck/00256,00256.mp4,India,The-United-Kingdom-1
voxceleb,dev,id03970/9I2B9bu7kfk/00019,00019.mp4,The-United-States-of-America,The-United-States-of-America
voxceleb,dev,id07072/H5Xojx3ZV9w/00072,00072.mp4,The-United-Kingdom-1,Jordan-215
voxceleb,dev,id08307/Ky6uVDUkpzQ/00042,00042.mp4,India,India
voxceleb,dev,id04192/U6mRIg-9UHI/00188,00188.mp4,The-United-Kingdom-1,Germany
voxceleb,dev,id03371/uoHACWcUWYE/00442,00442.mp4,The-United-Kingdom-1,The-United-Kingdom-1
voxceleb,dev,id01769/uKw6B8CpnRA/00423,00423.mp4,The-United-Kingdom-1,Australia
voxceleb,dev,id01595/Eq9LKAberRE/00061,00061.mp4,The-United-States-of-America,The-United-States-of-America
voxceleb,dev,id09202/10tNrD_DPkw/00012,00012.mp4,Israel,Hungary
voxceleb,dev,id02956/UKHq9_XduGE/00180,00180.mp4,The-United-Kingdom-1,Canada
voxceleb,dev,id05577/JFqS7D1RN70/00063,00063.mp4,The-United-Kingdom-1,Poland
voxceleb,dev,id01365/6as616Tk8G8/00067,00067.mp4,The-United-States-of-America,The-United-States-of-America
voxceleb,dev,id01955/qI1sLOCv1bk/00147,00147.mp4,The-United-Kingdom-1,Italy
voxceleb,dev,id03215/sBuKNnc2iMM/00349,00349.mp4,The-United-Kingdom-1,The-United-States-of-America
voxceleb,dev,id00664/o6-RAxQ72_M/00355,00355.mp4,The-United-Kingdom-1,Kingdom-of-the-Netherlands
voxceleb,dev,id03918/d91L2KBQ8oQ/00285,00285.mp4,The-United-Kingdom-1,France
voxceleb,dev,id06262/LWz49bvU00g/00169,00169.mp4,India,unknown
voxceleb,dev,id04752/gVy4UPuiKao/00349,00349.mp4,The-United-Kingdom-1,Canada
voxceleb,dev,id05724/FTq5-5oCmwM/00048,00048.mp4,The-Republic-of-Ireland,The-United-States-of-America
voxceleb,dev,id01159/oD9oh6hNxhA/00196,00196.mp4,The-United-States-of-America,The-United-States-of-America
voxceleb,dev,id04961/kp_XA9ycbqk/00320,00320.mp4,The-United-States-of-America,The-United-States-of-America
voxceleb,dev,id07583/HFBr-nBVx6g/00033,00033.mp4,The-United-Kingdom-1,The-United-Kingdom-1
voxceleb,dev,id08536/JeBz1icvEAs/00131,00131.mp4,The-United-Kingdom-1,Germany
voxceleb,dev,id04493/J_u5e3qSJ2U/00141,00141.mp4,The-United-Kingdom-1,Finland
voxceleb,dev,id05160/BlCjly9ghR4/00050,00050.mp4,The-United-Kingdom-1,The-Republic-of-Ireland
voxceleb,dev,id03848/hj5haRuFsGM/00043,00043.mp4,The-United-Kingdom-1,The-Czech-Republic-1
voxceleb,dev,id08568/tAgnkAWbSXg/00368,00368.mp4,The-United-States-of-America,The-United-States-of-America
voxceleb,dev,id00198/pDZPxVSRJuE/00250,00250.mp4,The-United-States-of-America,Mexico
voxceleb,dev,id03909/IvvebQaAeaU/00017,00017.mp4,The-Republic-of-Ireland,France
voxceleb,dev,id02098/uroDFmS7FtE/00032,00032.mp4,Indonesia,Indonesia
voxceleb,dev,id00202/vcBHeh4WIHw/00468,00468.mp4,The-United-Kingdom-1,Spain
voxceleb,dev,id07377/JmJWxsiI-Mg/00080,00080.mp4,India,India
voxceleb,dev,id07228/q3wSOZhV-nU/00227,00227.mp4,The-United-States-of-America,The-United-States-of-America
voxceleb,dev,id06062/5L1pZpEB5d8/00081,00081.mp4,The-United-States-of-America,The-United-States-of-America
voxceleb,dev,id05771/Ucge64UmpDM/00152,00152.mp4,The-United-Kingdom-1,The-United-States-of-America
voxceleb,dev,id08054/lNp_Bo8blZ4/00192,00192.mp4,India,India
voxceleb,dev,id09094/1uFpzUWh8E8/00023,00023.mp4,The-United-Kingdom-1,Jamaica
voxceleb,dev,id04667/QVQSStjHTSk/00215,00215.mp4,The-Republic-of-Ireland,Germany
voxceleb,dev,id08887/98oR4iYYAsM/00063,00063.mp4,India,The-United-States-of-America
voxceleb,dev,id01207/q7r_pPWfHF8/00336,00336.mp4,The-United-States-of-America,The-United-States-of-America
voxceleb,dev,id09230/l04dM3mHL70/00386,00386.mp4,The-United-Kingdom-1,Venezuela
voxceleb,dev,id00385/Wxokt21DWz4/00269,00269.mp4,The-Republic-of-Ireland,The-United-States-of-America
voxceleb,dev,id02162/ka2xlmFh7ek/00101,00101.mp4,The-United-Kingdom-1,The-United-States-of-America
voxceleb,dev,id00752/9V41r_2MaP0/00040,00040.mp4,The-United-States-of-America,The-United-States-of-America
voxceleb,dev,id02501/Wn70msNWdqY/00153,00153.mp4,India,Venezuela
voxceleb,dev,id01037/7fnRxJeDJzY/00015,00015.mp4,The-United-Kingdom-1,The-United-States-of-America
voxceleb,dev,id08426/9T_Fo2YbFNw/00001,00001.mp4,India,The-United-Kingdom-1
voxceleb,dev,id07466/CF95GbHur4E/00047,00047.mp4,The-United-Kingdom-1,Kingdom-of-the-Netherlands
voxceleb,dev,id07344/L89pQT5TfWI/00230,00230.mp4,The-United-States-of-America,The-United-States-of-America
voxceleb,dev,id08467/X-NmGbZFmBs/00094,00094.mp4,The-United-Kingdom-1,The-United-States-of-America
voxceleb,dev,id00993/eTWf_Bu4V8E/00017,00017.mp4,The-United-Kingdom-1,The-United-Kingdom-1
voxceleb,dev,id01140/LwrN-ma4qsY/00087,00087.mp4,The-United-Kingdom-1,The-United-States-of-America
voxceleb,dev,id09192/l-ft4fQ7M7k/00222,00222.mp4,The-United-Kingdom-1,Serbia
voxceleb,dev,id08525/8yGcUY_1p_I/00195,00195.mp4,The-United-Kingdom-1,Germany
voxceleb,dev,id03812/KoPj67_SglE/00151,00151.mp4,The-Philippines-1,The-Czech-Republic-1
voxceleb,dev,id08230/J0BGPLNK4So/00031,00031.mp4,Ghana,Nigeria
voxceleb,dev,id06017/z3FKtoAM_gA/00494,00494.mp4,The-United-Kingdom-1,The-United-Kingdom-1
voxceleb,dev,id08670/_p9DTHRmblY/00060,00060.mp4,The-United-Kingdom-1,The-United-States-of-America
voxceleb,dev,id03702/S0tpFfx4-1g/00128,00128.mp4,The-United-States-of-America,The-United-States-of-America
voxceleb,dev,id05838/V5XKi5zkPOg/00138,00138.mp4,The-United-Kingdom-1,Belgium
voxceleb,dev,id02633/8c-La6x60zA/00057,00057.mp4,The-United-Kingdom-1,The-United-Kingdom-1
voxceleb,dev,id01338/wMKOBVMz3kM/00037,00037.mp4,New-Zealand,The-United-States-of-America
voxceleb,dev,id00296/JYTyluv4Gws/00019,00019.mp4,The-United-Kingdom-1,Soviet-Union-1
voxceleb,dev,id00943/FJ0z1xoWGQ4/00171,00171.mp4,The-United-States-of-America,The-United-States-of-America
voxceleb,dev,id02007/yDYU-rnBo_U/00255,00255.mp4,The-United-States-of-America,The-United-States-of-America
voxceleb,dev,id06014/La1kTYa903M/00096,00096.mp4,The-United-States-of-America,The-United-States-of-America
voxceleb,dev,id07577/ZTHQYy2xUoQ/00107,00107.mp4,The-United-Kingdom-1,The-United-Kingdom-1
voxceleb,dev,id04028/py-J6XVN2BE/00099,00099.mp4,The-United-Kingdom-1,Canada
voxceleb,dev,id06723/TMnCvzPvtG4/00225,00225.mp4,India,India
voxceleb,dev,id05256/ixbaX1Hz9Qg/00405,00405.mp4,The-United-States-of-America,The-United-States-of-America
voxceleb,dev,id05032/mF0QzBHympE/00061,00061.mp4,The-Republic-of-Ireland,France
voxceleb,dev,id03728/vsl6bxxjjlc/00464,00464.mp4,India,India
voxceleb,dev,id02472/9gpSupuuguc/00025,00025.mp4,The-United-Kingdom-1,The-United-States-of-America
voxceleb,dev,id00469/OTCJQgSbiLQ/00111,00111.mp4,The-United-States-of-America,The-United-States-of-America
voxceleb,dev,id00378/QY-eS5X4ugw/00130,00130.mp4,India,India
voxceleb,dev,id03274/qVCXokjZZfA/00436,00436.mp4,The-United-Kingdom-1,France
voxceleb,dev,id05757/kzF3q8HSh8E/00222,00222.mp4,Iran,Pakistan
voxceleb,dev,id01659/REOo-SAQ0IE/00398,00398.mp4,The-Republic-of-Ireland,Germany
voxceleb,dev,id07866/neECFMcQtMI/00105,00105.mp4,The-United-States-of-America,Germany
voxceleb,dev,id03530/G1lEHHr7hD4/00025,00025.mp4,Nigeria,Mali
voxceleb,dev,id08603/KnV9qzwODMM/00122,00122.mp4,The-United-States-of-America,The-United-States-of-America
voxceleb,dev,id04432/1Z6-dnclCjA/00005,00005.mp4,The-Republic-of-Ireland,The-United-Kingdom-1
voxceleb,dev,id04372/UDvfzv9DYrE/00246,00246.mp4,India,Mexico
voxceleb,dev,id03279/SdtjSZnA4xg/00011,00011.mp4,The-United-States-of-America,Germany
voxceleb,dev,id03455/D5VBrDFxA9Q/00049,00049.mp4,The-United-Kingdom-1,The-United-States-of-America
voxceleb,dev,id07624/GUhKyvxqneQ/00173,00173.mp4,The-United-States-of-America,The-United-States-of-America
voxceleb,dev,id01044/C-LAWcx01o4/00086,00086.mp4,The-United-Kingdom-1,The-United-States-of-America
voxceleb,dev,id01838/Qir-zXYfcr4/00074,00074.mp4,The-United-Kingdom-1,The-United-States-of-America
voxceleb,dev,id00274/9FaHt29XES4/00092,00092.mp4,The-United-Kingdom-1,Germany
voxceleb,dev,id03027/szZjkPu-_-8/00190,00190.mp4,Israel,Canada
voxceleb,dev,id08372/eHyq8hvFr4M/00228,00228.mp4,The-Republic-of-Ireland,The-United-States-of-America
voxceleb,dev,id07161/IH4qSBhgjR0/00103,00103.mp4,India,India
voxceleb,dev,id03843/24kNOMHrTBg/00019,00019.mp4,The-Republic-of-Ireland,Finland
voxceleb,dev,id08477/opgO3uHpIZM/00417,00417.mp4,South-Africa,The-United-States-of-America
voxceleb,dev,id06071/WlnVG87kVdo/00114,00114.mp4,The-United-Kingdom-1,France
voxceleb,dev,id05443/GSuCBbnaaEY/00007,00007.mp4,The-Republic-of-Ireland,Poland
voxceleb,dev,id04618/W5zFQcNrCKQ/00243,00243.mp4,The-United-States-of-America,The-United-States-of-America
voxceleb,dev,id02824/gfyih83zKVQ/00115,00115.mp4,Nigeria,Nigeria
voxceleb,dev,id03264/tOZ--5nkcoQ/00435,00435.mp4,The-United-Kingdom-1,The-United-Kingdom-1
voxceleb,dev,id09269/1-ycYhStJ4U/00070,00070.mp4,The-United-Kingdom-1,The-Czech-Republic-1
voxceleb,dev,id08068/L4vfpkWWcPQ/00047,00047.mp4,India,India
voxceleb,dev,id07549/OJXdwxpGeok/00118,00118.mp4,India,India
voxceleb,dev,id06982/BxNwN--TkYo/00009,00009.mp4,The-United-States-of-America,The-United-States-of-America
voxceleb,dev,id00788/8z7QecWyI3M/00081,00081.mp4,The-United-Kingdom-1,The-United-States-of-America
voxceleb,dev,id00927/jjh7mikMSqM/00094,00094.mp4,The-United-Kingdom-1,Australia
voxceleb,dev,id00426/3CHEIXAnWZM/00013,00013.mp4,The-United-States-of-America,The-United-States-of-America
voxceleb,dev,id03716/_LrqC3XC_6s/00023,00023.mp4,The-United-Kingdom-1,The-United-Kingdom-1
voxceleb,dev,id08123/Ii1C4yPKiIM/00023,00023.mp4,India,India
voxceleb,dev,id02045/NdAtiCNaN_A/00084,00084.mp4,The-United-Kingdom-1,The-United-Kingdom-1
voxceleb,dev,id04618/67BIiGYA__k/00033,00033.mp4,The-United-States-of-America,The-United-States-of-America
voxceleb,dev,id04665/g1L1g40PHbM/00099,00099.mp4,The-United-Kingdom-1,unknown
voxceleb,dev,id08078/LibXJYKJv68/00079,00079.mp4,Austria,Switzerland
voxceleb,dev,id00024/q_q9EPRJcMo/00090,00090.mp4,The-United-Kingdom-1,The-United-Kingdom-1
voxceleb,dev,id06062/3MEFL0gwrPg/00044,00044.mp4,The-United-Kingdom-1,The-United-States-of-America
voxceleb,dev,id01501/dwQT-6dSou0/00353,00353.mp4,The-United-Kingdom-1,The-United-States-of-America
voxceleb,dev,id04125/DdqORtjqw9o/00059,00059.mp4,The-Republic-of-Ireland,German-Democratic-Republic-DDR
voxceleb,dev,id06299/wVNoMnCSUOc/00063,00063.mp4,The-United-Kingdom-1,France
voxceleb,dev,id03336/NqoFqL0hZZo/00190,00190.mp4,The-Republic-of-Ireland,India
voxceleb,dev,id01251/qFZaN5gRNhk/00084,00084.mp4,The-United-Kingdom-1,The-United-States-of-America
voxceleb,dev,id03696/k9mAo7lT_Is/00437,00437.mp4,The-United-States-of-America,The-United-Kingdom-1
voxceleb,dev,id00902/FWv-HFuer00/00116,00116.mp4,The-United-States-of-America,The-United-States-of-America
voxceleb,dev,id04547/nGRj-iCkLcI/00196,00196.mp4,India,South-Africa
voxceleb,dev,id03079/WWyHJsoGMfg/00082,00082.mp4,The-United-Kingdom-1,Kingdom-of-the-Netherlands
voxceleb,dev,id01617/0mQlfE1UoIc/00017,00017.mp4,The-United-Kingdom-1,The-United-Kingdom-1
voxceleb,dev,id05841/KMZ1GDfkdwI/00142,00142.mp4,The-United-Kingdom-1,Germany
voxceleb,dev,id06404/9Lg8MR4OCYQ/00059,00059.mp4,The-United-Kingdom-1,The-United-States-of-America
voxceleb,dev,id05502/5CLv0aG6Pok/00010,00010.mp4,Spain,Spain
voxceleb,dev,id08108/a4BB4EKbKVE/00240,00240.mp4,India,India
voxceleb,dev,id05830/h5JmZQ762dM/00154,00154.mp4,The-United-Kingdom-1,The-United-Kingdom-1
voxceleb,dev,id00171/ZyZYEXF3gy4/00152,00152.mp4,The-United-Kingdom-1,The-United-Kingdom-1
voxceleb,dev,id02711/FZV-Rz3VnKU/00097,00097.mp4,The-Republic-of-Ireland,France
voxceleb,dev,id03656/4JBsa76kqbo/00004,00004.mp4,India,The-United-States-of-America
voxceleb,dev,id06388/GKr7-S6eDXY/00019,00019.mp4,Malaysia,Australia
voxceleb,dev,id07531/en4wM1VIVXE/00284,00284.mp4,The-United-States-of-America,The-United-States-of-America
voxceleb,dev,id04430/w5Oqd1NVFVQ/00142,00142.mp4,The-United-States-of-America,The-United-Kingdom-1
voxceleb,dev,id06730/yE3dWKh6ieA/00025,00025.mp4,The-United-Kingdom-1,Argentina
voxceleb,dev,id03059/WB7hKPtPy1s/00188,00188.mp4,The-United-Kingdom-1,Germany
voxceleb,dev,id01570/0p6AO3HZ8p4/00021,00021.mp4,The-United-Kingdom-1,The-United-States-of-America
voxceleb,dev,id05584/rq9FaJg9hdg/00314,00314.mp4,The-United-Kingdom-1,Germany
voxceleb,dev,id01316/X3l-PiT37QQ/00075,00075.mp4,Brazil,Brazil
voxceleb,dev,id08348/qVthRPfZwDY/00455,00455.mp4,The-United-States-of-America,The-United-States-of-America
voxceleb,dev,id05171/nKCWlzxkOec/00487,00487.mp4,The-United-Kingdom-1,Spain
voxceleb,dev,id08633/X-u97_9ZjSc/00071,00071.mp4,The-United-Kingdom-1,The-Czech-Republic-1
voxceleb,dev,id06426/4AB26OlwIbg/00001,00001.mp4,India,Morocco
voxceleb,dev,id04190/F8G5f2yIiLE/00123,00123.mp4,The-Republic-of-Ireland,Denmark
voxceleb,dev,id05454/3IkiVYbHBUY/00063,00063.mp4,Australia,Australia
voxceleb,dev,id00978/m-cXlo0aJ5M/00375,00375.mp4,The-United-Kingdom-1,The-United-States-of-America
voxceleb,dev,id04939/gGEtyp3lgmM/00170,00170.mp4,The-United-Kingdom-1,The-United-States-of-America
voxceleb,dev,id07956/T3hN24hEpNg/00196,00196.mp4,India,India
voxceleb,dev,id06550/2C6oJJzcqns/00006,00006.mp4,The-Philippines-1,The-Philippines-1
voxceleb,dev,id06264/2IY3rmcnU1o/00010,00010.mp4,The-United-Kingdom-1,The-United-States-of-America
voxceleb,dev,id00979/XAafFV2SNEM/00141,00141.mp4,The-United-States-of-America,France
voxceleb,dev,id03364/s1f5jfAirWY/00154,00154.mp4,Lebanon,Lebanon
voxceleb,dev,id00829/htzr2KHZA0c/00406,00406.mp4,India,The-United-States-of-America
voxceleb,dev,id08533/rWdmmroEDDw/00439,00439.mp4,Germany,Germany
voxceleb,dev,id01656/uAXPm0QXxOo/00135,00135.mp4,India,The-United-States-of-America
voxceleb,dev,id06427/ipFu6_KHiM4/00166,00166.mp4,The-United-States-of-America,The-United-States-of-America
voxceleb,dev,id05799/D2-wfnl2Cvg/00010,00010.mp4,The-United-Kingdom-1,Germany
voxceleb,dev,id03386/YVUDXZfdObw/00146,00146.mp4,The-United-Kingdom-1,The-United-Kingdom-1
voxceleb,dev,id02440/ANexXHqAKmU/00069,00069.mp4,Israel,The-United-States-of-America
voxceleb,dev,id03363/lbDjQFwnSnM/00077,00077.mp4,India,South-Africa
voxceleb,dev,id08543/OgwkUs6oZ48/00044,00044.mp4,India,India
voxceleb,dev,id04204/ufoq3TZSf7E/00300,00300.mp4,The-United-States-of-America,The-United-States-of-America
voxceleb,dev,id06982/rdMNj5qFn64/00075,00075.mp4,The-United-Kingdom-1,The-United-States-of-America
voxceleb,dev,id00516/1Qilemz0LGw/00005,00005.mp4,The-Republic-of-Ireland,Belarus-1
voxceleb,dev,id03363/8LINrioHjmI/00025,00025.mp4,Russia,South-Africa
voxceleb,dev,id07046/7lsztk96_Z0/00041,00041.mp4,India,India
voxceleb,dev,id06838/OdqUaFG_poE/00008,00008.mp4,The-United-Kingdom-1,unknown
voxceleb,dev,id00990/nThRsdINlrQ/00294,00294.mp4,The-United-Kingdom-1,Kingdom-of-the-Netherlands
voxceleb,dev,id02780/vv9kkLMMaaI/00095,00095.mp4,The-United-Kingdom-1,The-United-Kingdom-1
voxceleb,dev,id07496/l-kzDLs8AB8/00082,00082.mp4,The-United-States-of-America,Brazil
voxceleb,dev,id06550/rLMwBSCV_cQ/00146,00146.mp4,The-Philippines-1,The-Philippines-1
voxceleb,dev,id03966/8plVtoAdyYA/00058,00058.mp4,The-United-Kingdom-1,The-United-States-of-America
voxceleb,dev,id06869/Dr8eHi78w_A/00022,00022.mp4,The-United-States-of-America,The-United-States-of-America
voxceleb,dev,id03292/eyCj_zmPU14/00167,00167.mp4,The-United-Kingdom-1,Iraq
voxceleb,dev,id03633/v1OuG5_6iCg/00084,00084.mp4,Brazil,Australia
voxceleb,dev,id05457/4ZiAEnsPpwg/00009,00009.mp4,The-United-Kingdom-1,The-United-States-of-America
voxceleb,dev,id08512/gfyBBb9DWxM/00102,00102.mp4,The-United-Kingdom-1,France
voxceleb,dev,id04941/p0UGl8o-yMg/00265,00265.mp4,The-United-States-of-America,The-United-States-of-America
voxceleb,dev,id06595/rZJgW6UdFiw/00090,00090.mp4,The-United-Kingdom-1,The-United-Kingdom-1
voxceleb,dev,id03196/UEBQpe4w6p0/00031,00031.mp4,The-United-Kingdom-1,The-United-States-of-America
voxceleb,dev,id02101/S8SrmC0r7Eg/00036,00036.mp4,France,The-United-Kingdom-1
voxceleb,dev,id08521/m5ODg5gdB_4/00230,00230.mp4,The-United-Kingdom-1,The-United-Kingdom-1
voxceleb,dev,id06025/ZQtAXiqvKWo/00171,00171.mp4,The-United-Kingdom-1,Kingdom-of-the-Netherlands
voxceleb,dev,id08834/dDPSJWNoRdk/00337,00337.mp4,India,Pakistan
voxceleb,dev,id00316/fBEIoPLRtbY/00128,00128.mp4,The-Republic-of-Ireland,Lithuania
voxceleb,dev,id04736/Aye7vnKyktQ/00049,00049.mp4,India,The-United-States-of-America
voxceleb,dev,id04834/kzKzlVdf8eA/00232,00232.mp4,The-United-States-of-America,The-United-States-of-America
voxceleb,dev,id06929/XozZJ4CsbrU/00216,00216.mp4,The-United-Kingdom-1,The-United-States-of-America
voxceleb,dev,id02342/WRaNWmNbbvg/00196,00196.mp4,The-United-States-of-America,The-United-States-of-America
voxceleb,dev,id08162/Zf14LP4yXgY/00085,00085.mp4,The-United-Kingdom-1,Germany
voxceleb,dev,id06723/9sbvTFlmfOg/00076,00076.mp4,India,India
voxceleb,dev,id04335/t0lS6fqaVv0/00063,00063.mp4,Ghana,Nigeria
voxceleb,dev,id02496/WBhBtQqeIqM/00004,00004.mp4,Honduras,Puerto-Rico
voxceleb,dev,id03693/goDVeH5CUzk/00227,00227.mp4,The-United-States-of-America,The-United-States-of-America
voxceleb,dev,id08373/t8L-Py7oSv0/00200,00200.mp4,The-United-Kingdom-1,The-United-States-of-America
voxceleb,dev,id01331/qGvxzgbjuhY/00045,00045.mp4,The-United-Kingdom-1,The-United-States-of-America
voxceleb,dev,id05658/EdlU8wFu0CM/00023,00023.mp4,The-United-Kingdom-1,The-United-States-of-America
voxceleb,dev,id07256/qBGDzxS0s90/00442,00442.mp4,The-United-Kingdom-1,The-United-Kingdom-1
voxceleb,dev,id03187/HJaXcuiGVnQ/00121,00121.mp4,The-United-Kingdom-1,South-Africa
voxceleb,dev,id05371/BBAPVEKJXSk/00015,00015.mp4,Japan,The-United-States-of-America
voxceleb,dev,id04854/tnZjH3NVWNg/00240,00240.mp4,The-United-Kingdom-1,Germany
voxceleb,dev,id07285/5nPJlL-ZEd0/00028,00028.mp4,The-United-Kingdom-1,Germany
voxceleb,dev,id00644/TbBdJL2Hnco/00071,00071.mp4,The-United-Kingdom-1,Germany
voxceleb,dev,id00309/WzNbGwDlY-M/00076,00076.mp4,Jordan-215,unknown
voxceleb,dev,id08512/ld2r-RRorAw/00118,00118.mp4,The-United-Kingdom-1,France
voxceleb,dev,id02389/_OTgH0tquO4/00206,00206.mp4,The-United-States-of-America,The-United-States-of-America
voxceleb,dev,id00149/VksfrTICHqA/00188,00188.mp4,India,unknown
voxceleb,dev,id06504/_16mywH4ZXg/00157,00157.mp4,The-United-Kingdom-1,The-United-Kingdom-1
voxceleb,dev,id01264/wHDNP0YDxts/00449,00449.mp4,The-United-Kingdom-1,France
voxceleb,dev,id08394/dBWJYzchLi0/00024,00024.mp4,The-United-States-of-America,The-United-States-of-America
voxceleb,dev,id09198/bl7mTK7f96k/00104,00104.mp4,The-United-Kingdom-1,The-United-Kingdom-1
voxceleb,dev,id03028/6AWXEkI4W5w/00041,00041.mp4,Taiwan,The-United-States-of-America
voxceleb,dev,id05373/8CtZA3Bqnl4/00006,00006.mp4,The-United-Kingdom-1,The-United-States-of-America
voxceleb,dev,id00657/4_48mAmxaOQ/00015,00015.mp4,The-United-Kingdom-1,France
voxceleb,dev,id07616/XNu9jKu4kxI/00071,00071.mp4,The-United-Kingdom-1,The-United-Kingdom-1
voxceleb,dev,id04443/ZCekZRIBZq0/00149,00149.mp4,The-United-States-of-America,The-United-States-of-America
voxceleb,dev,id08249/vqPlEHJ5UBE/00439,00439.mp4,The-United-Kingdom-1,The-United-Kingdom-1
voxceleb,dev,id05257/7k8oRjpaklg/00152,00152.mp4,The-United-States-of-America,The-United-States-of-America
voxceleb,dev,id07549/gGvzuSGWJK0/00162,00162.mp4,India,India
voxceleb,dev,id06415/y4Np6D14fLE/00471,00471.mp4,The-United-Kingdom-1,The-United-States-of-America
voxceleb,dev,id02030/v3pIr_Zm8rU/00221,00221.mp4,The-United-Kingdom-1,The-United-Kingdom-1
voxceleb,dev,id02440/lbwoaAOz6xw/00291,00291.mp4,The-United-States-of-America,The-United-States-of-America
voxceleb,dev,id00557/IyWoJO4bKhI/00047,00047.mp4,The-United-Kingdom-1,Austria
voxceleb,dev,id08171/eGozzese_as/00264,00264.mp4,The-United-Kingdom-1,The-United-Kingdom-1
voxceleb,dev,id08022/5P8sO7mshmQ/00013,00013.mp4,The-United-Kingdom-1,The-United-States-of-America
voxceleb,dev,id08518/Bxq8PSnv9A0/00110,00110.mp4,The-United-States-of-America,Germany
voxceleb,dev,id00303/8fkAtZyUw_4/00081,00081.mp4,The-United-Kingdom-1,Cuba
voxceleb,dev,id02252/VmCBhzoVgy4/00294,00294.mp4,The-United-Kingdom-1,The-United-Kingdom-1
voxceleb,dev,id08739/0dym7twoeww/00009,00009.mp4,India,India
voxceleb,dev,id04649/roJ70LehkI0/00076,00076.mp4,The-United-Kingdom-1,Germany
voxceleb,dev,id08544/Ic5g0-IqRzY/00073,00073.mp4,The-Republic-of-Ireland,The-United-States-of-America
voxceleb,dev,id05402/b0ed5YQf2Ko/00113,00113.mp4,The-United-Kingdom-1,The-United-States-of-America
voxceleb,dev,id00323/WAFcKeXudaU/00088,00088.mp4,The-United-States-of-America,The-United-States-of-America
voxceleb,dev,id03673/hDlKzffOcB4/00145,00145.mp4,The-United-Kingdom-1,The-United-States-of-America
voxceleb,dev,id02453/_V5Ay7_2LnU/00149,00149.mp4,The-United-Kingdom-1,Canada
voxceleb,dev,id08650/Fcb-vXM5roU/00173,00173.mp4,The-United-Kingdom-1,The-United-States-of-America
voxceleb,dev,id01095/05iIRt8ObSw/00006,00006.mp4,The-United-Kingdom-1,The-United-States-of-America
voxceleb,dev,id05293/6Zbc3DsRYj0/00047,00047.mp4,The-United-Kingdom-1,Italy
voxceleb,dev,id03246/YoT0DUG6roU/00204,00204.mp4,The-Republic-of-Ireland,Denmark
voxceleb,dev,id00324/9_AOUV-PDVg/00108,00108.mp4,The-United-Kingdom-1,Sweden
voxceleb,dev,id05644/_u_4NEBxCHk/00386,00386.mp4,The-Republic-of-Ireland,France
voxceleb,dev,id04334/MeGXbY6U9Gw/00190,00190.mp4,The-United-Kingdom-1,The-United-States-of-America
voxceleb,dev,id06771/iWK3wCFFKzA/00326,00326.mp4,Jordan-215,Nepal
voxceleb,dev,id07685/CNPV2NViJzI/00114,00114.mp4,The-United-States-of-America,German-Democratic-Republic-DDR
voxceleb,dev,id03994/hDZAC-CA_Hg/00339,00339.mp4,The-Republic-of-Ireland,Norway
voxceleb,dev,id06383/_pPFoNzRz_c/00080,00080.mp4,The-Republic-of-Ireland,Canada
voxceleb,dev,id01827/2CCgJT7PFus/00042,00042.mp4,The-Republic-of-Ireland,Italy
voxceleb,dev,id07720/ynv60pm6QdU/00166,00166.mp4,The-United-States-of-America,Italy
voxceleb,dev,id02817/sgv6ExoXZ9k/00481,00481.mp4,The-United-Kingdom-1,Kingdom-of-the-Netherlands
voxceleb,dev,id08546/YVZnacOcoS0/00247,00247.mp4,The-United-Kingdom-1,The-United-States-of-America
voxceleb,dev,id01761/37YuQJQwmag/00004,00004.mp4,The-United-Kingdom-1,France
voxceleb,dev,id05664/m42UnSZuEMY/00403,00403.mp4,The-United-Kingdom-1,The-United-States-of-America
voxceleb,dev,id00891/vsmV7Jcc0Uc/00398,00398.mp4,The-United-Kingdom-1,The-United-States-of-America
voxceleb,dev,id00613/FsPpKgJ6XqQ/00079,00079.mp4,The-Republic-of-Ireland,The-United-States-of-America
voxceleb,dev,id03907/_m1KedI3a3I/00413,00413.mp4,The-Republic-of-Ireland,France
voxceleb,dev,id02067/cNKU6P1jiOc/00321,00321.mp4,The-United-Kingdom-1,The-United-Kingdom-1
voxceleb,dev,id03236/kXJWvYUaTyc/00031,00031.mp4,The-United-States-of-America,Argentina
voxceleb,dev,id08192/lESUZYX0OsQ/00118,00118.mp4,Honduras,Australia
voxceleb,dev,id07980/F3Eb-lSZ9B8/00067,00067.mp4,India,British-Colonial-Rule
voxceleb,dev,id07525/VsCdICZ9w2g/00106,00106.mp4,The-Republic-of-Ireland,Germany
voxceleb,dev,id00578/0KO8jFMBEro/00008,00008.mp4,India,The-United-States-of-America
voxceleb,dev,id07528/HX-M6rIdxLw/00056,00056.mp4,The-United-Kingdom-1,The-United-Kingdom-1
voxceleb,dev,id00019/MDEetah50_s/00034,00034.mp4,The-United-States-of-America,The-United-States-of-America
voxceleb,dev,id02432/VcmV1kNNhvo/00047,00047.mp4,The-United-Kingdom-1,The-United-States-of-America
voxceleb,dev,id09046/hot5ixctq70/00213,00213.mp4,Spain,Spain
voxceleb,dev,id04179/XrWXv1m367g/00213,00213.mp4,The-United-Kingdom-1,Sweden
voxceleb,dev,id03932/UvudnAbDoXY/00159,00159.mp4,France,France
voxceleb,dev,id04827/Z0VwEfqXiV0/00094,00094.mp4,China,The-United-States-of-America
voxceleb,dev,id08086/5O4jJY6wd78/00015,00015.mp4,The-Republic-of-Ireland,Germany
voxceleb,dev,id05750/YfAe2cmDnkw/00215,00215.mp4,The-United-Kingdom-1,The-United-States-of-America
voxceleb,dev,id02724/e-zGOfTyWkA/00298,00298.mp4,The-Republic-of-Ireland,Kingdom-of-the-Netherlands
voxceleb,dev,id02078/A5dJBMftiRU/00029,00029.mp4,The-United-States-of-America,The-United-States-of-America
voxceleb,dev,id04554/ocZOuW68vrI/00343,00343.mp4,India,India
voxceleb,dev,id02255/s2lRraHE4Uo/00071,00071.mp4,The-Republic-of-Ireland,The-United-States-of-America
voxceleb,dev,id03923/5f1m1cst92Y/00065,00065.mp4,France,France
voxceleb,dev,id01039/LTg2atjck-g/00175,00175.mp4,The-United-Kingdom-1,Turkey-country
voxceleb,dev,id07834/sNWlEO35Q8k/00357,00357.mp4,The-United-Kingdom-1,The-United-Kingdom-1
voxceleb,dev,id06829/AN08nYAF3d8/00030,00030.mp4,The-United-Kingdom-1,The-United-States-of-America
voxceleb,dev,id04675/Y-43JZ8e0Og/00088,00088.mp4,The-United-Kingdom-1,The-United-States-of-America
voxceleb,dev,id00773/_pRzYevzqX4/00296,00296.mp4,India,India
voxceleb,dev,id08950/VzKXOcsb7os/00109,00109.mp4,The-Republic-of-Ireland,Serbia
voxceleb,dev,id04737/WuBvG2sQY5s/00071,00071.mp4,The-United-States-of-America,Norway
voxceleb,dev,id03895/fsoDM6hWH0I/00219,00219.mp4,The-United-Kingdom-1,The-United-States-of-America
voxceleb,dev,id01962/Pr-Y_kPXIdY/00170,00170.mp4,The-United-Kingdom-1,Australia
voxceleb,dev,id08518/vcRXl2NMP9w/00393,00393.mp4,The-United-Kingdom-1,Germany
voxceleb,dev,id00266/SUW6-wzGv-8/00227,00227.mp4,The-Republic-of-Ireland,The-United-Kingdom-1
voxceleb,dev,id08465/cc1p0LM3Cgs/00026,00026.mp4,The-United-Kingdom-1,The-Czech-Republic-1
voxceleb,dev,id01098/PgKEm7FANog/00129,00129.mp4,The-United-Kingdom-1,The-United-States-of-America
voxceleb,dev,id03987/yRO3bnSXXNw/00133,00133.mp4,The-United-Kingdom-1,Germany
voxceleb,dev,id07520/LdYOSXAoxmw/00083,00083.mp4,The-United-States-of-America,The-United-States-of-America
voxceleb,dev,id07175/CmyDUCPQQvY/00121,00121.mp4,The-United-Kingdom-1,India
voxceleb,dev,id00724/JMWBL-YiEl4/00115,00115.mp4,The-United-Kingdom-1,Italy
voxceleb,dev,id05352/WBPqDUyjKA0/00017,00017.mp4,The-United-Kingdom-1,The-United-Kingdom-1
voxceleb,dev,id04821/27MBfcwH9tw/00002,00002.mp4,The-United-Kingdom-1,The-United-Kingdom-1
voxceleb,dev,id04404/ZDK78GODNAc/00224,00224.mp4,The-United-States-of-America,The-United-States-of-America
voxceleb,dev,id07578/Eh3BfKx6uaI/00182,00182.mp4,The-United-Kingdom-1,The-United-States-of-America
voxceleb,dev,id01718/3S0T-KXTWXI/00014,00014.mp4,The-United-Kingdom-1,France
voxceleb,dev,id01746/1x9mm34NPms/00014,00014.mp4,The-United-Kingdom-1,Italy
voxceleb,dev,id03198/00AZrmAB2aE/00002,00002.mp4,South-Africa,Australia
voxceleb,dev,id08282/UZXmb7zhUXs/00187,00187.mp4,The-United-Kingdom-1,unknown
voxceleb,dev,id07466/bZwd9SXO5zk/00185,00185.mp4,The-United-States-of-America,Kingdom-of-the-Netherlands
voxceleb,dev,id07717/U1cdlYXSakA/00037,00037.mp4,The-United-Kingdom-1,The-United-Kingdom-1
voxceleb,dev,id07564/P2HaJChmEsI/00145,00145.mp4,The-United-Kingdom-1,Australia
voxceleb,dev,id09009/YwwjByou5og/00216,00216.mp4,France,The-United-States-of-America
voxceleb,dev,id07989/1yrhQq9CFYE/00007,00007.mp4,The-United-Kingdom-1,Australia
voxceleb,dev,id01639/1rpgth9ngRU/00027,00027.mp4,The-United-Kingdom-1,France
voxceleb,dev,id07528/65dre0h6evg/00025,00025.mp4,The-United-Kingdom-1,The-United-Kingdom-1
voxceleb,dev,id07726/t_DYfLSlCmA/00444,00444.mp4,The-United-Kingdom-1,The-United-States-of-America
voxceleb,dev,id01592/7pTbMpMKwlo/00061,00061.mp4,The-United-Kingdom-1,The-United-Kingdom-1
voxceleb,dev,id06018/WSovR7NZuRM/00238,00238.mp4,The-United-Kingdom-1,The-United-States-of-America
voxceleb,dev,id01156/RT99eogJo4k/00078,00078.mp4,The-United-States-of-America,Canada
voxceleb,dev,id08049/oiSkH5mN1rE/00395,00395.mp4,India,India
voxceleb,dev,id07469/Nk1tnyn5NgA/00155,00155.mp4,The-United-Kingdom-1,The-United-Kingdom-1
voxceleb,dev,id04698/cdn4qiExYKI/00244,00244.mp4,The-United-Kingdom-1,The-United-States-of-America
voxceleb,dev,id04869/Mqu7Q0qIg20/00265,00265.mp4,The-United-Kingdom-1,Croatia
voxceleb,dev,id01729/3IvHwQwVVTo/00037,00037.mp4,The-United-Kingdom-1,The-United-Kingdom-1
voxceleb,dev,id05034/blrqiM3pjlU/00114,00114.mp4,The-United-Kingdom-1,France
voxceleb,dev,id04943/gdBAxF6phqE/00099,00099.mp4,The-United-States-of-America,The-United-States-of-America
voxceleb,dev,id01223/WA-Z_5QiR28/00319,00319.mp4,The-United-States-of-America,The-United-States-of-America
voxceleb,dev,id06142/srfkJOeeYM8/00093,00093.mp4,Serbia,The-Czech-Republic-1
voxceleb,dev,id08996/liBbfkvpKhw/00046,00046.mp4,The-United-Kingdom-1,The-Republic-of-Ireland
voxceleb,dev,id02653/j8a_ZiwRuZs/00380,00380.mp4,The-United-Kingdom-1,Germany
voxceleb,dev,id01315/by3sQOons6g/00355,00355.mp4,The-United-States-of-America,The-United-States-of-America
voxceleb,dev,id07741/27Ka0X6WnIc/00012,00012.mp4,The-United-States-of-America,The-United-States-of-America
voxceleb,dev,id05997/MHJ9lHBxqXo/00107,00107.mp4,The-United-Kingdom-1,Germany
voxceleb,dev,id02105/Rj4OuNS-Eqs/00158,00158.mp4,The-United-Kingdom-1,The-United-States-of-America
voxceleb,dev,id07241/UOOmG6sQJOg/00126,00126.mp4,The-United-States-of-America,The-United-States-of-America
voxceleb,dev,id06823/b5bQY--z6u4/00134,00134.mp4,The-United-Kingdom-1,The-United-States-of-America
voxceleb,dev,id04523/XUH99e4LEPI/00231,00231.mp4,The-United-Kingdom-1,The-United-States-of-America
voxceleb,dev,id03720/xmaGK-wMvMY/00177,00177.mp4,The-Republic-of-Ireland,The-United-States-of-America
voxceleb,dev,id04738/S5X94L-NN-4/00255,00255.mp4,The-United-States-of-America,The-United-States-of-America
voxceleb,dev,id09175/iKpFYxJqTK4/00080,00080.mp4,Japan,China
voxceleb,dev,id03243/UuGn53UjAu8/00189,00189.mp4,India,India
voxceleb,dev,id03721/1x5jXogfHfI/00007,00007.mp4,Jordan-215,Spain
voxceleb,dev,id08222/LmOHzlQ48WU/00012,00012.mp4,The-United-Kingdom-1,The-United-Kingdom-1
voxceleb,dev,id08592/ySdMPkkbsMc/00489,00489.mp4,The-United-Kingdom-1,The-United-Kingdom-1
voxceleb,dev,id05641/bKrllLstz0M/00185,00185.mp4,The-Republic-of-Ireland,Croatia
voxceleb,dev,id07635/Xd-5BD4iedM/00043,00043.mp4,The-Republic-of-Ireland,The-United-Kingdom-1
voxceleb,dev,id02736/NQnv8rHM-Dc/00052,00052.mp4,India,India
voxceleb,dev,id03713/1iRE_eIz1Ok/00009,00009.mp4,The-United-Kingdom-1,The-United-States-of-America
voxceleb,dev,id03763/PeKXGmESZco/00174,00174.mp4,The-United-States-of-America,Canada
voxceleb,dev,id03371/ZwGPoVV-M5o/00228,00228.mp4,The-United-Kingdom-1,The-United-Kingdom-1
voxceleb,dev,id01060/otqc0JXKisQ/00368,00368.mp4,The-United-States-of-America,The-United-States-of-America
voxceleb,dev,id06432/_z0d6zBO_nU/00261,00261.mp4,The-United-Kingdom-1,The-United-States-of-America
voxceleb,dev,id03373/Ki_YZuzZE5k/00056,00056.mp4,The-United-Kingdom-1,The-United-Kingdom-1
voxceleb,dev,id08348/fUFPYRTAK3A/00317,00317.mp4,The-United-States-of-America,The-United-States-of-America
voxceleb,dev,id05978/8tbY4PzGovk/00106,00106.mp4,Israel,Turkey-country
voxceleb,dev,id02315/UUOSwPphXaA/00018,00018.mp4,The-Republic-of-Ireland,Montenegro
voxceleb,dev,id06541/ZC84UG1FdhM/00197,00197.mp4,The-Republic-of-Ireland,The-United-Kingdom-1
voxceleb,dev,id07198/ajsy-nIW4Zw/00049,00049.mp4,The-United-Kingdom-1,Montenegro
voxceleb,dev,id04602/JWAGqwQkl-o/00072,00072.mp4,The-United-Kingdom-1,The-United-States-of-America
voxceleb,dev,id06485/ewcYKb3bUk8/00233,00233.mp4,The-United-Kingdom-1,The-United-States-of-America
voxceleb,dev,id05170/W3apTiKPSEI/00135,00135.mp4,The-United-Kingdom-1,The-United-Kingdom-1
voxceleb,dev,id01743/1VgfwByKFTs/00024,00024.mp4,The-United-States-of-America,The-United-States-of-America
voxceleb,dev,id04834/5awWyPQzm90/00071,00071.mp4,The-United-States-of-America,The-United-States-of-America
voxceleb,dev,id00350/IdGuH1tA0TE/00113,00113.mp4,India,India
voxceleb,dev,id04662/SDtf7MYKxJ4/00099,00099.mp4,The-Republic-of-Ireland,Germany
voxceleb,dev,id08603/020a5OJEodY/00011,00011.mp4,The-United-Kingdom-1,The-United-States-of-America
voxceleb,dev,id03532/161fkq5GJKU/00017,00017.mp4,The-United-Kingdom-1,The-United-States-of-America
voxceleb,dev,id06445/NWtdqOxEbDY/00148,00148.mp4,India,India
voxceleb,dev,id06499/0oPrq261eRQ/00011,00011.mp4,The-United-Kingdom-1,Germany
voxceleb,dev,id04938/iQWua1VNzA0/00058,00058.mp4,India,Jamaica
voxceleb,dev,id00374/3LPlJOmuVtA/00082,00082.mp4,The-United-Kingdom-1,The-United-States-of-America
voxceleb,dev,id08053/CtOJ9g1cdQI/00110,00110.mp4,India,India
voxceleb,dev,id03921/490PNvcLSD8/00021,00021.mp4,The-United-Kingdom-1,France
voxceleb,dev,id04161/y1ZgMgNSZDc/00158,00158.mp4,The-United-Kingdom-1,Germany
voxceleb,dev,id07012/TYcRg0YWGxk/00073,00073.mp4,The-United-Kingdom-1,Italy
voxceleb,dev,id08640/tw4pJswHCd8/00274,00274.mp4,The-United-States-of-America,Australia
voxceleb,dev,id04305/hIcO8xrW0KY/00066,00066.mp4,The-United-Kingdom-1,The-United-States-of-America
voxceleb,dev,id07537/V3DfVgB6x-A/00077,00077.mp4,The-United-Kingdom-1,The-United-States-of-America
voxceleb,dev,id01931/KIIxb2NUo2w/00178,00178.mp4,The-United-States-of-America,Australia
voxceleb,dev,id00942/rDAiqoWznJs/00416,00416.mp4,The-United-Kingdom-1,The-United-Kingdom-1
voxceleb,dev,id02458/0NffzjNmV-U/00006,00006.mp4,The-United-Kingdom-1,The-United-States-of-America
voxceleb,dev,id08755/l_89ATkZPNg/00089,00089.mp4,The-United-States-of-America,unknown
voxceleb,dev,id05573/1GfnHy9IJvE/00015,00015.mp4,The-United-Kingdom-1,Canada
voxceleb,dev,id05983/XHMSWbZN3KY/00237,00237.mp4,The-United-Kingdom-1,The-United-States-of-America
voxceleb,dev,id03613/GKshRunUFbk/00022,00022.mp4,The-United-Kingdom-1,The-United-States-of-America
voxceleb,dev,id03920/N1NFT7qWHv0/00127,00127.mp4,The-Republic-of-Ireland,France
voxceleb,dev,id02539/wY3If-SdcWg/00163,00163.mp4,The-Republic-of-Ireland,The-United-Kingdom-1
voxceleb,dev,id02872/tBvozJBxwnU/00193,00193.mp4,The-United-Kingdom-1,Germany
voxceleb,dev,id04117/021N6H2WmdI/00013,00013.mp4,The-United-Kingdom-1,The-Czech-Republic-1
voxceleb,dev,id06609/ZDWYULyg4r4/00036,00036.mp4,The-United-Kingdom-1,Malaysia
voxceleb,dev,id02590/LD4m0dBTCpg/00038,00038.mp4,The-United-States-of-America,Brazil
voxceleb,dev,id03287/NmgBQsq15mI/00055,00055.mp4,India,India
voxceleb,dev,id03427/iK-0ZWwcOmc/00130,00130.mp4,The-Republic-of-Ireland,Brazil
voxceleb,dev,id02873/trQZJW7fXew/00448,00448.mp4,The-Republic-of-Ireland,The-United-States-of-America
voxceleb,dev,id00366/RSOgEoek8WM/00144,00144.mp4,The-United-Kingdom-1,The-United-States-of-America
voxceleb,dev,id06792/4IdGb2s04WA/00073,00073.mp4,The-United-Kingdom-1,The-United-States-of-America
voxceleb,dev,id04334/EIBLNvON678/00104,00104.mp4,The-Republic-of-Ireland,The-United-States-of-America
voxceleb,dev,id05722/_7gz0rKobmI/00046,00046.mp4,The-United-Kingdom-1,The-United-States-of-America
voxceleb,dev,id07587/pCaI5H6MQfI/00242,00242.mp4,The-United-States-of-America,The-United-States-of-America
voxceleb,dev,id01121/x44khpjP65o/00407,00407.mp4,The-United-States-of-America,The-United-States-of-America
voxceleb,dev,id08148/schY98BWBC8/00072,00072.mp4,The-United-Kingdom-1,Norway
voxceleb,dev,id05025/nzl3jmucCvE/00072,00072.mp4,India,The-United-States-of-America
voxceleb,dev,id04014/0A71dAWcFNM/00003,00003.mp4,The-United-States-of-America,The-United-States-of-America
voxceleb,dev,id09064/csT-3cx0GsA/00133,00133.mp4,China,China
voxceleb,dev,id07837/VPjZha_nh4w/00257,00257.mp4,The-United-States-of-America,The-United-States-of-America
voxceleb,dev,id05980/Vdf2XGFP6xU/00096,00096.mp4,The-United-Kingdom-1,The-United-States-of-America
voxceleb,dev,id03312/EwvWbY_0NzU/00114,00114.mp4,The-United-Kingdom-1,The-United-States-of-America
voxceleb,dev,id06863/jYM9bKML2yA/00200,00200.mp4,The-United-Kingdom-1,The-United-States-of-America
voxceleb,dev,id09013/Ofwy6Hdudps/00060,00060.mp4,The-United-States-of-America,Denmark
voxceleb,dev,id01330/ZJClaisFV3w/00078,00078.mp4,The-United-Kingdom-1,France
voxceleb,dev,id00663/pSbd8ubKHlQ/00161,00161.mp4,The-United-Kingdom-1,Germany
voxceleb,dev,id00481/w85KvMYQnGM/00081,00081.mp4,The-United-States-of-America,Italy
voxceleb,dev,id00090/11p0FIRENPI/00003,00003.mp4,The-United-Kingdom-1,Spain
voxceleb,dev,id05283/6MTwYlhJ3e4/00024,00024.mp4,The-United-States-of-America,The-United-States-of-America
voxceleb,dev,id05289/SJ2zN1BjwY4/00170,00170.mp4,The-United-Kingdom-1,France
voxceleb,dev,id02667/HcxFowKIbZQ/00119,00119.mp4,The-United-Kingdom-1,The-United-States-of-America
voxceleb,dev,id07944/0P3XJ_qjhTc/00001,00001.mp4,The-Republic-of-Ireland,Germany
voxceleb,dev,id06289/L3Xz6Wbsxs0/00157,00157.mp4,The-United-Kingdom-1,The-United-States-of-America
voxceleb,dev,id01225/9CNgM83aoaI/00120,00120.mp4,The-United-Kingdom-1,The-United-States-of-America
voxceleb,dev,id01209/VlFuSOCLbG8/00335,00335.mp4,The-Republic-of-Ireland,The-United-States-of-America
voxceleb,dev,id03115/72tLLpBCVCY/00004,00004.mp4,The-United-Kingdom-1,Italy
voxceleb,dev,id06552/av-gISZk5Us/00355,00355.mp4,The-United-States-of-America,The-United-States-of-America
voxceleb,dev,id05750/Rxj_HGCrE_8/00134,00134.mp4,The-United-Kingdom-1,The-United-States-of-America
voxceleb,dev,id05218/o6VVNGsjcjk/00159,00159.mp4,The-United-Kingdom-1,The-United-Kingdom-1
voxceleb,dev,id07263/fuWrNJAR3Q0/00062,00062.mp4,The-United-States-of-America,The-United-States-of-America
voxceleb,dev,id05935/3tykTCQO4-o/00023,00023.mp4,The-United-States-of-America,Slovenia
voxceleb,dev,id01690/0wDfrx_YNac/00015,00015.mp4,The-United-States-of-America,The-United-States-of-America
voxceleb,dev,id00592/v-enJvsGnTg/00339,00339.mp4,South-Africa,South-Africa
voxceleb,dev,id04529/IR28huvPsNM/00124,00124.mp4,India,India
voxceleb,dev,id01592/2PXDhVAaO_Y/00022,00022.mp4,The-United-Kingdom-1,The-United-Kingdom-1
voxceleb,dev,id06184/YRFbxCeUM-w/00019,00019.mp4,The-United-Kingdom-1,Germany
voxceleb,dev,id02817/pFARqevOz54/00444,00444.mp4,The-United-Kingdom-1,Kingdom-of-the-Netherlands
voxceleb,dev,id04917/FGQYZK3dAcs/00043,00043.mp4,The-Republic-of-Ireland,Poland
voxceleb,dev,id08783/5EaN6Db4nyg/00007,00007.mp4,The-United-Kingdom-1,Italy
voxceleb,dev,id03972/7B8Q6D4a6TM/00010,00010.mp4,The-United-Kingdom-1,unknown
voxceleb,dev,id02147/KnbRMpSToGw/00059,00059.mp4,The-United-Kingdom-1,The-United-States-of-America
voxceleb,dev,id03215/MIbb-La88-c/00097,00097.mp4,The-United-States-of-America,The-United-States-of-America
voxceleb,dev,id02865/sQhPpzCpVy8/00233,00233.mp4,The-United-Kingdom-1,France
voxceleb,dev,id03288/RDdqEPHd18Y/00189,00189.mp4,The-United-Kingdom-1,Germany
voxceleb,dev,id06056/Qi8ghhkFOBc/00096,00096.mp4,The-United-Kingdom-1,The-United-States-of-America
voxceleb,dev,id04652/uRUs9LGUlzU/00309,00309.mp4,The-United-Kingdom-1,The-United-States-of-America
voxceleb,dev,id06292/ZXnHAHvssXU/00129,00129.mp4,The-Republic-of-Ireland,Lebanon
voxceleb,dev,id04517/WEmhLqWdl7g/00306,00306.mp4,Jamaica,The-United-States-of-America
voxceleb,dev,id01057/_vkfXM9nN6M/00249,00249.mp4,The-United-Kingdom-1,The-United-States-of-America
voxceleb,dev,id06747/e2AoL8Hj8bY/00197,00197.mp4,The-United-States-of-America,The-United-States-of-America
voxceleb,dev,id06335/lmrUJfEpIf8/00322,00322.mp4,India,India
voxceleb,dev,id04125/DdqORtjqw9o/00065,00065.mp4,The-Republic-of-Ireland,German-Democratic-Republic-DDR
voxceleb,dev,id06547/OfK8jTkyDV0/00021,00021.mp4,India,India
voxceleb,dev,id00128/Yr8WcBKzRUA/00087,00087.mp4,Pakistan,Pakistan
voxceleb,dev,id02633/Ek-8kzncPz0/00110,00110.mp4,The-United-Kingdom-1,The-United-Kingdom-1
voxceleb,dev,id08340/Etn_8Q_hmx0/00015,00015.mp4,The-United-Kingdom-1,Russia
voxceleb,dev,id07241/rnx0fNrDmE4/00230,00230.mp4,The-United-States-of-America,The-United-States-of-America
voxceleb,dev,id01301/j44Yla8zuQA/00180,00180.mp4,The-Republic-of-Ireland,The-United-States-of-America
voxceleb,dev,id06704/DjdSi8SEaiA/00036,00036.mp4,The-Republic-of-Ireland,Turkey-country
voxceleb,dev,id06376/NA3w8YXZAr0/00013,00013.mp4,The-Republic-of-Ireland,Germany
voxceleb,dev,id00435/MLSi-nDradc/00119,00119.mp4,The-United-Kingdom-1,Belgium
voxceleb,dev,id08756/oXaWBxQQ3QM/00313,00313.mp4,India,India
voxceleb,dev,id04889/9qeG9skYXOc/00021,00021.mp4,The-United-Kingdom-1,Belgium
voxceleb,dev,id06945/jJqxrTVpYCQ/00110,00110.mp4,The-Republic-of-Ireland,Germany
voxceleb,dev,id04564/xVHhTbvMFDU/00436,00436.mp4,India,India
voxceleb,dev,id04194/MxHFLkUQJzk/00187,00187.mp4,The-United-States-of-America,The-United-States-of-America
voxceleb,dev,id08603/xsCY7jGLqXA/00353,00353.mp4,The-United-States-of-America,The-United-States-of-America
voxceleb,dev,id01275/HIJz6VB4Ezo/00064,00064.mp4,The-United-States-of-America,The-United-States-of-America
voxceleb,dev,id03088/xdpRTfJ4v9Y/00460,00460.mp4,Israel,The-United-States-of-America
voxceleb,dev,id06856/7_xIcrP_YXw/00032,00032.mp4,The-United-Kingdom-1,Canada
voxceleb,dev,id07195/ic1xFK0hbdE/00163,00163.mp4,India,India
voxceleb,dev,id06541/uy9084_h_jY/00327,00327.mp4,Israel,The-United-Kingdom-1
voxceleb,dev,id06589/xKBDgtx_2mM/00083,00083.mp4,India,India
voxceleb,dev,id05221/egbOcW2njJQ/00045,00045.mp4,The-United-Kingdom-1,Australia
voxceleb,dev,id00774/Zg87o0xGGVU/00432,00432.mp4,The-Republic-of-Ireland,The-United-Kingdom-1
voxceleb,dev,id04194/FwzEpSJNaLs/00096,00096.mp4,The-United-States-of-America,The-United-States-of-America
voxceleb,dev,id09033/JsuM8CLM6WA/00183,00183.mp4,The-United-Kingdom-1,Germany
voxceleb,dev,id06115/iqdtOmVNraw/00175,00175.mp4,Jordan-215,The-United-States-of-America
voxceleb,dev,id04169/GrDa5KhnZmE/00075,00075.mp4,The-United-States-of-America,The-United-States-of-America
voxceleb,dev,id02721/y1cjiguvdXk/00474,00474.mp4,The-United-States-of-America,The-United-States-of-America
voxceleb,dev,id01543/HSpYzxI5DdM/00031,00031.mp4,The-United-Kingdom-1,The-United-States-of-America
voxceleb,dev,id06480/YQD4AsloKcY/00078,00078.mp4,The-United-Kingdom-1,The-United-Kingdom-1
voxceleb,dev,id00146/zjRfO_Od1gk/00023,00023.mp4,India,India
voxceleb,dev,id06829/ymwtySiMzhs/00269,00269.mp4,The-United-Kingdom-1,The-United-States-of-America
voxceleb,dev,id04527/5q5NP2FYiW0/00037,00037.mp4,The-United-States-of-America,Finland
voxceleb,dev,id06643/F5plr0bWq6A/00036,00036.mp4,The-United-Kingdom-1,Sweden
voxceleb,dev,id08585/rMtRXeh00QI/00170,00170.mp4,The-United-Kingdom-1,Italy
voxceleb,dev,id02039/OpjVMGmvCMs/00179,00179.mp4,The-United-States-of-America,The-United-States-of-America
voxceleb,dev,id06459/kILwr7EVOJw/00097,00097.mp4,Jordan-215,India
voxceleb,dev,id08211/QqrJ6pNq8hM/00161,00161.mp4,The-United-Kingdom-1,Germany
voxceleb,dev,id05906/qe5iGkuHdIU/00196,00196.mp4,The-United-Kingdom-1,The-United-States-of-America
voxceleb,dev,id05179/bSQ9W_A6fyQ/00062,00062.mp4,India,Malaysia
voxceleb,dev,id01395/8vL3W1Vf84M/00063,00063.mp4,The-United-Kingdom-1,The-United-Kingdom-1
voxceleb,dev,id05093/IPvODnqYOuw/00056,00056.mp4,The-United-States-of-America,The-United-States-of-America
voxceleb,dev,id00568/VVUUbGhoIEA/00161,00161.mp4,The-United-States-of-America,The-United-States-of-America
voxceleb,dev,id00435/eW1G96wMUJg/00260,00260.mp4,The-Republic-of-Ireland,Belgium
voxceleb,dev,id01332/DbCLa7XsVAg/00064,00064.mp4,The-United-States-of-America,The-United-States-of-America
voxceleb,dev,id01040/JFPlhLu-dQw/00124,00124.mp4,The-United-States-of-America,The-United-States-of-America
voxceleb,dev,id03087/pLQBs8JCucQ/00243,00243.mp4,The-United-Kingdom-1,The-United-States-of-America
voxceleb,dev,id01113/Up4QF2uyack/00085,00085.mp4,The-United-Kingdom-1,The-United-States-of-America
voxceleb,dev,id09067/S1lWjI8QJd4/00085,00085.mp4,The-United-Kingdom-1,France
voxceleb,dev,id07268/MEZikwSl7D4/00032,00032.mp4,The-United-Kingdom-1,Germany
voxceleb,dev,id06874/zL8fuEtEuh8/00494,00494.mp4,The-United-Kingdom-1,Australia
voxceleb,dev,id06696/tgTtjnby5tw/00382,00382.mp4,The-Republic-of-Ireland,The-United-Kingdom-1
voxceleb,dev,id03992/vbnQ5Kqy1Ic/00359,00359.mp4,The-Republic-of-Ireland,Germany
voxceleb,dev,id07586/YnPb9aUHyQA/00051,00051.mp4,Taiwan,The-United-States-of-America
voxceleb,dev,id03522/6ZFwH8qqzVs/00041,00041.mp4,The-United-Kingdom-1,The-United-Kingdom-1
voxceleb,dev,id05746/BG1XDwDpp_Q/00111,00111.mp4,The-United-Kingdom-1,The-United-States-of-America
voxceleb,dev,id05091/Rxqt-hdonYM/00120,00120.mp4,The-United-States-of-America,The-United-States-of-America
voxceleb,dev,id02876/JF_FLvLUDQU/00102,00102.mp4,The-United-Kingdom-1,Germany
voxceleb,dev,id00995/KoWoBLF9nKA/00040,00040.mp4,The-United-States-of-America,France
voxceleb,dev,id05649/3eAhU87ejU8/00008,00008.mp4,The-United-Kingdom-1,The-United-States-of-America
voxceleb,dev,id01885/jlIGIG6Vw1o/00093,00093.mp4,The-United-Kingdom-1,The-United-States-of-America
voxceleb,dev,id05189/HNrsJBMgWVM/00137,00137.mp4,The-United-States-of-America,The-United-States-of-America
voxceleb,dev,id06162/S4EbYJ_Sm0U/00127,00127.mp4,The-United-Kingdom-1,Romania
voxceleb,dev,id01188/XhVWEPgZpe8/00046,00046.mp4,The-United-Kingdom-1,The-United-Kingdom-1
voxceleb,dev,id07974/oKLLvGIn4UQ/00404,00404.mp4,The-United-States-of-America,The-United-States-of-America
voxceleb,dev,id02667/HcxFowKIbZQ/00109,00109.mp4,The-United-Kingdom-1,The-United-States-of-America
voxceleb,dev,id07844/oTQTAtsQbkY/00341,00341.mp4,The-United-Kingdom-1,The-United-Kingdom-1
voxceleb,dev,id04974/Qyd009Z-C7w/00339,00339.mp4,India,India
voxceleb,dev,id08785/eB-q0ozC_z0/00225,00225.mp4,India,Venezuela
voxceleb,dev,id08976/Rztr2jvme2U/00173,00173.mp4,The-United-Kingdom-1,The-United-States-of-America
voxceleb,dev,id03199/DiAO5Xs4qfE/00112,00112.mp4,The-United-States-of-America,The-United-States-of-America
voxceleb,dev,id05767/aHFdaKY5_GI/00163,00163.mp4,The-United-Kingdom-1,The-United-States-of-America
voxceleb,dev,id02884/JWzcUG5XaHo/00049,00049.mp4,The-United-Kingdom-1,Kingdom-of-the-Netherlands
voxceleb,dev,id04137/qSqN2AOJi9E/00165,00165.mp4,Spain,Spain
voxceleb,dev,id07947/LavEQzPyPeM/00075,00075.mp4,India,India
voxceleb,dev,id05776/zUdkUExH6q0/00273,00273.mp4,The-United-Kingdom-1,The-United-States-of-America
voxceleb,dev,id02186/IVablEuV8ek/00103,00103.mp4,The-United-States-of-America,The-United-States-of-America
voxceleb,dev,id06439/kYq5J9K9WKk/00158,00158.mp4,India,India
voxceleb,dev,id03785/63obq4TiHrM/00011,00011.mp4,The-United-Kingdom-1,The-United-Kingdom-1
voxceleb,dev,id05286/7DnaYwQWX4M/00119,00119.mp4,The-United-Kingdom-1,The-Czech-Republic-1
voxceleb,dev,id08639/Xuxa9hLSuQU/00220,00220.mp4,The-United-Kingdom-1,The-United-States-of-America
voxceleb,dev,id07553/qef2EWDl7Hc/00239,00239.mp4,The-United-States-of-America,Canada
voxceleb,dev,id00736/xl7l5ANC4QQ/00236,00236.mp4,The-Republic-of-Ireland,Portugal
voxceleb,dev,id08996/y2Hu2_gOPnU/00067,00067.mp4,The-United-Kingdom-1,The-Republic-of-Ireland
voxceleb,dev,id03192/o6QkEyAnLbY/00173,00173.mp4,The-United-Kingdom-1,The-United-States-of-America
voxceleb,dev,id08546/tyuU_Z9u2Wc/00424,00424.mp4,The-United-Kingdom-1,The-United-States-of-America
voxceleb,dev,id05049/bPWqbsCLAa4/00188,00188.mp4,The-United-States-of-America,The-United-States-of-America
voxceleb,dev,id02156/rlex13wJTxs/00410,00410.mp4,India,The-United-Kingdom-1
voxceleb,dev,id04239/_HqkNy3_7ZU/00044,00044.mp4,The-United-Kingdom-1,Norway
voxceleb,dev,id08776/bH3N-TdETMw/00089,00089.mp4,The-United-Kingdom-1,Lithuania
voxceleb,dev,id07988/8lwDrI1kJVg/00023,00023.mp4,The-United-Kingdom-1,The-United-States-of-America
voxceleb,dev,id01511/EkMa8ng9FRg/00066,00066.mp4,The-Republic-of-Ireland,France
voxceleb,dev,id05892/DHxRgWWQDOs/00033,00033.mp4,India,India
voxceleb,dev,id02349/Kk1jRJUPj6A/00103,00103.mp4,The-United-Kingdom-1,Australia
voxceleb,dev,id00414/wCejRc2zQE8/00066,00066.mp4,Canada,India
voxceleb,dev,id05978/8tbY4PzGovk/00121,00121.mp4,Israel,Turkey-country
voxceleb,dev,id04216/AfjinXtE77o/00107,00107.mp4,The-United-States-of-America,The-United-States-of-America
voxceleb,dev,id01772/gHQ1lfFJzoc/00230,00230.mp4,The-United-Kingdom-1,The-United-States-of-America
voxceleb,dev,id02739/hB9WLbDvtfc/00385,00385.mp4,The-United-States-of-America,The-United-States-of-America
voxceleb,dev,id06474/I0YO-ZevjBs/00185,00185.mp4,The-United-Kingdom-1,The-United-Kingdom-1
voxceleb,dev,id05644/b6PKOvsuvDE/00410,00410.mp4,France,France
voxceleb,dev,id00420/9oWceFNNq-8/00048,00048.mp4,The-United-Kingdom-1,The-United-States-of-America
voxceleb,dev,id06295/5P7jI6dJiMM/00024,00024.mp4,The-United-Kingdom-1,The-United-States-of-America
voxceleb,dev,id03945/axnBdY4aZNc/00274,00274.mp4,India,India
voxceleb,dev,id07285/5nPJlL-ZEd0/00025,00025.mp4,The-United-Kingdom-1,Germany
voxceleb,dev,id06105/UeM_M65uKjc/00069,00069.mp4,The-United-States-of-America,The-United-States-of-America
voxceleb,dev,id08606/0o-ZBLLLjXE/00011,00011.mp4,The-United-Kingdom-1,Germany
voxceleb,dev,id00412/TUgqkv2EiQs/00100,00100.mp4,India,India
voxceleb,dev,id05771/afKpCid91lY/00396,00396.mp4,The-United-Kingdom-1,The-United-States-of-America
voxceleb,dev,id07670/_Ssx-OeTpGg/00229,00229.mp4,The-United-Kingdom-1,Germany
voxceleb,dev,id00594/pHj77P1wSeM/00166,00166.mp4,The-United-Kingdom-1,The-United-Kingdom-1
voxceleb,dev,id05058/XrmtKrK4BTc/00161,00161.mp4,Jordan-215,India
voxceleb,dev,id00387/KzlYnEPmDiw/00083,00083.mp4,The-United-States-of-America,The-United-States-of-America
voxceleb,dev,id07974/ULgV9mnYMFQ/00213,00213.mp4,The-United-Kingdom-1,The-United-States-of-America
voxceleb,dev,id07100/XWGtR9xf9Xs/00193,00193.mp4,The-United-States-of-America,The-United-States-of-America
voxceleb,dev,id03352/oyA05AOMeyQ/00405,00405.mp4,The-United-States-of-America,The-United-States-of-America
voxceleb,dev,id06843/aqbTpTqVYX8/00247,00247.mp4,The-United-Kingdom-1,The-United-Kingdom-1
voxceleb,dev,id03621/SV-KPuMFdD8/00114,00114.mp4,The-Republic-of-Ireland,The-United-States-of-America
voxceleb,dev,id01418/uF0ETSsumWM/00189,00189.mp4,The-United-Kingdom-1,Sweden
voxceleb,dev,id08348/rOcv_SmUvks/00472,00472.mp4,The-United-States-of-America,The-United-States-of-America
voxceleb,dev,id08478/9d2-zEIcsbU/00014,00014.mp4,The-United-States-of-America,The-United-States-of-America
voxceleb,dev,id05810/KpNd2y5g2Qw/00082,00082.mp4,India,Germany
voxceleb,dev,id01325/CV3O4DIMbcg/00055,00055.mp4,The-United-Kingdom-1,France
voxceleb,dev,id06758/4oqv4YeF80k/00045,00045.mp4,The-United-Kingdom-1,The-United-States-of-America
voxceleb,dev,id09123/CzT6zCYlEDU/00030,00030.mp4,The-Republic-of-Ireland,Soviet-Union-1
voxceleb,dev,id04215/BqTlgJIGjq4/00031,00031.mp4,The-United-Kingdom-1,The-United-States-of-America
voxceleb,dev,id01511/TGbhH8-MVaQ/00318,00318.mp4,The-United-Kingdom-1,France
voxceleb,dev,id02039/V6SPSoa3Rh8/00227,00227.mp4,The-United-States-of-America,The-United-States-of-America
voxceleb,dev,id00826/5Y4eWqEpGvE/00020,00020.mp4,The-Republic-of-Ireland,France
voxceleb,dev,id07045/mRvpdupJDlE/00265,00265.mp4,India,India
voxceleb,dev,id05427/ZyJ69HFluxM/00161,00161.mp4,The-United-Kingdom-1,Norway
voxceleb,dev,id04938/MtwaoLtcmCI/00027,00027.mp4,India,Jamaica
voxceleb,dev,id08053/yAoHHDUY8xg/00493,00493.mp4,India,India
voxceleb,dev,id07954/PccdG6EFCZs/00312,00312.mp4,India,India
voxceleb,dev,id04027/EXHEi7EsI1A/00195,00195.mp4,The-United-Kingdom-1,The-United-States-of-America
voxceleb,dev,id06833/LCi_Crkcgyg/00067,00067.mp4,The-United-Kingdom-1,Spain
voxceleb,dev,id04432/vIS5I01qoXI/00081,00081.mp4,The-United-Kingdom-1,The-United-Kingdom-1
voxceleb,dev,id07351/ALudxy38Orw/00132,00132.mp4,The-United-Kingdom-1,The-United-States-of-America
voxceleb,dev,id08605/h5KF87nNynY/00070,00070.mp4,The-United-Kingdom-1,The-United-States-of-America
voxceleb,dev,id01056/g398Gj1XN_U/00249,00249.mp4,The-United-Kingdom-1,The-United-States-of-America
voxceleb,dev,id05725/KjLnGbJj9JA/00097,00097.mp4,The-Republic-of-Ireland,The-United-States-of-America
voxceleb,dev,id08122/X22_5rjRz3s/00325,00325.mp4,India,India
voxceleb,dev,id07750/EFTBw88g9Hk/00134,00134.mp4,India,India
voxceleb,dev,id07181/dNh9-wlEiPc/00332,00332.mp4,India,India
voxceleb,dev,id03917/Nm2o6K_g8Zk/00194,00194.mp4,The-Republic-of-Ireland,France
voxceleb,dev,id00907/CrUjcrUzEOs/00039,00039.mp4,The-United-Kingdom-1,The-United-States-of-America
voxceleb,dev,id08901/lDTLFGajOB4/00163,00163.mp4,The-United-Kingdom-1,The-United-Kingdom-1
voxceleb,dev,id01246/nItJlHoL7eo/00089,00089.mp4,The-United-Kingdom-1,The-United-Kingdom-1
voxceleb,dev,id06028/FpJhnZ3davU/00022,00022.mp4,The-United-States-of-America,The-United-States-of-America
voxceleb,dev,id03283/HZgSSN782pw/00048,00048.mp4,The-United-Kingdom-1,Germany
voxceleb,dev,id07618/6PCc0cn1400/00032,00032.mp4,The-United-Kingdom-1,Germany
voxceleb,dev,id06109/L18MPhg9iFw/00199,00199.mp4,The-United-States-of-America,The-United-States-of-America
voxceleb,dev,id04493/MEIly_zg2cA/00202,00202.mp4,The-United-States-of-America,Finland
voxceleb,dev,id02873/9p5bJCZ6sNY/00107,00107.mp4,The-Republic-of-Ireland,The-United-States-of-America
voxceleb,dev,id04261/mF0vzzBvW5M/00133,00133.mp4,The-United-States-of-America,Canada
voxceleb,dev,id06250/ufe8NCyf7Z8/00416,00416.mp4,The-United-Kingdom-1,Denmark
voxceleb,dev,id09068/FgsdnwUeLbQ/00031,00031.mp4,The-United-Kingdom-1,Switzerland
voxceleb,dev,id06963/HhXdVkGVozs/00040,00040.mp4,The-United-States-of-America,The-United-States-of-America
voxceleb,dev,id04082/SX6FDEDbesE/00030,00030.mp4,The-United-States-of-America,The-United-States-of-America
voxceleb,dev,id01758/KIwF7RwbCBw/00129,00129.mp4,The-United-Kingdom-1,Germany
voxceleb,dev,id03864/98RusyXQars/00051,00051.mp4,The-United-Kingdom-1,Australia
voxceleb,dev,id07646/vSzjbnhZKS4/00073,00073.mp4,The-United-Kingdom-1,The-United-States-of-America
voxceleb,dev,id06346/lYqrrLcD_KQ/00100,00100.mp4,The-United-Kingdom-1,unknown
voxceleb,dev,id01376/xuKpyTjIIMM/00069,00069.mp4,Honduras,Brazil
voxceleb,dev,id01269/uVi2jdVoNew/00192,00192.mp4,The-United-Kingdom-1,France
voxceleb,dev,id02599/H2uhkrZEnmU/00077,00077.mp4,The-United-States-of-America,The-United-States-of-America
voxceleb,dev,id01960/JEEIf-pyrg8/00119,00119.mp4,The-United-States-of-America,The-United-States-of-America
voxceleb,dev,id01411/5Wc-VfvmryI/00032,00032.mp4,The-United-Kingdom-1,France
voxceleb,dev,id02721/1AsGEVvle00/00009,00009.mp4,The-United-States-of-America,The-United-States-of-America
voxceleb,dev,id01672/jRvLE-pnjL4/00248,00248.mp4,The-United-Kingdom-1,France
voxceleb,dev,id08573/TOcXDmPaHYo/00260,00260.mp4,The-United-Kingdom-1,The-United-States-of-America
voxceleb,dev,id07809/Y-96UqLF3XY/00332,00332.mp4,The-United-Kingdom-1,The-United-States-of-America
voxceleb,dev,id07080/_YtP4TI-v1A/00296,00296.mp4,India,India
voxceleb,dev,id00732/WgIxQf38lBs/00100,00100.mp4,India,India
voxceleb,dev,id04728/HuYfkp3nr2o/00058,00058.mp4,The-United-States-of-America,The-United-States-of-America
voxceleb,dev,id03796/kFXeJChJ47g/00367,00367.mp4,The-United-Kingdom-1,Sweden
voxceleb,dev,id06095/5YG-Qc7Meic/00039,00039.mp4,Israel,Spain
voxceleb,dev,id04830/zAI4vq1Mcis/00288,00288.mp4,India,India
voxceleb,dev,id04945/QxzUDOPUYYg/00137,00137.mp4,The-United-States-of-America,The-United-States-of-America
voxceleb,dev,id03958/hKQZsoyydT4/00099,00099.mp4,The-United-Kingdom-1,Kingdom-of-the-Netherlands
voxceleb,dev,id03620/xVWczVn4zVA/00179,00179.mp4,The-United-Kingdom-1,Italy
voxceleb,dev,id01921/jt1rDH7WOaI/00219,00219.mp4,The-United-Kingdom-1,New-Zealand
voxceleb,dev,id02486/HabFAvj8gcE/00008,00008.mp4,The-United-Kingdom-1,The-United-Kingdom-1
voxceleb,dev,id01792/jH9dwXjly38/00157,00157.mp4,The-United-Kingdom-1,The-United-States-of-America
voxceleb,dev,id05767/86nlOrEw7PE/00089,00089.mp4,The-United-Kingdom-1,The-United-States-of-America
voxceleb,dev,id00857/7ryywlmgfW8/00034,00034.mp4,India,India
voxceleb,dev,id02014/elc7Ilfv3-A/00170,00170.mp4,The-United-Kingdom-1,Spain
voxceleb,dev,id06086/TktEzLT4Bik/00028,00028.mp4,The-United-Kingdom-1,Mexico
voxceleb,dev,id04163/8r1S7QxAHSM/00113,00113.mp4,The-United-States-of-America,The-United-States-of-America
voxceleb,dev,id03528/I45GaMqsiKk/00111,00111.mp4,The-United-Kingdom-1,The-United-States-of-America
voxceleb,dev,id05303/gQG9QxhvBjY/00088,00088.mp4,The-United-Kingdom-1,Argentina
voxceleb,dev,id01316/T-dVvfjNokY/00061,00061.mp4,India,Brazil
voxceleb,dev,id07232/h5Ebn2I8i48/00073,00073.mp4,India,India
voxceleb,dev,id07759/w8npIGqMKCc/00077,00077.mp4,The-United-States-of-America,Australia
voxceleb,dev,id04561/QKw1AQEegy8/00199,00199.mp4,India,India
voxceleb,dev,id03079/j-Lz0rGIuwc/00156,00156.mp4,The-United-Kingdom-1,Kingdom-of-the-Netherlands
voxceleb,dev,id01451/XXUBaMkYcDk/00108,00108.mp4,India,Canada
voxceleb,dev,id05966/HNmfX5YBUWw/00016,00016.mp4,Israel,The-United-States-of-America
voxceleb,dev,id07332/SVAOwFpOqOc/00250,00250.mp4,The-United-Kingdom-1,The-United-Kingdom-1
voxceleb,dev,id06135/HvmGGx0-QsM/00056,00056.mp4,The-Republic-of-Ireland,Australia
voxceleb,dev,id03107/RZrEXBusxvc/00086,00086.mp4,The-United-Kingdom-1,Italy
voxceleb,dev,id05930/648f1NUaUps/00061,00061.mp4,The-United-Kingdom-1,Turkey-country
voxceleb,dev,id06696/S5Eha11D3Is/00178,00178.mp4,The-United-Kingdom-1,The-United-Kingdom-1
voxceleb,dev,id00346/sgoprxIAWIc/00180,00180.mp4,India,India
voxceleb,dev,id00377/QJ7URFZHYXk/00143,00143.mp4,India,India
voxceleb,dev,id06355/_tO-JJsoeuo/00368,00368.mp4,India,India
voxceleb,dev,id08396/c0eooYp4zjk/00073,00073.mp4,Israel,Austria
voxceleb,dev,id05443/XFeh5paucxE/00029,00029.mp4,The-Republic-of-Ireland,Poland
voxceleb,dev,id04818/uye08vs_a1o/00173,00173.mp4,Australia,Australia
voxceleb,dev,id02004/eyHTzkhP1Rk/00232,00232.mp4,The-United-States-of-America,The-United-States-of-America
voxceleb,dev,id01797/xSU5h-z2cNM/00288,00288.mp4,The-United-Kingdom-1,The-United-Kingdom-1
voxceleb,dev,id07163/WrBWdAfNdWE/00108,00108.mp4,Jordan-215,Pakistan
voxceleb,dev,id07405/JjxwHfAFmpI/00156,00156.mp4,The-United-Kingdom-1,Kingdom-of-the-Netherlands
voxceleb,dev,id00992/bt-Oc57dMig/00154,00154.mp4,The-Republic-of-Ireland,Kingdom-of-the-Netherlands
voxceleb,dev,id01672/YcvUykw6pHE/00108,00108.mp4,The-United-Kingdom-1,France
voxceleb,dev,id01099/3bKyqc6uVBQ/00036,00036.mp4,The-United-Kingdom-1,The-United-States-of-America
voxceleb,dev,id07173/O35WtHi0UkY/00043,00043.mp4,The-Republic-of-Ireland,Austria
voxceleb,dev,id07293/jPwJzSti7IU/00228,00228.mp4,The-United-Kingdom-1,The-United-States-of-America
voxceleb,dev,id02448/exgLFUNWDW4/00051,00051.mp4,The-United-States-of-America,The-United-States-of-America
voxceleb,dev,id00170/udyrh1Z8Rm4/00209,00209.mp4,The-United-States-of-America,The-United-States-of-America
voxceleb,dev,id07204/6RULNzu_VSQ/00044,00044.mp4,The-United-Kingdom-1,unknown
voxceleb,dev,id07852/5y1ETADBgaQ/00046,00046.mp4,The-United-States-of-America,The-United-States-of-America
voxceleb,dev,id04589/6LwsdvVTJHg/00067,00067.mp4,The-United-Kingdom-1,New-Zealand
voxceleb,dev,id03018/vbFpYLUiB2s/00058,00058.mp4,The-United-States-of-America,South-Africa
voxceleb,dev,id05907/XFDtH6_-UUM/00167,00167.mp4,India,India
voxceleb,dev,id06821/30esPqxJCaY/00021,00021.mp4,The-United-States-of-America,The-United-States-of-America
voxceleb,dev,id05719/L2EPxm5NyMM/00020,00020.mp4,The-United-States-of-America,Spain
voxceleb,dev,id04100/w6D8Lrs8GAE/00209,00209.mp4,The-United-States-of-America,The-United-States-of-America
voxceleb,dev,id08198/it12kt43iNA/00015,00015.mp4,The-United-Kingdom-1,Germany
voxceleb,dev,id03455/kY7GVOVLoe4/00099,00099.mp4,The-United-Kingdom-1,The-United-States-of-America
voxceleb,dev,id02558/zl0oqmiyGQw/00263,00263.mp4,The-United-Kingdom-1,Italy
voxceleb,dev,id04190/tPCC7sBD3J0/00260,00260.mp4,The-United-Kingdom-1,Denmark
voxceleb,dev,id08648/QfYYGwVhC_E/00123,00123.mp4,The-United-Kingdom-1,The-United-States-of-America
voxceleb,dev,id00246/B7y6VDbNu70/00030,00030.mp4,The-United-Kingdom-1,Italy
voxceleb,dev,id00650/48tVV4AZHoc/00036,00036.mp4,The-Republic-of-Ireland,France
voxceleb,dev,id02021/jbD_4XUtfFg/00364,00364.mp4,The-United-Kingdom-1,The-United-States-of-America
voxceleb,dev,id03279/SdtjSZnA4xg/00020,00020.mp4,The-United-States-of-America,Germany
voxceleb,dev,id00709/g4oekfmrooE/00328,00328.mp4,Spain,Spain
voxceleb,dev,id04404/PyeBQ8e-4XA/00155,00155.mp4,The-United-States-of-America,The-United-States-of-America
voxceleb,dev,id01069/Xkb9ME7IZWI/00162,00162.mp4,India,India
voxceleb,dev,id09179/i7ESXBpzUrY/00055,00055.mp4,The-Republic-of-Ireland,France
voxceleb,dev,id08132/_MnYc3nxQ0s/00094,00094.mp4,The-United-Kingdom-1,unknown
voxceleb,dev,id02713/CNNo1WUUToI/00031,00031.mp4,The-United-Kingdom-1,Italy
voxceleb,dev,id05293/qyJpx4aMdws/00377,00377.mp4,The-United-Kingdom-1,Italy
voxceleb,dev,id07043/4CYcdULLXsY/00065,00065.mp4,The-United-States-of-America,The-United-States-of-America
voxceleb,dev,id09214/M2tL8djyF8M/00082,00082.mp4,The-United-States-of-America,The-United-States-of-America
voxceleb,dev,id01570/XOBmqr_B3Ss/00184,00184.mp4,The-United-States-of-America,The-United-States-of-America
voxceleb,dev,id02123/iouN2xbEG6M/00125,00125.mp4,The-United-Kingdom-1,Mexico
voxceleb,dev,id06944/dOqWcPyJ9Qk/00180,00180.mp4,The-United-Kingdom-1,The-United-Kingdom-1
voxceleb,dev,id06471/_ZRFVCmOwNM/00188,00188.mp4,The-United-Kingdom-1,Italy
voxceleb,dev,id04373/SzTvV8Hepeg/00055,00055.mp4,The-United-Kingdom-1,The-United-States-of-America
voxceleb,dev,id02007/4Mi07t_1h5g/00021,00021.mp4,Israel,The-United-States-of-America
voxceleb,dev,id01039/S9h3XVYPaak/00189,00189.mp4,The-United-Kingdom-1,Turkey-country
voxceleb,dev,id02270/VuutDrIR-aY/00325,00325.mp4,The-United-States-of-America,The-United-States-of-America
voxceleb,dev,id03269/UJGCK8MFEXg/00294,00294.mp4,The-Republic-of-Ireland,South-Africa
voxceleb,dev,id09100/tyelBsxaE5A/00053,00053.mp4,Israel,Israel
voxceleb,dev,id00668/9UdzcZQiDjA/00009,00009.mp4,The-United-Kingdom-1,Germany
voxceleb,dev,id02983/EHIDCAW12aU/00026,00026.mp4,The-United-States-of-America,The-United-States-of-America
voxceleb,dev,id05988/Wc4hfaS4rPA/00089,00089.mp4,Australia,Australia
voxceleb,dev,id07991/CWj1m3EU1c4/00018,00018.mp4,India,The-United-States-of-America
voxceleb,dev,id04742/WSkMK_hEEZo/00181,00181.mp4,The-United-Kingdom-1,The-United-States-of-America
voxceleb,dev,id06998/znd8F2FcNqE/00127,00127.mp4,The-United-Kingdom-1,The-United-Kingdom-1
voxceleb,dev,id03757/YCimtBMr2GE/00219,00219.mp4,The-United-States-of-America,The-United-States-of-America
voxceleb,dev,id02544/NEUqMQ51dQI/00025,00025.mp4,The-United-Kingdom-1,Mexico
voxceleb,dev,id08173/BFLpFvBYB8A/00015,00015.mp4,The-United-Kingdom-1,The-United-Kingdom-1
voxceleb,dev,id01010/FCxcF7-PmP8/00096,00096.mp4,The-United-Kingdom-1,The-United-States-of-America
voxceleb,dev,id04493/VQDrfUyHuqc/00243,00243.mp4,The-United-Kingdom-1,Finland
voxceleb,dev,id09051/VxmnX1KwrfE/00191,00191.mp4,Jordan-215,France
voxceleb,dev,id02432/kD-3NAh_ZXk/00085,00085.mp4,The-Republic-of-Ireland,The-United-States-of-America
voxceleb,dev,id08536/JeBz1icvEAs/00120,00120.mp4,The-United-Kingdom-1,Germany
voxceleb,dev,id06267/Ax0WyYjaldM/00008,00008.mp4,India,India
voxceleb,dev,id08079/tQxBVEY_BnU/00485,00485.mp4,The-United-States-of-America,The-Republic-of-Ireland
voxceleb,dev,id02341/z9pqgMHTOD4/00403,00403.mp4,The-United-States-of-America,The-United-States-of-America
voxceleb,dev,id00283/4NfVdKhlrL0/00007,00007.mp4,Brazil,Ukraine
voxceleb,dev,id05257/izxeFr_kBQo/00434,00434.mp4,The-United-States-of-America,The-United-States-of-America
voxceleb,dev,id00328/hty1t_qh4wY/00025,00025.mp4,Japan,Germany
voxceleb,dev,id06435/rPBEtwh5aM0/00107,00107.mp4,The-United-Kingdom-1,The-United-States-of-America
voxceleb,dev,id08665/08ZdS9xoP4I/00001,00001.mp4,The-United-Kingdom-1,Australia
voxceleb,dev,id01782/u-NuDKMbPQw/00152,00152.mp4,The-United-States-of-America,The-United-States-of-America
voxceleb,dev,id04188/7Om-xoe0OGQ/00026,00026.mp4,The-United-Kingdom-1,Germany
voxceleb,dev,id04168/SXmEzdUvM0o/00023,00023.mp4,The-United-Kingdom-1,The-United-Kingdom-1
voxceleb,dev,id08362/WOHwPMqgGhk/00234,00234.mp4,The-Republic-of-Ireland,France
voxceleb,dev,id03267/wJh4ClSgB8E/00478,00478.mp4,The-Republic-of-Ireland,Belgium
voxceleb,dev,id08714/QLZCOzFDvWs/00270,00270.mp4,The-United-Kingdom-1,The-United-States-of-America
voxceleb,dev,id03912/akhsKcnkrzU/00069,00069.mp4,The-United-Kingdom-1,France
voxceleb,dev,id08738/h7scRjHoA5U/00278,00278.mp4,India,India
voxceleb,dev,id08574/lrlTpcEwclY/00221,00221.mp4,Ghana,The-United-Kingdom-1
voxceleb,dev,id08604/DDIo1I0BZP0/00064,00064.mp4,The-United-Kingdom-1,The-United-Kingdom-1
voxceleb,dev,id00277/sHre-kRrYDc/00156,00156.mp4,The-United-Kingdom-1,Germany
voxceleb,dev,id03788/NPf8Q-GZ-m4/00128,00128.mp4,The-United-Kingdom-1,The-United-States-of-America
voxceleb,dev,id05639/gytJl6lCmDM/00330,00330.mp4,The-United-States-of-America,unknown
voxceleb,dev,id07532/dmR7mY_-o4Y/00178,00178.mp4,The-United-Kingdom-1,The-United-States-of-America
voxceleb,dev,id07982/xBDzoHwuPvA/00432,00432.mp4,The-United-States-of-America,The-United-States-of-America
voxceleb,dev,id05150/vlz5pJV55LE/00126,00126.mp4,The-United-Kingdom-1,The-United-Kingdom-1
voxceleb,dev,id09088/7mOXzkLyQko/00031,00031.mp4,Spain,Sweden
voxceleb,dev,id09194/4pynHTdvtrs/00066,00066.mp4,The-Republic-of-Ireland,Croatia
voxceleb,dev,id04540/36WIdkwuWNE/00007,00007.mp4,Brazil,The-United-States-of-America
voxceleb,dev,id07672/U9K0GJUH4-U/00251,00251.mp4,India,India
voxceleb,dev,id08317/pMS511Rdydk/00315,00315.mp4,The-United-Kingdom-1,The-United-States-of-America
voxceleb,dev,id08568/4fVwPVrcjzI/00043,00043.mp4,The-United-States-of-America,The-United-States-of-America
voxceleb,dev,id03654/QaBUlPxXIAs/00049,00049.mp4,The-United-States-of-America,unknown
voxceleb,dev,id08416/OgwUv8bhzG4/00163,00163.mp4,The-United-Kingdom-1,The-United-States-of-America
voxceleb,dev,id07805/fWmw01XZGBE/00175,00175.mp4,The-United-Kingdom-1,Canada
voxceleb,dev,id01664/3Vx54PZXiN8/00053,00053.mp4,The-United-Kingdom-1,German-Democratic-Republic-DDR
voxceleb,dev,id08289/nA5MoGN33JM/00459,00459.mp4,The-United-Kingdom-1,France
voxceleb,dev,id01402/CX5FrW8M3g0/00017,00017.mp4,The-Republic-of-Ireland,The-United-States-of-America
voxceleb,dev,id08171/5QiGXfwCjxY/00041,00041.mp4,The-Republic-of-Ireland,The-United-Kingdom-1
voxceleb,dev,id05441/df8dE7alJ-g/00060,00060.mp4,The-Republic-of-Ireland,Mexico
voxceleb,dev,id03961/27xUHMMr8mU/00006,00006.mp4,The-Republic-of-Ireland,unknown
voxceleb,dev,id05672/nDG77gqGBPc/00090,00090.mp4,The-United-Kingdom-1,Poland
voxceleb,dev,id03865/DgV9i0J1Ue4/00027,00027.mp4,The-United-Kingdom-1,Australia
voxceleb,dev,id08684/dQ-Hz_tITtk/00047,00047.mp4,The-United-Kingdom-1,The-United-States-of-America
voxceleb,dev,id00581/ThMGZBIR6fM/00024,00024.mp4,The-United-States-of-America,Mexico
voxceleb,dev,id08029/dJwVS2ovalA/00137,00137.mp4,The-United-Kingdom-1,Australia
voxceleb,dev,id07600/HxLEaSlcV5Q/00150,00150.mp4,The-Republic-of-Ireland,The-United-States-of-America
voxceleb,dev,id07686/hEC1D2bDSHk/00240,00240.mp4,India,India
voxceleb,dev,id01051/eGrPbKYVwPQ/00240,00240.mp4,The-United-States-of-America,The-United-States-of-America
voxceleb,dev,id03060/N5SUoIQg3fg/00116,00116.mp4,The-United-Kingdom-1,Denmark
voxceleb,dev,id07241/Wg98ouHeTLE/00187,00187.mp4,The-United-Kingdom-1,The-United-States-of-America
voxceleb,dev,id03402/ydZ4lJrWEU0/00082,00082.mp4,The-United-Kingdom-1,The-United-Kingdom-1
voxceleb,dev,id04554/z4cWUxG0E7U/00438,00438.mp4,India,India
voxceleb,dev,id02980/URK2EWm5mvI/00217,00217.mp4,The-United-States-of-America,The-United-States-of-America
voxceleb,dev,id05681/aOUvpJeSsP4/00101,00101.mp4,The-United-States-of-America,The-United-Kingdom-1
voxceleb,dev,id01304/J3bsYnMwtk0/00017,00017.mp4,The-United-Kingdom-1,Australia
voxceleb,dev,id01683/HWPvAUC_HHM/00075,00075.mp4,Singapore,Malaysia
voxceleb,dev,id04821/WRgRJOQrj28/00182,00182.mp4,The-United-Kingdom-1,The-United-Kingdom-1
voxceleb,dev,id01908/RLEvusFPbOE/00244,00244.mp4,The-United-Kingdom-1,The-United-States-of-America
voxceleb,dev,id00942/Mrc6nI6V2qw/00203,00203.mp4,The-United-Kingdom-1,The-United-Kingdom-1
voxceleb,dev,id06395/kNwFcs8u0ho/00101,00101.mp4,The-United-Kingdom-1,The-United-Kingdom-1
voxceleb,dev,id08728/khJkdbGKbbs/00287,00287.mp4,The-Republic-of-Ireland,The-United-States-of-America
voxceleb,dev,id05684/TwFEI_nIhK8/00035,00035.mp4,The-United-States-of-America,The-United-States-of-America
voxceleb,dev,id02043/_Ccj3vmww5E/00058,00058.mp4,The-United-Kingdom-1,The-United-States-of-America
voxceleb,dev,id03059/5CC70x43-58/00027,00027.mp4,The-Republic-of-Ireland,Germany
voxceleb,dev,id05257/e9NnTAYEwME/00387,00387.mp4,The-United-States-of-America,The-United-States-of-America
voxceleb,dev,id08647/Zlmtah5SHVc/00244,00244.mp4,India,Malaysia
voxceleb,dev,id04757/zkgJE5uxNPM/00497,00497.mp4,The-United-States-of-America,The-United-States-of-America
voxceleb,dev,id08492/yQbpa5fnERU/00270,00270.mp4,The-United-States-of-America,The-United-States-of-America
voxceleb,dev,id04375/hf3F_kgQqT4/00231,00231.mp4,The-United-Kingdom-1,The-United-States-of-America
voxceleb,dev,id01057/nneIxI7fkgs/00401,00401.mp4,The-United-States-of-America,The-United-States-of-America
voxceleb,dev,id04296/qUEbxdLjPpo/00291,00291.mp4,The-Republic-of-Ireland,The-United-States-of-America
voxceleb,dev,id02252/iZ3yqBjFwkQ/00394,00394.mp4,The-United-Kingdom-1,The-United-Kingdom-1
voxceleb,dev,id03810/4JULxDelsd4/00059,00059.mp4,The-United-Kingdom-1,The-United-States-of-America
voxceleb,dev,id02902/zYJ41pAi0Ds/00148,00148.mp4,The-United-States-of-America,The-United-States-of-America
voxceleb,dev,id02873/sGIuyRIKvzA/00439,00439.mp4,The-United-States-of-America,The-United-States-of-America
voxceleb,dev,id01798/eIpC-wezDSA/00416,00416.mp4,The-United-Kingdom-1,Italy
voxceleb,dev,id00796/QLJ9CeByQ5I/00193,00193.mp4,India,India
voxceleb,dev,id00055/v43hbVi7DwY/00204,00204.mp4,The-United-Kingdom-1,The-United-Kingdom-1
voxceleb,dev,id00029/VPrmF4Mfd54/00329,00329.mp4,Jordan-215,Jordan-215
voxceleb,dev,id02812/WM4RLnqtce4/00046,00046.mp4,The-United-States-of-America,The-United-States-of-America
voxceleb,dev,id01692/yylpAmEXs2w/00310,00310.mp4,The-United-Kingdom-1,The-United-States-of-America
voxceleb,dev,id04343/zLpNXtQf13o/00086,00086.mp4,The-United-States-of-America,The-United-Kingdom-1
voxceleb,dev,id05890/4tQgak3JZsg/00009,00009.mp4,Jamaica,South-Africa
voxceleb,dev,id07852/CA7J7brQ7Ek/00074,00074.mp4,The-United-States-of-America,The-United-States-of-America
voxceleb,dev,id01045/JoCRGhe5QPY/00109,00109.mp4,The-United-Kingdom-1,The-United-States-of-America
voxceleb,dev,id04236/npfjTpNwBTo/00121,00121.mp4,The-United-States-of-America,The-United-States-of-America
voxceleb,dev,id00058/5vrNiPz7ZC4/00004,00004.mp4,The-United-Kingdom-1,Poland
voxceleb,dev,id03336/P52q9HP9YmI/00259,00259.mp4,Jordan-215,India
voxceleb,dev,id07240/PNCSSG-CN44/00045,00045.mp4,India,India
voxceleb,dev,id01549/MNyj6z00lpk/00134,00134.mp4,The-United-Kingdom-1,The-United-Kingdom-1
voxceleb,dev,id05178/Mpn_SnzpVMo/00041,00041.mp4,China,Malaysia
voxceleb,dev,id08546/gogVOsEAF4c/00323,00323.mp4,The-United-Kingdom-1,The-United-States-of-America
voxceleb,dev,id08291/vF3M8BCi01c/00208,00208.mp4,India,India
voxceleb,dev,id03898/14Cs3Gtut7c/00006,00006.mp4,India,India
voxceleb,dev,id00353/FyYLpzT7ffU/00125,00125.mp4,The-United-States-of-America,The-United-States-of-America
voxceleb,dev,id03182/c74UII9CMIQ/00046,00046.mp4,The-United-Kingdom-1,The-United-States-of-America
voxceleb,dev,id03240/z98kbmZO8kA/00403,00403.mp4,India,India
voxceleb,dev,id07299/l7FWybqqkFY/00437,00437.mp4,The-United-States-of-America,The-United-States-of-America
voxceleb,dev,id07333/lUPlI8s-g-s/00097,00097.mp4,France,France
voxceleb,dev,id00691/iPwDIYlK8Gw/00273,00273.mp4,The-United-Kingdom-1,The-United-States-of-America
voxceleb,dev,id05092/H2H7mfXraFQ/00021,00021.mp4,The-United-Kingdom-1,Norway
voxceleb,dev,id06081/OTCrmYu2nn0/00019,00019.mp4,The-United-Kingdom-1,Kingdom-of-the-Netherlands
voxceleb,dev,id04195/lb5kmqk1k88/00428,00428.mp4,The-United-States-of-America,The-United-States-of-America
voxceleb,dev,id06857/FHQ44-0535w/00163,00163.mp4,The-United-States-of-America,The-United-States-of-America
voxceleb,dev,id01893/4L1-ObV9bF8/00019,00019.mp4,Jordan-215,The-United-Kingdom-1
voxceleb,dev,id03728/t2Wbsc8SN1g/00444,00444.mp4,India,India
voxceleb,dev,id07776/vsCj6OxJJ-s/00433,00433.mp4,The-United-Kingdom-1,The-United-States-of-America
voxceleb,dev,id04319/oZXTC4naX-c/00198,00198.mp4,Turkey-country,Kingdom-of-the-Netherlands
voxceleb,dev,id01713/BlcuQRDltE0/00091,00091.mp4,Israel,France
voxceleb,dev,id05716/GDrZSMmYSVM/00081,00081.mp4,India,The-United-Kingdom-1
voxceleb,dev,id04537/zp1MMbICp64/00473,00473.mp4,India,India
voxceleb,dev,id08912/MJ8ZtBul_Ig/00034,00034.mp4,The-United-Kingdom-1,The-United-Kingdom-1
voxceleb,dev,id02187/DxLv-zZIx0Q/00169,00169.mp4,The-United-Kingdom-1,The-United-States-of-America
voxceleb,dev,id07432/1bhlddCP3uM/00025,00025.mp4,Jordan-215,Romania
voxceleb,dev,id01105/nZwDIqsctx4/00077,00077.mp4,The-United-Kingdom-1,The-United-States-of-America
voxceleb,dev,id07564/S2ZS6b9L0HY/00170,00170.mp4,The-United-States-of-America,Australia
voxceleb,dev,id01220/VbXj6LPyLzc/00054,00054.mp4,The-Republic-of-Ireland,Kingdom-of-the-Netherlands
voxceleb,dev,id02599/K_rVRdTIHio/00122,00122.mp4,The-United-States-of-America,The-United-States-of-America
voxceleb,dev,id01038/_dSknPTeKtM/00150,00150.mp4,India,Pakistan
voxceleb,dev,id07465/5PQUk8m798Q/00029,00029.mp4,The-United-States-of-America,The-United-States-of-America
voxceleb,dev,id03892/Eli1gHB69fo/00014,00014.mp4,Australia,Australia
voxceleb,dev,id04945/NCsk3_Y3z-4/00094,00094.mp4,The-United-States-of-America,The-United-States-of-America
voxceleb,dev,id00465/g8CSBn1OuIE/00078,00078.mp4,The-United-Kingdom-1,France
voxceleb,dev,id02739/Q1nAqaXx-F0/00178,00178.mp4,The-United-States-of-America,The-United-States-of-America
voxceleb,dev,id06344/rMYWoT9Xc-U/00146,00146.mp4,The-Republic-of-Ireland,Greece
voxceleb,dev,id00359/ZbsNUdCzr6w/00082,00082.mp4,The-United-Kingdom-1,The-United-States-of-America
voxceleb,dev,id04982/10KDji2rjkg/00009,00009.mp4,Gambia,The-United-States-of-America
voxceleb,dev,id06645/ShLCO2v7pnA/00105,00105.mp4,Germany,Germany
voxceleb,dev,id01859/h2CpTfYN-NU/00305,00305.mp4,India,India
voxceleb,dev,id02684/Cn1QgWm0K3w/00018,00018.mp4,Canada,Austria
voxceleb,dev,id07050/1hxO6QVDU9Y/00011,00011.mp4,India,India
voxceleb,dev,id05552/7bjQy0S6Un4/00121,00121.mp4,The-United-Kingdom-1,The-United-Kingdom-1
voxceleb,dev,id00413/87BfvenJ29w/00117,00117.mp4,India,India
voxceleb,dev,id08885/Nq0WYi1RS9c/00114,00114.mp4,India,India
voxceleb,dev,id03613/O3pr9uAtXVk/00055,00055.mp4,Ghana,The-United-States-of-America
voxceleb,dev,id03769/TxKEhxpQxhU/00047,00047.mp4,The-United-States-of-America,The-United-States-of-America
voxceleb,dev,id06268/o17n4fkGiUA/00216,00216.mp4,India,India
voxceleb,dev,id04588/wg1ljG_HdSg/00450,00450.mp4,The-United-States-of-America,The-United-States-of-America
voxceleb,dev,id03253/eEYSfn2-P9k/00107,00107.mp4,The-United-Kingdom-1,Venezuela
voxceleb,dev,id04660/88wqXr-sPrA/00112,00112.mp4,Germany,Germany
voxceleb,dev,id05700/_aijMsg0Vq8/00153,00153.mp4,The-United-States-of-America,The-United-States-of-America
voxceleb,dev,id06717/iCm-FmfqR2o/00309,00309.mp4,The-United-States-of-America,The-United-States-of-America
voxceleb,dev,id05399/3ni6idUf5pQ/00002,00002.mp4,The-United-Kingdom-1,The-United-States-of-America
voxceleb,dev,id08003/5JMXBGexHak/00035,00035.mp4,The-United-Kingdom-1,Scotland
voxceleb,dev,id00025/PjSeVtbvSjA/00023,00023.mp4,The-United-Kingdom-1,The-United-States-of-America
voxceleb,dev,id04517/0PCsYktWGiI/00008,00008.mp4,Jamaica,The-United-States-of-America
voxceleb,dev,id03931/jvsVsC_GhO0/00404,00404.mp4,France,France
voxceleb,dev,id09194/lh3zwmUkm3s/00296,00296.mp4,Croatia,Croatia
voxceleb,dev,id06717/so1jttThyP0/00389,00389.mp4,The-United-States-of-America,The-United-States-of-America
voxceleb,dev,id06422/BqgTlsCzCss/00049,00049.mp4,The-United-Kingdom-1,The-United-Kingdom-1
voxceleb,dev,id03337/RG9ML6Obn9A/00040,00040.mp4,The-United-Kingdom-1,Austria
voxceleb,dev,id03954/IeL9Mu1aRoY/00057,00057.mp4,The-United-Kingdom-1,The-United-Kingdom-1
voxceleb,dev,id07164/T2vTQXwx_SU/00221,00221.mp4,The-United-States-of-America,The-United-States-of-America
voxceleb,dev,id00047/qk9v-wFnSLM/00324,00324.mp4,The-United-Kingdom-1,Australia
voxceleb,dev,id00830/20JQyKUhokU/00004,00004.mp4,The-United-Kingdom-1,The-United-States-of-America
voxceleb,dev,id09147/Pt2NGVRH1Ks/00141,00141.mp4,The-United-States-of-America,Australia
voxceleb,dev,id04652/NUuFkH4HpSY/00122,00122.mp4,The-United-States-of-America,The-United-States-of-America
voxceleb,dev,id04163/vCT7iFgOvfQ/00431,00431.mp4,The-United-Kingdom-1,The-United-States-of-America
voxceleb,dev,id07744/Fdyn2M9geHI/00223,00223.mp4,The-United-Kingdom-1,Finland
voxceleb,dev,id05837/PNSgznop1nM/00072,00072.mp4,The-United-Kingdom-1,Germany
voxceleb,dev,id07478/AO1qU8vVNI8/00040,00040.mp4,The-United-States-of-America,Canada
voxceleb,dev,id01955/PLYLk2olMxI/00062,00062.mp4,The-United-Kingdom-1,Italy
voxceleb,dev,id05076/05Q09CK-m6Q/00003,00003.mp4,The-United-Kingdom-1,The-United-Kingdom-1
voxceleb,dev,id07084/0Vs8jJPAAwQ/00011,00011.mp4,India,India
voxceleb,dev,id00318/2NIyxk9_78s/00136,00136.mp4,Iran,Iran
voxceleb,dev,id04970/mKL8Mv5TXy8/00184,00184.mp4,India,India
voxceleb,dev,id08660/WvTzkrkAeyw/00258,00258.mp4,The-United-States-of-America,The-United-States-of-America
voxceleb,dev,id06723/bEf2TSsWcSk/00378,00378.mp4,India,India
voxceleb,dev,id06268/C5xfxFd_PPU/00052,00052.mp4,India,India
voxceleb,dev,id06483/CgfFwcq_nAM/00028,00028.mp4,The-United-Kingdom-1,The-United-Kingdom-1
voxceleb,dev,id06404/9Lg8MR4OCYQ/00056,00056.mp4,The-Republic-of-Ireland,The-United-States-of-America
voxceleb,dev,id07175/Jvxl1_AyHaY/00158,00158.mp4,India,India
voxceleb,dev,id00730/t_56FQ1EfPU/00194,00194.mp4,India,India
voxceleb,dev,id02102/smUG8SlX1Dk/00402,00402.mp4,The-United-Kingdom-1,The-United-States-of-America
voxceleb,dev,id01842/B1l3eV3zb5k/00007,00007.mp4,The-United-Kingdom-1,Poland
voxceleb,dev,id00918/rGM0Y6MNm-Q/00295,00295.mp4,The-United-Kingdom-1,Germany
voxceleb,dev,id08022/UuPxNAicP1Q/00192,00192.mp4,The-United-Kingdom-1,The-United-States-of-America
voxceleb,dev,id03249/rMr3X_60h_Q/00041,00041.mp4,The-United-Kingdom-1,Germany
voxceleb,dev,id00774/TDfdmb8vqag/00270,00270.mp4,The-Republic-of-Ireland,The-United-Kingdom-1
voxceleb,dev,id07002/AvIO1OT2QBo/00053,00053.mp4,The-United-Kingdom-1,Australia
voxceleb,dev,id06152/53ujLftyWaQ/00013,00013.mp4,Japan,The-United-States-of-America
voxceleb,dev,id05310/ek8JQdzTVU4/00019,00019.mp4,The-United-Kingdom-1,Brazil
voxceleb,dev,id06477/yjFzQhhUGmo/00444,00444.mp4,The-United-States-of-America,The-United-States-of-America
voxceleb,dev,id01578/DHUJOIR0ME8/00021,00021.mp4,The-United-Kingdom-1,The-United-States-of-America
voxceleb,dev,id05860/TAM8EorqN_4/00025,00025.mp4,The-United-Kingdom-1,Italy
voxceleb,dev,id03071/2OhCWaWXTDQ/00025,00025.mp4,The-United-Kingdom-1,Italy
voxceleb,dev,id03667/juuIYw1QA08/00052,00052.mp4,The-United-Kingdom-1,The-United-States-of-America
voxceleb,dev,id03232/IvNY_u3mSdk/00037,00037.mp4,The-United-Kingdom-1,France
voxceleb,dev,id01753/cMpu4crsOOQ/00150,00150.mp4,The-United-Kingdom-1,Australia
voxceleb,dev,id08927/l0OIu7rSwrI/00247,00247.mp4,The-Republic-of-Ireland,unknown
voxceleb,dev,id01749/NKOdLW28hTc/00095,00095.mp4,The-United-Kingdom-1,The-United-States-of-America
voxceleb,dev,id00624/Jhoj9MsXb68/00008,00008.mp4,The-United-States-of-America,New-Zealand
voxceleb,dev,id01694/j5lIy_PxhSs/00281,00281.mp4,The-United-Kingdom-1,The-United-States-of-America
voxceleb,dev,id00592/j8QvcDNEmhU/00208,00208.mp4,Ghana,South-Africa
voxceleb,dev,id06248/_F8B-klCGb0/00183,00183.mp4,Zimbabwe,unknown
voxceleb,dev,id06723/JbnKXEBl_N4/00122,00122.mp4,India,India
voxceleb,dev,id00168/NrltBh4Oy_c/00224,00224.mp4,The-United-States-of-America,The-United-States-of-America
voxceleb,dev,id06495/IMkp5ON4Zxs/00060,00060.mp4,The-United-Kingdom-1,The-Republic-of-Ireland
voxceleb,dev,id02890/eEnNvNec5DI/00095,00095.mp4,The-United-Kingdom-1,France
voxceleb,dev,id06509/wUQLlRIuy-Q/00091,00091.mp4,The-United-Kingdom-1,The-United-States-of-America
voxceleb,dev,id08608/a4G5It1Dy6A/00164,00164.mp4,The-United-Kingdom-1,The-United-Kingdom-1
voxceleb,dev,id01340/amYlJwaNyMk/00080,00080.mp4,The-United-Kingdom-1,The-United-States-of-America
voxceleb,dev,id05227/X4oeZcZ262A/00135,00135.mp4,The-United-Kingdom-1,The-United-States-of-America
voxceleb,dev,id04694/qBSg4kHgRT8/00178,00178.mp4,The-United-Kingdom-1,The-United-States-of-America
voxceleb,dev,id08416/dDhin70DfZE/00254,00254.mp4,The-United-Kingdom-1,The-United-States-of-America
voxceleb,dev,id06024/2f-F0Q6AwfE/00011,00011.mp4,The-United-Kingdom-1,unknown
voxceleb,dev,id05453/XUeYA4XybZ4/00147,00147.mp4,The-United-Kingdom-1,The-United-Kingdom-1
voxceleb,dev,id07752/y9i_uau61uE/00287,00287.mp4,India,India
voxceleb,dev,id01551/nBOx3ClsOMk/00027,00027.mp4,The-United-Kingdom-1,Sweden
voxceleb,dev,id08408/SnnEUvtX2-A/00014,00014.mp4,The-United-States-of-America,Germany
voxceleb,dev,id06595/peD-NZtXCzI/00058,00058.mp4,India,The-United-Kingdom-1
voxceleb,dev,id01387/85MaSV5l5wg/00126,00126.mp4,The-United-States-of-America,The-United-States-of-America
voxceleb,dev,id00159/dAmHl6CQTcA/00226,00226.mp4,India,India
voxceleb,dev,id00469/l3UVisXGeT0/00272,00272.mp4,The-United-States-of-America,The-United-States-of-America
voxceleb,dev,id00185/f7xs_eZphgs/00324,00324.mp4,The-United-Kingdom-1,The-United-Kingdom-1
voxceleb,dev,id04420/YvAcoBGxkN0/00147,00147.mp4,The-United-States-of-America,The-United-States-of-America
voxceleb,dev,id08314/52OilLsDbkw/00010,00010.mp4,India,India
voxceleb,dev,id05913/wUlTOaMso-0/00490,00490.mp4,The-United-Kingdom-1,The-United-States-of-America
voxceleb,dev,id07122/VugKDDDrDy0/00126,00126.mp4,The-Republic-of-Ireland,The-United-States-of-America
voxceleb,dev,id05101/Um22dM8eOoE/00132,00132.mp4,The-United-Kingdom-1,The-United-Kingdom-1
voxceleb,dev,id03242/igcUlkuf9ic/00385,00385.mp4,Jordan-215,India
voxceleb,dev,id00417/_WTIf5_EgYQ/00294,00294.mp4,Israel,India
voxceleb,dev,id01691/2FulXTFVkoY/00016,00016.mp4,The-United-Kingdom-1,The-United-Kingdom-1
voxceleb,dev,id05989/3woq_sOn84o/00039,00039.mp4,The-United-States-of-America,The-United-States-of-America
voxceleb,dev,id03026/W4nnv49pw5o/00007,00007.mp4,The-United-States-of-America,The-United-States-of-America
voxceleb,dev,id01663/gObLvcvxKKM/00121,00121.mp4,The-United-Kingdom-1,Italy
voxceleb,dev,id04528/b5RXJ0y0KKw/00078,00078.mp4,The-United-Kingdom-1,The-United-States-of-America
voxceleb,dev,id05160/paUylBLkVOM/00414,00414.mp4,The-United-Kingdom-1,The-Republic-of-Ireland
voxceleb,dev,id00381/BUwbrikeDyU/00050,00050.mp4,The-Republic-of-Ireland,Canada
voxceleb,dev,id07928/19hZ7NXsazU/00009,00009.mp4,The-United-States-of-America,Cuba
voxceleb,dev,id00692/V9Qco4ErbwM/00251,00251.mp4,The-United-Kingdom-1,The-United-States-of-America
voxceleb,dev,id04525/KtC0lX83p5A/00009,00009.mp4,Jordan-215,The-United-Kingdom-1
voxceleb,dev,id00894/gZIIigi4XUw/00243,00243.mp4,The-United-Kingdom-1,Italy
voxceleb,dev,id01912/Lgyvet8T-8U/00002,00002.mp4,The-United-States-of-America,Spain
voxceleb,dev,id01614/qCYapEZY2p0/00442,00442.mp4,The-United-Kingdom-1,The-United-States-of-America
voxceleb,dev,id02873/SL1o6nEHs7Q/00205,00205.mp4,The-United-Kingdom-1,The-United-States-of-America
voxceleb,dev,id06279/HHm0AZ9G1qI/00012,00012.mp4,India,Brazil
voxceleb,dev,id04589/4w-ZSvvazek/00057,00057.mp4,The-United-Kingdom-1,New-Zealand
voxceleb,dev,id02179/awKajRCUTlc/00248,00248.mp4,The-United-States-of-America,The-United-States-of-America
voxceleb,dev,id07955/ykMok3MS-oo/00450,00450.mp4,India,The-United-Kingdom-1
voxceleb,dev,id01315/yUlGwRy5HCM/00472,00472.mp4,The-United-States-of-America,The-United-States-of-America
voxceleb,dev,id04974/Qyd009Z-C7w/00342,00342.mp4,India,India
voxceleb,dev,id03082/oRNfXCt7Fyk/00037,00037.mp4,The-United-States-of-America,Kingdom-of-the-Netherlands
voxceleb,dev,id08307/kbHEjeOaqJw/00147,00147.mp4,India,India
voxceleb,dev,id01666/EAmMqMbxMn4/00029,00029.mp4,The-United-Kingdom-1,Germany
voxceleb,dev,id07755/qc6zMRfYEbw/00134,00134.mp4,The-United-Kingdom-1,The-United-States-of-America
voxceleb,dev,id07726/pjR8IPoJSo4/00429,00429.mp4,The-United-Kingdom-1,The-United-States-of-America
voxceleb,dev,id03201/Bxfr7oCrc0w/00023,00023.mp4,The-United-States-of-America,The-United-States-of-America
voxceleb,dev,id04393/_mbZV81-H-Y/00049,00049.mp4,The-United-Kingdom-1,Spain
voxceleb,dev,id06396/TfJMfK67IZQ/00089,00089.mp4,The-United-States-of-America,Canada
voxceleb,dev,id06900/jSqQhX1hRzI/00202,00202.mp4,The-United-Kingdom-1,Portugal
voxceleb,dev,id08259/xQBtcNzF9fc/00133,00133.mp4,The-United-Kingdom-1,Canada
voxceleb,dev,id08926/vSGiiThXd14/00273,00273.mp4,India,India
voxceleb,dev,id04137/27zcOs63_IQ/00014,00014.mp4,Spain,Spain
voxceleb,dev,id07135/CL-rZAkbaC4/00066,00066.mp4,The-United-Kingdom-1,Australia
voxceleb,dev,id05853/mrpwoMXwM9g/00451,00451.mp4,The-United-States-of-America,Nicaragua
voxceleb,dev,id07875/4ComfuoFMLw/00009,00009.mp4,The-United-States-of-America,Argentina
voxceleb,dev,id00383/6xPPLrMWAJY/00030,00030.mp4,The-United-Kingdom-1,The-United-States-of-America
voxceleb,dev,id05573/zWHYCbxSjcY/00492,00492.mp4,The-United-Kingdom-1,Canada
voxceleb,dev,id04477/n3PBnt8Y0dw/00164,00164.mp4,The-United-Kingdom-1,The-United-States-of-America
voxceleb,dev,id04458/qPAFg4T0YbE/00394,00394.mp4,The-Republic-of-Ireland,France
voxceleb,dev,id05020/Tm3y5-dpn0Y/00157,00157.mp4,The-Republic-of-Ireland,The-United-States-of-America
voxceleb,dev,id00908/TxEJaZ63yNg/00125,00125.mp4,The-United-Kingdom-1,Canada
voxceleb,dev,id01395/BlPAQANiZm0/00103,00103.mp4,The-United-Kingdom-1,The-United-Kingdom-1
voxceleb,dev,id06233/YnR-D1NY0-Q/00092,00092.mp4,The-Republic-of-Ireland,Italy
voxceleb,dev,id05101/VSrxU1BEI3g/00143,00143.mp4,The-United-Kingdom-1,The-United-Kingdom-1
voxceleb,dev,id00249/C4vDgFdpgu4/00012,00012.mp4,The-United-Kingdom-1,Italy
voxceleb,dev,id08200/TsqrUwy37xI/00033,00033.mp4,The-United-Kingdom-1,Germany
voxceleb,dev,id04375/05fY8UCb1cE/00007,00007.mp4,The-United-Kingdom-1,The-United-States-of-America
voxceleb,dev,id07956/U7q_c_CsWt4/00220,00220.mp4,India,India
voxceleb,dev,id00062/LF6MqHq2-gs/00197,00197.mp4,The-United-States-of-America,The-United-States-of-America
voxceleb,dev,id02087/x0cw8cAJhhU/00476,00476.mp4,The-United-Kingdom-1,The-United-States-of-America
voxceleb,dev,id00512/sjPTjXvLstI/00296,00296.mp4,The-United-Kingdom-1,Germany
voxceleb,dev,id07212/BsXn9aBRK9s/00072,00072.mp4,The-United-Kingdom-1,Canada
voxceleb,dev,id08191/3itux5dhLbg/00012,00012.mp4,The-United-States-of-America,The-United-States-of-America
voxceleb,dev,id07430/De99W1Vgty4/00026,00026.mp4,The-United-States-of-America,Brazil
voxceleb,dev,id05486/rbV-NtmYmpc/00162,00162.mp4,The-United-Kingdom-1,Argentina
voxceleb,dev,id07719/y7GRKV7dD6k/00490,00490.mp4,The-United-Kingdom-1,The-United-States-of-America
voxceleb,dev,id01528/uywgQoXiH7w/00106,00106.mp4,The-United-States-of-America,The-United-States-of-America
voxceleb,dev,id05171/yKK8ca8bOvE/00497,00497.mp4,The-United-Kingdom-1,Spain
voxceleb,dev,id06855/Z_konujbb80/00093,00093.mp4,The-United-Kingdom-1,The-United-Kingdom-1
voxceleb,dev,id00960/95p2IAkqQ5E/00056,00056.mp4,The-United-Kingdom-1,France
voxceleb,dev,id04945/uW72O8najaU/00225,00225.mp4,The-United-States-of-America,The-United-States-of-America
voxceleb,dev,id07642/aIZi4Hs9YsQ/00230,00230.mp4,The-United-Kingdom-1,The-United-States-of-America
voxceleb,dev,id08115/7yAabe1s248/00024,00024.mp4,New-Zealand,The-United-States-of-America
voxceleb,dev,id02392/NZ5SWpEiruE/00176,00176.mp4,The-United-Kingdom-1,The-United-States-of-America
voxceleb,dev,id06450/zzL_iMamUiM/00228,00228.mp4,The-United-Kingdom-1,The-United-Kingdom-1
voxceleb,dev,id02300/W8ZO9WOzK4U/00153,00153.mp4,The-United-Kingdom-1,The-United-States-of-America
voxceleb,dev,id07305/qJ3tUtj3WGY/00226,00226.mp4,The-United-States-of-America,The-United-States-of-America
voxceleb,dev,id04984/NmiONg6x04w/00053,00053.mp4,Ivory-Coast,Guinea
voxceleb,dev,id03521/tbbeI0Bxr_s/00137,00137.mp4,The-United-Kingdom-1,The-United-States-of-America
voxceleb,dev,id09238/oee_gRqgldM/00242,00242.mp4,The-Republic-of-Ireland,France
voxceleb,dev,id00997/0YaecmWWOTM/00002,00002.mp4,The-Republic-of-Ireland,France
voxceleb,dev,id06381/_tiYxGmq-CM/00147,00147.mp4,The-United-Kingdom-1,The-United-States-of-America
voxceleb,dev,id06829/XsUDyQ2Z7dE/00148,00148.mp4,Jamaica,The-United-States-of-America
voxceleb,dev,id07008/YM3GY_GCj-k/00095,00095.mp4,The-United-States-of-America,India
voxceleb,dev,id08670/4hAfErcUmtQ/00032,00032.mp4,The-Republic-of-Ireland,The-United-States-of-America
voxceleb,dev,id08068/J7WIHQUlIrc/00037,00037.mp4,India,India
voxceleb,dev,id05058/i26vKEa31I4/00246,00246.mp4,India,India
voxceleb,dev,id03525/U4Bk43hsXpM/00214,00214.mp4,The-Republic-of-Ireland,The-United-Kingdom-1
voxceleb,dev,id06597/jLB8kMDtlwY/00333,00333.mp4,The-United-Kingdom-1,The-United-Kingdom-1
voxceleb,dev,id07371/D8DTzVCQLTs/00016,00016.mp4,The-United-Kingdom-1,The-United-Kingdom-1
voxceleb,dev,id04684/cSy_s881nNg/00330,00330.mp4,The-United-Kingdom-1,The-United-States-of-America
voxceleb,dev,id04027/rOimsyVQmUo/00395,00395.mp4,The-United-States-of-America,The-United-States-of-America
voxceleb,dev,id07990/IHawZ-bcNEo/00066,00066.mp4,The-United-Kingdom-1,The-United-Kingdom-1
voxceleb,dev,id08125/D-Bp5furvAk/00029,00029.mp4,The-United-Kingdom-1,Finland
voxceleb,dev,id02420/lece_MF7wc8/00064,00064.mp4,The-Republic-of-Ireland,Spain
voxceleb,dev,id05048/cMWEXySmJRQ/00013,00013.mp4,The-United-Kingdom-1,Malta
voxceleb,dev,id08639/ITJwon4Yf2o/00131,00131.mp4,The-United-Kingdom-1,The-United-States-of-America
voxceleb,dev,id02871/I7EMSfV_3bU/00099,00099.mp4,The-United-Kingdom-1,The-United-States-of-America
voxceleb,dev,id00903/Nxq50kqdNtA/00089,00089.mp4,The-United-Kingdom-1,The-United-States-of-America
voxceleb,dev,id00060/RVAsvsd2KtM/00149,00149.mp4,The-United-Kingdom-1,The-United-States-of-America
voxceleb,dev,id03821/KZPfSS8wVwg/00145,00145.mp4,The-United-States-of-America,The-United-States-of-America
voxceleb,dev,id06870/fROQCjG26Ts/00344,00344.mp4,India,The-United-States-of-America
voxceleb,dev,id05191/9D2Ff1vor_s/00040,00040.mp4,The-United-Kingdom-1,The-United-States-of-America
voxceleb,dev,id07834/g9tDX1i7WeQ/00284,00284.mp4,The-United-Kingdom-1,The-United-Kingdom-1
voxceleb,dev,id05893/c9svKpQdj-M/00332,00332.mp4,The-United-Kingdom-1,The-United-States-of-America
voxceleb,dev,id01174/glVtws6U434/00090,00090.mp4,Jordan-215,The-United-States-of-America
voxceleb,dev,id03871/svlF8haOWp8/00374,00374.mp4,The-United-States-of-America,The-United-States-of-America
voxceleb,dev,id00469/l6kOxkPJfRM/00295,00295.mp4,The-United-States-of-America,The-United-States-of-America
voxceleb,dev,id00086/vRFhJZ_DH5E/00380,00380.mp4,Jordan-215,India
voxceleb,dev,id08147/N8vUh45KpiI/00130,00130.mp4,India,India
voxceleb,dev,id01685/g5AfnWlBQHY/00136,00136.mp4,The-United-Kingdom-1,The-United-States-of-America
voxceleb,dev,id03556/nRlqqKhJ7Hc/00199,00199.mp4,The-United-Kingdom-1,The-United-States-of-America
voxceleb,dev,id00082/qLorRRD-QY0/00170,00170.mp4,India,India
voxceleb,dev,id02339/JSzkPaUKaKI/00183,00183.mp4,The-Republic-of-Ireland,Germany
voxceleb,dev,id09044/qgSbikDD6-s/00262,00262.mp4,India,The-United-States-of-America
voxceleb,dev,id06517/oUPg2QLMYHo/00206,00206.mp4,Jamaica,The-United-States-of-America
voxceleb,dev,id03298/Ag7OAHi9cuA/00097,00097.mp4,The-United-States-of-America,The-United-States-of-America
voxceleb,dev,id02157/I1Wodexr0_8/00220,00220.mp4,The-United-Kingdom-1,The-United-States-of-America
voxceleb,dev,id01271/LJQSNtQyYJ4/00034,00034.mp4,The-United-Kingdom-1,Costa-Rica-1
voxceleb,dev,id04614/eYlqL9ubS7k/00149,00149.mp4,The-Republic-of-Ireland,The-United-Kingdom-1
voxceleb,dev,id06853/WH66FZAVGoM/00128,00128.mp4,The-United-Kingdom-1,South-Africa
voxceleb,dev,id08863/qodRXiWQxcU/00215,00215.mp4,The-United-States-of-America,Greece
voxceleb,dev,id04321/IQ3DbROkn3o/00113,00113.mp4,The-Republic-of-Ireland,Switzerland
voxceleb,dev,id05733/EurjsPOx8us/00010,00010.mp4,The-United-Kingdom-1,Germany
voxceleb,dev,id03993/0FRl1t6O4OA/00020,00020.mp4,The-United-Kingdom-1,Sweden
voxceleb,dev,id07529/U-H_9jlEu7w/00129,00129.mp4,The-United-States-of-America,The-United-States-of-America
voxceleb,dev,id00597/MeiWDzyaC_Y/00004,00004.mp4,Mexico,Malaysia
voxceleb,dev,id06948/jw9hrYV0DqY/00322,00322.mp4,The-United-Kingdom-1,The-United-States-of-America
voxceleb,dev,id01572/B3FdMhfUWAw/00036,00036.mp4,The-United-States-of-America,The-United-States-of-America
voxceleb,dev,id04660/brLctXgNliM/00357,00357.mp4,Germany,Germany
voxceleb,dev,id08637/79xJmdKAvGA/00001,00001.mp4,The-United-Kingdom-1,Norway
voxceleb,dev,id04644/6DPHXGcS6n0/00032,00032.mp4,The-United-Kingdom-1,Canada
voxceleb,dev,id01255/YqrrR01ZnTs/00097,00097.mp4,The-United-States-of-America,Canada
voxceleb,dev,id00412/TUgqkv2EiQs/00111,00111.mp4,India,India
voxceleb,dev,id04186/RV73Ix-B5mE/00070,00070.mp4,The-United-Kingdom-1,Germany
voxceleb,dev,id07997/RzjTF5utvuY/00061,00061.mp4,The-United-Kingdom-1,The-United-States-of-America
voxceleb,dev,id08715/tB3Q2iXLf6U/00056,00056.mp4,India,India
voxceleb,dev,id02617/0Z7FRFN3nY4/00002,00002.mp4,The-Republic-of-Ireland,The-United-States-of-America
voxceleb,dev,id00181/A7cCmDdd0Fw/00085,00085.mp4,The-United-Kingdom-1,The-United-Kingdom-1
voxceleb,dev,id00520/rmbpPeSWhHk/00303,00303.mp4,The-United-Kingdom-1,The-United-Kingdom-1
voxceleb,dev,id01459/Z0ivPNZU7Y4/00057,00057.mp4,The-United-Kingdom-1,The-United-States-of-America
voxceleb,dev,id02179/dYM07fUEqu8/00263,00263.mp4,The-United-States-of-America,The-United-States-of-America
voxceleb,dev,id02253/iLRSVGZG7IM/00237,00237.mp4,The-United-Kingdom-1,The-United-Kingdom-1
voxceleb,dev,id06753/TP57pwcMNyQ/00096,00096.mp4,India,India
voxceleb,dev,id05178/BA_jM4BfkTM/00027,00027.mp4,Singapore,Malaysia
voxceleb,dev,id08066/uTdqx5V90m4/00424,00424.mp4,The-United-States-of-America,The-United-States-of-America
voxceleb,dev,id03917/Nm2o6K_g8Zk/00189,00189.mp4,The-United-Kingdom-1,France
voxceleb,dev,id04869/ZxIlpoDj61s/00383,00383.mp4,The-Republic-of-Ireland,Croatia
voxceleb,dev,id01614/D5eANtLOj6w/00047,00047.mp4,The-United-States-of-America,The-United-States-of-America
voxceleb,dev,id02462/9GBUySKfipc/00069,00069.mp4,The-United-Kingdom-1,The-United-States-of-America
voxceleb,dev,id06133/MxfYPUTGCvw/00071,00071.mp4,The-United-Kingdom-1,The-United-States-of-America
voxceleb,dev,id09033/S4uYymGw0z4/00208,00208.mp4,The-United-States-of-America,Germany
voxceleb,dev,id03088/53UWdzhQWj8/00070,00070.mp4,Brazil,The-United-States-of-America
voxceleb,dev,id00788/R0lyqkDqzu4/00274,00274.mp4,The-United-Kingdom-1,The-United-States-of-America
voxceleb,dev,id02084/6v8xE9yZd6g/00017,00017.mp4,The-United-States-of-America,The-United-States-of-America
voxceleb,dev,id09116/wUn98NJ1Fnw/00193,00193.mp4,Taiwan,The-United-States-of-America
voxceleb,dev,id03822/RSi8q8fhYXA/00076,00076.mp4,The-United-States-of-America,The-United-States-of-America
voxceleb,dev,id00185/GZQefRXLwSc/00164,00164.mp4,The-United-Kingdom-1,The-United-Kingdom-1
voxceleb,dev,id03436/wq5THfNSb-Q/00187,00187.mp4,The-United-Kingdom-1,Germany
voxceleb,dev,id08331/z1oGyrXGIVk/00209,00209.mp4,The-United-Kingdom-1,Norway
voxceleb,dev,id03258/cLQilOOYEw4/00300,00300.mp4,The-United-Kingdom-1,Kingdom-of-the-Netherlands
voxceleb,dev,id01328/Tk2i3sGVvP0/00132,00132.mp4,The-United-Kingdom-1,Australia
voxceleb,dev,id08745/WHOmxJ1m5Sc/00301,00301.mp4,The-United-Kingdom-1,Italy
voxceleb,dev,id08577/9rRdY2ggO-4/00053,00053.mp4,The-United-Kingdom-1,The-United-States-of-America
voxceleb,dev,id01140/aHfNxGY8oi8/00138,00138.mp4,The-United-Kingdom-1,The-United-States-of-America
voxceleb,dev,id01568/9lo1rWcEwms/00013,00013.mp4,The-United-Kingdom-1,The-United-States-of-America
voxceleb,dev,id09088/Q4aAmXmr0KM/00137,00137.mp4,India,Sweden
voxceleb,dev,id06235/Gu0mypIa-rk/00107,00107.mp4,The-United-States-of-America,The-United-States-of-America
voxceleb,dev,id00649/m3Wj9Pis1-w/00067,00067.mp4,The-United-Kingdom-1,The-United-States-of-America
voxceleb,dev,id02341/4G3i92th49Y/00032,00032.mp4,The-United-States-of-America,The-United-States-of-America
voxceleb,dev,id00413/uqbnqXLcZs0/00464,00464.mp4,India,India
voxceleb,dev,id00187/VeaWfaXszms/00263,00263.mp4,The-United-Kingdom-1,The-United-Kingdom-1
voxceleb,dev,id02633/8c-La6x60zA/00071,00071.mp4,The-United-Kingdom-1,The-United-Kingdom-1
voxceleb,dev,id00946/OOBCRqjkKoU/00111,00111.mp4,The-United-States-of-America,The-United-States-of-America
voxceleb,dev,id04357/BTf1eLF7vKA/00010,00010.mp4,Spain,Spain
voxceleb,dev,id06163/LEe_zqujV74/00059,00059.mp4,The-United-Kingdom-1,Romania
voxceleb,dev,id08143/A388IfH7wwE/00081,00081.mp4,India,India
voxceleb,dev,id02233/gJkRimqNB28/00208,00208.mp4,The-Republic-of-Ireland,Kingdom-of-the-Netherlands
voxceleb,dev,id09210/6VLS-ejWg0c/00020,00020.mp4,Ghana,South-Africa
voxceleb,dev,id01093/8RSFxp9Fg50/00031,00031.mp4,The-United-Kingdom-1,The-United-States-of-America
voxceleb,dev,id07847/Xl8yuqobnVg/00150,00150.mp4,The-United-States-of-America,The-United-States-of-America
voxceleb,dev,id07338/qFqTx_j2Ing/00095,00095.mp4,The-Republic-of-Ireland,The-United-States-of-America
voxceleb,dev,id04563/VJQWnD-c8us/00093,00093.mp4,India,India
voxceleb,dev,id06554/F9lUnngr9a0/00066,00066.mp4,The-United-Kingdom-1,Canada
voxceleb,dev,id08261/zcUSrJD-CBg/00492,00492.mp4,Japan,The-United-States-of-America
voxceleb,dev,id03748/Om7bddotVBQ/00196,00196.mp4,The-United-Kingdom-1,The-United-Kingdom-1
voxceleb,dev,id04618/ycPxam5KeuM/00494,00494.mp4,The-United-States-of-America,The-United-States-of-America
voxceleb,dev,id04844/MaqSSwdYTJk/00010,00010.mp4,India,India
voxceleb,dev,id04387/wdWlArcBq1o/00289,00289.mp4,The-United-Kingdom-1,Panama
voxceleb,dev,id07567/BpFWQvP-Yqw/00053,00053.mp4,India,Puerto-Rico
voxceleb,dev,id08599/LLgYttV9BpE/00177,00177.mp4,The-United-Kingdom-1,The-United-States-of-America
voxceleb,dev,id08243/cnObuAhLTlM/00374,00374.mp4,The-United-Kingdom-1,The-United-Kingdom-1
voxceleb,dev,id06130/7v1ozFjGgIg/00035,00035.mp4,The-United-Kingdom-1,The-United-States-of-America
voxceleb,dev,id08745/aNEDovPle7w/00373,00373.mp4,The-United-Kingdom-1,Italy
voxceleb,dev,id06905/2xTpV8i85r0/00015,00015.mp4,Germany,Germany
voxceleb,dev,id00692/nENcqhQ2wio/00346,00346.mp4,The-United-Kingdom-1,The-United-States-of-America
voxceleb,dev,id04869/KEt8LBnU--M/00201,00201.mp4,The-Republic-of-Ireland,Croatia
voxceleb,dev,id03736/IjwUx6RsmDA/00009,00009.mp4,The-Republic-of-Ireland,Poland
voxceleb,dev,id05648/us-UQsfi1M8/00235,00235.mp4,The-United-Kingdom-1,The-United-States-of-America
voxceleb,dev,id03871/0E2YrvGTJS8/00002,00002.mp4,The-United-Kingdom-1,The-United-States-of-America
voxceleb,dev,id06839/1ntCKMS5NNI/00002,00002.mp4,The-United-Kingdom-1,The-United-Kingdom-1
voxceleb,dev,id07818/3pj_hwVQPGQ/00016,00016.mp4,The-United-States-of-America,Malaysia
voxceleb,dev,id02017/bfD63l7qrVo/00314,00314.mp4,The-United-States-of-America,The-United-States-of-America
voxceleb,dev,id06472/nnnC0alSy4Q/00257,00257.mp4,The-United-Kingdom-1,The-United-Kingdom-1
voxceleb,dev,id01837/XtrFYsbqK6o/00042,00042.mp4,The-United-States-of-America,The-United-States-of-America
voxceleb,dev,id00753/OyN4iVBpPo4/00014,00014.mp4,The-Republic-of-Ireland,France
voxceleb,dev,id00730/t_56FQ1EfPU/00193,00193.mp4,India,India
voxceleb,dev,id02116/lCfewcioKsw/00282,00282.mp4,The-United-States-of-America,Australia
voxceleb,dev,id06200/us6PgD-Pkis/00142,00142.mp4,India,India
voxceleb,dev,id02956/TO__iDBJ94U/00163,00163.mp4,The-United-States-of-America,Canada
voxceleb,dev,id02351/VEIwSh8HbqM/00223,00223.mp4,The-United-Kingdom-1,The-United-Kingdom-1
voxceleb,dev,id01165/bEg2UH-BPe0/00108,00108.mp4,India,India
voxceleb,dev,id06295/KvFJwiBvUNY/00066,00066.mp4,The-United-States-of-America,The-United-States-of-America
voxceleb,dev,id05765/1asDK7tg-5E/00008,00008.mp4,The-United-Kingdom-1,The-United-States-of-America
voxceleb,dev,id04171/S7q4HA1KM-8/00036,00036.mp4,The-United-Kingdom-1,Canada
voxceleb,dev,id00770/kepUKMpAW2c/00224,00224.mp4,The-Republic-of-Ireland,The-United-Kingdom-1
voxceleb,dev,id04047/RNhDzAvJuNo/00102,00102.mp4,New-Zealand,Australia
voxceleb,dev,id07769/r_1CEDo3EXI/00205,00205.mp4,Jordan-215,India
voxceleb,dev,id04219/tH7LDOUPpn8/00468,00468.mp4,Honduras,The-United-States-of-America
voxceleb,dev,id03508/mivwqyiRs8w/00105,00105.mp4,Greece,Kingdom-of-the-Netherlands
voxceleb,dev,id00996/yg8R4sXPQVw/00437,00437.mp4,The-United-Kingdom-1,Switzerland
voxceleb,dev,id03917/FT0G0zwp4bg/00089,00089.mp4,The-Republic-of-Ireland,France
voxceleb,dev,id03749/7WWuNKmaOWA/00017,00017.mp4,The-United-States-of-America,The-United-States-of-America
voxceleb,dev,id04345/A5yrbX17-6I/00036,00036.mp4,Brazil,Brazil
voxceleb,dev,id01539/W25JjJYwTLc/00264,00264.mp4,The-United-Kingdom-1,The-United-Kingdom-1
voxceleb,dev,id00987/RLXPuZVGgBE/00115,00115.mp4,Jamaica,The-United-States-of-America
voxceleb,dev,id07927/zcW1wvg_YsA/00065,00065.mp4,India,Italy
voxceleb,dev,id02188/Q5GxGfjbGPU/00160,00160.mp4,The-United-States-of-America,The-United-States-of-America
voxceleb,dev,id06122/4FM98xrDRig/00021,00021.mp4,The-United-Kingdom-1,Spain
voxceleb,dev,id07295/664o1qvGh7w/00011,00011.mp4,India,India
voxceleb,dev,id01285/4_qQccmGDAc/00035,00035.mp4,The-United-Kingdom-1,The-United-States-of-America
voxceleb,dev,id03015/Ch9LIrrTD-E/00011,00011.mp4,Brazil,Germany
voxceleb,dev,id09237/EzEIFQfsjno/00063,00063.mp4,The-United-Kingdom-1,France
voxceleb,dev,id03493/fXrGd79CVZI/00303,00303.mp4,India,India
voxceleb,dev,id05686/qa7D8L4jCMQ/00155,00155.mp4,The-United-States-of-America,The-United-States-of-America
voxceleb,dev,id01546/smj4Ir3zg4k/00035,00035.mp4,The-United-States-of-America,The-United-States-of-America
voxceleb,dev,id06414/N3Ps-kxWT9Y/00153,00153.mp4,The-United-Kingdom-1,The-United-States-of-America
voxceleb,dev,id05282/XoCducHDG00/00039,00039.mp4,The-United-Kingdom-1,France
voxceleb,dev,id08313/tQX-YODuU-s/00211,00211.mp4,India,India
voxceleb,dev,id06134/Bl7stFvN0Zs/00006,00006.mp4,The-United-Kingdom-1,Croatia
voxceleb,dev,id02174/pvkOLmp7WEg/00030,00030.mp4,Jordan-215,Lebanon
voxceleb,dev,id01832/21z5OwGBFY8/00007,00007.mp4,The-United-States-of-America,The-United-States-of-America
voxceleb,dev,id05806/XhqPKNGBE-c/00069,00069.mp4,The-United-Kingdom-1,France
voxceleb,dev,id01170/477sLagf6z4/00007,00007.mp4,The-United-Kingdom-1,The-United-States-of-America
voxceleb,dev,id03706/NLKANBqjVfk/00114,00114.mp4,Jamaica,The-United-States-of-America
voxceleb,dev,id06116/wLweMmzS_Go/00296,00296.mp4,The-United-States-of-America,The-United-States-of-America
voxceleb,dev,id05666/EEqrOAmJN2I/00126,00126.mp4,The-Republic-of-Ireland,France
voxceleb,dev,id01692/6lH6yDvUmPA/00022,00022.mp4,The-United-Kingdom-1,The-United-States-of-America
voxceleb,dev,id01667/BSHZZN01shw/00087,00087.mp4,The-United-Kingdom-1,Austria
voxceleb,dev,id05687/bRiwRwToI6I/00090,00090.mp4,The-United-States-of-America,The-United-States-of-America
voxceleb,dev,id05197/UPm_doIA7E4/00055,00055.mp4,The-United-Kingdom-1,The-United-Kingdom-1
voxceleb,dev,id00184/cfHA98PzVEU/00293,00293.mp4,The-United-States-of-America,The-United-States-of-America
voxceleb,dev,id02987/PHsFq6L1MP0/00282,00282.mp4,India,India
voxceleb,dev,id04655/O0IKepZE09s/00213,00213.mp4,Israel,Soviet-Union-1
voxceleb,dev,id00029/S4IT_ZENTO8/00277,00277.mp4,Jordan-215,Jordan-215
voxceleb,dev,id07672/4SojkXAdeHI/00030,00030.mp4,India,India
voxceleb,dev,id01979/aoTHVw75IBU/00108,00108.mp4,The-United-Kingdom-1,France
voxceleb,dev,id01209/I8iatxuU3OU/00259,00259.mp4,The-United-Kingdom-1,The-United-States-of-America
voxceleb,dev,id08954/zCMhSPCJm4c/00102,00102.mp4,The-United-Kingdom-1,Germany
voxceleb,dev,id06552/1y6M-_w2e9k/00006,00006.mp4,The-United-States-of-America,The-United-States-of-America
voxceleb,dev,id05666/eu-i5ZTXuG8/00274,00274.mp4,The-United-Kingdom-1,France
voxceleb,dev,id06584/luW53-xxLXk/00375,00375.mp4,India,India
voxceleb,dev,id03620/TeRViVcFk5Y/00063,00063.mp4,The-United-Kingdom-1,Italy
voxceleb,dev,id01713/bg57UGDe7Rg/00256,00256.mp4,France,France
voxceleb,dev,id07733/PjUcVG4tFq8/00039,00039.mp4,The-United-Kingdom-1,Germany
voxceleb,dev,id08295/b0JFPK7Rjgg/00166,00166.mp4,The-United-States-of-America,The-United-States-of-America
voxceleb,dev,id02809/tYNOWuBLtIA/00045,00045.mp4,The-Republic-of-Ireland,The-Republic-of-Ireland
voxceleb,dev,id06121/EIu0lWB65Dk/00115,00115.mp4,The-United-States-of-America,The-United-States-of-America
voxceleb,dev,id08736/jIqq3tQ9Yzg/00061,00061.mp4,India,India
voxceleb,dev,id07660/mj4kls-X3G4/00196,00196.mp4,The-United-Kingdom-1,France
voxceleb,dev,id06697/EDjvrZm9_M8/00025,00025.mp4,The-Republic-of-Ireland,Italy
voxceleb,dev,id00967/HgyvL4wlTYw/00172,00172.mp4,The-United-Kingdom-1,France
voxceleb,dev,id08648/Q0SK3FQxx_U/00094,00094.mp4,The-United-Kingdom-1,The-United-States-of-America
voxceleb,dev,id06062/ImpapS-Rtd0/00246,00246.mp4,The-United-States-of-America,The-United-States-of-America
voxceleb,dev,id04151/XXyaTKBYqpk/00276,00276.mp4,The-United-Kingdom-1,The-United-States-of-America
voxceleb,dev,id08477/fqGHND2VoqM/00347,00347.mp4,The-United-States-of-America,The-United-States-of-America
voxceleb,dev,id04654/xPGJs_skkgI/00456,00456.mp4,The-United-Kingdom-1,The-United-Kingdom-1
voxceleb,dev,id01992/2JS5wZ24fAA/00022,00022.mp4,The-United-Kingdom-1,The-United-Kingdom-1
voxceleb,dev,id07495/njkPJRoSLlI/00166,00166.mp4,The-United-States-of-America,The-United-States-of-America
voxceleb,dev,id07708/4SG9cFZXwUM/00036,00036.mp4,The-United-Kingdom-1,The-United-Kingdom-1
voxceleb,dev,id00070/Z1BLDjIBq64/00054,00054.mp4,The-Republic-of-Ireland,Morocco
voxceleb,dev,id00012/Z-G8-wqpxwU/00097,00097.mp4,The-United-Kingdom-1,Canada
voxceleb,dev,id04998/oTIeLV1R2DY/00106,00106.mp4,The-United-Kingdom-1,Germany
voxceleb,dev,id02322/I6UIaY7fgV0/00072,00072.mp4,The-United-States-of-America,The-United-States-of-America
voxceleb,dev,id06721/SzNg0V-w2D4/00127,00127.mp4,The-United-States-of-America,The-United-Kingdom-1
voxceleb,dev,id01209/3uMTe1AiacA/00013,00013.mp4,The-United-States-of-America,The-United-States-of-America
voxceleb,dev,id02905/TiE7G6EteWc/00122,00122.mp4,The-United-Kingdom-1,Switzerland
voxceleb,dev,id07388/H7sNK5ngthY/00051,00051.mp4,The-United-States-of-America,Italy
voxceleb,dev,id08901/lDTLFGajOB4/00232,00232.mp4,The-United-Kingdom-1,The-United-Kingdom-1
voxceleb,dev,id03285/b9G6TxR110c/00123,00123.mp4,Germany,Germany
voxceleb,dev,id05832/PCB26dyQd0I/00217,00217.mp4,The-United-Kingdom-1,The-United-States-of-America
voxceleb,dev,id08688/prR-V_KasSg/00145,00145.mp4,The-United-Kingdom-1,The-United-States-of-America
voxceleb,dev,id08041/_Kr0g55wbIA/00269,00269.mp4,India,India
voxceleb,dev,id03931/isAZ2OfRPp0/00363,00363.mp4,The-Republic-of-Ireland,France
voxceleb,dev,id04146/Bs1zw3DzML4/00095,00095.mp4,The-United-Kingdom-1,Spain
voxceleb,dev,id07478/Mz1kVF3Q3Xw/00177,00177.mp4,The-United-States-of-America,Canada
voxceleb,dev,id07043/2m2YK589vGg/00029,00029.mp4,The-United-Kingdom-1,The-United-States-of-America
voxceleb,dev,id00585/A8F6lJN0fGQ/00040,00040.mp4,The-United-Kingdom-1,The-United-States-of-America
voxceleb,dev,id05985/cwWgZkPi-Yw/00113,00113.mp4,The-United-States-of-America,The-United-States-of-America
voxceleb,dev,id04697/OtZl8Fv_FaQ/00035,00035.mp4,The-United-Kingdom-1,The-United-Kingdom-1
voxceleb,dev,id05166/pEwLcmLShgo/00066,00066.mp4,The-United-Kingdom-1,Venezuela
voxceleb,dev,id00305/fE--Qwydec0/00154,00154.mp4,The-United-Kingdom-1,The-United-Kingdom-1
voxceleb,dev,id02647/oCh0bVKguKs/00139,00139.mp4,The-Republic-of-Ireland,Italy
voxceleb,dev,id06060/6GQTWPphrr0/00051,00051.mp4,China,The-United-States-of-America
voxceleb,dev,id05431/qNXk79bofQg/00152,00152.mp4,The-Republic-of-Ireland,Sweden
voxceleb,dev,id07477/kGBr_wFHClE/00260,00260.mp4,The-United-Kingdom-1,The-United-Kingdom-1
voxceleb,dev,id03274/Z6gU-M6pufo/00286,00286.mp4,The-United-Kingdom-1,France
voxceleb,dev,id07846/7sno7bSrEN8/00069,00069.mp4,The-United-Kingdom-1,The-United-States-of-America
voxceleb,dev,id00461/Su6Uc7EgsB0/00050,00050.mp4,India,India
voxceleb,dev,id02740/1FjX69AblEA/00010,00010.mp4,India,Germany
voxceleb,dev,id01932/g8bo4S_cbyo/00163,00163.mp4,The-United-Kingdom-1,Germany
voxceleb,dev,id06333/13FeLxC-5mE/00003,00003.mp4,The-United-Kingdom-1,The-United-States-of-America
voxceleb,dev,id05131/CTw6fxXGjXc/00055,00055.mp4,The-United-Kingdom-1,The-United-Kingdom-1
voxceleb,dev,id09078/WvzVkbXpvjA/00070,00070.mp4,The-United-Kingdom-1,The-United-States-of-America
voxceleb,dev,id04188/MBxGJyhX0GA/00119,00119.mp4,The-United-Kingdom-1,Germany
voxceleb,dev,id00829/owwz08Vofx8/00430,00430.mp4,The-United-Kingdom-1,The-United-States-of-America
voxceleb,dev,id01044/GlxPxF8SrI4/00178,00178.mp4,Brazil,The-United-States-of-America
voxceleb,dev,id06397/YLpT0x9pJiM/00061,00061.mp4,The-United-Kingdom-1,The-United-Kingdom-1
voxceleb,dev,id04852/p6O7VOB4WSQ/00165,00165.mp4,The-United-Kingdom-1,Germany
voxceleb,dev,id02270/AiNvVVFVE5w/00132,00132.mp4,The-United-States-of-America,The-United-States-of-America
voxceleb,dev,id01581/4tOXJ3EKm90/00053,00053.mp4,India,India
voxceleb,dev,id00978/m-cXlo0aJ5M/00331,00331.mp4,The-United-States-of-America,The-United-States-of-America
voxceleb,dev,id04129/L1ZewqAfxJ8/00021,00021.mp4,The-United-States-of-America,Sweden
voxceleb,dev,id07377/ED7o_PoZ2KI/00013,00013.mp4,India,India
voxceleb,dev,id04660/R-E11_0Al9s/00311,00311.mp4,The-Republic-of-Ireland,Germany
voxceleb,dev,id00513/OcYslnp-iPs/00107,00107.mp4,The-United-Kingdom-1,Germany
voxceleb,dev,id00584/mRgfDjqzQaA/00314,00314.mp4,The-United-Kingdom-1,Germany
voxceleb,dev,id00456/ftygznyUZoc/00106,00106.mp4,Israel,Mexico
voxceleb,dev,id08520/cTY29vhenyY/00081,00081.mp4,The-United-Kingdom-1,Germany
voxceleb,dev,id05915/UYZW0wsjhpU/00108,00108.mp4,The-United-Kingdom-1,Australia
voxceleb,dev,id08599/EaiFZRY7IRM/00144,00144.mp4,The-United-Kingdom-1,The-United-States-of-America
voxceleb,dev,id08202/ZwFbaP1Ke3M/00201,00201.mp4,The-United-Kingdom-1,Switzerland
voxceleb,dev,id07413/fWfbBkQOZM8/00216,00216.mp4,The-United-States-of-America,The-United-States-of-America
voxceleb,dev,id02267/CQ3zLMuxZUA/00081,00081.mp4,The-United-Kingdom-1,The-United-States-of-America
voxceleb,dev,id08041/XLA4mdVFnXk/00222,00222.mp4,India,India
voxceleb,dev,id08471/LgDdkdxogpM/00073,00073.mp4,The-United-Kingdom-1,The-United-States-of-America
voxceleb,dev,id06499/fVJ9I6M_L6U/00157,00157.mp4,The-United-Kingdom-1,Germany
voxceleb,dev,id03902/VCO2tCZ2q8s/00129,00129.mp4,The-United-States-of-America,The-United-Kingdom-1
voxceleb,dev,id06133/s2vqpIjUGVM/00222,00222.mp4,The-Republic-of-Ireland,The-United-States-of-America
voxceleb,dev,id00770/Q4dy6DvhJnw/00129,00129.mp4,The-United-Kingdom-1,The-United-Kingdom-1
voxceleb,dev,id00746/jlsVNQN0lBs/00042,00042.mp4,The-Republic-of-Ireland,India
voxceleb,dev,id07807/KdG05mwS6mo/00004,00004.mp4,Croatia,Slovenia
voxceleb,dev,id04134/zoz43kblMKw/00350,00350.mp4,The-United-States-of-America,The-United-States-of-America
voxceleb,dev,id03810/SyMnE2a_7Tk/00143,00143.mp4,The-United-Kingdom-1,The-United-States-of-America
voxceleb,dev,id02455/3MFOpfx1fw8/00009,00009.mp4,The-United-Kingdom-1,The-United-States-of-America
voxceleb,dev,id04698/YdsNfnCGEh4/00163,00163.mp4,The-United-States-of-America,The-United-States-of-America
voxceleb,dev,id01184/9ZIjH9tizVA/00014,00014.mp4,The-United-Kingdom-1,The-United-States-of-America
voxceleb,dev,id07495/s_ZULGTiwxI/00181,00181.mp4,The-United-States-of-America,The-United-States-of-America
voxceleb,dev,id00035/I0_ZNsNNn28/00018,00018.mp4,Pakistan,Jordan-215
voxceleb,dev,id04352/3-U1Ur1jSf0/00002,00002.mp4,The-Republic-of-Ireland,Argentina
voxceleb,dev,id01906/29hhIA3Z3Nw/00003,00003.mp4,The-United-States-of-America,The-United-States-of-America
voxceleb,dev,id03313/uQw0eLzfGNI/00429,00429.mp4,The-United-Kingdom-1,The-United-States-of-America
voxceleb,dev,id09204/dY9GEQYrGjI/00062,00062.mp4,The-United-Kingdom-1,Mexico
voxceleb,dev,id08353/W1zw1FLpOu8/00039,00039.mp4,The-United-Kingdom-1,France
voxceleb,dev,id05721/X6ocV_IiMxk/00182,00182.mp4,The-United-Kingdom-1,The-United-States-of-America
voxceleb,dev,id01795/2wVh0Y1k7Ow/00017,00017.mp4,The-United-States-of-America,Canada
voxceleb,dev,id03952/n9HJ57QHGGY/00280,00280.mp4,The-United-Kingdom-1,The-United-States-of-America
voxceleb,dev,id08029/5x6dczOpgj4/00020,00020.mp4,The-United-Kingdom-1,Australia
voxceleb,dev,id07054/at63kH2IUsg/00022,00022.mp4,The-Republic-of-Ireland,The-United-States-of-America
voxceleb,dev,id09034/mVjn_UTVRBU/00191,00191.mp4,The-United-Kingdom-1,The-United-States-of-America
voxceleb,dev,id08294/1F1k-CovnZc/00012,00012.mp4,The-United-States-of-America,The-United-States-of-America
voxceleb,dev,id08648/jTZQJkMhtpw/00284,00284.mp4,The-United-States-of-America,The-United-States-of-America
voxceleb,dev,id07415/ohO-J7zxmA8/00415,00415.mp4,The-United-States-of-America,The-United-States-of-America
voxceleb,dev,id08823/UoVCvsxolZY/00158,00158.mp4,India,India
voxceleb,dev,id05585/PD8IAW8oFTY/00187,00187.mp4,The-United-Kingdom-1,Sweden
voxceleb,dev,id06432/XMq2vww0CXI/00247,00247.mp4,India,The-United-States-of-America
voxceleb,dev,id08781/rkTMvkoQ3j8/00477,00477.mp4,The-Republic-of-Ireland,Austria
voxceleb,dev,id01713/HENJSbZXxdI/00120,00120.mp4,The-United-Kingdom-1,France
voxceleb,dev,id03868/IH-qslMFVF0/00061,00061.mp4,The-United-Kingdom-1,The-United-States-of-America
voxceleb,dev,id02281/PlZEgPGNXv8/00249,00249.mp4,The-United-Kingdom-1,Austria
voxceleb,dev,id00612/M0vGEB0_4zo/00079,00079.mp4,The-United-Kingdom-1,The-United-States-of-America
voxceleb,dev,id08885/T3TWjRza7KU/00130,00130.mp4,India,India
voxceleb,dev,id01010/flG0UNc9oLE/00313,00313.mp4,The-United-Kingdom-1,The-United-States-of-America
voxceleb,dev,id01069/i_WAMG9XO6o/00213,00213.mp4,India,India
voxceleb,dev,id04427/f1brE5J7Zkk/00288,00288.mp4,The-United-Kingdom-1,Germany
voxceleb,dev,id09018/nysp8s-Vv1s/00056,00056.mp4,The-United-Kingdom-1,Canada
voxceleb,dev,id07656/AhNKAftRrWE/00072,00072.mp4,The-United-Kingdom-1,Poland
voxceleb,dev,id03101/taW423xdW9k/00282,00282.mp4,The-United-Kingdom-1,Colombia
voxceleb,dev,id09004/3FESCkcOQqQ/00034,00034.mp4,The-United-Kingdom-1,The-United-States-of-America
voxceleb,dev,id09215/X6q_X-bf5GI/00042,00042.mp4,The-United-States-of-America,Spain
voxceleb,dev,id06239/QWsHctvxFig/00206,00206.mp4,The-United-Kingdom-1,Germany
voxceleb,dev,id03409/YdbPxZaDgLA/00116,00116.mp4,The-United-Kingdom-1,Germany
voxceleb,dev,id05049/kIsarlXYkuM/00340,00340.mp4,The-United-Kingdom-1,The-United-States-of-America
voxceleb,dev,id01394/AV7NWYF8huU/00008,00008.mp4,The-United-Kingdom-1,The-United-States-of-America
voxceleb,dev,id00049/S_EHTUF-mQY/00117,00117.mp4,The-United-Kingdom-1,Poland
voxceleb,dev,id01769/jd1f-AXpF3s/00334,00334.mp4,The-United-Kingdom-1,Australia
voxceleb,dev,id03599/hSl4uBTfxPw/00024,00024.mp4,Jordan-215,India
voxceleb,dev,id06583/xlhnz7jjmZ4/00280,00280.mp4,Japan,The-United-States-of-America
voxceleb,dev,id07052/PibaovhOtYA/00073,00073.mp4,India,India
voxceleb,dev,id00816/dJxs11YMRZM/00395,00395.mp4,Afghanistan,Afghanistan
voxceleb,dev,id03620/vEoq3c0BbKQ/00169,00169.mp4,The-Republic-of-Ireland,Italy
voxceleb,dev,id00831/pinOxF8RYq0/00193,00193.mp4,Jamaica,The-United-States-of-America
voxceleb,dev,id03706/oPWnyKpkM04/00335,00335.mp4,The-United-Kingdom-1,The-United-States-of-America
voxceleb,dev,id07181/14o0_TTCNjY/00010,00010.mp4,India,India
voxceleb,dev,id03702/pttQdCGS2Vs/00263,00263.mp4,The-United-Kingdom-1,The-United-States-of-America
voxceleb,dev,id09034/EI0MXYvo9RQ/00041,00041.mp4,The-United-Kingdom-1,The-United-States-of-America
voxceleb,dev,id08411/9pNQ1n2_-cU/00013,00013.mp4,India,India
voxceleb,dev,id02783/qMAL2_fDqZc/00267,00267.mp4,Spain,Spain
voxceleb,dev,id08372/WBNApviKgcY/00196,00196.mp4,Jamaica,The-United-States-of-America
voxceleb,dev,id07534/tVv2j7tbHsg/00311,00311.mp4,The-United-States-of-America,Canada
voxceleb,dev,id03227/YYAgQ8aqago/00225,00225.mp4,The-Republic-of-Ireland,Germany
voxceleb,dev,id02015/Ud8ggVPiZig/00287,00287.mp4,The-United-States-of-America,The-United-States-of-America
voxceleb,dev,id03203/Pg91kkV5kOY/00088,00088.mp4,The-United-Kingdom-1,The-United-States-of-America
voxceleb,dev,id05984/kurzoB-V8dk/00258,00258.mp4,Australia,Germany
voxceleb,dev,id02899/PoXYUkkezls/00154,00154.mp4,Egypt,Kingdom-of-the-Netherlands
voxceleb,dev,id04998/oTIeLV1R2DY/00154,00154.mp4,The-United-Kingdom-1,Germany
voxceleb,dev,id07720/QFmt5d1ISFI/00067,00067.mp4,The-United-Kingdom-1,Italy
voxceleb,dev,id06432/EQHFl42oong/00082,00082.mp4,The-United-States-of-America,The-United-States-of-America
voxceleb,dev,id07132/nQerQJH0ImY/00040,00040.mp4,Honduras,Algeria
voxceleb,dev,id06022/7nNGndZchao/00006,00006.mp4,The-United-Kingdom-1,The-United-States-of-America
voxceleb,dev,id07238/7M7nepq3nJY/00041,00041.mp4,India,The-United-States-of-America
voxceleb,dev,id03338/YmX0pgOok-Y/00098,00098.mp4,India,British-Colonial-Rule
voxceleb,dev,id06443/FE24GohK9S0/00134,00134.mp4,India,India
voxceleb,dev,id06939/WkHnONhOEtk/00151,00151.mp4,The-United-Kingdom-1,Kingdom-of-the-Netherlands
voxceleb,dev,id01014/ejG4vqXBt6s/00050,00050.mp4,The-Republic-of-Ireland,Austria
voxceleb,dev,id01025/GoLWj7qJMyw/00072,00072.mp4,India,India
voxceleb,dev,id05228/b4_nw2a4CK8/00162,00162.mp4,Australia,Australia
voxceleb,dev,id05584/JazoJz6Z7E8/00089,00089.mp4,The-United-Kingdom-1,Germany
voxceleb,dev,id03014/tU9CeKNa-XQ/00462,00462.mp4,The-United-Kingdom-1,Australia
voxceleb,dev,id05264/NYA1kgX59bI/00015,00015.mp4,The-United-Kingdom-1,Canada
voxceleb,dev,id07009/Sok35M3YJ1M/00018,00018.mp4,The-United-Kingdom-1,Colombia
voxceleb,dev,id08580/faawGBkRdr4/00058,00058.mp4,The-United-States-of-America,Puerto-Rico
voxceleb,dev,id05988/yH7yvJiaQTQ/00140,00140.mp4,The-Republic-of-Ireland,Australia
voxceleb,dev,id02355/DdcyNPTc14A/00013,00013.mp4,The-United-Kingdom-1,Belgium
voxceleb,dev,id05159/lc5sy3tYgY4/00171,00171.mp4,The-United-States-of-America,Australia
voxceleb,dev,id05478/5_HJ4fCsWU0/00012,00012.mp4,India,India
voxceleb,dev,id05666/1GtcFvyP2Yk/00037,00037.mp4,The-Republic-of-Ireland,France
voxceleb,dev,id07638/9invAG76SlA/00063,00063.mp4,The-United-Kingdom-1,Canada
voxceleb,dev,id02331/4Wo8MzS-9yo/00010,00010.mp4,The-Republic-of-Ireland,Luxembourg
voxceleb,dev,id04285/yEGupO-g0q8/00072,00072.mp4,The-United-Kingdom-1,Finland
voxceleb,dev,id07858/Ogpwqt0LZVE/00070,00070.mp4,The-United-Kingdom-1,Germany
voxceleb,dev,id04267/NNp1RSZDt-Y/00022,00022.mp4,The-United-Kingdom-1,Sweden
voxceleb,dev,id04079/rF7Tgk8csFY/00153,00153.mp4,The-United-Kingdom-1,Canada
voxceleb,dev,id09232/K-vSwd8TvbA/00233,00233.mp4,The-United-Kingdom-1,France
voxceleb,dev,id02545/KO90yd9cB1A/00025,00025.mp4,The-United-Kingdom-1,France
voxceleb,dev,id03014/Xsz6heFk-9w/00310,00310.mp4,The-United-Kingdom-1,Australia
voxceleb,dev,id01859/h2CpTfYN-NU/00278,00278.mp4,India,India
voxceleb,dev,id04458/ZAMI3MdZ8-o/00219,00219.mp4,The-United-Kingdom-1,France
voxceleb,dev,id00507/uuq9HLMutc4/00170,00170.mp4,The-United-States-of-America,Germany
voxceleb,dev,id00286/If56cCrQI8Y/00090,00090.mp4,The-United-Kingdom-1,France
voxceleb,dev,id07954/3Imx1V1v3RM/00071,00071.mp4,India,India
voxceleb,dev,id01726/iyezkhuEkUY/00021,00021.mp4,The-United-Kingdom-1,Germany
voxceleb,dev,id08219/h9eIZz1R8O0/00017,00017.mp4,The-United-Kingdom-1,Germany
voxceleb,dev,id06495/A9MO50VIogY/00014,00014.mp4,The-United-Kingdom-1,The-Republic-of-Ireland
voxceleb,dev,id08707/9AoiOcLohI0/00016,00016.mp4,The-United-States-of-America,Canada
voxceleb,dev,id04589/7Gxead8aYnk/00075,00075.mp4,The-United-Kingdom-1,New-Zealand
voxceleb,dev,id04564/0nUO-ippfUo/00002,00002.mp4,The-Republic-of-Ireland,India
voxceleb,dev,id04927/ZiM-1_1cRjY/00112,00112.mp4,India,India
voxceleb,dev,id01396/LT_Ys3ryqf4/00027,00027.mp4,The-United-Kingdom-1,Spain
voxceleb,dev,id01667/paNbPEbo1uY/00356,00356.mp4,The-United-Kingdom-1,Austria
voxceleb,dev,id07662/fmc0KRP7tEE/00222,00222.mp4,The-United-Kingdom-1,Germany
voxceleb,dev,id08919/yz8nKI4WnHw/00473,00473.mp4,India,India
voxceleb,dev,id04971/FH3P_NgVpDY/00101,00101.mp4,India,India
voxceleb,dev,id00614/VzviY-KOTbQ/00094,00094.mp4,The-United-Kingdom-1,Germany
voxceleb,dev,id06429/IvbCTLC8B48/00069,00069.mp4,The-United-Kingdom-1,Germany
voxceleb,dev,id04349/SiTuChe5Ldw/00353,00353.mp4,The-United-Kingdom-1,France
voxceleb,dev,id04856/5laP9zqJBx0/00080,00080.mp4,Germany,Germany
voxceleb,dev,id08702/g_VOR_5UoqU/00350,00350.mp4,The-United-Kingdom-1,Canada
voxceleb,dev,id02205/pceco8W-FG4/00158,00158.mp4,The-United-Kingdom-1,Germany
voxceleb,dev,id00126/8E-fWWCROk4/00087,00087.mp4,Singapore,Indonesia
voxceleb,dev,id04182/OwsyG5oO7so/00071,00071.mp4,The-United-States-of-America,Belgium
voxceleb,dev,id00773/_pRzYevzqX4/00254,00254.mp4,India,India
voxceleb,dev,id04563/ymKsKjN8S3k/00182,00182.mp4,India,India
voxceleb,dev,id09186/FPuVhMfYsj4/00087,00087.mp4,The-Republic-of-Ireland,Bosnia-and-Herzegovina
voxceleb,dev,id00779/2LekXJIEHU0/00012,00012.mp4,The-United-Kingdom-1,Switzerland
voxceleb,dev,id01650/HIh0Xd-em_A/00049,00049.mp4,The-United-Kingdom-1,Germany
voxceleb,dev,id03721/neLUcTA-h-M/00288,00288.mp4,The-United-Kingdom-1,Spain
voxceleb,dev,id00494/pzM2U9jsue8/00381,00381.mp4,The-United-States-of-America,Germany
voxceleb,dev,id06797/CtOJhJSMvdQ/00029,00029.mp4,The-United-Kingdom-1,Canada
voxceleb,dev,id06081/OTCrmYu2nn0/00079,00079.mp4,The-United-Kingdom-1,Kingdom-of-the-Netherlands
voxceleb,dev,id00794/MGVJCS0cJYs/00117,00117.mp4,The-United-Kingdom-1,Italy
voxceleb,dev,id06081/YcYlsSx8Jxs/00098,00098.mp4,The-United-States-of-America,Kingdom-of-the-Netherlands
voxceleb,dev,id08221/x7vtIrYKfXc/00114,00114.mp4,Greece,France
voxceleb,dev,id00975/yXtP7GHp39w/00082,00082.mp4,The-United-States-of-America,France
voxceleb,dev,id06355/RgN6nXrHs0U/00337,00337.mp4,India,India
voxceleb,dev,id01218/vfp3RZxToQo/00404,00404.mp4,The-United-Kingdom-1,France
voxceleb,dev,id07418/aiwkrm3Y0xE/00294,00294.mp4,The-United-Kingdom-1,Canada
voxceleb,dev,id07166/rNW57jxJ_TM/00268,00268.mp4,India,India
voxceleb,dev,id00086/jhqezB8Sero/00296,00296.mp4,India,India
voxceleb,dev,id01255/oVDgy6b2ing/00197,00197.mp4,The-United-States-of-America,Canada
voxceleb,dev,id07161/TghiG02tpvk/00246,00246.mp4,India,India
voxceleb,dev,id06588/XkEFP-vZiQY/00277,00277.mp4,India,India
voxceleb,dev,id02339/27hs7NXkU6s/00025,00025.mp4,The-United-Kingdom-1,Germany
voxceleb,dev,id06892/fev7HjBmofo/00190,00190.mp4,The-United-Kingdom-1,Poland
voxceleb,dev,id07647/6MRBO3BCv74/00058,00058.mp4,The-United-Kingdom-1,Canada
voxceleb,dev,id07208/lw6bywTR44M/00107,00107.mp4,India,India
voxceleb,dev,id00657/7B4iaEzB4q8/00033,00033.mp4,The-United-Kingdom-1,France
voxceleb,dev,id00922/b67myl1_DqY/00222,00222.mp4,The-United-Kingdom-1,Germany
voxceleb,dev,id02734/YY_zZIspiZA/00239,00239.mp4,The-United-Kingdom-1,Germany
voxceleb,dev,id03993/l0g_T1vI5Y8/00093,00093.mp4,The-United-Kingdom-1,Sweden
voxceleb,dev,id00033/SbcJ1zULANk/00176,00176.mp4,India,India
voxceleb,dev,id04930/2W_CJYZj0rM/00038,00038.mp4,India,India
voxceleb,dev,id05944/7xED3z-ZHVE/00038,00038.mp4,The-United-Kingdom-1,Canada
voxceleb,dev,id06892/Ao0UIqJkGbk/00020,00020.mp4,The-United-Kingdom-1,Poland
voxceleb,dev,id00277/RQy-4OWrXgI/00067,00067.mp4,The-United-Kingdom-1,Germany
voxceleb,dev,id07818/t-I6WRZ6D3I/00149,00149.mp4,The-Republic-of-Ireland,Malaysia
voxceleb,dev,id08071/DxJ892liIuk/00033,00033.mp4,The-United-Kingdom-1,Germany
voxceleb,dev,id08147/NzZH_bffdhQ/00169,00169.mp4,India,India
voxceleb,dev,id01367/MUXYyn4uFwI/00090,00090.mp4,The-Republic-of-Ireland,Italy
voxceleb,dev,id03719/9kYvTmTrT3Y/00003,00003.mp4,India,India
voxceleb,dev,id06221/fsOR7VFMOSU/00118,00118.mp4,The-United-Kingdom-1,Sweden
voxceleb,dev,id06846/BYCp-fR6ENQ/00070,00070.mp4,The-United-Kingdom-1,Belgium
voxceleb,dev,id03325/X7YkhgBo9_g/00156,00156.mp4,The-United-Kingdom-1,Germany
voxceleb,dev,id02711/gPUrS2hwBRw/00285,00285.mp4,The-United-Kingdom-1,France
voxceleb,dev,id08512/ZqdkYhXxKm4/00063,00063.mp4,The-United-Kingdom-1,France
voxceleb,dev,id01160/WwlVnKJ-L0I/00366,00366.mp4,Canada,Canada
voxceleb,dev,id04486/A02XDYsRXUw/00066,00066.mp4,Canada,Canada
voxceleb,dev,id08511/rP76QR0VOmY/00115,00115.mp4,Brazil,France
voxceleb,dev,id08362/YaEmhO35Y3U/00304,00304.mp4,The-United-Kingdom-1,France
voxceleb,dev,id08242/A7-CO1DAvTk/00011,00011.mp4,The-United-States-of-America,Canada
voxceleb,dev,id04269/L8psP6fluTY/00106,00106.mp4,The-United-Kingdom-1,Germany
voxceleb,dev,id06643/F5plr0bWq6A/00037,00037.mp4,The-United-Kingdom-1,Sweden
voxceleb,dev,id05647/ujkR1bhT1vc/00085,00085.mp4,The-United-Kingdom-1,Germany
voxceleb,dev,id08737/XnBMsDisVNk/00019,00019.mp4,India,India
voxceleb,dev,id08121/dbAv2BDoeJg/00052,00052.mp4,India,India
voxceleb,dev,id00416/e_7WGqbLOec/00061,00061.mp4,India,India
voxceleb,dev,id05853/b1vqMErJeoY/00302,00302.mp4,The-United-Kingdom-1,Nicaragua
voxceleb,dev,id07780/PHB2HY7wghs/00018,00018.mp4,The-United-Kingdom-1,Italy
voxceleb,dev,id07160/ERzfiUpiWSU/00037,00037.mp4,India,India
voxceleb,dev,id03288/yx1vn1-uSB8/00469,00469.mp4,The-United-Kingdom-1,Germany
voxceleb,dev,id04703/gGtiZOyyBIA/00084,00084.mp4,The-United-Kingdom-1,Canada
voxceleb,dev,id04188/MBxGJyhX0GA/00146,00146.mp4,The-United-Kingdom-1,Germany
voxceleb,dev,id05289/SJ2zN1BjwY4/00246,00246.mp4,The-United-States-of-America,France
voxceleb,dev,id00546/FLfiFMensFs/00066,00066.mp4,The-United-Kingdom-1,Germany
voxceleb,dev,id06016/r6aYcxqF6bc/00368,00368.mp4,Germany,Germany
voxceleb,dev,id06645/ShLCO2v7pnA/00164,00164.mp4,Germany,Germany
voxceleb,dev,id07160/V645rwL4K6c/00083,00083.mp4,India,India
voxceleb,dev,id01827/vWVA4dc7RCM/00443,00443.mp4,Israel,Italy
voxceleb,dev,id08885/kKXCVoF8x0Q/00372,00372.mp4,India,India
voxceleb,dev,id08747/J3yqskcMGXM/00068,00068.mp4,The-United-Kingdom-1,Germany
voxceleb,dev,id07956/8ZASwEDw2JY/00051,00051.mp4,India,India
voxceleb,dev,id04427/mxFyc1TjwKc/00328,00328.mp4,The-United-Kingdom-1,Germany
voxceleb,dev,id02598/WTnLf3EZsjI/00227,00227.mp4,The-United-Kingdom-1,Germany
voxceleb,dev,id05029/pBV-jfnfxKM/00056,00056.mp4,The-United-Kingdom-1,Canada
voxceleb,dev,id09160/kcJ20QjAJZg/00051,00051.mp4,India,India
voxceleb,dev,id04146/TXjXOF_1lEM/00324,00324.mp4,The-United-Kingdom-1,Spain
voxceleb,dev,id06400/GOVeKtiB4Y0/00035,00035.mp4,The-United-Kingdom-1,Canada
voxceleb,dev,id01493/PGQwIrNfdvE/00063,00063.mp4,Spain,Spain
voxceleb,dev,id09121/PsbbC8s9ZF4/00113,00113.mp4,Japan,Japan
voxceleb,dev,id07208/C9QsH8fU0qo/00015,00015.mp4,India,India
voxceleb,dev,id07377/_JNM34AFch0/00228,00228.mp4,India,India
voxceleb,dev,id07145/cSOXFEo37P0/00242,00242.mp4,The-United-Kingdom-1,Spain
voxceleb,dev,id00417/S7E1D2jOPkY/00141,00141.mp4,India,India
voxceleb,dev,id04547/nGRj-iCkLcI/00194,00194.mp4,India,South-Africa
voxceleb,dev,id00482/8-RIVrvPUMU/00013,00013.mp4,Israel,Germany
voxceleb,dev,id03226/6ErL23FM6VI/00027,00027.mp4,The-United-Kingdom-1,Germany
voxceleb,dev,id07182/45m5MrklC4s/00031,00031.mp4,India,India
voxceleb,dev,id07849/TTny7hKOklE/00101,00101.mp4,The-United-Kingdom-1,Jamaica
voxceleb,dev,id00736/GIM2XYCBPYE/00034,00034.mp4,The-Republic-of-Ireland,Portugal
voxceleb,dev,id03018/fuevdEycYaI/00051,00051.mp4,The-United-Kingdom-1,South-Africa
voxceleb,dev,id00459/WfoxeTok_Lc/00218,00218.mp4,India,India
voxceleb,dev,id06784/GLc63FZAwJA/00003,00003.mp4,The-United-Kingdom-1,Germany
voxceleb,dev,id08760/NYjU8XgD9QI/00143,00143.mp4,The-United-States-of-America,Israel
voxceleb,dev,id08707/n6nVY89h9Ug/00050,00050.mp4,The-United-Kingdom-1,Canada
voxceleb,dev,id04028/3LWEo7GqBIU/00005,00005.mp4,The-United-Kingdom-1,Canada
voxceleb,dev,id08396/MJI6CjZTEpg/00027,00027.mp4,The-United-Kingdom-1,Austria
voxceleb,dev,id08745/AiyAMreInjE/00184,00184.mp4,Jordan-215,Italy
voxceleb,dev,id08674/E1OFADVCxDA/00066,00066.mp4,The-United-Kingdom-1,Austria
voxceleb,dev,id00223/n1IgXERjgpA/00265,00265.mp4,The-United-Kingdom-1,Serbia
voxceleb,dev,id04247/yrkjGvxXgxA/00469,00469.mp4,The-Republic-of-Ireland,Kingdom-of-the-Netherlands
voxceleb,dev,id07192/MOZJHz9cB50/00116,00116.mp4,The-United-Kingdom-1,Germany
voxceleb,dev,id05583/VTyo7pbQ1OE/00027,00027.mp4,The-United-Kingdom-1,Kingdom-of-the-Netherlands
voxceleb,dev,id02420/u8Q_IWRwJNE/00076,00076.mp4,The-United-Kingdom-1,Spain
voxceleb,dev,id07750/GGF3fCgUpPI/00153,00153.mp4,India,India
voxceleb,dev,id07283/JQDO0zkzBMk/00025,00025.mp4,The-United-Kingdom-1,Italy
voxceleb,dev,id07165/gWPQHeYTzmg/00359,00359.mp4,India,India
voxceleb,dev,id03187/HJaXcuiGVnQ/00128,00128.mp4,The-United-Kingdom-1,South-Africa
voxceleb,dev,id02230/XuwciICcCtw/00025,00025.mp4,The-United-Kingdom-1,Venezuela
voxceleb,dev,id07455/xwyLwSxcF4s/00257,00257.mp4,Spain,Germany
voxceleb,dev,id00715/qg8iBSI3LzU/00189,00189.mp4,Argentina,Italy
voxceleb,dev,id08042/InNtVnRMOoY/00154,00154.mp4,India,India
voxceleb,dev,id07177/gn5c1ASyA58/00075,00075.mp4,India,India
voxceleb,dev,id08747/ML7DO6pwf5I/00108,00108.mp4,The-United-Kingdom-1,Germany
voxceleb,dev,id08406/qr5lYg7ej40/00215,00215.mp4,Israel,India
voxceleb,dev,id07166/HCkGdEeJy3c/00112,00112.mp4,India,India
voxceleb,dev,id04928/RjRlazAoWcg/00090,00090.mp4,India,Sri-Lanka
voxceleb,dev,id08298/VTWKZRQI7Zo/00085,00085.mp4,India,India
voxceleb,dev,id06952/mDSYjIpcfDM/00272,00272.mp4,The-United-Kingdom-1,Germany
voxceleb,dev,id03824/Yh1uGv4DOOY/00313,00313.mp4,The-United-Kingdom-1,Slovenia
voxceleb,dev,id00484/6nTMpykxXwQ/00025,00025.mp4,The-United-Kingdom-1,The-Republic-of-Ireland
voxceleb,dev,id07074/_f503z9L1W8/00122,00122.mp4,The-Republic-of-Ireland,Kingdom-of-the-Netherlands
voxceleb,dev,id05619/8jaO436JxWQ/00033,00033.mp4,Italy,Italy
voxceleb,dev,id00561/8snVgZMIzRY/00030,00030.mp4,The-United-States-of-America,The-Republic-of-Ireland
voxceleb,dev,id04855/JltoKjrRVfk/00170,00170.mp4,The-Republic-of-Ireland,Germany
voxceleb,dev,id07320/keJNTWN7Oh0/00125,00125.mp4,The-United-Kingdom-1,Panama
voxceleb,dev,id07005/l2_yDwQNMJ0/00342,00342.mp4,The-United-Kingdom-1,Kingdom-of-the-Netherlands
voxceleb,dev,id08013/jVL0x3PGiA4/00169,00169.mp4,The-United-Kingdom-1,Jamaica
voxceleb,dev,id06067/7CJ84RWa4WI/00027,00027.mp4,The-United-Kingdom-1,Kingdom-of-the-Netherlands
voxceleb,dev,id04319/o6lySQ8l3bU/00188,00188.mp4,The-United-Kingdom-1,Kingdom-of-the-Netherlands
voxceleb,dev,id09121/BsiX5cP7hX8/00044,00044.mp4,Japan,Japan
voxceleb,dev,id02899/T6glkMPAEe4/00283,00283.mp4,The-United-Kingdom-1,Kingdom-of-the-Netherlands
voxceleb,dev,id08805/F5sc0V1z-_Q/00049,00049.mp4,India,Ghana
voxceleb,dev,id08340/wQ8PPZj9-kI/00107,00107.mp4,The-United-States-of-America,Russia
voxceleb,dev,id09210/dMWQ81XHcIE/00400,00400.mp4,India,South-Africa
voxceleb,dev,id06858/pVKdfx9GOK8/00243,00243.mp4,The-Republic-of-Ireland,Malta
voxceleb,dev,id06339/CO48iBRVqVQ/00026,00026.mp4,The-United-Kingdom-1,Kingdom-of-the-Netherlands
voxceleb,dev,id00762/qMQpiaKMAYg/00181,00181.mp4,Canada,Indonesia
voxceleb,dev,id06339/ClyA8eJwqiU/00041,00041.mp4,The-United-Kingdom-1,Kingdom-of-the-Netherlands
voxceleb,dev,id09175/KBHpnK7ULtI/00056,00056.mp4,China,China
voxceleb,dev,id07262/RnKSjULUwBU/00128,00128.mp4,Turkey-country,Turkey-country
voxceleb,dev,id06002/RwWPogevlk4/00204,00204.mp4,The-United-Kingdom-1,Austria
voxceleb,dev,id05853/Pa0OEEQTg1M/00201,00201.mp4,China,Nicaragua
voxceleb,dev,id00669/3uIFU0Ttbsg/00005,00005.mp4,The-Republic-of-Ireland,Kingdom-of-the-Netherlands
voxceleb,dev,id05784/jYvZCmBte1Y/00104,00104.mp4,Iran,Colombia
voxceleb,dev,id05466/atLSB7SIRYI/00117,00117.mp4,The-Republic-of-Ireland,South-Africa
voxceleb,dev,id04462/35ZDCA1bA0U/00004,00004.mp4,The-United-Kingdom-1,Spain
voxceleb,dev,id04496/wHqexUaQl2k/00062,00062.mp4,The-Republic-of-Ireland,Czechoslovakia-former-country
voxceleb,dev,id07567/LFrw3MOC8ZI/00108,00108.mp4,The-United-Kingdom-1,Puerto-Rico
voxceleb,dev,id00714/hgH52Z9u3Yc/00090,00090.mp4,The-United-Kingdom-1,Switzerland
voxceleb,dev,id03331/SQFPI4NEV8s/00188,00188.mp4,The-United-States-of-America,Austria
voxceleb,dev,id02013/Wt0IycRprLQ/00017,00017.mp4,The-United-Kingdom-1,Austria
voxceleb,dev,id03847/pJry569DgP4/00200,00200.mp4,The-United-States-of-America,Czechoslovakia-former-country
voxceleb,dev,id08700/8C8fhH9E44E/00008,00008.mp4,The-United-States-of-America,Spain
voxceleb,dev,id03331/FI0t7Bmnd84/00061,00061.mp4,The-United-Kingdom-1,Austria
voxceleb,dev,id05926/QGssDYIfdfY/00106,00106.mp4,The-United-Kingdom-1,Turkey-country
voxceleb,dev,id04370/iFlz_ACfxy0/00129,00129.mp4,The-United-States-of-America,Portugal
voxceleb,dev,id06176/e0Ik9nAfJho/00037,00037.mp4,The-United-Kingdom-1,Serbia
voxceleb,dev,id08396/BVMKIb1X55w/00013,00013.mp4,India,Austria
voxceleb,dev,id06594/HCezw9RaxoM/00022,00022.mp4,China,Japan
voxceleb,dev,id07215/um4i4lQujC0/00265,00265.mp4,The-United-Kingdom-1,Luxembourg
voxceleb,dev,id08890/xcC9g5r6Gwc/00344,00344.mp4,The-Republic-of-Ireland,Hungary
voxceleb,dev,id06575/Xh7IIKV7KZ8/00035,00035.mp4,The-United-States-of-America,Colombia
voxceleb,dev,id04754/O4X66xaqnII/00106,00106.mp4,The-United-Kingdom-1,South-Africa
voxceleb,dev,id05186/ITBCxFO31sY/00078,00078.mp4,South-Africa,South-Africa
voxceleb,dev,id06853/WH66FZAVGoM/00216,00216.mp4,The-United-States-of-America,South-Africa
voxceleb,dev,id00999/Oen9YYzOeqE/00018,00018.mp4,The-United-Kingdom-1,Albania
voxceleb,dev,id05926/GFKTsBI8vi8/00045,00045.mp4,The-United-States-of-America,Turkey-country
voxceleb,dev,id08950/VzKXOcsb7os/00136,00136.mp4,The-Republic-of-Ireland,Serbia
voxceleb,dev,id02243/wpL5I4x1RHo/00070,00070.mp4,Canada,Soviet-Union-1
voxceleb,dev,id07131/tYa0AS35alQ/00244,00244.mp4,The-United-Kingdom-1,Morocco
voxceleb,dev,id00029/T5adauKTAMA/00283,00283.mp4,Jordan-215,Jordan-215
voxceleb,dev,id07916/djbn__rAJR4/00185,00185.mp4,The-United-Kingdom-1,Soviet-Union-1
voxceleb,dev,id03101/Tb3DTMP1Bio/00072,00072.mp4,Israel,Colombia
voxceleb,dev,id07411/f5QsuBZUlBk/00132,00132.mp4,The-United-Kingdom-1,Poland
voxceleb,dev,id06651/ACR_tJ-Cxk4/00011,00011.mp4,The-United-Kingdom-1,Soviet-Union-1
voxceleb,dev,id05535/0SnxKrFW0TM/00008,00008.mp4,The-United-States-of-America,Poland
voxceleb,dev,id00049/P_Ht6xBy7L4/00065,00065.mp4,The-United-Kingdom-1,Poland
voxceleb,dev,id04024/Lt8DqaQmfPg/00186,00186.mp4,Israel,Poland
voxceleb,dev,id08587/3weNOeHWoB4/00045,00045.mp4,The-United-Kingdom-1,Austria
voxceleb,dev,id05777/KgNiNpIbPqU/00123,00123.mp4,The-United-Kingdom-1,Venezuela
voxceleb,dev,id07656/VYleRFRw-88/00241,00241.mp4,The-United-Kingdom-1,Poland
voxceleb,dev,id03338/aPBqR47Kq78/00181,00181.mp4,India,British-Colonial-Rule
voxceleb,dev,id08202/uc8BPHMH1Mw/00343,00343.mp4,The-United-Kingdom-1,Switzerland
voxceleb,dev,id02905/jgBmtW7awV0/00190,00190.mp4,The-United-Kingdom-1,Switzerland
voxceleb,dev,id03823/CP1orRvgdDI/00123,00123.mp4,The-Republic-of-Ireland,Slovenia
voxceleb,dev,id07206/Acx4LOTmPPo/00006,00006.mp4,The-United-Kingdom-1,Egypt
voxceleb,dev,id01361/2SNZKYFOzRY/00039,00039.mp4,The-Republic-of-Ireland,Bolivia
voxceleb,dev,id05632/1bPWAoNuv5k/00059,00059.mp4,Israel,Cuba
voxceleb,dev,id03939/FhhNpk3RZgQ/00081,00081.mp4,The-United-Kingdom-1,Switzerland
voxceleb,dev,id09230/iYAcVUZH20M/00376,00376.mp4,The-United-States-of-America,Venezuela
voxceleb,dev,id01361/amwvujQY-SI/00174,00174.mp4,The-United-Kingdom-1,Bolivia
voxceleb,dev,id04054/uPGub6MlOH8/00145,00145.mp4,The-United-Kingdom-1,State-of-Palestine
voxceleb,dev,id07173/UveygxeNnfE/00077,00077.mp4,The-United-Kingdom-1,Austria
voxceleb,dev,id04877/80UVNr4gnEk/00002,00002.mp4,The-United-Kingdom-1,Greece
voxceleb,dev,id08209/wgJ-d04GSBA/00130,00130.mp4,Jordan-215,Venezuela
voxceleb,dev,id03675/oTAc1KEzUho/00424,00424.mp4,The-United-Kingdom-1,Poland
voxceleb,dev,id02943/GJe4q2QkWSQ/00118,00118.mp4,The-United-Kingdom-1,Austria
voxceleb,dev,id02281/fKb8Q0VmTmY/00382,00382.mp4,The-United-Kingdom-1,Austria
voxceleb,dev,id05935/JQodzqffnfo/00170,00170.mp4,The-United-States-of-America,Slovenia
voxceleb,dev,id09063/OMBdzln68_I/00156,00156.mp4,China,China
voxceleb,dev,id02482/4zrnMWyO9EI/00018,00018.mp4,Greece,Greece
voxceleb,dev,id08863/v2u3KBcAbNA/00293,00293.mp4,The-United-Kingdom-1,Greece
voxceleb,dev,id00596/Wmj3nvAiDZg/00122,00122.mp4,Jamaica,Benin
voxceleb,dev,id03374/qhqG1SGnvNM/00078,00078.mp4,The-United-Kingdom-1,New-Zealand
voxceleb,dev,id07017/6TkNQI5dC7A/00051,00051.mp4,Burundi,Burundi
voxceleb,dev,id08652/gugEXZMLqlU/00040,00040.mp4,China,Colonial-Hong-Kong
voxceleb,dev,id07980/QPdMihrCy2c/00198,00198.mp4,India,British-Colonial-Rule
voxceleb,dev,id04450/C-Kaqkr2S_g/00002,00002.mp4,The-United-States-of-America,Algeria
voxceleb,dev,id05378/qoxXOsp55Yo/00109,00109.mp4,China,Vietnam
voxceleb,dev,id08785/39_4HuTV380/00069,00069.mp4,Brazil,Venezuela
voxceleb,dev,id09202/oh6Dl5ZFAUI/00061,00061.mp4,The-United-Kingdom-1,Hungary
voxceleb,dev,id05145/d7MQGRbnCqw/00020,00020.mp4,The-United-Kingdom-1,Georgia-country
voxceleb,dev,id08936/FCFGJhoazJo/00107,00107.mp4,The-United-Kingdom-1,Luxembourg
voxceleb,dev,id07696/7MtZDuW-V_c/00015,00015.mp4,Congo,Ivory-Coast
voxceleb,dev,id01150/0YP3s0FYeEU/00045,00045.mp4,Bulgaria,Bulgaria
voxceleb,dev,id01995/S6GgSTdKIfk/00062,00062.mp4,The-Republic-of-Ireland,Saint-Lucia
voxceleb,dev,id04377/OdpCl7ed_5k/00104,00104.mp4,India,Bangladesh
voxceleb,dev,id06046/lQ02fCuxQZw/00260,00260.mp4,The-United-States-of-America,Haiti
voxceleb,dev,id07066/B89wmwgKKho/00029,00029.mp4,The-Republic-of-Ireland,Bulgaria
voxceleb,dev,id06559/HpcKMEEvQe0/00031,00031.mp4,The-Republic-of-Ireland,Republic-of-North-Macedonia
voxceleb,dev,id03531/Uq9gZzGWRig/00092,00092.mp4,The-Republic-of-Ireland,Tanzania
voxceleb,dev,id06928/n570VfsMGsE/00370,00370.mp4,The-United-States-of-America,The-Bahamas
voxceleb,dev,id09271/gKvVP1BWRJ8/00075,00075.mp4,The-Republic-of-Ireland,Yugoslavia
voxceleb,dev,id03724/AzJOxl6-Zk4/00015,00015.mp4,Honduras,Ecuador
voxceleb,dev,id06928/A8aQ2rdNB-w/00146,00146.mp4,The-United-States-of-America,The-Bahamas
voxceleb,dev,id00322/DM8SEwMZOAY/00006,00006.mp4,Saudi-Arabia,Saudi-Arabia
voxceleb,dev,id05096/t7zvr55gLRU/00121,00121.mp4,Nigeria,Angola
voxceleb,dev,id00928/HprodU5VuJc/00037,00037.mp4,Ghana,Uganda
voxceleb,dev,id07474/WL8cML7z_pU/00056,00056.mp4,The-United-Kingdom-1,Honduras
voxceleb,dev,id06954/0W_9G7F-s5c/00003,00003.mp4,New-Zealand,Fiji
voxceleb,dev,id03540/LwPSW0whUIA/00061,00061.mp4,Ghana,Senegal
