dataset,split,sample_id,file,prediction,label
voxceleb,dev,id06332/3fjVe4DW-9I/00013,00013.wav,The-United-Kingdom-1,Indonesia
voxceleb,dev,id06049/_qDnDk93cgw/00050,00050.wav,The-United-Kingdom-1,Canada
voxceleb,dev,id07181/cNLemNnqLoU/00319,00319.wav,India,India
voxceleb,dev,id02986/68SMCvdR-2o/00013,00013.wav,Spain,Peru
voxceleb,dev,id01916/HJjQT6xYqcg/00157,00157.wav,United States of America,The-United-States-of-America
voxceleb,dev,id06226/gWtaf0eJ5mU/00299,00299.wav,Jordan-215,Lebanon
voxceleb,dev,id07852/QD6mBdeX6xQ/00105,00105.wav,The-United-States-of-America,The-United-States-of-America
voxceleb,dev,id06188/gtHswfSCcKI/00237,00237.wav,The-Republic-of-Ireland,The-Czech-Republic-1
voxceleb,dev,id04968/GcyUjwdPrdc/00166,00166.wav,The-United-States-of-America,The-United-States-of-America
voxceleb,dev,id05257/ZU9YvFmPSIw/00354,00354.wav,The-United-Kingdom-1,The-United-States-of-America
voxceleb,dev,id03158/m7tyXus7b4E/00109,00109.wav,The-United-Kingdom-1,The-United-States-of-America
voxceleb,dev,id07670/O9W8y1taJR4/00170,00170.wav,Germany,Germany
voxceleb,dev,id00506/TWIAgen4tUU/00038,00038.wav,The-United-Kingdom-1,Germany
voxceleb,dev,id06596/Y8j6vWdPnNo/00048,00048.wav,The-United-Kingdom-1,Canada
voxceleb,dev,id00020/l9PiLBUrSGs/00351,00351.wav,The-United-Kingdom-1,The-United-Kingdom-1
voxceleb,dev,id00380/vhyTZiPp50Y/00136,00136.wav,The-United-Kingdom-1,The-Republic-of-Ireland
voxceleb,dev,id07415/bymrtDB9Dh0/00289,00289.wav,The-United-States-of-America,The-United-States-of-America
voxceleb,dev,id05723/cvv6rYK-gtQ/00291,00291.wav,The-United-States-of-America,The-United-States-of-America
voxceleb,dev,id05042/WZfPK5WkSkk/00100,00100.wav,The-United-States-of-America,The-United-States-of-America
voxceleb,dev,id07186/RAIiI9hPH3c/00231,00231.wav,India,India
voxceleb,dev,id07560/iXaBGuoSrSc/00344,00344.wav,The-United-Kingdom-1,The-United-Kingdom-1
voxceleb,dev,id05878/fhAJGdWmli4/00127,00127.wav,Germany,Germany
voxceleb,dev,id08650/7hLrt5wFlmo/00118,00118.wav,The-United-States-of-America,The-United-States-of-America
voxceleb,dev,id04655/kZlVrrOi-Ns/00364,00364.wav,Georgia-country,Soviet-Union-1
voxceleb,dev,id06554/uVq9bLr5ayM/00110,00110.wav,The-United-Kingdom-1,Canada
voxceleb,dev,id02078/dA5vJzGGUlI/00157,00157.wav,The-United-Kingdom-1,The-United-States-of-America
voxceleb,dev,id06437/gEMXUW_G3xQ/00068,00068.wav,The-United-Kingdom-1,India
voxceleb,dev,id06645/3KjhGTv5DNM/00019,00019.wav,Germany,Germany
voxceleb,dev,id02980/TbdhHSWY8z4/00096,00096.wav,The-United-States-of-America,The-United-States-of-America
voxceleb,dev,id05060/DQ9vy2YcAho/00068,00068.wav,The-United-Kingdom-1,The-United-Kingdom-1
voxceleb,dev,id05137/qOl8DTx9P1Y/00310,00310.wav,The-United-States-of-America,The-United-States-of-America
voxceleb,dev,id05576/YdG3Fddy95Q/00304,00304.wav,The-United-Kingdom-1,The-United-States-of-America
voxceleb,dev,id07953/82wwjf_PgE8/00083,00083.wav,India,India
voxceleb,dev,id00258/0qUKAKJrzlQ/00001,00001.wav,The-United-Kingdom-1,The-United-States-of-America
voxceleb,dev,id01178/RzjiXYPxMos/00179,00179.wav,The-United-States-of-America,The-United-States-of-America
voxceleb,dev,id06196/w-klk_ukpvc/00456,00456.wav,The-United-Kingdom-1,The-United-States-of-America
voxceleb,dev,id07181/S0lrFVgS4bY/00211,00211.wav,India,India
voxceleb,dev,id05932/nyoU3Y1T4cA/00321,00321.wav,The-United-Kingdom-1,British-Colonial-Rule
voxceleb,dev,id08097/Mu6w7pfu3kk/00151,00151.wav,The-United-Kingdom-1,Kingdom-of-the-Netherlands
voxceleb,dev,id06863/7QdaUMjeYNk/00027,00027.wav,The-United-States-of-America,The-United-States-of-America
voxceleb,dev,id05357/tD47smHivKY/00192,00192.wav,The-Republic-of-Ireland,Albania
voxceleb,dev,id00259/9z3bSsYkMoo/00012,00012.wav,The-United-Kingdom-1,The-Philippines-1
voxceleb,dev,id00582/hR2SUPS06AY/00057,00057.wav,India,The-Philippines-1
voxceleb,dev,id07192/wY5bJHPrsKA/00256,00256.wav,Germany,Germany
voxceleb,dev,id01905/IOrs-ZTXI2E/00118,00118.wav,The-United-States-of-America,The-United-States-of-America
voxceleb,dev,id05555/9WQOQ9OAFJA/00052,00052.wav,Germany,Germany
voxceleb,dev,id01171/0-TtPZzflb0/00013,00013.wav,The-United-Kingdom-1,The-United-States-of-America
voxceleb,dev,id08278/lb6NZHL7AbQ/00440,00440.wav,The-United-Kingdom-1,The-United-States-of-America
voxceleb,dev,id04757/YvijAVcixHU/00303,00303.wav,The-United-States-of-America,The-United-States-of-America
voxceleb,dev,id00905/k-9F5o1jyOk/00078,00078.wav,The-United-Kingdom-1,Kingdom-of-the-Netherlands
voxceleb,dev,id08146/cV_Edd9f3Qc/00324,00324.wav,India,India
voxceleb,dev,id03092/g4o4GjHGc08/00108,00108.wav,France,France
voxceleb,dev,id08530/8-flHAu3DUQ/00009,00009.wav,The-United-Kingdom-1,Austria
voxceleb,dev,id07463/AAYjDglMf2Q/00026,00026.wav,The-United-Kingdom-1,India
voxceleb,dev,id00186/_bWjeSsfEBs/00155,00155.wav,The-United-Kingdom-1,The-United-Kingdom-1
voxceleb,dev,id00656/57oG2LCZM6M/00017,00017.wav,The-United-Kingdom-1,unknown
voxceleb,dev,id02888/Ev6p6T0Rvmk/00063,00063.wav,France,France
voxceleb,dev,id05286/GG3u1pff8uU/00220,00220.wav,The-Republic-of-Ireland,The-Czech-Republic-1
voxceleb,dev,id01448/MRL_47nlvdU/00272,00272.wav,The-United-States-of-America,The-United-States-of-America
voxceleb,dev,id02917/LrksCoCsGcM/00061,00061.wav,The-United-Kingdom-1,France
voxceleb,dev,id07850/zFBQF0B1BmM/00023,00023.wav,The-Philippines-1,unknown
voxceleb,dev,id01658/UVknedS09tE/00236,00236.wav,The-United-Kingdom-1,France
voxceleb,dev,id01173/DUNSbB55QHc/00025,00025.wav,The-United-States-of-America,The-United-States-of-America
voxceleb,dev,id00417/_WTIf5_EgYQ/00305,00305.wav,India,India
voxceleb,dev,id07982/eOaQcW1Vjy0/00290,00290.wav,The-United-States-of-America,The-United-States-of-America
voxceleb,dev,id07108/KB7R8QTHJgw/00103,00103.wav,The-United-Kingdom-1,India
voxceleb,dev,id00015/8ptzRH05Mtg/00075,00075.wav,The-United-Kingdom-1,South-Africa
voxceleb,dev,id08300/Cl52x6M-0gs/00018,00018.wav,Brazil,Brazil
voxceleb,dev,id06140/d8cJescJUb8/00274,00274.wav,The-United-States-of-America,Canada
voxceleb,dev,id08475/pNFrZPh6K8M/00294,00294.wav,The-United-Kingdom-1,The-United-Kingdom-1
voxceleb,dev,id00406/dPzCWmajqJs/00152,00152.wav,The-United-States-of-America,The-United-States-of-America
voxceleb,dev,id06222/4ZUSvFXWjlM/00001,00001.wav,The-United-States-of-America,The-United-States-of-America
voxceleb,dev,id07759/fbCSbRJA_N8/00049,00049.wav,The-United-States-of-America,Australia
voxceleb,dev,id02156/XFlTLyqfvzg/00301,00301.wav,India,The-United-Kingdom-1
voxceleb,dev,id01716/ywNcuraVMQU/00306,00306.wav,France,France
voxceleb,dev,id01169/WSyNd6ve3AE/00020,00020.wav,The-United-States-of-America,The-United-States-of-America
voxceleb,dev,id08284/gTdqygtE5_U/00106,00106.wav,The-United-Kingdom-1,The-United-States-of-America
voxceleb,dev,id00062/HPDZPI8I42k/00134,00134.wav,The-United-Kingdom-1,The-United-States-of-America
voxceleb,dev,id01694/NLYgMooItEY/00116,00116.wav,The-United-States-of-America,The-United-States-of-America
voxceleb,dev,id01262/0NmgWEbrIpw/00022,00022.wav,France,France
voxceleb,dev,id02566/bJ1d7Gwccl4/00045,00045.wav,The-United-Kingdom-1,The-United-Kingdom-1
voxceleb,dev,id01994/ITBb-b9Isns/00041,00041.wav,Australia,Australia
voxceleb,dev,id07369/t0yKVoMud_E/00220,00220.wav,The-United-States-of-America,The-United-States-of-America
voxceleb,dev,id02188/226QvMiPctE/00019,00019.wav,The-United-States-of-America,The-United-States-of-America
voxceleb,dev,id06950/6jB-963VpiM/00018,00018.wav,The-United-Kingdom-1,Australia
voxceleb,dev,id05686/Kl6LTIRvE0k/00058,00058.wav,The-United-States-of-America,The-United-States-of-America
voxceleb,dev,id06156/4_dlbJXYwDg/00005,00005.wav,The-United-Kingdom-1,The-United-Kingdom-1
voxceleb,dev,id01178/6XpgYMiKxhc/00027,00027.wav,The-United-Kingdom-1,The-United-States-of-America
voxceleb,dev,id06574/FsukNhavzcY/00071,00071.wav,The-United-Kingdom-1,Germany
voxceleb,dev,id01832/AD7HRJ4v6Tc/00013,00013.wav,The-United-States-of-America,The-United-States-of-America
voxceleb,dev,id01549/bGaI802nxh4/00200,00200.wav,The-United-Kingdom-1,The-United-Kingdom-1
voxceleb,dev,id01361/2SNZKYFOzRY/00022,00022.wav,The-United-Kingdom-1,Bolivia
voxceleb,dev,id02981/2o9201q7ErM/00032,00032.wav,The-United-Kingdom-1,The-United-Kingdom-1
voxceleb,dev,id06070/MjoQr9n-Cg4/00164,00164.wav,France,France
voxceleb,dev,id08500/gFcfGzxZOiI/00249,00249.wav,The-United-Kingdom-1,Germany
voxceleb,dev,id01230/VU0tlkYR3fU/00041,00041.wav,Germany,Germany
voxceleb,dev,id05341/WFwdBLLId18/00097,00097.wav,Brazil,Brazil
voxceleb,dev,id07812/w9HUMt2rrOI/00040,00040.wav,Japan,Japan
voxceleb,dev,id02953/WzD5B-ZI3Sc/00133,00133.wav,Australia,Australia
voxceleb,dev,id02078/OmK9WEml0dk/00117,00117.wav,The-United-States-of-America,The-United-States-of-America
voxceleb,dev,id02306/mVmcL4qTk8E/00389,00389.wav,The-United-Kingdom-1,The-United-States-of-America
voxceleb,dev,id02871/gjzJBKcwr8o/00189,00189.wav,The-United-States-of-America,The-United-States-of-America
voxceleb,dev,id08417/Qnc-O6kLeuU/00064,00064.wav,The-United-Kingdom-1,India
voxceleb,dev,id04901/MBJuJEY6a4U/00113,00113.wav,The-United-States-of-America,The-United-States-of-America
voxceleb,dev,id00905/SH-Tew6iv-w/00055,00055.wav,The-Republic-of-Ireland,Kingdom-of-the-Netherlands
voxceleb,dev,id06044/Ssus9M9p_-0/00047,00047.wav,France,France
voxceleb,dev,id01681/Uc08OJPyGc0/00278,00278.wav,Canada,Canada
voxceleb,dev,id00890/CKXnn6WgX58/00004,00004.wav,The-United-States-of-America,The-United-States-of-America
voxceleb,dev,id00402/CVix7GJK2lY/00052,00052.wav,The-United-Kingdom-1,Dominican-Republic
voxceleb,dev,id06708/bMNvIvH-gW4/00067,00067.wav,The-United-Kingdom-1,Guatemala
voxceleb,dev,id05277/q38URbaX1nw/00016,00016.wav,France,France
voxceleb,dev,id06404/XhV-gnsKirc/00178,00178.wav,The-United-States-of-America,The-United-States-of-America
voxceleb,dev,id02071/ucEG5shVD5M/00244,00244.wav,The-United-States-of-America,The-United-States-of-America
voxceleb,dev,id06172/TOhauwk0k0I/00012,00012.wav,The-United-Kingdom-1,Germany
voxceleb,dev,id00167/PqhQsscNyv4/00041,00041.wav,Italy,Italy
voxceleb,dev,id06624/biYHIl3szd8/00294,00294.wav,The-Republic-of-Ireland,Malaysia
voxceleb,dev,id00740/MPBOp21KrcE/00071,00071.wav,The-United-Kingdom-1,The-Philippines-1
voxceleb,dev,id00191/yya6PdUgWJo/00465,00465.wav,France,unknown
voxceleb,dev,id02598/mbxYSSfscqE/00271,00271.wav,Germany,Germany
voxceleb,dev,id06937/7_6OMrw4tKE/00050,00050.wav,The-United-Kingdom-1,Germany
voxceleb,dev,id03082/wOL8Jiw_Ovs/00043,00043.wav,The-United-Kingdom-1,Kingdom-of-the-Netherlands
voxceleb,dev,id00557/IyWoJO4bKhI/00046,00046.wav,Germany,Austria
voxceleb,dev,id06905/aBPG0Mx7YrU/00264,00264.wav,Germany,Germany
voxceleb,dev,id01927/rDQKMnP1pWc/00376,00376.wav,The-United-States-of-America,Canada
voxceleb,dev,id06813/egs8GqzSfTg/00232,00232.wav,The-United-States-of-America,Canada
voxceleb,dev,id06723/lFeir8tfn4A/00417,00417.wav,The-Republic-of-Ireland,India
voxceleb,dev,id08305/Be3pBz3cqyU/00009,00009.wav,China,China
voxceleb,dev,id07162/zehaPvU1K9U/00234,00234.wav,India,India
voxceleb,dev,id01373/kzkDcpx0k0s/00141,00141.wav,The-United-States-of-America,The-United-States-of-America
voxceleb,dev,id07998/UfqrgHNTQtQ/00131,00131.wav,The-United-States-of-America,The-United-States-of-America
voxceleb,dev,id07017/S9a4GABNQ2o/00103,00103.wav,France,Burundi
voxceleb,dev,id06371/6_iw74NWC1E/00034,00034.wav,Spain,Spain
voxceleb,dev,id00776/Ge6P5zhKxcE/00068,00068.wav,Germany,Germany
voxceleb,dev,id05141/LdziC9RPOV8/00107,00107.wav,The-United-Kingdom-1,The-United-States-of-America
voxceleb,dev,id01640/Qo3BGxFx3E0/00103,00103.wav,France,France
voxceleb,dev,id06584/ULSvFSlQYPk/00227,00227.wav,India,India
voxceleb,dev,id05728/xac77UNzbf4/00160,00160.wav,Germany,Austria
voxceleb,dev,id07536/G3QyOM0vgKU/00046,00046.wav,Germany,Germany
voxceleb,dev,id07352/E3Me8neHV0c/00135,00135.wav,The-United-Kingdom-1,The-United-States-of-America
voxceleb,dev,id05334/17J4A_Ptu6s/00012,00012.wav,The-United-Kingdom-1,Argentina
voxceleb,dev,id08284/tMG4hh-K4Sc/00170,00170.wav,The-United-Kingdom-1,The-United-States-of-America
voxceleb,dev,id01061/_SR4oeGiVQY/00131,00131.wav,The-United-Kingdom-1,The-United-States-of-America
voxceleb,dev,id01051/eGrPbKYVwPQ/00220,00220.wav,The-United-States-of-America,The-United-States-of-America
voxceleb,dev,id08287/7SfssVlfcEM/00048,00048.wav,The-United-Kingdom-1,France
voxceleb,dev,id06234/NAFLm5Iigro/00034,00034.wav,The-United-Kingdom-1,Germany
voxceleb,dev,id04855/1r2hDImlo9M/00004,00004.wav,Germany,Germany
voxceleb,dev,id02053/KqxIa53T0oo/00084,00084.wav,The-United-Kingdom-1,The-United-States-of-America
voxceleb,dev,id02090/aqt6b5966qI/00045,00045.wav,Italy,Italy
voxceleb,dev,id04835/R2iO2ur8KSc/00058,00058.wav,The-United-Kingdom-1,India
voxceleb,dev,id06495/hyinFOB5q98/00209,00209.wav,The-United-Kingdom-1,The-Republic-of-Ireland
voxceleb,dev,id06541/EOBS3hFyYKk/00111,00111.wav,Sweden,The-United-Kingdom-1
voxceleb,dev,id00592/aT6j0NbFQ8w/00156,00156.wav,The-United-Kingdom-1,South-Africa
voxceleb,dev,id05878/ndDtW52jD80/00156,00156.wav,Germany,Germany
voxceleb,dev,id06535/k12m-WqBRXw/00151,00151.wav,The-United-States-of-America,The-United-States-of-America
voxceleb,dev,id00365/TmN1WmziFP4/00069,00069.wav,The-United-Kingdom-1,Israel
voxceleb,dev,id08524/QHaBJTgDnnQ/00060,00060.wav,Germany,Germany
voxceleb,dev,id01316/z2P1sV61DWg/00170,00170.wav,Brazil,Brazil
voxceleb,dev,id00016/oziSBLYisZk/00136,00136.wav,The-United-Kingdom-1,The-United-Kingdom-1
voxceleb,dev,id08585/fcT0bs3Gk1M/00056,00056.wav,Italy,Italy
voxceleb,dev,id08694/UbaLCyiByH0/00224,00224.wav,The-United-Kingdom-1,The-United-States-of-America
voxceleb,dev,id06614/uwE5GXwJ-nE/00151,00151.wav,The-United-Kingdom-1,Germany
voxceleb,dev,id04703/kezlUc1Krf0/00096,00096.wav,The-United-States-of-America,Canada
voxceleb,dev,id05644/UQTx5Lan8iI/00334,00334.wav,France,France
voxceleb,dev,id07344/es1noVdsPfY/00385,00385.wav,The-United-States-of-America,The-United-States-of-America
voxceleb,dev,id04726/SddixiHyH_g/00182,00182.wav,The-United-Kingdom-1,The-United-States-of-America
voxceleb,dev,id01300/yRVyOUU936A/00026,00026.wav,Brazil,Portugal
voxceleb,dev,id07846/5yXnntJKbEc/00051,00051.wav,The-United-Kingdom-1,The-United-States-of-America
voxceleb,dev,id06745/h3lvAIlX-J8/00079,00079.wav,India,India
voxceleb,dev,id05129/WeS1GqjL8cg/00076,00076.wav,The-Netherlands,Kingdom-of-the-Netherlands
voxceleb,dev,id05402/hd_9bv7J44k/00133,00133.wav,The-United-States-of-America,The-United-States-of-America
voxceleb,dev,id01367/3XwXRz2ZkgY/00021,00021.wav,The-United-Kingdom-1,Italy
voxceleb,dev,id03014/BLhh7j60CWg/00164,00164.wav,The-United-Kingdom-1,Australia
voxceleb,dev,id02680/V_95Lzk7P3I/00085,00085.wav,The-Republic-of-Ireland,Poland
voxceleb,dev,id05341/cVjcbn8KnDo/00119,00119.wav,The-United-Kingdom-1,Brazil
voxceleb,dev,id08074/kJNkE696z6U/00106,00106.wav,Germany,Germany
voxceleb,dev,id07846/5yXnntJKbEc/00046,00046.wav,The-United-States-of-America,The-United-States-of-America
voxceleb,dev,id06424/dMPvjai3yKM/00282,00282.wav,China,South-Africa
voxceleb,dev,id02281/cMEGWlxPDPg/00370,00370.wav,Germany,Austria
voxceleb,dev,id07015/u_88rEr_qAU/00326,00326.wav,France,France
voxceleb,dev,id00044/lBOsfwC9DDc/00099,00099.wav,Spain,Mexico
voxceleb,dev,id05434/nxeWoT618W0/00296,00296.wav,India,Pakistan
voxceleb,dev,id04731/piLqLpHrz_A/00202,00202.wav,The-United-States-of-America,The-United-States-of-America
voxceleb,dev,id00495/wXnwO2IFILA/00071,00071.wav,Italy,Hungary
voxceleb,dev,id02472/2nSTBl_CzfQ/00009,00009.wav,The-United-Kingdom-1,The-United-States-of-America
voxceleb,dev,id00262/R2KprlXYoBY/00110,00110.wav,The-United-Kingdom-1,The-United-States-of-America
voxceleb,dev,id08048/pN3MVKE_QDw/00259,00259.wav,The-United-Kingdom-1,India
voxceleb,dev,id04716/czXSNtLwg9s/00403,00403.wav,The-United-Kingdom-1,The-United-Kingdom-1
voxceleb,dev,id02343/PxJPJ1MS93E/00074,00074.wav,The-United-States-of-America,The-United-States-of-America
voxceleb,dev,id07136/Ct--2A0dJgw/00108,00108.wav,The-United-Kingdom-1,India
voxceleb,dev,id04899/mqGbTAaBzGo/00072,00072.wav,Sweden,Sweden
voxceleb,dev,id05930/S9KtO0djOts/00162,00162.wav,Turkey-country,Turkey-country
voxceleb,dev,id02260/oomx4E4Q_c4/00433,00433.wav,France,France
voxceleb,dev,id06237/pgZhUjASt-I/00208,00208.wav,The-United-Kingdom-1,The-United-States-of-America
voxceleb,dev,id06364/mbApseW16mY/00451,00451.wav,India,India
voxceleb,dev,id02264/QZLAz33Kl9M/00061,00061.wav,The-United-Kingdom-1,The-United-States-of-America
voxceleb,dev,id00286/qFaBhj5a3_k/00187,00187.wav,France,France
voxceleb,dev,id05506/v9rM4kzUh9g/00335,00335.wav,Zimbabwe,Switzerland
voxceleb,dev,id00680/h5bY3ntBQx0/00332,00332.wav,The-United-Kingdom-1,The-United-States-of-America
voxceleb,dev,id02291/7CXCOWTdlk4/00005,00005.wav,The-Republic-of-Ireland,Greece
voxceleb,dev,id02721/CyNKRwXNwjI/00113,00113.wav,United-Kingdom-1,The-United-States-of-America
voxceleb,dev,id01624/o1iwX7kNdiA/00079,00079.wav,Germany,Germany
voxceleb,dev,id07130/Ds2tnQxYTd8/00089,00089.wav,The-United-Kingdom-1,The-United-Kingdom-1
voxceleb,dev,id05062/sqwCT16uwRY/00209,00209.wav,The-United-States-of-America,The-United-States-of-America
voxceleb,dev,id06212/qxB9M2u8T9Y/00473,00473.wav,The-United-States-of-America,unknown
voxceleb,dev,id02669/8xzrq-q4dS4/00008,00008.wav,The-United-Kingdom-1,The-United-Kingdom-1
voxceleb,dev,id05917/Dk_wWG_qQJU/00036,00036.wav,The-Republic-of-Ireland,The-United-States-of-America
voxceleb,dev,id05013/4oP8SLsjb10/00007,00007.wav,France,France
voxceleb,dev,id08048/8Btw2SIjzXI/00033,00033.wav,India,India
voxceleb,dev,id08381/gPMcj7NVvaI/00199,00199.wav,The-United-States-of-America,New-Zealand
voxceleb,dev,id00076/TqwlFwTl8WM/00181,00181.wav,The-United-Kingdom-1,The-United-Kingdom-1
voxceleb,dev,id01960/y5Ork2I7ptU/00495,00495.wav,The-United-States-of-America,The-United-States-of-America
voxceleb,dev,id00558/fnEN-0zeZLY/00225,00225.wav,The-United-Kingdom-1,The-United-Kingdom-1
voxceleb,dev,id01160/xqyD6FByDII/00478,00478.wav,The-United-States-of-America,Canada
voxceleb,dev,id06262/aMzy_TK4LOM/00329,00329.wav,The-United-States-of-America,unknown
voxceleb,dev,id07165/HEFNhFuZrBE/00220,00220.wav,India,India
voxceleb,dev,id00742/xSb-m8cOa3g/00160,00160.wav,India,India
voxceleb,dev,id06870/GE3qyRJPBeU/00104,00104.wav,The-United-States-of-America,The-United-States-of-America
voxceleb,dev,id08756/oXaWBxQQ3QM/00350,00350.wav,India,India
voxceleb,dev,id07776/CXH-5ya115c/00084,00084.wav,The-United-Kingdom-1,The-United-States-of-America
voxceleb,dev,id00171/1CS1cUIxBVg/00037,00037.wav,The-United-States-of-America,The-United-Kingdom-1
voxceleb,dev,id01069/Xkb9ME7IZWI/00182,00182.wav,The-United-Kingdom-1,India
voxceleb,dev,id05764/aiu7QCP6x6s/00145,00145.wav,The-United-States-of-America,The-United-States-of-America
voxceleb,dev,id06355/aQL2OSLKtp0/00370,00370.wav,India,India
voxceleb,dev,id01931/puIlkvn0yDw/00438,00438.wav,The-United-Kingdom-1,Australia
voxceleb,dev,id06203/EykbiuxXfXg/00113,00113.wav,United-States-of-America,unknown
voxceleb,dev,id02539/6w8MfsOX4aI/00012,00012.wav,The-United-Kingdom-1,The-United-Kingdom-1
voxceleb,dev,id06342/I6mF2_u4ryk/00039,00039.wav,India,India
voxceleb,dev,id02332/Wqnuqgz1oko/00040,00040.wav,Vietnam,The-United-States-of-America
voxceleb,dev,id07805/gB2IPJqQT2k/00179,00179.wav,Canada,Canada
voxceleb,dev,id07148/HTLCN4qMogU/00015,00015.wav,The-United-States-of-America,Dominican-Republic
voxceleb,dev,id05664/a-0XSqL_lNg/00280,00280.wav,The-United-Kingdom-1,The-United-States-of-America
voxceleb,dev,id01764/_QaHV1Dfr0Y/00281,00281.wav,The-United-States-of-America,Canada
voxceleb,dev,id04730/3OEMma6-DL8/00016,00016.wav,The-United-Kingdom-1,Australia
voxceleb,dev,id07288/ArzyP8IXCQk/00082,00082.wav,Germany,Italy
voxceleb,dev,id02886/Bcr-_Dw6XEM/00003,00003.wav,The-United-Kingdom-1,unknown
voxceleb,dev,id08231/D7UTX7YkNTM/00080,00080.wav,The-United-States-of-America,The-United-States-of-America
voxceleb,dev,id06496/1eAN5nqo6IA/00007,00007.wav,The-United-States-of-America,The-United-States-of-America
voxceleb,dev,id06242/3DXiztzisG0/00010,00010.wav,United-Kingdom-1,The-United-States-of-America
voxceleb,dev,id04980/Iza1nDhjwuk/00137,00137.wav,The-United-Kingdom-1,The-United-States-of-America
voxceleb,dev,id01655/6qL_ZGHzxZU/00020,00020.wav,France,France
voxceleb,dev,id05137/fQhrILJW6yU/00272,00272.wav,The-United-States-of-America,The-United-States-of-America
voxceleb,dev,id01921/bo6po8T_4iE/00157,00157.wav,The-United-Kingdom-1,New-Zealand
voxceleb,dev,id05686/z3SKg3F8Ulo/00206,00206.wav,The-United-Kingdom-1,The-United-States-of-America
voxceleb,dev,id00032/Le85oDddd94/00103,00103.wav,India,India
voxceleb,dev,id07616/FKyUwPJ-tzI/00013,00013.wav,The-Republic-of-Ireland,The-United-Kingdom-1
voxceleb,dev,id05767/86nlOrEw7PE/00082,00082.wav,The-United-Kingdom-1,The-United-States-of-America
voxceleb,dev,id00888/FE_jGD5nZ6U/00051,00051.wav,The-United-Kingdom-1,The-United-States-of-America
voxceleb,dev,id07861/j5PMOthoTLU/00132,00132.wav,Germany,Germany
voxceleb,dev,id00395/BwqAP9mICR0/00061,00061.wav,The-United-Kingdom-1,The-United-States-of-America
voxceleb,dev,id05644/E4K_osF27UU/00170,00170.wav,France,France
voxceleb,dev,id08166/fcRXzrG0ysY/00290,00290.wav,The-United-States-of-America,The-United-States-of-America
voxceleb,dev,id07413/6gAqaYX0Lig/00031,00031.wav,The-United-Kingdom-1,The-United-States-of-America
voxceleb,dev,id08290/93U760gsGqQ/00002,00002.wav,France,France
voxceleb,dev,id01572/PygZE8__P28/00127,00127.wav,The-United-States-of-America,The-United-States-of-America
voxceleb,dev,id04716/_KMcHectjdc/00371,00371.wav,The-United-Kingdom-1,The-United-Kingdom-1
voxceleb,dev,id00752/7BhpbUOuX1w/00027,00027.wav,The-United-Kingdom-1,The-United-States-of-America
voxceleb,dev,id05664/EvxoIo73wFA/00105,00105.wav,The-United-States-of-America,The-United-States-of-America
voxceleb,dev,id01546/noiFkCSLRsk/00024,00024.wav,The-United-Kingdom-1,The-United-States-of-America
voxceleb,dev,id01358/_1nATum8x78/00033,00033.wav,The-United-Kingdom-1,Australia
voxceleb,dev,id07217/1EDZNCTYF6M/00006,00006.wav,India,India
voxceleb,dev,id02946/NxVrgR714Xk/00095,00095.wav,The-United-Kingdom-1,Australia
voxceleb,dev,id04655/sfgp05ZYDX8/00427,00427.wav,Germany,Soviet-Union-1
voxceleb,dev,id07462/hXX6WNjAjXo/00162,00162.wav,The-United-Kingdom-1,The-United-States-of-America
voxceleb,dev,id05990/K9dhmp5ZqEI/00094,00094.wav,Australia,Australia
voxceleb,dev,id05915/Uvd1vVEwJck/00125,00125.wav,The-United-Kingdom-1,Australia
voxceleb,dev,id01769/KebI9mnorl4/00159,00159.wav,The-United-Kingdom-1,Australia
voxceleb,dev,id05372/zIgDWcVKmCM/00196,00196.wav,The-United-Kingdom-1,The-United-States-of-America
voxceleb,dev,id02039/OpjVMGmvCMs/00168,00168.wav,The-United-States-of-America,The-United-States-of-America
voxceleb,dev,id01613/S-v-0PnU_6I/00047,00047.wav,The-United-Kingdom-1,The-United-Kingdom-1
voxceleb,dev,id02623/GW2fWOWbgQU/00037,00037.wav,The-United-Kingdom-1,The-United-States-of-America
voxceleb,dev,id07726/8-M-t7UHOjE/00034,00034.wav,Israel,The-United-States-of-America
voxceleb,dev,id05989/3woq_sOn84o/00029,00029.wav,The-United-States-of-America,The-United-States-of-America
voxceleb,dev,id06404/eTzhVVIjLCE/00237,00237.wav,The-United-Kingdom-1,The-United-States-of-America
voxceleb,dev,id02411/EYHzyCUlszw/00017,00017.wav,The-United-Kingdom-1,Russia
voxceleb,dev,id06496/z6nAKRX5ujM/00371,00371.wav,The-United-Kingdom-1,The-United-States-of-America
voxceleb,dev,id01447/qa0Rviee1xE/00078,00078.wav,The-United-Kingdom-1,Denmark
voxceleb,dev,id05989/SH5_fQL0zos/00187,00187.wav,The-United-States-of-America,The-United-States-of-America
voxceleb,dev,id05724/JwjTQClS8H8/00162,00162.wav,The-United-States-of-America,The-United-States-of-America
voxceleb,dev,id00694/WBad48VRMR4/00240,00240.wav,The-United-Kingdom-1,The-United-Kingdom-1
voxceleb,dev,id06115/LPznkBlEKY8/00106,00106.wav,The-United-Kingdom-1,The-United-States-of-America
voxceleb,dev,id02048/CJ_FrdOrZMc/00053,00053.wav,The-United-Kingdom-1,The-United-Kingdom-1
voxceleb,dev,id01172/6ta2pcVsme4/00004,00004.wav,The-United-States-of-America,The-United-States-of-America
voxceleb,dev,id08246/x_0YgPz4Dwg/00199,00199.wav,Australia,Australia
voxceleb,dev,id00773/19kfuNQYoxI/00002,00002.wav,India,India
voxceleb,dev,id07623/unbzmGoSHqo/00342,00342.wav,The-United-States-of-America,The-United-States-of-America
voxceleb,dev,id01543/HSpYzxI5DdM/00033,00033.wav,The-United-States-of-America,The-United-States-of-America
voxceleb,dev,id00176/hIiAi8_L_ik/00358,00358.wav,France,France
voxceleb,dev,id07956/RLG2Tj8qaCk/00168,00168.wav,India,India
voxceleb,dev,id07212/cyr3S5XDVEM/00171,00171.wav,The-United-States-of-America,Canada
voxceleb,dev,id03109/LRpDygmowho/00016,00016.wav,United-States-of-America,The-United-States-of-America
voxceleb,dev,id07133/3g29y1EvMHI/00008,00008.wav,France,France
voxceleb,dev,id07413/UMive3zN6Sk/00120,00120.wav,The-United-Kingdom-1,The-United-States-of-America
voxceleb,dev,id00076/yPdG9n0A4Pc/00376,00376.wav,The-United-Kingdom-1,The-United-Kingdom-1
voxceleb,dev,id00246/mcGST8cNYQ4/00142,00142.wav,The-United-Kingdom-1,Italy
voxceleb,dev,id02568/OHuQzi9FyPo/00059,00059.wav,The-Republic-of-Ireland,Kingdom-of-the-Netherlands
voxceleb,dev,id07276/gwJFNHiCLuI/00268,00268.wav,The-United-Kingdom-1,The-United-States-of-America
voxceleb,dev,id01764/uljw5bJIyEg/00458,00458.wav,The-United-States-of-America,Canada
voxceleb,dev,id07213/RT7awgBMWzM/00108,00108.wav,The-United-States-of-America,The-United-States-of-America
voxceleb,dev,id00944/NO89G2hj2AY/00172,00172.wav,The-United-States-of-America,The-United-States-of-America
voxceleb,dev,id06474/s8EsxuonfhY/00415,00415.wav,The-United-Kingdom-1,The-United-Kingdom-1
voxceleb,dev,id02558/ogEcdtyhpoU/00219,00219.wav,Italy,Italy
voxceleb,dev,id08421/SONzyGGbjfE/00048,00048.wav,The-United-Kingdom-1,Finland
voxceleb,dev,id06481/TiaYuOWyUcs/00118,00118.wav,The-United-States-of-America,The-United-States-of-America
voxceleb,dev,id08714/9KzWrrO7vqc/00068,00068.wav,Canada,The-United-States-of-America
voxceleb,dev,id06950/eibY9DRJKMI/00117,00117.wav,Australia,Australia
voxceleb,dev,id04866/m7EftNm_TCo/00144,00144.wav,The-United-Kingdom-1,Estonia
voxceleb,dev,id02724/yB7ekF690GE/00471,00471.wav,The-United-Kingdom-1,Kingdom-of-the-Netherlands
voxceleb,dev,id02609/LVm7S_T-J_A/00062,00062.wav,Jordan-215,Norway
voxceleb,dev,id01461/xHkkyCJwuUU/00115,00115.wav,The-United-Kingdom-1,unknown
voxceleb,dev,id02499/DWc-06gW77c/00042,00042.wav,Germany,Germany
voxceleb,dev,id06830/idbLj-pBp9s/00212,00212.wav,The-United-Kingdom-1,Australia
voxceleb,dev,id01549/8qkF7Yvng5U/00068,00068.wav,The-United-Kingdom-1,The-United-Kingdom-1
voxceleb,dev,id06841/wjvtCarjKns/00233,00233.wav,The-United-Kingdom-1,The-United-Kingdom-1
voxceleb,dev,id06349/VQ0snmgYx_Q/00027,00027.wav,The-United-Kingdom-1,The-United-States-of-America
voxceleb,dev,id00032/Sx8AU0ooDm8/00173,00173.wav,The-United-Kingdom-1,India
voxceleb,dev,id00513/wlPh9j1BvFM/00448,00448.wav,Germany,Germany
voxceleb,dev,id04855/dmvTzY7DYF0/00389,00389.wav,Germany,Germany
voxceleb,dev,id02017/jEa82CGQTnA/00404,00404.wav,The-United-States-of-America,The-United-States-of-America
voxceleb,dev,id06424/zjA_WwyDoXM/00439,00439.wav,India,South-Africa
voxceleb,dev,id02023/d7oHp-yY9t0/00117,00117.wav,The-United-States-of-America,The-United-States-of-America
voxceleb,dev,id07974/fn5zddwOxJY/00327,00327.wav,The-United-States-of-America,The-United-States-of-America
voxceleb,dev,id04968/g0zwqMW4JzU/00334,00334.wav,The-United-States-of-America,The-United-States-of-America
voxceleb,dev,id05719/3ALvNOYXffQ/00008,00008.wav,Spain,Spain
voxceleb,dev,id03123/3GdossNwwVs/00035,00035.wav,The-United-Kingdom-1,The-United-States-of-America
voxceleb,dev,id06747/OjQsq5fdz5I/00110,00110.wav,The-United-States-of-America,The-United-States-of-America
voxceleb,dev,id08278/lb6NZHL7AbQ/00481,00481.wav,The-United-Kingdom-1,The-United-States-of-America
voxceleb,dev,id08640/tURm6o93wCg/00260,00260.wav,The-United-Kingdom-1,Australia
voxceleb,dev,id08191/xvZeDPlE5ps/00344,00344.wav,The-United-Kingdom-1,The-United-States-of-America
voxceleb,dev,id06355/JRxKMjV5oIo/00228,00228.wav,China,India
voxceleb,dev,id02306/Q1MDO6lLfK4/00162,00162.wav,The-United-Kingdom-1,The-United-States-of-America
voxceleb,dev,id05060/NjPQLAtDR_o/00200,00200.wav,The-United-Kingdom-1,The-United-Kingdom-1
voxceleb,dev,id07351/PyNPicv9sqo/00257,00257.wav,The-United-States-of-America,The-United-States-of-America
voxceleb,dev,id04956/oZxkT1aPfrc/00059,00059.wav,The-United-States-of-America,The-United-States-of-America
voxceleb,dev,id07153/Hrq9HO8TDpA/00044,00044.wav,The-United-Kingdom-1,Brazil
voxceleb,dev,id01328/_JkMw0GDuMc/00183,00183.wav,Australia,Australia
voxceleb,dev,id00168/NrltBh4Oy_c/00228,00228.wav,The-United-States-of-America,The-United-States-of-America
voxceleb,dev,id08053/gIMLxAsNEYM/00429,00429.wav,India,India
voxceleb,dev,id08403/tIAyFkRL4Xs/00050,00050.wav,The-United-Kingdom-1,The-United-Kingdom-1
voxceleb,dev,id01491/Wv2meIdxZ50/00006,00006.wav,Italy,Italy
voxceleb,dev,id06322/fy2h2C3ZzVo/00142,00142.wav,The-United-Kingdom-1,The-United-Kingdom-1
voxceleb,dev,id05153/_Ns2bbloA4k/00291,00291.wav,The-United-Kingdom-1,unknown
voxceleb,dev,id05710/I-F0KKf-ovU/00218,00218.wav,The-United-States-of-America,The-United-States-of-America
voxceleb,dev,id01011/nCnW4vUQ03w/00223,00223.wav,Germany,Germany
voxceleb,dev,id08702/8Smg4o6FpmA/00024,00024.wav,The-United-States-of-America,Canada
voxceleb,dev,id06138/vH8I4RTqBiI/00412,00412.wav,Montenegro,Montenegro
voxceleb,dev,id07179/mOyXq6IofXA/00305,00305.wav,India,India
voxceleb,dev,id07263/mBA4FouTCi0/00084,00084.wav,The-United-States-of-America,The-United-States-of-America
voxceleb,dev,id01500/VwZGOb2S3Bk/00082,00082.wav,The-United-Kingdom-1,South-Africa
voxceleb,dev,id03102/01lJQgd3_aY/00032,00032.wav,India,Australia
voxceleb,dev,id05227/uX40ifh2Mjk/00282,00282.wav,The-United-States-of-America,The-United-States-of-America
voxceleb,dev,id05943/SIsL3Ntjp_4/00013,00013.wav,The-United-Kingdom-1,The-United-States-of-America
voxceleb,dev,id02945/v9vB0w_p6gQ/00223,00223.wav,Germany,Germany
voxceleb,dev,id06900/lgInzo114lI/00357,00357.wav,The-United-Kingdom-1,Portugal
voxceleb,dev,id07417/5xHAOItCYfw/00015,00015.wav,The-United-States-of-America,The-United-States-of-America
voxceleb,dev,id02105/mB76TWk8UQw/00288,00288.wav,India,The-United-States-of-America
voxceleb,dev,id02219/ECq8BLRvHtA/00131,00131.wav,India,India
voxceleb,dev,id03079/qdF1ymu1r4U/00195,00195.wav,The-United-Kingdom-1,Kingdom-of-the-Netherlands
voxceleb,dev,id07295/BPdBOY1fGeg/00062,00062.wav,India,India
voxceleb,dev,id07377/LxJ0fYDSHUU/00099,00099.wav,India,India
voxceleb,dev,id08614/PQqzuvshfhE/00100,00100.wav,The-United-Kingdom-1,The-United-States-of-America
voxceleb,dev,id06874/TgkO6KlQpuY/00216,00216.wav,Australia,Australia
voxceleb,dev,id06938/LQFuC_f4aLw/00130,00130.wav,The-United-Kingdom-1,The-United-Kingdom-1
voxceleb,dev,id03230/aIbIL35rBQo/00137,00137.wav,The-Republic-of-Ireland,France
voxceleb,dev,id01788/p-B7nkwZaT0/00078,00078.wav,The-United-States-of-America,The-United-States-of-America
voxceleb,dev,id01536/645DCUJ8aCU/00006,00006.wav,The-United-Kingdom-1,The-United-States-of-America
voxceleb,dev,id08629/YuEjbPHQN9s/00209,00209.wav,The-United-States-of-America,The-United-States-of-America
voxceleb,dev,id02341/3FDSv4-Crw0/00020,00020.wav,The-United-States-of-America,The-United-States-of-America
voxceleb,dev,id00694/fB0xQwRPhzk/00319,00319.wav,The-United-Kingdom-1,The-United-Kingdom-1
voxceleb,dev,id07628/hccSgxdVMHg/00083,00083.wav,The-United-States-of-America,The-United-States-of-America
voxceleb,dev,id01150/__NUYsVkGzo/00138,00138.wav,The-Republic-of-Ireland,Bulgaria
voxceleb,dev,id06447/lh5WKRDa1s8/00258,00258.wav,India,India
voxceleb,dev,id07726/GWMKV8Hhais/00078,00078.wav,The-United-Kingdom-1,The-United-States-of-America
voxceleb,dev,id05835/xtDC25KVHVM/00259,00259.wav,The-United-Kingdom-1,The-United-Kingdom-1
voxceleb,dev,id06964/ioWZ76uhutg/00060,00060.wav,Canada,The-United-Kingdom-1
voxceleb,dev,id01160/xqyD6FByDII/00480,00480.wav,The-United-Kingdom-1,Canada
voxceleb,dev,id01461/YmB9c3efAxw/00047,00047.wav,The-United-States-of-America,unknown
voxceleb,dev,id04709/yvqCW9aKfds/00204,00204.wav,Turkey-country,Turkey-country
voxceleb,dev,id07088/uoVgKZXNLhs/00213,00213.wav,The-Republic-of-Ireland,The-Czech-Republic-1
voxceleb,dev,id07045/TW8dBSkoS4Y/00140,00140.wav,India,India
voxceleb,dev,id05027/Ug1fmn9n0u0/00203,00203.wav,The-United-Kingdom-1,The-United-States-of-America
voxceleb,dev,id05054/AaBabF2Z3R0/00035,00035.wav,The-United-Kingdom-1,The-United-States-of-America
voxceleb,dev,id08551/_5l-X8ql8Bs/00091,00091.wav,The-United-States-of-America,The-United-States-of-America
voxceleb,dev,id07466/HhIh1n2uFGE/00089,00089.wav,The-United-Kingdom-1,Kingdom-of-the-Netherlands
voxceleb,dev,id06292/PoUPKQvrdI8/00057,00057.wav,Jordan-215,Lebanon
voxceleb,dev,id06333/h1In4OgKVGA/00071,00071.wav,The-United-States-of-America,The-United-States-of-America
voxceleb,dev,id04926/3BGJKNGJAC4/00009,00009.wav,The-United-Kingdom-1,Bulgaria
voxceleb,dev,id05748/s68eMcAR79s/00225,00225.wav,France,France
voxceleb,dev,id04903/O43r8Z3A4MI/00250,00250.wav,The-United-Kingdom-1,The-United-States-of-America
voxceleb,dev,id01286/Zxm-8h0FAd4/00255,00255.wav,The-United-States-of-America,The-United-States-of-America
voxceleb,dev,id04675/PDeralFXCLU/00037,00037.wav,United-States-of-America,The-United-States-of-America
voxceleb,dev,id07474/lIfE4kk1qmw/00091,00091.wav,The-United-States-of-America,Honduras
voxceleb,dev,id00931/oo7GzxjNQdk/00070,00070.wav,Kenya,Jamaica
voxceleb,dev,id07240/r794H-UJ96I/00306,00306.wav,The-United-Kingdom-1,India
voxceleb,dev,id06360/kqQOb3SJXp8/00347,00347.wav,The-United-Kingdom-1,The-United-Kingdom-1
voxceleb,dev,id08739/Ju7_FL0gbAw/00188,00188.wav,India,India
voxceleb,dev,id07495/s_ZULGTiwxI/00186,00186.wav,The-United-Kingdom-1,The-United-States-of-America
voxceleb,dev,id07570/UsZabUmHwA8/00046,00046.wav,The-United-Kingdom-1,India
voxceleb,dev,id05845/AZ7BDQZEDGQ/00021,00021.wav,The-United-States-of-America,India
voxceleb,dev,id06920/HUKKxYpMJSA/00066,00066.wav,Spain,Spain
voxceleb,dev,id07887/UgyfStKl1S8/00234,00234.wav,The-United-Kingdom-1,Belgium
voxceleb,dev,id00417/ToY1ROlvjmk/00201,00201.wav,India,India
voxceleb,dev,id01067/kFAdE1fPM0I/00078,00078.wav,The-United-Kingdom-1,The-United-Kingdom-1
voxceleb,dev,id00235/ZwzX0dy3mrA/00063,00063.wav,India,India
voxceleb,dev,id06828/mTc4hEY7LvU/00164,00164.wav,The-United-Kingdom-1,The-United-Kingdom-1
voxceleb,dev,id06833/kQ1j3CLU9Ss/00138,00138.wav,The-United-States-of-America,Spain
voxceleb,dev,id04698/rXjv25Tz2lM/00298,00298.wav,The-United-States-of-America,The-United-States-of-America
voxceleb,dev,id05507/AL6pH1WCylE/00018,00018.wav,The-United-Kingdom-1,Austria
voxceleb,dev,id02040/R1QmPPREKbE/00326,00326.wav,The-United-Kingdom-1,The-United-Kingdom-1
voxceleb,dev,id06207/3QGcPaDGXB8/00032,00032.wav,The-Republic-of-Ireland,Sweden
voxceleb,dev,id07639/ewOvdz8bVqI/00028,00028.wav,The-United-States-of-America,The-United-States-of-America
voxceleb,dev,id01265/5eRimx9eUcc/00090,00090.wav,France,France
voxceleb,dev,id07162/VBow9w3f4qA/00109,00109.wav,The-United-Kingdom-1,India
voxceleb,dev,id01692/NXDn0JtjgNs/00147,00147.wav,The-United-Kingdom-1,The-United-States-of-America
voxceleb,dev,id04901/eAuqOQ6CYrc/00216,00216.wav,The-United-States-of-America,The-United-States-of-America
voxceleb,dev,id01875/wTzWyscTTcU/00199,00199.wav,The-United-States-of-America,The-United-States-of-America
voxceleb,dev,id07858/Ogpwqt0LZVE/00075,00075.wav,Germany,Germany
voxceleb,dev,id02897/o6a4wF0YBxU/00112,00112.wav,The-United-States-of-America,The-United-States-of-America
voxceleb,dev,id08146/LCtPDjt8ujs/00185,00185.wav,India,India
voxceleb,dev,id06028/m-VwjBsFzhk/00072,00072.wav,The-United-States-of-America,The-United-States-of-America
voxceleb,dev,id02088/iQo0o-FmhkA/00035,00035.wav,The-United-Kingdom-1,Costa-Rica-1
voxceleb,dev,id04863/IUrCjG3UdkU/00056,00056.wav,India,unknown
voxceleb,dev,id08464/jeLCUjGyFUY/00279,00279.wav,The-Republic-of-Ireland,Croatia
voxceleb,dev,id06723/9sbvTFlmfOg/00083,00083.wav,India,India
voxceleb,dev,id02346/qSsnWYD0lp0/00383,00383.wav,The-United-Kingdom-1,The-United-Kingdom-1
voxceleb,dev,id01894/T7RlqyKyodo/00067,00067.wav,The-United-Kingdom-1,Denmark
voxceleb,dev,id02033/wIdZZnmRHJ0/00218,00218.wav,India,Spain
voxceleb,dev,id07043/kU4DygP-puM/00295,00295.wav,United-Kingdom-1,The-United-States-of-America
voxceleb,dev,id02642/3FaF5XsUdz8/00012,00012.wav,The-United-States-of-America,Canada
voxceleb,dev,id08365/8FSdu4UBtyU/00027,00027.wav,Spain,Spain
voxceleb,dev,id01663/oj-iJdmHDvU/00133,00133.wav,The-United-Kingdom-1,Italy
voxceleb,dev,id02053/KqxIa53T0oo/00111,00111.wav,The-United-States-of-America,The-United-States-of-America
voxceleb,dev,id02457/6EDLRIEYMzA/00123,00123.wav,The-United-Kingdom-1,unknown
voxceleb,dev,id02865/1TPUl8T5iNQ/00002,00002.wav,France,France
voxceleb,dev,id00043/krcqd7-z8GE/00409,00409.wav,The-United-Kingdom-1,India
voxceleb,dev,id04677/QSExLQabvlE/00209,00209.wav,Germany,Germany
voxceleb,dev,id06771/Qh4cVvMSiDQ/00210,00210.wav,Nepal,Nepal
voxceleb,dev,id07185/vV-S6PvFnH8/00194,00194.wav,Turkey-country,India
voxceleb,dev,id01753/ospg5WhRl9A/00281,00281.wav,The-United-Kingdom-1,Australia
voxceleb,dev,id05869/6WK4VtMYgHM/00011,00011.wav,The-United-Kingdom-1,The-United-Kingdom-1
voxceleb,dev,id01292/1wsO5XVmIfE/00002,00002.wav,Spain,Spain
voxceleb,dev,id02591/0w9YWrnYRgw/00001,00001.wav,Germany,Germany
voxceleb,dev,id02426/x03AJGWSG54/00120,00120.wav,Bulgaria,Romania
voxceleb,dev,id02499/_NlMiIHxpro/00132,00132.wav,Germany,Germany
voxceleb,dev,id07570/6Bj9Fvfq_ME/00003,00003.wav,India,India
voxceleb,dev,id06524/9meCWs8LsSw/00041,00041.wav,The-United-States-of-America,The-United-States-of-America
voxceleb,dev,id00191/XqwDLXA22ZY/00238,00238.wav,France,unknown
voxceleb,dev,id05998/jCfx3UCIUoM/00326,00326.wav,The-United-Kingdom-1,The-United-Kingdom-1
voxceleb,dev,id02902/GDU0ulpZD7A/00042,00042.wav,The-United-States-of-America,The-United-States-of-America
voxceleb,dev,id01404/4G5MJAp9WQo/00017,00017.wav,The-United-Kingdom-1,The-United-States-of-America
voxceleb,dev,id05526/rTIQBkK9N9Y/00090,00090.wav,Spain,Spain
voxceleb,dev,id06583/o4MXBpKjWmA/00221,00221.wav,The-United-States-of-America,The-United-States-of-America
voxceleb,dev,id05388/UItjEllRaL0/00082,00082.wav,The-United-Kingdom-1,Kingdom-of-the-Netherlands
voxceleb,dev,id01614/D5eANtLOj6w/00085,00085.wav,The-United-States-of-America,The-United-States-of-America
voxceleb,dev,id01832/WOMolLlI0PU/00063,00063.wav,The-United-Kingdom-1,The-United-States-of-America
voxceleb,dev,id08516/NjwwDQNyRGY/00096,00096.wav,Germany,Germany
voxceleb,dev,id02068/AX_RQOcs2dE/00010,00010.wav,The-United-States-of-America,The-United-States-of-America
voxceleb,dev,id05853/mrpwoMXwM9g/00431,00431.wav,Argentina,Nicaragua
voxceleb,dev,id00967/zXmuLMjuflo/00494,00494.wav,France,France
voxceleb,dev,id01063/RqEQ-zKOO2g/00113,00113.wav,The-United-Kingdom-1,The-United-Kingdom-1
voxceleb,dev,id08273/3rC1EZAuO6g/00023,00023.wav,The-United-States-of-America,The-United-States-of-America
voxceleb,dev,id02908/h0tMzFBYDqU/00084,00084.wav,The-United-Kingdom-1,Kingdom-of-the-Netherlands
voxceleb,dev,id08191/iNQpo-MN_oE/00299,00299.wav,The-United-States-of-America,The-United-States-of-America
voxceleb,dev,id01193/eIDu4c2ePMc/00312,00312.wav,The-United-States-of-America,The-United-States-of-America
voxceleb,dev,id07169/X2ACFDnmpCA/00022,00022.wav,The-United-Kingdom-1,The-United-States-of-America
voxceleb,dev,id02023/d7oHp-yY9t0/00103,00103.wav,The-United-Kingdom-1,The-United-States-of-America
voxceleb,dev,id06986/nQ1YonSFiys/00449,00449.wav,Germany,Germany
voxceleb,dev,id05827/NfqAvWCUpts/00032,00032.wav,The-United-Kingdom-1,Italy
voxceleb,dev,id07623/fnas74nrfzw/00239,00239.wav,The-United-States-of-America,The-United-States-of-America
voxceleb,dev,id01501/Ybr-InvgL4o/00328,00328.wav,The-United-States-of-America,The-United-States-of-America
voxceleb,dev,id05477/mLQmex9igxI/00280,00280.wav,India,Nepal
voxceleb,dev,id06249/WvWgPePEeOQ/00053,00053.wav,Spain,Argentina
voxceleb,dev,id04715/RlD8WBMAcBc/00143,00143.wav,The-United-Kingdom-1,The-United-Kingdom-1
voxceleb,dev,id08115/RvjFTquo_ck/00065,00065.wav,The-United-States-of-America,The-United-States-of-America
voxceleb,dev,id04645/5UnSsus_inA/00029,00029.wav,The-United-States-of-America,The-United-States-of-America
voxceleb,dev,id00944/orY6M0Ex0BM/00456,00456.wav,United-States-of-America,The-United-States-of-America
voxceleb,dev,id06040/WtPK4IpD42M/00123,00123.wav,France,France
voxceleb,dev,id02091/6VZFNRI8O5s/00014,00014.wav,The-United-Kingdom-1,The-United-Kingdom-1
voxceleb,dev,id00472/mBScHPsKKG8/00233,00233.wav,The-United-States-of-America,The-United-States-of-America
voxceleb,dev,id01274/4YPReRADbP8/00010,00010.wav,The-United-Kingdom-1,The-United-States-of-America
voxceleb,dev,id06702/ZmPiFrFVFWM/00262,00262.wav,Switzerland,Switzerland
voxceleb,dev,id02166/IbKsl4r6t4A/00152,00152.wav,India,India
voxceleb,dev,id01418/Bw67aFSH8JE/00015,00015.wav,Sweden,Sweden
voxceleb,dev,id08528/9ejVaW1ZKLM/00016,00016.wav,The-United-Kingdom-1,The-United-States-of-America
voxceleb,dev,id01514/DrsWG_yyto0/00024,00024.wav,The-United-Kingdom-1,The-United-Kingdom-1
voxceleb,dev,id07265/lpc3do6ShA0/00033,00033.wav,The-United-Kingdom-1,The-United-Kingdom-1
voxceleb,dev,id05788/WMrhauZGCC0/00135,00135.wav,The-United-Kingdom-1,Japan
voxceleb,dev,id01530/ETAI6qATHxw/00008,00008.wav,The-United-States-of-America,The-United-States-of-America
voxceleb,dev,id08289/nA5MoGN33JM/00468,00468.wav,The-United-Kingdom-1,France
voxceleb,dev,id04930/I51fnvmeT54/00120,00120.wav,India,India
voxceleb,dev,id06264/VmT3-iYjLJU/00148,00148.wav,Turkey-country,The-United-States-of-America
voxceleb,dev,id01962/WzK3bT7YMfY/00187,00187.wav,Australia,Australia
voxceleb,dev,id05319/22HmdXHEmTc/00017,00017.wav,The-United-Kingdom-1,unknown
voxceleb,dev,id01921/BhKs3KTJ-yY/00097,00097.wav,The-United-Kingdom-1,New-Zealand
voxceleb,dev,id02943/GJe4q2QkWSQ/00105,00105.wav,Germany,Austria
voxceleb,dev,id08499/0uHm-HSKVz4/00005,00005.wav,The-United-Kingdom-1,The-United-Kingdom-1
voxceleb,dev,id06403/zSEiTf5svZM/00303,00303.wav,The-United-Kingdom-1,The-United-States-of-America
voxceleb,dev,id07800/0D3vPhmMv7Y/00002,00002.wav,The-United-Kingdom-1,Germany
voxceleb,dev,id05723/2u2CkpHmNnA/00038,00038.wav,The-United-States-of-America,The-United-States-of-America
voxceleb,dev,id06221/VEdQKrnbrF0/00054,00054.wav,The-United-Kingdom-1,Sweden
voxceleb,dev,id02017/WQKtNqQW3lI/00251,00251.wav,The-United-Kingdom-1,The-United-States-of-America
voxceleb,dev,id01697/Fi9OU0y5c54/00029,00029.wav,Indonesia,unknown
voxceleb,dev,id00876/dgOuxEvq-68/00370,00370.wav,The-United-Kingdom-1,The-United-States-of-America
voxceleb,dev,id03100/xPlQTNz6-Eg/00184,00184.wav,The-United-States-of-America,The-United-States-of-America
voxceleb,dev,id00816/QjO7QBtq7xk/00292,00292.wav,Pakistan,Afghanistan
voxceleb,dev,id08335/bZA5C9Dh7kU/00347,00347.wav,The-United-States-of-America,The-United-States-of-America
voxceleb,dev,id07167/Ccs8NT45UYQ/00045,00045.wav,The-United-Kingdom-1,India
voxceleb,dev,id00086/V_6AZf9SGWM/00196,00196.wav,The-United-States-of-America,India
voxceleb,dev,id01610/3sK2uMFQfUg/00010,00010.wav,The-United-Kingdom-1,The-United-Kingdom-1
voxceleb,dev,id00813/oAYiOsmQemg/00187,00187.wav,The-United-States-of-America,The-United-States-of-America
voxceleb,dev,id05887/2egDo76Y_rk/00001,00001.wav,France,France
voxceleb,dev,id08245/Q4wM7Ts75oQ/00043,00043.wav,France,Belgium
voxceleb,dev,id05384/lRACKQkgFqc/00325,00325.wav,The-United-Kingdom-1,Taiwan
voxceleb,dev,id06949/b59BidbtBNA/00275,00275.wav,The-United-States-of-America,The-United-States-of-America
voxceleb,dev,id01368/RGiQNvf2t6c/00029,00029.wav,Italy,Italy
voxceleb,dev,id03042/Mj8pmedq_3s/00040,00040.wav,The-United-Kingdom-1,Australia
voxceleb,dev,id05989/LptIIAwKEBA/00136,00136.wav,United-States-of-America,The-United-States-of-America
voxceleb,dev,id02233/bN2w8le6d7g/00201,00201.wav,The-Netherlands,Kingdom-of-the-Netherlands
voxceleb,dev,id01262/lCnNABH3W9Q/00454,00454.wav,The-United-Kingdom-1,France
voxceleb,dev,id06014/La1kTYa903M/00116,00116.wav,The-United-States-of-America,The-United-States-of-America
voxceleb,dev,id03118/F84m86Sl2Cw/00146,00146.wav,The-United-States-of-America,Greece
voxceleb,dev,id06364/TaqyeB3CZpo/00207,00207.wav,India,India
voxceleb,dev,id00922/jaJ2NsSEnAE/00237,00237.wav,The-United-Kingdom-1,Germany
voxceleb,dev,id06743/SjZWQRRfjMU/00031,00031.wav,India,Singapore
voxceleb,dev,id07316/VhvV1B0ZOIU/00153,00153.wav,Peru,Argentina
voxceleb,dev,id07590/1zMeBYwBQB8/00020,00020.wav,The-United-Kingdom-1,Brazil
voxceleb,dev,id00835/hBnwbqgs1mY/00148,00148.wav,The-United-States-of-America,Canada
voxceleb,dev,id07711/hA-9HkbfGZ8/00219,00219.wav,The-United-Kingdom-1,Iran
voxceleb,dev,id06529/R5Ic0iuougk/00159,00159.wav,The-United-States-of-America,The-United-States-of-America
voxceleb,dev,id00332/sdALRGtptps/00399,00399.wav,The-United-Kingdom-1,Sweden
voxceleb,dev,id02873/6STZbmZBduo/00014,00014.wav,The-United-Kingdom-1,The-United-States-of-America
voxceleb,dev,id01764/hqckhiiK8t4/00399,00399.wav,The-United-States-of-America,Canada
voxceleb,dev,id08003/KL9HJuw07b8/00124,00124.wav,The-United-States-of-America,Scotland
voxceleb,dev,id01521/u8NIKBPkIxg/00123,00123.wav,The-United-States-of-America,The-United-States-of-America
voxceleb,dev,id05641/I9CQJIWqfV8/00070,00070.wav,The-United-Kingdom-1,Croatia
voxceleb,dev,id01351/A-rgpJqdg1I/00037,00037.wav,The-Republic-of-Ireland,Indonesia
voxceleb,dev,id07192/5aIFS19IlIo/00016,00016.wav,The-United-Kingdom-1,Germany
voxceleb,dev,id07837/VJ5myzr3UDY/00214,00214.wav,The-United-States-of-America,The-United-States-of-America
voxceleb,dev,id01269/uVi2jdVoNew/00206,00206.wav,France,France
voxceleb,dev,id02058/RPvi0nNvQ-M/00129,00129.wav,The-United-Kingdom-1,The-United-States-of-America
voxceleb,dev,id05506/Tj7P-Zbu_8M/00186,00186.wav,The-United-States-of-America,Switzerland
voxceleb,dev,id06553/W6jDf5stIkY/00172,00172.wav,The-United-States-of-America,The-United-States-of-America
voxceleb,dev,id08297/CFeThkTu8U4/00023,00023.wav,India,India
voxceleb,dev,id01183/b9oONq0sPas/00020,00020.wav,The-United-Kingdom-1,Canada
voxceleb,dev,id02212/wVG63Lv2iRY/00114,00114.wav,India,India
voxceleb,dev,id06952/hiHd7PpW9to/00231,00231.wav,Germany,Germany
voxceleb,dev,id08455/B17aUxhn8IE/00011,00011.wav,The-United-Kingdom-1,The-United-States-of-America
voxceleb,dev,id06944/bc5HBrnCkJ4/00171,00171.wav,The-United-Kingdom-1,The-United-Kingdom-1
voxceleb,dev,id04731/Udg0pIZRC90/00088,00088.wav,The-United-States-of-America,The-United-States-of-America
voxceleb,dev,id01777/6eMrU3N-_Y0/00022,00022.wav,The-United-States-of-America,The-United-States-of-America
voxceleb,dev,id00832/1Gt8aenwIZ8/00001,00001.wav,The-United-Kingdom-1,The-United-States-of-America
voxceleb,dev,id02351/26Fklpv3Ris/00004,00004.wav,The-United-Kingdom-1,The-United-Kingdom-1
voxceleb,dev,id06010/3aaZ25cL9SU/00046,00046.wav,Germany,Germany
voxceleb,dev,id00047/78BeU2oFO8A/00022,00022.wav,The-United-Kingdom-1,Australia
voxceleb,dev,id08532/OdC6TaHsmv4/00080,00080.wav,The-United-Kingdom-1,The-United-States-of-America
voxceleb,dev,id05454/_DU4bhkmNAg/00181,00181.wav,The-United-Kingdom-1,Australia
voxceleb,dev,id05227/YEo_4qJIKeM/00171,00171.wav,The-United-States-of-America,The-United-States-of-America
voxceleb,dev,id07662/9LFJ6EtJ8Wc/00038,00038.wav,Germany,Germany
voxceleb,dev,id07279/QclnYpRtsjE/00018,00018.wav,Brazil,Brazil
voxceleb,dev,id03078/KQLEUr9zRNs/00052,00052.wav,The-United-Kingdom-1,Switzerland
voxceleb,dev,id05913/c07jEc_cVxE/00360,00360.wav,The-United-Kingdom-1,The-United-States-of-America
voxceleb,dev,id05541/jVj-C9IShiQ/00344,00344.wav,Spain,Chile
voxceleb,dev,id01646/3w9dK3BcKoQ/00004,00004.wav,France,France
voxceleb,dev,id06335/bX-xLjj_l8w/00224,00224.wav,India,India
voxceleb,dev,id03087/rTiL0BnEuCI/00257,00257.wav,The-United-Kingdom-1,The-United-States-of-America
voxceleb,dev,id06860/LEsop61sFrg/00050,00050.wav,The-United-States-of-America,The-United-States-of-America
voxceleb,dev,id00268/SVHDHvxZDns/00065,00065.wav,The-United-Kingdom-1,The-United-Kingdom-1
voxceleb,dev,id00919/xuDLbdvGGt4/00129,00129.wav,The-United-Kingdom-1,Germany
voxceleb,dev,id07254/fluRICZWKvg/00071,00071.wav,The-United-Kingdom-1,Australia
voxceleb,dev,id06400/azEFiPNb3V0/00187,00187.wav,France,Canada
voxceleb,dev,id06046/YZBrdKQc9wI/00165,00165.wav,France,Haiti
voxceleb,dev,id04756/lbV3-DZDUDI/00109,00109.wav,The-United-Kingdom-1,The-United-Kingdom-1
voxceleb,dev,id02035/l1Wm1KJxmSM/00114,00114.wav,Australia,Australia
voxceleb,dev,id07711/Rqgat7BZ9Kc/00107,00107.wav,The-United-States-of-America,Iran
voxceleb,dev,id02538/0Sqlk671XWg/00010,00010.wav,The-United-Kingdom-1,The-United-Kingdom-1
voxceleb,dev,id05212/DbmsfNoR_Kk/00027,00027.wav,The-United-States-of-America,Canada
voxceleb,dev,id08373/HRbDCvMaPEQ/00050,00050.wav,The-United-States-of-America,The-United-States-of-America
voxceleb,dev,id08362/eEOdFEww4iw/00330,00330.wav,France,France
voxceleb,dev,id06339/Ed0D5PnK9eM/00073,00073.wav,The-Republic-of-Ireland,Kingdom-of-the-Netherlands
voxceleb,dev,id02845/HyBiqxES7iU/00058,00058.wav,The-United-Kingdom-1,The-United-Kingdom-1
voxceleb,dev,id02877/kF7JuTNkqas/00206,00206.wav,The-United-States-of-America,The-United-States-of-America
voxceleb,dev,id05058/tXQkXHj6GTo/00340,00340.wav,The-United-States-of-America,India
voxceleb,dev,id08299/FTVLm9SkqEY/00016,00016.wav,Thailand,Thailand
voxceleb,dev,id07039/pBq1A1B7PYU/00145,00145.wav,Australia,Malaysia
voxceleb,dev,id00948/ZtTBD1_8l2I/00079,00079.wav,The-United-Kingdom-1,The-United-Kingdom-1
voxceleb,dev,id02905/fqPnm7Uwchs/00155,00155.wav,Germany,Switzerland
voxceleb,dev,id01042/Hyg9BhqESxU/00046,00046.wav,The-United-Kingdom-1,The-United-States-of-America
voxceleb,dev,id01466/s9JzuKnk_nI/00066,00066.wav,The-United-Kingdom-1,The-United-Kingdom-1
voxceleb,dev,id02864/04LI0Lip2iQ/00001,00001.wav,France,France
voxceleb,dev,id07566/n59QmqNEAec/00295,00295.wav,The-United-States-of-America,The-United-States-of-America
voxceleb,dev,id06422/UyBBtkh3eLI/00091,00091.wav,India,The-United-Kingdom-1
voxceleb,dev,id01225/cYqWNnCWT4k/00360,00360.wav,The-United-States-of-America,The-United-States-of-America
voxceleb,dev,id08211/S7BSQmGiHLU/00187,00187.wav,Germany,Germany
voxceleb,dev,id05443/ILcfxRiUAZ0/00017,00017.wav,The-Republic-of-Ireland,Poland
voxceleb,dev,id08159/Tjdozo6L4Cg/00128,00128.wav,India,India
voxceleb,dev,id08147/dTuKV67RN18/00314,00314.wav,India,India
voxceleb,dev,id00090/UNNMcf3KyO4/00061,00061.wav,Spain,Spain
voxceleb,dev,id08246/Lq32cUXfU7M/00049,00049.wav,The-United-Kingdom-1,Australia
voxceleb,dev,id07422/wu7KYmi0zlg/00231,00231.wav,The-United-States-of-America,The-United-States-of-America
voxceleb,dev,id03028/A4iC_TtfbKY/00080,00080.wav,The-United-Kingdom-1,The-United-States-of-America
voxceleb,dev,id08626/GkPdtCX4ju8/00004,00004.wav,The-United-Kingdom-1,Sweden
voxceleb,dev,id01110/SVfQn0uyEAc/00112,00112.wav,The-United-States-of-America,The-United-States-of-America
voxceleb,dev,id03215/lnTRzT5zyHY/00337,00337.wav,The-United-States-of-America,The-United-States-of-America
voxceleb,dev,id01281/d1mgyb4-M3k/00036,00036.wav,Indonesia,Malaysia
voxceleb,dev,id08097/5Uz23W-GM4U/00040,00040.wav,The-Republic-of-Ireland,Kingdom-of-the-Netherlands
voxceleb,dev,id00779/CZINOuI3XlA/00115,00115.wav,Germany,Switzerland
voxceleb,dev,id05372/w2BjCpPUTUE/00145,00145.wav,The-United-States-of-America,The-United-States-of-America
voxceleb,dev,id05983/LyhaDAbsP9A/00110,00110.wav,The-United-States-of-America,The-United-States-of-America
voxceleb,dev,id00312/hCQani6xmsE/00149,00149.wav,Germany,Austria
voxceleb,dev,id01281/4m-dd8kRtYc/00002,00002.wav,Indonesia,Malaysia
voxceleb,dev,id07195/FRD1eR8OOTU/00127,00127.wav,India,India
voxceleb,dev,id00687/zeb7tR9A61k/00351,00351.wav,India,India
voxceleb,dev,id07717/5QlPyDY6cRY/00007,00007.wav,The-United-Kingdom-1,The-United-Kingdom-1
voxceleb,dev,id06133/MxfYPUTGCvw/00079,00079.wav,The-United-States-of-America,The-United-States-of-America
voxceleb,dev,id08250/HLQFPVHfxs4/00027,00027.wav,The-United-Kingdom-1,The-United-Kingdom-1
voxceleb,dev,id08068/7nPbz-_EHqs/00021,00021.wav,India,India
voxceleb,dev,id07600/A9xrBM5bfw0/00108,00108.wav,The-United-States-of-America,The-United-States-of-America
voxceleb,dev,id07292/D2nIV1lnZrM/00004,00004.wav,The-United-Kingdom-1,The-United-States-of-America
voxceleb,dev,id01305/CK8zESqBCmA/00013,00013.wav,Australia,Australia
voxceleb,dev,id00656/0iHy9oXMr_c/00009,00009.wav,The-United-Kingdom-1,unknown
voxceleb,dev,id07459/kQGMTPab9GQ/00168,00168.wav,The-United-States-of-America,The-United-States-of-America
voxceleb,dev,id02311/YVMOcCkNY0A/00199,00199.wav,The-United-States-of-America,The-United-States-of-America
voxceleb,dev,id05288/VLQ50yJyopg/00174,00174.wav,France,France
voxceleb,dev,id00708/zbZmKjpLV8w/00493,00493.wav,The-United-Kingdom-1,The-United-States-of-America
voxceleb,dev,id01960/ux6wZ6w-pco/00458,00458.wav,The-United-States-of-America,The-United-States-of-America
voxceleb,dev,id07727/5XM0rwiOb5Q/00097,00097.wav,India,India
voxceleb,dev,id01457/Zx0moe7BojI/00223,00223.wav,The-Republic-of-Ireland,Sweden
voxceleb,dev,id02075/Y04yh417c34/00271,00271.wav,The-United-Kingdom-1,The-United-States-of-America
voxceleb,dev,id00346/pp5BW03lZps/00155,00155.wav,India,India
voxceleb,dev,id07992/TOScUPDeqos/00091,00091.wav,The-United-Kingdom-1,The-United-States-of-America
voxceleb,dev,id05777/eOhMp8guH5E/00264,00264.wav,The-United-Kingdom-1,Venezuela
voxceleb,dev,id07441/EbwAWuMrZsI/00023,00023.wav,Italy,Italy
voxceleb,dev,id06095/7Vce7n8Kffg/00061,00061.wav,The-United-Kingdom-1,Spain
voxceleb,dev,id05978/8tbY4PzGovk/00155,00155.wav,The-United-Kingdom-1,Turkey-country
voxceleb,dev,id08278/2DOETlMZnD4/00156,00156.wav,The-United-Kingdom-1,The-United-States-of-America
voxceleb,dev,id08568/zlv6lnZOiTE/00452,00452.wav,The-United-Kingdom-1,The-United-States-of-America
voxceleb,dev,id06288/SmTE1jJqOOI/00110,00110.wav,The-United-Kingdom-1,The-United-Kingdom-1
voxceleb,dev,id05293/wufacbD1XDc/00394,00394.wav,Italy,Italy
voxceleb,dev,id01489/h18Y9_kn-Jg/00264,00264.wav,The-United-States-of-America,The-United-States-of-America
voxceleb,dev,id02001/3OzEU675_yY/00046,00046.wav,The-United-States-of-America,The-United-States-of-America
voxceleb,dev,id01125/tzf-I0kZJUk/00074,00074.wav,The-United-Kingdom-1,The-United-States-of-America
voxceleb,dev,id05870/wEGlRpag-ik/00107,00107.wav,The-United-Kingdom-1,The-United-Kingdom-1
voxceleb,dev,id01024/sKT-LTWfqkU/00204,00204.wav,India,India
voxceleb,dev,id00816/y0bMy4cjVMQ/00496,00496.wav,Russia,Afghanistan
voxceleb,dev,id06860/Kgds4_sINjU/00034,00034.wav,The-United-States-of-America,The-United-States-of-America
voxceleb,dev,id01448/cvPhHJsiKhs/00382,00382.wav,The-United-States-of-America,The-United-States-of-America
voxceleb,dev,id04744/RvJiYduCxS4/00085,00085.wav,The-United-States-of-America,The-United-States-of-America
voxceleb,dev,id04974/pE1JUZ781h0/00466,00466.wav,India,India
voxceleb,dev,id08122/8L0HUkKq3Ds/00118,00118.wav,India,India
voxceleb,dev,id06480/YQD4AsloKcY/00076,00076.wav,The-United-States-of-America,The-United-Kingdom-1
voxceleb,dev,id00985/clriQvOh84o/00076,00076.wav,Germany,Germany
voxceleb,dev,id07642/dNstYVlco9U/00256,00256.wav,The-United-States-of-America,The-United-States-of-America
voxceleb,dev,id03207/mTbQ7LzG3hk/00439,00439.wav,Germany,Germany
voxceleb,dev,id08599/HPbk1vqKf0M/00159,00159.wav,The-United-States-of-America,The-United-States-of-America
voxceleb,dev,id04677/QSExLQabvlE/00200,00200.wav,Germany,Germany
voxceleb,dev,id00434/nXfZCYZPHbE/00070,00070.wav,The-United-Kingdom-1,France
voxceleb,dev,id05478/8FWnF-k5FkU/00034,00034.wav,India,India
voxceleb,dev,id06673/r2hgy6e-Eg4/00469,00469.wav,The-United-Kingdom-1,The-United-Kingdom-1
voxceleb,dev,id01052/0BAsiA-cO8s/00003,00003.wav,The-United-Kingdom-1,Australia
voxceleb,dev,id01102/OD2tz-CvBjg/00127,00127.wav,The-United-Kingdom-1,The-United-Kingdom-1
voxceleb,dev,id01570/pIHkpbIN5L4/00311,00311.wav,The-United-States-of-America,The-United-States-of-America
voxceleb,dev,id05567/i2ux_ffgMXg/00062,00062.wav,Germany,Germany
voxceleb,dev,id05435/iqIDtTh7ck4/00198,00198.wav,Pakistan,unknown
voxceleb,dev,id06752/d1bczFN8nsQ/00235,00235.wav,India,India
voxceleb,dev,id01209/lNHysr_IluI/00451,00451.wav,The-United-States-of-America,The-United-States-of-America
voxceleb,dev,id06423/XfWshwgMynk/00118,00118.wav,India,India
voxceleb,dev,id07489/325BqP73dgw/00010,00010.wav,The-United-Kingdom-1,Brazil
voxceleb,dev,id04660/cmKpzX_gDms/00389,00389.wav,Germany,Germany
voxceleb,dev,id02095/Ta5a7ssDJWE/00165,00165.wav,The-United-Kingdom-1,The-United-States-of-America
voxceleb,dev,id00406/U2Cg44nf3q0/00105,00105.wav,The-United-Kingdom-1,The-United-States-of-America
voxceleb,dev,id08200/RvqUfiEj_H0/00014,00014.wav,Germany,Germany
voxceleb,dev,id06813/T3FLzuJ8Lx4/00135,00135.wav,The-United-Kingdom-1,Canada
voxceleb,dev,id08280/RUFFPluv7SY/00226,00226.wav,The-United-States-of-America,The-United-States-of-America
voxceleb,dev,id05703/p1tHpP-DTsc/00226,00226.wav,Germany,unknown
voxceleb,dev,id04648/FJQZPhtU7Ho/00034,00034.wav,The-United-States-of-America,The-United-States-of-America
voxceleb,dev,id01658/SvonEK4yedo/00227,00227.wav,The-United-Kingdom-1,France
voxceleb,dev,id05477/wSlgRTv9nL4/00426,00426.wav,India,Nepal
voxceleb,dev,id06406/2rsLLSbKjSg/00015,00015.wav,The-United-States-of-America,The-United-States-of-America
voxceleb,dev,id02110/lwVcqLOt3v4/00064,00064.wav,India,India
voxceleb,dev,id06196/_3FwYEEa8ak/00369,00369.wav,The-United-States-of-America,The-United-States-of-America
voxceleb,dev,id02048/_MdQhRMwGV0/00193,00193.wav,The-United-Kingdom-1,The-United-Kingdom-1
voxceleb,dev,id06068/WZ2Kqz_0SBQ/00043,00043.wav,The-United-Kingdom-1,Kingdom-of-the-Netherlands
voxceleb,dev,id05058/l2Ovlf_2Alk/00274,00274.wav,The-United-Kingdom-1,India
voxceleb,dev,id07478/fnVeLUjeHgQ/00263,00263.wav,The-United-Kingdom-1,Canada
voxceleb,dev,id04694/gxxg5dR3B8Q/00163,00163.wav,The-United-Kingdom-1,The-United-States-of-America
voxceleb,dev,id00398/Ox8xLXjh2LQ/00021,00021.wav,The-United-Kingdom-1,The-United-States-of-America
voxceleb,dev,id00167/XvsfLLmM0lE/00080,00080.wav,Italy,Italy
voxceleb,dev,id08382/L2knG_aJXOI/00052,00052.wav,The-United-Kingdom-1,Croatia
voxceleb,dev,id02805/DKc9u0zhqTs/00047,00047.wav,The-United-Kingdom-1,The-United-States-of-America
voxceleb,dev,id02436/B_Y54xg9rMk/00007,00007.wav,The-United-Kingdom-1,Finland
voxceleb,dev,id08728/jr37OSnCJ2Q/00284,00284.wav,The-United-Kingdom-1,The-United-States-of-America
voxceleb,dev,id08683/4Iwmmd125bs/00022,00022.wav,India,Romania
voxceleb,dev,id01457/G8jQtC4ncY4/00057,00057.wav,The-United-Kingdom-1,Sweden
voxceleb,dev,id04699/eJmoQvr51gA/00036,00036.wav,The-United-States-of-America,The-United-States-of-America
voxceleb,dev,id01210/hcY5t3aXHho/00228,00228.wav,The-United-States-of-America,The-United-States-of-America
voxceleb,dev,id07478/NlByM_dvc1s/00194,00194.wav,The-United-States-of-America,Canada
voxceleb,dev,id01925/RvwPozDP4rI/00010,00010.wav,The-Republic-of-Ireland,The-Czech-Republic-1
voxceleb,dev,id05735/hDppwqry5xA/00193,00193.wav,France,France
voxceleb,dev,id01531/P0y0xkxh66s/00015,00015.wav,The-United-Kingdom-1,The-United-Kingdom-1
voxceleb,dev,id07002/Ed7o1eb4AgM/00121,00121.wav,The-United-Kingdom-1,Australia
voxceleb,dev,id01514/mAeyqe6hFwY/00078,00078.wav,The-United-Kingdom-1,The-United-Kingdom-1
voxceleb,dev,id05649/_wt5MDHqCJY/00100,00100.wav,The-United-States-of-America,The-United-States-of-America
voxceleb,dev,id01848/W8BgoF5S11U/00015,00015.wav,The-United-Kingdom-1,Spain
voxceleb,dev,id01933/hXp2bzuCb0M/00090,00090.wav,The-United-Kingdom-1,The-United-Kingdom-1
voxceleb,dev,id05731/baelb4H_IBU/00154,00154.wav,The-United-Kingdom-1,The-United-Kingdom-1
voxceleb,dev,id07546/jcPwisuJnZM/00067,00067.wav,The-United-Kingdom-1,The-United-States-of-America
voxceleb,dev,id07988/bKKIRavOR4s/00090,00090.wav,The-United-States-of-America,The-United-States-of-America
voxceleb,dev,id00741/8XrTdMGunzg/00052,00052.wav,The-United-States-of-America,The-United-States-of-America
voxceleb,dev,id08291/Td_xc0VfQs4/00062,00062.wav,India,India
voxceleb,dev,id06111/ylv5LPoQL50/00198,00198.wav,The-United-Kingdom-1,The-United-States-of-America
voxceleb,dev,id00745/h7aaFv6Ulog/00174,00174.wav,Brazil,India
voxceleb,dev,id06423/2UTiSul8rnY/00017,00017.wav,The-United-Kingdom-1,India
voxceleb,dev,id02037/SNb2_NVb3KE/00055,00055.wav,France,France
voxceleb,dev,id06449/zScwTcs1qTg/00225,00225.wav,The-United-Kingdom-1,Australia
voxceleb,dev,id01678/2oRZ6u0Di6A/00045,00045.wav,Australia,Australia
voxceleb,dev,id02502/XF3yvyRGOsM/00115,00115.wav,The-United-Kingdom-1,Latvia
voxceleb,dev,id01342/PeNBbRZKXg4/00099,00099.wav,The-United-Kingdom-1,unknown
voxceleb,dev,id00903/I92tAXVW_0c/00056,00056.wav,The-United-States-of-America,The-United-States-of-America
voxceleb,dev,id00832/6GiG2M-gLeU/00017,00017.wav,The-United-States-of-America,The-United-States-of-America
voxceleb,dev,id02339/JSzkPaUKaKI/00173,00173.wav,Germany,Germany
voxceleb,dev,id02836/kg70fI6LIl4/00232,00232.wav,France,Jordan-215
voxceleb,dev,id02479/oAjafYOToaM/00205,00205.wav,The-United-Kingdom-1,The-United-States-of-America
voxceleb,dev,id05890/vWMl_y35Les/00181,00181.wav,The-United-Kingdom-1,South-Africa
voxceleb,dev,id08556/tH_WuWbVyeM/00423,00423.wav,The-United-States-of-America,The-United-States-of-America
voxceleb,dev,id02078/5UuVNvaCK7s/00020,00020.wav,The-United-States-of-America,The-United-States-of-America
voxceleb,dev,id07627/XoXLwHVaPtA/00047,00047.wav,The-United-Kingdom-1,The-United-Kingdom-1
voxceleb,dev,id07046/x0EDCx62qIA/00286,00286.wav,The-United-Kingdom-1,India
voxceleb,dev,id07283/5wCZ8hQ1k5E/00014,00014.wav,The-Republic-of-Ireland,Italy
voxceleb,dev,id00189/GWPzmoQ7rlo/00026,00026.wav,The-United-Kingdom-1,The-United-States-of-America
voxceleb,dev,id06322/nQ6sbrDQ4Y0/00166,00166.wav,The-United-Kingdom-1,The-United-Kingdom-1
voxceleb,dev,id07962/fUAEEstbRP0/00031,00031.wav,The-United-Kingdom-1,The-Republic-of-Ireland
voxceleb,dev,id00043/Y3_mlydEkfI/00296,00296.wav,India,India
voxceleb,dev,id02296/K2GO1dnY02U/00038,00038.wav,The-United-States-of-America,Canada
voxceleb,dev,id02343/cAjT73AS0Rc/00264,00264.wav,The-United-States-of-America,The-United-States-of-America
voxceleb,dev,id03015/Ch9LIrrTD-E/00027,00027.wav,The-United-Kingdom-1,Germany
voxceleb,dev,id08283/d5pDIL7tszY/00175,00175.wav,The-United-Kingdom-1,The-United-Kingdom-1
voxceleb,dev,id00880/SACjl6bICg4/00077,00077.wav,Finland,The-United-States-of-America
voxceleb,dev,id05726/2JtfZK8XUEA/00012,00012.wav,The-United-Kingdom-1,The-United-Kingdom-1
voxceleb,dev,id06262/XaoRwwB8yUU/00311,00311.wav,Bangladesh,unknown
voxceleb,dev,id05260/5Wxd0znUE14/00055,00055.wav,The-United-Kingdom-1,The-United-States-of-America
voxceleb,dev,id07405/hJNw_Sv_-HY/00359,00359.wav,The-Republic-of-Ireland,Kingdom-of-the-Netherlands
voxceleb,dev,id01239/3c3ZcAap3FM/00085,00085.wav,The-United-States-of-America,The-United-States-of-America
voxceleb,dev,id01523/r9rWfI-6E2U/00308,00308.wav,The-United-Kingdom-1,The-United-States-of-America
voxceleb,dev,id08074/0xjWiCzKgnI/00004,00004.wav,Germany,Germany
voxceleb,dev,id01354/6sJyIzWRy64/00047,00047.wav,The-United-Kingdom-1,The-United-Kingdom-1
voxceleb,dev,id02735/bJXD-ZbMn3M/00280,00280.wav,Germany,Germany
voxceleb,dev,id08274/aK-DY54kJsQ/00062,00062.wav,The-United-States-of-America,The-United-States-of-America
voxceleb,dev,id00430/dXpX9gz034s/00180,00180.wav,The-United-Kingdom-1,The-United-States-of-America
voxceleb,dev,id01423/JJCZe_J9Ono/00031,00031.wav,The-United-Kingdom-1,The-United-Kingdom-1
voxceleb,dev,id06495/vO3MTlnp3Ww/00314,00314.wav,The-United-Kingdom-1,The-Republic-of-Ireland
voxceleb,dev,id01677/glq4noPRtok/00212,00212.wav,The-United-Kingdom-1,The-United-Kingdom-1
voxceleb,dev,id08595/3SQPjBo-CF4/00005,00005.wav,United-Kingdom-1,The-United-States-of-America
voxceleb,dev,id03028/nohPmGaWg0U/00393,00393.wav,Japan,The-United-States-of-America
voxceleb,dev,id01096/JpmIw6QmJ18/00052,00052.wav,The-United-States-of-America,The-United-States-of-America
voxceleb,dev,id02461/MctvIt75fe8/00106,00106.wav,The-United-Kingdom-1,unknown
voxceleb,dev,id02873/sGIuyRIKvzA/00433,00433.wav,The-United-States-of-America,The-United-States-of-America
voxceleb,dev,id08573/wloLKN78tcM/00471,00471.wav,The-United-Kingdom-1,The-United-States-of-America
voxceleb,dev,id03211/FPNdd1g0too/00030,00030.wav,The-Republic-of-Ireland,The-Philippines-1
voxceleb,dev,id02052/VZl5JgRe_1s/00150,00150.wav,The-United-States-of-America,The-United-States-of-America
voxceleb,dev,id08743/TanyE14a5ak/00057,00057.wav,The-United-Kingdom-1,Denmark
voxceleb,dev,id05449/2rqR5wQiXIw/00005,00005.wav,Spain,Spain
voxceleb,dev,id04997/5hX28XIIhSQ/00067,00067.wav,The-United-States-of-America,The-United-States-of-America
voxceleb,dev,id07359/IVES_lJUGds/00069,00069.wav,The-United-States-of-America,The-United-States-of-America
voxceleb,dev,id07429/_loKaTEvw0o/00201,00201.wav,The-United-States-of-America,The-United-States-of-America
voxceleb,dev,id00762/jo0CcA_tDl8/00153,00153.wav,Indonesia,Indonesia
voxceleb,dev,id00773/u6oU6AzCSEg/00425,00425.wav,India,India
voxceleb,dev,id05644/T-jIQlNRe-o/00249,00249.wav,France,France
voxceleb,dev,id05784/om4KsiHGa8w/00174,00174.wav,Venezuela,Colombia
voxceleb,dev,id03136/z-3KjIGG78o/00126,00126.wav,The-United-Kingdom-1,Italy
voxceleb,dev,id01006/nAA5HqOQ5-A/00351,00351.wav,The-United-States-of-America,The-United-States-of-America
voxceleb,dev,id01931/f-NBJ6MVu3c/00342,00342.wav,The-United-Kingdom-1,Australia
voxceleb,dev,id08065/vkkqC5lvvqs/00417,00417.wav,Germany,Germany
voxceleb,dev,id08202/V0Tx2GN-cR8/00189,00189.wav,Germany,Switzerland
voxceleb,dev,id02455/IxhTB2QeogU/00144,00144.wav,The-United-States-of-America,The-United-States-of-America
voxceleb,dev,id02534/Op3CE-tEls0/00144,00144.wav,Italy,Italy
voxceleb,dev,id08694/G5_a32bB-wA/00084,00084.wav,The-United-States-of-America,The-United-States-of-America
voxceleb,dev,id03091/YGUQV6nb6LU/00027,00027.wav,The-United-States-of-America,The-United-States-of-America
voxceleb,dev,id08400/q2uq-CjeLYg/00059,00059.wav,Israel,unknown
voxceleb,dev,id01658/oBQyCuIdalM/00389,00389.wav,The-United-Kingdom-1,France
voxceleb,dev,id07852/YeWTv6boCAQ/00167,00167.wav,The-United-States-of-America,The-United-States-of-America
voxceleb,dev,id02944/Z8OCL9oY0BM/00054,00054.wav,The-United-Kingdom-1,Italy
voxceleb,dev,id06970/MCWBWVmZt3M/00055,00055.wav,The-United-Kingdom-1,The-United-States-of-America
voxceleb,dev,id01269/uVi2jdVoNew/00220,00220.wav,France,France
voxceleb,dev,id05746/p-RfoMR6WmQ/00323,00323.wav,The-United-States-of-America,The-United-States-of-America
voxceleb,dev,id06851/4HwqS3owQU0/00006,00006.wav,The-United-Kingdom-1,The-United-Kingdom-1
voxceleb,dev,id06991/UowFxdk0xXE/00201,00201.wav,The-United-Kingdom-1,France
voxceleb,dev,id01543/fn9vyogd3oI/00132,00132.wav,The-United-States-of-America,The-United-States-of-America
voxceleb,dev,id08364/0not0jam3V8/00002,00002.wav,Brazil,Brazil
voxceleb,dev,id05478/zWZmwiuJoGg/00231,00231.wav,India,India
voxceleb,dev,id08648/WgLMTY5PDHw/00178,00178.wav,The-United-States-of-America,The-United-States-of-America
voxceleb,dev,id00667/PbapbDY_0q0/00134,00134.wav,The-United-Kingdom-1,The-United-States-of-America
voxceleb,dev,id01292/ypyppzP8Qr8/00270,00270.wav,Venezuela,Spain
voxceleb,dev,id01501/f2fNpG6XkDg/00415,00415.wav,The-United-States-of-America,The-United-States-of-America
voxceleb,dev,id07196/pRMhH_MmklY/00087,00087.wav,India,India
voxceleb,dev,id03118/4_zPO8XMhmw/00112,00112.wav,Greece,Greece
voxceleb,dev,id01761/x8LHu9AlMjU/00332,00332.wav,France,France
voxceleb,dev,id01223/AtNXDngtpnY/00075,00075.wav,The-United-States-of-America,The-United-States-of-America
voxceleb,dev,id02998/ftJJ61Bzls8/00239,00239.wav,India,India
voxceleb,dev,id05029/ATnkwFEDlts/00020,00020.wav,France,Canada
voxceleb,dev,id01104/wmkjwD45aYo/00107,00107.wav,The-United-States-of-America,The-United-States-of-America
voxceleb,dev,id01806/1XOufJRgY_M/00007,00007.wav,The-United-Kingdom-1,England
voxceleb,dev,id05399/eXmdjualito/00181,00181.wav,The-United-Kingdom-1,The-United-States-of-America
voxceleb,dev,id06051/qQf8GRENTgk/00214,00214.wav,The-Republic-of-Ireland,Switzerland
voxceleb,dev,id00944/NO89G2hj2AY/00176,00176.wav,The-United-Kingdom-1,The-United-States-of-America
voxceleb,dev,id05182/1EgKYonPTwg/00009,00009.wav,The-United-States-of-America,The-United-States-of-America
voxceleb,dev,id01840/eMI5aO2SF2E/00215,00215.wav,The-United-States-of-America,The-United-States-of-America
voxceleb,dev,id08457/WsveHovOOYY/00253,00253.wav,India,The-United-Kingdom-1
voxceleb,dev,id05835/S4vKKTSiLGo/00121,00121.wav,The-United-Kingdom-1,The-United-Kingdom-1
voxceleb,dev,id02457/oHrtm55ddGg/00338,00338.wav,The-United-Kingdom-1,unknown
voxceleb,dev,id00159/gsBT6fxIbGE/00266,00266.wav,India,India
voxceleb,dev,id08600/y_RzIPhwq3M/00402,00402.wav,The-United-States-of-America,Canada
voxceleb,dev,id01206/MZ4eeS5D8dc/00087,00087.wav,The-United-Kingdom-1,The-United-Kingdom-1
voxceleb,dev,id06336/Z1wpQmE21WU/00164,00164.wav,The-United-States-of-America,Canada
voxceleb,dev,id02219/5rCJwEkX0m4/00060,00060.wav,India,India
voxceleb,dev,id02734/OTO3DgySJNU/00148,00148.wav,Germany,Germany
voxceleb,dev,id05506/no1ns679QcI/00301,00301.wav,Germany,Switzerland
voxceleb,dev,id03227/gXUNslHZNI4/00313,00313.wav,Germany,Germany
voxceleb,dev,id01060/UUSrYBjhGoA/00213,00213.wav,United States of America,The-United-States-of-America
voxceleb,dev,id08415/FuQBvuDhgBo/00042,00042.wav,The-United-States-of-America,The-United-States-of-America
voxceleb,dev,id01448/M11-Jr2uY1k/00255,00255.wav,The-United-Kingdom-1,The-United-States-of-America
voxceleb,dev,id00050/bwlrnJKQjws/00054,00054.wav,The-United-States-of-America,The-United-States-of-America
voxceleb,dev,id05913/QGcZbHwCx68/00239,00239.wav,The-United-States-of-America,The-United-States-of-America
voxceleb,dev,id01781/_VYAZ8ez3Cs/00160,00160.wav,The-United-Kingdom-1,The-United-Kingdom-1
voxceleb,dev,id07532/BPbiQ6eKUSE/00030,00030.wav,The-United-Kingdom-1,The-United-States-of-America
voxceleb,dev,id06336/G6axA4f-Wp8/00084,00084.wav,The-United-Kingdom-1,Canada
voxceleb,dev,id00524/txpx20DsJ-I/00382,00382.wav,The-United-Kingdom-1,The-United-Kingdom-1
voxceleb,dev,id00669/AP8PLzhY6Uo/00010,00010.wav,The-Republic-of-Ireland,Kingdom-of-the-Netherlands
voxceleb,dev,id01502/Q1yXLU1C18A/00091,00091.wav,The-United-States-of-America,The-United-States-of-America
voxceleb,dev,id01918/XaSXbFMTNtw/00206,00206.wav,The-United-Kingdom-1,Germany
voxceleb,dev,id07446/xhsmFn26qs8/00309,00309.wav,Italy,Italy
voxceleb,dev,id05767/zOpn99b32gc/00297,00297.wav,The-United-Kingdom-1,The-United-States-of-America
voxceleb,dev,id06528/Qkem9Iuirwg/00068,00068.wav,The-Netherlands,Kingdom-of-the-Netherlands
voxceleb,dev,id08202/EqnTdTgyuZI/00056,00056.wav,Germany,Switzerland
voxceleb,dev,id02806/9FqV8DltG9o/00054,00054.wav,Zambia,unknown
voxceleb,dev,id07133/4D39eUveGrE/00014,00014.wav,France,France
voxceleb,dev,id02365/u64Yo0GVwqY/00132,00132.wav,The-United-Kingdom-1,China
voxceleb,dev,id02247/OsiK3N3JUZI/00078,00078.wav,Germany,The-Czech-Republic-1
voxceleb,dev,id06432/weoXVsg5fyA/00381,00381.wav,The-United-Kingdom-1,The-United-States-of-America
voxceleb,dev,id07417/fShcT2Bf8jE/00131,00131.wav,The-United-States-of-America,The-United-States-of-America
voxceleb,dev,id01570/KEQ7hOsRy0A/00140,00140.wav,The-United-Kingdom-1,The-United-States-of-America
voxceleb,dev,id00377/P4YXr4X43kw/00135,00135.wav,India,India
voxceleb,dev,id01099/EhQKmzL-UkE/00118,00118.wav,The-United-States-of-America,The-United-States-of-America
voxceleb,dev,id01251/5a8xPquH-tw/00016,00016.wav,The-United-Kingdom-1,The-United-States-of-America
voxceleb,dev,id05207/wXfrVplwVfg/00248,00248.wav,The-United-Kingdom-1,The-United-States-of-America
voxceleb,dev,id06232/f1XL5MLJvwQ/00086,00086.wav,The-United-States-of-America,The-United-States-of-America
voxceleb,dev,id02643/Jt5gj9gs4ag/00012,00012.wav,Italy,Italy
voxceleb,dev,id07551/dZObEthhHBk/00126,00126.wav,The-Republic-of-Ireland,The-United-Kingdom-1
voxceleb,dev,id01048/HSxo8jc7_EU/00057,00057.wav,The-United-Kingdom-1,The-United-States-of-America
voxceleb,dev,id07536/zDsF-TbTN9Y/00161,00161.wav,Germany,Germany
voxceleb,dev,id06368/INXOs1OHP6g/00162,00162.wav,The-United-States-of-America,The-United-States-of-America
voxceleb,dev,id02104/uyJxj-Y55nk/00082,00082.wav,India,India
voxceleb,dev,id08047/JLg3Wz4VMR8/00099,00099.wav,India,India
voxceleb,dev,id06109/_YW3aZjOnvE/00345,00345.wav,The-United-States-of-America,The-United-States-of-America
voxceleb,dev,id06874/DeaIxL-t2gs/00062,00062.wav,The-United-Kingdom-1,Australia
voxceleb,dev,id02311/Bimyt9dx_Zg/00103,00103.wav,The-United-States-of-America,The-United-States-of-America
voxceleb,dev,id02036/vQzs4UFzypo/00350,00350.wav,The-United-Kingdom-1,Germany
voxceleb,dev,id03125/DQbqyLfHzm0/00057,00057.wav,The-Republic-of-Ireland,Kingdom-of-the-Netherlands
voxceleb,dev,id05108/guz6wcvEq_Y/00040,00040.wav,The-United-Kingdom-1,Norway
voxceleb,dev,id05341/rJeaESFGs6A/00215,00215.wav,Brazil,Brazil
voxceleb,dev,id06583/mcBDtkCoGK8/00220,00220.wav,The-United-Kingdom-1,The-United-States-of-America
voxceleb,dev,id01358/atpminqC_AU/00038,00038.wav,Australia,Australia
voxceleb,dev,id05835/xtDC25KVHVM/00230,00230.wav,The-United-Kingdom-1,The-United-Kingdom-1
voxceleb,dev,id04770/ZiQFw0TjKug/00110,00110.wav,India,Pakistan
voxceleb,dev,id00047/vXgYFmlnxz0/00346,00346.wav,Australia,Australia
voxceleb,dev,id07466/gO1XFbeI4QY/00219,00219.wav,The-United-Kingdom-1,Kingdom-of-the-Netherlands
voxceleb,dev,id07181/bMifyKnvo1g/00272,00272.wav,India,India
voxceleb,dev,id05997/C4dmzSmt4Eo/00035,00035.wav,Germany,Germany
voxceleb,dev,id02715/XRGwWmrHb0I/00193,00193.wav,The-United-Kingdom-1,Brazil
voxceleb,dev,id00144/1x4bcHBQJcg/00001,00001.wav,The-United-States-of-America,The-United-States-of-America
voxceleb,dev,id07536/zDsF-TbTN9Y/00182,00182.wav,Germany,Germany
voxceleb,dev,id05426/RqXt8KPObi8/00113,00113.wav,United States of America,unknown
voxceleb,dev,id00965/xzA02KJBK2o/00494,00494.wav,France,France
voxceleb,dev,id07956/9bYiU3Av19Q/00059,00059.wav,India,India
voxceleb,dev,id00752/iYNajZZx0KE/00306,00306.wav,The-United-States-of-America,The-United-States-of-America
voxceleb,dev,id06650/D1w1zXk7mc4/00112,00112.wav,The-United-Kingdom-1,Denmark
voxceleb,dev,id07292/UoQNb6rvstY/00086,00086.wav,The-United-Kingdom-1,The-United-States-of-America
voxceleb,dev,id05506/j6l204FwNKQ/00262,00262.wav,The-United-States-of-America,Switzerland
voxceleb,dev,id08516/GL9uC19pL1E/00076,00076.wav,China,Germany
voxceleb,dev,id06794/CSuNcjwK-e0/00037,00037.wav,The-United-States-of-America,The-United-States-of-America
voxceleb,dev,id00089/rB-tgLa4FYk/00200,00200.wav,Germany,Germany
voxceleb,dev,id07870/W-Cp8DSFxEA/00123,00123.wav,The-United-Kingdom-1,Germany
voxceleb,dev,id05372/YPbAW0-01u4/00119,00119.wav,The-United-Kingdom-1,The-United-States-of-America
voxceleb,dev,id00830/O8eMAQmxEpM/00048,00048.wav,The-United-States-of-America,The-United-States-of-America
voxceleb,dev,id06911/5DVw-REIWnM/00083,00083.wav,The-United-States-of-America,The-United-States-of-America
voxceleb,dev,id01639/t0vfhIbZf1w/00445,00445.wav,France,France
voxceleb,dev,id06496/IT6UgQskMbc/00194,00194.wav,The-United-States-of-America,The-United-States-of-America
voxceleb,dev,id08527/9J9fVQiJdfU/00084,00084.wav,The-United-Kingdom-1,Germany
voxceleb,dev,id07107/BffXuSQsEQc/00024,00024.wav,The-United-States-of-America,The-United-States-of-America
voxceleb,dev,id03180/z9lrl3mwSG0/00343,00343.wav,India,unknown
voxceleb,dev,id00806/5lkFjFlWtZU/00086,00086.wav,The-United-States-of-America,The-United-States-of-America
voxceleb,dev,id08293/oxq6GwhGW8k/00191,00191.wav,India,India
voxceleb,dev,id08042/1snW2drmvgs/00027,00027.wav,India,India
voxceleb,dev,id07728/Db-HXfmY8RU/00032,00032.wav,The-United-Kingdom-1,Australia
voxceleb,dev,id01468/yjS2oG_Yod0/00188,00188.wav,The-United-Kingdom-1,The-United-States-of-America
voxceleb,dev,id01554/jtYDbECfaUc/00102,00102.wav,The-United-Kingdom-1,Germany
voxceleb,dev,id02116/lCfewcioKsw/00278,00278.wav,The-United-Kingdom-1,Australia
voxceleb,dev,id01648/6SZBDoi-Iag/00077,00077.wav,The-United-States-of-America,The-United-States-of-America
voxceleb,dev,id05486/nXXJ3yojB-c/00126,00126.wav,The-United-States-of-America,Argentina
voxceleb,dev,id02157/sPnY25haJqg/00425,00425.wav,The-United-Kingdom-1,The-United-States-of-America
voxceleb,dev,id02534/TEp3Rf_Eo6M/00176,00176.wav,Italy,Italy
voxceleb,dev,id01637/LP0Rs89muN0/00045,00045.wav,The-United-Kingdom-1,The-United-States-of-America
voxceleb,dev,id07726/lPew3TN9dv4/00288,00288.wav,The-United-Kingdom-1,The-United-States-of-America
voxceleb,dev,id03168/NFfr053rD9Q/00011,00011.wav,South-Korea,South-Korea
voxceleb,dev,id02869/UXG3BLVfvMU/00037,00037.wav,The-United-States-of-America,The-United-States-of-America
voxceleb,dev,id04895/9bPKEmBrUVM/00052,00052.wav,The-United-Kingdom-1,The-United-States-of-America
voxceleb,dev,id06250/ufe8NCyf7Z8/00379,00379.wav,The-United-Kingdom-1,Denmark
voxceleb,dev,id02004/CIGybTRhrRQ/00083,00083.wav,The-United-States-of-America,The-United-States-of-America
voxceleb,dev,id00674/rrsKhHLCg-M/00124,00124.wav,The-United-Kingdom-1,Sweden
voxceleb,dev,id08454/W32xEvlrD8g/00087,00087.wav,The-United-Kingdom-1,The-Philippines-1
voxceleb,dev,id02093/RKqonY8zLag/00033,00033.wav,The-United-Kingdom-1,The-United-States-of-America
voxceleb,dev,id06823/fkvz-Le0q1U/00235,00235.wav,The-United-Kingdom-1,The-United-States-of-America
voxceleb,dev,id08066/mCEY8bp-XK0/00377,00377.wav,The-United-Kingdom-1,The-United-States-of-America
voxceleb,dev,id06013/YlnR3Sv9sfQ/00181,00181.wav,The-United-Kingdom-1,The-United-Kingdom-1
voxceleb,dev,id05256/gMJuU5oQjN4/00389,00389.wav,The-United-States-of-America,The-United-States-of-America
voxceleb,dev,id01689/SHDp-IFnZiA/00169,00169.wav,The-United-States-of-America,The-United-States-of-America
voxceleb,dev,id03179/3ls1M5OCZLA/00011,00011.wav,The-United-Kingdom-1,The-United-Kingdom-1
voxceleb,dev,id06248/9WHQLGnrQmE/00079,00079.wav,The-United-Kingdom-1,unknown
voxceleb,dev,id02558/z-WrWAwX-IE/00244,00244.wav,Italy,Italy
voxceleb,dev,id02761/zuHV7efU5Qs/00029,00029.wav,The-United-Kingdom-1,The-United-Kingdom-1
voxceleb,dev,id02593/iZyTQrYYLlk/00366,00366.wav,The-United-States-of-America,The-United-States-of-America
voxceleb,dev,id05141/X2tFZI0x7pQ/00244,00244.wav,United States of America,The-United-States-of-America
voxceleb,dev,id01539/tD0CYTnBYvA/00438,00438.wav,The-United-Kingdom-1,The-United-Kingdom-1
voxceleb,dev,id06749/w1kaH6UevmM/00070,00070.wav,The-United-States-of-America,The-United-States-of-America
voxceleb,dev,id01160/5dEFwqH_-rs/00016,00016.wav,The-United-States-of-America,Canada
voxceleb,dev,id05171/ZNBMv7OV3BQ/00287,00287.wav,The-United-States-of-America,Spain
voxceleb,dev,id04712/8YbKxRNV6hA/00077,00077.wav,The-United-Kingdom-1,The-United-Kingdom-1
voxceleb,dev,id07846/5Uc10O7g35E/00038,00038.wav,The-United-Kingdom-1,The-United-States-of-America
voxceleb,dev,id08499/KfxEx5aM3OI/00144,00144.wav,The-United-Kingdom-1,The-United-Kingdom-1
voxceleb,dev,id06302/HG22uZKhckY/00020,00020.wav,The-United-Kingdom-1,Argentina
voxceleb,dev,id01073/D2T8RPlhzsw/00023,00023.wav,The-United-Kingdom-1,Sweden
voxceleb,dev,id01021/Bsoobqk4gqc/00019,00019.wav,India,unknown
voxceleb,dev,id00810/pvyFx5JYONs/00107,00107.wav,The-United-States-of-America,The-United-States-of-America
voxceleb,dev,id06056/K7FQ-4aNsdM/00051,00051.wav,The-United-Kingdom-1,The-United-States-of-America
voxceleb,dev,id05312/qlvrvVl_kec/00059,00059.wav,Australia,Italy
voxceleb,dev,id08421/ollAUcuO-tk/00186,00186.wav,The-United-Kingdom-1,Finland
voxceleb,dev,id07887/AXCd9n8O6is/00107,00107.wav,The-United-Kingdom-1,Belgium
voxceleb,dev,id00996/hOPmZMxhWUc/00320,00320.wav,The-United-Kingdom-1,Switzerland
voxceleb,dev,id07551/smgbpchy3yM/00170,00170.wav,The-United-Kingdom-1,The-United-Kingdom-1
voxceleb,dev,id08556/Usjy7xhCXus/00218,00218.wav,The-United-Kingdom-1,The-United-States-of-America
voxceleb,dev,id02081/A8TQ4tQNb-E/00035,00035.wav,The-United-States-of-America,The-United-Kingdom-1
voxceleb,dev,id08348/5HHPphIqUY8/00022,00022.wav,The-United-States-of-America,The-United-States-of-America
voxceleb,dev,id02733/9V3BtlegDGM/00115,00115.wav,The-United-Kingdom-1,India
voxceleb,dev,id05057/SQgytuSDDYI/00289,00289.wav,The-United-Kingdom-1,The-United-States-of-America
voxceleb,dev,id07005/VQ_iGNGMPoE/00260,00260.wav,The-United-Kingdom-1,Kingdom-of-the-Netherlands
voxceleb,dev,id01433/IgOSDHL54R8/00038,00038.wav,The-United-Kingdom-1,unknown
voxceleb,dev,id08694/g2qxyAKdg-A/00370,00370.wav,The-United-States-of-America,The-United-States-of-America
voxceleb,dev,id02151/_fFOJaPKRfc/00099,00099.wav,The-United-States-of-America,The-United-States-of-America
voxceleb,dev,id06946/J2NKKjUrPfI/00090,00090.wav,The-United-Kingdom-1,Germany
voxceleb,dev,id08624/b0xzApePR9g/00034,00034.wav,The-Republic-of-Ireland,unknown
voxceleb,dev,id01971/vYPS49lvGAY/00256,00256.wav,The-United-States-of-America,The-United-States-of-America
voxceleb,dev,id05830/t-hiBqLnPfA/00214,00214.wav,The-United-Kingdom-1,The-United-Kingdom-1
voxceleb,dev,id00097/c-oGCxlMgx0/00249,00249.wav,The-United-States-of-America,The-United-States-of-America
voxceleb,dev,id01397/K-KcJp_bw_0/00018,00018.wav,The-United-Kingdom-1,Estonia
voxceleb,dev,id00053/nSphvMML6H0/00125,00125.wav,The-United-States-of-America,The-United-States-of-America
voxceleb,dev,id06553/IRdMvCf2Jik/00066,00066.wav,The-United-States-of-America,The-United-States-of-America
voxceleb,dev,id04873/ywMmwaDY7a4/00428,00428.wav,India,Germany
voxceleb,dev,id08202/V0Tx2GN-cR8/00186,00186.wav,Germany,Switzerland
voxceleb,dev,id02902/H_E86Kl2YEw/00052,00052.wav,The-United-Kingdom-1,The-United-States-of-America
voxceleb,dev,id04731/hAGPKp8O2WE/00134,00134.wav,The-United-Kingdom-1,The-United-States-of-America
voxceleb,dev,id00020/MM1fE2IkaDQ/00112,00112.wav,The-United-Kingdom-1,The-United-Kingdom-1
voxceleb,dev,id08723/E8qIRLBzng0/00118,00118.wav,United-States-of-America,The-United-States-of-America
voxceleb,dev,id07581/B3OPyHDSe_Y/00010,00010.wav,Jordan-215,Syria
voxceleb,dev,id07441/KBkMuQkWmBc/00042,00042.wav,Italy,Italy
voxceleb,dev,id06368/Ayi1A94qrx0/00086,00086.wav,The-United-Kingdom-1,The-United-States-of-America
voxceleb,dev,id06684/wQN-DRHZWjE/00280,00280.wav,The-United-States-of-America,The-United-States-of-America
voxceleb,dev,id02322/yzAjFMZ4HlI/00284,00284.wav,The-United-States-of-America,The-United-States-of-America
voxceleb,dev,id00944/CRlvZ5jhdBI/00120,00120.wav,The-United-Kingdom-1,The-United-States-of-America
voxceleb,dev,id05687/WdmHh9tu-QY/00087,00087.wav,The-United-States-of-America,The-United-States-of-America
voxceleb,dev,id04972/maZDQMBxSYA/00313,00313.wav,The-United-States-of-America,The-United-States-of-America
voxceleb,dev,id07405/uXImpKCA6MQ/00413,00413.wav,The-United-Kingdom-1,Kingdom-of-the-Netherlands
voxceleb,dev,id07497/JmWYHtbtIw0/00214,00214.wav,The-United-States-of-America,The-United-States-of-America
voxceleb,dev,id07213/CxLKqifxgmc/00060,00060.wav,The-United-States-of-America,The-United-States-of-America
voxceleb,dev,id08510/Q10fq3JS474/00115,00115.wav,France,France
voxceleb,dev,id07974/JkoSb0mIHXc/00162,00162.wav,The-United-States-of-America,The-United-States-of-America
voxceleb,dev,id02344/QjxG1DU1h1Y/00118,00118.wav,The-United-States-of-America,The-United-States-of-America
voxceleb,dev,id06018/GB9CmIQwcx4/00162,00162.wav,The-United-States-of-America,The-United-States-of-America
voxceleb,dev,id07666/HNy71HuP-oA/00117,00117.wav,Jordan-215,Lebanon
voxceleb,dev,id03189/H6mnw-29XWo/00054,00054.wav,The-United-Kingdom-1,The-United-Kingdom-1
voxceleb,dev,id07546/NMXbah_27rE/00044,00044.wav,Italy,The-United-States-of-America
voxceleb,dev,id04731/hAGPKp8O2WE/00136,00136.wav,The-United-Kingdom-1,The-United-States-of-America
voxceleb,dev,id05399/osWvtfRknOk/00208,00208.wav,The-United-States-of-America,The-United-States-of-America
voxceleb,dev,id02281/PlZEgPGNXv8/00175,00175.wav,Germany,Austria
voxceleb,dev,id04961/MnCLWm4TDt0/00179,00179.wav,The-United-Kingdom-1,The-United-States-of-America
voxceleb,dev,id06918/hH7F9JnUWnI/00206,00206.wav,The-United-Kingdom-1,Spain
voxceleb,dev,id01743/skM1Er68SJs/00196,00196.wav,The-United-States-of-America,The-United-States-of-America
voxceleb,dev,id01436/MK7U1QXgI_s/00024,00024.wav,The-United-Kingdom-1,The-United-States-of-America
voxceleb,dev,id05741/CVY8pZDzaGg/00064,00064.wav,The-United-Kingdom-1,The-United-Kingdom-1
voxceleb,dev,id06782/nbR4lmc7GRg/00080,00080.wav,The-United-Kingdom-1,The-United-Kingdom-1
voxceleb,dev,id04904/tNuPQDp5ypk/00050,00050.wav,The-United-Kingdom-1,Norway
voxceleb,dev,id08564/34p631zrPzs/00007,00007.wav,The-United-Kingdom-1,Germany
voxceleb,dev,id00614/COB5mzr82cU/00037,00037.wav,Germany,Germany
voxceleb,dev,id05733/INny8ixXtdY/00045,00045.wav,Germany,Germany
voxceleb,dev,id06052/p6MoP12csxo/00098,00098.wav,The-United-States-of-America,The-United-States-of-America
voxceleb,dev,id06847/e99UMp6zZac/00329,00329.wav,The-United-States-of-America,The-United-Kingdom-1
voxceleb,dev,id00032/yOY_Rn9Re8Q/00343,00343.wav,India,India
voxceleb,dev,id08742/X1OyecrNpoA/00146,00146.wav,Germany,Germany
voxceleb,dev,id01306/Ne5ARBNv8q0/00005,00005.wav,The-United-Kingdom-1,The-United-States-of-America
voxceleb,dev,id01121/UNb_7fO3LSY/00223,00223.wav,The-United-States-of-America,The-United-States-of-America
voxceleb,dev,id06196/_3FwYEEa8ak/00376,00376.wav,The-United-States-of-America,The-United-States-of-America
voxceleb,dev,id04873/PJf7ZT29_sA/00232,00232.wav,Germany,Germany
voxceleb,dev,id01683/tiMcxTRtc3k/00306,00306.wav,The-United-Kingdom-1,Malaysia
voxceleb,dev,id06247/hwlWwuyGkoA/00108,00108.wav,The-United-Kingdom-1,The-United-States-of-America
voxceleb,dev,id04694/Yhppt54OdY4/00072,00072.wav,The-United-Kingdom-1,The-United-States-of-America
voxceleb,dev,id02897/fTo-a4WL_dM/00104,00104.wav,The-United-States-of-America,The-United-States-of-America
voxceleb,dev,id08041/4OTHvu1bn1w/00016,00016.wav,India,India
voxceleb,dev,id02882/u48_XsmtKZE/00076,00076.wav,The-United-Kingdom-1,The-United-Kingdom-1
voxceleb,dev,id07356/9ccx8wm9crc/00019,00019.wav,Germany,Germany
voxceleb,dev,id06010/zE_sv5jGx4o/00488,00488.wav,Germany,Germany
voxceleb,dev,id03212/kt2TCuLGPEY/00255,00255.wav,The-United-Kingdom-1,The-United-States-of-America
voxceleb,dev,id05788/WHMGsgr3x_k/00123,00123.wav,The-United-Kingdom-1,Japan
voxceleb,dev,id01411/bb_rL7bh9Ks/00369,00369.wav,France,France
voxceleb,dev,id00478/UOK9hQZm-6k/00225,00225.wav,The-United-States-of-America,The-United-States-of-America
voxceleb,dev,id05349/i-GapILaZko/00069,00069.wav,The-United-Kingdom-1,Australia
voxceleb,dev,id02222/mII7I4tKuLY/00059,00059.wav,The-United-Kingdom-1,The-United-States-of-America
voxceleb,dev,id05954/DSqpKcAoeKU/00087,00087.wav,The-United-States-of-America,The-United-States-of-America
voxceleb,dev,id01960/HlhuC-5JMXU/00094,00094.wav,The-United-States-of-America,The-United-States-of-America
voxceleb,dev,id07342/Ns9GJ6AtuFw/00201,00201.wav,The-United-States-of-America,The-United-States-of-America
voxceleb,dev,id07098/rm40FVlDRGI/00295,00295.wav,The-United-Kingdom-1,Jamaica
voxceleb,dev,id08241/DHI2iXzep_s/00081,00081.wav,The-United-Kingdom-1,The-United-Kingdom-1
voxceleb,dev,id05205/LHUesrUiiKA/00118,00118.wav,The-United-States-of-America,The-United-States-of-America
voxceleb,dev,id00018/Hufm91VqckQ/00082,00082.wav,The-United-States-of-America,The-United-States-of-America
voxceleb,dev,id08499/LJidee7FAeM/00162,00162.wav,The-United-Kingdom-1,The-United-Kingdom-1
voxceleb,dev,id07980/F3Eb-lSZ9B8/00074,00074.wav,The-United-Kingdom-1,British-Colonial-Rule
voxceleb,dev,id06415/JLXuQZZF56c/00184,00184.wav,The-United-Kingdom-1,The-United-States-of-America
voxceleb,dev,id05984/rY8e--wBrkU/00284,00284.wav,Germany,Germany
voxceleb,dev,id05165/lji8hKoxbl8/00207,00207.wav,The-United-Kingdom-1,The-United-States-of-America
voxceleb,dev,id06406/2rsLLSbKjSg/00024,00024.wav,The-United-States-of-America,The-United-States-of-America
voxceleb,dev,id08122/A-M2ewF9F9k/00149,00149.wav,India,India
voxceleb,dev,id00179/othGka0lfig/00195,00195.wav,The-United-States-of-America,Canada
voxceleb,dev,id01167/aPXo1tI4Wog/00034,00034.wav,The-United-Kingdom-1,The-United-States-of-America
voxceleb,dev,id02001/0o_AJRi6OT0/00005,00005.wav,United States of America,The-United-States-of-America
voxceleb,dev,id07805/DTV3LvcxMwU/00045,00045.wav,The-United-States-of-America,Canada
voxceleb,dev,id00997/HJHvWCyJ3Tc/00096,00096.wav,The-United-Kingdom-1,France
voxceleb,dev,id05213/i8FeiEzny7c/00087,00087.wav,The-United-Kingdom-1,The-United-Kingdom-1
voxceleb,dev,id01696/5nod5J_QDfs/00043,00043.wav,The-United-States-of-America,The-United-States-of-America
voxceleb,dev,id07742/xFblBJFoO4A/00066,00066.wav,The-United-Kingdom-1,The-United-Kingdom-1
voxceleb,dev,id01835/R0qbRII9Vkw/00111,00111.wav,The-United-States-of-America,The-United-States-of-America
voxceleb,dev,id02059/oB4ijaznKWg/00067,00067.wav,Italy,France
voxceleb,dev,id02897/uGy-1jku79M/00190,00190.wav,The-United-States-of-America,The-United-States-of-America
voxceleb,dev,id01170/oUAjdWY3B7k/00125,00125.wav,United States of America,The-United-States-of-America
voxceleb,dev,id07625/FBGshR3DYD8/00136,00136.wav,The-United-Kingdom-1,The-United-Kingdom-1
voxceleb,dev,id04715/XntlxK2uNpU/00195,00195.wav,The-United-Kingdom-1,The-United-Kingdom-1
voxceleb,dev,id01514/DrsWG_yyto0/00015,00015.wav,The-United-Kingdom-1,The-United-Kingdom-1
voxceleb,dev,id07360/THIEp6VTJdI/00268,00268.wav,The-United-States-of-America,The-United-States-of-America
voxceleb,dev,id08742/sYWqyHEuHLY/00357,00357.wav,Germany,Germany
voxceleb,dev,id01018/clE-4jwWIrs/00091,00091.wav,The-United-Kingdom-1,The-United-Kingdom-1
voxceleb,dev,id02495/8MMgOLw06nE/00048,00048.wav,The-United-Kingdom-1,The-United-Kingdom-1
voxceleb,dev,id05585/AgmIZh-tOPw/00028,00028.wav,Sweden,Sweden
voxceleb,dev,id05035/yywDyZtmbIw/00089,00089.wav,The-Republic-of-Ireland,France
voxceleb,dev,id08081/bqyMBuhDsY8/00107,00107.wav,The-United-Kingdom-1,The-United-Kingdom-1
voxceleb,dev,id06881/bpSc9DldlvE/00164,00164.wav,The-United-Kingdom-1,The-United-States-of-America
voxceleb,dev,id02983/OXS47ksh2Bc/00111,00111.wav,The-United-Kingdom-1,The-United-States-of-America
voxceleb,dev,id01592/my3S7DvzfLc/00166,00166.wav,The-United-Kingdom-1,The-United-Kingdom-1
voxceleb,dev,id06371/e1cfns6F2a4/00080,00080.wav,Spain,Spain
voxceleb,dev,id08639/Xuxa9hLSuQU/00228,00228.wav,The-United-Kingdom-1,The-United-States-of-America
voxceleb,dev,id06002/kyyXMdb65Bk/00267,00267.wav,Germany,Austria
voxceleb,dev,id02761/zuHV7efU5Qs/00039,00039.wav,The-United-Kingdom-1,The-United-Kingdom-1
voxceleb,dev,id07332/WQ0m-xMMwFk/00262,00262.wav,The-United-Kingdom-1,The-United-Kingdom-1
voxceleb,dev,id04837/STALwva16bg/00020,00020.wav,The-United-States-of-America,unknown
voxceleb,dev,id02574/ZOGDsUvDPzs/00272,00272.wav,The-United-States-of-America,The-United-States-of-America
voxceleb,dev,id00195/DoZQmsm1Hb0/00045,00045.wav,The-United-States-of-America,Dominican-Republic
voxceleb,dev,id08293/eCHl0UsK8js/00160,00160.wav,India,India
voxceleb,dev,id05174/d9hY3I-B0-A/00131,00131.wav,Italy,Italy
voxceleb,dev,id01170/pwm96pTb6JQ/00127,00127.wav,The-United-States-of-America,The-United-States-of-America
voxceleb,dev,id01653/eg4ukAQ6u34/00138,00138.wav,Germany,Austria
voxceleb,dev,id02055/cFUVmczZ88Q/00123,00123.wav,The-Republic-of-Ireland,The-Czech-Republic-1
voxceleb,dev,id07446/xhsmFn26qs8/00336,00336.wav,Italy,Italy
voxceleb,dev,id03207/hp0FVvpfbFU/00417,00417.wav,The-United-States-of-America,Germany
voxceleb,dev,id01683/tiMcxTRtc3k/00302,00302.wav,The-United-Kingdom-1,Malaysia
voxceleb,dev,id06491/9Pm7ea9rLDI/00009,00009.wav,The-United-States-of-America,The-United-States-of-America
voxceleb,dev,id07219/ul2FcUsf5lU/00342,00342.wav,The-United-Kingdom-1,The-United-Kingdom-1
voxceleb,dev,id06478/PDgW_yhgMS8/00097,00097.wav,The-United-Kingdom-1,The-United-Kingdom-1
voxceleb,dev,id02150/gYr4R00iHiA/00401,00401.wav,The-United-Kingdom-1,The-United-Kingdom-1
voxceleb,dev,id01159/oD9oh6hNxhA/00226,00226.wav,The-United-Kingdom-1,The-United-States-of-America
voxceleb,dev,id05767/4f62NU_Any4/00039,00039.wav,The-United-Kingdom-1,The-United-States-of-America
voxceleb,dev,id06262/be_uIIp15ag/00330,00330.wav,The-United-Kingdom-1,unknown
voxceleb,dev,id07547/VzQwho9tv48/00166,00166.wav,The-United-Kingdom-1,The-United-Kingdom-1
voxceleb,dev,id08653/nuzulTMPSSI/00303,00303.wav,The-United-Kingdom-1,The-United-Kingdom-1
voxceleb,dev,id07672/U2aNqP2vaMQ/00185,00185.wav,India,India
voxceleb,dev,id08053/H73Kgx5C7dw/00176,00176.wav,India,India
voxceleb,dev,id02017/GxLPtVBtV78/00175,00175.wav,The-United-Kingdom-1,The-United-States-of-America
voxceleb,dev,id08604/vfTAn2Y4_BQ/00450,00450.wav,The-United-Kingdom-1,The-United-Kingdom-1
voxceleb,dev,id07137/UbNH5DozT7A/00093,00093.wav,The-Republic-of-Ireland,Croatia
voxceleb,dev,id02147/BXxMbT-zLHE/00026,00026.wav,The-United-States-of-America,The-United-States-of-America
voxceleb,dev,id08446/20FyXWWCEUA/00007,00007.wav,The-United-States-of-America,The-United-States-of-America
voxceleb,dev,id02351/VEIwSh8HbqM/00199,00199.wav,The-United-Kingdom-1,The-United-Kingdom-1
voxceleb,dev,id05861/I4yz8ZBvBIk/00024,00024.wav,Italy,Italy
voxceleb,dev,id05832/p1-Z-MkgFgQ/00376,00376.wav,The-United-States-of-America,The-United-States-of-America
voxceleb,dev,id01722/lrjPciNYMuQ/00115,00115.wav,Germany,Germany
voxceleb,dev,id06874/u-vuXUxeksI/00482,00482.wav,The-United-Kingdom-1,Australia
voxceleb,dev,id06196/9qFyjiQTTR4/00139,00139.wav,The-United-States-of-America,The-United-States-of-America
voxceleb,dev,id05147/QXj6oaiermM/00116,00116.wav,The-United-States-of-America,The-United-States-of-America
voxceleb,dev,id02156/HDBgXPNM974/00177,00177.wav,The-United-Kingdom-1,The-United-Kingdom-1
voxceleb,dev,id07613/JS9nah3cpU8/00117,00117.wav,The-United-States-of-America,Israel
voxceleb,dev,id06016/d0vvjy_yBPU/00282,00282.wav,The-United-Kingdom-1,Germany
voxceleb,dev,id06960/tTl1FbwiTjE/00223,00223.wav,The-United-Kingdom-1,The-Czech-Republic-1
voxceleb,dev,id07858/mXuN7mKrpbo/00188,00188.wav,Turkey-country,Germany
voxceleb,dev,id07421/ISdhcMMlEQ0/00103,00103.wav,The-United-States-of-America,The-United-States-of-America
voxceleb,dev,id05372/YBdxlr3A3n4/00116,00116.wav,The-United-States-of-America,The-United-States-of-America
voxceleb,dev,id06946/XZfbeXGBE-o/00210,00210.wav,Germany,Germany
voxceleb,dev,id00486/H0Im9hlMDjc/00005,00005.wav,The-United-Kingdom-1,Denmark
voxceleb,dev,id07136/ivTFjytuvMk/00362,00362.wav,The-United-Kingdom-1,India
voxceleb,dev,id07672/8PcFP0W-QiY/00051,00051.wav,India,India
voxceleb,dev,id07805/Q6N5cB_Jf2U/00075,00075.wav,The-United-States-of-America,Canada
voxceleb,dev,id05841/fFSqwrxvA-k/00292,00292.wav,Germany,Germany
voxceleb,dev,id07998/9OEcSpuOQMg/00051,00051.wav,The-United-States-of-America,The-United-States-of-America
voxceleb,dev,id04698/EFhY4Tq6DHo/00045,00045.wav,The-United-States-of-America,The-United-States-of-America
voxceleb,dev,id07085/1TEZKhCixHs/00004,00004.wav,India,India
voxceleb,dev,id00746/0V50BoNyJXc/00001,00001.wav,India,India
voxceleb,dev,id07107/cDi15Mw6XKM/00098,00098.wav,The-United-Kingdom-1,The-United-States-of-America
voxceleb,dev,id05454/u67TqmpMTsQ/00480,00480.wav,The-United-Kingdom-1,Australia
voxceleb,dev,id05153/SKlGrfUCrnQ/00233,00233.wav,The-United-Kingdom-1,unknown
voxceleb,dev,id06054/BIHeqCC36uA/00006,00006.wav,India,Taiwan
voxceleb,dev,id00258/hDKzYvv8hDc/00313,00313.wav,The-United-Kingdom-1,The-United-States-of-America
voxceleb,dev,id07587/Nkp7jPHMbtc/00142,00142.wav,The-United-Kingdom-1,The-United-States-of-America
voxceleb,dev,id08724/_LCxx3ci5QY/00066,00066.wav,The-United-Kingdom-1,The-United-Kingdom-1
voxceleb,dev,id02231/63ZCOGB2OzI/00007,00007.wav,India,India
voxceleb,dev,id05472/LiZN2C_Zykg/00026,00026.wav,The-United-Kingdom-1,unknown
voxceleb,dev,id05725/YGz8xQTq0C8/00208,00208.wav,The-United-Kingdom-1,The-United-States-of-America
voxceleb,dev,id07831/L6D48kYNgUk/00031,00031.wav,United-States-of-America,The-United-States-of-America
voxceleb,dev,id07438/docCZuD_0lM/00127,00127.wav,France,France
voxceleb,dev,id07800/TUz6TiHB10M/00121,00121.wav,Germany,Germany
voxceleb,dev,id08710/EMa5tWHB6Mo/00029,00029.wav,The-United-States-of-America,The-United-States-of-America
voxceleb,dev,id07080/f3pCJSaqM1o/00376,00376.wav,India,India
voxceleb,dev,id06411/GSGUUm4Vl7s/00156,00156.wav,France,France
voxceleb,dev,id02340/keu652Edpi0/00377,00377.wav,The-United-Kingdom-1,The-United-Kingdom-1
voxceleb,dev,id05576/OEt6R81bwtI/00167,00167.wav,The-United-States-of-America,The-United-States-of-America
voxceleb,dev,id05914/9oDbxZxhgpk/00034,00034.wav,The-United-States-of-America,The-United-States-of-America
voxceleb,dev,id02462/02ELcUsDkyY/00004,00004.wav,Iceland,The-United-States-of-America
voxceleb,dev,id07565/XNyYC19JmNg/00216,00216.wav,The-United-Kingdom-1,The-United-States-of-America
voxceleb,dev,id04708/anba2sjJxmE/00056,00056.wav,The-United-States-of-America,The-United-States-of-America
voxceleb,dev,id00673/dHYQ3a2KWHc/00423,00423.wav,The-United-Kingdom-1,The-United-Kingdom-1
voxceleb,dev,id08414/4CbHAhGl2L0/00016,00016.wav,Australia,Australia
voxceleb,dev,id02570/1TVG1N8To7s/00003,00003.wav,Italy,Turkey-country
voxceleb,dev,id01235/fc5h7XXImO4/00339,00339.wav,The-United-States-of-America,The-United-States-of-America
voxceleb,dev,id02252/SfEV0m10224/00201,00201.wav,The-United-Kingdom-1,The-United-Kingdom-1
voxceleb,dev,id05831/9IM5kLTPL4s/00033,00033.wav,The-United-States-of-America,Australia
voxceleb,dev,id08510/1RVb6xe_LyQ/00003,00003.wav,France,France
voxceleb,dev,id06226/YsycVYUP2wk/00226,00226.wav,Jordan-215,Lebanon
voxceleb,dev,id01285/JsRra8HKPi0/00079,00079.wav,The-United-States-of-America,The-United-States-of-America
voxceleb,dev,id05426/Gr1zOsEI-_U/00069,00069.wav,The-United-States-of-America,unknown
voxceleb,dev,id08053/byAOCZKVR_0/00345,00345.wav,India,India
voxceleb,dev,id07527/BPxSm4aFtxw/00063,00063.wav,The-United-Kingdom-1,The-United-Kingdom-1
voxceleb,dev,id07175/UQGUGEwJqIg/00318,00318.wav,India,India
voxceleb,dev,id08311/qS9NIcU_chY/00484,00484.wav,India,India
voxceleb,dev,id01997/npDuLor8lkk/00142,00142.wav,India,India
voxceleb,dev,id00202/ZWO6SZ0ASdc/00319,00319.wav,Spain,Spain
voxceleb,dev,id08335/bZA5C9Dh7kU/00393,00393.wav,The-United-States-of-America,The-United-States-of-America
voxceleb,dev,id05808/drOvJRvCqSE/00125,00125.wav,The-Republic-of-Ireland,Slovenia
voxceleb,dev,id08714/5yTwwQFMIn4/00032,00032.wav,The-United-States-of-America,The-United-States-of-America
voxceleb,dev,id03091/Upri-P9sCHs/00009,00009.wav,The-United-States-of-America,The-United-States-of-America
voxceleb,dev,id07215/O4JqTwBkR5Q/00142,00142.wav,Germany,Luxembourg
voxceleb,dev,id08047/JLg3Wz4VMR8/00138,00138.wav,India,India
voxceleb,dev,id02948/uwJofP9Ri2o/00439,00439.wav,The-United-States-of-America,The-United-States-of-America
voxceleb,dev,id07983/n5J74s2Y9so/00091,00091.wav,The-United-States-of-America,The-United-States-of-America
voxceleb,dev,id01966/n8J6G7kpqgU/00066,00066.wav,The-United-Kingdom-1,The-United-Kingdom-1
voxceleb,dev,id06684/2xoyrJt_KXU/00055,00055.wav,The-United-States-of-America,The-United-States-of-America
voxceleb,dev,id05186/X-ZSrSuByfo/00151,00151.wav,The-United-Kingdom-1,South-Africa
voxceleb,dev,id07262/fiwOcLuZfa0/00166,00166.wav,Turkey-country,Turkey-country
voxceleb,dev,id01738/MdBsFDEQQEE/00011,00011.wav,The-United-Kingdom-1,Denmark
voxceleb,dev,id00996/yg8R4sXPQVw/00429,00429.wav,France,Switzerland
voxceleb,dev,id00967/fNIp41yMgts/00390,00390.wav,France,France
voxceleb,dev,id00980/uZ3X2C0LRQM/00365,00365.wav,France,France
voxceleb,dev,id08019/2Gagrj9v-uQ/00006,00006.wav,The-United-States-of-America,The-United-States-of-America
voxceleb,dev,id07418/RYbyrFdAlGU/00204,00204.wav,The-United-Kingdom-1,Canada
voxceleb,dev,id05170/Q09t3uZyKUo/00117,00117.wav,The-United-Kingdom-1,The-United-Kingdom-1
voxceleb,dev,id06937/qEyNgF954ME/00272,00272.wav,Germany,Germany
voxceleb,dev,id08672/5-S7VVq2aG0/00046,00046.wav,Germany,Germany
voxceleb,dev,id00274/nGUlpedGUnw/00267,00267.wav,Germany,Germany
voxceleb,dev,id08583/NAabZT5FRW8/00032,00032.wav,The-United-Kingdom-1,unknown
voxceleb,dev,id05506/j6l204FwNKQ/00266,00266.wav,China,Switzerland
voxceleb,dev,id04899/oFEoXCQr8ls/00082,00082.wav,The-United-Kingdom-1,Sweden
voxceleb,dev,id02017/S7KbjbGTljw/00229,00229.wav,The-United-Kingdom-1,The-United-States-of-America
voxceleb,dev,id01596/pYE-29sdoho/00186,00186.wav,The-United-Kingdom-1,The-United-States-of-America
voxceleb,dev,id05058/odJ3MJ58uBM/00307,00307.wav,Israel,India
voxceleb,dev,id08745/2cL5IaG-1mc/00027,00027.wav,The-Republic-of-Ireland,Italy
voxceleb,dev,id02260/WmJF2JjhxQc/00259,00259.wav,France,France
voxceleb,dev,id01854/zJoMht8zrQg/00125,00125.wav,The-Republic-of-Ireland,Romania
voxceleb,dev,id06378/Msmqt0gelxE/00208,00208.wav,The-United-Kingdom-1,Australia
voxceleb,dev,id02876/ySypQCpDRnw/00330,00330.wav,Germany,Germany
voxceleb,dev,id05639/RfsXHwv2SfQ/00192,00192.wav,United-States-of-America,unknown
voxceleb,dev,id05349/i0YQZU7soJc/00070,00070.wav,The-United-Kingdom-1,Australia
voxceleb,dev,id01132/o-xXrX3N2d0/00160,00160.wav,The-Republic-of-Ireland,The-Czech-Republic-1
voxceleb,dev,id08377/Bhuv3CTZvx8/00044,00044.wav,Spain,Uruguay
voxceleb,dev,id07175/YacVATFN9WQ/00342,00342.wav,India,India
voxceleb,dev,id08672/scZujm87zhw/00206,00206.wav,The-United-Kingdom-1,Germany
voxceleb,dev,id05477/COO6bVO1c70/00130,00130.wav,India,Nepal
voxceleb,dev,id07015/8pp61YC68A0/00118,00118.wav,The-Republic-of-Ireland,France
voxceleb,dev,id08039/R4w_G4uOLeQ/00069,00069.wav,India,Canada
voxceleb,dev,id01916/VG6xE37D670/00237,00237.wav,The-United-States-of-America,The-United-States-of-America
voxceleb,dev,id02291/BsWqMtRlbBg/00008,00008.wav,The-Republic-of-Ireland,Greece
voxceleb,dev,id07973/k0AGwO3oGss/00025,00025.wav,The-United-States-of-America,The-United-States-of-America
voxceleb,dev,id07955/nkTFtUMjUkI/00331,00331.wav,The-United-Kingdom-1,The-United-Kingdom-1
voxceleb,dev,id04784/CRj_BVyyGak/00055,00055.wav,The-United-States-of-America,Finland
voxceleb,dev,id05189/vvuu-BquV-A/00415,00415.wav,The-United-States-of-America,The-United-States-of-America
voxceleb,dev,id03146/EwKxc9E7MsY/00018,00018.wav,The-United-Kingdom-1,The-Republic-of-Ireland
voxceleb,dev,id02735/3yF2NwRXfjc/00036,00036.wav,Germany,Germany
voxceleb,dev,id06724/jvdrFIgX_pA/00296,00296.wav,India,India
voxceleb,dev,id03071/vDqDiW3E-Wk/00253,00253.wav,The-United-Kingdom-1,Italy
voxceleb,dev,id01101/YzRh_bzgwSg/00233,00233.wav,The-United-States-of-America,The-United-States-of-America
voxceleb,dev,id07614/Bs_YzLy0Mgc/00036,00036.wav,The-United-States-of-America,The-United-States-of-America
voxceleb,dev,id02462/7SRy3Zyua-I/00057,00057.wav,The-United-Kingdom-1,The-United-States-of-America
voxceleb,dev,id02036/5fKDTFvGvSY/00024,00024.wav,Germany,Germany
voxceleb,dev,id08679/p6tdgbsurN8/00051,00051.wav,The-United-States-of-America,The-United-Kingdom-1
voxceleb,dev,id01776/vY8ZiKHb_4E/00451,00451.wav,The-United-Kingdom-1,The-Republic-of-Ireland
voxceleb,dev,id07750/XdgrMpauweM/00311,00311.wav,India,India
voxceleb,dev,id08693/1DLWl7PmdqU/00006,00006.wav,The-United-States-of-America,The-United-States-of-America
voxceleb,dev,id07370/cRi_xgPy__o/00126,00126.wav,The-United-States-of-America,The-United-States-of-America
voxceleb,dev,id06454/Q4vh6X91gR8/00012,00012.wav,The-United-Kingdom-1,The-United-States-of-America
voxceleb,dev,id05584/fShIFLdp_qg/00237,00237.wav,Germany,Germany
voxceleb,dev,id05203/rZA-h4dxFO8/00172,00172.wav,The-United-Kingdom-1,The-United-States-of-America
voxceleb,dev,id07775/sBOg3QF_JXA/00162,00162.wav,The-United-Kingdom-1,Canada
voxceleb,dev,id07640/lVnaeE3ziKc/00152,00152.wav,The-United-Kingdom-1,The-United-Kingdom-1
voxceleb,dev,id06014/GBgx5Qrgapk/00070,00070.wav,The-United-States-of-America,The-United-States-of-America
voxceleb,dev,id05576/aReRSKaTwto/00324,00324.wav,The-United-States-of-America,The-United-States-of-America
voxceleb,dev,id02463/GL6-dFvSxOQ/00150,00150.wav,The-United-States-of-America,The-United-States-of-America
voxceleb,dev,id08194/qZtyNaRStzo/00130,00130.wav,The-Republic-of-Ireland,Poland
voxceleb,dev,id07170/FSLa7AZPvSI/00017,00017.wav,The-United-States-of-America,Canada
voxceleb,dev,id04903/kCzZP-2in0c/00442,00442.wav,The-United-States-of-America,The-United-States-of-America
voxceleb,dev,id05066/GJLXewreTpA/00136,00136.wav,The-United-States-of-America,The-United-States-of-America
voxceleb,dev,id06905/x7CunwEyX-c/00443,00443.wav,Germany,Germany
voxceleb,dev,id02607/7bpFShB1A9Y/00018,00018.wav,The-United-Kingdom-1,Finland
voxceleb,dev,id03147/r56OqtZCEK0/00440,00440.wav,The-United-Kingdom-1,unknown
voxceleb,dev,id08230/J0BGPLNK4So/00058,00058.wav,The-United-Kingdom-1,Nigeria
voxceleb,dev,id05777/GA0WBQJXR8Y/00079,00079.wav,The-United-Kingdom-1,Venezuela
voxceleb,dev,id02075/IpCPJm7K07s/00210,00210.wav,The-United-Kingdom-1,The-United-States-of-America
voxceleb,dev,id00695/9H4eg4q-4JE/00076,00076.wav,The-United-States-of-America,The-United-States-of-America
voxceleb,dev,id08053/cWMBhY6hvjs/00367,00367.wav,India,India
voxceleb,dev,id02351/EPhN2Ra_f0o/00104,00104.wav,The-United-Kingdom-1,The-United-Kingdom-1
voxceleb,dev,id08699/29tExE3j9hw/00032,00032.wav,The-Republic-of-Ireland,Norway
voxceleb,dev,id08376/V-HKW7xer40/00138,00138.wav,India,India
voxceleb,dev,id08080/fG-40ehIQYc/00271,00271.wav,The-United-Kingdom-1,The-United-Kingdom-1
voxceleb,dev,id00559/Y7ovoKuvL78/00077,00077.wav,The-United-Kingdom-1,The-United-Kingdom-1
voxceleb,dev,id07050/cjhXhDuY0MM/00314,00314.wav,Canada,India
voxceleb,dev,id05693/LEtPqrTSbsw/00113,00113.wav,The-United-States-of-America,The-United-States-of-America
voxceleb,dev,id05607/LOgDzvoA6sM/00039,00039.wav,The-Republic-of-Ireland,Soviet-Union-1
voxceleb,dev,id06423/niZQGdhSOi4/00226,00226.wav,India,India
voxceleb,dev,id06753/TP57pwcMNyQ/00100,00100.wav,India,India
voxceleb,dev,id02202/KEcGQtIS1WY/00047,00047.wav,The-United-Kingdom-1,Germany
voxceleb,dev,id00287/Ywlwsr_0dOA/00078,00078.wav,The-United-Kingdom-1,unknown
voxceleb,dev,id07164/xEHWiZSq1f4/00492,00492.wav,The-United-States-of-America,The-United-States-of-America
voxceleb,dev,id05917/ZBx_iHfJa6k/00091,00091.wav,The-United-Kingdom-1,The-United-States-of-America
voxceleb,dev,id05666/ctQxS5xB0bg/00258,00258.wav,France,France
voxceleb,dev,id01326/C7T_BklMH1M/00011,00011.wav,France,France
voxceleb,dev,id05591/RTR1xhUrc2Q/00185,00185.wav,The-United-Kingdom-1,The-United-States-of-America
voxceleb,dev,id06351/Efy21yk5NN8/00062,00062.wav,The-United-States-of-America,The-United-States-of-America
voxceleb,dev,id07164/JBZoEUy6AMo/00143,00143.wav,The-United-States-of-America,The-United-States-of-America
voxceleb,dev,id01092/ieVom7uNujg/00098,00098.wav,The-United-States-of-America,The-United-States-of-America
voxceleb,dev,id05492/2QAsVDU7jTU/00048,00048.wav,The-United-Kingdom-1,Chile
voxceleb,dev,id02156/TZCbKK-lN88/00263,00263.wav,The-United-Kingdom-1,The-United-Kingdom-1
voxceleb,dev,id02731/KrNKmQ-pUzw/00019,00019.wav,The-United-Kingdom-1,India
voxceleb,dev,id03205/OLTEzNCBGf0/00097,00097.wav,The-United-Kingdom-1,The-United-Kingdom-1
voxceleb,dev,id05289/SJ2zN1BjwY4/00206,00206.wav,The-Republic-of-Ireland,France
voxceleb,dev,id07895/OKwjnM1n6K0/00098,00098.wav,Germany,Argentina
voxceleb,dev,id06188/kItLbcaNgW4/00248,00248.wav,Spain,The-Czech-Republic-1
voxceleb,dev,id02045/wrOX1W7c1tM/00199,00199.wav,The-United-Kingdom-1,The-United-Kingdom-1
voxceleb,dev,id07471/SsZCjLPMRCs/00077,00077.wav,The-United-States-of-America,The-United-States-of-America
voxceleb,dev,id01447/vDHu9bd7xQk/00079,00079.wav,Germany,Denmark
voxceleb,dev,id00919/jt7kXi3r7gs/00097,00097.wav,Germany,Germany
voxceleb,dev,id01589/SLoBXAUgv3Y/00010,00010.wav,The-Republic-of-Ireland,South-Korea
voxceleb,dev,id06110/toTQFAXlrus/00080,00080.wav,The-United-Kingdom-1,The-United-Kingdom-1
voxceleb,dev,id06404/mmW0v7GBNJw/00265,00265.wav,The-United-States-of-America,The-United-States-of-America
voxceleb,dev,id06236/m2qgdghvxhk/00023,00023.wav,Germany,Germany
voxceleb,dev,id05082/WN2bYuwfjtY/00066,00066.wav,The-United-Kingdom-1,The-United-Kingdom-1
voxceleb,dev,id07537/i2W9nkM24hc/00138,00138.wav,The-United-Kingdom-1,The-United-States-of-America
voxceleb,dev,id02121/bpm6K4g_r7w/00128,00128.wav,The-United-States-of-America,The-United-States-of-America
voxceleb,dev,id00437/WgyTKsfqYEo/00006,00006.wav,The-Republic-of-Ireland,Belgium
voxceleb,dev,id08236/iKWKpgApnQE/00374,00374.wav,The-United-States-of-America,The-United-States-of-America
voxceleb,dev,id07084/c3SWdLrC5AQ/00142,00142.wav,The-United-Kingdom-1,India
voxceleb,dev,id01101/krEHes2V-ww/00419,00419.wav,The-United-States-of-America,The-United-States-of-America
voxceleb,dev,id00868/k0RHnK5Ni7w/00031,00031.wav,The-United-Kingdom-1,The-United-States-of-America
voxceleb,dev,id05376/MTRWoOcrASE/00191,00191.wav,The-United-Kingdom-1,The-United-States-of-America
voxceleb,dev,id05916/sn_P1zupIcY/00444,00444.wav,United-States-of-America,unknown
voxceleb,dev,id07284/TemNxSZQu64/00118,00118.wav,Germany,Germany
voxceleb,dev,id01288/_E4OmAIryok/00161,00161.wav,The-United-States-of-America,The-United-States-of-America
voxceleb,dev,id08089/mbjHns8x1hQ/00023,00023.wav,Australia,Australia
voxceleb,dev,id01729/3IvHwQwVVTo/00031,00031.wav,The-United-Kingdom-1,The-United-Kingdom-1
voxceleb,dev,id06191/IwGjtARU5xY/00038,00038.wav,India,Pakistan
voxceleb,dev,id08019/0njnUMYj_Fs/00001,00001.wav,The-United-States-of-America,The-United-States-of-America
voxceleb,dev,id08740/CZbAnPHzjaE/00020,00020.wav,The-United-Kingdom-1,Germany
voxceleb,dev,id02899/5zZ-VIFOKpY/00091,00091.wav,The-Republic-of-Ireland,Kingdom-of-the-Netherlands
voxceleb,dev,id01750/hkusdKwAnUM/00330,00330.wav,The-United-Kingdom-1,The-United-States-of-America
voxceleb,dev,id00344/RDe_KwbFCKU/00155,00155.wav,The-United-Kingdom-1,Canada
voxceleb,dev,id05771/G6kQUYQCZpc/00081,00081.wav,The-United-Kingdom-1,The-United-States-of-America
voxceleb,dev,id05264/RZvyDosBV2Q/00064,00064.wav,France,Canada
voxceleb,dev,id06946/pOXOEtVx4oc/00457,00457.wav,Germany,Germany
voxceleb,dev,id08645/eF9hKYDdxiY/00053,00053.wav,France,Portugal
voxceleb,dev,id07749/rSlyUGww6fA/00145,00145.wav,France,France
voxceleb,dev,id00090/KWR1Q_9cnIw/00042,00042.wav,Spain,Spain
voxceleb,dev,id07064/khTIRtV5eXQ/00197,00197.wav,India,India
voxceleb,dev,id02574/ZOGDsUvDPzs/00274,00274.wav,The-United-States-of-America,The-United-States-of-America
voxceleb,dev,id05212/u5aQ6m-h6pk/00294,00294.wav,Canada,Canada
voxceleb,dev,id07617/i4mP7qXHBu0/00155,00155.wav,The-United-Kingdom-1,The-United-Kingdom-1
voxceleb,dev,id05049/p1KCFObSQu8/00387,00387.wav,The-United-States-of-America,The-United-States-of-America
voxceleb,dev,id02469/jRahzEUKaj8/00071,00071.wav,The-Netherlands,Kingdom-of-the-Netherlands
voxceleb,dev,id06597/2jIaxu4G0DQ/00026,00026.wav,The-United-Kingdom-1,The-United-Kingdom-1
voxceleb,dev,id00806/raFbE_aLVJ4/00461,00461.wav,The-United-States-of-America,The-United-States-of-America
voxceleb,dev,id05345/cFhnbzCisbU/00218,00218.wav,The-United-Kingdom-1,unknown
voxceleb,dev,id08376/sKP7UvajZDQ/00382,00382.wav,India,India
voxceleb,dev,id02667/ivYJNHN1SHo/00383,00383.wav,The-United-Kingdom-1,The-United-States-of-America
voxceleb,dev,id00458/cXr8FGsGUvQ/00141,00141.wav,The-United-States-of-America,The-United-States-of-America
voxceleb,dev,id06210/uF_PsFxGia8/00128,00128.wav,Egypt,Egypt
voxceleb,dev,id00724/BeoiWIeh8Ec/00085,00085.wav,Italy,Italy
voxceleb,dev,id04928/QYzfNaBdrdM/00079,00079.wav,The-United-Kingdom-1,Sri-Lanka
voxceleb,dev,id08607/axMqYtZ4_Ig/00227,00227.wav,The-United-Kingdom-1,The-United-Kingdom-1
voxceleb,dev,id07560/gdfNoVsFCx8/00328,00328.wav,The-United-Kingdom-1,The-United-Kingdom-1
voxceleb,dev,id00760/P-ZkHsYoQ54/00049,00049.wav,The-United-Kingdom-1,The-United-States-of-America
voxceleb,dev,id06552/BJbC-OJRErM/00049,00049.wav,The-United-Kingdom-1,The-United-States-of-America
voxceleb,dev,id07164/lNnHnakWxj0/00345,00345.wav,The-United-States-of-America,The-United-States-of-America
voxceleb,dev,id06988/12v_3uBkKC4/00002,00002.wav,The-United-Kingdom-1,Germany
voxceleb,dev,id07642/ToYO1yldPcg/00142,00142.wav,The-United-States-of-America,The-United-States-of-America
voxceleb,dev,id01643/t-XT9DMRUfY/00115,00115.wav,Germany,Germany
voxceleb,dev,id02573/cKuCKBT7HXU/00283,00283.wav,Australia,Australia
voxceleb,dev,id00383/JhFRwMee8rs/00106,00106.wav,Italy,The-United-States-of-America
voxceleb,dev,id04652/w22fp0LXrQE/00357,00357.wav,The-United-States-of-America,The-United-States-of-America
voxceleb,dev,id01960/_menCGwBgRo/00278,00278.wav,The-United-States-of-America,The-United-States-of-America
voxceleb,dev,id08397/qGiRtLT0P00/00140,00140.wav,The-United-Kingdom-1,The-United-States-of-America
voxceleb,dev,id04941/p0UGl8o-yMg/00254,00254.wav,The-United-States-of-America,The-United-States-of-America
voxceleb,dev,id05272/g-aL2Lnj8P4/00351,00351.wav,The-United-Kingdom-1,Kingdom-of-the-Netherlands
voxceleb,dev,id08318/QodK0Dtswk0/00026,00026.wav,Spain,Mexico
voxceleb,dev,id05241/GLJLZ89DdMA/00188,00188.wav,The-Republic-of-Ireland,The-Philippines-1
voxceleb,dev,id00942/zPm4NPqI9L8/00490,00490.wav,New-Zealand,The-United-Kingdom-1
voxceleb,dev,id05990/vN2l3_bS9Yg/00251,00251.wav,Australia,Australia
voxceleb,dev,id05066/BnkW5papvsE/00067,00067.wav,The-United-States-of-America,The-United-States-of-America
voxceleb,dev,id04677/ij7ZjZmejUk/00375,00375.wav,Germany,Germany
voxceleb,dev,id08646/wsY4i5yyRA8/00125,00125.wav,France,France
voxceleb,dev,id06928/Jp15FY_Pxq0/00292,00292.wav,The-United-Kingdom-1,The-Bahamas
voxceleb,dev,id02367/i60wUmKCyf0/00015,00015.wav,The-Republic-of-Ireland,Lithuania
voxceleb,dev,id06951/23AzadOGino/00007,00007.wav,The-United-States-of-America,The-United-States-of-America
voxceleb,dev,id08525/s_lVVf001Hw/00486,00486.wav,The-United-States-of-America,Germany
voxceleb,dev,id01758/wZNwm22xWr8/00493,00493.wav,Germany,Germany
voxceleb,dev,id00530/RBzHGn5KaCY/00117,00117.wav,The-United-States-of-America,The-United-States-of-America
voxceleb,dev,id01534/dU9mby0hzBU/00073,00073.wav,The-United-Kingdom-1,The-United-Kingdom-1
voxceleb,dev,id08442/ImHI-OXcuUc/00048,00048.wav,The-United-Kingdom-1,The-United-States-of-America
voxceleb,dev,id01960/ng5_-0CKzKs/00375,00375.wav,The-United-States-of-America,The-United-States-of-America
voxceleb,dev,id05213/MvBse0IAxPg/00055,00055.wav,The-United-Kingdom-1,The-United-Kingdom-1
voxceleb,dev,id07429/HmRSWUMurE0/00145,00145.wav,The-United-States-of-America,The-United-States-of-America
voxceleb,dev,id05757/kzF3q8HSh8E/00286,00286.wav,India,Pakistan
voxceleb,dev,id07534/sCN5QEKrLLo/00308,00308.wav,The-United-Kingdom-1,Canada
voxceleb,dev,id01859/N0tkuuN1MxA/00159,00159.wav,India,India
voxceleb,dev,id08281/ceTdYxJbUvw/00067,00067.wav,The-United-States-of-America,The-United-States-of-America
voxceleb,dev,id07086/7KiS9h0gAuc/00037,00037.wav,The-United-Kingdom-1,The-Republic-of-Ireland
voxceleb,dev,id06474/1CVpkZIrTX0/00015,00015.wav,The-United-Kingdom-1,The-United-Kingdom-1
voxceleb,dev,id07675/3orj2LO3wb8/00004,00004.wav,France,France
voxceleb,dev,id03090/CBzDmHI7nug/00049,00049.wav,The-United-States-of-America,The-United-States-of-America
voxceleb,dev,id05977/vwNk15jIIwA/00339,00339.wav,The-United-States-of-America,The-United-States-of-America
voxceleb,dev,id04837/fEbK3o0qYIw/00039,00039.wav,The-United-States-of-America,unknown
voxceleb,dev,id07574/Ape2NpoglhE/00034,00034.wav,The-United-States-of-America,unknown
voxceleb,dev,id06847/GuMRkYok2Hs/00109,00109.wav,The-United-Kingdom-1,The-United-Kingdom-1
voxceleb,dev,id01269/uVi2jdVoNew/00218,00218.wav,France,France
voxceleb,dev,id00195/U6qqavozh1k/00106,00106.wav,The-United-Kingdom-1,Dominican-Republic
voxceleb,dev,id07844/U4t8YV_SM14/00223,00223.wav,The-United-Kingdom-1,The-United-Kingdom-1
voxceleb,dev,id07546/40-T2IRq88I/00005,00005.wav,The-United-States-of-America,The-United-States-of-America
voxceleb,dev,id01349/We8L02HXwC8/00054,00054.wav,The-United-Kingdom-1,Kingdom-of-the-Netherlands
voxceleb,dev,id05798/BPc7mioKJrY/00014,00014.wav,The-United-Kingdom-1,The-United-Kingdom-1
voxceleb,dev,id07648/B9qetuydLrw/00029,00029.wav,The-United-States-of-America,The-United-States-of-America
voxceleb,dev,id05054/q-F8UYOLhyk/00341,00341.wav,The-United-Kingdom-1,The-United-States-of-America
voxceleb,dev,id01677/nQqZNZE9ByE/00294,00294.wav,The-United-Kingdom-1,The-United-Kingdom-1
voxceleb,dev,id01355/YSesHDGn1E4/00242,00242.wav,The-United-Kingdom-1,The-United-Kingdom-1
voxceleb,dev,id00974/SqZcWcF4YP0/00036,00036.wav,France,France
voxceleb,dev,id06759/7dY_G7GQdLU/00025,00025.wav,India,India
voxceleb,dev,id04780/JIwR0p24cmg/00156,00156.wav,The-United-States-of-America,The-United-States-of-America
voxceleb,dev,id07950/6wNoZSsBjVY/00013,00013.wav,The-United-Kingdom-1,Israel
voxceleb,dev,id07943/7cGhA-alPqg/00021,00021.wav,The-United-Kingdom-1,Nigeria
voxceleb,dev,id05477/xr49WFxKXYM/00432,00432.wav,India,Nepal
voxceleb,dev,id01206/7X6BtS9i2Gw/00013,00013.wav,The-United-Kingdom-1,The-United-Kingdom-1
voxceleb,dev,id02477/7iL2A6N7mXc/00070,00070.wav,The-United-Kingdom-1,Canada
voxceleb,dev,id08437/37HjZE8hdaA/00092,00092.wav,The-United-Kingdom-1,The-United-States-of-America
voxceleb,dev,id02875/31yz4U4vL9k/00002,00002.wav,The-United-Kingdom-1,Kingdom-of-the-Netherlands
voxceleb,dev,id06952/mDSYjIpcfDM/00252,00252.wav,Germany,Germany
voxceleb,dev,id06480/d2OaIGU2eyc/00125,00125.wav,The-United-Kingdom-1,The-United-Kingdom-1
voxceleb,dev,id05691/7AHzpvE23lY/00100,00100.wav,The-United-States-of-America,The-United-States-of-America
voxceleb,dev,id00029/KVCtKA7xUVg/00198,00198.wav,Jordan-215,Jordan-215
voxceleb,dev,id05402/NOeu93BrJQs/00068,00068.wav,The-United-Kingdom-1,The-United-States-of-America
voxceleb,dev,id06445/mIxMZm1kzU0/00397,00397.wav,The-United-Kingdom-1,India
voxceleb,dev,id00428/aPCVQbQavPs/00068,00068.wav,The-United-States-of-America,The-United-States-of-America
voxceleb,dev,id08418/Bmna_4hJHNY/00057,00057.wav,The-Republic-of-Ireland,Italy
voxceleb,dev,id05313/kq_YIsS7zX0/00117,00117.wav,The-United-Kingdom-1,The-Czech-Republic-1
voxceleb,dev,id01024/_RdRMv1pUMM/00101,00101.wav,India,India
voxceleb,dev,id06988/63MkOPxQeWA/00075,00075.wav,Germany,Germany
voxceleb,dev,id07053/vnyVVptbc04/00091,00091.wav,India,India
voxceleb,dev,id07631/4wjU92Do9K0/00036,00036.wav,The-United-Kingdom-1,Spain
voxceleb,dev,id02599/NDHnFeRZK6s/00160,00160.wav,The-United-States-of-America,The-United-States-of-America
voxceleb,dev,id02466/_f35Hcy6zzw/00165,00165.wav,The-United-States-of-America,The-United-States-of-America
voxceleb,dev,id00345/Bye1P7oaxak/00090,00090.wav,The-United-Kingdom-1,Kingdom-of-the-Netherlands
voxceleb,dev,id06304/q5GYAJJ9DAE/00087,00087.wav,Spain,Spain
voxceleb,dev,id08520/jD7b3O4c2hE/00102,00102.wav,The-United-Kingdom-1,Germany
voxceleb,dev,id07577/b3U8bUDRR28/00117,00117.wav,The-United-Kingdom-1,The-United-Kingdom-1
voxceleb,dev,id01502/Xj-RYzXwiA8/00105,00105.wav,United-States-of-America,The-United-States-of-America
voxceleb,dev,id05639/rfbGejtIsho/00349,00349.wav,The-United-States-of-America,unknown
voxceleb,dev,id06552/w3z4veRGmUo/00459,00459.wav,The-United-States-of-America,The-United-States-of-America
voxceleb,dev,id04858/P2dT-YEEPJo/00158,00158.wav,United States of America,The-United-States-of-America
voxceleb,dev,id06694/kusFlDEa4nU/00214,00214.wav,The-Republic-of-Ireland,Turkey-country
voxceleb,dev,id05438/R9OrdFzDrwU/00127,00127.wav,The-United-Kingdom-1,Australia
voxceleb,dev,id05681/jle_s0wZYOA/00110,00110.wav,The-United-Kingdom-1,The-United-Kingdom-1
voxceleb,dev,id02593/APMj-d_mYJ4/00070,00070.wav,The-United-Kingdom-1,The-United-States-of-America
voxceleb,dev,id08037/p8sX17V3v_A/00058,00058.wav,The-United-Kingdom-1,Japan
voxceleb,dev,id05332/20IRetlVoEE/00006,00006.wav,The-United-States-of-America,The-Philippines-1
voxceleb,dev,id01617/LjDFACM2G0E/00127,00127.wav,The-United-Kingdom-1,The-United-Kingdom-1
voxceleb,dev,id00593/6iirROwmczo/00039,00039.wav,United-States-of-America,The-United-States-of-America
voxceleb,dev,id01894/frLIWPaxNMQ/00096,00096.wav,Germany,Denmark
voxceleb,dev,id04716/9HWugVXroRQ/00069,00069.wav,The-United-Kingdom-1,The-United-Kingdom-1
voxceleb,dev,id06113/nw8xj6-w0k0/00130,00130.wav,The-United-States-of-America,Chile
voxceleb,dev,id06124/xpY1ZfBZ56s/00173,00173.wav,Japan,The-United-States-of-America
voxceleb,dev,id04646/Y-jwQjM2P4o/00185,00185.wav,The-United-States-of-America,The-United-States-of-America
voxceleb,dev,id05584/iX4TBOxrj50/00287,00287.wav,Germany,Germany
voxceleb,dev,id01160/8FFTScA4fh0/00060,00060.wav,The-United-States-of-America,Canada
voxceleb,dev,id02840/NmCuqD1HvUg/00153,00153.wav,The-United-States-of-America,The-United-States-of-America
voxceleb,dev,id00322/RCmoogkPS7M/00061,00061.wav,The-United-Kingdom-1,Saudi-Arabia
voxceleb,dev,id00494/6MiUXPLm7Ak/00053,00053.wav,Germany,Germany
voxceleb,dev,id07686/mG6Y-PAaEn4/00264,00264.wav,The-Republic-of-Ireland,India
voxceleb,dev,id01535/7J4GuM5vSXc/00002,00002.wav,The-United-Kingdom-1,The-United-States-of-America
voxceleb,dev,id02361/JDA68vmMnek/00212,00212.wav,The-United-Kingdom-1,The-United-States-of-America
voxceleb,dev,id01218/89OAUlM4Qgs/00044,00044.wav,France,France
voxceleb,dev,id07334/zKSx1MeuSBI/00244,00244.wav,The-Republic-of-Ireland,The-Republic-of-Ireland
voxceleb,dev,id07109/bk1p0qr1QHU/00025,00025.wav,India,India
voxceleb,dev,id04677/ij7ZjZmejUk/00380,00380.wav,Germany,Germany
voxceleb,dev,id01523/HsiBDBf66qc/00118,00118.wav,India,The-United-States-of-America
voxceleb,dev,id00741/N0_Um2p-1xo/00169,00169.wav,The-United-Kingdom-1,The-United-States-of-America
voxceleb,dev,id07957/rns8SH7r4MI/00274,00274.wav,The-United-Kingdom-1,The-United-States-of-America
voxceleb,dev,id08395/jGsbngI7kJI/00066,00066.wav,Bangladesh,New-Zealand
voxceleb,dev,id05253/fuOeM7-fYLQ/00091,00091.wav,The-United-States-of-America,The-United-States-of-America
voxceleb,dev,id04969/GzCUy1qlo0E/00169,00169.wav,The-United-Kingdom-1,Algeria
voxceleb,dev,id04704/Q2wFwYvb62I/00073,00073.wav,The-United-Kingdom-1,The-United-States-of-America
voxceleb,dev,id08605/87UPpcuh3TU/00007,00007.wav,The-United-Kingdom-1,The-United-States-of-America
voxceleb,dev,id03147/oqWF4vFhOxk/00402,00402.wav,The-United-Kingdom-1,unknown
voxceleb,dev,id07534/tumPGrovk8M/00347,00347.wav,The-United-Kingdom-1,Canada
voxceleb,dev,id01098/PwN9DEhdRHw/00140,00140.wav,The-United-States-of-America,The-United-States-of-America
voxceleb,dev,id08180/gg_3npZ31oo/00170,00170.wav,India,India
voxceleb,dev,id05165/oWdQL0ijXQ4/00338,00338.wav,The-United-States-of-America,The-United-States-of-America
voxceleb,dev,id08339/LqZCkwcHb6w/00018,00018.wav,Spain,Serbia
voxceleb,dev,id01948/1-aDaLhs_MY/00015,00015.wav,The-United-States-of-America,The-United-States-of-America
voxceleb,dev,id08638/bkMszMDO9Zk/00155,00155.wav,The-United-States-of-America,The-United-States-of-America
voxceleb,dev,id00930/PUcvLP1Pn-8/00068,00068.wav,The-United-States-of-America,The-United-States-of-America
voxceleb,dev,id00890/yWu1ppfma7E/00185,00185.wav,The-United-Kingdom-1,The-United-States-of-America
voxceleb,dev,id05205/BGizBwPrzrM/00063,00063.wav,The-Republic-of-Ireland,The-United-States-of-America
voxceleb,dev,id00032/DbrwDs9z3vE/00039,00039.wav,Israel,India
voxceleb,dev,id07837/3bNr0zpuHQc/00031,00031.wav,The-United-States-of-America,The-United-States-of-America
voxceleb,dev,id08762/DwlGgISftVo/00024,00024.wav,The-United-Kingdom-1,Germany
voxceleb,dev,id05186/h5kjFq9kJPc/00200,00200.wav,South-Africa,South-Africa
voxceleb,dev,id02724/KhURqUQfrXQ/00080,00080.wav,The-United-Kingdom-1,Kingdom-of-the-Netherlands
voxceleb,dev,id08222/yc-RNHUAc9U/00064,00064.wav,The-United-Kingdom-1,The-United-Kingdom-1
voxceleb,dev,id02568/KdlyL4u9GTA/00023,00023.wav,The-United-Kingdom-1,Kingdom-of-the-Netherlands
voxceleb,dev,id05019/je_6mpOJWWk/00198,00198.wav,The-United-States-of-America,The-United-States-of-America
voxceleb,dev,id02857/2ZAs5rvWOg4/00002,00002.wav,France,France
voxceleb,dev,id05189/vam2GBpymDw/00292,00292.wav,The-United-Kingdom-1,The-United-States-of-America
voxceleb,dev,id02070/PDlhb0NlrZE/00053,00053.wav,The-United-Kingdom-1,The-Republic-of-Ireland
voxceleb,dev,id02014/Z0pjOGLzInw/00077,00077.wav,Spain,Spain
voxceleb,dev,id00779/5KMFAUzfuC8/00026,00026.wav,Germany,Switzerland
voxceleb,dev,id06226/Fjv7dvgl88M/00098,00098.wav,Jordan-215,Lebanon
voxceleb,dev,id00359/_K6if6yb-pk/00101,00101.wav,The-United-States-of-America,The-United-States-of-America
voxceleb,dev,id02593/iZyTQrYYLlk/00359,00359.wav,The-United-Kingdom-1,The-United-States-of-America
voxceleb,dev,id01878/1ZNWBcJqHb4/00006,00006.wav,The-United-Kingdom-1,Kingdom-of-the-Netherlands
voxceleb,dev,id05710/ENSKsAh0CEo/00189,00189.wav,China,The-United-States-of-America
voxceleb,dev,id08616/gYQaCv59s7Y/00144,00144.wav,The-United-Kingdom-1,The-United-States-of-America
voxceleb,dev,id01263/yv6xayrNhs0/00339,00339.wav,Germany,Germany
voxceleb,dev,id01755/gQ2C3xnsqQM/00286,00286.wav,The-United-Kingdom-1,The-United-Kingdom-1
voxceleb,dev,id07958/wlF8M_h05_U/00165,00165.wav,The-United-Kingdom-1,The-United-States-of-America
voxceleb,dev,id07974/fn5zddwOxJY/00299,00299.wav,The-United-States-of-America,The-United-States-of-America
voxceleb,dev,id00910/1OZV69xcrJ8/00020,00020.wav,The-United-Kingdom-1,Canada
voxceleb,dev,id08236/i57zXmtzfUY/00368,00368.wav,The-United-States-of-America,The-United-States-of-America
voxceleb,dev,id04720/MPdOX_TxtB0/00020,00020.wav,The-United-Kingdom-1,The-United-States-of-America
voxceleb,dev,id07956/iANWUWk1Rv4/00357,00357.wav,India,India
voxceleb,dev,id08613/gWAuJpvKeQQ/00074,00074.wav,The-United-Kingdom-1,The-Philippines-1
voxceleb,dev,id08705/g_CpJSKrxdw/00096,00096.wav,The-United-States-of-America,Canada
voxceleb,dev,id05062/bV7YzrF0R8Q/00142,00142.wav,The-United-Kingdom-1,The-United-States-of-America
voxceleb,dev,id08589/GWiO1xOlbYQ/00005,00005.wav,The-United-Kingdom-1,Belgium
voxceleb,dev,id02188/bBr-2zUC0kg/00252,00252.wav,The-United-States-of-America,The-United-States-of-America
voxceleb,dev,id03198/RzgjuK9cVYk/00029,00029.wav,Australia,Australia
voxceleb,dev,id02311/ZzwRtHvsiQw/00271,00271.wav,The-United-States-of-America,The-United-States-of-America
voxceleb,dev,id01003/frScqjdFeaM/00123,00123.wav,The-United-Kingdom-1,The-United-States-of-America
voxceleb,dev,id00628/3cAGQpBWil8/00002,00002.wav,France,Denmark
voxceleb,dev,id05451/4kTnnTVSfy8/00020,00020.wav,The-United-Kingdom-1,The-United-States-of-America
voxceleb,dev,id08348/UQKpJHKe-OI/00264,00264.wav,The-United-Kingdom-1,The-United-States-of-America
voxceleb,dev,id02593/Ob0egxtqbhU/00228,00228.wav,The-United-States-of-America,The-United-States-of-America
voxceleb,dev,id07640/vQJIRGanR6o/00204,00204.wav,The-United-Kingdom-1,The-United-Kingdom-1
voxceleb,dev,id07662/p3VmnczHvnU/00312,00312.wav,Germany,Germany
voxceleb,dev,id01225/RK-uqVz9JZU/00265,00265.wav,The-United-Kingdom-1,The-United-States-of-America
voxceleb,dev,id08054/NV4_evMJJm4/00095,00095.wav,India,India
voxceleb,dev,id01178/Gh4fgkiUi18/00112,00112.wav,The-United-Kingdom-1,The-United-States-of-America
voxceleb,dev,id03147/MFH3Dfs1BIY/00136,00136.wav,The-United-Kingdom-1,unknown
voxceleb,dev,id00345/QDXH6kHMKFU/00212,00212.wav,The-United-States-of-America,Kingdom-of-the-Netherlands
voxceleb,dev,id01763/H3bKQChyoYo/00069,00069.wav,The-United-Kingdom-1,The-United-States-of-America
voxceleb,dev,id05983/Y6iDMDsr408/00281,00281.wav,The-United-States-of-America,The-United-States-of-America
voxceleb,dev,id08659/L0ujkxVxgFA/00052,00052.wav,The-United-Kingdom-1,The-United-States-of-America
voxceleb,dev,id05054/q-F8UYOLhyk/00362,00362.wav,The-United-States-of-America,The-United-States-of-America
voxceleb,dev,id05916/Pm8d2wwO5OM/00185,00185.wav,The-United-States-of-America,unknown
voxceleb,dev,id01875/6ZcAD4N4mTM/00047,00047.wav,The-United-States-of-America,The-United-States-of-America
voxceleb,dev,id08240/7gn4sEuSy3k/00063,00063.wav,The-United-States-of-America,The-United-States-of-America
voxceleb,dev,id02392/44EG0UwgFDM/00045,00045.wav,United States of America,The-United-States-of-America
voxceleb,dev,id04744/rYLrGRav-UA/00160,00160.wav,Canada,The-United-States-of-America
voxceleb,dev,id01678/AQhwsq7cB0g/00086,00086.wav,Australia,Australia
voxceleb,dev,id00788/YlQdXbAuZCw/00305,00305.wav,The-United-States-of-America,The-United-States-of-America
voxceleb,dev,id06437/gEMXUW_G3xQ/00066,00066.wav,India,India
voxceleb,dev,id04741/VNADOmjgicM/00141,00141.wav,The-United-States-of-America,The-United-States-of-America
voxceleb,dev,id02074/ymgdlhGzBHA/00034,00034.wav,The-United-Kingdom-1,Canada
voxceleb,dev,id03109/Ai9CxsvEr0M/00007,00007.wav,The-United-States-of-America,The-United-States-of-America
voxceleb,dev,id05453/ehlhrqSWPbo/00233,00233.wav,Japan,The-United-Kingdom-1
voxceleb,dev,id07870/cLTg5EEYgTg/00150,00150.wav,Germany,Germany
voxceleb,dev,id01405/iXb8lvHgTho/00087,00087.wav,The-United-States-of-America,The-United-States-of-America
voxceleb,dev,id01755/iZE0BDlpbA8/00295,00295.wav,France,The-United-Kingdom-1
voxceleb,dev,id07566/tNtxhKduNWk/00325,00325.wav,New-Zealand,The-United-States-of-America
voxceleb,dev,id07976/GbUau3v-p6g/00104,00104.wav,India,India
voxceleb,dev,id04762/S93_-k736_A/00155,00155.wav,The-United-Kingdom-1,Canada
voxceleb,dev,id01806/yzLe3uBlGww/00494,00494.wav,The-United-Kingdom-1,England
voxceleb,dev,id07775/wvz2TKrLxLE/00170,00170.wav,The-United-States-of-America,Canada
voxceleb,dev,id07647/XWUqDLtcFCU/00128,00128.wav,The-United-Kingdom-1,Canada
voxceleb,dev,id08000/6YuH0Q-WGO8/00015,00015.wav,The-United-Kingdom-1,The-United-Kingdom-1
voxceleb,dev,id02573/tlKvsiAYpg0/00431,00431.wav,Australia,Australia
voxceleb,dev,id00423/V0JbkHcF34Y/00016,00016.wav,United States of America,The-United-States-of-America
voxceleb,dev,id07241/Wg98ouHeTLE/00197,00197.wav,Spain,The-United-States-of-America
voxceleb,dev,id05076/CImJNBNG9a8/00022,00022.wav,The-United-Kingdom-1,The-United-Kingdom-1
voxceleb,dev,id06795/eNsRJBX4ARQ/00251,00251.wav,The-United-States-of-America,The-United-States-of-America
voxceleb,dev,id00366/d-2zxFimIKE/00178,00178.wav,The-United-States-of-America,The-United-States-of-America
voxceleb,dev,id01987/3UqZVvOpdvY/00004,00004.wav,The-United-Kingdom-1,The-United-Kingdom-1
voxceleb,dev,id03241/klQSF6aRBHY/00043,00043.wav,India,India
voxceleb,dev,id02342/PAstmnw8qxU/00087,00087.wav,The-United-States-of-America,The-United-States-of-America
voxceleb,dev,id08527/9J9fVQiJdfU/00114,00114.wav,The-United-Kingdom-1,Germany
voxceleb,dev,id08162/Zf14LP4yXgY/00091,00091.wav,Germany,Germany
voxceleb,dev,id01172/h9aw4LX73Dw/00234,00234.wav,The-United-States-of-America,The-United-States-of-America
voxceleb,dev,id06949/mdBIFP7xsXU/00368,00368.wav,The-United-States-of-America,The-United-States-of-America
voxceleb,dev,id05261/7-t65O9Ds2M/00065,00065.wav,The-United-States-of-America,The-United-States-of-America
voxceleb,dev,id02036/0ZCM9huIscc/00001,00001.wav,Germany,Germany
voxceleb,dev,id07383/DV-9zT1_flE/00004,00004.wav,The-United-Kingdom-1,Japan
voxceleb,dev,id02289/Ab6fqMxexM0/00186,00186.wav,The-United-Kingdom-1,The-United-Kingdom-1
voxceleb,dev,id06937/HglOXl1sVbQ/00063,00063.wav,Germany,Germany
voxceleb,dev,id07140/RVR1epdvqbI/00174,00174.wav,The-United-Kingdom-1,Poland
voxceleb,dev,id01751/XSSPCkyVaWU/00057,00057.wav,The-United-States-of-America,The-United-States-of-America
voxceleb,dev,id00860/CvYs-rkzCyg/00043,00043.wav,The-United-Kingdom-1,India
voxceleb,dev,id06676/g7_4lP_NMwg/00362,00362.wav,Pakistan,India
voxceleb,dev,id08414/Xp5ehtDIbtU/00284,00284.wav,The-United-Kingdom-1,Australia
voxceleb,dev,id06376/_40JvTqJQ0Y/00028,00028.wav,Germany,Germany
voxceleb,dev,id05962/MMqiUrbTDmA/00083,00083.wav,The-United-States-of-America,Canada
voxceleb,dev,id04676/Mbjy5GnhsMY/00105,00105.wav,The-United-States-of-America,The-United-States-of-America
voxceleb,dev,id07726/_lZ55gHabAA/00213,00213.wav,The-United-States-of-America,The-United-States-of-America
voxceleb,dev,id01823/1e-4TUniabg/00007,00007.wav,The-United-States-of-America,The-United-States-of-America
voxceleb,dev,id01167/jTcoEo8eexE/00062,00062.wav,The-United-Kingdom-1,The-United-States-of-America
voxceleb,dev,id04985/jW0iBFDJe74/00204,00204.wav,Italy,The-United-States-of-America
voxceleb,dev,id08278/wbhlqJ_BGqo/00496,00496.wav,The-United-States-of-America,The-United-States-of-America
voxceleb,dev,id08293/x3Nmi57VPao/00234,00234.wav,India,India
voxceleb,dev,id01885/zSr-WSMxuqM/00121,00121.wav,The-United-Kingdom-1,The-United-States-of-America
voxceleb,dev,id01129/Hij7v2zVvDo/00101,00101.wav,Germany,Germany
voxceleb,dev,id08524/ow3oQLdvlu4/00109,00109.wav,Germany,Germany
voxceleb,dev,id05546/bA60wsg2lmE/00016,00016.wav,Germany,Germany
voxceleb,dev,id07215/2_CvpkVxKAY/00008,00008.wav,Germany,Luxembourg
voxceleb,dev,id07941/9DnSZstRwlU/00009,00009.wav,The-United-Kingdom-1,The-United-States-of-America
voxceleb,dev,id02193/V2xnjZz7T4Q/00084,00084.wav,Spain,Argentina
voxceleb,dev,id06552/yqsJ5tPuCpI/00474,00474.wav,The-United-States-of-America,The-United-States-of-America
voxceleb,dev,id00818/4QWKmz68f_4/00038,00038.wav,Italy,Italy
voxceleb,dev,id05451/_wo4Pf0oN34/00217,00217.wav,The-United-States-of-America,The-United-States-of-America
voxceleb,dev,id02747/TIg3x-_xvWc/00051,00051.wav,The-United-Kingdom-1,The-United-Kingdom-1
voxceleb,dev,id00741/8XrTdMGunzg/00057,00057.wav,The-United-Kingdom-1,The-United-States-of-America
voxceleb,dev,id08477/NRNYv7zlSws/00236,00236.wav,The-United-Kingdom-1,The-United-States-of-America
voxceleb,dev,id01750/AnoxunCvdik/00127,00127.wav,The-United-Kingdom-1,The-United-States-of-America
voxceleb,dev,id05401/FbIX1CP9qr4/00131,00131.wav,The-United-States-of-America,Czechoslovakia-former-country
voxceleb,dev,id07455/Ph7oAlAMdlk/00131,00131.wav,The-United-Kingdom-1,Germany
voxceleb,dev,id06976/4PkzpJjL0r4/00034,00034.wav,The-United-States-of-America,The-United-States-of-America
voxceleb,dev,id05286/fm1BUcRHjr8/00373,00373.wav,The-Republic-of-Ireland,The-Czech-Republic-1
voxceleb,dev,id02344/I8ozcEtY9ec/00058,00058.wav,The-United-States-of-America,The-United-States-of-America
voxceleb,dev,id00429/0nXz6EYkV-s/00006,00006.wav,The-United-Kingdom-1,The-United-States-of-America
voxceleb,dev,id01596/VIP_y6zFgGo/00086,00086.wav,The-United-States-of-America,The-United-States-of-America
voxceleb,dev,id05827/kdO09PBjAJ4/00064,00064.wav,The-United-Kingdom-1,Italy
voxceleb,dev,id07553/5b5-oMBeYZY/00015,00015.wav,The-United-States-of-America,Canada
voxceleb,dev,id07060/7vSg90yTxRw/00040,00040.wav,India,India
voxceleb,dev,id07060/ZqgVCXvf9og/00254,00254.wav,India,India
voxceleb,dev,id01192/3_sGYdrahmc/00004,00004.wav,The-United-States-of-America,The-United-States-of-America
voxceleb,dev,id08048/p6Nnpu5o4ww/00176,00176.wav,India,India
voxceleb,dev,id04648/6HsliURNMS8/00002,00002.wav,The-United-Kingdom-1,The-United-States-of-America
voxceleb,dev,id07957/eeBCh7oUcxM/00171,00171.wav,The-United-States-of-America,The-United-States-of-America
voxceleb,dev,id00582/wVfemcg2DAc/00082,00082.wav,Philippines,The-Philippines-1
voxceleb,dev,id06341/HHU1C11cEgE/00006,00006.wav,The-Republic-of-Ireland,Nigeria
voxceleb,dev,id06723/3VumQi4iq3I/00042,00042.wav,India,India
voxceleb,dev,id05042/Ni5v1C6t0gM/00059,00059.wav,The-United-Kingdom-1,The-United-States-of-America
voxceleb,dev,id05685/fh0Ecx2qvhY/00351,00351.wav,The-United-States-of-America,The-United-States-of-America
voxceleb,dev,id01121/Z0v2RWWTsnE/00332,00332.wav,The-United-States-of-America,The-United-States-of-America
voxceleb,dev,id01268/SNEDpzqQWik/00092,00092.wav,Spain,Brazil
voxceleb,dev,id05257/KoGwsDF6vk0/00268,00268.wav,The-United-States-of-America,The-United-States-of-America
voxceleb,dev,id04889/9qeG9skYXOc/00025,00025.wav,The-United-Kingdom-1,Belgium
voxceleb,dev,id04648/6HsliURNMS8/00003,00003.wav,United States of America,The-United-States-of-America
voxceleb,dev,id06178/pCWmcY1_HlY/00164,00164.wav,Germany,Germany
voxceleb,dev,id08521/1X-5m7EIuWc/00005,00005.wav,The-United-States-of-America,The-United-Kingdom-1
voxceleb,dev,id05960/pyXNqZcAzYE/00234,00234.wav,The-United-States-of-America,The-United-States-of-America
voxceleb,dev,id06395/0vRdBsiQygI/00001,00001.wav,The-United-Kingdom-1,The-United-Kingdom-1
voxceleb,dev,id06685/W_d7JXz8ufE/00153,00153.wav,The-United-Kingdom-1,The-United-Kingdom-1
voxceleb,dev,id02871/sMUiC9BX97c/00262,00262.wav,The-United-Kingdom-1,The-United-States-of-America
voxceleb,dev,id06065/11krP5i14VY/00017,00017.wav,The-United-Kingdom-1,The-United-States-of-America
voxceleb,dev,id07303/Fj6Lie4w_h4/00023,00023.wav,Israel,Israel
voxceleb,dev,id08178/YXyohyFdVaM/00108,00108.wav,The-United-Kingdom-1,The-United-States-of-America
voxceleb,dev,id03215/29U-u6eatlc/00011,00011.wav,The-United-States-of-America,The-United-States-of-America
voxceleb,dev,id01837/iNq2Dx_z6cs/00057,00057.wav,The-United-States-of-America,The-United-States-of-America
voxceleb,dev,id08160/Zi8s7C_L9rA/00244,00244.wav,India,India
voxceleb,dev,id00944/I59aVMVsnwA/00153,00153.wav,The-United-States-of-America,The-United-States-of-America
voxceleb,dev,id02457/6EDLRIEYMzA/00131,00131.wav,The-United-Kingdom-1,unknown
voxceleb,dev,id01888/fN91tnVy0rE/00019,00019.wav,Mexico,Mexico
voxceleb,dev,id02924/OQICxjkQtRM/00070,00070.wav,The-United-States-of-America,The-United-States-of-America
voxceleb,dev,id02667/O5S6EFFc5-s/00185,00185.wav,The-United-States-of-America,The-United-States-of-America
voxceleb,dev,id01654/Xkj7gc2i0hs/00059,00059.wav,Germany,Switzerland
voxceleb,dev,id00202/KVHJiPQ5h2I/00244,00244.wav,Spain,Spain
voxceleb,dev,id05989/_jPe-DXiipc/00239,00239.wav,The-United-States-of-America,The-United-States-of-America
voxceleb,dev,id02455/xe98l_ENkQc/00407,00407.wav,Albania,The-United-States-of-America
voxceleb,dev,id05257/hv5lIK-G6Vc/00431,00431.wav,The-United-States-of-America,The-United-States-of-America
voxceleb,dev,id07866/fvYN7h7bhVU/00078,00078.wav,The-United-Kingdom-1,Germany
voxceleb,dev,id07771/rD2PgA2Gf5E/00165,00165.wav,The-United-Kingdom-1,Sweden
voxceleb,dev,id02647/LjK5TAHvsLw/00041,00041.wav,Italy,Italy
voxceleb,dev,id04763/Llf2-RqMuzg/00031,00031.wav,The-United-Kingdom-1,The-United-States-of-America
voxceleb,dev,id02845/u9tA3tj4JSs/00193,00193.wav,The-United-States-of-America,The-United-Kingdom-1
voxceleb,dev,id08745/D2Ho6ryEWX8/00188,00188.wav,The-United-Kingdom-1,Italy
voxceleb,dev,id08738/EWGz-4zRbmo/00113,00113.wav,India,India
voxceleb,dev,id01175/C3UG0Tn1Lcs/00004,00004.wav,The-United-Kingdom-1,Canada
voxceleb,dev,id07431/OQI3We_RPbw/00105,00105.wav,The-United-Kingdom-1,The-United-Kingdom-1
voxceleb,dev,id08097/1qOIVSqFjoM/00011,00011.wav,The-United-Kingdom-1,Kingdom-of-the-Netherlands
voxceleb,dev,id08638/cz6-lF54pwM/00190,00190.wav,United-States-of-America,The-United-States-of-America
voxceleb,dev,id05700/B4Zpu3IVYVA/00053,00053.wav,The-United-Kingdom-1,The-United-States-of-America
voxceleb,dev,id07176/ikPesDejYz8/00016,00016.wav,The-United-Kingdom-1,The-United-States-of-America
voxceleb,dev,id05935/lgYTCHrWkxI/00329,00329.wav,The-United-Kingdom-1,Slovenia
voxceleb,dev,id00417/_WTIf5_EgYQ/00283,00283.wav,India,India
voxceleb,dev,id06958/qtAH6Uu4hGA/00399,00399.wav,The-United-Kingdom-1,The-Czech-Republic-1
voxceleb,dev,id01048/keflA4viWt8/00149,00149.wav,The-United-Kingdom-1,The-United-States-of-America
voxceleb,dev,id04780/lZpPlUqCFrw/00376,00376.wav,The-United-States-of-America,The-United-States-of-America
voxceleb,dev,id07647/6MRBO3BCv74/00055,00055.wav,The-United-Kingdom-1,Canada
voxceleb,dev,id02267/5r2KWesHfy8/00053,00053.wav,The-United-States-of-America,The-United-States-of-America
voxceleb,dev,id01172/I9kYFRYm-Sk/00083,00083.wav,The-United-States-of-America,The-United-States-of-America
voxceleb,dev,id06378/IlNlsOxv7L0/00179,00179.wav,The-United-Kingdom-1,Australia
voxceleb,dev,id04741/ANUoYnWXoZI/00030,00030.wav,The-United-States-of-America,The-United-States-of-America
voxceleb,dev,id08510/fD2BYJRyswA/00172,00172.wav,France,France
voxceleb,dev,id05738/Kb-IOIpV7ho/00172,00172.wav,The-United-Kingdom-1,The-United-Kingdom-1
voxceleb,dev,id01268/oek2EZKrKdE/00168,00168.wav,Brazil,Brazil
voxceleb,dev,id07588/kPQikXcg9Dc/00162,00162.wav,The-United-Kingdom-1,The-Republic-of-Ireland
voxceleb,dev,id06432/WJ4EZDoBLu4/00203,00203.wav,The-United-States-of-America,The-United-States-of-America
voxceleb,dev,id01099/b1rQZb0k0Ic/00210,00210.wav,The-United-States-of-America,The-United-States-of-America
voxceleb,dev,id08146/uT7g3DllWLI/00448,00448.wav,India,India
voxceleb,dev,id06830/HCPnEb7U3oI/00091,00091.wav,The-United-Kingdom-1,Australia
voxceleb,dev,id04781/CR5AMZJ1pP8/00033,00033.wav,The-United-Kingdom-1,Kingdom-of-the-Netherlands
voxceleb,dev,id02162/ka2xlmFh7ek/00104,00104.wav,The-United-States-of-America,The-United-States-of-America
voxceleb,dev,id02593/Ob0egxtqbhU/00227,00227.wav,The-United-Kingdom-1,The-United-States-of-America
voxceleb,dev,id04940/muiFnUELZFs/00099,00099.wav,The-United-Kingdom-1,The-United-States-of-America
voxceleb,dev,id08015/1V6w9JHoZ9Q/00013,00013.wav,India,India
voxceleb,dev,id05585/TFp8htU53CY/00232,00232.wav,The-United-Kingdom-1,Sweden
voxceleb,dev,id08538/TJf8d2vAOaE/00104,00104.wav,Germany,Germany
voxceleb,dev,id04709/C0DhKPw-gqI/00044,00044.wav,The-United-Kingdom-1,Turkey-country
voxceleb,dev,id04834/5awWyPQzm90/00039,00039.wav,The-United-States-of-America,The-United-States-of-America
voxceleb,dev,id02845/gGhbKSg8b6c/00135,00135.wav,The-United-States-of-America,The-United-Kingdom-1
voxceleb,dev,id01346/qZp63IE7dKs/00168,00168.wav,The-United-Kingdom-1,The-United-States-of-America
voxceleb,dev,id01488/AadHnRy2EdQ/00028,00028.wav,The-United-Kingdom-1,The-United-Kingdom-1
voxceleb,dev,id07819/wJqvtnZ5HHY/00207,00207.wav,France,France
voxceleb,dev,id06351/vBTRlVvdaFo/00453,00453.wav,The-United-States-of-America,The-United-States-of-America
voxceleb,dev,id00891/kU1DI8HsYAg/00341,00341.wav,The-United-States-of-America,The-United-States-of-America
voxceleb,dev,id04644/xvNovIKjoQs/00461,00461.wav,The-United-Kingdom-1,Canada
voxceleb,dev,id02640/TmSZbuen1vE/00042,00042.wav,The-United-States-of-America,The-United-States-of-America
voxceleb,dev,id01108/4NSs2phYLeA/00028,00028.wav,United-States-of-America,The-United-States-of-America
voxceleb,dev,id07408/B3yz3im_jUo/00011,00011.wav,Australia,Australia
voxceleb,dev,id06905/ubxk4igvbhQ/00420,00420.wav,Germany,Germany
voxceleb,dev,id05049/gcsR1hDGGSI/00286,00286.wav,The-United-States-of-America,The-United-States-of-America
voxceleb,dev,id00835/RAJwuffbGIc/00063,00063.wav,Australia,Canada
voxceleb,dev,id07545/0thUKSOSDCs/00001,00001.wav,The-United-Kingdom-1,The-United-Kingdom-1
voxceleb,dev,id06111/wvycA2dTQSo/00124,00124.wav,The-United-States-of-America,The-United-States-of-America
voxceleb,dev,id06368/Ayi1A94qrx0/00091,00091.wav,The-United-Kingdom-1,The-United-States-of-America
voxceleb,dev,id08049/E7ENPOvEqMM/00126,00126.wav,India,India
voxceleb,dev,id08167/1WkpsJz53Ko/00031,00031.wav,The-United-Kingdom-1,Italy
voxceleb,dev,id07165/HEFNhFuZrBE/00174,00174.wav,India,India
voxceleb,dev,id04974/D726MNKtTYE/00120,00120.wav,India,India
voxceleb,dev,id02508/wX_pOICDys0/00204,00204.wav,The-United-Kingdom-1,The-United-Kingdom-1
voxceleb,dev,id00759/V8kvKCCzQ28/00119,00119.wav,The-United-States-of-America,The-United-States-of-America
voxceleb,dev,id00796/SMqGyY_6U0Q/00294,00294.wav,India,India
voxceleb,dev,id08382/C8XUN5to31o/00044,00044.wav,The-United-Kingdom-1,Croatia
voxceleb,dev,id05869/AZybZxfSboc/00043,00043.wav,The-United-Kingdom-1,The-United-Kingdom-1
voxceleb,dev,id08054/nC_jd-bqhpQ/00195,00195.wav,India,India
voxceleb,dev,id06823/b5bQY--z6u4/00206,00206.wav,The-United-States-of-America,The-United-States-of-America
voxceleb,dev,id07849/4ML-41GcBqQ/00015,00015.wav,The-United-States-of-America,Jamaica
voxceleb,dev,id02219/EG1lXvq4WKc/00149,00149.wav,India,India
voxceleb,dev,id02098/iJ8Y4vT-j_Y/00011,00011.wav,Indonesia,Indonesia
voxceleb,dev,id00520/RPv2FBIMVwY/00112,00112.wav,The-United-States-of-America,The-United-Kingdom-1
voxceleb,dev,id04934/aNvMj1vSVws/00157,00157.wav,Australia,Australia
voxceleb,dev,id07660/OwbAaPhvNhE/00111,00111.wav,The-United-Kingdom-1,France
voxceleb,dev,id04740/mZ_gMo0ncVQ/00104,00104.wav,The-United-States-of-America,Canada
voxceleb,dev,id06833/R_jZU8uCSvk/00109,00109.wav,The-United-Kingdom-1,Spain
voxceleb,dev,id01396/fdEF325qyzc/00045,00045.wav,The-United-Kingdom-1,Spain
voxceleb,dev,id00246/B7y6VDbNu70/00044,00044.wav,The-United-Kingdom-1,Italy
voxceleb,dev,id06004/8Sx2j8G7dvw/00017,00017.wav,The-United-States-of-America,The-United-States-of-America
voxceleb,dev,id01685/nNwttWjfihw/00177,00177.wav,The-United-States-of-America,The-United-States-of-America
voxceleb,dev,id07954/iaJgzrLFxrc/00417,00417.wav,India,India
voxceleb,dev,id08289/gCQCRazGJww/00384,00384.wav,France,France
voxceleb,dev,id06448/WwjZT_17LUo/00202,00202.wav,The-United-Kingdom-1,The-United-Kingdom-1
voxceleb,dev,id06761/Q_zZMu4R_Zw/00007,00007.wav,Italy,Italy
voxceleb,dev,id08049/g4gNnonK9Ms/00335,00335.wav,India,India
voxceleb,dev,id06261/49ze_dQqWK0/00027,00027.wav,The-United-Kingdom-1,The-United-States-of-America
voxceleb,dev,id04754/LJfxgPnu4r4/00082,00082.wav,The-United-Kingdom-1,South-Africa
voxceleb,dev,id06944/UboUQlm_Ps8/00149,00149.wav,India,The-United-Kingdom-1
voxceleb,dev,id01262/aRSGiqaDSVI/00387,00387.wav,The-United-Kingdom-1,France
voxceleb,dev,id00084/FeSWkzMieyo/00133,00133.wav,India,India
voxceleb,dev,id01776/MmCUDh3awEg/00180,00180.wav,The-United-Kingdom-1,The-Republic-of-Ireland
voxceleb,dev,id08475/YYg1sb0pIaM/00198,00198.wav,The-United-Kingdom-1,The-United-Kingdom-1
voxceleb,dev,id08640/UrYQy3zxMHY/00134,00134.wav,The-United-Kingdom-1,Australia
voxceleb,dev,id07314/8rP9MRH8O6A/00009,00009.wav,Argentina,Argentina
voxceleb,dev,id03059/WB7hKPtPy1s/00187,00187.wav,Germany,Germany
voxceleb,dev,id07332/kiljq8mb3wc/00386,00386.wav,The-United-Kingdom-1,The-United-Kingdom-1
voxceleb,dev,id05137/QXsz8pHI0pQ/00182,00182.wav,The-United-States-of-America,The-United-States-of-America
voxceleb,dev,id08743/IVMe6F9vByM/00021,00021.wav,The-United-Kingdom-1,Denmark
voxceleb,dev,id00978/yRZbiGWHvOk/00453,00453.wav,The-United-States-of-America,The-United-States-of-America
voxceleb,dev,id00553/aaLTaJSKYLE/00108,00108.wav,Lithuania,Argentina
voxceleb,dev,id05207/dNKxip1leqU/00148,00148.wav,The-United-Kingdom-1,The-United-States-of-America
voxceleb,dev,id08629/YkWDw2635OI/00185,00185.wav,The-United-States-of-America,The-United-States-of-America
voxceleb,dev,id00015/xUtyyVLxex0/00463,00463.wav,The-United-Kingdom-1,South-Africa
voxceleb,dev,id08702/0jrkHMWngmc/00005,00005.wav,The-United-Kingdom-1,Canada
voxceleb,dev,id07292/UoQNb6rvstY/00087,00087.wav,The-United-States-of-America,The-United-States-of-America
voxceleb,dev,id01827/2CCgJT7PFus/00033,00033.wav,The-United-Kingdom-1,Italy
voxceleb,dev,id02566/9fu_7nM7GU0/00011,00011.wav,The-United-Kingdom-1,The-United-Kingdom-1
voxceleb,dev,id06696/olvV_5PoUao/00308,00308.wav,The-United-States-of-America,The-United-Kingdom-1
voxceleb,dev,id01354/6sJyIzWRy64/00056,00056.wav,The-United-Kingdom-1,The-United-Kingdom-1
voxceleb,dev,id01243/GEWnSnUgrnk/00025,00025.wav,The-United-States-of-America,The-United-States-of-America
voxceleb,dev,id00904/8IZOTto_eeQ/00060,00060.wav,The-United-States-of-America,The-United-States-of-America
voxceleb,dev,id07349/Qx-9nokj0BA/00241,00241.wav,The-United-Kingdom-1,New-Zealand
voxceleb,dev,id02045/EJtwrmPAR2Y/00014,00014.wav,The-United-Kingdom-1,The-United-Kingdom-1
voxceleb,dev,id06252/xGCA-WBlSss/00443,00443.wav,The-United-Kingdom-1,South-Africa
voxceleb,dev,id06867/7v3f4N1BHDs/00052,00052.wav,The-United-Kingdom-1,The-United-States-of-America
voxceleb,dev,id00355/85exFcc4y7A/00034,00034.wav,The-United-States-of-America,The-United-States-of-America
voxceleb,dev,id04935/1Nx9Xg8nLtc/00001,00001.wav,The-United-Kingdom-1,The-United-States-of-America
voxceleb,dev,id04869/ZxIlpoDj61s/00409,00409.wav,Croatia,Croatia
voxceleb,dev,id00191/lUUxwEs5iuk/00387,00387.wav,France,unknown
voxceleb,dev,id00965/5KCv1PbTpu4/00013,00013.wav,France,France
voxceleb,dev,id01054/S-3FuZyH-uk/00204,00204.wav,United States of America,The-United-States-of-America
voxceleb,dev,id04814/M_FNPA5m2lc/00140,00140.wav,The-United-Kingdom-1,The-United-Kingdom-1
voxceleb,dev,id05892/X8tbH-TCyqA/00175,00175.wav,India,India
voxceleb,dev,id08340/a3rpSmzcO6g/00066,00066.wav,The-United-Kingdom-1,Russia
voxceleb,dev,id08128/8ZIJPf9TVoE/00029,00029.wav,The-United-Kingdom-1,Switzerland
voxceleb,dev,id07395/x4ZkLQskIGc/00116,00116.wav,Indonesia,Indonesia
voxceleb,dev,id04930/_ccVVOcaKT8/00229,00229.wav,India,India
voxceleb,dev,id00990/0lUB9bSr3GM/00017,00017.wav,The-Republic-of-Ireland,Kingdom-of-the-Netherlands
voxceleb,dev,id06881/nd1PVQmv0Dk/00183,00183.wav,The-United-Kingdom-1,The-United-States-of-America
voxceleb,dev,id04751/JppOjqOnHws/00041,00041.wav,The-United-States-of-America,The-United-States-of-America
voxceleb,dev,id06336/rRdSSwjEAYw/00382,00382.wav,The-United-Kingdom-1,Canada
voxceleb,dev,id08538/8o41GEhFCfQ/00019,00019.wav,The-United-Kingdom-1,Germany
voxceleb,dev,id04780/X_YIohIafb4/00245,00245.wav,The-United-States-of-America,The-United-States-of-America
voxceleb,dev,id08195/IfW7_9vlnhY/00018,00018.wav,The-United-States-of-America,The-United-States-of-America
voxceleb,dev,id08178/YXyohyFdVaM/00117,00117.wav,The-United-States-of-America,The-United-States-of-America
voxceleb,dev,id03214/iAmNlb5BUHg/00116,00116.wav,The-United-States-of-America,The-United-States-of-America
voxceleb,dev,id08247/Iaa0zH6I2FQ/00018,00018.wav,The-United-Kingdom-1,South-Africa
voxceleb,dev,id02673/KHewP6SI5Hg/00072,00072.wav,The-Republic-of-Ireland,Canada
voxceleb,dev,id03180/D7rkLDfY4Dk/00075,00075.wav,India,unknown
voxceleb,dev,id07643/D4dCSTnQhk4/00030,00030.wav,The-United-States-of-America,The-United-States-of-America
voxceleb,dev,id00035/fCUxqw2uCcM/00132,00132.wav,Jordan-215,Jordan-215
voxceleb,dev,id00428/SzJMiutUB1E/00037,00037.wav,The-United-States-of-America,The-United-States-of-America
voxceleb,dev,id05291/hi8AoRupjIM/00081,00081.wav,Italy,Italy
voxceleb,dev,id05288/M_5-UNN51rY/00121,00121.wav,The-Republic-of-Ireland,France
voxceleb,dev,id06964/EptD_40x56w/00020,00020.wav,The-United-Kingdom-1,The-United-Kingdom-1
voxceleb,dev,id00462/KU1r6X98aiM/00204,00204.wav,The-United-States-of-America,The-United-States-of-America
voxceleb,dev,id08307/fCsE4Ncow94/00107,00107.wav,India,India
voxceleb,dev,id02134/uwNnSOetBgU/00076,00076.wav,The-United-Kingdom-1,The-United-Kingdom-1
voxceleb,dev,id00578/TUZMQuGuREU/00050,00050.wav,The-United-Kingdom-1,The-United-States-of-America
voxceleb,dev,id00078/8CSAglp73BE/00063,00063.wav,India,India
voxceleb,dev,id08502/9vdgEpn4GWc/00029,00029.wav,Germany,Germany
voxceleb,dev,id02628/JIzs_lFTYMM/00001,00001.wav,Spain,Argentina
voxceleb,dev,id07403/NvV19Al4Z80/00053,00053.wav,The-Philippines-1,The-United-States-of-America
voxceleb,dev,id08532/jLNJjpyqOP4/00135,00135.wav,The-United-Kingdom-1,The-United-States-of-America
voxceleb,dev,id08294/kJbc9gD4ihk/00234,00234.wav,The-United-Kingdom-1,The-United-States-of-America
voxceleb,dev,id08660/HzoSRERzr30/00192,00192.wav,The-United-States-of-America,The-United-States-of-America
voxceleb,dev,id02268/K383LxeyX1w/00021,00021.wav,The-United-States-of-America,The-United-States-of-America
voxceleb,dev,id01931/XG7afLrmYu0/00288,00288.wav,The-United-Kingdom-1,Australia
voxceleb,dev,id08320/yNC2imMSLfQ/00121,00121.wav,The-United-Kingdom-1,Sweden
voxceleb,dev,id07497/2ERZ5cInhi8/00005,00005.wav,The-United-States-of-America,The-United-States-of-America
voxceleb,dev,id00935/FlmcloUdIIU/00021,00021.wav,The-United-Kingdom-1,The-Philippines-1
voxceleb,dev,id08760/vrjS-JM1OwI/00223,00223.wav,The-United-Kingdom-1,Israel
voxceleb,dev,id06761/Q_zZMu4R_Zw/00010,00010.wav,Italy,Italy
voxceleb,dev,id04666/nEpWl3OLjeo/00081,00081.wav,Spain,Finland
voxceleb,dev,id00097/1szurY95ujY/00005,00005.wav,The-United-States-of-America,The-United-States-of-America
voxceleb,dev,id05167/G24Q5IwNj_E/00075,00075.wav,The-United-States-of-America,The-United-States-of-America
voxceleb,dev,id06551/l8JOXDtqJQw/00263,00263.wav,The-United-States-of-America,The-United-States-of-America
voxceleb,dev,id05344/w6httPXxv6E/00145,00145.wav,The-United-Kingdom-1,Germany
voxceleb,dev,id07956/mpevNVqzfT0/00413,00413.wav,India,India
voxceleb,dev,id02643/WLlV-keC2Do/00072,00072.wav,Italy,Italy
voxceleb,dev,id01898/cRv9nwU-7TY/00217,00217.wav,The-United-States-of-America,The-United-States-of-America
voxceleb,dev,id06477/Uh22FDd3QJQ/00193,00193.wav,The-United-States-of-America,The-United-States-of-America
voxceleb,dev,id07241/HYebxRcA3Xk/00081,00081.wav,The-United-States-of-America,The-United-States-of-America
voxceleb,dev,id01504/BMPoWPxYPZ4/00169,00169.wav,India,India
voxceleb,dev,id06188/6BM5zH6nMt0/00030,00030.wav,Jordan-215,The-Czech-Republic-1
voxceleb,dev,id05639/veyNYQwOQoU/00370,00370.wav,The-United-Kingdom-1,unknown
voxceleb,dev,id08730/bmCYPX-djuc/00136,00136.wav,The-United-States-of-America,The-United-States-of-America
voxceleb,dev,id05784/jYvZCmBte1Y/00130,00130.wav,Spain,Colombia
voxceleb,dev,id05253/fuOeM7-fYLQ/00081,00081.wav,The-United-States-of-America,The-United-States-of-America
voxceleb,dev,id00373/zafts-45nC4/00297,00297.wav,The-United-Kingdom-1,The-United-States-of-America
voxceleb,dev,id04934/AhuWdPeFoWo/00065,00065.wav,Australia,Australia
voxceleb,dev,id05134/p63H5Geh4mQ/00127,00127.wav,The-United-Kingdom-1,The-United-Kingdom-1
voxceleb,dev,id00332/TAIqqq3HpQI/00233,00233.wav,The-United-Kingdom-1,Sweden
voxceleb,dev,id07219/DmEJuR1ls_s/00029,00029.wav,The-United-Kingdom-1,The-United-Kingdom-1
voxceleb,dev,id08221/CtozYuTw32s/00015,00015.wav,France,France
voxceleb,dev,id00281/sWshSVT5ehM/00180,00180.wav,Greece,The-United-States-of-America
voxceleb,dev,id00412/KSXj0Y1DtVg/00063,00063.wav,India,India
voxceleb,dev,id05019/HmArw-2weBI/00077,00077.wav,The-United-Kingdom-1,The-United-States-of-America
voxceleb,dev,id02457/1-W44rayGAc/00028,00028.wav,United States of America,unknown
voxceleb,dev,id07376/moq98bPxkdw/00237,00237.wav,United-States-of-America,The-United-States-of-America
voxceleb,dev,id06672/hIvSDPEgG_E/00093,00093.wav,Serbia,Finland
voxceleb,dev,id06336/mY2UNzyKTco/00286,00286.wav,The-United-States-of-America,Canada
voxceleb,dev,id01710/HCVxhUUpYqw/00072,00072.wav,The-United-Kingdom-1,The-United-Kingdom-1
voxceleb,dev,id06759/eT08WClHmOI/00089,00089.wav,India,India
voxceleb,dev,id01875/taa91Nx35uk/00174,00174.wav,The-United-States-of-America,The-United-States-of-America
voxceleb,dev,id07349/aZX_39FjgGM/00268,00268.wav,The-United-Kingdom-1,New-Zealand
voxceleb,dev,id05344/ZeGAL9mE_qk/00061,00061.wav,The-Republic-of-Ireland,Germany
voxceleb,dev,id06616/X626HJJTY6M/00055,00055.wav,Jordan-215,Iraq
voxceleb,dev,id02296/MJ423XvumDI/00067,00067.wav,The-United-States-of-America,Canada
voxceleb,dev,id08680/6_ji3jjGDP0/00004,00004.wav,The-United-Kingdom-1,The-United-Kingdom-1
voxceleb,dev,id07133/pzeXLO_sI5E/00280,00280.wav,France,France
voxceleb,dev,id07497/bqlTMvSQsEo/00366,00366.wav,The-United-States-of-America,The-United-States-of-America
voxceleb,dev,id06958/_q-pjcyPCp8/00214,00214.wav,The-United-Kingdom-1,The-Czech-Republic-1
voxceleb,dev,id06813/8UewzH5ziII/00035,00035.wav,The-United-States-of-America,Canada
voxceleb,dev,id06432/j_Qw2t_2xMc/00308,00308.wav,The-United-Kingdom-1,The-United-States-of-America
voxceleb,dev,id06432/_z0d6zBO_nU/00270,00270.wav,The-United-States-of-America,The-United-States-of-America
voxceleb,dev,id04658/OLIO95dvi-A/00095,00095.wav,The-United-States-of-America,The-Republic-of-Ireland
voxceleb,dev,id08490/MRiUfMvtOqA/00005,00005.wav,The-United-Kingdom-1,Switzerland
voxceleb,dev,id01754/C724U6LUu7Q/00157,00157.wav,The-United-Kingdom-1,Australia
voxceleb,dev,id01857/2qPkRd1qB8g/00017,00017.wav,The-United-States-of-America,The-United-States-of-America
voxceleb,dev,id00685/24z-eqP5W_s/00030,00030.wav,The-United-Kingdom-1,India
voxceleb,dev,id02299/vjkZpde0jyA/00479,00479.wav,The-United-States-of-America,The-United-States-of-America
voxceleb,dev,id07847/WG2PHF7Plsw/00114,00114.wav,The-United-States-of-America,The-United-States-of-America
voxceleb,dev,id01556/de1kn3Ju_EU/00351,00351.wav,The-United-Kingdom-1,Kingdom-of-the-Netherlands
voxceleb,dev,id00928/u8YDTQMV5Ac/00092,00092.wav,The-United-Kingdom-1,Uganda
voxceleb,dev,id06005/0GkJSjOxD4U/00006,00006.wav,The-United-Kingdom-1,The-United-States-of-America
voxceleb,dev,id02578/ugGqSHnaPok/00295,00295.wav,The-United-States-of-America,The-United-States-of-America
voxceleb,dev,id00352/UVef3g_PKTg/00139,00139.wav,The-United-Kingdom-1,The-Republic-of-Ireland
voxceleb,dev,id06000/mBSE2zh2bsg/00071,00071.wav,The-United-Kingdom-1,Austria
voxceleb,dev,id07352/3oAzIz3eGP0/00026,00026.wav,The-United-States-of-America,The-United-States-of-America
voxceleb,dev,id00663/M55WuQVrRRU/00033,00033.wav,Germany,Germany
voxceleb,dev,id06625/Hqe7L4rIPnE/00050,00050.wav,India,India
voxceleb,dev,id02156/B7eQWvlKoVQ/00129,00129.wav,India,The-United-Kingdom-1
voxceleb,dev,id05369/BgUwONA3JZ0/00054,00054.wav,The-Republic-of-Ireland,Canada
voxceleb,dev,id07622/uO76PAHcH5U/00289,00289.wav,The-United-Kingdom-1,The-United-Kingdom-1
voxceleb,dev,id06417/oM1xQW4mo34/00093,00093.wav,The-United-Kingdom-1,The-United-Kingdom-1
voxceleb,dev,id05283/evintiz4Igk/00139,00139.wav,The-United-States-of-America,The-United-States-of-America
voxceleb,dev,id08026/M9D_ZcsMsO8/00013,00013.wav,China,Malaysia
voxceleb,dev,id02898/1E8_z13t6gw/00022,00022.wav,The-Republic-of-Ireland,Kingdom-of-the-Netherlands
voxceleb,dev,id06974/W4QzHKiMsl8/00028,00028.wav,United States of America,The-United-States-of-America
voxceleb,dev,id07233/xTDGjZnQCiI/00029,00029.wav,The-United-Kingdom-1,British-Colonial-Rule
voxceleb,dev,id02421/3C4rhAbkIMg/00014,00014.wav,The-United-States-of-America,The-United-States-of-America
voxceleb,dev,id04844/MaqSSwdYTJk/00076,00076.wav,India,India
voxceleb,dev,id05926/tq340Mh5QTs/00392,00392.wav,The-United-States-of-America,Turkey-country
voxceleb,dev,id01387/lNHV2yyUblw/00401,00401.wav,The-United-States-of-America,The-United-States-of-America
voxceleb,dev,id01718/XkBx6rM6sW0/00126,00126.wav,The-United-Kingdom-1,France
voxceleb,dev,id00418/vjwoNW6Y7iE/00171,00171.wav,The-United-States-of-America,The-United-States-of-America
voxceleb,dev,id07285/5nPJlL-ZEd0/00025,00025.wav,Germany,Germany
voxceleb,dev,id05703/jGsAMuBBvLo/00202,00202.wav,Germany,unknown
voxceleb,dev,id07256/tp3MC65woP0/00467,00467.wav,The-United-Kingdom-1,The-United-Kingdom-1
voxceleb,dev,id00633/VtqjOqs8HG0/00096,00096.wav,New-Zealand,Australia
voxceleb,dev,id06395/VwsUSLfpolI/00063,00063.wav,The-United-Kingdom-1,The-United-Kingdom-1
voxceleb,dev,id06445/SJfGPIUh8yo/00185,00185.wav,The-United-Kingdom-1,India
voxceleb,dev,id03016/hH6hZiyqzYw/00070,00070.wav,The-United-Kingdom-1,Australia
voxceleb,dev,id08556/hwQ3d9tcbBk/00307,00307.wav,The-United-States-of-America,The-United-States-of-America
voxceleb,dev,id07829/Dcff5CTTKQo/00056,00056.wav,The-United-States-of-America,The-United-States-of-America
voxceleb,dev,id04780/kFas37g1tPc/00360,00360.wav,The-United-States-of-America,The-United-States-of-America
voxceleb,dev,id01074/17WenGGlOIw/00004,00004.wav,The-United-Kingdom-1,Denmark
voxceleb,dev,id03215/bwXWlNUohec/00303,00303.wav,The-United-States-of-America,The-United-States-of-America
voxceleb,dev,id05681/I4EbzOxmU6U/00050,00050.wav,The-United-Kingdom-1,The-United-Kingdom-1
voxceleb,dev,id01170/ayBGPlcDfLA/00054,00054.wav,The-United-States-of-America,The-United-States-of-America
voxceleb,dev,id02936/vXxMPPQcysU/00106,00106.wav,Spain,Argentina
voxceleb,dev,id05257/nX4R4oYiY8Q/00448,00448.wav,The-United-States-of-America,The-United-States-of-America
voxceleb,dev,id00634/z5t9oJizDQg/00094,00094.wav,The-United-Kingdom-1,France
voxceleb,dev,id02040/HSzbTCEg_HM/00229,00229.wav,The-United-Kingdom-1,The-United-Kingdom-1
voxceleb,dev,id00198/Q2akT19LUUM/00175,00175.wav,The-United-Kingdom-1,Mexico
voxceleb,dev,id00699/UGLEgMXzH-Y/00276,00276.wav,The-United-States-of-America,The-United-States-of-America
voxceleb,dev,id04889/nJOmuqioFxE/00164,00164.wav,The-Republic-of-Ireland,Belgium
voxceleb,dev,id04649/qA8rLd6_6WI/00071,00071.wav,Germany,Germany
voxceleb,dev,id07168/M8IRcUAUH6Q/00017,00017.wav,India,India
voxceleb,dev,id05545/44JZnox_W2Y/00032,00032.wav,Italy,Italy
voxceleb,dev,id02458/tm_QFSf0T80/00270,00270.wav,The-United-States-of-America,The-United-States-of-America
voxceleb,dev,id02495/pYY9jKECojM/00326,00326.wav,The-United-Kingdom-1,The-United-Kingdom-1
voxceleb,dev,id00036/ewlI6LNNQHo/00069,00069.wav,Indonesia,Indonesia
voxceleb,dev,id05977/ver_29j8ujo/00296,00296.wav,The-United-Kingdom-1,The-United-States-of-America
voxceleb,dev,id01754/AdUYDNQhhCk/00117,00117.wav,The-United-Kingdom-1,Australia
voxceleb,dev,id02014/UlPxmpuW6dw/00061,00061.wav,Spain,Spain
voxceleb,dev,id00494/BC8k7GL7r6Q/00085,00085.wav,Germany,Germany
voxceleb,dev,id06964/EptD_40x56w/00023,00023.wav,The-United-Kingdom-1,The-United-Kingdom-1
voxceleb,dev,id08013/JtdiNS7Jhuw/00063,00063.wav,The-United-Kingdom-1,Jamaica
voxceleb,dev,id06335/0sf42plKL_4/00035,00035.wav,India,India
voxceleb,dev,id02296/H1X_TG4t4Tw/00015,00015.wav,The-United-States-of-America,Canada
voxceleb,dev,id05039/LuCeU49rryk/00139,00139.wav,France,France
voxceleb,dev,id00568/QOdg8onOECU/00133,00133.wav,The-United-Kingdom-1,The-United-States-of-America
voxceleb,dev,id00426/tXs5tWvQec4/00114,00114.wav,The-United-States-of-America,The-United-States-of-America
voxceleb,dev,id03203/e-Ajx8bUtXk/00177,00177.wav,The-United-States-of-America,The-United-States-of-America
voxceleb,dev,id06833/LCi_Crkcgyg/00066,00066.wav,The-United-Kingdom-1,Spain
voxceleb,dev,id00353/Nt3z-2A10II/00213,00213.wav,The-United-Kingdom-1,The-United-States-of-America
voxceleb,dev,id00149/HX85GgGzLA4/00156,00156.wav,The-United-Kingdom-1,unknown
voxceleb,dev,id06424/pOWc_q_oN1k/00375,00375.wav,The-United-Kingdom-1,South-Africa
voxceleb,dev,id04999/259-2VwLdAw/00006,00006.wav,The-United-Kingdom-1,Denmark
voxceleb,dev,id07294/BsSNrUbOITA/00009,00009.wav,The-United-Kingdom-1,India
voxceleb,dev,id07738/RjtGU_k24Bs/00094,00094.wav,India,The-United-Kingdom-1
voxceleb,dev,id06683/kS_KzeG58U8/00189,00189.wav,The-United-Kingdom-1,France
voxceleb,dev,id01686/AfhZlKsNKeo/00019,00019.wav,The-United-States-of-America,The-United-States-of-America
voxceleb,dev,id08756/kEERgY0VfY0/00217,00217.wav,India,India
voxceleb,dev,id00289/gFEPcFN57oo/00102,00102.wav,The-United-Kingdom-1,The-United-States-of-America
voxceleb,dev,id01650/qmgKKS4HBXI/00117,00117.wav,Germany,Germany
voxceleb,dev,id02072/A6I5PBBRC78/00001,00001.wav,India,India
voxceleb,dev,id07744/Wa7niT34Fek/00318,00318.wav,The-United-Kingdom-1,Finland
voxceleb,dev,id04834/V1n3oYZ2FWQ/00193,00193.wav,The-Republic-of-Ireland,The-United-States-of-America
voxceleb,dev,id01530/WQ5mhubEZRU/00082,00082.wav,The-United-States-of-America,The-United-States-of-America
voxceleb,dev,id06138/3YroZbFlx4c/00042,00042.wav,The-Republic-of-Ireland,Montenegro
voxceleb,dev,id08108/iyBqxlXfkaI/00359,00359.wav,India,India
voxceleb,dev,id05893/m1YWANd2YAM/00423,00423.wav,The-United-Kingdom-1,The-United-States-of-America
voxceleb,dev,id08728/Yd3sU0WzZhE/00257,00257.wav,The-United-States-of-America,The-United-States-of-America
voxceleb,dev,id07553/WsPObJUQ_0g/00123,00123.wav,The-United-States-of-America,Canada
voxceleb,dev,id02485/zeNArmIf1pA/00090,00090.wav,The-United-Kingdom-1,The-United-Kingdom-1
voxceleb,dev,id00502/6FyQLkrhEzg/00023,00023.wav,The-United-States-of-America,The-United-States-of-America
voxceleb,dev,id02030/7FRKl_ERS9E/00018,00018.wav,The-United-Kingdom-1,The-United-Kingdom-1
voxceleb,dev,id01806/yzLe3uBlGww/00493,00493.wav,The-United-Kingdom-1,England
voxceleb,dev,id05830/SxhJ6e1zqQk/00125,00125.wav,The-United-Kingdom-1,The-United-Kingdom-1
voxceleb,dev,id03101/_P_fweB-G_w/00123,00123.wav,Spain,Colombia
voxceleb,dev,id01457/x4sh9jqcx30/00404,00404.wav,The-United-Kingdom-1,Sweden
voxceleb,dev,id02022/sSMJLchj3fc/00136,00136.wav,The-United-States-of-America,The-United-States-of-America
voxceleb,dev,id03040/nukR_Tqvwl8/00256,00256.wav,The-United-States-of-America,The-United-States-of-America
voxceleb,dev,id08315/ppVqP5VY1YM/00079,00079.wav,The-United-States-of-America,The-United-States-of-America
voxceleb,dev,id02289/g-NdBuj7x9g/00356,00356.wav,The-United-Kingdom-1,The-United-Kingdom-1
voxceleb,dev,id06820/1qP8n2u6P8Y/00010,00010.wav,The-United-Kingdom-1,France
voxceleb,dev,id06593/9UCBv5JzngM/00029,00029.wav,The-United-States-of-America,The-United-States-of-America
voxceleb,dev,id02260/E4HgfTDdfP8/00065,00065.wav,France,France
voxceleb,dev,id08600/OeFfEY1t72I/00234,00234.wav,The-United-States-of-America,Canada
voxceleb,dev,id08498/LpCh5jTGgIk/00036,00036.wav,The-United-Kingdom-1,Belgium
voxceleb,dev,id01165/6v9Xa0xPVcs/00019,00019.wav,Japan,India
voxceleb,dev,id08437/37HjZE8hdaA/00206,00206.wav,The-United-States-of-America,The-United-States-of-America
voxceleb,dev,id08610/n-fJnh2Enxk/00073,00073.wav,The-United-Kingdom-1,The-United-Kingdom-1
voxceleb,dev,id04709/d7Ntz0abOIQ/00118,00118.wav,The-United-Kingdom-1,Turkey-country
voxceleb,dev,id07351/82V_kXNtxY8/00058,00058.wav,The-United-States-of-America,The-United-States-of-America
voxceleb,dev,id08634/ZIc1cPKgOpg/00133,00133.wav,The-Republic-of-Ireland,The-Czech-Republic-1
voxceleb,dev,id04733/tVyGD3huzGI/00102,00102.wav,The-United-Kingdom-1,The-United-Kingdom-1
voxceleb,dev,id01218/yHqViP2cBeI/00418,00418.wav,France,France
voxceleb,dev,id07130/jOAizGlpfec/00360,00360.wav,The-United-Kingdom-1,The-United-Kingdom-1
voxceleb,dev,id01081/p_OkgJUZf7U/00045,00045.wav,The-United-Kingdom-1,The-United-States-of-America
voxceleb,dev,id04927/X-QE2CQCo_4/00047,00047.wav,The-United-Kingdom-1,India
voxceleb,dev,id07213/6pRcE22JrsA/00040,00040.wav,The-United-States-of-America,The-United-States-of-America
voxceleb,dev,id08287/0Awtacq6jL4/00001,00001.wav,France,France
voxceleb,dev,id07680/ZSx55mnQ_ys/00113,00113.wav,The-United-Kingdom-1,The-United-Kingdom-1
voxceleb,dev,id01523/2NaTnQw04yk/00062,00062.wav,The-United-Kingdom-1,The-United-States-of-America
voxceleb,dev,id01841/1LJtbZJPx0w/00006,00006.wav,The-United-Kingdom-1,Puerto-Rico
voxceleb,dev,id07353/ew8PZ5E1N_o/00105,00105.wav,The-United-Kingdom-1,The-United-States-of-America
voxceleb,dev,id05916/sn_P1zupIcY/00447,00447.wav,The-United-States-of-America,unknown
voxceleb,dev,id01285/lZoXPVojjVU/00287,00287.wav,The-United-Kingdom-1,The-United-States-of-America
voxceleb,dev,id01510/2PcD27mQK2Y/00004,00004.wav,The-Netherlands,Kingdom-of-the-Netherlands
voxceleb,dev,id06957/4oCENZREB58/00047,00047.wav,India,The-Czech-Republic-1
voxceleb,dev,id07661/6McUebkyLUE/00056,00056.wav,The-United-Kingdom-1,The-Republic-of-Ireland
voxceleb,dev,id08525/s_lVVf001Hw/00488,00488.wav,Germany,Germany
voxceleb,dev,id02848/SfXg8YFnvhc/00025,00025.wav,Italy,Italy
voxceleb,dev,id03088/RK7mchWwXZQ/00227,00227.wav,The-United-States-of-America,The-United-States-of-America
voxceleb,dev,id05034/pGPRclYNgzQ/00156,00156.wav,The-Republic-of-Ireland,France
voxceleb,dev,id08616/jMAQDCSgSlE/00165,00165.wav,The-United-States-of-America,The-United-States-of-America
voxceleb,dev,id05129/C_ImgEAsroo/00024,00024.wav,The-United-Kingdom-1,Kingdom-of-the-Netherlands
voxceleb,dev,id01093/JrOWKW7TgZQ/00102,00102.wav,The-United-Kingdom-1,The-United-States-of-America
voxceleb,dev,id01346/5ylzwdQ0GK0/00010,00010.wav,Israel,The-United-States-of-America
voxceleb,dev,id06541/m3pl-7RLSpI/00262,00262.wav,The-United-Kingdom-1,The-United-Kingdom-1
voxceleb,dev,id07397/LostYWDoEb0/00042,00042.wav,The-United-States-of-America,The-United-Kingdom-1
voxceleb,dev,id05016/6y8LVlW0oqw/00014,00014.wav,The-United-Kingdom-1,The-Republic-of-Ireland
voxceleb,dev,id04980/Iza1nDhjwuk/00144,00144.wav,United States,The-United-States-of-America
voxceleb,dev,id04655/GBsCRrMLYwE/00107,00107.wav,The-United-Kingdom-1,Soviet-Union-1
voxceleb,dev,id05879/CqYxqrzzjlI/00033,00033.wav,Germany,Germany
voxceleb,dev,id01681/m2r4QOYTSKU/00425,00425.wav,The-United-States-of-America,Canada
voxceleb,dev,id06759/C1OfzzHcwnE/00051,00051.wav,India,India
voxceleb,dev,id01249/YDPsEodC9WM/00047,00047.wav,The-United-States-of-America,The-United-States-of-America
voxceleb,dev,id07714/UdDSTbsWObc/00165,00165.wav,The-United-States-of-America,The-United-States-of-America
voxceleb,dev,id08294/DfZXnNRzP2c/00076,00076.wav,The-United-States-of-America,The-United-States-of-America
voxceleb,dev,id04967/hekGDaPFK1I/00061,00061.wav,The-United-States-of-America,The-United-States-of-America
voxceleb,dev,id01859/ZChigbg9RK0/00175,00175.wav,India,India
voxceleb,dev,id07829/bR8UQ8UW0mE/00137,00137.wav,The-United-States-of-America,The-United-States-of-America
voxceleb,dev,id03100/EKOfGms1a7M/00018,00018.wav,The-United-Kingdom-1,The-United-States-of-America
voxceleb,dev,id08354/tjMIqFjwYvg/00172,00172.wav,France,France
voxceleb,dev,id08381/xfw269KmnQw/00256,00256.wav,The-United-Kingdom-1,New-Zealand
voxceleb,dev,id05493/W0sl0r_XXc0/00025,00025.wav,Italy,Italy
voxceleb,dev,id02249/0QSm2ER5jl4/00016,00016.wav,The-United-States-of-America,The-United-States-of-America
voxceleb,dev,id07885/NnCRlZSA0Q8/00057,00057.wav,India,India
voxceleb,dev,id01489/YYEcyPWFO2o/00207,00207.wav,The-United-Kingdom-1,The-United-States-of-America
voxceleb,dev,id00286/AJq3iK4NHhw/00054,00054.wav,France,France
voxceleb,dev,id07236/M6tRvaEM2SE/00211,00211.wav,India,India
voxceleb,dev,id02213/muM0prC--vQ/00021,00021.wav,The-United-Kingdom-1,Australia
voxceleb,dev,id01113/m7nSZCkVgHs/00201,00201.wav,The-United-States-of-America,The-United-States-of-America
voxceleb,dev,id07288/s24ynZQnRU4/00346,00346.wav,Italy,Italy
voxceleb,dev,id08213/K1BpUMG6oRM/00061,00061.wav,Germany,Germany
voxceleb,dev,id08261/KM1daC2UYsc/00095,00095.wav,The-United-Kingdom-1,The-United-States-of-America
voxceleb,dev,id08501/RhqT19QWDX8/00147,00147.wav,The-United-Kingdom-1,The-United-Kingdom-1
voxceleb,dev,id01365/B50_I0QXrzo/00114,00114.wav,The-United-Kingdom-1,The-United-States-of-America
voxceleb,dev,id05830/m4ReEdWfaJI/00185,00185.wav,The-United-Kingdom-1,The-United-Kingdom-1
voxceleb,dev,id02311/ZT_MZQl0KmU/00243,00243.wav,United States of America,The-United-States-of-America
voxceleb,dev,id08613/VZe_D8aZ8ss/00065,00065.wav,The-United-Kingdom-1,The-Philippines-1
voxceleb,dev,id07447/NPfSpm_Hk94/00189,00189.wav,The-United-Kingdom-1,Spain
voxceleb,dev,id08179/UrlAWyJvBqo/00013,00013.wav,France,Mali
voxceleb,dev,id00922/1UIu-7D2nDM/00013,00013.wav,Germany,Germany
voxceleb,dev,id02351/VEIwSh8HbqM/00220,00220.wav,The-United-Kingdom-1,The-United-Kingdom-1
voxceleb,dev,id08739/IBDtS8QipOk/00174,00174.wav,The-United-Kingdom-1,India
voxceleb,dev,id07624/gJUQzsoN5fI/00411,00411.wav,The-United-States-of-America,The-United-States-of-America
voxceleb,dev,id05049/TCiktSDy8pg/00145,00145.wav,The-United-Kingdom-1,The-United-States-of-America
voxceleb,dev,id08079/pz68gB6rTis/00470,00470.wav,The-United-Kingdom-1,The-Republic-of-Ireland
voxceleb,dev,id07547/wuHhlsvJCCE/00286,00286.wav,The-United-States-of-America,The-United-Kingdom-1
voxceleb,dev,id05552/SnlJBioizjQ/00218,00218.wav,The-Republic-of-Ireland,The-United-Kingdom-1
voxceleb,dev,id04971/b04YItNeu9I/00186,00186.wav,India,India
voxceleb,dev,id07531/UjjC-iqbuYI/00203,00203.wav,The-United-States-of-America,The-United-States-of-America
voxceleb,dev,id05777/cuxilO9XdWs/00187,00187.wav,The-United-Kingdom-1,Venezuela
voxceleb,dev,id05004/NTTQ3zoccNI/00006,00006.wav,Italy,Italy
voxceleb,dev,id01317/ExNr5MpK8EM/00108,00108.wav,The-United-Kingdom-1,The-United-Kingdom-1
voxceleb,dev,id00303/yZfUirraMKw/00259,00259.wav,Spain,Cuba
voxceleb,dev,id04845/JWaYJnbgAHk/00141,00141.wav,The-United-Kingdom-1,The-United-States-of-America
voxceleb,dev,id02388/ip_MmzusZEo/00044,00044.wav,The-United-Kingdom-1,Spain
voxceleb,dev,id00039/tPmXg1TWwAc/00052,00052.wav,Indonesia,Indonesia
voxceleb,dev,id08739/muYFYDS4Mtk/00376,00376.wav,India,India
voxceleb,dev,id07077/Y07MUdwOaM8/00166,00166.wav,India,India
voxceleb,dev,id01003/ObVoy_126sI/00093,00093.wav,The-United-States-of-America,The-United-States-of-America
voxceleb,dev,id07204/scN2JoZz0TE/00187,00187.wav,The-United-States-of-America,unknown
voxceleb,dev,id06368/Ayi1A94qrx0/00085,00085.wav,The-United-Kingdom-1,The-United-States-of-America
voxceleb,dev,id08546/kM8jSeLy0fU/00369,00369.wav,The-United-States-of-America,The-United-States-of-America
voxceleb,dev,id03189/iyPTlDU0gJ8/00175,00175.wav,The-United-Kingdom-1,The-United-Kingdom-1
voxceleb,dev,id06696/pWMZgMpQIRI/00317,00317.wav,The-United-Kingdom-1,The-United-Kingdom-1
voxceleb,dev,id00313/RLSxEEJUQFs/00116,00116.wav,The-Republic-of-Ireland,Kingdom-of-the-Netherlands
voxceleb,dev,id04907/BDSLeOwrsxQ/00120,00120.wav,The-United-Kingdom-1,The-United-States-of-America
voxceleb,dev,id07565/dcOVCueeXls/00263,00263.wav,The-United-States-of-America,The-United-States-of-America
voxceleb,dev,id08271/v7CyGR02AX0/00080,00080.wav,The-United-States-of-America,The-United-States-of-America
voxceleb,dev,id01182/cWtS0xgWjQ0/00075,00075.wav,The-United-States-of-America,The-United-States-of-America
voxceleb,dev,id06270/og4TrHhEFoA/00103,00103.wav,The-United-Kingdom-1,Canada
voxceleb,dev,id03201/DvpgD8dUt6I/00104,00104.wav,The-United-States-of-America,The-United-States-of-America
voxceleb,dev,id00588/eDOEusCiurU/00050,00050.wav,Egypt,Egypt
voxceleb,dev,id07019/GhNPg5JUDE4/00076,00076.wav,France,France
voxceleb,dev,id06862/3_lwxwrcfpU/00004,00004.wav,The-United-States-of-America,The-United-States-of-America
voxceleb,dev,id00610/WEXCikN_RgY/00102,00102.wav,India,India
voxceleb,dev,id08723/E8qIRLBzng0/00069,00069.wav,The-United-States-of-America,The-United-States-of-America
voxceleb,dev,id01734/841wupCNrbo/00040,00040.wav,The-Republic-of-Ireland,Italy
voxceleb,dev,id05344/w6httPXxv6E/00136,00136.wav,Germany,Germany
voxceleb,dev,id08047/JLg3Wz4VMR8/00124,00124.wav,India,India
voxceleb,dev,id01501/y8GocthQZ9g/00472,00472.wav,The-United-States-of-America,The-United-States-of-America
voxceleb,dev,id07434/e0oAIsB3rxE/00224,00224.wav,The-United-Kingdom-1,Germany
voxceleb,dev,id01387/3aEe6_3Oh54/00039,00039.wav,The-United-States-of-America,The-United-States-of-America
voxceleb,dev,id01964/TGLvWvgqUKQ/00026,00026.wav,The-United-Kingdom-1,The-United-Kingdom-1
voxceleb,dev,id04961/d6vkTjLQryc/00253,00253.wav,The-United-Kingdom-1,The-United-States-of-America
voxceleb,dev,id00050/jozj63tM_LA/00065,00065.wav,The-United-States-of-America,The-United-States-of-America
voxceleb,dev,id08758/hExCErLCbZA/00174,00174.wav,The-United-States-of-America,The-United-States-of-America
voxceleb,dev,id06504/p8G83N3QvlM/00205,00205.wav,The-United-Kingdom-1,The-United-Kingdom-1
voxceleb,dev,id04742/44CCLoGOfKc/00023,00023.wav,The-United-States-of-America,The-United-States-of-America
voxceleb,dev,id01505/QjZrfZO4EFs/00052,00052.wav,The-United-States-of-America,The-United-States-of-America
voxceleb,dev,id02034/89u74y7GAJc/00019,00019.wav,The-United-States-of-America,Canada
voxceleb,dev,id02958/SAHIWLdyu3Q/00035,00035.wav,Spain,Mexico
voxceleb,dev,id07371/q6DFsNdWE2o/00060,00060.wav,The-United-Kingdom-1,The-United-Kingdom-1
voxceleb,dev,id02303/14A5YUs4MmU/00004,00004.wav,Italy,Belgium
voxceleb,dev,id01182/8lVcbHjw_NE/00010,00010.wav,The-United-Kingdom-1,The-United-States-of-America
voxceleb,dev,id01543/HSpYzxI5DdM/00042,00042.wav,The-United-Kingdom-1,The-United-States-of-America
voxceleb,dev,id02297/fCXOzspSeeU/00304,00304.wav,India,unknown
voxceleb,dev,id01907/HW3renVv6tc/00129,00129.wav,The-United-Kingdom-1,The-United-States-of-America
voxceleb,dev,id06767/45mNWa4g8zM/00002,00002.wav,Italy,unknown
voxceleb,dev,id01866/FVX8-jwqPPM/00036,00036.wav,The-United-States-of-America,The-United-States-of-America
voxceleb,dev,id08204/t_ynoGMMwRs/00231,00231.wav,The-United-States-of-America,Spain
voxceleb,dev,id01754/r_uJ4mfSi1M/00493,00493.wav,The-United-Kingdom-1,Australia
voxceleb,dev,id05875/S2lPV2fuExY/00118,00118.wav,The-United-Kingdom-1,The-United-Kingdom-1
voxceleb,dev,id08443/f-aRzGpcyd0/00033,00033.wav,The-United-States-of-America,The-United-States-of-America
voxceleb,dev,id06848/coj8yoLG1rw/00052,00052.wav,The-United-Kingdom-1,The-Republic-of-Ireland
voxceleb,dev,id04997/Xrz76P0g_SY/00270,00270.wav,The-United-States-of-America,The-United-States-of-America
voxceleb,dev,id00770/tcZEvTzmhwU/00268,00268.wav,The-United-Kingdom-1,The-United-Kingdom-1
voxceleb,dev,id05241/TRqRritgRTw/00242,00242.wav,The-Republic-of-Ireland,The-Philippines-1
voxceleb,dev,id05376/J-vE6xQUucI/00134,00134.wav,The-United-Kingdom-1,The-United-States-of-America
voxceleb,dev,id06481/u0shX_zqFwI/00277,00277.wav,The-United-Kingdom-1,The-United-States-of-America
voxceleb,dev,id00395/JBoCZCOdUo0/00114,00114.wav,The-United-Kingdom-1,The-United-States-of-America
voxceleb,dev,id00287/gvPM4ePeZ0s/00092,00092.wav,The-United-Kingdom-1,unknown
voxceleb,dev,id06379/QRrhw683zjU/00003,00003.wav,The-United-Kingdom-1,Canada
voxceleb,dev,id06320/dKrX0-2JTeI/00059,00059.wav,The-United-Kingdom-1,Germany
voxceleb,dev,id05490/9lccMlIcJPg/00028,00028.wav,The-United-Kingdom-1,Germany
voxceleb,dev,id00741/OeY3u2GcEUE/00178,00178.wav,The-United-Kingdom-1,The-United-States-of-America
voxceleb,dev,id05255/pc6gi5QgsQE/00035,00035.wav,Sweden,Sweden
voxceleb,dev,id00620/vftvAlmqjJE/00428,00428.wav,The-United-Kingdom-1,Australia
voxceleb,dev,id08569/cdZyZVOryt0/00322,00322.wav,The-United-States-of-America,The-United-States-of-America
voxceleb,dev,id06517/oUPg2QLMYHo/00207,00207.wav,The-United-Kingdom-1,The-United-States-of-America
voxceleb,dev,id02736/4AQ8UmwB8Kw/00019,00019.wav,India,India
voxceleb,dev,id05058/XrmtKrK4BTc/00162,00162.wav,India,India
voxceleb,dev,id08686/P2OoWai54Ds/00009,00009.wav,The-United-States-of-America,Canada
voxceleb,dev,id08454/jN7fZWDrfmA/00181,00181.wav,The-United-Kingdom-1,The-Philippines-1
voxceleb,dev,id02236/QIKSL5XrMos/00135,00135.wav,France,France
voxceleb,dev,id01683/sOfGmlPKwd4/00300,00300.wav,The-United-Kingdom-1,Malaysia
voxceleb,dev,id05147/WlaCSFQ6Ljc/00206,00206.wav,The-United-States-of-America,The-United-States-of-America
voxceleb,dev,id06018/FUU0nvIhf8U/00152,00152.wav,The-United-States-of-America,The-United-States-of-America
voxceleb,dev,id06449/OKbUHdlYqtU/00085,00085.wav,The-United-Kingdom-1,Australia
voxceleb,dev,id07982/oaivthbFa90/00384,00384.wav,The-United-Kingdom-1,The-United-States-of-America
voxceleb,dev,id06530/bJEjbbiGe5k/00010,00010.wav,The-United-Kingdom-1,Argentina
voxceleb,dev,id05165/nt0kVFtvy1Y/00285,00285.wav,The-United-States-of-America,The-United-States-of-America
voxceleb,dev,id07816/7iIIPV6cnok/00006,00006.wav,India,India
voxceleb,dev,id07967/J-fh0p1FANY/00043,00043.wav,The-United-States-of-America,The-United-States-of-America
voxceleb,dev,id05384/GS8-CVbBLLE/00196,00196.wav,South-Korea,Taiwan
voxceleb,dev,id05738/5BAOakVpOe4/00031,00031.wav,The-United-Kingdom-1,The-United-Kingdom-1
voxceleb,dev,id06024/Zq2PcejfMyQ/00172,00172.wav,Germany,unknown
voxceleb,dev,id01962/4AuGczSUHJI/00002,00002.wav,The-United-Kingdom-1,Australia
voxceleb,dev,id05280/ycrAbTZ02CE/00066,00066.wav,India,The-Philippines-1
voxceleb,dev,id06794/2qPFqSBfiwU/00003,00003.wav,The-United-Kingdom-1,The-United-States-of-America
voxceleb,dev,id07117/6TjzALvQNV8/00020,00020.wav,Australia,Australia
voxceleb,dev,id00859/Ju8psKIOjeA/00050,00050.wav,The-United-Kingdom-1,Iran
voxceleb,dev,id08365/S_IhNQjXQZA/00045,00045.wav,The-United-Kingdom-1,Spain
voxceleb,dev,id08451/z0D6ZW0qD-Q/00217,00217.wav,The-United-Kingdom-1,Zimbabwe
voxceleb,dev,id06323/5ixWMGMz-lo/00114,00114.wav,The-Republic-of-Ireland,France
voxceleb,dev,id05770/J4DaXaS6vVc/00026,00026.wav,The-United-Kingdom-1,The-United-Kingdom-1
voxceleb,dev,id07623/mc7aeS_PZwk/00273,00273.wav,The-United-Kingdom-1,The-United-States-of-America
voxceleb,dev,id07094/vf4_CVsxJjw/00031,00031.wav,The-United-Kingdom-1,New-Zealand
voxceleb,dev,id03125/oljBa68BfRc/00159,00159.wav,The-United-Kingdom-1,Kingdom-of-the-Netherlands
voxceleb,dev,id02105/h-niN4dT04Y/00256,00256.wav,The-United-States-of-America,The-United-States-of-America
voxceleb,dev,id08581/DWepALrypxQ/00013,00013.wav,The-United-Kingdom-1,The-United-States-of-America
voxceleb,dev,id01097/ov93rft-jVg/00164,00164.wav,The-United-States-of-America,The-United-States-of-America
voxceleb,dev,id02037/SGA3dGAD3z8/00044,00044.wav,The-United-Kingdom-1,France
voxceleb,dev,id02544/zAB2aYLclpM/00041,00041.wav,The-United-Kingdom-1,Mexico
voxceleb,dev,id02294/6oRuGBVX--o/00051,00051.wav,The-Republic-of-Ireland,Bosnia-and-Herzegovina
voxceleb,dev,id07785/GfqQFeyAFNI/00010,00010.wav,The-United-Kingdom-1,The-United-Kingdom-1
voxceleb,dev,id08303/JsxbZXB7xnY/00041,00041.wav,India,India
voxceleb,dev,id08725/SGsQZWz8urg/00054,00054.wav,The-United-Kingdom-1,Kingdom-of-the-Netherlands
voxceleb,dev,id07064/khTIRtV5eXQ/00185,00185.wav,The-United-Kingdom-1,India
voxceleb,dev,id02700/4RAlxAmdzgo/00008,00008.wav,The-United-States-of-America,Italy
voxceleb,dev,id06553/3fVtqUZw_yo/00031,00031.wav,The-United-States-of-America,The-United-States-of-America
voxceleb,dev,id06971/da4tmtzuAaM/00227,00227.wav,The-United-States-of-America,The-United-States-of-America
voxceleb,dev,id05739/blnO2qGvmNY/00279,00279.wav,Germany,Germany
voxceleb,dev,id06846/Eg6YFe2dPsM/00087,00087.wav,Greece,Belgium
voxceleb,dev,id06485/FqKhCasvicQ/00087,00087.wav,The-United-States-of-America,The-United-States-of-America
voxceleb,dev,id03187/7M4LHKd7oXc/00025,00025.wav,The-United-Kingdom-1,South-Africa
voxceleb,dev,id01212/1q5GUAI_a3c/00036,00036.wav,The-United-States-of-America,The-United-States-of-America
voxceleb,dev,id01992/pBP7kTRU6LA/00220,00220.wav,The-United-Kingdom-1,The-United-Kingdom-1
voxceleb,dev,id02351/n7dIhWIJRII/00368,00368.wav,The-United-Kingdom-1,The-United-Kingdom-1
voxceleb,dev,id06504/_nTnQuJLn8I/00163,00163.wav,The-United-Kingdom-1,The-United-Kingdom-1
voxceleb,dev,id04953/fARtOF6LO6M/00106,00106.wav,The-United-Kingdom-1,The-United-States-of-America
voxceleb,dev,id04752/gVy4UPuiKao/00344,00344.wav,The-United-Kingdom-1,Canada
voxceleb,dev,id02714/54nZb4pX1a4/00009,00009.wav,Italy,Italy
voxceleb,dev,id00488/4CvrE6pCvto/00011,00011.wav,India,India
voxceleb,dev,id05693/Y9gcYEO0gb0/00263,00263.wav,The-United-Kingdom-1,The-United-States-of-America
voxceleb,dev,id02812/JL5xe-sFhfY/00037,00037.wav,The-United-States-of-America,The-United-States-of-America
voxceleb,dev,id02388/BtAnFa3Pza8/00013,00013.wav,Spain,Spain
voxceleb,dev,id00755/iZIGhYvGBHM/00346,00346.wav,The-United-Kingdom-1,The-United-States-of-America
voxceleb,dev,id08376/a4YLwBl4y9k/00216,00216.wav,India,India
voxceleb,dev,id06436/ZVQEXxjwXdA/00017,00017.wav,India,India
voxceleb,dev,id08747/co4a4EUVNAE/00168,00168.wav,The-United-Kingdom-1,Germany
voxceleb,dev,id00187/RvQFHHGZxDc/00236,00236.wav,The-United-Kingdom-1,The-United-Kingdom-1
voxceleb,dev,id05190/IcViUQ3EP3A/00007,00007.wav,The-United-Kingdom-1,The-United-States-of-America
voxceleb,dev,id02179/dYM07fUEqu8/00267,00267.wav,The-United-States-of-America,The-United-States-of-America
voxceleb,dev,id07511/Hd331kc9XAs/00061,00061.wav,France,France
voxceleb,dev,id03028/qG9Uf5aU7Ts/00432,00432.wav,The-United-States-of-America,The-United-States-of-America
voxceleb,dev,id02891/FslUhMIT7E8/00090,00090.wav,France,France
voxceleb,dev,id08544/BeYXMB9ZTpA/00044,00044.wav,The-United-States-of-America,The-United-States-of-America
voxceleb,dev,id07993/4RV4rcrSYgk/00026,00026.wav,The-United-States-of-America,The-United-States-of-America
voxceleb,dev,id00699/UGLEgMXzH-Y/00268,00268.wav,The-United-States-of-America,The-United-States-of-America
voxceleb,dev,id01976/Ug-D6OlGvjg/00090,00090.wav,The-United-Kingdom-1,The-United-Kingdom-1
voxceleb,dev,id03147/nC1D82cKF2s/00391,00391.wav,The-United-Kingdom-1,unknown
voxceleb,dev,id02945/v9vB0w_p6gQ/00172,00172.wav,Germany,Germany
voxceleb,dev,id06197/K9d97cUA2vE/00054,00054.wav,The-United-States-of-America,The-United-States-of-America
voxceleb,dev,id06269/MwUPFU9rDMg/00010,00010.wav,The-United-Kingdom-1,Japan
voxceleb,dev,id03118/4_zPO8XMhmw/00088,00088.wav,Greece,Greece
voxceleb,dev,id02351/8hiemrqZLT0/00047,00047.wav,The-United-Kingdom-1,The-United-Kingdom-1
voxceleb,dev,id01256/jHPx5F1t9kU/00046,00046.wav,The-United-States-of-America,The-United-States-of-America
voxceleb,dev,id04996/3vkaOIGvp3Q/00002,00002.wav,The-United-Kingdom-1,The-United-States-of-America
voxceleb,dev,id07010/I4jI-W799Gg/00067,00067.wav,Italy,Italy
voxceleb,dev,id01060/kgDlL9VDS8o/00332,00332.wav,The-United-States-of-America,The-United-States-of-America
voxceleb,dev,id06298/z0nS80p5hB4/00259,00259.wav,France,France
voxceleb,dev,id04699/eJmoQvr51gA/00037,00037.wav,The-United-Kingdom-1,The-United-States-of-America
voxceleb,dev,id00221/4jqNZMftdn4/00010,00010.wav,Spain,Mexico
voxceleb,dev,id04997/PKQr9hPLcoM/00183,00183.wav,The-United-States-of-America,The-United-States-of-America
voxceleb,dev,id01755/TCp27LGKNyM/00156,00156.wav,The-United-Kingdom-1,The-United-Kingdom-1
voxceleb,dev,id00664/nW1VSXBSpI8/00347,00347.wav,The-United-Kingdom-1,Kingdom-of-the-Netherlands
voxceleb,dev,id05203/FDB0MGO6n_E/00041,00041.wav,The-United-States-of-America,The-United-States-of-America
voxceleb,dev,id07015/7R4Zd9V5wRI/00084,00084.wav,France,France
voxceleb,dev,id08125/UAznVZkMKdU/00095,00095.wav,Russia,Finland
voxceleb,dev,id03221/yRB7laVU3Dc/00091,00091.wav,France,France
voxceleb,dev,id00622/uv6WvcAaNlg/00359,00359.wav,The-United-Kingdom-1,The-United-States-of-America
voxceleb,dev,id07622/5f5GUrs0cHU/00036,00036.wav,The-United-Kingdom-1,The-United-Kingdom-1
voxceleb,dev,id00752/TQYtm0-GPa0/00151,00151.wav,The-United-States-of-America,The-United-States-of-America
voxceleb,dev,id01249/z80V830nreA/00147,00147.wav,The-United-States-of-America,The-United-States-of-America
voxceleb,dev,id01489/USxBM7H-8Tc/00166,00166.wav,The-United-States-of-America,The-United-States-of-America
voxceleb,dev,id05010/wRVGs1e05No/00448,00448.wav,The-United-States-of-America,The-United-States-of-America
voxceleb,dev,id08606/6039RjIhlfg/00086,00086.wav,The-United-Kingdom-1,Germany
voxceleb,dev,id08533/_aA4i296HAU/00215,00215.wav,Germany,Germany
voxceleb,dev,id02356/d0eOExXCrX0/00015,00015.wav,The-United-Kingdom-1,Kingdom-of-the-Netherlands
voxceleb,dev,id03133/PlgfxPraFV0/00123,00123.wav,Germany,Germany
voxceleb,dev,id05257/izxeFr_kBQo/00440,00440.wav,The-United-States-of-America,The-United-States-of-America
voxceleb,dev,id08110/jpyddhVD_os/00174,00174.wav,Jordan-215,Norway
voxceleb,dev,id00516/l80oah5Fxak/00079,00079.wav,The-United-Kingdom-1,Belarus-1
voxceleb,dev,id01096/ZvBgBW_lSVM/00092,00092.wav,The-United-States-of-America,The-United-States-of-America
voxceleb,dev,id07145/FKDMKyw3xXc/00043,00043.wav,The-United-Kingdom-1,Spain
voxceleb,dev,id05323/SyE4LFd2MfI/00040,00040.wav,Italy,Italy
voxceleb,dev,id06203/GzsVhm0QScw/00122,00122.wav,The-United-States-of-America,unknown
voxceleb,dev,id05741/C7l53-UQKa8/00045,00045.wav,The-United-Kingdom-1,The-United-Kingdom-1
voxceleb,dev,id07429/ksoRc6jZI6o/00403,00403.wav,The-United-Kingdom-1,The-United-States-of-America
voxceleb,dev,id03196/bkr6cfH8xEI/00053,00053.wav,The-United-States-of-America,The-United-States-of-America
voxceleb,dev,id06403/bID-jZUSpyg/00171,00171.wav,Canada,The-United-States-of-America
voxceleb,dev,id00395/rYV2t0A5nMI/00295,00295.wav,The-United-States-of-America,The-United-States-of-America
voxceleb,dev,id07849/VD9AKPUxs78/00114,00114.wav,Jamaica,Jamaica
voxceleb,dev,id08569/lwiO84jYgZY/00381,00381.wav,The-United-Kingdom-1,The-United-States-of-America
voxceleb,dev,id05934/rIKWr9bYEg4/00211,00211.wav,The-United-States-of-America,The-United-States-of-America
voxceleb,dev,id00997/HJHvWCyJ3Tc/00082,00082.wav,The-United-Kingdom-1,France
voxceleb,dev,id02728/aOxDI80yk-s/00063,00063.wav,The-Republic-of-Ireland,Colombia
voxceleb,dev,id01121/95q_DQ_ydLw/00083,00083.wav,The-United-States-of-America,The-United-States-of-America
voxceleb,dev,id07077/II6r0APLFpQ/00055,00055.wav,India,India
voxceleb,dev,id00620/qM55wlhFsC8/00375,00375.wav,The-United-Kingdom-1,Australia
voxceleb,dev,id00736/GIM2XYCBPYE/00059,00059.wav,Portugal,Portugal
voxceleb,dev,id07046/zyu18rTYS0M/00368,00368.wav,India,India
voxceleb,dev,id03089/Fz9lLVBuBzU/00010,00010.wav,Brazil,Brazil
voxceleb,dev,id05253/fuOeM7-fYLQ/00186,00186.wav,The-United-States-of-America,The-United-States-of-America
voxceleb,dev,id04667/cpW3Gz4VxDQ/00377,00377.wav,The-Republic-of-Ireland,Germany
voxceleb,dev,id01403/wekD7oD-2oM/00157,00157.wav,The-United-States-of-America,The-United-States-of-America
voxceleb,dev,id00985/bmnahs8CzXY/00071,00071.wav,The-United-States-of-America,Germany
voxceleb,dev,id05693/OVY7B0Xz5Qs/00145,00145.wav,The-United-Kingdom-1,The-United-States-of-America
voxceleb,dev,id01749/NKOdLW28hTc/00104,00104.wav,The-United-States-of-America,The-United-States-of-America
voxceleb,dev,id01340/LYGRCCgWaXg/00028,00028.wav,The-United-Kingdom-1,The-United-States-of-America
voxceleb,dev,id00967/CP_zF02ylvE/00129,00129.wav,France,France
voxceleb,dev,id06185/aMbWdD3jRb8/00123,00123.wav,The-United-Kingdom-1,Slovakia-1
voxceleb,dev,id01448/EWFycjPBx1Q/00170,00170.wav,The-United-States-of-America,The-United-States-of-America
voxceleb,dev,id06055/uUaQZd-Bfgk/00053,00053.wav,The-United-Kingdom-1,The-United-States-of-America
voxceleb,dev,id06002/8opEtCagu74/00031,00031.wav,Germany,Austria
voxceleb,dev,id07618/MkIlh5yJweo/00288,00288.wav,Italy,Germany
voxceleb,dev,id06203/ZvxOoTljpUQ/00223,00223.wav,The-United-States-of-America,unknown
voxceleb,dev,id05159/_fYsGis6SxA/00152,00152.wav,The-United-Kingdom-1,Australia
voxceleb,dev,id08146/LCtPDjt8ujs/00212,00212.wav,India,India
voxceleb,dev,id07957/eeBCh7oUcxM/00170,00170.wav,The-United-Kingdom-1,The-United-States-of-America
voxceleb,dev,id00062/ZhLWkQ331og/00263,00263.wav,Russia,The-United-States-of-America
voxceleb,dev,id01201/OCk002nhQko/00018,00018.wav,The-United-States-of-America,The-United-States-of-America
voxceleb,dev,id02156/HDBgXPNM974/00174,00174.wav,The-United-Kingdom-1,The-United-Kingdom-1
voxceleb,dev,id02457/qt_eFGtxk5I/00387,00387.wav,The-United-States-of-America,unknown
voxceleb,dev,id05408/7HlXubksH-4/00018,00018.wav,Israel,Norway
voxceleb,dev,id06713/nejsYeG_zNY/00212,00212.wav,India,India
voxceleb,dev,id05648/rpebHgMf7vM/00198,00198.wav,The-United-Kingdom-1,The-United-States-of-America
voxceleb,dev,id01448/tLhrAjl6LI0/00486,00486.wav,The-United-States-of-America,The-United-States-of-America
voxceleb,dev,id02583/Y4MsH41dHo4/00066,00066.wav,The-United-Kingdom-1,The-United-States-of-America
voxceleb,dev,id06936/2hloXsXp4nA/00005,00005.wav,The-United-States-of-America,The-United-States-of-America
voxceleb,dev,id05027/BBryUvSP8a4/00071,00071.wav,The-United-Kingdom-1,The-United-States-of-America
voxceleb,dev,id01668/ILAapVcgs6s/00016,00016.wav,The-United-Kingdom-1,The-United-Kingdom-1
voxceleb,dev,id05160/f-Gq4wSo5do/00273,00273.wav,The-Republic-of-Ireland,The-Republic-of-Ireland
voxceleb,dev,id06418/uLkEPBujTQ8/00158,00158.wav,The-United-Kingdom-1,Australia
voxceleb,dev,id06268/o17n4fkGiUA/00216,00216.wav,India,India
voxceleb,dev,id08746/KiLeihJY010/00092,00092.wav,Germany,Germany
voxceleb,dev,id08078/ZM2aXLOgTGk/00133,00133.wav,Poland,Switzerland
voxceleb,dev,id04940/0un5TEXgwSs/00008,00008.wav,The-United-States-of-America,The-United-States-of-America
voxceleb,dev,id00155/hTeHushqn4Y/00068,00068.wav,The-United-Kingdom-1,Australia
voxceleb,dev,id05664/56-QqETLveM/00023,00023.wav,The-United-States-of-America,The-United-States-of-America
voxceleb,dev,id07624/X0vpXIvdLF0/00332,00332.wav,The-United-States-of-America,The-United-States-of-America
voxceleb,dev,id08079/NVz1f4_gxF4/00143,00143.wav,The-United-Kingdom-1,The-Republic-of-Ireland
voxceleb,dev,id04972/MUf9WFcSs64/00164,00164.wav,The-United-Kingdom-1,The-United-States-of-America
voxceleb,dev,id06195/RG8nH9hGVY0/00075,00075.wav,The-United-Kingdom-1,The-United-States-of-America
voxceleb,dev,id08246/4bEqOr1R8nQ/00003,00003.wav,Australia,Australia
voxceleb,dev,id00336/tuwrmvEpcVU/00051,00051.wav,Brazil,Brazil
voxceleb,dev,id04692/ATNeQTR34kw/00012,00012.wav,The-United-States-of-America,The-United-States-of-America
voxceleb,dev,id06586/aj9k7ekGkag/00255,00255.wav,India,India
voxceleb,dev,id05060/y10gD1yKkTo/00495,00495.wav,The-United-Kingdom-1,The-United-Kingdom-1
voxceleb,dev,id07074/ke7NCkTNV6g/00133,00133.wav,The-United-Kingdom-1,Kingdom-of-the-Netherlands
voxceleb,dev,id08202/EqnTdTgyuZI/00076,00076.wav,The-United-Kingdom-1,Switzerland
voxceleb,dev,id05934/vTa2TgJl34w/00235,00235.wav,The-United-Kingdom-1,The-United-States-of-America
voxceleb,dev,id07121/h2mGYogAwd4/00112,00112.wav,The-United-States-of-America,The-United-States-of-America
voxceleb,dev,id08437/l_pAhlLYnKk/00322,00322.wav,The-United-Kingdom-1,The-United-States-of-America
voxceleb,dev,id07295/_kfp0RELGCg/00212,00212.wav,India,India
voxceleb,dev,id07441/wlWAYT0heZ4/00334,00334.wav,The-United-States-of-America,Italy
voxceleb,dev,id05198/da5YNEtf2dc/00033,00033.wav,France,France
voxceleb,dev,id07580/0KbSduD5VS8/00004,00004.wav,France,Spain
voxceleb,dev,id06867/NyHCIhFsZoA/00164,00164.wav,The-United-Kingdom-1,The-United-States-of-America
voxceleb,dev,id01981/su9DxIYbeDo/00070,00070.wav,The-United-Kingdom-1,The-United-Kingdom-1
voxceleb,dev,id01436/H1nsaOHNqXY/00014,00014.wav,The-United-Kingdom-1,The-United-States-of-America
voxceleb,dev,id00430/dXpX9gz034s/00143,00143.wav,The-United-States-of-America,The-United-States-of-America
voxceleb,dev,id06263/1gmnd4u09D8/00011,00011.wav,India,Nigeria
voxceleb,dev,id06071/MG8NQgW1VBM/00090,00090.wav,France,France
voxceleb,dev,id00051/pMapjTqfCT8/00263,00263.wav,Australia,Australia
voxceleb,dev,id05541/wbj1G3zSNu4/00489,00489.wav,The-United-Kingdom-1,Chile
voxceleb,dev,id00943/b-hRS2WtNmc/00369,00369.wav,The-United-States-of-America,The-United-States-of-America
voxceleb,dev,id05698/Wy9IhtyyJyU/00211,00211.wav,China,The-United-Kingdom-1
voxceleb,dev,id00332/bl0TRvRKGcc/00298,00298.wav,Australia,Sweden
voxceleb,dev,id00185/z-to390BOc0/00469,00469.wav,The-United-Kingdom-1,The-United-Kingdom-1
voxceleb,dev,id07529/U-H_9jlEu7w/00162,00162.wav,The-United-States-of-America,The-United-States-of-America
voxceleb,dev,id07166/11TcZe74jps/00002,00002.wav,The-United-Kingdom-1,India
voxceleb,dev,id06015/0YvHxiI-V38/00012,00012.wav,Germany,Germany
voxceleb,dev,id06472/xW0A4GhZzVk/00328,00328.wav,The-United-Kingdom-1,The-United-Kingdom-1
voxceleb,dev,id05197/mS1LNazgwJM/00078,00078.wav,The-United-Kingdom-1,The-United-Kingdom-1
voxceleb,dev,id02365/OV4bYnwO7RY/00056,00056.wav,The-Republic-of-Ireland,China
voxceleb,dev,id05832/bSoiQkFXbEU/00287,00287.wav,The-United-Kingdom-1,The-United-States-of-America
voxceleb,dev,id04939/QHsCl_pYbLg/00094,00094.wav,The-United-Kingdom-1,The-United-States-of-America
voxceleb,dev,id01223/ox8EEFcTpsQ/00437,00437.wav,The-United-States-of-America,The-United-States-of-America
voxceleb,dev,id07140/RVR1epdvqbI/00184,00184.wav,The-United-Kingdom-1,Poland
voxceleb,dev,id07814/T1gcLN-y1v4/00066,00066.wav,The-United-States-of-America,The-United-States-of-America
voxceleb,dev,id04935/XrbTmdc48yM/00071,00071.wav,The-United-Kingdom-1,The-United-States-of-America
voxceleb,dev,id01718/Pjx87_7kH3A/00095,00095.wav,The-United-Kingdom-1,France
voxceleb,dev,id00330/Cb_HQrfLh9g/00021,00021.wav,The-United-States-of-America,The-United-States-of-America
voxceleb,dev,id02446/4NJf3mlcpng/00008,00008.wav,The-Republic-of-Ireland,Austria
voxceleb,dev,id07510/G7qjQoyBJvA/00013,00013.wav,The-United-States-of-America,The-United-States-of-America
voxceleb,dev,id05585/GI288-J1OKw/00085,00085.wav,The-United-Kingdom-1,Sweden
voxceleb,dev,id01376/hWo8MUpVvng/00038,00038.wav,Brazil,Brazil
voxceleb,dev,id07978/t9dqQnWtsI0/00145,00145.wav,The-United-Kingdom-1,India
voxceleb,dev,id06226/x9Z6l5B6uwo/00490,00490.wav,Jordan-215,Lebanon
voxceleb,dev,id01808/43PMlx_YqnM/00023,00023.wav,The-United-Kingdom-1,The-United-Kingdom-1
voxceleb,dev,id06809/vow4T-CvJvE/00133,00133.wav,The-United-Kingdom-1,The-United-States-of-America
voxceleb,dev,id07768/DOMo0i-n3q4/00006,00006.wav,India,India
voxceleb,dev,id00893/2ul_FKnTqgU/00006,00006.wav,The-United-Kingdom-1,The-United-States-of-America
voxceleb,dev,id08613/Lb8kGpAPOKU/00033,00033.wav,The-Republic-of-Ireland,The-Philippines-1
voxceleb,dev,id01052/QfZll5nu8f4/00090,00090.wav,Australia,Australia
voxceleb,dev,id05491/xlgWE_wHhhc/00216,00216.wav,The-United-Kingdom-1,Germany
voxceleb,dev,id05346/YIQPuNlxouc/00067,00067.wav,The-United-States-of-America,The-United-States-of-America
voxceleb,dev,id08048/yUUXCngBymI/00301,00301.wav,India,India
voxceleb,dev,id06328/JWx-P-KFSUE/00018,00018.wav,Germany,Germany
voxceleb,dev,id04667/x6ajn6eUBtg/00489,00489.wav,Germany,Germany
voxceleb,dev,id03087/zp078u0M-4k/00348,00348.wav,The-United-States-of-America,The-United-States-of-America
voxceleb,dev,id06552/KqjIae4B59c/00162,00162.wav,The-United-States-of-America,The-United-States-of-America
voxceleb,dev,id04917/WYE5n2feIGk/00071,00071.wav,The-United-Kingdom-1,Poland
voxceleb,dev,id02053/KqxIa53T0oo/00110,00110.wav,The-United-States-of-America,The-United-States-of-America
voxceleb,dev,id07050/p19mG6lt4KQ/00409,00409.wav,India,India
voxceleb,dev,id02978/r8Bjd873T1U/00185,00185.wav,The-United-Kingdom-1,The-United-Kingdom-1
voxceleb,dev,id06362/Zz-w-RDachQ/00329,00329.wav,India,India
voxceleb,dev,id00927/mrLNIC-f6kw/00131,00131.wav,The-United-Kingdom-1,Australia
voxceleb,dev,id00525/I8CIqENPHLw/00044,00044.wav,The-United-Kingdom-1,Australia
voxceleb,dev,id05964/2Ohhizo6p8o/00010,00010.wav,Egypt,Egypt
voxceleb,dev,id06138/O4TKalZTumQ/00196,00196.wav,The-Republic-of-Ireland,Montenegro
voxceleb,dev,id01038/zc1AZ4GqKpQ/00318,00318.wav,The-United-Kingdom-1,Pakistan
voxceleb,dev,id07305/qJ3tUtj3WGY/00224,00224.wav,The-United-States-of-America,The-United-States-of-America
voxceleb,dev,id00498/qO1mN8XevOE/00035,00035.wav,Italy,Italy
voxceleb,dev,id01207/4xihfo7BdEs/00056,00056.wav,The-United-Kingdom-1,The-United-States-of-America
voxceleb,dev,id01960/XLFHVbDBRfw/00249,00249.wav,The-United-States-of-America,The-United-States-of-America
voxceleb,dev,id02187/nCiVYuxyleI/00260,00260.wav,The-United-States-of-America,The-United-States-of-America
voxceleb,dev,id01827/wCDG-cNH0-s/00472,00472.wav,The-United-Kingdom-1,Italy
voxceleb,dev,id00374/4_-1RwhbqLo/00084,00084.wav,The-United-States-of-America,The-United-States-of-America
voxceleb,dev,id06551/mdep0D9IMM8/00341,00341.wav,The-United-Kingdom-1,The-United-States-of-America
voxceleb,dev,id07752/ILZEnZrFu6k/00079,00079.wav,The-United-Kingdom-1,India
voxceleb,dev,id07471/IKzGlLtfHnI/00045,00045.wav,The-United-States-of-America,The-United-States-of-America
voxceleb,dev,id00018/Hufm91VqckQ/00077,00077.wav,The-United-States-of-America,The-United-States-of-America
voxceleb,dev,id02095/3vYMgowvbo0/00016,00016.wav,The-United-States-of-America,The-United-States-of-America
voxceleb,dev,id08220/HSCxAUinl4w/00017,00017.wav,Germany,Germany
voxceleb,dev,id01459/Z0ivPNZU7Y4/00054,00054.wav,The-United-Kingdom-1,The-United-States-of-America
voxceleb,dev,id04754/Yp_FoCrDHeM/00134,00134.wav,The-United-Kingdom-1,South-Africa
voxceleb,dev,id04953/biHVJN0aP8I/00086,00086.wav,The-United-States-of-America,The-United-States-of-America
voxceleb,dev,id06457/p0x-HQIw9Nw/00069,00069.wav,Germany,Croatia
voxceleb,dev,id06614/uwE5GXwJ-nE/00149,00149.wav,The-United-Kingdom-1,Germany
voxceleb,dev,id06723/DWnlAegPenw/00106,00106.wav,India,India
voxceleb,dev,id04784/KBTrHJbjJvI/00146,00146.wav,The-United-Kingdom-1,Finland
voxceleb,dev,id02840/NmCuqD1HvUg/00171,00171.wav,The-United-States-of-America,The-United-States-of-America
voxceleb,dev,id05058/tXQkXHj6GTo/00344,00344.wav,The-United-States-of-America,India
voxceleb,dev,id01112/NzoQyZjZZGc/00030,00030.wav,The-United-Kingdom-1,Belgium
voxceleb,dev,id05095/wg-7yZsAaWU/00046,00046.wav,The-United-Kingdom-1,The-United-Kingdom-1
voxceleb,dev,id01861/dzxOB6sCFro/00277,00277.wav,The-United-States-of-America,The-United-States-of-America
voxceleb,dev,id06378/rr8o5Iw5Ajg/00432,00432.wav,The-United-Kingdom-1,Australia
voxceleb,dev,id00927/mrLNIC-f6kw/00133,00133.wav,The-United-Kingdom-1,Australia
voxceleb,dev,id04927/bMhugZ9r7UU/00126,00126.wav,India,India
voxceleb,dev,id00612/TO0cczh1SCA/00102,00102.wav,The-United-States-of-America,The-United-States-of-America
voxceleb,dev,id01764/b0muKdh5NvM/00298,00298.wav,The-United-Kingdom-1,Canada
voxceleb,dev,id07466/zPJF1bWC4AQ/00307,00307.wav,The-United-Kingdom-1,Kingdom-of-the-Netherlands
voxceleb,dev,id07447/nNTW1NAlgOw/00359,00359.wav,The-United-Kingdom-1,Spain
voxceleb,dev,id05375/ignDYip6vHo/00170,00170.wav,The-United-Kingdom-1,Brazil
voxceleb,dev,id07360/uINk3fZ2cfY/00471,00471.wav,The-United-States-of-America,The-United-States-of-America
voxceleb,dev,id06706/x6zcJe3Fgvc/00136,00136.wav,The-United-Kingdom-1,Germany
voxceleb,dev,id00015/MRDbSqDD6ZI/00237,00237.wav,The-Republic-of-Ireland,South-Africa
voxceleb,dev,id08396/pJv-gRgOBBQ/00085,00085.wav,The-Republic-of-Ireland,Austria
voxceleb,dev,id08122/sxAX5DDYOOc/00481,00481.wav,India,India
voxceleb,dev,id00876/ZVDCCdrwsAE/00327,00327.wav,United States of America,The-United-States-of-America
voxceleb,dev,id05938/OscU8y670Do/00061,00061.wav,The-United-Kingdom-1,The-United-Kingdom-1
voxceleb,dev,id01497/vFjf8q-8phw/00139,00139.wav,The-United-Kingdom-1,Canada
voxceleb,dev,id00780/lgjK8S-3DSQ/00131,00131.wav,The-United-Kingdom-1,The-United-States-of-America
voxceleb,dev,id02053/LB66n9twSMY/00199,00199.wav,The-United-Kingdom-1,The-United-States-of-America
voxceleb,dev,id07421/VS4eSgVdMh0/00211,00211.wav,The-United-States-of-America,The-United-States-of-America
voxceleb,dev,id05227/kQtCYqT_vUA/00242,00242.wav,Japan,The-United-States-of-America
voxceleb,dev,id04726/gwd7zBi9jeM/00227,00227.wav,The-United-Kingdom-1,The-United-States-of-America
voxceleb,dev,id08027/Cg4fx_cTpas/00011,00011.wav,The-United-Kingdom-1,India
voxceleb,dev,id05493/v3HbkOWGtcU/00036,00036.wav,The-United-Kingdom-1,Italy
voxceleb,dev,id01108/WrmdELZ9VZ8/00126,00126.wav,United-States-of-America,The-United-States-of-America
voxceleb,dev,id00987/8mC2D3qDd_c/00027,00027.wav,The-United-Kingdom-1,The-United-States-of-America
voxceleb,dev,id05471/VUx4gaGJRhY/00192,00192.wav,India,India
voxceleb,dev,id08634/dDQSQGdMvXY/00178,00178.wav,The-United-Kingdom-1,The-Czech-Republic-1
voxceleb,dev,id01268/TXFpufEi6x4/00112,00112.wav,The-United-Kingdom-1,Brazil
voxceleb,dev,id02898/1E8_z13t6gw/00018,00018.wav,The-United-Kingdom-1,Kingdom-of-the-Netherlands
voxceleb,dev,id08611/SpP3helI5cs/00068,00068.wav,The-United-Kingdom-1,The-United-Kingdom-1
voxceleb,dev,id04728/HuYfkp3nr2o/00068,00068.wav,The-United-States-of-America,The-United-States-of-America
voxceleb,dev,id07685/I6BqGOk4DzI/00196,00196.wav,Germany,German-Democratic-Republic-DDR
voxceleb,dev,id07200/TuoSWsPjvJU/00022,00022.wav,India,British-Colonial-Rule
voxceleb,dev,id05907/B34oUUmOyVc/00070,00070.wav,India,India
voxceleb,dev,id05931/nIs-fsf94GM/00053,00053.wav,India,Pakistan
voxceleb,dev,id07219/ul2FcUsf5lU/00246,00246.wav,The-United-Kingdom-1,The-United-Kingdom-1
voxceleb,dev,id00629/MfhccIB-dq4/00016,00016.wav,Sweden,Sweden
voxceleb,dev,id04715/XntlxK2uNpU/00187,00187.wav,The-United-Kingdom-1,The-United-Kingdom-1
voxceleb,dev,id00776/65o7KLm3_wo/00044,00044.wav,Germany,Germany
voxceleb,dev,id06143/KVAOgvawqrI/00022,00022.wav,The-United-Kingdom-1,Samoa
voxceleb,dev,id08348/4KDPwZaueU8/00014,00014.wav,The-United-States-of-America,The-United-States-of-America
voxceleb,dev,id01309/oWjEXcmTUyc/00033,00033.wav,The-United-Kingdom-1,The-United-States-of-America
voxceleb,dev,id07600/v9j4TWbkMGs/00244,00244.wav,The-United-Kingdom-1,The-United-States-of-America
voxceleb,dev,id05777/IHe2IK9ednA/00112,00112.wav,Venezuela,Venezuela
voxceleb,dev,id02499/QVgRsOEE4Ew/00093,00093.wav,Germany,Germany
voxceleb,dev,id05345/PQqDUQB_4QU/00121,00121.wav,The-United-States-of-America,unknown
voxceleb,dev,id07241/uWgYo6t5zIo/00266,00266.wav,The-United-States-of-America,The-United-States-of-America
voxceleb,dev,id01859/6uwupK4Sn80/00055,00055.wav,India,India
voxceleb,dev,id07136/ivTFjytuvMk/00397,00397.wav,India,India
voxceleb,dev,id00032/cL1A73Sc1Bg/00240,00240.wav,The-United-Kingdom-1,India
voxceleb,dev,id01040/KMaRSuOD15E/00138,00138.wav,The-United-States-of-America,The-United-States-of-America
voxceleb,dev,id06185/XAmqviTgovU/00063,00063.wav,The-United-Kingdom-1,Slovakia-1
voxceleb,dev,id05401/bdESF2Ksucw/00286,00286.wav,The-United-States-of-America,Czechoslovakia-former-country
voxceleb,dev,id01981/35zbUwpL520/00005,00005.wav,United Kingdom,The-United-Kingdom-1
voxceleb,dev,id07976/AZRyjV3Tf6c/00069,00069.wav,India,India
voxceleb,dev,id06336/G6axA4f-Wp8/00083,00083.wav,The-United-States-of-America,Canada
voxceleb,dev,id08313/Kw-uVUIIWd4/00078,00078.wav,India,India
voxceleb,dev,id05725/pRJV3ns-00Y/00258,00258.wav,Canada,The-United-States-of-America
voxceleb,dev,id07708/LjT6TqBliyE/00111,00111.wav,The-United-Kingdom-1,The-United-Kingdom-1
voxceleb,dev,id07585/mwaNY-hrVjM/00177,00177.wav,The-United-States-of-America,The-United-States-of-America
voxceleb,dev,id03189/iIz4_e4sJXs/00159,00159.wav,The-United-Kingdom-1,The-United-Kingdom-1
voxceleb,dev,id00462/xxTqHLNjlTI/00475,00475.wav,The-United-Kingdom-1,The-United-States-of-America
voxceleb,dev,id00040/1LF3V1GmNlc/00005,00005.wav,The-Republic-of-Ireland,Serbia
voxceleb,dev,id01165/Vohinalpulg/00074,00074.wav,India,India
voxceleb,dev,id07863/l9_J9S4s-Mk/00059,00059.wav,Germany,Germany
voxceleb,dev,id08760/lnIQkI_x2tY/00172,00172.wav,The-United-Kingdom-1,Israel
voxceleb,dev,id00971/0sYwEIA4DdM/00017,00017.wav,The-United-States-of-America,The-United-States-of-America
voxceleb,dev,id08064/HDOASkAvIdE/00155,00155.wav,The-United-Kingdom-1,Germany
voxceleb,dev,id00276/EueIDMBTVqc/00020,00020.wav,Germany,Germany
voxceleb,dev,id05997/MHJ9lHBxqXo/00078,00078.wav,Germany,Germany
voxceleb,dev,id06212/dXbY-CrxO9M/00402,00402.wav,The-United-States-of-America,unknown
voxceleb,dev,id06403/IhzOaIL7gR8/00046,00046.wav,The-United-States-of-America,The-United-States-of-America
voxceleb,dev,id02296/lYovMs2a5pc/00194,00194.wav,The-United-States-of-America,Canada
voxceleb,dev,id07775/h4KDNNDl8EE/00090,00090.wav,The-United-Kingdom-1,Canada
voxceleb,dev,id02905/2Fd8s81emYs/00010,00010.wav,Germany,Switzerland
voxceleb,dev,id06821/yoa_t9U3X98/00228,00228.wav,The-United-Kingdom-1,The-United-States-of-America
voxceleb,dev,id00080/E_qCGlAzD64/00085,00085.wav,The-United-Kingdom-1,India
voxceleb,dev,id07758/WmizHlk8ER4/00039,00039.wav,Germany,Croatia
voxceleb,dev,id06012/Ryiw5LaGPkE/00154,00154.wav,Germany,Germany
voxceleb,dev,id06065/dPkbuwaxQzc/00221,00221.wav,The-United-Kingdom-1,The-United-States-of-America
voxceleb,dev,id02981/j_bD-vy29bA/00331,00331.wav,The-United-Kingdom-1,The-United-Kingdom-1
voxceleb,dev,id05733/NPGbT9kLZIE/00097,00097.wav,Germany,Germany
voxceleb,dev,id02291/BsWqMtRlbBg/00007,00007.wav,The-United-Kingdom-1,Greece
voxceleb,dev,id06507/eVynXGj4eyA/00282,00282.wav,The-United-Kingdom-1,Scotland
voxceleb,dev,id08544/0DfdZ_qgYhE/00011,00011.wav,The-United-Kingdom-1,The-United-States-of-America
voxceleb,dev,id06960/zVXcIiDyVKg/00234,00234.wav,The-United-States-of-America,The-Czech-Republic-1
voxceleb,dev,id06721/pfTPr0eG8Og/00276,00276.wav,The-United-Kingdom-1,The-United-Kingdom-1
voxceleb,dev,id05698/TOE8xewijiY/00166,00166.wav,The-United-Kingdom-1,The-United-Kingdom-1
voxceleb,dev,id05932/RrA9oYVclGQ/00107,00107.wav,India,British-Colonial-Rule
voxceleb,dev,id01580/luMWdHEM_mk/00202,00202.wav,India,unknown
voxceleb,dev,id07299/EGD46jNLg-E/00136,00136.wav,The-United-States-of-America,The-United-States-of-America
voxceleb,dev,id05186/zq4bmukj6Ak/00347,00347.wav,The-United-Kingdom-1,South-Africa
voxceleb,dev,id00350/TdUXEoAIpRw/00237,00237.wav,India,India
voxceleb,dev,id07078/dkXNyGY6aTc/00367,00367.wav,India,India
voxceleb,dev,id00274/5R1TGFnDGvQ/00047,00047.wav,Germany,Germany
voxceleb,dev,id00804/TRkn3x84Md8/00029,00029.wav,The-United-States-of-America,The-United-States-of-America
voxceleb,dev,id06905/DgQT6KhWqK4/00143,00143.wav,The-United-Kingdom-1,Germany
voxceleb,dev,id04697/rGGEmhj_8Fc/00043,00043.wav,The-United-Kingdom-1,The-United-Kingdom-1
voxceleb,dev,id01129/Hij7v2zVvDo/00104,00104.wav,Germany,Germany
voxceleb,dev,id01773/egQ8OIUxhD8/00243,00243.wav,The-United-Kingdom-1,The-United-Kingdom-1
voxceleb,dev,id02574/Np1oA5qJRd4/00183,00183.wav,The-United-States-of-America,The-United-States-of-America
voxceleb,dev,id01359/4ZAvOr0fRK4/00012,00012.wav,France,Italy
voxceleb,dev,id01960/HlhuC-5JMXU/00093,00093.wav,The-United-States-of-America,The-United-States-of-America
voxceleb,dev,id05984/feS73q4cdsc/00144,00144.wav,Germany,Germany
voxceleb,dev,id05745/UALzIbCvdgE/00112,00112.wav,China,Italy
voxceleb,dev,id02965/f4itqFA7SzY/00122,00122.wav,The-United-States-of-America,Canada
voxceleb,dev,id01459/5OGwo1oWonc/00013,00013.wav,The-United-States-of-America,The-United-States-of-America
voxceleb,dev,id06368/GgQ9SgmfJAQ/00136,00136.wav,The-United-Kingdom-1,The-United-States-of-America
voxceleb,dev,id00755/dQ3BuA2xjgo/00304,00304.wav,The-United-Kingdom-1,The-United-States-of-America
voxceleb,dev,id01692/ZnEBO80QeYE/00219,00219.wav,The-United-States-of-America,The-United-States-of-America
voxceleb,dev,id08700/gKgpktNfSTc/00115,00115.wav,The-United-States-of-America,Spain
voxceleb,dev,id02053/haTEqmb7z3c/00364,00364.wav,The-United-States-of-America,The-United-States-of-America
voxceleb,dev,id01756/AnEi5QwQuQg/00051,00051.wav,The-United-Kingdom-1,The-United-States-of-America
voxceleb,dev,id02899/5zZ-VIFOKpY/00089,00089.wav,The-United-Kingdom-1,Kingdom-of-the-Netherlands
voxceleb,dev,id00078/cedcreciIw8/00324,00324.wav,India,India
voxceleb,dev,id05130/xoYtrLt6MPI/00156,00156.wav,The-Republic-of-Ireland,The-Czech-Republic-1
voxceleb,dev,id01754/RReH9hQ8QaM/00293,00293.wav,The-United-Kingdom-1,Australia
voxceleb,dev,id00479/5LA4PfjWC7E/00024,00024.wav,Italy,Italy
voxceleb,dev,id07833/trAbbtFCM_c/00050,00050.wav,The-United-Kingdom-1,The-United-Kingdom-1
voxceleb,dev,id07846/Rylve_T1k1g/00151,00151.wav,The-United-States-of-America,The-United-States-of-America
voxceleb,dev,id05614/VzT7ZOLvwVM/00084,00084.wav,The-Republic-of-Ireland,Denmark
voxceleb,dev,id08176/dV00mrfc8ZU/00253,00253.wav,The-United-Kingdom-1,Australia
voxceleb,dev,id03215/X6epVPLs2TQ/00279,00279.wav,The-United-Kingdom-1,The-United-States-of-America
voxceleb,dev,id00225/wp8idM2OhVw/00240,00240.wav,The-United-Kingdom-1,Poland
voxceleb,dev,id03227/gXUNslHZNI4/00338,00338.wav,Germany,Germany
voxceleb,dev,id06713/5-F1DO1cusU/00059,00059.wav,India,India
voxceleb,dev,id08577/R2TkodzUbog/00158,00158.wav,The-United-States-of-America,The-United-States-of-America
voxceleb,dev,id01748/b4wUg-5VxDs/00060,00060.wav,The-United-Kingdom-1,Brazil
voxceleb,dev,id06588/YRpmq23URoY/00338,00338.wav,India,India
voxceleb,dev,id02223/xCFPhqflhNY/00082,00082.wav,The-United-States-of-America,Canada
voxceleb,dev,id01315/Mx9LYZxydPY/00226,00226.wav,The-United-States-of-America,The-United-States-of-America
voxceleb,dev,id00591/T_8FPeQCgr8/00040,00040.wav,The-United-States-of-America,The-United-States-of-America
voxceleb,dev,id00332/RN_LzXO0Pe8/00172,00172.wav,The-United-Kingdom-1,Sweden
voxceleb,dev,id01004/5iDOjicGE5s/00009,00009.wav,The-United-Kingdom-1,The-United-States-of-America
voxceleb,dev,id06087/bYxpv5Plkbc/00082,00082.wav,The-United-Kingdom-1,The-United-States-of-America
voxceleb,dev,id05813/HKpVlTm91uQ/00099,00099.wav,The-United-Kingdom-1,The-United-States-of-America
voxceleb,dev,id07998/mO2ONlIRgQk/00166,00166.wav,The-United-Kingdom-1,The-United-States-of-America
voxceleb,dev,id08311/lVrmuE8gZdw/00391,00391.wav,India,India
voxceleb,dev,id04934/H4o8RFY5xKU/00109,00109.wav,The-United-Kingdom-1,Australia
voxceleb,dev,id07953/CQluSQXB588/00109,00109.wav,India,India
voxceleb,dev,id01217/CGSY_OjvL54/00017,00017.wav,The-United-Kingdom-1,The-United-States-of-America
voxceleb,dev,id05670/gU4394r2PrE/00140,00140.wav,The-United-Kingdom-1,Norway
voxceleb,dev,id03210/NoP6yJ3B__M/00092,00092.wav,The-United-States-of-America,Venezuela
voxceleb,dev,id07489/DeU9tEgkEUY/00101,00101.wav,The-United-States-of-America,Brazil
voxceleb,dev,id07238/8dKVdvJCeTE/00052,00052.wav,The-United-Kingdom-1,The-United-States-of-America
voxceleb,dev,id06052/kibPg1Ss4ec/00090,00090.wav,The-United-States-of-America,The-United-States-of-America
voxceleb,dev,id01355/YwPd95wQTgA/00247,00247.wav,The-United-Kingdom-1,The-United-Kingdom-1
voxceleb,dev,id05477/U18PzEn8V1c/00192,00192.wav,India,Nepal
voxceleb,dev,id05930/ppLOxYV8QuM/00257,00257.wav,The-Republic-of-Ireland,Turkey-country
voxceleb,dev,id07950/6wNoZSsBjVY/00011,00011.wav,Israel,Israel
voxceleb,dev,id07438/Xy8M2F28Edc/00105,00105.wav,France,France
voxceleb,dev,id07735/llitINYspm4/00056,00056.wav,The-United-Kingdom-1,The-United-Kingdom-1
voxceleb,dev,id01878/qZFUkNNzcaM/00100,00100.wav,The-United-Kingdom-1,Kingdom-of-the-Netherlands
voxceleb,dev,id07344/dRJaHEQPmUE/00364,00364.wav,The-United-States-of-America,The-United-States-of-America
voxceleb,dev,id07010/IevFOoS08NU/00076,00076.wav,Italy,Italy
voxceleb,dev,id05830/EDWJmT8_k78/00064,00064.wav,The-United-Kingdom-1,The-United-Kingdom-1
voxceleb,dev,id01797/vKPOMuq9lMA/00216,00216.wav,The-United-Kingdom-1,The-United-Kingdom-1
voxceleb,dev,id01931/BuSrVCcym_g/00075,00075.wav,The-United-Kingdom-1,Australia
voxceleb,dev,id06847/CL4U10habWY/00069,00069.wav,The-United-Kingdom-1,The-United-Kingdom-1
voxceleb,dev,id06951/665Wz4vB0q0/00054,00054.wav,The-United-Kingdom-1,The-United-States-of-America
voxceleb,dev,id07750/MI__N7WGmJY/00229,00229.wav,India,India
voxceleb,dev,id02303/_lee7XXlZgM/00071,00071.wav,The-Republic-of-Ireland,Belgium
voxceleb,dev,id00943/jczggfpLcsc/00385,00385.wav,The-United-States-of-America,The-United-States-of-America
voxceleb,dev,id07592/J_if9VxeWAQ/00097,00097.wav,The-United-Kingdom-1,The-Republic-of-Ireland
voxceleb,dev,id08501/xjMB-ZtQd7w/00382,00382.wav,The-United-Kingdom-1,The-United-Kingdom-1
voxceleb,dev,id04928/HfCfohjxMSM/00041,00041.wav,The-United-Kingdom-1,Sri-Lanka
voxceleb,dev,id02838/kaCQlSGlLe8/00080,00080.wav,United-States-of-America,The-United-States-of-America
voxceleb,dev,id08742/X2CxrD5qqp4/00153,00153.wav,Germany,Germany
voxceleb,dev,id02008/gV4Czg9dI-k/00379,00379.wav,The-United-States-of-America,The-United-States-of-America
voxceleb,dev,id06248/qePW4nJuvcU/00390,00390.wav,The-United-States-of-America,unknown
voxceleb,dev,id01488/97-MU3s1Lz0/00007,00007.wav,The-United-Kingdom-1,The-United-Kingdom-1
voxceleb,dev,id02332/lUskZEzYr28/00066,00066.wav,Vietnam,The-United-States-of-America
voxceleb,dev,id01841/y_5P8wslLhY/00119,00119.wav,The-United-Kingdom-1,Puerto-Rico
voxceleb,dev,id07800/TUz6TiHB10M/00148,00148.wav,Germany,Germany
voxceleb,dev,id08604/OhpcELz75WY/00180,00180.wav,The-United-Kingdom-1,The-United-Kingdom-1
voxceleb,dev,id07254/i305ndVCFuk/00080,00080.wav,The-United-Kingdom-1,Australia
voxceleb,dev,id08454/3XCJzBjDWI8/00007,00007.wav,The-United-Kingdom-1,The-Philippines-1
voxceleb,dev,id05506/bsoIYnuF0eY/00244,00244.wav,The-United-Kingdom-1,Switzerland
voxceleb,dev,id04901/6lf7K52vcwk/00054,00054.wav,Kenya,The-United-States-of-America
voxceleb,dev,id08676/bH0grnSGhB4/00221,00221.wav,The-Republic-of-Ireland,The-United-States-of-America
voxceleb,dev,id01755/SWhRUnPU1q0/00151,00151.wav,The-United-Kingdom-1,The-United-Kingdom-1
voxceleb,dev,id08629/XJ9QqNwrEuw/00170,00170.wav,The-United-States-of-America,The-United-States-of-America
voxceleb,dev,id08002/_UuSV3qKJZk/00230,00230.wav,The-United-Kingdom-1,The-Republic-of-Ireland
voxceleb,dev,id05096/f50Ewx-65SM/00072,00072.wav,Brazil,Angola
voxceleb,dev,id07500/oKj1OjA51iQ/00465,00465.wav,Germany,Germany
voxceleb,dev,id07010/C5-A3uMxDfA/00032,00032.wav,Italy,Italy
voxceleb,dev,id01906/7g5ktiGVCfs/00151,00151.wav,The-United-States-of-America,The-United-States-of-America
voxceleb,dev,id02863/_i9X2UbaBJM/00018,00018.wav,Spain,Poland
voxceleb,dev,id07858/C9f4kDGrnY4/00008,00008.wav,Germany,Germany
voxceleb,dev,id08612/EnQj78mdmq8/00009,00009.wav,The-United-States-of-America,The-United-States-of-America
voxceleb,dev,id00350/TdUXEoAIpRw/00236,00236.wav,India,India
voxceleb,dev,id03242/6c4uKG7zgo4/00097,00097.wav,India,India
voxceleb,dev,id08240/1t1kl2XNN3g/00035,00035.wav,The-United-Kingdom-1,The-United-States-of-America
voxceleb,dev,id08334/Uq_XuhiXTWQ/00198,00198.wav,The-United-Kingdom-1,The-United-States-of-America
voxceleb,dev,id05684/TwFEI_nIhK8/00068,00068.wav,The-United-States-of-America,The-United-States-of-America
voxceleb,dev,id07991/QKDHuh4sqXo/00067,00067.wav,The-United-States-of-America,The-United-States-of-America
voxceleb,dev,id06958/21Z5e-_4cvc/00013,00013.wav,Germany,The-Czech-Republic-1
voxceleb,dev,id01880/caT7QYtSt1k/00274,00274.wav,The-United-Kingdom-1,Canada
voxceleb,dev,id07580/0KbSduD5VS8/00059,00059.wav,France,Spain
voxceleb,dev,id04844/MaqSSwdYTJk/00065,00065.wav,India,India
voxceleb,dev,id01571/G6gpFxadcWM/00016,00016.wav,India,India
voxceleb,dev,id01051/rBFm1B6Eoo0/00340,00340.wav,The-United-Kingdom-1,The-United-States-of-America
voxceleb,dev,id08217/UIa-V0yDuGo/00128,00128.wav,The-United-Kingdom-1,Sweden
voxceleb,dev,id06725/abP4OAL-S7g/00340,00340.wav,India,India
voxceleb,dev,id04939/398GqKlkwbg/00005,00005.wav,The-United-States-of-America,The-United-States-of-America
voxceleb,dev,id07374/m8jHn0uqnHY/00087,00087.wav,Israel,Israel
voxceleb,dev,id02653/upiUm7c-VfQ/00487,00487.wav,Germany,Germany
voxceleb,dev,id08147/s6R-zIz8vMo/00435,00435.wav,India,India
voxceleb,dev,id03090/qDyg8MzQJDk/00152,00152.wav,The-United-States-of-America,The-United-States-of-America
voxceleb,dev,id07368/zgxcwBwuBEM/00126,00126.wav,The-United-Kingdom-1,Spain
voxceleb,dev,id08546/21XJV5tWMAw/00010,00010.wav,The-United-States-of-America,The-United-States-of-America
voxceleb,dev,id08167/jUL6PWBfFbM/00251,00251.wav,India,Italy
voxceleb,dev,id02440/lbwoaAOz6xw/00300,00300.wav,The-United-States-of-America,The-United-States-of-America
voxceleb,dev,id08529/tUlCQMoTPk8/00367,00367.wav,The-United-States-of-America,The-United-States-of-America
voxceleb,dev,id06998/znd8F2FcNqE/00154,00154.wav,The-United-Kingdom-1,The-United-Kingdom-1
voxceleb,dev,id02257/c4WzPCEmBwM/00085,00085.wav,France,France
voxceleb,dev,id07992/IgIRV3QDOtY/00038,00038.wav,The-United-Kingdom-1,The-United-States-of-America
voxceleb,dev,id07299/OH2L_6VCTrA/00227,00227.wav,The-United-Kingdom-1,The-United-States-of-America
voxceleb,dev,id07088/xJ6LVZKTHDg/00276,00276.wav,The-Republic-of-Ireland,The-Czech-Republic-1
voxceleb,dev,id03090/BToHn8RdILM/00034,00034.wav,The-United-States-of-America,The-United-States-of-America
voxceleb,dev,id02817/JzzWRAYUVeo/00157,00157.wav,The-Republic-of-Ireland,Kingdom-of-the-Netherlands
voxceleb,dev,id02981/lUjuHi6ba8c/00363,00363.wav,The-United-Kingdom-1,The-United-Kingdom-1
voxceleb,dev,id00494/kmQoNspp95w/00308,00308.wav,Germany,Germany
voxceleb,dev,id05870/wEGlRpag-ik/00104,00104.wav,The-United-Kingdom-1,The-United-Kingdom-1
voxceleb,dev,id07537/SW_647h3oJk/00068,00068.wav,The-United-States-of-America,The-United-States-of-America
voxceleb,dev,id08536/GpOuZElvxHQ/00093,00093.wav,Germany,Germany
voxceleb,dev,id00103/FaymJ3xp0Wo/00049,00049.wav,India,India
voxceleb,dev,id07751/V_IdB3P-TdI/00162,00162.wav,The-United-Kingdom-1,India
voxceleb,dev,id05784/jYvZCmBte1Y/00099,00099.wav,Spain,Colombia
voxceleb,dev,id00664/TzhJEGhnp0w/00117,00117.wav,The-United-Kingdom-1,Kingdom-of-the-Netherlands
voxceleb,dev,id02420/gBUxdAFtPEA/00052,00052.wav,The-United-Kingdom-1,Spain
voxceleb,dev,id05453/v00iXG1PQ7U/00415,00415.wav,The-United-States-of-America,The-United-Kingdom-1
voxceleb,dev,id08477/MVo80zOhIVw/00208,00208.wav,The-United-States-of-America,The-United-States-of-America
voxceleb,dev,id05632/j0mhve0QFlE/00436,00436.wav,Costa-Rica-1,Cuba
voxceleb,dev,id07857/m9zQZgGJHgA/00270,00270.wav,The-United-Kingdom-1,The-United-Kingdom-1
voxceleb,dev,id07431/jBeiyaaLJ1Q/00182,00182.wav,The-United-Kingdom-1,The-United-Kingdom-1
voxceleb,dev,id05494/jtoVpnXvmlY/00421,00421.wav,The-United-Kingdom-1,Spain
voxceleb,dev,id01423/vArC0eHDhiw/00242,00242.wav,The-United-Kingdom-1,The-United-Kingdom-1
voxceleb,dev,id08195/IfW7_9vlnhY/00042,00042.wav,The-United-States-of-America,The-United-States-of-America
voxceleb,dev,id08603/KnV9qzwODMM/00143,00143.wav,The-United-States-of-America,The-United-States-of-America
voxceleb,dev,id08064/7He9109bwDk/00045,00045.wav,The-United-Kingdom-1,Germany
voxceleb,dev,id08492/eqICX7okyys/00176,00176.wav,The-United-Kingdom-1,The-United-States-of-America
voxceleb,dev,id06130/JDICDBmZ8ck/00091,00091.wav,The-United-States-of-America,The-United-States-of-America
voxceleb,dev,id02068/AuQvnk_tV6k/00013,00013.wav,The-United-States-of-America,The-United-States-of-America
voxceleb,dev,id05977/KprvBHgEPfE/00105,00105.wav,The-United-States-of-America,The-United-States-of-America
voxceleb,dev,id07145/je3aZvJVWl0/00335,00335.wav,The-Republic-of-Ireland,Spain
voxceleb,dev,id02477/Ami_52elrQs/00094,00094.wav,The-United-States-of-America,Canada
voxceleb,dev,id00383/vmCmWXPaiZU/00283,00283.wav,The-United-Kingdom-1,The-United-States-of-America
voxceleb,dev,id05784/FyQbXVvimH4/00047,00047.wav,Spain,Colombia
voxceleb,dev,id00084/ThCIlg2F3Ok/00274,00274.wav,India,India
voxceleb,dev,id08380/V9EPMwXjhf0/00018,00018.wav,The-United-Kingdom-1,South-Korea
voxceleb,dev,id07241/2RL8E_cAArE/00024,00024.wav,The-United-States-of-America,The-United-States-of-America
voxceleb,dev,id07361/qBUZfdXYlfw/00102,00102.wav,The-United-States-of-America,The-United-States-of-America
voxceleb,dev,id07887/8tTaEmdRwiI/00056,00056.wav,The-United-Kingdom-1,Belgium
voxceleb,dev,id07577/dNDZmofMePY/00171,00171.wav,The-United-Kingdom-1,The-United-Kingdom-1
voxceleb,dev,id08320/yNC2imMSLfQ/00116,00116.wav,The-United-Kingdom-1,Sweden
voxceleb,dev,id01721/e9Dg8IMqG7k/00156,00156.wav,Italy,Italy
voxceleb,dev,id06851/VlX62mmxyCU/00141,00141.wav,The-United-Kingdom-1,The-United-Kingdom-1
voxceleb,dev,id07656/RhDoLYNPzX0/00220,00220.wav,France,Poland
voxceleb,dev,id07405/qQFABwoy09U/00383,00383.wav,The-Republic-of-Ireland,Kingdom-of-the-Netherlands
voxceleb,dev,id06765/WXxcESFVQ8E/00108,00108.wav,The-United-Kingdom-1,The-United-Kingdom-1
voxceleb,dev,id02563/j3YjeARuilI/00032,00032.wav,The-United-Kingdom-1,Colombia
voxceleb,dev,id02361/cIJWgTal6hc/00297,00297.wav,The-United-Kingdom-1,The-United-States-of-America
voxceleb,dev,id05648/nMDj1eKhiqQ/00186,00186.wav,The-United-States-of-America,The-United-States-of-America
voxceleb,dev,id01532/jv8appvMv28/00100,00100.wav,The-United-States-of-America,The-United-States-of-America
voxceleb,dev,id05054/bPs4PtsJ8fg/00261,00261.wav,The-United-States-of-America,The-United-States-of-America
voxceleb,dev,id02085/zxoncYQiMgo/00055,00055.wav,The-United-Kingdom-1,The-United-Kingdom-1
voxceleb,dev,id07077/Knxr1sD9r3I/00111,00111.wav,India,India
voxceleb,dev,id07457/CRmSXDXk6-k/00053,00053.wav,The-United-States-of-America,The-United-States-of-America
voxceleb,dev,id06288/ygVE06eBR1o/00170,00170.wav,United-Kingdom-1,The-United-Kingdom-1
voxceleb,dev,id02271/SCR1MqhwuU8/00145,00145.wav,The-United-States-of-America,The-United-States-of-America
voxceleb,dev,id02351/xLFvDH6BEHo/00465,00465.wav,The-United-Kingdom-1,The-United-Kingdom-1
voxceleb,dev,id05737/4mTpDrbsKw4/00056,00056.wav,The-United-States-of-America,unknown
voxceleb,dev,id02299/WMOVRSeOOS0/00245,00245.wav,The-United-States-of-America,The-United-States-of-America
voxceleb,dev,id00638/ppDO_KbhfbA/00054,00054.wav,The-Republic-of-Ireland,Finland
voxceleb,dev,id02873/u6ce0zgfTi8/00455,00455.wav,The-United-States-of-America,The-United-States-of-America
voxceleb,dev,id01585/e0_WwxvrjGM/00182,00182.wav,The-United-Kingdom-1,The-United-States-of-America
voxceleb,dev,id08714/A6nRfwZ0BQ8/00109,00109.wav,The-United-States-of-America,The-United-States-of-America
voxceleb,dev,id01530/WQ5mhubEZRU/00079,00079.wav,The-United-States-of-America,The-United-States-of-America
voxceleb,dev,id02585/KQ_0DvvKkGg/00130,00130.wav,The-United-Kingdom-1,Canada
voxceleb,dev,id00911/7gQAF0td4FM/00027,00027.wav,The-Republic-of-Ireland,Belgium
voxceleb,dev,id01661/K_FUu3o-vPI/00054,00054.wav,The-United-Kingdom-1,The-United-Kingdom-1
voxceleb,dev,id02201/1UgDJpR6y4s/00031,00031.wav,The-United-States-of-America,The-United-States-of-America
voxceleb,dev,id02249/GSZcxnp21ks/00106,00106.wav,The-United-States-of-America,The-United-States-of-America
voxceleb,dev,id07192/3guO6_mUYJM/00008,00008.wav,Germany,Germany
voxceleb,dev,id01457/TooiUyN_S2Q/00188,00188.wav,The-Republic-of-Ireland,Sweden
voxceleb,dev,id01160/A5wmneiIOXE/00091,00091.wav,The-United-States-of-America,Canada
voxceleb,dev,id08052/n9VL5YZ7qFE/00154,00154.wav,India,India
voxceleb,dev,id05376/Kkup1OsTL6U/00145,00145.wav,The-United-States-of-America,The-United-States-of-America
voxceleb,dev,id08578/xQlqURFSKHM/00309,00309.wav,India,India
voxceleb,dev,id07104/xQYTG-sCdQ4/00150,00150.wav,Spain,Spain
voxceleb,dev,id01098/JOpSkU5Uvxg/00073,00073.wav,The-United-States-of-America,The-United-States-of-America
voxceleb,dev,id06252/KZIST223gVw/00264,00264.wav,The-Republic-of-Ireland,South-Africa
voxceleb,dev,id00033/whnCXDsjlZo/00357,00357.wav,India,India
voxceleb,dev,id07957/rns8SH7r4MI/00214,00214.wav,The-United-States-of-America,The-United-States-of-America
voxceleb,dev,id07321/3SxgDXA4xXA/00008,00008.wav,The-United-States-of-America,Nicaragua
voxceleb,dev,id06724/hSnI3QwQqJo/00271,00271.wav,India,India
voxceleb,dev,id04996/z8LLQor4zdM/00160,00160.wav,The-United-States-of-America,The-United-States-of-America
voxceleb,dev,id08464/DpydzxAg0h8/00132,00132.wav,The-Republic-of-Ireland,Croatia
voxceleb,dev,id07405/QkZlvo2O684/00221,00221.wav,The-United-Kingdom-1,Kingdom-of-the-Netherlands
voxceleb,dev,id01591/HIZVQ1j6P9s/00065,00065.wav,The-United-States-of-America,The-United-States-of-America
voxceleb,dev,id01907/pPoxqHvoHYw/00288,00288.wav,The-Republic-of-Ireland,The-United-States-of-America
voxceleb,dev,id00522/rAYJmUp-zR0/00245,00245.wav,The-United-Kingdom-1,The-United-Kingdom-1
voxceleb,dev,id01139/nqCzQEuCRD8/00181,00181.wav,The-United-Kingdom-1,The-United-States-of-America
voxceleb,dev,id02836/VXASSunwfIU/00153,00153.wav,Jordan-215,Jordan-215
voxceleb,dev,id05699/KYaoNKKjal0/00147,00147.wav,The-United-Kingdom-1,The-United-States-of-America
voxceleb,dev,id08086/_rOJjhjQY4A/00096,00096.wav,Germany,Germany
voxceleb,dev,id00971/rxCcQ1lwrzs/00317,00317.wav,The-United-Kingdom-1,The-United-States-of-America
voxceleb,dev,id01038/zc1AZ4GqKpQ/00310,00310.wav,Pakistan,Pakistan
voxceleb,dev,id03210/WseZTXXp0qA/00127,00127.wav,The-United-States-of-America,Venezuela
voxceleb,dev,id05557/VmwM_kE2Zx4/00079,00079.wav,Switzerland,Switzerland
voxceleb,dev,id05721/ziBvgl9o6vo/00234,00234.wav,United-States-of-America,The-United-States-of-America
voxceleb,dev,id00412/tu7KgoWhHqE/00202,00202.wav,India,India
voxceleb,dev,id01697/XpZme1K6Ynw/00134,00134.wav,Indonesia,unknown
voxceleb,dev,id06064/eqc24MMShss/00214,00214.wav,The-United-Kingdom-1,The-United-States-of-America
voxceleb,dev,id02023/d7oHp-yY9t0/00115,00115.wav,The-United-Kingdom-1,The-United-States-of-America
voxceleb,dev,id01039/XJbaHrkinfM/00258,00258.wav,Germany,Turkey-country
voxceleb,dev,id05986/qcGjZJUbwrY/00371,00371.wav,The-Republic-of-Ireland,The-United-States-of-America
voxceleb,dev,id07740/oAHuCu1YzgI/00168,00168.wav,The-United-States-of-America,The-United-States-of-America
voxceleb,dev,id00994/B0mDxme0F6Y/00057,00057.wav,France,France
voxceleb,dev,id07060/Kis66ciyF-8/00154,00154.wav,India,India
voxceleb,dev,id00783/CJCnOG9yRFs/00048,00048.wav,The-United-States-of-America,The-United-States-of-America
voxceleb,dev,id02733/P6iFfhfJyos/00193,00193.wav,The-United-Kingdom-1,India
voxceleb,dev,id07703/3SmICSxMfj0/00027,00027.wav,The-United-Kingdom-1,The-United-Kingdom-1
voxceleb,dev,id07253/w3DxAkSXows/00189,00189.wav,The-United-Kingdom-1,The-United-Kingdom-1
voxceleb,dev,id07334/EnhPwRv45i4/00033,00033.wav,The-United-Kingdom-1,The-Republic-of-Ireland
voxceleb,dev,id08492/t_cSF93QxS8/00253,00253.wav,The-United-Kingdom-1,The-United-States-of-America
voxceleb,dev,id01776/Wc2Guf5EswE/00214,00214.wav,The-United-Kingdom-1,The-Republic-of-Ireland
voxceleb,dev,id08311/C7eL0ck0IhU/00092,00092.wav,India,India
voxceleb,dev,id02650/2lK8Cns3jN4/00002,00002.wav,Germany,Germany
voxceleb,dev,id06336/rRdSSwjEAYw/00373,00373.wav,The-United-Kingdom-1,Canada
voxceleb,dev,id08556/BZmeZyDGkQ0/00071,00071.wav,The-United-States-of-America,The-United-States-of-America
voxceleb,dev,id03042/0wNr-IAKUFU/00019,00019.wav,The-United-Kingdom-1,Australia
voxceleb,dev,id02642/uC5-ahINzdI/00226,00226.wav,The-United-Kingdom-1,Canada
voxceleb,dev,id07547/J2uS1hit-A4/00092,00092.wav,The-United-States-of-America,The-United-Kingdom-1
voxceleb,dev,id01835/qn02Ns_h_JA/00278,00278.wav,The-United-States-of-America,The-United-States-of-America
voxceleb,dev,id05632/AM6XInAzR9c/00069,00069.wav,Costa-Rica-1,Cuba
voxceleb,dev,id06948/zMuCWD1y3XI/00492,00492.wav,The-United-Kingdom-1,The-United-States-of-America
voxceleb,dev,id06482/Z-Ge_oi6q4A/00245,00245.wav,The-United-States-of-America,The-United-States-of-America
voxceleb,dev,id02017/DSlXusxQWWE/00123,00123.wav,The-United-Kingdom-1,The-United-States-of-America
voxceleb,dev,id01392/9-UQF-lsHuw/00048,00048.wav,The-United-States-of-America,The-United-States-of-America
voxceleb,dev,id08323/okobW7kG5-I/00435,00435.wav,India,Nepal
voxceleb,dev,id00274/3B_nKla6NEk/00017,00017.wav,Germany,Germany
voxceleb,dev,id00464/Oy_6EIhxWxE/00036,00036.wav,Germany,Germany
voxceleb,dev,id06394/zOTh4XAt1ik/00368,00368.wav,The-United-Kingdom-1,The-United-Kingdom-1
voxceleb,dev,id06696/lCte5T65kbM/00269,00269.wav,The-United-Kingdom-1,The-United-Kingdom-1
voxceleb,dev,id04660/6RR7h_PfaGs/00093,00093.wav,Switzerland,Germany
voxceleb,dev,id07010/y_wOfKlHDM0/00497,00497.wav,Italy,Italy
voxceleb,dev,id06226/thm4QX5PQcA/00439,00439.wav,Jordan-215,Lebanon
voxceleb,dev,id05432/mEQZHnVz2G8/00151,00151.wav,India,India
voxceleb,dev,id05480/d7U0ZrkDsXY/00226,00226.wav,India,India
voxceleb,dev,id00104/_rsXwcPmBPs/00015,00015.wav,The-Republic-of-Ireland,Poland
voxceleb,dev,id05986/zD7OtungMLI/00493,00493.wav,The-United-States-of-America,The-United-States-of-America
voxceleb,dev,id08281/faRSOOphm9Y/00079,00079.wav,The-United-Kingdom-1,The-United-States-of-America
voxceleb,dev,id05759/WPQa0kjEmRc/00077,00077.wav,The-United-Kingdom-1,The-United-Kingdom-1
voxceleb,dev,id00620/LWwCyXNv5l4/00024,00024.wav,The-United-Kingdom-1,Australia
voxceleb,dev,id05061/1sFj8OP5YSM/00006,00006.wav,The-United-States-of-America,The-United-States-of-America
voxceleb,dev,id01172/e6UR3fFzgDw/00219,00219.wav,The-United-States-of-America,The-United-States-of-America
voxceleb,dev,id06940/yo362_VgLg8/00108,00108.wav,The-United-States-of-America,The-United-States-of-America
voxceleb,dev,id02806/2Lp2HmVWK4k/00020,00020.wav,The-United-Kingdom-1,unknown
voxceleb,dev,id06071/h6_Vl_RwuIE/00172,00172.wav,France,France
voxceleb,dev,id01729/3IvHwQwVVTo/00001,00001.wav,The-United-Kingdom-1,The-United-Kingdom-1
voxceleb,dev,id07805/KoR2BQTsldc/00066,00066.wav,The-United-Kingdom-1,Canada
voxceleb,dev,id05723/ga5ns4IMWG8/00307,00307.wav,The-United-States-of-America,The-United-States-of-America
voxceleb,dev,id08757/EhFdKZ0aVTg/00015,00015.wav,India,Sri-Lanka
voxceleb,dev,id00053/X8W28ICJSig/00076,00076.wav,The-United-States-of-America,The-United-States-of-America
voxceleb,dev,id06138/vH8I4RTqBiI/00427,00427.wav,The-Republic-of-Ireland,Montenegro
voxceleb,dev,id07956/YP0ApxtEZlg/00237,00237.wav,India,India
voxceleb,dev,id02314/GJ54VoTCQ2I/00069,00069.wav,The-United-Kingdom-1,Serbia
voxceleb,dev,id01617/0mQlfE1UoIc/00022,00022.wav,The-United-Kingdom-1,The-United-Kingdom-1
voxceleb,dev,id07158/UBxKBUJj1eo/00204,00204.wav,Indonesia,Malaysia
voxceleb,dev,id05776/Elo7ZSZ1nCQ/00063,00063.wav,The-United-States-of-America,The-United-States-of-America
voxceleb,dev,id01696/vhb59XbQLr4/00143,00143.wav,The-United-States-of-America,The-United-States-of-America
voxceleb,dev,id04677/P2wwhQFlYh0/00185,00185.wav,Germany,Germany
voxceleb,dev,id06551/lNhs0XSeaRA/00317,00317.wav,The-United-Kingdom-1,The-United-States-of-America
voxceleb,dev,id01683/RmwWMP-rV-A/00114,00114.wav,The-Republic-of-Ireland,Malaysia
voxceleb,dev,id04847/QXijFxALS0Q/00079,00079.wav,The-United-Kingdom-1,The-United-Kingdom-1
voxceleb,dev,id03202/bz8Pz6uCOsA/00150,00150.wav,The-United-Kingdom-1,The-United-States-of-America
voxceleb,dev,id02565/k3WEAjqWKnQ/00116,00116.wav,The-United-Kingdom-1,The-United-Kingdom-1
voxceleb,dev,id07528/glXkn04qMUA/00102,00102.wav,The-United-Kingdom-1,The-United-Kingdom-1
voxceleb,dev,id08722/YZBiave12bc/00106,00106.wav,The-United-States-of-America,The-United-States-of-America
voxceleb,dev,id03214/jHKVm34CQYs/00118,00118.wav,The-United-States-of-America,The-United-States-of-America
voxceleb,dev,id06944/dOqWcPyJ9Qk/00184,00184.wav,The-United-Kingdom-1,The-United-Kingdom-1
voxceleb,dev,id08711/2oHnJVURKkI/00005,00005.wav,France,The-United-Kingdom-1
voxceleb,dev,id06927/fE1eHYcVhwc/00044,00044.wav,The-United-Kingdom-1,Denmark
voxceleb,dev,id07332/NdwCLzHMnIs/00204,00204.wav,The-United-Kingdom-1,The-United-Kingdom-1
voxceleb,dev,id01613/S-v-0PnU_6I/00053,00053.wav,The-United-Kingdom-1,The-United-Kingdom-1
voxceleb,dev,id02760/lOUyo65yEMA/00230,00230.wav,The-United-States-of-America,The-United-States-of-America
voxceleb,dev,id02760/qkbo1vxN40Y/00377,00377.wav,The-United-Kingdom-1,The-United-States-of-America
voxceleb,dev,id06938/lmZ6x5YzUpU/00280,00280.wav,The-United-Kingdom-1,The-United-Kingdom-1
voxceleb,dev,id05879/5pcC-UN5WCo/00029,00029.wav,The-United-Kingdom-1,Germany
voxceleb,dev,id05480/s4WWqJRtG6A/00297,00297.wav,India,India
voxceleb,dev,id01830/mmr2LmGpIpU/00105,00105.wav,Brazil,Brazil
voxceleb,dev,id05261/I7DZc_zElS4/00120,00120.wav,The-United-States-of-America,The-United-States-of-America
voxceleb,dev,id01557/A2cAUsbEFpc/00033,00033.wav,The-United-States-of-America,The-United-States-of-America
voxceleb,dev,id01829/95L0czTO9X4/00022,00022.wav,The-United-States-of-America,Chile
voxceleb,dev,id06663/St5IWfvM9KI/00300,00300.wav,The-United-States-of-America,The-United-States-of-America
voxceleb,dev,id06113/rqMyutKqVko/00143,00143.wav,The-United-States-of-America,Chile
voxceleb,dev,id08167/GXb9-3UCtLQ/00129,00129.wav,The-United-Kingdom-1,Italy
voxceleb,dev,id02341/n7hriXPY_gM/00341,00341.wav,The-United-Kingdom-1,The-United-States-of-America
voxceleb,dev,id05066/kXSZZNah2Fg/00342,00342.wav,The-United-States-of-America,The-United-States-of-America
voxceleb,dev,id03015/IX993fuFQlI/00076,00076.wav,Germany,Germany
voxceleb,dev,id06749/DZuXGsReeQc/00030,00030.wav,The-United-States-of-America,The-United-States-of-America
voxceleb,dev,id08285/4RW17SQQqms/00017,00017.wav,The-United-Kingdom-1,The-United-Kingdom-1
voxceleb,dev,id08640/e4X3F4CZXY4/00204,00204.wav,The-United-Kingdom-1,Australia
voxceleb,dev,id04999/asKrqvBsuxU/00106,00106.wav,Sweden,Denmark
voxceleb,dev,id06595/peD-NZtXCzI/00063,00063.wav,The-United-Kingdom-1,The-United-Kingdom-1
voxceleb,dev,id01296/I7eN69GdupY/00044,00044.wav,The-United-States-of-America,The-United-States-of-America
voxceleb,dev,id00272/VLY1boTtbRM/00200,00200.wav,The-United-States-of-America,The-United-States-of-America
voxceleb,dev,id02204/9onY_3fVH-E/00033,00033.wav,Germany,Germany
voxceleb,dev,id00043/i9WPpl1gAxc/00379,00379.wav,India,India
voxceleb,dev,id01052/GSx0L345QEc/00062,00062.wav,The-United-Kingdom-1,Australia
voxceleb,dev,id05632/fYj4eqYCubc/00413,00413.wav,Cuba,Cuba
voxceleb,dev,id07012/vhtMtYEEN1E/00166,00166.wav,Italy,Italy
voxceleb,dev,id07342/1-ZapLoU1LE/00025,00025.wav,The-United-States-of-America,The-United-States-of-America
voxceleb,dev,id01992/YfHCZZAb5qQ/00146,00146.wav,The-United-Kingdom-1,The-United-Kingdom-1
voxceleb,dev,id00843/nhdgbh8LwXg/00161,00161.wav,India,Pakistan
voxceleb,dev,id07056/QNVPY0EsQTk/00112,00112.wav,The-United-Kingdom-1,Jamaica
voxceleb,dev,id01050/f6wpX3io9yc/00146,00146.wav,The-United-States-of-America,The-United-States-of-America
voxceleb,dev,id06726/QNTI8IMLPbc/00062,00062.wav,The-Republic-of-Ireland,Finland
voxceleb,dev,id02537/Tf7x1EBgj0w/00028,00028.wav,Spain,Spain
voxceleb,dev,id07876/poyWqutsXvU/00091,00091.wav,The-United-Kingdom-1,Colombia
voxceleb,dev,id08122/_D0mABWhcl4/00340,00340.wav,The-United-Kingdom-1,India
voxceleb,dev,id07675/5NxbDY1HDKQ/00011,00011.wav,France,France
voxceleb,dev,id01140/WZHdQCdLV3c/00102,00102.wav,The-United-States-of-America,The-United-States-of-America
voxceleb,dev,id02539/7SPC3-pr9T8/00020,00020.wav,The-United-Kingdom-1,The-United-Kingdom-1
voxceleb,dev,id00355/IwWjKRsHe3c/00114,00114.wav,The-United-Kingdom-1,The-United-States-of-America
voxceleb,dev,id04933/0YTgQ30w0XM/00007,00007.wav,The-United-States-of-America,The-United-States-of-America
voxceleb,dev,id00159/kajL7W31IFY/00333,00333.wav,India,India
voxceleb,dev,id07534/VCuozsSEq_M/00114,00114.wav,The-United-States-of-America,Canada
voxceleb,dev,id00776/gHY7s-Gu1Pw/00217,00217.wav,The-United-Kingdom-1,Germany
voxceleb,dev,id04725/G_G7aWo5fqQ/00048,00048.wav,The-United-Kingdom-1,The-United-Kingdom-1
voxceleb,dev,id05907/yw4ML8A0KN8/00490,00490.wav,India,India
voxceleb,dev,id05632/1bPWAoNuv5k/00055,00055.wav,Spain,Cuba
voxceleb,dev,id04709/4kUiFEWmG-M/00005,00005.wav,The-Republic-of-Ireland,Turkey-country
voxceleb,dev,id05049/BjgLv_wKTBM/00076,00076.wav,The-United-States-of-America,The-United-States-of-America
voxceleb,dev,id05699/wxPPn4_srVs/00359,00359.wav,The-United-Kingdom-1,The-United-States-of-America
voxceleb,dev,id02956/9OQ-iUFyb0g/00061,00061.wav,The-United-Kingdom-1,Canada
voxceleb,dev,id00777/PJMefOkcIoo/00122,00122.wav,The-United-States-of-America,The-United-States-of-America
voxceleb,dev,id02075/L1BqBjfjoYE/00215,00215.wav,The-United-Kingdom-1,The-United-States-of-America
voxceleb,dev,id01579/1uzN-yvUn8U/00046,00046.wav,The-United-Kingdom-1,The-United-States-of-America
voxceleb,dev,id01185/K9tbU6M-Js0/00033,00033.wav,The-United-Kingdom-1,Norway
voxceleb,dev,id06364/pigs0PBjBCo/00470,00470.wav,India,India
voxceleb,dev,id08627/Louov9bC6yM/00039,00039.wav,The-United-States-of-America,The-United-States-of-America
voxceleb,dev,id07256/TO6Js0vgbGc/00321,00321.wav,The-United-Kingdom-1,The-United-Kingdom-1
voxceleb,dev,id01067/u7AAlLYMs8w/00119,00119.wav,The-United-Kingdom-1,The-United-Kingdom-1
voxceleb,dev,id07527/O6zZddNCBoE/00172,00172.wav,The-United-Kingdom-1,The-United-Kingdom-1
voxceleb,dev,id07128/F8m1U3Y8Jog/00218,00218.wav,Canada,Canada
voxceleb,dev,id03027/X0miFy2QsXA/00119,00119.wav,The-United-States-of-America,Canada
voxceleb,dev,id05271/EpCzMbcI4gw/00045,00045.wav,The-United-Kingdom-1,The-Republic-of-Ireland
voxceleb,dev,id06722/79WsK79SrUk/00060,00060.wav,The-United-States-of-America,The-United-States-of-America
voxceleb,dev,id01056/w8kyfhABWug/00424,00424.wav,The-United-States-of-America,The-United-States-of-America
voxceleb,dev,id00588/zonNVPqkfJg/00183,00183.wav,Jordan-215,Egypt
voxceleb,dev,id06390/TeOTCq-cXOs/00149,00149.wav,The-United-Kingdom-1,unknown
voxceleb,dev,id02040/H7e2zzV7iiE/00155,00155.wav,The-United-Kingdom-1,The-United-Kingdom-1
voxceleb,dev,id02817/JzzWRAYUVeo/00190,00190.wav,The-United-Kingdom-1,Kingdom-of-the-Netherlands
voxceleb,dev,id07177/ZzpZU2bQCS0/00054,00054.wav,India,India
voxceleb,dev,id06875/3EN1jImpaDM/00044,00044.wav,Canada,Canada
voxceleb,dev,id05666/V5atHsFroJc/00224,00224.wav,France,France
voxceleb,dev,id03027/Ad7wfKADDiE/00027,00027.wav,The-United-Kingdom-1,Canada
voxceleb,dev,id01962/rn9zzaKnl14/00347,00347.wav,The-United-Kingdom-1,Australia
voxceleb,dev,id07828/InMDg6s1bTk/00015,00015.wav,The-United-States-of-America,The-United-States-of-America
voxceleb,dev,id07397/hRpAGNbudz4/00210,00210.wav,The-United-Kingdom-1,The-United-Kingdom-1
voxceleb,dev,id01666/2TpiJBalg2Y/00005,00005.wav,Germany,Germany
voxceleb,dev,id00391/XHKmzLnfg64/00068,00068.wav,The-United-States-of-America,The-United-States-of-America
voxceleb,dev,id02724/YBSFS1j4ems/00234,00234.wav,The-United-Kingdom-1,Kingdom-of-the-Netherlands
voxceleb,dev,id06424/YRr-qCvboCA/00193,00193.wav,The-United-Kingdom-1,South-Africa
voxceleb,dev,id02987/4KxjeAbpfhg/00056,00056.wav,India,India
voxceleb,dev,id01674/STGQUXLecQ8/00201,00201.wav,The-United-Kingdom-1,The-United-Kingdom-1
voxceleb,dev,id07133/pzeXLO_sI5E/00272,00272.wav,France,France
voxceleb,dev,id05121/8KzSoUd76qo/00067,00067.wav,The-United-Kingdom-1,Canada
voxceleb,dev,id07039/pBq1A1B7PYU/00121,00121.wav,The-United-Kingdom-1,Malaysia
voxceleb,dev,id02035/7NyC7jH565s/00006,00006.wav,The-United-Kingdom-1,Australia
voxceleb,dev,id01765/Ye0H-3kVxjM/00139,00139.wav,The-United-Kingdom-1,The-United-States-of-America
voxceleb,dev,id08635/Rm-00KEtnqw/00016,00016.wav,The-Republic-of-Ireland,The-Czech-Republic-1
voxceleb,dev,id06617/EcblkyjmOtg/00060,00060.wav,The-United-States-of-America,The-United-States-of-America
voxceleb,dev,id07866/UD5h-Ax2wr4/00046,00046.wav,Germany,Germany
voxceleb,dev,id02262/4cP5WkJ0ozI/00006,00006.wav,The-United-Kingdom-1,The-United-Kingdom-1
voxceleb,dev,id01159/OdsCFcPwvvY/00106,00106.wav,The-United-Kingdom-1,The-United-States-of-America
voxceleb,dev,id00892/w1abzQOFbHo/00033,00033.wav,Spain,Spain
voxceleb,dev,id01613/d-ARSCMpn1E/00103,00103.wav,The-United-Kingdom-1,The-United-Kingdom-1
voxceleb,dev,id06948/zMuCWD1y3XI/00484,00484.wav,The-United-States-of-America,The-United-States-of-America
voxceleb,dev,id01734/gaXoAhwXj0g/00088,00088.wav,Italy,Italy
voxceleb,dev,id06798/rbu8yqYK-mI/00344,00344.wav,The-United-Kingdom-1,Germany
voxceleb,dev,id05091/k1jLzkKoIbA/00229,00229.wav,The-United-States-of-America,The-United-States-of-America
voxceleb,dev,id00686/K-wig0BvDRw/00004,00004.wav,Portugal,Lithuania
voxceleb,dev,id01912/n4P-3OIDG2o/00063,00063.wav,Spain,Spain
voxceleb,dev,id02219/IxYapLikRec/00165,00165.wav,India,India
voxceleb,dev,id05777/KgNiNpIbPqU/00127,00127.wav,The-Republic-of-Ireland,Venezuela
voxceleb,dev,id04709/TdSjp6WaNSI/00110,00110.wav,The-United-States-of-America,Turkey-country
voxceleb,dev,id00012/L5fo1OvuXIg/00062,00062.wav,The-United-Kingdom-1,Canada
voxceleb,dev,id01758/XeB6s9T19rw/00252,00252.wav,The-United-Kingdom-1,Germany
voxceleb,dev,id02264/GRPa0rvjrEg/00029,00029.wav,The-United-States-of-America,The-United-States-of-America
voxceleb,dev,id01975/kKXvFL3_2vI/00168,00168.wav,The-United-Kingdom-1,The-United-States-of-America
voxceleb,dev,id06752/6SA6nSXp-rI/00007,00007.wav,India,India
voxceleb,dev,id04994/kpYPZMWdP68/00082,00082.wav,The-United-States-of-America,The-United-States-of-America
voxceleb,dev,id06932/1tkq47j6Xgk/00017,00017.wav,Australia,Australia
voxceleb,dev,id07262/g6V1ycFoJ_k/00249,00249.wav,Israel,Turkey-country
voxceleb,dev,id00170/S9HfDAfVvmc/00080,00080.wav,The-United-States-of-America,The-United-States-of-America
voxceleb,dev,id06963/WLruVY_ssco/00097,00097.wav,The-United-Kingdom-1,The-United-States-of-America
voxceleb,dev,id08380/u_p634KlOmA/00041,00041.wav,Japan,South-Korea
voxceleb,dev,id01798/Lxq5D1dz674/00139,00139.wav,Italy,Italy
voxceleb,dev,id00272/z2iEhM6rh6E/00403,00403.wav,The-United-States-of-America,The-United-States-of-America
voxceleb,dev,id04940/UlPjHLMV1D4/00062,00062.wav,The-United-Kingdom-1,The-United-States-of-America
voxceleb,dev,id08494/LkMpAuzSwzc/00018,00018.wav,India,India
voxceleb,dev,id07102/29lWLA4728w/00013,00013.wav,The-United-Kingdom-1,unknown
voxceleb,dev,id08003/8eN6pU59MYc/00050,00050.wav,The-United-Kingdom-1,Scotland
voxceleb,dev,id07371/GtmcsHDcNVs/00027,00027.wav,The-United-Kingdom-1,The-United-Kingdom-1
voxceleb,dev,id02276/I3w8vzpQ1ws/00048,00048.wav,The-United-Kingdom-1,The-United-States-of-America
voxceleb,dev,id06847/M0hTmgZAmfg/00180,00180.wav,The-United-Kingdom-1,The-United-Kingdom-1
voxceleb,dev,id05426/GJH3eVn3Gs4/00047,00047.wav,The-United-Kingdom-1,unknown
voxceleb,dev,id07262/RnKSjULUwBU/00098,00098.wav,Turkey-country,Turkey-country
voxceleb,dev,id04655/7zhbmspm4TU/00061,00061.wav,The-United-Kingdom-1,Soviet-Union-1
voxceleb,dev,id02389/LxSJS7WuiOs/00100,00100.wav,The-United-States-of-America,The-United-States-of-America
voxceleb,dev,id07489/nvLbg5BKohE/00380,00380.wav,The-United-Kingdom-1,Brazil
voxceleb,dev,id01040/yWv210QWOFE/00393,00393.wav,The-United-Kingdom-1,The-United-States-of-America
voxceleb,dev,id08604/4X_sbYGJmCw/00013,00013.wav,The-United-Kingdom-1,The-United-Kingdom-1
voxceleb,dev,id00944/orY6M0Ex0BM/00452,00452.wav,The-United-Kingdom-1,The-United-States-of-America
voxceleb,dev,id07954/PccdG6EFCZs/00296,00296.wav,India,India
voxceleb,dev,id01174/v1-b9YZa6sY/00137,00137.wav,The-United-Kingdom-1,The-United-States-of-America
voxceleb,dev,id07556/jpXslH1ngJU/00327,00327.wav,The-United-Kingdom-1,The-United-Kingdom-1
voxceleb,dev,id06930/Mj8RzFPxv84/00009,00009.wav,The-United-Kingdom-1,The-United-States-of-America
voxceleb,dev,id05835/nPnnTgr0HwE/00168,00168.wav,The-United-States-of-America,The-United-Kingdom-1
voxceleb,dev,id07120/x26VeCUlu_o/00058,00058.wav,The-United-Kingdom-1,The-Philippines-1
voxceleb,dev,id01504/hsCCrLW45tM/00372,00372.wav,India,India
voxceleb,dev,id00664/8Sm-4PI3NJU/00045,00045.wav,The-Republic-of-Ireland,Kingdom-of-the-Netherlands
voxceleb,dev,id02253/ou68sRN_rB8/00275,00275.wav,The-United-Kingdom-1,The-United-Kingdom-1
voxceleb,dev,id01057/ynH9aS-UclY/00487,00487.wav,The-United-States-of-America,The-United-States-of-America
voxceleb,dev,id06548/ILINfVUMwwk/00015,00015.wav,Indonesia,Indonesia
voxceleb,dev,id02534/b7Z8v5Nrctw/00220,00220.wav,Italy,Italy
voxceleb,dev,id04782/RURr3nr6kkg/00220,00220.wav,The-United-Kingdom-1,Canada
voxceleb,dev,id05486/6kwCcLkOhbw/00003,00003.wav,The-United-Kingdom-1,Argentina
voxceleb,dev,id00086/bwkJGoJVby0/00245,00245.wav,India,India
voxceleb,dev,id08472/rRJfam1d0iU/00135,00135.wav,The-United-States-of-America,The-United-States-of-America
voxceleb,dev,id08039/gjZ99ehSDIo/00134,00134.wav,Israel,Canada
voxceleb,dev,id05104/ZpE3ZwiTQdU/00254,00254.wav,The-United-Kingdom-1,Germany
voxceleb,dev,id02623/Wp2wwwltwQY/00178,00178.wav,The-United-States-of-America,The-United-States-of-America
voxceleb,dev,id01721/mexb34TAWIo/00200,00200.wav,Italy,Italy
voxceleb,dev,id03202/Y0qD7D8cFz0/00029,00029.wav,The-United-Kingdom-1,The-United-States-of-America
voxceleb,dev,id00479/BhrGB2r5n80/00073,00073.wav,Italy,Italy
voxceleb,dev,id07236/Lpak7-pntNA/00171,00171.wav,India,India
voxceleb,dev,id00312/hCQani6xmsE/00152,00152.wav,Germany,Austria
voxceleb,dev,id03202/bz8Pz6uCOsA/00113,00113.wav,The-United-Kingdom-1,The-United-States-of-America
voxceleb,dev,id02179/Mm99mlSCWjU/00111,00111.wav,The-United-Kingdom-1,The-United-States-of-America
voxceleb,dev,id02573/jfF4O6bELHs/00361,00361.wav,Australia,Australia
voxceleb,dev,id06131/KI87z8QP2mo/00167,00167.wav,The-Republic-of-Ireland,Croatia
voxceleb,dev,id06617/F3C42ZWDWCY/00097,00097.wav,The-United-States-of-America,The-United-States-of-America
voxceleb,dev,id06174/iKWCBwd4_ZU/00176,00176.wav,Germany,Germany
voxceleb,dev,id05907/tmKhFWFJ7KI/00262,00262.wav,India,India
voxceleb,dev,id08240/svCYbkS0Sjk/00410,00410.wav,The-United-States-of-America,The-United-States-of-America
voxceleb,dev,id07039/TRlbp1wOFwE/00023,00023.wav,The-United-Kingdom-1,Malaysia
voxceleb,dev,id02253/VkxYewh24y4/00162,00162.wav,The-United-Kingdom-1,The-United-Kingdom-1
voxceleb,dev,id02667/HcxFowKIbZQ/00114,00114.wav,The-United-Kingdom-1,The-United-States-of-America
voxceleb,dev,id06436/ZVQEXxjwXdA/00012,00012.wav,India,India
voxceleb,dev,id01653/Iux_OeMRk-8/00062,00062.wav,Germany,Austria
voxceleb,dev,id04939/FN1KGVZaYfI/00064,00064.wav,The-United-Kingdom-1,The-United-States-of-America
voxceleb,dev,id01189/KVh_vGJ2KeA/00019,00019.wav,The-United-Kingdom-1,Canada
voxceleb,dev,id06694/kusFlDEa4nU/00217,00217.wav,Turkey-country,Turkey-country
voxceleb,dev,id01584/nKsDBZJ3g1M/00116,00116.wav,The-United-Kingdom-1,Canada
voxceleb,dev,id05426/xmauSdNJ1Ec/00229,00229.wav,United States of America,unknown
voxceleb,dev,id05838/8oYtkFqz7aI/00021,00021.wav,The-United-States-of-America,Belgium
voxceleb,dev,id01315/yUlGwRy5HCM/00456,00456.wav,India,The-United-States-of-America
voxceleb,dev,id05831/1JFb1RdKRiI/00007,00007.wav,The-United-Kingdom-1,Australia
voxceleb,dev,id00979/XAafFV2SNEM/00163,00163.wav,France,France
voxceleb,dev,id01682/qmvKPd9S3qI/00105,00105.wav,The-United-Kingdom-1,The-United-States-of-America
voxceleb,dev,id07809/i47_W3RIyFQ/00462,00462.wav,The-United-Kingdom-1,The-United-States-of-America
voxceleb,dev,id08348/0rjY4bzSSKQ/00009,00009.wav,The-United-States-of-America,The-United-States-of-America
voxceleb,dev,id00145/LK3FmbpHMEs/00054,00054.wav,United-States-of-America,The-United-States-of-America
voxceleb,dev,id07077/Knxr1sD9r3I/00094,00094.wav,India,India
voxceleb,dev,id06404/4aut3ieDBIs/00007,00007.wav,The-United-States-of-America,The-United-States-of-America
voxceleb,dev,id02099/QETllH-Fnio/00040,00040.wav,The-United-States-of-America,The-United-States-of-America
voxceleb,dev,id05211/IfS2zq46pmo/00041,00041.wav,The-United-States-of-America,Australia
voxceleb,dev,id06663/Ybkn1FFxZkY/00358,00358.wav,The-United-Kingdom-1,The-United-States-of-America
voxceleb,dev,id08667/Ky0jgfBACzM/00024,00024.wav,The-United-Kingdom-1,Norway
voxceleb,dev,id08607/KGexXAqAVXM/00099,00099.wav,United-Kingdom-1,The-United-Kingdom-1
voxceleb,dev,id05487/K-GKT_n1YWk/00028,00028.wav,France,France
voxceleb,dev,id05640/zOylnbhh1QE/00188,00188.wav,The-United-Kingdom-1,The-United-States-of-America
voxceleb,dev,id01655/_1Ko3ErHToM/00077,00077.wav,France,France
voxceleb,dev,id07459/FTsDjI59X70/00077,00077.wav,China,The-United-States-of-America
voxceleb,dev,id02252/6JIIZHGIyPQ/00021,00021.wav,The-United-Kingdom-1,The-United-Kingdom-1
voxceleb,dev,id06792/XvXzFQ34aV8/00341,00341.wav,The-United-States-of-America,The-United-States-of-America
voxceleb,dev,id08049/BL1QIRxalqM/00064,00064.wav,The-United-Kingdom-1,India
voxceleb,dev,id05066/QT9fjM6SaC4/00176,00176.wav,United-Kingdom-1,The-United-States-of-America
voxceleb,dev,id05519/Yhj2_vyE9lg/00109,00109.wav,Germany,Switzerland
voxceleb,dev,id02437/mXsMz3aJR6M/00412,00412.wav,Turkey-country,Turkey-country
voxceleb,dev,id00823/_CZnTjsYPZk/00210,00210.wav,The-United-States-of-America,The-United-States-of-America
voxceleb,dev,id08464/ATtZT3xt4Dg/00081,00081.wav,Israel,Croatia
voxceleb,dev,id05745/Iof693u6jeM/00058,00058.wav,Italy,Italy
voxceleb,dev,id07845/flO1UDpgUBs/00063,00063.wav,The-United-States-of-America,The-United-States-of-America
voxceleb,dev,id00691/iPwDIYlK8Gw/00217,00217.wav,The-United-States-of-America,The-United-States-of-America
voxceleb,dev,id07113/p3T_eqYkQWo/00061,00061.wav,India,India
voxceleb,dev,id02030/YXUBp0W88GA/00091,00091.wav,The-United-Kingdom-1,The-United-Kingdom-1
voxceleb,dev,id07466/DNW1POmnXM4/00063,00063.wav,The-United-Kingdom-1,Kingdom-of-the-Netherlands
voxceleb,dev,id01450/UanklrsWVrA/00066,00066.wav,The-United-Kingdom-1,The-United-States-of-America
voxceleb,dev,id04738/t75CqsYJ_Hc/00452,00452.wav,The-United-Kingdom-1,The-United-States-of-America
voxceleb,dev,id07531/en4wM1VIVXE/00262,00262.wav,The-United-States-of-America,The-United-States-of-America
voxceleb,dev,id08748/BtL9HCMFS80/00027,00027.wav,Germany,Germany
voxceleb,dev,id06133/2FBmF8lpgUw/00019,00019.wav,The-United-Kingdom-1,The-United-States-of-America
voxceleb,dev,id02916/228E0bkiKt8/00015,00015.wav,France,France
voxceleb,dev,id02235/0b0r9PQj2J4/00001,00001.wav,Germany,German-Democratic-Republic-DDR
voxceleb,dev,id07064/khTIRtV5eXQ/00193,00193.wav,India,India
voxceleb,dev,id01010/9R2do5SZBTk/00026,00026.wav,The-United-Kingdom-1,The-United-States-of-America
voxceleb,dev,id01549/MNyj6z00lpk/00124,00124.wav,The-United-Kingdom-1,The-United-Kingdom-1
voxceleb,dev,id04839/A5qnxLeKklQ/00147,00147.wav,India,India
voxceleb,dev,id06131/MBTB6j7bzg8/00187,00187.wav,The-Republic-of-Ireland,Croatia
voxceleb,dev,id01581/4tOXJ3EKm90/00031,00031.wav,India,India
voxceleb,dev,id01997/xRMWGm_5kIY/00180,00180.wav,India,India
voxceleb,dev,id06771/UyeD0ncPasc/00249,00249.wav,Nepal,Nepal
voxceleb,dev,id02961/nuTqOAGPhcY/00330,00330.wav,India,unknown
voxceleb,dev,id07263/w6oMObL_BkM/00131,00131.wav,The-United-Kingdom-1,The-United-States-of-America
voxceleb,dev,id07549/B4dfBgX4TJo/00051,00051.wav,India,India
voxceleb,dev,id06928/RgEjS9gMC8M/00327,00327.wav,The-United-Kingdom-1,The-Bahamas
voxceleb,dev,id06038/g7d2YeRkaEo/00362,00362.wav,France,France
voxceleb,dev,id00948/XXuQhDnaQ7I/00064,00064.wav,The-United-States-of-America,The-United-Kingdom-1
voxceleb,dev,id00959/dXzWqPbPYH4/00188,00188.wav,Chile,Austria
voxceleb,dev,id08607/sKOFpKnFZzU/00324,00324.wav,The-United-Kingdom-1,The-United-Kingdom-1
voxceleb,dev,id00266/5ckOmQTKxDg/00060,00060.wav,United Kingdom,The-United-Kingdom-1
voxceleb,dev,id08653/nuzulTMPSSI/00315,00315.wav,The-United-Kingdom-1,The-United-Kingdom-1
voxceleb,dev,id01876/CPRWmrc7lZ8/00026,00026.wav,The-United-Kingdom-1,South-Africa
voxceleb,dev,id07183/F8DSytnxvqQ/00027,00027.wav,India,India
voxceleb,dev,id02672/HiLmIgk64I0/00092,00092.wav,Germany,Switzerland
voxceleb,dev,id02889/CJ-4NQmgjxA/00111,00111.wav,France,France
voxceleb,dev,id02306/AmdecEHV1Ck/00060,00060.wav,The-United-States-of-America,The-United-States-of-America
voxceleb,dev,id02023/g0-jVzrO1Ho/00143,00143.wav,The-United-Kingdom-1,The-United-States-of-America
voxceleb,dev,id05952/7n9j1WIXTfw/00059,00059.wav,The-United-States-of-America,The-United-States-of-America
voxceleb,dev,id07469/JeYzVwZubAM/00136,00136.wav,The-United-Kingdom-1,The-United-Kingdom-1
voxceleb,dev,id07334/iIhWuYKjnlM/00155,00155.wav,The-United-Kingdom-1,The-Republic-of-Ireland
voxceleb,dev,id08043/o6SGOQd1SXs/00056,00056.wav,The-United-Kingdom-1,The-United-Kingdom-1
voxceleb,dev,id05129/2A_b41-VLi8/00016,00016.wav,The-Republic-of-Ireland,Kingdom-of-the-Netherlands
voxceleb,dev,id02888/l8_B5TxGJD4/00428,00428.wav,France,France
voxceleb,dev,id02953/RrdZiTPPCHc/00098,00098.wav,The-United-Kingdom-1,Australia
voxceleb,dev,id07489/4I__X4yYRYc/00039,00039.wav,Brazil,Brazil
voxceleb,dev,id03215/9mik3Q4T4MY/00043,00043.wav,The-United-Kingdom-1,The-United-States-of-America
voxceleb,dev,id06874/1wkehYqnSug/00007,00007.wav,The-United-Kingdom-1,Australia
voxceleb,dev,id05486/vZWWD3gO0WY/00169,00169.wav,The-United-Kingdom-1,Argentina
voxceleb,dev,id05907/B34oUUmOyVc/00090,00090.wav,India,India
voxceleb,dev,id07711/wLO0z7CXNws/00255,00255.wav,The-United-States-of-America,Iran
voxceleb,dev,id06183/Q1ABWYiB00k/00155,00155.wav,Russia,The-Czech-Republic-1
voxceleb,dev,id01916/HJjQT6xYqcg/00145,00145.wav,The-United-States-of-America,The-United-States-of-America
voxceleb,dev,id00500/1bPC7YbPL6s/00020,00020.wav,Germany,Germany
voxceleb,dev,id06582/imx2lQXMzSI/00417,00417.wav,Australia,India
voxceleb,dev,id04757/SEgOUgC9eAA/00183,00183.wav,The-United-Kingdom-1,The-United-States-of-America
voxceleb,dev,id01505/jzuwaumskEo/00090,00090.wav,The-United-States-of-America,The-United-States-of-America
voxceleb,dev,id05586/dgDsmVfptUk/00109,00109.wav,The-United-Kingdom-1,Denmark
voxceleb,dev,id00979/u9zaPT7k0TY/00376,00376.wav,France,France
voxceleb,dev,id07624/V0I8vedbIWM/00281,00281.wav,The-United-Kingdom-1,The-United-States-of-America
voxceleb,dev,id01778/_XLh4MR0rX8/00058,00058.wav,The-United-Kingdom-1,The-United-States-of-America
voxceleb,dev,id00513/tVBDwUo0Kp0/00418,00418.wav,Germany,Germany
voxceleb,dev,id08000/IxTbMaxIUMs/00110,00110.wav,The-United-Kingdom-1,The-United-Kingdom-1
voxceleb,dev,id01455/kdb9Q6zN1tM/00051,00051.wav,Spain,Colombia
voxceleb,dev,id02891/m_0hfyukOi0/00476,00476.wav,France,France
voxceleb,dev,id07447/_3jR1OgfzUA/00254,00254.wav,The-United-Kingdom-1,Spain
voxceleb,dev,id02228/XMF2luS3rKU/00039,00039.wav,The-United-States-of-America,The-United-States-of-America
voxceleb,dev,id08599/bJqCBSBtVME/00313,00313.wav,The-United-States-of-America,The-United-States-of-America
voxceleb,dev,id08741/ybsfA9Uda6o/00159,00159.wav,Germany,Germany
voxceleb,dev,id08640/gfC5U7NW-EA/00210,00210.wav,The-United-Kingdom-1,Australia
voxceleb,dev,id06676/4errt1ofFiU/00039,00039.wav,The-United-Kingdom-1,India
voxceleb,dev,id06156/sDz67xlL-Ew/00313,00313.wav,The-United-Kingdom-1,The-United-Kingdom-1
voxceleb,dev,id06448/De0FfetuMoo/00065,00065.wav,The-United-Kingdom-1,The-United-Kingdom-1
voxceleb,dev,id07753/mlwDTJOZn0g/00052,00052.wav,The-United-Kingdom-1,Mexico
voxceleb,dev,id05878/csO_vjH8hEg/00118,00118.wav,Germany,Germany
voxceleb,dev,id00673/GtEE4bFudIM/00234,00234.wav,The-United-Kingdom-1,The-United-Kingdom-1
voxceleb,dev,id05512/C_8IC3TGU0k/00207,00207.wav,France,Canada
voxceleb,dev,id06105/YbC2krodsco/00083,00083.wav,The-United-Kingdom-1,The-United-States-of-America
voxceleb,dev,id05796/DDxtM_93LWs/00009,00009.wav,The-Republic-of-Ireland,Croatia
voxceleb,dev,id05252/xDxP8K7JlBA/00177,00177.wav,The-United-Kingdom-1,The-United-States-of-America
voxceleb,dev,id01328/W3-kcjQDTUQ/00136,00136.wav,Australia,Australia
voxceleb,dev,id07128/86PDfL_fhc0/00058,00058.wav,Canada,Canada
voxceleb,dev,id00515/9jj_weoWbO8/00031,00031.wav,Brazil,Romania
voxceleb,dev,id03147/TeCawVX1m6E/00272,00272.wav,The-United-States-of-America,unknown
voxceleb,dev,id05984/j_I2jSM06lQ/00229,00229.wav,Germany,Germany
voxceleb,dev,id06239/AKySiXtKmB4/00104,00104.wav,Germany,Germany
voxceleb,dev,id07511/iFUB5AUW4L4/00112,00112.wav,France,France
voxceleb,dev,id01316/z2P1sV61DWg/00187,00187.wav,The-United-Kingdom-1,Brazil
voxceleb,dev,id05667/k-qSg00sn0Y/00102,00102.wav,The-United-States-of-America,The-United-States-of-America
voxceleb,dev,id07332/xaZmRQtj11g/00476,00476.wav,The-United-Kingdom-1,The-United-Kingdom-1
voxceleb,dev,id06907/9HpuM9iVaRU/00021,00021.wav,The-United-Kingdom-1,Germany
voxceleb,dev,id00149/t34AiNd0KB8/00360,00360.wav,The-United-Kingdom-1,unknown
voxceleb,dev,id07397/RlSBthCsTC0/00059,00059.wav,The-United-Kingdom-1,The-United-Kingdom-1
voxceleb,dev,id06346/3RiCu-lkZ08/00003,00003.wav,The-United-Kingdom-1,unknown
voxceleb,dev,id05491/tqzEECHxU_k/00193,00193.wav,The-United-Kingdom-1,Germany
voxceleb,dev,id04742/q-8pJwDvs3U/00367,00367.wav,The-United-Kingdom-1,The-United-States-of-America
voxceleb,dev,id02501/3RVknrQQ6eI/00024,00024.wav,Spain,Venezuela
voxceleb,dev,id05147/THcSvUArccI/00200,00200.wav,The-United-States-of-America,The-United-States-of-America
voxceleb,dev,id05357/qs9Kdnk52yo/00160,00160.wav,Albania,Albania
voxceleb,dev,id06156/mlJhJFtacWY/00253,00253.wav,The-United-Kingdom-1,The-United-Kingdom-1
voxceleb,dev,id04970/1o-5cnk8aaE/00029,00029.wav,India,India
voxceleb,dev,id02236/wk8xivUwr28/00247,00247.wav,France,France
voxceleb,dev,id00097/e9M4woR4bjE/00258,00258.wav,The-United-Kingdom-1,The-United-States-of-America
voxceleb,dev,id02561/OX-80uIK0UQ/00050,00050.wav,The-United-Kingdom-1,The-Philippines-1
voxceleb,dev,id05314/wGGQvQgI0pU/00055,00055.wav,The-Republic-of-Ireland,The-Czech-Republic-1
voxceleb,dev,id06068/IazB7WCdjmc/00028,00028.wav,The-United-Kingdom-1,Kingdom-of-the-Netherlands
voxceleb,dev,id02943/uol6_ji3QHE/00379,00379.wav,Germany,Austria
voxceleb,dev,id02832/mBaQcyvhMxk/00090,00090.wav,Germany,Germany
voxceleb,dev,id06722/W3F2l4m1h-s/00210,00210.wav,The-United-States-of-America,The-United-States-of-America
voxceleb,dev,id07644/JgQR8IvzAQ4/00052,00052.wav,The-United-Kingdom-1,The-United-States-of-America
voxceleb,dev,id03240/jtJCt_PebqU/00275,00275.wav,Malaysia,India
voxceleb,dev,id00526/CeIxo6C0jGw/00032,00032.wav,The-United-Kingdom-1,The-United-Kingdom-1
voxceleb,dev,id00257/KH7_EOMAVjY/00074,00074.wav,The-United-States-of-America,The-United-States-of-America
voxceleb,dev,id07954/WXZJjo-m_hs/00374,00374.wav,India,India
voxceleb,dev,id02009/p5QXhWiqAMU/00278,00278.wav,The-United-States-of-America,The-United-States-of-America
voxceleb,dev,id06202/VeLKZZCJdOY/00019,00019.wav,The-United-Kingdom-1,Finland
voxceleb,dev,id06953/oYvEh51jBAE/00157,00157.wav,The-United-Kingdom-1,The-United-States-of-America
voxceleb,dev,id08715/tB3Q2iXLf6U/00060,00060.wav,The-United-Kingdom-1,India
voxceleb,dev,id07350/z-9q_VBOkD8/00051,00051.wav,The-United-Kingdom-1,Australia
voxceleb,dev,id07117/d3m_d28j6GQ/00154,00154.wav,The-United-Kingdom-1,Australia
voxceleb,dev,id00195/1bJHpxlAmm4/00010,00010.wav,Spain,Dominican-Republic
voxceleb,dev,id01395/SqTvWko4BPw/00176,00176.wav,The-United-Kingdom-1,The-United-Kingdom-1
voxceleb,dev,id00860/I0l8hPY5uKk/00065,00065.wav,The-United-Kingdom-1,India
voxceleb,dev,id05263/PwtvNRpnomg/00064,00064.wav,The-United-Kingdom-1,The-United-Kingdom-1
voxceleb,dev,id06389/wgkMsgDaD6Q/00153,00153.wav,The-United-Kingdom-1,South-Africa
voxceleb,dev,id02239/k5WCAF3cATs/00309,00309.wav,The-United-Kingdom-1,India
voxceleb,dev,id00637/RFxCbRtdJ6I/00015,00015.wav,The-United-Kingdom-1,Sweden
voxceleb,dev,id02989/3JjGlkJwqac/00038,00038.wav,The-United-Kingdom-1,The-United-Kingdom-1
voxceleb,dev,id08674/6OYA-twJ0I0/00035,00035.wav,Germany,Austria
voxceleb,dev,id01104/KbFZl8ukirc/00023,00023.wav,The-United-Kingdom-1,The-United-States-of-America
voxceleb,dev,id07727/4-U_cmPK7Wc/00058,00058.wav,The-United-Kingdom-1,India
voxceleb,dev,id00758/H6BRZLmY_DY/00057,00057.wav,The-United-States-of-America,The-United-States-of-America
voxceleb,dev,id02323/ZUUy77AypGQ/00058,00058.wav,Australia,unknown
voxceleb,dev,id06915/yKOthxeWzkY/00133,00133.wav,The-United-Kingdom-1,unknown
voxceleb,dev,id04716/W3WW7-Y3kpU/00324,00324.wav,The-United-Kingdom-1,The-United-Kingdom-1
voxceleb,dev,id05205/CxMIXHAtT8Q/00090,00090.wav,The-United-States-of-America,The-United-States-of-America
voxceleb,dev,id02193/zv8rOE5eD0I/00193,00193.wav,Spain,Argentina
voxceleb,dev,id06952/UKRkwNO62Jk/00142,00142.wav,The-United-Kingdom-1,Germany
voxceleb,dev,id07618/xu2mXQD7xKc/00499,00499.wav,Mexico,Germany
voxceleb,dev,id02823/opqytnWbU4M/00175,00175.wav,France,France
voxceleb,dev,id07885/pVaIp3lhmW4/00125,00125.wav,India,India
voxceleb,dev,id00332/sdALRGtptps/00413,00413.wav,The-United-Kingdom-1,Sweden
voxceleb,dev,id07517/hbOGhcIbvLg/00226,00226.wav,The-United-States-of-America,The-United-States-of-America
voxceleb,dev,id07191/OM5TA7y8ZXQ/00036,00036.wav,The-United-States-of-America,Canada
voxceleb,dev,id06445/SJfGPIUh8yo/00226,00226.wav,India,India
voxceleb,dev,id06578/AhQvmuiLIdk/00005,00005.wav,The-United-States-of-America,unknown
voxceleb,dev,id04704/S4-bqNFtJww/00082,00082.wav,The-United-States-of-America,The-United-States-of-America
voxceleb,dev,id08640/e4X3F4CZXY4/00202,00202.wav,The-United-Kingdom-1,Australia
voxceleb,dev,id02296/gTeZj19pAYE/00120,00120.wav,The-United-States-of-America,Canada
voxceleb,dev,id07956/qx0_mUBlejM/00449,00449.wav,India,India
voxceleb,dev,id02734/3WPJbqyNV4Q/00030,00030.wav,Germany,Germany
voxceleb,dev,id04968/Fy1nAT9ke1o/00138,00138.wav,The-United-Kingdom-1,The-United-States-of-America
voxceleb,dev,id07064/khTIRtV5eXQ/00186,00186.wav,India,India
voxceleb,dev,id08728/GGHJNmZETVk/00095,00095.wav,The-United-States-of-America,The-United-States-of-America
voxceleb,dev,id00374/ehTZ4VYgIYE/00244,00244.wav,The-United-States-of-America,The-United-States-of-America
voxceleb,dev,id06443/IcvDD6A-ImI/00170,00170.wav,India,India
voxceleb,dev,id01718/Abhr1wsrX-w/00038,00038.wav,The-United-Kingdom-1,France
voxceleb,dev,id08629/fo61DGim3qo/00296,00296.wav,The-United-States-of-America,The-United-States-of-America
voxceleb,dev,id08239/yT7XOsesAB4/00311,00311.wav,The-United-Kingdom-1,The-United-Kingdom-1
voxceleb,dev,id02508/0EaTs6GTwG0/00009,00009.wav,The-United-Kingdom-1,The-United-Kingdom-1
voxceleb,dev,id00979/qF5WDNHuBhE/00306,00306.wav,France,France
voxceleb,dev,id05027/z0cfllKu0BI/00451,00451.wav,The-United-Kingdom-1,The-United-States-of-America
voxceleb,dev,id08710/nZzyoD3O0Fg/00079,00079.wav,The-United-Kingdom-1,The-United-States-of-America
voxceleb,dev,id08501/WJ8Vt9OKOZo/00248,00248.wav,The-United-Kingdom-1,The-United-Kingdom-1
voxceleb,dev,id07954/8QcSFDl3-Ks/00151,00151.wav,India,India
voxceleb,dev,id06383/_pPFoNzRz_c/00070,00070.wav,Nicaragua,Canada
voxceleb,dev,id01262/fFJVqD8pOvo/00420,00420.wav,France,France
voxceleb,dev,id05476/7loJbs5Kr6s/00039,00039.wav,India,India
voxceleb,dev,id05737/UdbEuVVkdsw/00170,00170.wav,United-States-of-America,unknown
voxceleb,dev,id05777/ecENHtxhuyI/00290,00290.wav,Colombia,Venezuela
voxceleb,dev,id02105/TT9KIJRmClk/00201,00201.wav,The-United-Kingdom-1,The-United-States-of-America
voxceleb,dev,id01827/ubp3zSdaxEg/00421,00421.wav,The-United-Kingdom-1,Italy
voxceleb,dev,id00458/GVxIAvKZ4m8/00049,00049.wav,The-United-States-of-America,The-United-States-of-America
voxceleb,dev,id01993/pKLOLkqIajA/00111,00111.wav,The-United-Kingdom-1,The-Republic-of-Ireland
voxceleb,dev,id02455/3MFOpfx1fw8/00014,00014.wav,The-United-Kingdom-1,The-United-States-of-America
voxceleb,dev,id07998/1FOyPF5Vdhw/00009,00009.wav,The-United-States-of-America,The-United-States-of-America
voxceleb,dev,id08659/tFwvNOem6XU/00169,00169.wav,The-United-States-of-America,The-United-States-of-America
voxceleb,dev,id08022/UuPxNAicP1Q/00221,00221.wav,The-United-States-of-America,The-United-States-of-America
voxceleb,dev,id03212/ZkBKioaSjm8/00158,00158.wav,The-United-States-of-America,The-United-States-of-America
voxceleb,dev,id01210/Q5gjzGY8rws/00133,00133.wav,The-United-States-of-America,The-United-States-of-America
voxceleb,dev,id07800/rYoS_vmU-a0/00339,00339.wav,Germany,Germany
voxceleb,dev,id02980/URK2EWm5mvI/00210,00210.wav,Ukraine,The-United-States-of-America
voxceleb,dev,id02257/c4WzPCEmBwM/00092,00092.wav,France,France
voxceleb,dev,id07682/uxXgkV0K2eA/00083,00083.wav,The-Republic-of-Ireland,Bosnia-and-Herzegovina
voxceleb,dev,id06362/DGMAsl8D53o/00081,00081.wav,India,India
voxceleb,dev,id00622/em2xdi7EwP8/00285,00285.wav,The-United-Kingdom-1,The-United-States-of-America
voxceleb,dev,id03174/06Y-h2TS1KY/00008,00008.wav,India,India
voxceleb,dev,id04713/31d23iNa5Ig/00007,00007.wav,The-United-States-of-America,The-United-States-of-America
voxceleb,dev,id07672/dcKioBmerrY/00301,00301.wav,India,India
voxceleb,dev,id06248/9WHQLGnrQmE/00108,00108.wav,The-United-Kingdom-1,unknown
voxceleb,dev,id02988/dnPchP8U67w/00124,00124.wav,India,India
voxceleb,dev,id00435/aLbDHWalgy8/00244,00244.wav,France,Belgium
voxceleb,dev,id08513/ACUQ9s6ZjDQ/00005,00005.wav,France,France
voxceleb,dev,id06371/3FUfkuPazFQ/00008,00008.wav,Spain,Spain
voxceleb,dev,id06155/PlCM35rfh8w/00079,00079.wav,Finland,Finland
voxceleb,dev,id01840/NIM9BwPeT9Q/00105,00105.wav,The-United-States-of-America,The-United-States-of-America
voxceleb,dev,id07010/Kltv7QWlJEk/00129,00129.wav,Italy,Italy
voxceleb,dev,id02245/oqSMYg4jpAc/00298,00298.wav,The-United-States-of-America,The-United-States-of-America
voxceleb,dev,id05039/bkcFdbfKMxI/00252,00252.wav,France,France
voxceleb,dev,id07121/Jio0Ug6knZY/00046,00046.wav,The-United-States-of-America,The-United-States-of-America
voxceleb,dev,id05586/y4Xbt2X03VE/00236,00236.wav,The-United-Kingdom-1,Denmark
voxceleb,dev,id02100/Lm3hqguUrJg/00053,00053.wav,United States of America,The-United-States-of-America
voxceleb,dev,id06262/MFrowTLjNts/00217,00217.wav,The-United-Kingdom-1,unknown
voxceleb,dev,id05319/mnbIGTrcq5A/00165,00165.wav,The-United-Kingdom-1,unknown
voxceleb,dev,id08746/OgybtUkZpHs/00113,00113.wav,Germany,Germany
voxceleb,dev,id01761/x8LHu9AlMjU/00303,00303.wav,France,France
voxceleb,dev,id01056/ZpbaZi8pe1o/00146,00146.wav,The-United-States-of-America,The-United-States-of-America
voxceleb,dev,id00773/19kfuNQYoxI/00028,00028.wav,India,India
voxceleb,dev,id00346/F22g1JppbqE/00106,00106.wav,India,India
voxceleb,dev,id00029/Gn8fK6Jti1c/00145,00145.wav,Jordan-215,Jordan-215
voxceleb,dev,id00507/2azj9jhTbhg/00048,00048.wav,The-United-Kingdom-1,Germany
voxceleb,dev,id00859/0nqWfgL5-Aw/00027,00027.wav,The-United-Kingdom-1,Iran
voxceleb,dev,id06844/vLpi9l5peUg/00067,00067.wav,The-United-Kingdom-1,The-United-Kingdom-1
voxceleb,dev,id05843/fi9EQ0KS198/00210,00210.wav,France,France
voxceleb,dev,id07241/uWgYo6t5zIo/00245,00245.wav,The-United-States-of-America,The-United-States-of-America
voxceleb,dev,id07583/HFBr-nBVx6g/00034,00034.wav,The-United-Kingdom-1,The-United-Kingdom-1
voxceleb,dev,id03059/tX8h50dBLnw/00323,00323.wav,The-United-Kingdom-1,Germany
voxceleb,dev,id05853/Pa0OEEQTg1M/00205,00205.wav,The-United-Kingdom-1,Nicaragua
voxceleb,dev,id08498/Hn6tkJAfADg/00033,00033.wav,The-Republic-of-Ireland,Belgium
voxceleb,dev,id03028/OAMKtLYs0jI/00170,00170.wav,The-United-States-of-America,The-United-States-of-America
voxceleb,dev,id08234/WhrnBswWhM8/00153,00153.wav,The-United-Kingdom-1,The-United-Kingdom-1
voxceleb,dev,id07084/THH0W9RNNEQ/00118,00118.wav,India,India
voxceleb,dev,id07646/pcMmkcC6Ks0/00071,00071.wav,The-United-States-of-America,The-United-States-of-America
voxceleb,dev,id05746/BG1XDwDpp_Q/00115,00115.wav,The-United-States-of-America,The-United-States-of-America
voxceleb,dev,id05670/gU4394r2PrE/00141,00141.wav,The-United-States-of-America,Norway
voxceleb,dev,id07048/TtIy-X0B-Gw/00064,00064.wav,India,India
voxceleb,dev,id08643/0c_U338lAco/00016,00016.wav,Italy,Italy
voxceleb,dev,id04899/mqGbTAaBzGo/00081,00081.wav,The-Republic-of-Ireland,Sweden
voxceleb,dev,id02886/VQlGHT1mu7I/00075,00075.wav,France,unknown
voxceleb,dev,id00799/3bAxMg3PPR8/00010,00010.wav,The-United-Kingdom-1,India
voxceleb,dev,id07760/sKOKNc6892I/00093,00093.wav,France,Belgium
voxceleb,dev,id05251/ILAl-Nb0T0c/00023,00023.wav,United-Kingdom-1,The-United-Kingdom-1
voxceleb,dev,id02475/esk21lj2c9k/00102,00102.wav,The-United-Kingdom-1,The-United-States-of-America
voxceleb,dev,id07351/82V_kXNtxY8/00022,00022.wav,United States of America,The-United-States-of-America
voxceleb,dev,id02899/5zZ-VIFOKpY/00097,00097.wav,The-Republic-of-Ireland,Kingdom-of-the-Netherlands
voxceleb,dev,id05049/p1KCFObSQu8/00390,00390.wav,The-United-Kingdom-1,The-United-States-of-America
voxceleb,dev,id06188/cEYpml5k87Q/00190,00190.wav,The-Republic-of-Ireland,The-Czech-Republic-1
voxceleb,dev,id07537/PKAyHMbyFzI/00058,00058.wav,The-United-Kingdom-1,The-United-States-of-America
voxceleb,dev,id00918/fjAmbxzaRTk/00229,00229.wav,Germany,Germany
voxceleb,dev,id07088/lpwc0z6k9c8/00135,00135.wav,The-Republic-of-Ireland,The-Czech-Republic-1
voxceleb,dev,id08578/EbihxX-KxnQ/00129,00129.wav,The-United-Kingdom-1,India
voxceleb,dev,id07140/68qJ_mbME_Q/00062,00062.wav,United-States-of-America,Poland
voxceleb,dev,id01449/gOuWAR3AwtI/00099,00099.wav,Germany,The-United-States-of-America
voxceleb,dev,id01684/j6cGsBlzCS0/00086,00086.wav,The-United-Kingdom-1,Canada
voxceleb,dev,id06323/hlqMpqnzxtQ/00390,00390.wav,France,France
voxceleb,dev,id08578/jujbi99PP60/00230,00230.wav,India,India
voxceleb,dev,id06162/__g8KJR4Osg/00215,00215.wav,Brazil,Romania
voxceleb,dev,id00461/9GMjYldvDfc/00006,00006.wav,India,India
voxceleb,dev,id06929/5VLTocjqYTw/00049,00049.wav,The-United-Kingdom-1,The-United-States-of-America
voxceleb,dev,id02297/bqY6wISNTmU/00264,00264.wav,India,unknown
voxceleb,dev,id04737/OHH2q7E7ONo/00021,00021.wav,The-United-Kingdom-1,Norway
voxceleb,dev,id08703/gLthWTQ25RQ/00190,00190.wav,The-United-Kingdom-1,unknown
voxceleb,dev,id05893/WjTqN5OQ92U/00278,00278.wav,The-United-States-of-America,The-United-States-of-America
voxceleb,dev,id01251/Suz9PQQZXhM/00045,00045.wav,The-United-Kingdom-1,The-United-States-of-America
voxceleb,dev,id05658/DcefXxKTUYs/00006,00006.wav,The-United-States-of-America,The-United-States-of-America
voxceleb,dev,id00165/n94gNckZ7gM/00201,00201.wav,India,India
voxceleb,dev,id07308/cVDJMxJ87Qw/00100,00100.wav,The-United-Kingdom-1,The-United-Kingdom-1
voxceleb,dev,id06915/V-tMBkSghCw/00055,00055.wav,The-United-Kingdom-1,unknown
voxceleb,dev,id08289/Er9nV3gx_Zw/00207,00207.wav,France,France
voxceleb,dev,id05506/xxV4E3LRAZI/00423,00423.wav,The-United-States-of-America,Switzerland
voxceleb,dev,id08523/OadwoDMBPdA/00042,00042.wav,France,France
voxceleb,dev,id06064/_c3GLSxl03k/00187,00187.wav,The-United-States-of-America,The-United-States-of-America
voxceleb,dev,id01610/eMR5I3JnAsw/00064,00064.wav,The-United-Kingdom-1,The-United-Kingdom-1
voxceleb,dev,id07988/tMycZOp_yyA/00152,00152.wav,The-United-States-of-America,The-United-States-of-America
voxceleb,dev,id02043/_Ccj3vmww5E/00024,00024.wav,The-United-Kingdom-1,The-United-States-of-America
voxceleb,dev,id00043/_dSh5mz9cWk/00306,00306.wav,The-United-Kingdom-1,India
voxceleb,dev,id07145/je3aZvJVWl0/00329,00329.wav,The-United-Kingdom-1,Spain
voxceleb,dev,id00692/po_Bii78Wvw/00369,00369.wav,The-United-States-of-America,The-United-States-of-America
voxceleb,dev,id07714/UdDSTbsWObc/00114,00114.wav,The-United-States-of-America,The-United-States-of-America
voxceleb,dev,id06323/3KRHLsL5QJc/00033,00033.wav,France,France
voxceleb,dev,id00631/Ko9pPvCU1mw/00043,00043.wav,Germany,Germany
voxceleb,dev,id07370/kaUOwL94xJc/00163,00163.wav,The-United-States-of-America,The-United-States-of-America
voxceleb,dev,id06131/KI87z8QP2mo/00141,00141.wav,Israel,Croatia
voxceleb,dev,id00992/5eNwH_7ub_o/00019,00019.wav,The-United-Kingdom-1,Kingdom-of-the-Netherlands
voxceleb,dev,id08653/9EoWl9dECOQ/00073,00073.wav,The-United-Kingdom-1,The-United-Kingdom-1
voxceleb,dev,id07611/G1H8UTK9Gbc/00075,00075.wav,The-Philippines-1,The-Philippines-1
voxceleb,dev,id08492/IdvQl4ZX9p8/00048,00048.wav,Spain,The-United-States-of-America
voxceleb,dev,id03215/GED807uL0Pk/00065,00065.wav,The-United-States-of-America,The-United-States-of-America
voxceleb,dev,id05453/x-DO_Nd2grc/00441,00441.wav,The-United-Kingdom-1,The-United-Kingdom-1
voxceleb,dev,id00076/_HVkWvQw0Pg/00226,00226.wav,The-United-Kingdom-1,The-United-Kingdom-1
voxceleb,dev,id08481/k3BgLNTC3oQ/00028,00028.wav,The-United-States-of-America,Canada
voxceleb,dev,id05739/pU9e7RWscps/00406,00406.wav,The-United-Kingdom-1,Germany
voxceleb,dev,id04948/yr8najd1SQo/00051,00051.wav,The-United-Kingdom-1,The-United-Kingdom-1
voxceleb,dev,id07341/kFzYPCQ4nfI/00341,00341.wav,The-United-Kingdom-1,The-United-Kingdom-1
voxceleb,dev,id01054/GaNxdQs1eLc/00108,00108.wav,The-United-States-of-America,The-United-States-of-America
voxceleb,dev,id01513/YjysCDaw0aE/00021,00021.wav,Russia,France
voxceleb,dev,id01129/6XkYBXk0t2U/00023,00023.wav,Germany,Germany
voxceleb,dev,id05906/mj51YiNg8cc/00184,00184.wav,The-United-Kingdom-1,The-United-States-of-America
voxceleb,dev,id07136/YWIxvUIoeUU/00296,00296.wav,The-United-Kingdom-1,India
voxceleb,dev,id04985/nY4zQ6BH3BQ/00224,00224.wav,The-United-Kingdom-1,The-United-States-of-America
voxceleb,dev,id00835/g0cpTXFH5tc/00139,00139.wav,The-United-Kingdom-1,Canada
voxceleb,dev,id08593/Oe6GVAhng50/00067,00067.wav,United States of America,The-United-States-of-America
voxceleb,dev,id02115/BaUtDo7cCzs/00035,00035.wav,The-United-States-of-America,The-United-States-of-America
voxceleb,dev,id07241/xQDHBkCdWQY/00361,00361.wav,The-United-States-of-America,The-United-States-of-America
voxceleb,dev,id00693/XtjArpWIQcM/00083,00083.wav,The-United-States-of-America,Australia
voxceleb,dev,id01569/stZvZRippoE/00047,00047.wav,The-United-States-of-America,The-United-States-of-America
voxceleb,dev,id06040/KrgXwW8ThBM/00082,00082.wav,France,France
voxceleb,dev,id06368/rkVgFuC3fB8/00370,00370.wav,The-United-Kingdom-1,The-United-States-of-America
voxceleb,dev,id02983/_--O6AGTY-U/00160,00160.wav,The-United-States-of-America,The-United-States-of-America
voxceleb,dev,id04770/wMr8iEvg6JU/00306,00306.wav,India,Pakistan
voxceleb,dev,id02193/W9bkaI-mCKw/00088,00088.wav,Spain,Argentina
voxceleb,dev,id06156/6opLst9kF6g/00020,00020.wav,The-United-Kingdom-1,The-United-Kingdom-1
voxceleb,dev,id08351/M56O7g0GT4A/00125,00125.wav,France,France
voxceleb,dev,id08597/09McTz-Q7pA/00011,00011.wav,Germany,Germany
voxceleb,dev,id06970/eRoAqFSpAjQ/00138,00138.wav,The-United-Kingdom-1,The-United-States-of-America
voxceleb,dev,id08122/glDh9YYW_to/00419,00419.wav,India,India
voxceleb,dev,id05716/hYa9lYSTs5o/00256,00256.wav,The-United-Kingdom-1,The-United-Kingdom-1
voxceleb,dev,id07534/tVv2j7tbHsg/00316,00316.wav,The-United-States-of-America,Canada
voxceleb,dev,id05521/y7JyxfwMeCM/00132,00132.wav,The-United-Kingdom-1,Germany
voxceleb,dev,id07227/Jq8pvyulnz4/00085,00085.wav,The-United-States-of-America,The-United-States-of-America
voxceleb,dev,id00786/qNYZpWUXZ6Y/00037,00037.wav,The-United-Kingdom-1,The-United-Kingdom-1
voxceleb,dev,id04745/LyK_9fkbJp0/00061,00061.wav,Germany,Slovenia
voxceleb,dev,id08616/OQB6RbQQkWM/00060,00060.wav,The-United-States-of-America,The-United-States-of-America
voxceleb,dev,id03201/zgrYChT7uYI/00419,00419.wav,The-United-States-of-America,The-United-States-of-America
voxceleb,dev,id04820/BjvyqRvTOw0/00019,00019.wav,The-United-States-of-America,The-United-States-of-America
voxceleb,dev,id00701/CANKp_r9B1g/00055,00055.wav,The-United-States-of-America,The-United-States-of-America
voxceleb,dev,id00929/VcGUxfvs0Tw/00026,00026.wav,The-United-States-of-America,The-United-States-of-America
voxceleb,dev,id08738/Q0WedOuFAbQ/00148,00148.wav,India,India
voxceleb,dev,id08722/mgwoeZ7gGgA/00184,00184.wav,The-United-States-of-America,The-United-States-of-America
voxceleb,dev,id05137/RhCPB4P13Yk/00189,00189.wav,The-United-States-of-America,The-United-States-of-America
voxceleb,dev,id00659/gInHaXn7idA/00157,00157.wav,France,The-United-States-of-America
voxceleb,dev,id00064/MnBv-hDLPWo/00218,00218.wav,The-United-States-of-America,The-United-States-of-America
voxceleb,dev,id08756/oKYUGLWop60/00253,00253.wav,India,India
voxceleb,dev,id06822/mopoFrvjFOw/00087,00087.wav,The-United-Kingdom-1,Finland
voxceleb,dev,id05707/jpbXOoCZn4Q/00075,00075.wav,The-Republic-of-Ireland,Kingdom-of-the-Netherlands
voxceleb,dev,id08606/VjQ078F18qg/00189,00189.wav,The-United-Kingdom-1,Germany
voxceleb,dev,id05561/QFrdgeJ6nWw/00074,00074.wav,The-United-Kingdom-1,The-United-Kingdom-1
voxceleb,dev,id06453/Kt5_8WlBI8E/00122,00122.wav,The-United-States-of-America,The-United-States-of-America
voxceleb,dev,id00571/DK9OELpJTt8/00042,00042.wav,The-Netherlands,Kingdom-of-the-Netherlands
voxceleb,dev,id07009/qKQ9oWqHjII/00084,00084.wav,Spain,Colombia
voxceleb,dev,id00458/yh9AaAu5YyA/00200,00200.wav,The-United-States-of-America,The-United-States-of-America
voxceleb,dev,id03198/JRJoIGVwOoA/00021,00021.wav,Australia,Australia
voxceleb,dev,id01344/nSR1VQJYRgA/00024,00024.wav,The-United-Kingdom-1,Turkey-country
voxceleb,dev,id01570/jky8GTCIuYA/00295,00295.wav,The-United-Kingdom-1,The-United-States-of-America
voxceleb,dev,id07705/tYMhs8wYgZg/00315,00315.wav,The-United-Kingdom-1,The-United-States-of-America
voxceleb,dev,id02091/4iDCzGDcn9c/00011,00011.wav,The-United-Kingdom-1,The-United-Kingdom-1
voxceleb,dev,id08309/jTkqYprITOM/00194,00194.wav,India,India
voxceleb,dev,id07332/NlsH3_a019Q/00213,00213.wav,The-United-Kingdom-1,The-United-Kingdom-1
voxceleb,dev,id08459/gMatkOqGA1k/00122,00122.wav,The-United-States-of-America,The-United-States-of-America
voxceleb,dev,id07217/s85IRlHHM6s/00274,00274.wav,India,India
voxceleb,dev,id06583/vRM_h3tv8yw/00271,00271.wav,The-United-States-of-America,The-United-States-of-America
voxceleb,dev,id07256/OEhFUmgK89U/00154,00154.wav,The-United-Kingdom-1,The-United-Kingdom-1
voxceleb,dev,id07751/huafAe-wlVQ/00202,00202.wav,The-Republic-of-Ireland,India
voxceleb,dev,id06815/yttoKuBn-ME/00054,00054.wav,Germany,Germany
voxceleb,dev,id06210/cQuuB5cvTq8/00084,00084.wav,Egypt,Egypt
voxceleb,dev,id02254/PFnTqKGx770/00150,00150.wav,The-United-States-of-America,The-United-States-of-America
voxceleb,dev,id00407/3Kj6eA_GQ_c/00001,00001.wav,The-United-Kingdom-1,The-United-States-of-America
voxceleb,dev,id05672/OsP2uLcvVSA/00053,00053.wav,The-Republic-of-Ireland,Poland
voxceleb,dev,id00281/8KxfzhysMHA/00017,00017.wav,The-United-Kingdom-1,The-United-States-of-America
voxceleb,dev,id02731/R3gGeDdv0Mk/00062,00062.wav,The-United-Kingdom-1,India
voxceleb,dev,id07333/1NCBNCuzuJ0/00010,00010.wav,France,France
voxceleb,dev,id08516/93XMULnra_o/00020,00020.wav,Germany,Germany
voxceleb,dev,id07178/pHe2wolX7fs/00419,00419.wav,The-United-Kingdom-1,India
voxceleb,dev,id07397/C2JlTe1sjnY/00011,00011.wav,The-United-States-of-America,The-United-Kingdom-1
voxceleb,dev,id06248/u2EX1NDx4dw/00405,00405.wav,The-United-Kingdom-1,unknown
voxceleb,dev,id08714/moNe7-sK8i8/00412,00412.wav,The-United-States-of-America,The-United-States-of-America
voxceleb,dev,id07400/U8cRPe3eTMA/00193,00193.wav,The-United-States-of-America,The-United-States-of-America
voxceleb,dev,id02249/zb_BH5THYJc/00475,00475.wav,The-United-States-of-America,The-United-States-of-America
voxceleb,dev,id01523/ebm3Mv7Kw40/00281,00281.wav,Canada,The-United-States-of-America
voxceleb,dev,id06115/sKoeWLphHew/00310,00310.wav,The-United-States-of-America,The-United-States-of-America
voxceleb,dev,id01489/sTgxWI608u8/00386,00386.wav,The-United-Kingdom-1,The-United-States-of-America
voxceleb,dev,id07477/AxVbENF9lXs/00050,00050.wav,The-United-Kingdom-1,The-United-Kingdom-1
voxceleb,dev,id00492/liB8bLPlDEI/00260,00260.wav,The-United-States-of-America,The-United-States-of-America
voxceleb,dev,id07809/FFzY3JJy430/00068,00068.wav,The-United-Kingdom-1,The-United-States-of-America
voxceleb,dev,id03202/MsQzfZeLKZQ/00022,00022.wav,The-United-States-of-America,The-United-States-of-America
voxceleb,dev,id04896/WSF24PnjQDU/00208,00208.wav,The-United-States-of-America,The-United-States-of-America
voxceleb,dev,id00747/Z9-54Y07xOY/00030,00030.wav,India,The-United-Kingdom-1
voxceleb,dev,id03123/DGKRjzdPMjs/00071,00071.wav,Italy,The-United-States-of-America
voxceleb,dev,id07177/bCqlMfAjSIM/00060,00060.wav,India,India
voxceleb,dev,id06792/SNMeVhaNv5g/00285,00285.wav,The-United-Kingdom-1,The-United-States-of-America
voxceleb,dev,id07412/ep5paYSq4T8/00196,00196.wav,The-United-States-of-America,The-United-States-of-America
voxceleb,dev,id00736/HFSc50phAb8/00103,00103.wav,Brazil,Portugal
voxceleb,dev,id00304/PqDOB6-Ve50/00024,00024.wav,The-Republic-of-Ireland,The-Czech-Republic-1
voxceleb,dev,id08625/2WfDP45Ycw0/00008,00008.wav,The-United-States-of-America,The-United-States-of-America
voxceleb,dev,id00778/PEJOf5xq4wg/00041,00041.wav,Germany,Germany
voxceleb,dev,id00018/Hufm91VqckQ/00071,00071.wav,The-United-States-of-America,The-United-States-of-America
voxceleb,dev,id01047/3YAOXFHlf64/00013,00013.wav,The-United-Kingdom-1,The-United-Kingdom-1
voxceleb,dev,id08741/j3RsO3fcf6s/00122,00122.wav,The-United-Kingdom-1,Germany
voxceleb,dev,id08702/g_VOR_5UoqU/00313,00313.wav,Canada,Canada
voxceleb,dev,id07844/Irww516MoeM/00105,00105.wav,The-United-Kingdom-1,The-United-Kingdom-1
voxceleb,dev,id06749/5rKfVL9WRlk/00018,00018.wav,United-States-of-America,The-United-States-of-America
voxceleb,dev,id08066/Hpjm0qlD3Ec/00094,00094.wav,The-United-Kingdom-1,The-United-States-of-America
voxceleb,dev,id00659/gInHaXn7idA/00150,00150.wav,France,The-United-States-of-America
voxceleb,dev,id07411/nXmpljS3YU8/00135,00135.wav,The-Republic-of-Ireland,Poland
voxceleb,dev,id06597/TLvdXV0n7zg/00191,00191.wav,The-United-Kingdom-1,The-United-Kingdom-1
voxceleb,dev,id00412/W5hXK6_BE1E/00133,00133.wav,The-United-Kingdom-1,India
voxceleb,dev,id07128/mERqAotMGqU/00305,00305.wav,Canada,Canada
voxceleb,dev,id01763/ef3-gGV_Avw/00179,00179.wav,The-United-States-of-America,The-United-States-of-America
voxceleb,dev,id02071/xzSZC3tKqXg/00260,00260.wav,United States of America,The-United-States-of-America
voxceleb,dev,id07352/WcWFI4IhVos/00153,00153.wav,The-United-States-of-America,The-United-States-of-America
voxceleb,dev,id05703/9yQv3dZY-Os/00030,00030.wav,Germany,unknown
voxceleb,dev,id05625/yhoNUHvhX2M/00020,00020.wav,Germany,Germany
voxceleb,dev,id03189/H6mnw-29XWo/00061,00061.wav,The-United-Kingdom-1,The-United-Kingdom-1
voxceleb,dev,id08261/Qz85Zp2p4Ek/00228,00228.wav,The-United-States-of-America,The-United-States-of-America
voxceleb,dev,id07192/wY5bJHPrsKA/00254,00254.wav,Germany,Germany
voxceleb,dev,id05718/5FHss7EvHF8/00001,00001.wav,Brazil,Brazil
voxceleb,dev,id08382/pWaA-f3KM0Y/00122,00122.wav,The-United-Kingdom-1,Croatia
voxceleb,dev,id01043/9zVJF3bks0I/00051,00051.wav,The-United-States-of-America,unknown
voxceleb,dev,id02499/sY-A1p-o34M/00237,00237.wav,Germany,Germany
voxceleb,dev,id01457/SYPVYQD9SEY/00158,00158.wav,The-United-Kingdom-1,Sweden
voxceleb,dev,id01965/ik440k2oln0/00084,00084.wav,The-United-States-of-America,The-United-States-of-America
voxceleb,dev,id02897/HVjUaPN10E0/00020,00020.wav,The-United-States-of-America,The-United-States-of-America
voxceleb,dev,id07703/GdcCa-IXRgY/00111,00111.wav,The-United-Kingdom-1,The-United-Kingdom-1
voxceleb,dev,id06066/2r2oDLYSlQU/00009,00009.wav,The-United-States-of-America,The-United-States-of-America
voxceleb,dev,id01340/gZXZiBpHmb0/00113,00113.wav,The-United-States-of-America,The-United-States-of-America
voxceleb,dev,id05496/zANkcC925kU/00460,00460.wav,Germany,Germany
voxceleb,dev,id04863/WQcbM218aXU/00093,00093.wav,India,unknown
voxceleb,dev,id06174/PvxsEE9xDJY/00058,00058.wav,The-United-Kingdom-1,Germany
voxceleb,dev,id00492/eCSnWL3Der0/00224,00224.wav,The-United-States-of-America,The-United-States-of-America
voxceleb,dev,id07235/PaqfFUqffdE/00074,00074.wav,The-Republic-of-Ireland,Nigeria
voxceleb,dev,id00814/8Gp9C0M1kYo/00003,00003.wav,The-United-Kingdom-1,The-United-Kingdom-1
voxceleb,dev,id06684/SGZ8Q60BgjA/00124,00124.wav,The-United-States-of-America,The-United-States-of-America
voxceleb,dev,id02473/flsE61Er5bc/00055,00055.wav,The-United-Kingdom-1,The-United-States-of-America
voxceleb,dev,id05107/lYZqr_GCOMk/00263,00263.wav,Finland,Denmark
voxceleb,dev,id00080/_7MbCcxS3hc/00155,00155.wav,The-United-Kingdom-1,India
voxceleb,dev,id00620/YZQ6pmsyDrI/00229,00229.wav,Australia,Australia
voxceleb,dev,id02039/VR_xGCHffRg/00231,00231.wav,The-United-States-of-America,The-United-States-of-America
voxceleb,dev,id08592/ySdMPkkbsMc/00487,00487.wav,The-United-Kingdom-1,The-United-Kingdom-1
voxceleb,dev,id06485/9LzQ_eM6gF4/00074,00074.wav,The-United-States-of-America,The-United-States-of-America
voxceleb,dev,id02874/ocBKLrKXBNM/00085,00085.wav,The-Republic-of-Ireland,The-United-States-of-America
voxceleb,dev,id02297/44Hq-3Gh_LM/00045,00045.wav,India,unknown
voxceleb,dev,id01468/CpY-u-7Roec/00007,00007.wav,The-United-States-of-America,The-United-States-of-America
voxceleb,dev,id07707/XGwjdEnNgzs/00086,00086.wav,The-United-States-of-America,The-United-States-of-America
voxceleb,dev,id01093/_px_2mXKry0/00248,00248.wav,The-United-Kingdom-1,The-United-States-of-America
voxceleb,dev,id01965/nU0Znq-qX2g/00110,00110.wav,The-United-States-of-America,The-United-States-of-America
voxceleb,dev,id05153/Ja8NuzafUIY/00048,00048.wav,Democratic-Republic-of-the-Congo-1,unknown
voxceleb,dev,id00903/TAZvDslup4o/00139,00139.wav,The-United-States-of-America,The-United-States-of-America
voxceleb,dev,id01269/UZ06nX7Vx54/00118,00118.wav,France,France
voxceleb,dev,id06289/3ZqAh1cMlEc/00061,00061.wav,The-United-States-of-America,The-United-States-of-America
voxceleb,dev,id05832/PzJu0zMW1LQ/00225,00225.wav,The-United-States-of-America,The-United-States-of-America
voxceleb,dev,id01097/B_tRT-pIVOo/00016,00016.wav,The-United-States-of-America,The-United-States-of-America
voxceleb,dev,id06008/VoOnsV-YGIs/00128,00128.wav,The-United-States-of-America,The-United-States-of-America
voxceleb,dev,id05666/B5tCIDcxbXo/00080,00080.wav,France,France
voxceleb,dev,id07429/sV1jSFJpeuM/00464,00464.wav,The-United-States-of-America,The-United-States-of-America
voxceleb,dev,id07863/QZ-RAWS6-1I/00041,00041.wav,Germany,Germany
voxceleb,dev,id08039/RJ2Cz0RmyC8/00081,00081.wav,Jordan-215,Canada
voxceleb,dev,id02733/Xd-pILe6aNI/00226,00226.wav,The-United-Kingdom-1,India
voxceleb,dev,id06944/dOqWcPyJ9Qk/00195,00195.wav,The-United-Kingdom-1,The-United-Kingdom-1
voxceleb,dev,id08397/OOVfOjhuk18/00071,00071.wav,The-United-Kingdom-1,The-United-States-of-America
voxceleb,dev,id01743/jbvgxde1ULg/00173,00173.wav,United States,The-United-States-of-America
voxceleb,dev,id07430/rjPVTmdqsZw/00148,00148.wav,The-United-Kingdom-1,Brazil
voxceleb,dev,id08130/EowzyucyrzE/00015,00015.wav,The-United-Kingdom-1,Denmark
voxceleb,dev,id08415/OM0l3e76ioc/00099,00099.wav,The-United-States-of-America,The-United-States-of-America
voxceleb,dev,id08113/JWTB4tQ7Obw/00029,00029.wav,The-United-Kingdom-1,The-United-Kingdom-1
voxceleb,dev,id01232/6BR02f-9iCo/00024,00024.wav,The-United-Kingdom-1,Germany
voxceleb,dev,id07238/d0a6SyROz6Q/00156,00156.wav,The-United-States-of-America,The-United-States-of-America
voxceleb,dev,id05030/aUom9FIcSKE/00197,00197.wav,The-United-Kingdom-1,The-United-Kingdom-1
voxceleb,dev,id07644/JgQR8IvzAQ4/00059,00059.wav,The-United-States-of-America,The-United-States-of-America
voxceleb,dev,id00358/xsZtaHyMunM/00222,00222.wav,The-United-Kingdom-1,The-United-Kingdom-1
voxceleb,dev,id06071/MewGTUcmbmE/00091,00091.wav,France,France
voxceleb,dev,id01776/q3vZgoo6gaU/00369,00369.wav,The-United-Kingdom-1,The-Republic-of-Ireland
voxceleb,dev,id08606/eFbb7ijLkzE/00228,00228.wav,The-United-Kingdom-1,Germany
voxceleb,dev,id01718/cdhpsSv4ONQ/00136,00136.wav,The-United-Kingdom-1,France
voxceleb,dev,id05835/GtUae9kaVAo/00045,00045.wav,The-United-Kingdom-1,The-United-Kingdom-1
voxceleb,dev,id00987/S4evN4CPCe4/00156,00156.wav,The-United-States-of-America,The-United-States-of-America
voxceleb,dev,id02558/JV6AamJLy5A/00082,00082.wav,Italy,Italy
voxceleb,dev,id05737/nqhtdx62Xn0/00444,00444.wav,The-United-Kingdom-1,unknown
voxceleb,dev,id08603/xsCY7jGLqXA/00366,00366.wav,The-United-States-of-America,The-United-States-of-America
voxceleb,dev,id05288/pAk6ykIxhU0/00447,00447.wav,Kingdom-of-the-Netherlands,France
voxceleb,dev,id05986/pMK5-aS_9IQ/00343,00343.wav,The-United-Kingdom-1,The-United-States-of-America
voxceleb,dev,id06614/0bIP117Nm1U/00002,00002.wav,Germany,Germany
voxceleb,dev,id07489/5ZY_HQeGwrA/00049,00049.wav,The-United-States-of-America,Brazil
voxceleb,dev,id01317/edRoM6al-1U/00269,00269.wav,The-United-Kingdom-1,The-United-Kingdom-1
voxceleb,dev,id05494/3yn9nh7uNCQ/00002,00002.wav,France,Spain
voxceleb,dev,id01993/xOR4kZWO8OQ/00121,00121.wav,The-United-Kingdom-1,The-Republic-of-Ireland
voxceleb,dev,id02260/bKsn6Q37ac0/00371,00371.wav,France,France
voxceleb,dev,id06581/Xkt63jfYSQM/00032,00032.wav,Indonesia,Indonesia
voxceleb,dev,id02414/eElrpykGvNg/00121,00121.wav,Jordan-215,Senegal
voxceleb,dev,id07395/dDbG0rFmrK0/00059,00059.wav,Indonesia,Indonesia
voxceleb,dev,id02323/ZD6vF2Q7-ig/00054,00054.wav,Australia,unknown
voxceleb,dev,id08291/dYtW0YrwJ74/00155,00155.wav,India,India
voxceleb,dev,id08417/2IBH4NEKst8/00015,00015.wav,India,India
voxceleb,dev,id00235/n3Zjf9J2VjY/00071,00071.wav,India,India
voxceleb,dev,id05494/P_nP4337ZC8/00125,00125.wav,The-Republic-of-Ireland,Spain
voxceleb,dev,id00401/Mq1jGdyTJJs/00070,00070.wav,France,France
voxceleb,dev,id00965/v2q6Ns4Mh9A/00445,00445.wav,The-Republic-of-Ireland,France
voxceleb,dev,id08155/kHvgiEWH6A4/00117,00117.wav,The-United-Kingdom-1,The-United-States-of-America
voxceleb,dev,id05432/Tt1Y72b44O8/00098,00098.wav,India,India
voxceleb,dev,id01908/6GBsWrs6N44/00042,00042.wav,The-United-Kingdom-1,The-United-States-of-America
voxceleb,dev,id05054/tMobXmHSebg/00372,00372.wav,The-United-States-of-America,The-United-States-of-America
voxceleb,dev,id00783/zGhlkhNCh_w/00149,00149.wav,The-United-States-of-America,The-United-States-of-America
voxceleb,dev,id08703/yuZIrdi7mRA/00259,00259.wav,India,unknown
voxceleb,dev,id02188/KnRVWM9w15s/00129,00129.wav,The-United-States-of-America,The-United-States-of-America
voxceleb,dev,id02035/mZd5v32FkmY/00128,00128.wav,Australia,Australia
voxceleb,dev,id05893/WNY_4WYSKXg/00243,00243.wav,The-United-States-of-America,The-United-States-of-America
voxceleb,dev,id05573/Hw4m529zto8/00264,00264.wav,The-United-Kingdom-1,Canada
voxceleb,dev,id06905/aBPG0Mx7YrU/00341,00341.wav,Germany,Germany
voxceleb,dev,id00184/p3oNWCIcshg/00461,00461.wav,The-United-States-of-America,The-United-States-of-America
voxceleb,dev,id01672/TJzLjiwzbQU/00030,00030.wav,France,France
voxceleb,dev,id01680/8I9musLcoFA/00005,00005.wav,The-United-States-of-America,The-United-States-of-America
voxceleb,dev,id05272/s_q4KcSfQDQ/00465,00465.wav,The-United-Kingdom-1,Kingdom-of-the-Netherlands
voxceleb,dev,id01245/FjlFjnFOetc/00035,00035.wav,The-United-States-of-America,The-United-States-of-America
voxceleb,dev,id07662/9LFJ6EtJ8Wc/00037,00037.wav,Germany,Germany
voxceleb,dev,id05739/eJhSUmn5few/00290,00290.wav,The-Republic-of-Ireland,Germany
voxceleb,dev,id01193/2lM_nx4GdSc/00029,00029.wav,The-United-States-of-America,The-United-States-of-America
voxceleb,dev,id04858/dSxfboMgFUY/00259,00259.wav,The-United-States-of-America,The-United-States-of-America
voxceleb,dev,id07200/kouOIZHNz44/00026,00026.wav,India,British-Colonial-Rule
voxceleb,dev,id02935/aU1ku8Bw7do/00048,00048.wav,The-United-Kingdom-1,Brazil
voxceleb,dev,id08025/_qq58CMfAtI/00054,00054.wav,India,India
voxceleb,dev,id06863/y8VT5gg9_MQ/00310,00310.wav,The-United-States-of-America,The-United-States-of-America
voxceleb,dev,id07861/0uNMF_1K-zo/00005,00005.wav,Germany,Germany
voxceleb,dev,id02264/eHWk7m60UYU/00150,00150.wav,The-United-States-of-America,The-United-States-of-America
voxceleb,dev,id06649/bbZ8sjAaNko/00127,00127.wav,The-United-Kingdom-1,Norway
voxceleb,dev,id06005/2Hiwg5iW9XU/00050,00050.wav,The-United-States-of-America,The-United-States-of-America
voxceleb,dev,id08003/MHNtXrHEtf8/00150,00150.wav,The-United-States-of-America,Scotland
voxceleb,dev,id04995/GJnjWf0LDOc/00081,00081.wav,The-United-States-of-America,The-United-States-of-America
voxceleb,dev,id03087/iScb7ZPFWHY/00197,00197.wav,The-United-States-of-America,The-United-States-of-America
voxceleb,dev,id02687/_YMXrS-cPIQ/00112,00112.wav,The-United-Kingdom-1,Australia
voxceleb,dev,id03174/06Y-h2TS1KY/00007,00007.wav,India,India
voxceleb,dev,id06350/Tk0IcKsM6pY/00052,00052.wav,The-United-Kingdom-1,unknown
voxceleb,dev,id00965/v1w-X5OopE0/00375,00375.wav,France,France
voxceleb,dev,id01223/1wciSYjM0Hs/00014,00014.wav,The-United-States-of-America,The-United-States-of-America
voxceleb,dev,id05875/Ao5qQZGLGsg/00085,00085.wav,The-United-Kingdom-1,The-United-Kingdom-1
voxceleb,dev,id01827/fqjtgDP7SIk/00260,00260.wav,The-United-Kingdom-1,Italy
voxceleb,dev,id02653/7ym6KsVpIGU/00059,00059.wav,The-United-Kingdom-1,Germany
voxceleb,dev,id07824/lvrkAMvcQlU/00016,00016.wav,The-United-Kingdom-1,The-United-States-of-America
voxceleb,dev,id03118/IpM6x6BA6XE/00173,00173.wav,The-United-Kingdom-1,Greece
voxceleb,dev,id08691/s11G_akJI_k/00091,00091.wav,The-United-Kingdom-1,The-United-Kingdom-1
voxceleb,dev,id08603/020a5OJEodY/00012,00012.wav,The-United-States-of-America,The-United-States-of-America
voxceleb,dev,id00033/CNdt1lNvIZ8/00045,00045.wav,India,India
voxceleb,dev,id01797/tfn8zD2XZ3Q/00195,00195.wav,The-United-Kingdom-1,The-United-Kingdom-1
voxceleb,dev,id03040/nmyORZaRFWE/00247,00247.wav,The-United-States-of-America,The-United-States-of-America
voxceleb,dev,id02123/lsihGzDuH0M/00135,00135.wav,The-United-Kingdom-1,Mexico
voxceleb,dev,id02437/AtQEzIQS9uM/00164,00164.wav,The-United-Kingdom-1,Turkey-country
voxceleb,dev,id08211/D39FJsAuITM/00067,00067.wav,Germany,Germany
voxceleb,dev,id04755/Sc_OvUhvnvI/00014,00014.wav,The-Republic-of-Ireland,Australia
voxceleb,dev,id01342/64xMKiXsR0w/00002,00002.wav,The-United-Kingdom-1,unknown
voxceleb,dev,id05027/Y1RaeLWhnms/00239,00239.wav,The-United-States-of-America,The-United-States-of-America
voxceleb,dev,id07060/4psvJ5AjZeg/00028,00028.wav,India,India
voxceleb,dev,id04655/Lk60oOXib7A/00177,00177.wav,The-United-Kingdom-1,Soviet-Union-1
voxceleb,dev,id05256/ufacEg6Yi2A/00491,00491.wav,The-United-States-of-America,The-United-States-of-America
voxceleb,dev,id05772/cGuu4PynoWo/00238,00238.wav,France,France
voxceleb,dev,id05997/MHJ9lHBxqXo/00080,00080.wav,Germany,Germany
voxceleb,dev,id03107/RZrEXBusxvc/00111,00111.wav,The-United-Kingdom-1,Italy
voxceleb,dev,id01230/un7iP2Hwb4c/00093,00093.wav,The-United-Kingdom-1,Germany
voxceleb,dev,id00390/CSJgaDYUlww/00023,00023.wav,The-United-Kingdom-1,Bosnia-and-Herzegovina
voxceleb,dev,id06007/ysatwGzQ-Q4/00039,00039.wav,The-United-Kingdom-1,The-United-Kingdom-1
voxceleb,dev,id05346/YIQPuNlxouc/00056,00056.wav,The-United-States-of-America,The-United-States-of-America
voxceleb,dev,id00176/D9s1Fb6CN6o/00089,00089.wav,The-Republic-of-Ireland,France
voxceleb,dev,id02453/rPQu6JHzODs/00215,00215.wav,The-United-States-of-America,Canada
voxceleb,dev,id03214/mH0IEsolZqs/00121,00121.wav,The-United-States-of-America,The-United-States-of-America
voxceleb,dev,id03118/SW99H1uYP88/00217,00217.wav,The-United-Kingdom-1,Greece
voxceleb,dev,id07218/D0diKD5DcqQ/00021,00021.wav,The-Republic-of-Ireland,Kingdom-of-the-Netherlands
voxceleb,dev,id01262/Hqcsc7fDBek/00282,00282.wav,France,France
voxceleb,dev,id00813/LpVY4kxkQJA/00132,00132.wav,The-United-States-of-America,The-United-States-of-America
voxceleb,dev,id01532/jv8appvMv28/00103,00103.wav,The-United-States-of-America,The-United-States-of-America
voxceleb,dev,id01457/8JXG7OC8Vss/00019,00019.wav,Sweden,Sweden
voxceleb,dev,id07856/Z9BNwoYL2wY/00216,00216.wav,The-United-States-of-America,The-United-States-of-America
voxceleb,dev,id00383/0A7Vd5NneLk/00011,00011.wav,Italy,The-United-States-of-America
voxceleb,dev,id05512/AihUYF_JcCg/00014,00014.wav,The-United-Kingdom-1,Canada
voxceleb,dev,id00785/kkK9-UWQXZM/00259,00259.wav,The-United-Kingdom-1,France
voxceleb,dev,id05460/qtclmis3eRU/00168,00168.wav,The-United-Kingdom-1,The-United-Kingdom-1
voxceleb,dev,id07400/yh93EI6DZXs/00469,00469.wav,The-United-Kingdom-1,The-United-States-of-America
voxceleb,dev,id02539/6w8MfsOX4aI/00014,00014.wav,The-United-Kingdom-1,The-United-Kingdom-1
voxceleb,dev,id07135/eaBsB5UFBaI/00146,00146.wav,The-United-Kingdom-1,Australia
voxceleb,dev,id05018/bS1jpvVlFRI/00041,00041.wav,The-United-Kingdom-1,The-United-States-of-America
voxceleb,dev,id07046/xTCa5tV5mPg/00308,00308.wav,The-United-Kingdom-1,India
voxceleb,dev,id04855/UGuynnubnqI/00231,00231.wav,Germany,Germany
voxceleb,dev,id05518/HzrogyOPtQU/00052,00052.wav,The-United-Kingdom-1,France
voxceleb,dev,id02049/00kUBH-Vqmk/00002,00002.wav,The-United-States-of-America,The-United-States-of-America
voxceleb,dev,id07611/TE6-tOAXaW8/00103,00103.wav,The-United-Kingdom-1,The-Philippines-1
voxceleb,dev,id08694/BJZyyVO-TJE/00054,00054.wav,The-United-States-of-America,The-United-States-of-America
voxceleb,dev,id08422/mGHTyR_jvNI/00231,00231.wav,The-Republic-of-Ireland,Finland
voxceleb,dev,id01455/xke4-JjeflA/00120,00120.wav,Spain,Colombia
voxceleb,dev,id08422/7vZIbLH4hMM/00017,00017.wav,The-Republic-of-Ireland,Finland
voxceleb,dev,id06404/sxHyY2wv_vE/00330,00330.wav,The-United-States-of-America,The-United-States-of-America
voxceleb,dev,id00345/7iy0FIHXnto/00052,00052.wav,The-United-Kingdom-1,Kingdom-of-the-Netherlands
voxceleb,dev,id01856/53y79DwBBgI/00005,00005.wav,The-United-Kingdom-1,The-United-States-of-America
voxceleb,dev,id06250/ufe8NCyf7Z8/00407,00407.wav,Lithuania,Denmark
voxceleb,dev,id00752/yJXgpQNX4ow/00398,00398.wav,The-United-States-of-America,The-United-States-of-America
voxceleb,dev,id05813/HKpVlTm91uQ/00094,00094.wav,The-United-Kingdom-1,The-United-States-of-America
voxceleb,dev,id02734/YY_zZIspiZA/00239,00239.wav,Japan,Germany
voxceleb,dev,id01677/sEinkAF16os/00376,00376.wav,The-United-Kingdom-1,The-United-Kingdom-1
voxceleb,dev,id00983/YpRkoOQFsKE/00032,00032.wav,Spain,Germany
voxceleb,dev,id08167/1dHjM8gEWFA/00044,00044.wav,The-United-Kingdom-1,Italy
voxceleb,dev,id00283/k0x6VLqAhY0/00054,00054.wav,The-United-Kingdom-1,Ukraine
voxceleb,dev,id05134/CUmUK2gdbso/00064,00064.wav,The-United-Kingdom-1,The-United-Kingdom-1
voxceleb,dev,id01487/r-Ub0iErI1k/00034,00034.wav,The-United-States-of-America,Turkey-country
voxceleb,dev,id05454/cVa9fPOO44c/00304,00304.wav,The-United-Kingdom-1,Australia
voxceleb,dev,id08432/KwuH8FtHEzs/00018,00018.wav,Indonesia,Indonesia
voxceleb,dev,id07431/CHZct-iVPXQ/00054,00054.wav,The-United-Kingdom-1,The-United-Kingdom-1
voxceleb,dev,id05641/llzIeo1I-bM/00213,00213.wav,The-United-Kingdom-1,Croatia
voxceleb,dev,id07452/3CGcQz0LPeI/00002,00002.wav,Spain,Spain
voxceleb,dev,id05685/fh0Ecx2qvhY/00364,00364.wav,The-United-States-of-America,The-United-States-of-America
voxceleb,dev,id01530/WQ5mhubEZRU/00071,00071.wav,The-United-States-of-America,The-United-States-of-America
voxceleb,dev,id06347/9sPek0kH0Ao/00077,00077.wav,The-United-Kingdom-1,The-United-States-of-America
voxceleb,dev,id02021/bddsuwnaQhA/00250,00250.wav,The-United-States-of-America,The-United-States-of-America
voxceleb,dev,id05189/9QAldn59NWQ/00034,00034.wav,The-United-States-of-America,The-United-States-of-America
voxceleb,dev,id04733/KzS1hRKj-co/00042,00042.wav,The-United-Kingdom-1,The-United-Kingdom-1
voxceleb,dev,id08680/6_ji3jjGDP0/00009,00009.wav,The-United-Kingdom-1,The-United-Kingdom-1
voxceleb,dev,id07455/7aAqXTH9aHg/00032,00032.wav,Germany,Germany
voxceleb,dev,id06249/DvpSHFXubqg/00038,00038.wav,Spain,Argentina
voxceleb,dev,id04814/3Y9vdUxrrvo/00092,00092.wav,United-Kingdom-1,The-United-Kingdom-1
voxceleb,dev,id08145/Qt2xxrD8dKs/00141,00141.wav,India,India
voxceleb,dev,id08213/v1E0VvBRSb8/00233,00233.wav,Germany,Germany
voxceleb,dev,id02986/ULcdh2422t0/00065,00065.wav,The-United-Kingdom-1,Peru
voxceleb,dev,id00172/Jc1_NVl-QiY/00039,00039.wav,The-United-States-of-America,The-United-States-of-America
voxceleb,dev,id02672/ezmMmpwzA1c/00272,00272.wav,The-United-Kingdom-1,Switzerland
voxceleb,dev,id02033/wIdZZnmRHJ0/00216,00216.wav,The-United-Kingdom-1,Spain
voxceleb,dev,id00779/Q0OidVYF7QY/00235,00235.wav,The-United-Kingdom-1,Switzerland
voxceleb,dev,id00809/DejS-l1IL04/00008,00008.wav,The-United-States-of-America,The-United-States-of-America
voxceleb,dev,id08711/cNc_QNFN6I8/00106,00106.wav,The-United-Kingdom-1,The-United-Kingdom-1
voxceleb,dev,id07032/qhJcsmuvjmI/00154,00154.wav,The-United-Kingdom-1,The-United-States-of-America
voxceleb,dev,id07489/GHWQ_df10is/00137,00137.wav,The-United-Kingdom-1,Brazil
voxceleb,dev,id04823/SWNI7CPBFaY/00222,00222.wav,The-United-States-of-America,The-United-States-of-America
voxceleb,dev,id08291/_hS2LB1ELzQ/00123,00123.wav,The-United-Kingdom-1,India
voxceleb,dev,id05093/I952rMYO4Nk/00045,00045.wav,The-United-Kingdom-1,The-United-States-of-America
voxceleb,dev,id06793/qbezqqSJj_8/00313,00313.wav,The-United-Kingdom-1,The-Republic-of-Ireland
voxceleb,dev,id01139/bO7HpfBvUgw/00150,00150.wav,The-United-Kingdom-1,The-United-States-of-America
voxceleb,dev,id06499/FReyDsLQ1rQ/00075,00075.wav,Germany,Germany
voxceleb,dev,id00029/VPrmF4Mfd54/00347,00347.wav,The-United-Kingdom-1,Jordan-215
voxceleb,dev,id05399/Q5VdNnp2hco/00100,00100.wav,The-United-States-of-America,The-United-States-of-America
voxceleb,dev,id05541/KbdH_SvLEps/00146,00146.wav,Spain,Chile
voxceleb,dev,id07875/h61qZOfKeuU/00073,00073.wav,Spain,Argentina
voxceleb,dev,id07585/B8LRAOl635Y/00024,00024.wav,The-United-States-of-America,The-United-States-of-America
voxceleb,dev,id07534/VCuozsSEq_M/00107,00107.wav,The-United-States-of-America,Canada
voxceleb,dev,id01354/g9tDX1i7WeQ/00307,00307.wav,The-United-Kingdom-1,The-United-Kingdom-1
voxceleb,dev,id04723/6lt_P66qeK0/00017,00017.wav,The-United-States-of-America,The-United-States-of-America
voxceleb,dev,id01776/lOgAjATbN3k/00343,00343.wav,The-United-States-of-America,The-Republic-of-Ireland
voxceleb,dev,id00709/bXLdyGAXosQ/00278,00278.wav,The-United-Kingdom-1,Spain
voxceleb,dev,id08066/Nb7sMC2L5co/00130,00130.wav,The-United-Kingdom-1,The-United-States-of-America
voxceleb,dev,id08097/WZyb_xECc5I/00258,00258.wav,The-United-Kingdom-1,Kingdom-of-the-Netherlands
voxceleb,dev,id01960/OxaJUiDsMu8/00178,00178.wav,The-United-States-of-America,The-United-States-of-America
voxceleb,dev,id05433/b2Bo-pLVDIM/00011,00011.wav,India,Sri-Lanka
voxceleb,dev,id02891/fAqdavNCGZQ/00433,00433.wav,France,France
voxceleb,dev,id08739/BZfCw62pZU8/00091,00091.wav,India,India
voxceleb,dev,id05983/S5C-S6OsefI/00186,00186.wav,The-United-States-of-America,The-United-States-of-America
voxceleb,dev,id00946/olPuAsvqTc4/00256,00256.wav,The-United-Kingdom-1,The-United-States-of-America
voxceleb,dev,id02349/c5rfhvnohLE/00203,00203.wav,Australia,Australia
voxceleb,dev,id07956/ToKDe-cmcd8/00209,00209.wav,India,India
voxceleb,dev,id05878/U6pdIOG6rGA/00082,00082.wav,Germany,Germany
voxceleb,dev,id07240/r794H-UJ96I/00294,00294.wav,India,India
voxceleb,dev,id02289/Ab6fqMxexM0/00101,00101.wav,The-United-Kingdom-1,The-United-Kingdom-1
voxceleb,dev,id06378/rKLowFhrK6g/00394,00394.wav,The-United-Kingdom-1,Australia
voxceleb,dev,id07087/ogCsERk9joo/00021,00021.wav,Finland,Finland
voxceleb,dev,id04823/35dQfYXfV1Q/00015,00015.wav,The-United-States-of-America,The-United-States-of-America
voxceleb,dev,id00969/ra84Q6JK_e0/00101,00101.wav,France,Belgium
voxceleb,dev,id06002/RwWPogevlk4/00202,00202.wav,Germany,Austria
voxceleb,dev,id03079/WWyHJsoGMfg/00067,00067.wav,The-United-Kingdom-1,Kingdom-of-the-Netherlands
voxceleb,dev,id01433/1lrlvYRFKZA/00013,00013.wav,The-United-Kingdom-1,unknown
voxceleb,dev,id08204/_7BWbMvYGBk/00157,00157.wav,The-United-Kingdom-1,Spain
voxceleb,dev,id05141/FWn2_S-7Avk/00103,00103.wav,The-United-States-of-America,The-United-States-of-America
voxceleb,dev,id05091/MN6PGa8YeNA/00081,00081.wav,The-United-States-of-America,The-United-States-of-America
voxceleb,dev,id00350/E6BHnsitF3I/00058,00058.wav,India,India
voxceleb,dev,id07447/zpEoi5HkfqQ/00467,00467.wav,The-United-Kingdom-1,Spain
voxceleb,dev,id00055/FFi7xo46WGQ/00064,00064.wav,The-United-Kingdom-1,The-United-Kingdom-1
voxceleb,dev,id01566/UuOD3AAKQL8/00124,00124.wav,The-United-States-of-America,The-United-States-of-America
voxceleb,dev,id00029/Gn8fK6Jti1c/00131,00131.wav,Jordan-215,Jordan-215
voxceleb,dev,id06297/5CWX9lbMGDU/00021,00021.wav,France,France
voxceleb,dev,id02062/t-QBX0-Op74/00391,00391.wav,The-United-Kingdom-1,The-United-Kingdom-1
voxceleb,dev,id06716/zW3PooFNF0Y/00148,00148.wav,The-United-States-of-America,Canada
voxceleb,dev,id02848/jn8hdAAkFgo/00044,00044.wav,Italy,Italy
voxceleb,dev,id02479/oAjafYOToaM/00195,00195.wav,The-United-States-of-America,The-United-States-of-America
voxceleb,dev,id08640/r_Ool74iNDc/00241,00241.wav,The-United-Kingdom-1,Australia
voxceleb,dev,id02667/HXMu5j8aaQw/00041,00041.wav,The-United-Kingdom-1,The-United-States-of-America
voxceleb,dev,id07166/HRKNP_X0c1M/00141,00141.wav,The-United-Kingdom-1,India
voxceleb,dev,id03180/6wNTK7NkOd8/00062,00062.wav,India,unknown
voxceleb,dev,id00731/2rRBa9uajRs/00033,00033.wav,India,India
voxceleb,dev,id07535/SO_o6HqPns0/00256,00256.wav,The-United-Kingdom-1,Kingdom-of-the-Netherlands
voxceleb,dev,id00492/4afltfmFMPk/00020,00020.wav,The-United-States-of-America,The-United-States-of-America
voxceleb,dev,id07454/H8ddXarfpYM/00017,00017.wav,The-United-Kingdom-1,Canada
voxceleb,dev,id08754/A1VsHQvI-CM/00059,00059.wav,France,Spain
voxceleb,dev,id06896/vZ8WdRyviCk/00063,00063.wav,The-United-Kingdom-1,Spain
voxceleb,dev,id02157/s7JStMzBWqs/00402,00402.wav,The-United-States-of-America,The-United-States-of-America
voxceleb,dev,id01272/1e8I_IeM3L4/00007,00007.wav,The-United-States-of-America,The-United-States-of-America
voxceleb,dev,id07970/j-Y9cT_YU_M/00279,00279.wav,The-United-Kingdom-1,India
voxceleb,dev,id04684/oCSYosISo0M/00403,00403.wav,The-United-States-of-America,The-United-States-of-America
voxceleb,dev,id05204/svsc5TR5kXA/00079,00079.wav,The-United-Kingdom-1,The-United-States-of-America
voxceleb,dev,id06932/n5Cs3N_wipc/00236,00236.wav,Australia,Australia
voxceleb,dev,id06529/tk5hFWu3kog/00361,00361.wav,The-United-States-of-America,The-United-States-of-America
voxceleb,dev,id05832/xRSAk9q4dWQ/00419,00419.wav,The-United-Kingdom-1,The-United-States-of-America
voxceleb,dev,id08065/7p_glp5yoC0/00052,00052.wav,The-United-Kingdom-1,Germany
voxceleb,dev,id06483/I2BC_lE3-L4/00046,00046.wav,The-United-Kingdom-1,The-United-Kingdom-1
voxceleb,dev,id08477/NxX3GY57DWQ/00237,00237.wav,The-United-States-of-America,The-United-States-of-America
voxceleb,dev,id07981/6bHoeUM9hl0/00014,00014.wav,The-United-Kingdom-1,The-United-Kingdom-1
voxceleb,dev,id01489/3kI0idnGhYQ/00027,00027.wav,The-United-States-of-America,The-United-States-of-America
voxceleb,dev,id00281/xpNrZg7Enkw/00199,00199.wav,United Kingdom,The-United-States-of-America
voxceleb,dev,id04686/Hvh0wAVO37Y/00016,00016.wav,The-United-Kingdom-1,Sierra-Leone
voxceleb,dev,id05100/Vnzr2tPCxMQ/00057,00057.wav,The-United-Kingdom-1,The-United-Kingdom-1
voxceleb,dev,id07644/3EfIFTTqD54/00014,00014.wav,The-United-Kingdom-1,The-United-States-of-America
voxceleb,dev,id00421/B3NiAfrl5VA/00057,00057.wav,The-United-Kingdom-1,Sweden
voxceleb,dev,id06934/ZTGFC_r4iQQ/00191,00191.wav,The-United-Kingdom-1,The-United-States-of-America
voxceleb,dev,id08293/u3C71qEk8To/00212,00212.wav,India,India
voxceleb,dev,id00324/4BKUDhQ5LMI/00061,00061.wav,The-United-Kingdom-1,Sweden
voxceleb,dev,id01512/f2Yf2Qx7CeY/00117,00117.wav,The-United-States-of-America,Canada
voxceleb,dev,id06717/eXRFAZ0Jyhs/00274,00274.wav,The-United-States-of-America,The-United-States-of-America
voxceleb,dev,id04991/znmaEVl3n9o/00177,00177.wav,The-United-States-of-America,The-United-States-of-America
voxceleb,dev,id02839/yPf6d5vj4zE/00197,00197.wav,The-United-Kingdom-1,The-United-States-of-America
voxceleb,dev,id07576/jM2faA2DQYE/00149,00149.wav,Germany,The-United-Kingdom-1
voxceleb,dev,id01099/zbcW22mgxOg/00289,00289.wav,The-United-Kingdom-1,The-United-States-of-America
voxceleb,dev,id02389/dd6f1I5zGs8/00287,00287.wav,The-United-States-of-America,The-United-States-of-America
voxceleb,dev,id07128/86PDfL_fhc0/00073,00073.wav,The-United-Kingdom-1,Canada
voxceleb,dev,id07686/mqVBM8lJ53I/00280,00280.wav,India,India
voxceleb,dev,id08064/Gv2n9ohablc/00143,00143.wav,The-United-Kingdom-1,Germany
voxceleb,dev,id02734/YY_zZIspiZA/00217,00217.wav,Germany,Germany
voxceleb,dev,id05726/OxLFKj4PH0I/00134,00134.wav,The-United-Kingdom-1,The-United-Kingdom-1
voxceleb,dev,id05265/vZ4wI_VGaso/00327,00327.wav,France,France
voxceleb,dev,id00145/JveyoCdoCuI/00042,00042.wav,The-United-Kingdom-1,The-United-States-of-America
voxceleb,dev,id07182/0bfrSHee3Z8/00007,00007.wav,India,India
voxceleb,dev,id04654/l6SJshJ0R8s/00377,00377.wav,The-United-Kingdom-1,The-United-Kingdom-1
voxceleb,dev,id02349/b0l4EntQZ7E/00179,00179.wav,Australia,Australia
voxceleb,dev,id05200/HkmGwEK7gvU/00042,00042.wav,The-United-Kingdom-1,Germany
voxceleb,dev,id01281/DaCKD7Y5YHY/00014,00014.wav,Indonesia,Malaysia
voxceleb,dev,id05622/9jio8eVSxEw/00112,00112.wav,France,France
voxceleb,dev,id07344/3o82P4V1vu0/00015,00015.wav,The-United-States-of-America,The-United-States-of-America
voxceleb,dev,id05989/ZPx21KXOeoA/00229,00229.wav,The-United-Kingdom-1,The-United-States-of-America
voxceleb,dev,id01556/YaefvESq6cg/00342,00342.wav,The-United-Kingdom-1,Kingdom-of-the-Netherlands
voxceleb,dev,id00223/inKAxrlH4d4/00139,00139.wav,The-Republic-of-Ireland,Serbia
voxceleb,dev,id08704/3xkwaxyfvc4/00028,00028.wav,The-United-Kingdom-1,The-United-States-of-America
voxceleb,dev,id01578/qVRk8A9bOwI/00091,00091.wav,United States,The-United-States-of-America
voxceleb,dev,id07705/r3AN9UvDJmA/00308,00308.wav,The-United-States-of-America,The-United-States-of-America
voxceleb,dev,id07702/2Mb0I9vdj8A/00005,00005.wav,France,Italy
voxceleb,dev,id02948/TwpijAidm1g/00249,00249.wav,The-United-States-of-America,The-United-States-of-America
voxceleb,dev,id02455/RxXHwp4sdyY/00197,00197.wav,The-United-States-of-America,The-United-States-of-America
voxceleb,dev,id05505/Gr4gII8nSbE/00037,00037.wav,The-Republic-of-Ireland,Belgium
voxceleb,dev,id08639/TONoEA2uJmY/00187,00187.wav,The-United-Kingdom-1,The-United-States-of-America
voxceleb,dev,id00960/dgIbEqmwcvU/00109,00109.wav,France,France
voxceleb,dev,id02598/53YN7-m4lDs/00034,00034.wav,Germany,Germany
voxceleb,dev,id02591/gfHBLNb5ogI/00130,00130.wav,Germany,Germany
voxceleb,dev,id01866/FVX8-jwqPPM/00015,00015.wav,The-United-States-of-America,The-United-States-of-America
voxceleb,dev,id00975/w_uvna5cK6Y/00080,00080.wav,France,France
voxceleb,dev,id00520/D2hWqOxL5Iw/00050,00050.wav,The-United-Kingdom-1,The-United-Kingdom-1
voxceleb,dev,id01617/hwB_fZ5WD_w/00237,00237.wav,The-United-Kingdom-1,The-United-Kingdom-1
voxceleb,dev,id07288/H8gHlQM26FQ/00203,00203.wav,Italy,Italy
voxceleb,dev,id04726/PpJNx1JSrBw/00163,00163.wav,The-United-States-of-America,The-United-States-of-America
voxceleb,dev,id06948/TeWxZN1oVzA/00205,00205.wav,The-United-States-of-America,The-United-States-of-America
voxceleb,dev,id07995/ZS2pK67N52A/00047,00047.wav,The-United-Kingdom-1,The-United-States-of-America
voxceleb,dev,id07403/y10L_903Muk/00201,00201.wav,The-United-States-of-America,The-United-States-of-America
voxceleb,dev,id07457/k73bipW-MYc/00160,00160.wav,The-United-Kingdom-1,The-United-States-of-America
voxceleb,dev,id05148/EnlxGRMUXZw/00025,00025.wav,Germany,Germany
voxceleb,dev,id01776/DD1S3n3vol0/00051,00051.wav,The-United-Kingdom-1,The-Republic-of-Ireland
voxceleb,dev,id06706/obfF22qBuRg/00109,00109.wav,Germany,Germany
voxceleb,dev,id06414/b_Tpz2YUxZA/00228,00228.wav,The-United-Kingdom-1,The-United-States-of-America
voxceleb,dev,id07060/bxZDTXVKqRo/00332,00332.wav,India,India
voxceleb,dev,id01796/n4STX62Juuw/00039,00039.wav,Germany,German-Democratic-Republic-DDR
voxceleb,dev,id07866/hUv8CcohuIU/00100,00100.wav,The-United-Kingdom-1,Germany
voxceleb,dev,id05150/vlz5pJV55LE/00123,00123.wav,The-United-Kingdom-1,The-United-Kingdom-1
voxceleb,dev,id05306/1JPnhRNIpTY/00005,00005.wav,The-Republic-of-Ireland,Italy
voxceleb,dev,id02818/gLWewSwePdA/00038,00038.wav,The-United-Kingdom-1,The-United-States-of-America
voxceleb,dev,id00171/5V0ab_MYR8E/00052,00052.wav,The-United-Kingdom-1,The-United-Kingdom-1
voxceleb,dev,id05061/1sFj8OP5YSM/00003,00003.wav,The-United-States-of-America,The-United-States-of-America
voxceleb,dev,id06248/_F8B-klCGb0/00210,00210.wav,Zimbabwe,unknown
voxceleb,dev,id06301/0KLcCilD57w/00005,00005.wav,France,France
voxceleb,dev,id08343/X-pCJa7DW0Y/00265,00265.wav,India,unknown
voxceleb,dev,id04985/Z6nPdoWa7jM/00135,00135.wav,The-United-Kingdom-1,The-United-States-of-America
voxceleb,dev,id00522/F2kDGXljdGE/00113,00113.wav,The-United-Kingdom-1,The-United-Kingdom-1
voxceleb,dev,id08335/chAFwdzWd9g/00413,00413.wav,The-United-Kingdom-1,The-United-States-of-America
voxceleb,dev,id04752/8g-E5aU_23Y/00076,00076.wav,The-United-Kingdom-1,Canada
voxceleb,dev,id00857/Bny_Gn52wP4/00071,00071.wav,India,India
voxceleb,dev,id01132/QGD2p1eVpdk/00110,00110.wav,The-Republic-of-Ireland,The-Czech-Republic-1
voxceleb,dev,id08344/l_qkv6C2-v4/00033,00033.wav,The-Republic-of-Ireland,Kingdom-of-the-Netherlands
voxceleb,dev,id07801/qS8gYImjZfQ/00044,00044.wav,The-United-Kingdom-1,Germany
voxceleb,dev,id02306/nLaCWWSFvmg/00422,00422.wav,United-Kingdom-1,The-United-States-of-America
voxceleb,dev,id06850/RfkrDo6V63o/00116,00116.wav,Germany,Germany
voxceleb,dev,id05147/HXvWQCfg8HE/00043,00043.wav,The-United-States-of-America,The-United-States-of-America
voxceleb,dev,id08414/jwPybfHZf8E/00330,00330.wav,The-United-Kingdom-1,Australia
voxceleb,dev,id02254/I-wNipvpyjg/00091,00091.wav,The-United-States-of-America,The-United-States-of-America
voxceleb,dev,id07181/bMifyKnvo1g/00267,00267.wav,India,India
voxceleb,dev,id06673/XRKcE9gVgM4/00283,00283.wav,The-United-Kingdom-1,The-United-Kingdom-1
voxceleb,dev,id06495/FjJgqt-pg6I/00053,00053.wav,The-United-Kingdom-1,The-Republic-of-Ireland
voxceleb,dev,id01408/SiQ9C7gyprg/00037,00037.wav,The-United-Kingdom-1,The-United-States-of-America
voxceleb,dev,id02392/QPyndR_XqA0/00227,00227.wav,The-United-Kingdom-1,The-United-States-of-America
voxceleb,dev,id05159/4bApHt6OM8Y/00051,00051.wav,The-United-States-of-America,Australia
voxceleb,dev,id00435/wUd1z5mE3Sk/00316,00316.wav,France,Belgium
voxceleb,dev,id05220/CwqPXtlqmns/00057,00057.wav,The-United-Kingdom-1,The-United-States-of-America
voxceleb,dev,id00373/ZMs3NZgIPc4/00149,00149.wav,The-United-States-of-America,The-United-States-of-America
voxceleb,dev,id07587/U-BYdLx5Pls/00162,00162.wav,The-United-Kingdom-1,The-United-States-of-America
voxceleb,dev,id02260/WsaI-4aPr9c/00299,00299.wav,France,France
voxceleb,dev,id00990/UjR88QVOo3w/00196,00196.wav,The-Republic-of-Ireland,Kingdom-of-the-Netherlands
voxceleb,dev,id04893/HXkF16oFSIc/00012,00012.wav,The-United-States-of-America,The-United-States-of-America
voxceleb,dev,id06406/Ff__4sU8eHA/00048,00048.wav,The-United-Kingdom-1,The-United-States-of-America
voxceleb,dev,id01780/m5h7ka-pcTI/00088,00088.wav,The-United-Kingdom-1,The-United-Kingdom-1
voxceleb,dev,id01785/zhoFw6_-wo4/00105,00105.wav,The-United-Kingdom-1,The-United-Kingdom-1
voxceleb,dev,id05522/V5q_2CwIwQ0/00078,00078.wav,Spain,Argentina
voxceleb,dev,id07173/UveygxeNnfE/00082,00082.wav,Germany,Austria
voxceleb,dev,id07611/I126GfLV_VA/00086,00086.wav,The-United-Kingdom-1,The-Philippines-1
voxceleb,dev,id08244/VCDlY8c9t6g/00141,00141.wav,The-United-Kingdom-1,The-United-Kingdom-1
voxceleb,dev,id00680/kyGhHSWfuQI/00341,00341.wav,The-United-States-of-America,The-United-States-of-America
voxceleb,dev,id05748/NhIWsHoBnOc/00060,00060.wav,France,France
voxceleb,dev,id07162/GDsQcOOITtk/00066,00066.wav,The-United-Kingdom-1,India
voxceleb,dev,id03193/UfB7UqiEkWs/00011,00011.wav,The-United-Kingdom-1,The-United-Kingdom-1
voxceleb,dev,id06289/UP_78qMKHaA/00278,00278.wav,The-United-Kingdom-1,The-United-States-of-America
voxceleb,dev,id00049/MyJ5l6vZIM4/00036,00036.wav,The-United-Kingdom-1,Poland
voxceleb,dev,id01044/rgEGPcVepT0/00334,00334.wav,The-United-States-of-America,The-United-States-of-America
voxceleb,dev,id06202/i51DYhSMnvk/00067,00067.wav,The-United-Kingdom-1,Finland
voxceleb,dev,id06135/EyDReLDFxf4/00030,00030.wav,The-United-Kingdom-1,Australia
voxceleb,dev,id06021/yBlOYffrvRw/00070,00070.wav,The-United-Kingdom-1,The-United-States-of-America
voxceleb,dev,id07284/tatOWv6W1Us/00250,00250.wav,Germany,Germany
voxceleb,dev,id05269/kRdY56cpPEo/00041,00041.wav,The-United-Kingdom-1,France
voxceleb,dev,id05270/eRojEzVWjqY/00143,00143.wav,The-United-States-of-America,Kingdom-of-the-Netherlands
voxceleb,dev,id02032/asXrbEs61Xg/00283,00283.wav,The-United-Kingdom-1,The-United-States-of-America
voxceleb,dev,id07553/fLStI6Oc05c/00176,00176.wav,The-United-Kingdom-1,Canada
voxceleb,dev,id05685/SJPHXW-6UYU/00251,00251.wav,The-United-States-of-America,The-United-States-of-America
voxceleb,dev,id07246/SP0pw_M01-s/00013,00013.wav,France,France
voxceleb,dev,id04998/m-L7puGnxCY/00078,00078.wav,Germany,Germany
voxceleb,dev,id00888/GXEEbTWiK9A/00060,00060.wav,The-United-States-of-America,The-United-States-of-America
voxceleb,dev,id00165/jSlXKz1pzdw/00167,00167.wav,India,India
voxceleb,dev,id06339/4vEywoJ5Vjk/00004,00004.wav,Afghanistan,Kingdom-of-the-Netherlands
voxceleb,dev,id05805/efq0EZprwdw/00029,00029.wav,France,France
voxceleb,dev,id07186/pR7eb-Qx7y0/00441,00441.wav,India,India
voxceleb,dev,id05829/wvCWBUS3-G0/00260,00260.wav,Italy,Italy
voxceleb,dev,id03028/LeBKBFAPwNc/00130,00130.wav,The-United-States-of-America,The-United-States-of-America
voxceleb,dev,id02740/5XuABgQIVNs/00043,00043.wav,Germany,Germany
voxceleb,dev,id00996/IPBoJuyv61Q/00063,00063.wav,France,Switzerland
voxceleb,dev,id02943/qK7G1EGetFg/00344,00344.wav,Germany,Austria
voxceleb,dev,id07455/1PH7hmBFD80/00006,00006.wav,Germany,Germany
voxceleb,dev,id00522/EQZKEvTwPEo/00095,00095.wav,The-United-Kingdom-1,The-United-Kingdom-1
voxceleb,dev,id08546/RUBO-vioH3c/00199,00199.wav,The-United-States-of-America,The-United-States-of-America
voxceleb,dev,id05939/QNt46ToPAIo/00013,00013.wav,Spain,Spain
voxceleb,dev,id03070/5yLzJ5OWox4/00009,00009.wav,The-United-States-of-America,The-United-States-of-America
voxceleb,dev,id00543/Txf9XEsSmuc/00094,00094.wav,The-Netherlands,Kingdom-of-the-Netherlands
voxceleb,dev,id00969/dPPWIpsZuXs/00054,00054.wav,France,Belgium
voxceleb,dev,id01823/RB9UVyfbsSg/00075,00075.wav,The-United-States-of-America,The-United-States-of-America
voxceleb,dev,id02015/WQMoSGF1-xg/00318,00318.wav,The-United-Kingdom-1,The-United-States-of-America
voxceleb,dev,id06914/3uL9qXi2OdM/00022,00022.wav,The-United-Kingdom-1,The-United-Kingdom-1
voxceleb,dev,id02812/uD_5dwbBgOU/00150,00150.wav,The-United-States-of-America,The-United-States-of-America
voxceleb,dev,id03103/DEtdm5jk1a0/00023,00023.wav,The-United-Kingdom-1,The-United-States-of-America
voxceleb,dev,id05315/ITfXkuzdGJo/00048,00048.wav,The-United-Kingdom-1,Germany
voxceleb,dev,id07949/g66Oiye3-OA/00067,00067.wav,India,India
voxceleb,dev,id02461/RvUEsFub8g4/00141,00141.wav,The-United-Kingdom-1,unknown
voxceleb,dev,id01418/CIyfn25Uj80/00053,00053.wav,The-Republic-of-Ireland,Sweden
voxceleb,dev,id06713/8_AC9QSno9M/00082,00082.wav,The-Republic-of-Ireland,India
voxceleb,dev,id01083/Ks_3qkytULo/00046,00046.wav,The-United-States-of-America,The-United-States-of-America
voxceleb,dev,id00699/NkILFfPwooY/00166,00166.wav,The-United-States-of-America,The-United-States-of-America
voxceleb,dev,id06900/KhYAn2ytG-I/00084,00084.wav,Portugal,Portugal
voxceleb,dev,id08249/C3M-4bwfBUc/00080,00080.wav,The-United-Kingdom-1,The-United-Kingdom-1
voxceleb,dev,id01129/YSZStDxxtc4/00185,00185.wav,Germany,Germany
voxceleb,dev,id00594/q4RxM7nXrho/00199,00199.wav,The-United-Kingdom-1,The-United-Kingdom-1
voxceleb,dev,id01189/PwjWcMhrhNU/00068,00068.wav,The-United-States-of-America,Canada
voxceleb,dev,id01100/A4dSOlMVGQc/00064,00064.wav,The-United-States-of-America,The-United-States-of-America
voxceleb,dev,id01207/LNJx8-vScTw/00149,00149.wav,The-United-States-of-America,The-United-States-of-America
voxceleb,dev,id01301/VfjK45kFTEY/00130,00130.wav,The-United-States-of-America,The-United-States-of-America
voxceleb,dev,id00172/Jc1_NVl-QiY/00042,00042.wav,The-United-Kingdom-1,The-United-States-of-America
voxceleb,dev,id02440/lbwoaAOz6xw/00315,00315.wav,The-United-States-of-America,The-United-States-of-America
voxceleb,dev,id05011/Lw3ULX0ZKLs/00071,00071.wav,The-United-States-of-America,The-United-States-of-America
voxceleb,dev,id07236/M6tRvaEM2SE/00197,00197.wav,India,India
voxceleb,dev,id00829/XmVZReyHa-M/00230,00230.wav,The-United-Kingdom-1,The-United-States-of-America
voxceleb,dev,id05321/on-oPR8-41Y/00028,00028.wav,France,France
voxceleb,dev,id01264/wHDNP0YDxts/00461,00461.wav,France,France
voxceleb,dev,id08516/CMYto9UTKIE/00049,00049.wav,Germany,Germany
voxceleb,dev,id04762/IAzPw0em1vk/00094,00094.wav,The-United-States-of-America,Canada
voxceleb,dev,id06583/oVpD8FIy5zk/00237,00237.wav,The-United-States-of-America,The-United-States-of-America
voxceleb,dev,id07441/KBkMuQkWmBc/00079,00079.wav,The-Republic-of-Ireland,Italy
voxceleb,dev,id06847/7K8SN2Rg_cM/00022,00022.wav,The-United-Kingdom-1,The-United-Kingdom-1
voxceleb,dev,id04782/XPK6-bpon84/00320,00320.wav,The-United-Kingdom-1,Canada
voxceleb,dev,id02266/myyVjy5scH4/00140,00140.wav,The-United-Kingdom-1,The-United-States-of-America
voxceleb,dev,id02953/HiZavyPXlME/00052,00052.wav,The-United-Kingdom-1,Australia
voxceleb,dev,id01245/veZon8B_ajk/00097,00097.wav,The-United-States-of-America,The-United-States-of-America
voxceleb,dev,id05716/wX2XB4IHJRY/00311,00311.wav,United States of America,The-United-Kingdom-1
voxceleb,dev,id00202/Se1xEi-okT8/00246,00246.wav,Spain,Spain
voxceleb,dev,id00459/kyjPr8179Xc/00281,00281.wav,The-United-Kingdom-1,India
voxceleb,dev,id01840/XHJPIlY1KaU/00195,00195.wav,The-United-Kingdom-1,The-United-States-of-America
voxceleb,dev,id07466/4Rdl_l69PBk/00014,00014.wav,The-United-Kingdom-1,Kingdom-of-the-Netherlands
voxceleb,dev,id01039/5cdApo0uNsM/00019,00019.wav,Iran,Turkey-country
voxceleb,dev,id08303/rB2F2_GcSx8/00154,00154.wav,India,India
voxceleb,dev,id00667/WgK-nU3JmEg/00259,00259.wav,The-United-Kingdom-1,The-United-States-of-America
voxceleb,dev,id01596/Fk98GbghNKo/00069,00069.wav,The-United-States-of-America,The-United-States-of-America
voxceleb,dev,id01355/RgXDmGNXw2U/00155,00155.wav,The-United-Kingdom-1,The-United-Kingdom-1
voxceleb,dev,id02270/V2m6cBeJrg8/00313,00313.wav,The-United-States-of-America,The-United-States-of-America
voxceleb,dev,id07535/Xd61MipuDow/00393,00393.wav,The-Republic-of-Ireland,Kingdom-of-the-Netherlands
voxceleb,dev,id02747/7TIL_E0HZy4/00014,00014.wav,The-United-Kingdom-1,The-United-Kingdom-1
voxceleb,dev,id00690/UMcVXvjrZrg/00140,00140.wav,The-United-Kingdom-1,The-United-States-of-America
voxceleb,dev,id02956/bdVFuFZCMg0/00222,00222.wav,The-United-States-of-America,Canada
voxceleb,dev,id01754/Cd6WXBzXyB4/00192,00192.wav,Australia,Australia
voxceleb,dev,id01694/SUe252rAMEM/00170,00170.wav,The-United-Kingdom-1,The-United-States-of-America
voxceleb,dev,id06939/lGIfr5NWDKQ/00228,00228.wav,The-United-Kingdom-1,Kingdom-of-the-Netherlands
voxceleb,dev,id08240/vEpgwOUwksA/00440,00440.wav,The-United-States-of-America,The-United-States-of-America
voxceleb,dev,id01858/xvcoORdt9MY/00093,00093.wav,India,British-Colonial-Rule
voxceleb,dev,id02070/MZOWO-Rbmmo/00034,00034.wav,The-United-Kingdom-1,The-Republic-of-Ireland
voxceleb,dev,id00272/z2iEhM6rh6E/00400,00400.wav,The-United-States-of-America,The-United-States-of-America
voxceleb,dev,id00163/IzT4dMnJbkw/00028,00028.wav,India,India
voxceleb,dev,id08497/FMxZ6xo_fAA/00038,00038.wav,The-United-States-of-America,The-United-States-of-America
voxceleb,dev,id07418/tYneGl94eEk/00366,00366.wav,The-United-States-of-America,Canada
voxceleb,dev,id01026/vug35Mw7PZU/00090,00090.wav,India,India
voxceleb,dev,id08546/RUBO-vioH3c/00196,00196.wav,The-United-States-of-America,The-United-States-of-America
voxceleb,dev,id08464/0_nqDWItsLI/00024,00024.wav,The-Republic-of-Ireland,Croatia
voxceleb,dev,id04901/U2CzmXuiD78/00163,00163.wav,The-United-Kingdom-1,The-United-States-of-America
voxceleb,dev,id08317/_QcIQI4gGns/00198,00198.wav,The-United-Kingdom-1,The-United-States-of-America
voxceleb,dev,id03100/ii566NQ1MfE/00138,00138.wav,The-United-Kingdom-1,The-United-States-of-America
voxceleb,dev,id00907/fo3MzvfZzGU/00105,00105.wav,The-United-States-of-America,The-United-States-of-America
voxceleb,dev,id02156/6ocWgkNI9CY/00111,00111.wav,The-United-Kingdom-1,The-United-Kingdom-1
voxceleb,dev,id00241/hg0MSgSAHDU/00038,00038.wav,The-United-Kingdom-1,Italy
voxceleb,dev,id05167/QnNgZtOYulU/00118,00118.wav,The-United-States-of-America,The-United-States-of-America
voxceleb,dev,id08298/1oJvTS-bxCQ/00006,00006.wav,India,India
voxceleb,dev,id02574/vPs1eMsK4Hw/00359,00359.wav,The-United-States-of-America,The-United-States-of-America
voxceleb,dev,id05492/7RfJ-UaQTnY/00084,00084.wav,The-United-Kingdom-1,Chile
voxceleb,dev,id02570/1TVG1N8To7s/00002,00002.wav,Italy,Turkey-country
voxceleb,dev,id02909/PeXISCobbuY/00071,00071.wav,Brazil,Brazil
voxceleb,dev,id05916/YpImc-3pqJg/00211,00211.wav,The-United-States-of-America,unknown
voxceleb,dev,id00781/rNUy-fec5BI/00122,00122.wav,The-United-States-of-America,The-United-States-of-America
voxceleb,dev,id01543/iuqXXxUrwLo/00135,00135.wav,The-United-Kingdom-1,The-United-States-of-America
voxceleb,dev,id02574/Eem60Oe-ogg/00069,00069.wav,The-United-States-of-America,The-United-States-of-America
voxceleb,dev,id01111/r0LdL2X2HgY/00461,00461.wav,The-United-States-of-America,The-United-States-of-America
voxceleb,dev,id05198/oexxqumGruY/00056,00056.wav,France,France
voxceleb,dev,id02093/pvZg99AmDRA/00073,00073.wav,The-United-Kingdom-1,The-United-States-of-America
voxceleb,dev,id08124/GTHPDyrKyl0/00044,00044.wav,The-United-States-of-America,The-United-States-of-America
voxceleb,dev,id01969/Dpg0TpwWlqM/00039,00039.wav,The-United-States-of-America,The-United-States-of-America
voxceleb,dev,id05585/7iLdeb2uzU0/00009,00009.wav,Sweden,Sweden
voxceleb,dev,id02515/b2291e3asEY/00022,00022.wav,Italy,Italy
voxceleb,dev,id07740/8YbhhEo7rQY/00054,00054.wav,The-United-Kingdom-1,The-United-States-of-America
voxceleb,dev,id07701/s-iuouTthwA/00023,00023.wav,France,Italy
voxceleb,dev,id01192/JvkaDTEHA28/00063,00063.wav,The-United-States-of-America,The-United-States-of-America
voxceleb,dev,id02957/EoydL0ge9zA/00018,00018.wav,The-United-Kingdom-1,Spain
voxceleb,dev,id07065/tgNVGSYiWmM/00079,00079.wav,The-United-Kingdom-1,The-United-Kingdom-1
voxceleb,dev,id00276/t1Cep79R9wE/00210,00210.wav,The-United-Kingdom-1,Germany
voxceleb,dev,id08239/pGlHT_PYxdw/00198,00198.wav,Mexico,The-United-Kingdom-1
voxceleb,dev,id06893/IloeVkRkVXI/00050,00050.wav,India,India
voxceleb,dev,id07618/OOTTTI95QyM/00314,00314.wav,Germany,Germany
voxceleb,dev,id06368/3gfBbd_og5I/00002,00002.wav,The-United-Kingdom-1,The-United-States-of-America
voxceleb,dev,id07600/HxLEaSlcV5Q/00149,00149.wav,United-States-of-America,The-United-States-of-America
voxceleb,dev,id01225/cYqWNnCWT4k/00356,00356.wav,The-United-States-of-America,The-United-States-of-America
voxceleb,dev,id04736/SfNzx5cRBvQ/00078,00078.wav,The-United-States-of-America,The-United-States-of-America
voxceleb,dev,id06005/mKPUw0HRAh0/00384,00384.wav,The-United-Kingdom-1,The-United-States-of-America
voxceleb,dev,id01011/cpu6_XPHw5I/00191,00191.wav,The-United-Kingdom-1,Germany
voxceleb,dev,id00806/4wCdIdqF8ws/00058,00058.wav,The-United-States-of-America,The-United-States-of-America
voxceleb,dev,id01156/eOk1UlJK4wQ/00148,00148.wav,The-United-Kingdom-1,Canada
voxceleb,dev,id08702/g_VOR_5UoqU/00299,00299.wav,The-United-States-of-America,Canada
voxceleb,dev,id00993/yABnmmN6uAA/00058,00058.wav,The-United-Kingdom-1,The-United-Kingdom-1
voxceleb,dev,id05160/CfJEH2o6gYQ/00054,00054.wav,The-United-Kingdom-1,The-Republic-of-Ireland
voxceleb,dev,id00520/4EDO0I1wBiY/00020,00020.wav,The-United-Kingdom-1,The-United-Kingdom-1
voxceleb,dev,id06289/wys-kOkj7GM/00466,00466.wav,The-United-States-of-America,The-United-States-of-America
voxceleb,dev,id08278/2DOETlMZnD4/00174,00174.wav,The-United-States-of-America,The-United-States-of-America
voxceleb,dev,id03240/jtJCt_PebqU/00276,00276.wav,Canada,India
voxceleb,dev,id07293/yBSni0-5ae4/00371,00371.wav,The-United-States-of-America,The-United-States-of-America
voxceleb,dev,id00860/I0l8hPY5uKk/00100,00100.wav,The-United-States-of-America,India
voxceleb,dev,id05271/YKz8tUtd8Qc/00132,00132.wav,The-Republic-of-Ireland,The-Republic-of-Ireland
voxceleb,dev,id05998/jCfx3UCIUoM/00341,00341.wav,The-United-Kingdom-1,The-United-Kingdom-1
voxceleb,dev,id04653/Nkq25mG8uHc/00069,00069.wav,The-United-Kingdom-1,The-United-States-of-America
voxceleb,dev,id08411/QkFOcYJFLOs/00030,00030.wav,The-United-Kingdom-1,India
voxceleb,dev,id02617/CrxxGEw52bo/00069,00069.wav,The-United-Kingdom-1,The-United-States-of-America
voxceleb,dev,id05685/fh0Ecx2qvhY/00367,00367.wav,The-United-States-of-America,The-United-States-of-America
voxceleb,dev,id03015/IX993fuFQlI/00072,00072.wav,The-United-Kingdom-1,Germany
voxceleb,dev,id07238/8dKVdvJCeTE/00044,00044.wav,The-United-Kingdom-1,The-United-States-of-America
voxceleb,dev,id01788/4bLWzU4we7c/00016,00016.wav,The-United-Kingdom-1,The-United-States-of-America
voxceleb,dev,id06966/_96yeE3Lvlk/00085,00085.wav,The-United-States-of-America,The-United-States-of-America
voxceleb,dev,id03189/X20r151k2wQ/00104,00104.wav,The-United-Kingdom-1,The-United-Kingdom-1
voxceleb,dev,id05261/r49GIDBqEAI/00318,00318.wav,The-United-States-of-America,The-United-States-of-America
voxceleb,dev,id00020/iy1L8yfcUfI/00315,00315.wav,The-United-Kingdom-1,The-United-Kingdom-1
voxceleb,dev,id04901/oqPWQpzL7Ro/00274,00274.wav,The-United-Kingdom-1,The-United-States-of-America
voxceleb,dev,id05060/IffZnJ_0vhU/00184,00184.wav,The-United-Kingdom-1,The-United-Kingdom-1
voxceleb,dev,id01798/Lxq5D1dz674/00159,00159.wav,Italy,Italy
voxceleb,dev,id01210/s8FakogMNAc/00261,00261.wav,The-United-States-of-America,The-United-States-of-America
voxceleb,dev,id05557/_3XCUcDcNcY/00128,00128.wav,Switzerland,Switzerland
voxceleb,dev,id05030/7-DdlV9EozY/00031,00031.wav,The-United-Kingdom-1,The-United-Kingdom-1
voxceleb,dev,id06507/gG95UxjImYs/00318,00318.wav,The-United-Kingdom-1,Scotland
voxceleb,dev,id00078/6PvahYyNz_Y/00039,00039.wav,India,India
voxceleb,dev,id05010/UcssbzKGKqs/00242,00242.wav,The-United-Kingdom-1,The-United-States-of-America
voxceleb,dev,id00082/QCdw9-arfuw/00044,00044.wav,India,India
voxceleb,dev,id06358/a6oweg8wm6I/00028,00028.wav,The-United-Kingdom-1,The-United-Kingdom-1
voxceleb,dev,id05989/EPCWGpXcPJM/00116,00116.wav,The-United-Kingdom-1,The-United-States-of-America
voxceleb,dev,id06970/MCWBWVmZt3M/00058,00058.wav,The-United-Kingdom-1,The-United-States-of-America
voxceleb,dev,id07624/XryyG2uV25w/00369,00369.wav,The-United-Kingdom-1,The-United-States-of-America
voxceleb,dev,id04705/LH6pHYK_MPA/00073,00073.wav,The-United-States-of-America,The-United-States-of-America
voxceleb,dev,id06239/47eLFaOfkdo/00047,00047.wav,Germany,Germany
voxceleb,dev,id06847/L3U3qUjtv2s/00131,00131.wav,The-United-Kingdom-1,The-United-Kingdom-1
voxceleb,dev,id07060/l1pEgYbq6Os/00423,00423.wav,India,India
voxceleb,dev,id05716/LHVk-sqjZl0/00145,00145.wav,The-United-Kingdom-1,The-United-Kingdom-1
voxceleb,dev,id06847/e99UMp6zZac/00393,00393.wav,The-United-Kingdom-1,The-United-Kingdom-1
voxceleb,dev,id08538/qlvrvVl_kec/00162,00162.wav,Germany,Germany
voxceleb,dev,id08286/hRENateuu_I/00051,00051.wav,The-United-Kingdom-1,Norway
voxceleb,dev,id07087/u05RyXinxxc/00050,00050.wav,The-Republic-of-Ireland,Finland
voxceleb,dev,id05935/JCAPNg5mqdE/00153,00153.wav,The-United-Kingdom-1,Slovenia
voxceleb,dev,id01392/z0-E6EwIVtw/00259,00259.wav,The-United-States-of-America,The-United-States-of-America
voxceleb,dev,id07086/zY0R6ZdKa5o/00178,00178.wav,The-United-Kingdom-1,The-Republic-of-Ireland
voxceleb,dev,id07063/taWi5HbDt28/00056,00056.wav,India,India
voxceleb,dev,id00650/GKl52rMJkHk/00103,00103.wav,France,France
voxceleb,dev,id08658/gKyyFejPQgA/00327,00327.wav,The-United-Kingdom-1,The-United-Kingdom-1
voxceleb,dev,id02988/P2r3LDLHj4Y/00103,00103.wav,India,India
voxceleb,dev,id08298/Rb8hO4AS0pY/00079,00079.wav,India,India
voxceleb,dev,id05000/foF3adauD2E/00058,00058.wav,Germany,Germany
voxceleb,dev,id08403/tIAyFkRL4Xs/00047,00047.wav,The-United-Kingdom-1,The-United-Kingdom-1
voxceleb,dev,id02667/Ns7UV4SSwsg/00154,00154.wav,The-United-States-of-America,The-United-States-of-America
voxceleb,dev,id07431/sDCIvm14c1c/00253,00253.wav,The-United-Kingdom-1,The-United-Kingdom-1
voxceleb,dev,id01690/mZ17QEjMiZE/00354,00354.wav,The-United-States-of-America,The-United-States-of-America
voxceleb,dev,id00064/AvvXSNxuokY/00094,00094.wav,The-United-States-of-America,The-United-States-of-America
voxceleb,dev,id08397/kFSF5jcTpN0/00120,00120.wav,The-United-States-of-America,The-United-States-of-America
voxceleb,dev,id05153/Ja8NuzafUIY/00040,00040.wav,India,unknown
voxceleb,dev,id06413/h4sjlkOor34/00138,00138.wav,The-United-States-of-America,The-United-States-of-America
voxceleb,dev,id08606/6039RjIhlfg/00098,00098.wav,The-United-Kingdom-1,Germany
voxceleb,dev,id05289/hgxhT94G8yg/00403,00403.wav,France,France
voxceleb,dev,id05300/DD1qLbOiDMw/00023,00023.wav,The-United-Kingdom-1,Brazil
voxceleb,dev,id01450/BdQVN1eRSTY/00029,00029.wav,The-United-Kingdom-1,The-United-States-of-America
voxceleb,dev,id07131/kZaBzsjH9p4/00204,00204.wav,The-Republic-of-Ireland,Morocco
voxceleb,dev,id00245/4kDeuoZJZFg/00006,00006.wav,The-United-Kingdom-1,Italy
voxceleb,dev,id05168/ndW4El3tEho/00163,00163.wav,The-United-Kingdom-1,unknown
voxceleb,dev,id01101/qgSbikDD6-s/00462,00462.wav,The-United-Kingdom-1,The-United-States-of-America
voxceleb,dev,id06875/3EN1jImpaDM/00028,00028.wav,Canada,Canada
voxceleb,dev,id08029/slR8Xb8TJjI/00153,00153.wav,The-United-Kingdom-1,Australia
voxceleb,dev,id08249/zHj4CPTekNc/00497,00497.wav,The-United-Kingdom-1,The-United-Kingdom-1
voxceleb,dev,id06649/4fyRV8aubzk/00055,00055.wav,The-United-Kingdom-1,Norway
voxceleb,dev,id07825/fL-WhEjSWRo/00115,00115.wav,The-United-Kingdom-1,The-United-States-of-America
voxceleb,dev,id07489/v2eexj6ymmU/00433,00433.wav,Brazil,Brazil
voxceleb,dev,id02276/I3w8vzpQ1ws/00029,00029.wav,The-United-Kingdom-1,The-United-States-of-America
voxceleb,dev,id07564/qj1qAsloOsQ/00336,00336.wav,The-United-Kingdom-1,Australia
voxceleb,dev,id01451/LK2FY7gyVy0/00043,00043.wav,The-United-Kingdom-1,Canada
voxceleb,dev,id00507/quVcbgWinHs/00146,00146.wav,The-United-Kingdom-1,Germany
voxceleb,dev,id06950/CVwfi5LGAnk/00056,00056.wav,Australia,Australia
voxceleb,dev,id07971/zvoYbcAZFY4/00094,00094.wav,The-United-Kingdom-1,The-United-States-of-America
voxceleb,dev,id01528/d4F5CYxPtQk/00050,00050.wav,The-United-States-of-America,The-United-States-of-America
voxceleb,dev,id08307/Ky6uVDUkpzQ/00043,00043.wav,India,India
voxceleb,dev,id01746/dR9rnxn4x8o/00364,00364.wav,Italy,Italy
voxceleb,dev,id07862/qBz4SMHcRa4/00042,00042.wav,The-United-Kingdom-1,Sweden
voxceleb,dev,id02432/b9_y9jrY8Xo/00074,00074.wav,The-United-States-of-America,The-United-States-of-America
voxceleb,dev,id05958/XFClKcEuHP8/00110,00110.wav,The-United-Kingdom-1,The-United-States-of-America
voxceleb,dev,id00539/HcIpnKVhFL0/00032,00032.wav,United States of America,The-United-States-of-America
voxceleb,dev,id04770/TsyOipfZGWE/00049,00049.wav,India,Pakistan
voxceleb,dev,id07243/k1-NF-V9YZ8/00289,00289.wav,The-United-States-of-America,The-United-States-of-America
voxceleb,dev,id06574/yAx_zVrifuo/00204,00204.wav,Germany,Germany
voxceleb,dev,id07273/lWMWgNXzQwo/00116,00116.wav,Germany,Austria
voxceleb,dev,id02254/I-wNipvpyjg/00100,00100.wav,The-United-Kingdom-1,The-United-States-of-America
voxceleb,dev,id01764/faCsbXwcWR0/00339,00339.wav,The-United-States-of-America,Canada
voxceleb,dev,id08489/ylakJclyLBI/00078,00078.wav,The-United-Kingdom-1,Australia
voxceleb,dev,id01908/p3Lsk9y5uXY/00428,00428.wav,The-United-Kingdom-1,The-United-States-of-America
voxceleb,dev,id01223/iUc-vQJs_Nk/00419,00419.wav,The-United-States-of-America,The-United-States-of-America
voxceleb,dev,id08477/iaVilbKWhJY/00377,00377.wav,The-United-States-of-America,The-United-States-of-America
voxceleb,dev,id00478/NpZVFAVs1nM/00150,00150.wav,The-United-Kingdom-1,The-United-States-of-America
voxceleb,dev,id06447/bKbqqKwAghk/00221,00221.wav,India,India
voxceleb,dev,id05231/V45l8vgDnls/00073,00073.wav,The-United-States-of-America,The-United-States-of-America
voxceleb,dev,id06946/XTQaaLRyM8Y/00202,00202.wav,Germany,Germany
voxceleb,dev,id05697/QtvV1csaWB4/00049,00049.wav,The-United-Kingdom-1,Germany
voxceleb,dev,id06795/wY--2JnprRU/00357,00357.wav,The-United-States-of-America,The-United-States-of-America
voxceleb,dev,id01797/fKKh9QFvzaA/00098,00098.wav,The-United-Kingdom-1,The-United-Kingdom-1
voxceleb,dev,id07834/AW3-tJ72M5M/00066,00066.wav,The-United-Kingdom-1,The-United-Kingdom-1
voxceleb,dev,id05107/AHaA4ajMhoA/00107,00107.wav,The-United-Kingdom-1,Denmark
voxceleb,dev,id05454/L5OxszbVTeM/00146,00146.wav,The-United-Kingdom-1,Australia
voxceleb,dev,id08464/O5gzdrbYx5o/00217,00217.wav,The-Republic-of-Ireland,Croatia
voxceleb,dev,id08531/ErLjQLHwuBI/00037,00037.wav,Germany,Germany
voxceleb,dev,id01837/ooJtHw-DHEI/00063,00063.wav,The-United-States-of-America,The-United-States-of-America
voxceleb,dev,id00128/tfU0fcECz9o/00133,00133.wav,India,Pakistan
voxceleb,dev,id02153/Z_L2Rllbp0I/00029,00029.wav,The-United-Kingdom-1,The-United-States-of-America
voxceleb,dev,id08418/x7UpxrG4Nm4/00133,00133.wav,Italy,Italy
voxceleb,dev,id08311/dwQoTRvjso0/00321,00321.wav,India,India
voxceleb,dev,id07205/uprU7YDJfrM/00081,00081.wav,The-United-States-of-America,The-United-States-of-America
voxceleb,dev,id06839/obeKq8mLz4o/00058,00058.wav,The-United-Kingdom-1,The-United-Kingdom-1
voxceleb,dev,id01054/ay5fLIy1mnc/00233,00233.wav,The-United-States-of-America,The-United-States-of-America
voxceleb,dev,id02978/i9zCCsMwJec/00162,00162.wav,The-United-Kingdom-1,The-United-Kingdom-1
voxceleb,dev,id05178/O1Qgupfdxzw/00073,00073.wav,India,Malaysia
voxceleb,dev,id01292/AIMdi1CzJ5o/00028,00028.wav,Mexico,Spain
voxceleb,dev,id01007/b7AZoNtJHeU/00104,00104.wav,Spain,Chile
voxceleb,dev,id06551/VEduszMFwbE/00180,00180.wav,The-United-Kingdom-1,The-United-States-of-America
voxceleb,dev,id00018/EliXZV5PX6g/00039,00039.wav,The-United-States-of-America,The-United-States-of-America
voxceleb,dev,id07232/EHbSE69q7tY/00021,00021.wav,India,India
voxceleb,dev,id02466/0PcZyrMJASA/00044,00044.wav,The-United-Kingdom-1,The-United-States-of-America
voxceleb,dev,id03207/g1oaH-gp9-U/00394,00394.wav,Germany,Germany
voxceleb,dev,id05148/nDlQ9Q54o3I/00150,00150.wav,The-United-Kingdom-1,Germany
voxceleb,dev,id06196/G7a_H0OfIO8/00163,00163.wav,The-United-States-of-America,The-United-States-of-America
voxceleb,dev,id07240/xQIo1kQ6w-E/00331,00331.wav,India,India
voxceleb,dev,id02072/v0YaXFYHfrg/00035,00035.wav,India,India
voxceleb,dev,id01885/RgehNu1ThTs/00048,00048.wav,The-United-States-of-America,The-United-States-of-America
voxceleb,dev,id07236/NlrgQN7Slxo/00229,00229.wav,India,India
voxceleb,dev,id01689/0UJ--4Tg5FA/00007,00007.wav,The-United-States-of-America,The-United-States-of-America
voxceleb,dev,id08160/JIeCg3E18Sg/00122,00122.wav,The-Republic-of-Ireland,India
voxceleb,dev,id05101/54dETqEIpp0/00058,00058.wav,The-United-Kingdom-1,The-United-Kingdom-1
voxceleb,dev,id03149/uwPOCUkcSeM/00172,00172.wav,The-United-Kingdom-1,The-United-Kingdom-1
voxceleb,dev,id00191/WR239fqyO3g/00186,00186.wav,France,unknown
voxceleb,dev,id07984/6aM2LeMm1Og/00009,00009.wav,India,India
voxceleb,dev,id01527/LN2pwM8c5Bk/00055,00055.wav,France,The-United-States-of-America
voxceleb,dev,id08307/OAqIQigvG4U/00052,00052.wav,India,India
voxceleb,dev,id06474/ZV-KHccm9Ak/00264,00264.wav,The-United-Kingdom-1,The-United-Kingdom-1
voxceleb,dev,id06135/xo5XQxUmLuU/00088,00088.wav,Australia,Australia
voxceleb,dev,id07622/yvxQGPAc5Rs/00353,00353.wav,The-United-Kingdom-1,The-United-Kingdom-1
voxceleb,dev,id00983/c5BaI6YKC_A/00036,00036.wav,Spain,Germany
voxceleb,dev,id08510/R0Pu3dQ36z8/00133,00133.wav,France,France
voxceleb,dev,id06212/Z0nWTrLpWog/00366,00366.wav,The-United-States-of-America,unknown
voxceleb,dev,id01262/aQ5JhLa_7Nw/00373,00373.wav,France,France
voxceleb,dev,id00959/MlIScCOcxLQ/00049,00049.wav,Austria,Austria
voxceleb,dev,id01058/2DKbOjf3Wyo/00001,00001.wav,The-United-States-of-America,The-United-States-of-America
voxceleb,dev,id06858/QCbqefJZtiw/00137,00137.wav,Jordan-215,Malta
voxceleb,dev,id08714/Bq0-_y5M83Y/00152,00152.wav,The-United-States-of-America,The-United-States-of-America
voxceleb,dev,id05431/G22bfqqE7LY/00051,00051.wav,The-United-Kingdom-1,Sweden
voxceleb,dev,id00265/exqeP2RXnZE/00133,00133.wav,The-United-Kingdom-1,The-United-Kingdom-1
voxceleb,dev,id06471/_ZRFVCmOwNM/00178,00178.wav,Italy,Italy
voxceleb,dev,id06847/sAI5bP-UBr4/00454,00454.wav,The-United-States-of-America,The-United-Kingdom-1
voxceleb,dev,id08097/VVefp4WnzAQ/00205,00205.wav,The-United-States-of-America,Kingdom-of-the-Netherlands
voxceleb,dev,id02389/zBYU9DTsKkg/00389,00389.wav,The-United-Kingdom-1,The-United-States-of-America
voxceleb,dev,id06582/Tce1kpoLffY/00313,00313.wav,The-United-Kingdom-1,India
voxceleb,dev,id02008/GC-0Cjf7Ns0/00072,00072.wav,The-United-States-of-America,The-United-States-of-America
voxceleb,dev,id01223/TO3ym8Gwp7k/00257,00257.wav,The-United-Kingdom-1,The-United-States-of-America
voxceleb,dev,id02141/fgwKwiiCt80/00190,00190.wav,Germany,unknown
voxceleb,dev,id02739/NQfPk_YAexs/00118,00118.wav,The-United-Kingdom-1,The-United-States-of-America
voxceleb,dev,id07623/AgSkqbM10Ms/00045,00045.wav,The-United-States-of-America,The-United-States-of-America
voxceleb,dev,id06494/dYMu_TdwZiQ/00128,00128.wav,Australia,The-United-Kingdom-1
voxceleb,dev,id05370/wAWR7SiAeTI/00312,00312.wav,The-United-States-of-America,The-United-States-of-America
voxceleb,dev,id01552/nwg9WlAFgnM/00193,00193.wav,France,The-United-Kingdom-1
voxceleb,dev,id00089/qghXHbkFmL4/00178,00178.wav,The-United-Kingdom-1,Germany
voxceleb,dev,id08711/joU3LEMUpIY/00182,00182.wav,The-United-Kingdom-1,The-United-Kingdom-1
voxceleb,dev,id08719/3het6cmQR-k/00004,00004.wav,The-United-Kingdom-1,Finland
voxceleb,dev,id05088/dPOd1qgv6h4/00072,00072.wav,The-United-States-of-America,The-United-States-of-America
voxceleb,dev,id02273/IjorVdJcHfs/00006,00006.wav,The-United-Kingdom-1,Italy
voxceleb,dev,id06432/_z0d6zBO_nU/00262,00262.wav,The-United-Kingdom-1,The-United-States-of-America
voxceleb,dev,id06963/pxAwML7Oif0/00257,00257.wav,The-United-States-of-America,The-United-States-of-America
voxceleb,dev,id08538/AiMNzwakn8s/00052,00052.wav,Germany,Germany
voxceleb,dev,id08585/qYYdQC4YXxc/00167,00167.wav,Italy,Italy
voxceleb,dev,id05494/jbp5w9hz6fE/00406,00406.wav,France,Spain
voxceleb,dev,id06060/A_SgkqLlsdc/00111,00111.wav,The-United-Kingdom-1,The-United-States-of-America
voxceleb,dev,id05261/xU3ZVykkbuE/00383,00383.wav,The-United-States-of-America,The-United-States-of-America
voxceleb,dev,id00374/JOnOs3NyQ88/00157,00157.wav,The-United-States-of-America,The-United-States-of-America
voxceleb,dev,id08202/ktlyBgEu1cU/00248,00248.wav,The-United-Kingdom-1,Switzerland
voxceleb,dev,id07213/2SSJaCqdq2Q/00016,00016.wav,The-United-Kingdom-1,The-United-States-of-America
voxceleb,dev,id04690/o5dUc_NB46w/00115,00115.wav,The-United-Kingdom-1,New-Zealand
voxceleb,dev,id00745/FU7tHvoZzpk/00037,00037.wav,India,India
voxceleb,dev,id00633/Q3dqr1bMu58/00076,00076.wav,The-United-Kingdom-1,Australia
voxceleb,dev,id01798/gZVdSl05CB0/00442,00442.wav,Italy,Italy
voxceleb,dev,id05257/WHgyNuj6ed0/00347,00347.wav,The-United-States-of-America,The-United-States-of-America
voxceleb,dev,id08600/OeFfEY1t72I/00245,00245.wav,The-United-States-of-America,Canada
voxceleb,dev,id01861/IU6gJjSCUuw/00065,00065.wav,The-United-States-of-America,The-United-States-of-America
voxceleb,dev,id06450/zzL_iMamUiM/00237,00237.wav,The-United-Kingdom-1,The-United-Kingdom-1
voxceleb,dev,id08217/8AeNAQ8mcYI/00013,00013.wav,Israel,Sweden
voxceleb,dev,id07367/y1WG5vpvhqc/00115,00115.wav,Australia,Australia
voxceleb,dev,id01010/Fk5aR4rOzxk/00117,00117.wav,The-United-States-of-America,The-United-States-of-America
voxceleb,dev,id04823/n5g7-RNof3I/00325,00325.wav,The-United-States-of-America,The-United-States-of-America
voxceleb,dev,id02899/LYYjVPB4w9s/00115,00115.wav,The-United-Kingdom-1,Kingdom-of-the-Netherlands
voxceleb,dev,id00829/e_Y84BIHdHw/00331,00331.wav,The-United-Kingdom-1,The-United-States-of-America
voxceleb,dev,id07048/Knz0wg_8Q9c/00055,00055.wav,India,India
voxceleb,dev,id01265/dpuoP-jw9_c/00357,00357.wav,France,France
voxceleb,dev,id02568/3VZVQVXPjyE/00007,00007.wav,The-Republic-of-Ireland,Kingdom-of-the-Netherlands
voxceleb,dev,id05691/SbK4vXrl_QM/00351,00351.wav,The-United-States-of-America,The-United-States-of-America
voxceleb,dev,id07975/3JGkxkFJ9RE/00008,00008.wav,The-United-Kingdom-1,The-United-States-of-America
voxceleb,dev,id01029/jw9yyw5Cm6g/00194,00194.wav,France,Canada
voxceleb,dev,id07209/gogL2hlo960/00187,00187.wav,India,India
voxceleb,dev,id00829/gMW-jkhngdw/00384,00384.wav,The-United-Kingdom-1,The-United-States-of-America
voxceleb,dev,id02009/w-gAJk7LVJM/00295,00295.wav,The-United-Kingdom-1,The-United-States-of-America
voxceleb,dev,id07123/2yXiNfjDzag/00003,00003.wav,The-United-Kingdom-1,Australia
voxceleb,dev,id00520/gjhTbjrzkQg/00209,00209.wav,The-United-Kingdom-1,The-United-Kingdom-1
voxceleb,dev,id05990/GFbPj_-6EUM/00065,00065.wav,Australia,Australia
voxceleb,dev,id02023/h87q48Nw_5k/00237,00237.wav,The-United-States-of-America,The-United-States-of-America
voxceleb,dev,id02141/iS06DKfQOqY/00205,00205.wav,The-United-Kingdom-1,unknown
voxceleb,dev,id04978/lXn1tjMmCP8/00234,00234.wav,France,France
voxceleb,dev,id02389/pW2T8XyZPqo/00351,00351.wav,The-United-States-of-America,The-United-States-of-America
voxceleb,dev,id02040/47dgHacTXRc/00037,00037.wav,The-United-Kingdom-1,The-United-Kingdom-1
voxceleb,dev,id05076/zJpIX0Mfpew/00143,00143.wav,United-Kingdom-1,The-United-Kingdom-1
voxceleb,dev,id08551/dViKKTzOgag/00161,00161.wav,The-United-States-of-America,The-United-States-of-America
voxceleb,dev,id02228/fzcUebRwHHM/00070,00070.wav,The-United-Kingdom-1,The-United-States-of-America
voxceleb,dev,id07531/en4wM1VIVXE/00276,00276.wav,The-United-States-of-America,The-United-States-of-America
voxceleb,dev,id06586/nqMnoUXqrz8/00395,00395.wav,India,India
voxceleb,dev,id02239/4CzDB_-mMfw/00066,00066.wav,The-United-Kingdom-1,India
voxceleb,dev,id08556/zz1GCpqd-0A/00446,00446.wav,The-United-States-of-America,The-United-States-of-America
voxceleb,dev,id04814/R3s7y59onTY/00219,00219.wav,The-United-Kingdom-1,The-United-Kingdom-1
voxceleb,dev,id00680/P-NUf_GehR8/00137,00137.wav,The-United-States-of-America,The-United-States-of-America
voxceleb,dev,id02532/3VhFAfTnaBg/00004,00004.wav,The-United-States-of-America,The-United-States-of-America
voxceleb,dev,id07979/vARz_q5vIac/00337,00337.wav,The-United-Kingdom-1,India
voxceleb,dev,id07624/EORU15Sh3Nw/00119,00119.wav,The-United-Kingdom-1,The-United-States-of-America
voxceleb,dev,id02865/IX-VjaHh24U/00074,00074.wav,France,France
voxceleb,dev,id08373/6GxOYHlF2TA/00030,00030.wav,The-Republic-of-Ireland,The-United-States-of-America
voxceleb,dev,id01692/gC1gUeL83xo/00280,00280.wav,The-United-Kingdom-1,The-United-States-of-America
voxceleb,dev,id04645/rcMVGQphEw8/00308,00308.wav,The-United-Kingdom-1,The-United-States-of-America
voxceleb,dev,id00413/7zPpSJEF7O0/00110,00110.wav,India,India
voxceleb,dev,id05609/pPmS7iz6oz0/00128,00128.wav,The-Republic-of-Ireland,Spain
voxceleb,dev,id04658/ooYiGvwxBFM/00258,00258.wav,The-United-Kingdom-1,The-Republic-of-Ireland
voxceleb,dev,id03242/1WidHos74hQ/00038,00038.wav,India,India
voxceleb,dev,id04980/mYzh6isgh4Q/00249,00249.wav,United-Kingdom-1,The-United-States-of-America
voxceleb,dev,id06414/vftZRwSbfvA/00456,00456.wav,The-United-Kingdom-1,The-United-States-of-America
voxceleb,dev,id05936/Xr_2HqiZfDQ/00074,00074.wav,France,France
voxceleb,dev,id06184/YV6f7TnJXIs/00024,00024.wav,Germany,Germany
voxceleb,dev,id08475/Gc63Xe4Ithg/00113,00113.wav,The-United-Kingdom-1,The-United-Kingdom-1
voxceleb,dev,id01591/dP0gV2ceAYQ/00154,00154.wav,The-United-States-of-America,The-United-States-of-America
voxceleb,dev,id00202/KVHJiPQ5h2I/00238,00238.wav,Spain,Spain
voxceleb,dev,id01927/JN3dgaP4bX4/00125,00125.wav,The-United-States-of-America,Canada
voxceleb,dev,id07161/4wMICUjS0_M/00014,00014.wav,India,India
voxceleb,dev,id06028/TiS0_Hcc0NU/00054,00054.wav,The-United-States-of-America,The-United-States-of-America
voxceleb,dev,id08467/ZWbiR8M-gm0/00141,00141.wav,The-United-Kingdom-1,The-United-States-of-America
voxceleb,dev,id05191/Ugf_Fnr9JY4/00098,00098.wav,The-United-States-of-America,The-United-States-of-America
voxceleb,dev,id04747/SucxQDLyH34/00124,00124.wav,The-United-States-of-America,The-United-States-of-America
voxceleb,dev,id06222/ApOcje0PRZg/00036,00036.wav,The-United-Kingdom-1,The-United-States-of-America
voxceleb,dev,id06857/99jnnJQJF0Q/00132,00132.wav,The-United-Kingdom-1,The-United-States-of-America
voxceleb,dev,id01713/5IXGz3J-6FM/00042,00042.wav,France,France
voxceleb,dev,id05289/SJ2zN1BjwY4/00184,00184.wav,France,France
voxceleb,dev,id01720/9U2HE1SJdZY/00045,00045.wav,The-United-Kingdom-1,The-United-States-of-America
voxceleb,dev,id05851/wn73hy3Gzdw/00497,00497.wav,The-United-Kingdom-1,France
voxceleb,dev,id06232/bdtz9Rc_EMo/00046,00046.wav,The-United-States-of-America,The-United-States-of-America
voxceleb,dev,id01223/gWGN854L5Hs/00405,00405.wav,The-United-States-of-America,The-United-States-of-America
voxceleb,dev,id04748/xi2hqF4_iQc/00147,00147.wav,The-United-Kingdom-1,Denmark
voxceleb,dev,id01881/B0GNktOozns/00029,00029.wav,The-United-Kingdom-1,The-United-States-of-America
voxceleb,dev,id05998/LIUak_QcqcU/00169,00169.wav,The-United-Kingdom-1,The-United-Kingdom-1
voxceleb,dev,id00385/09hOFacXoSE/00002,00002.wav,The-United-Kingdom-1,The-United-States-of-America
voxceleb,dev,id02740/bQyHXgLoV40/00210,00210.wav,The-United-Kingdom-1,Germany
voxceleb,dev,id06524/qFAF1IN3Vg4/00181,00181.wav,The-United-Kingdom-1,The-United-States-of-America
voxceleb,dev,id03075/yml_i5no0xY/00183,00183.wav,Italy,Italy
voxceleb,dev,id08477/zhDDqsZAV2k/00500,00500.wav,The-United-States-of-America,The-United-States-of-America
voxceleb,dev,id06233/Gk5Idz_JDSc/00016,00016.wav,Italy,Italy
voxceleb,dev,id05168/ndW4El3tEho/00124,00124.wav,The-United-Kingdom-1,unknown
voxceleb,dev,id04655/PdjJZLdA1og/00251,00251.wav,The-United-Kingdom-1,Soviet-Union-1
voxceleb,dev,id02784/btJVwJkBUo0/00072,00072.wav,Spain,Mexico
voxceleb,dev,id00377/4e5cU4r7I2o/00023,00023.wav,India,India
voxceleb,dev,id04901/rs6x4ruIzAQ/00280,00280.wav,The-United-States-of-America,The-United-States-of-America
voxceleb,dev,id01659/PLN2hhyMUuI/00271,00271.wav,Germany,Germany
voxceleb,dev,id04914/0TF_1i2MiHY/00006,00006.wav,The-United-States-of-America,The-United-States-of-America
voxceleb,dev,id01122/cmZyID1q654/00045,00045.wav,The-United-States-of-America,The-United-States-of-America
voxceleb,dev,id07870/vntqlGotcr4/00220,00220.wav,The-United-Kingdom-1,Germany
voxceleb,dev,id02911/DyyQh3FrV-w/00083,00083.wav,The-United-States-of-America,Morocco
voxceleb,dev,id06517/6DAS57gwq5Y/00028,00028.wav,The-United-States-of-America,The-United-States-of-America
voxceleb,dev,id06254/vM6_k6iBQi8/00211,00211.wav,India,India
voxceleb,dev,id03183/N7s9LcLxhxg/00032,00032.wav,Canada,The-United-States-of-America
voxceleb,dev,id07540/fEWhABYrdXo/00044,00044.wav,India,India
voxceleb,dev,id05564/KSquU-KnHCU/00046,00046.wav,The-United-Kingdom-1,The-United-States-of-America
voxceleb,dev,id05434/89_evI5OS98/00082,00082.wav,India,Pakistan
voxceleb,dev,id00692/JSk3BL0iH8Q/00136,00136.wav,The-United-States-of-America,The-United-States-of-America
voxceleb,dev,id00465/uuvnVz02IR4/00092,00092.wav,France,France
voxceleb,dev,id00064/GTI37BpEZ1c/00196,00196.wav,The-United-States-of-America,The-United-States-of-America
voxceleb,dev,id01756/JaomipdQcek/00079,00079.wav,The-United-States-of-America,The-United-States-of-America
voxceleb,dev,id04927/c9FqMHbvrE4/00183,00183.wav,India,India
voxceleb,dev,id00328/qSB_mpOe6hU/00044,00044.wav,The-United-Kingdom-1,Germany
voxceleb,dev,id01212/hyPXw5PgYcs/00243,00243.wav,The-United-States-of-America,The-United-States-of-America
voxceleb,dev,id02534/b7Z8v5Nrctw/00227,00227.wav,Italy,Italy
voxceleb,dev,id06479/BbUKFUg47zQ/00070,00070.wav,The-United-Kingdom-1,The-United-Kingdom-1
voxceleb,dev,id00672/GPvzb7FVB9s/00002,00002.wav,Jordan-215,The-United-Kingdom-1
voxceleb,dev,id00344/S2E_iYJdy4M/00194,00194.wav,The-United-Kingdom-1,Canada
voxceleb,dev,id01207/1R-t3RSljKM/00038,00038.wav,The-United-States-of-America,The-United-States-of-America
voxceleb,dev,id00234/U_3skTs5KZ0/00122,00122.wav,The-United-Kingdom-1,The-United-Kingdom-1
voxceleb,dev,id07560/lWmdV_h-q4U/00386,00386.wav,The-United-Kingdom-1,The-United-Kingdom-1
voxceleb,dev,id08592/ZS40zWeNWLg/00309,00309.wav,The-United-Kingdom-1,The-United-Kingdom-1
voxceleb,dev,id00350/Af1envkiV_Y/00020,00020.wav,India,India
voxceleb,dev,id06046/2hHAE-8R6fA/00059,00059.wav,The-United-Kingdom-1,Haiti
voxceleb,dev,id07161/sKRbocpotd8/00446,00446.wav,The-United-Kingdom-1,India
voxceleb,dev,id05993/KvPs4IuEXm4/00113,00113.wav,The-United-Kingdom-1,The-United-Kingdom-1
voxceleb,dev,id07916/a5rPWhXzZ3I/00136,00136.wav,Russia,Soviet-Union-1
voxceleb,dev,id06481/7I7HQMOCRNo/00032,00032.wav,The-United-Kingdom-1,The-United-States-of-America
voxceleb,dev,id07434/qsRk0pwGusA/00344,00344.wav,Germany,Germany
voxceleb,dev,id07171/W74qVfL_yH8/00244,00244.wav,Germany,Germany
voxceleb,dev,id01352/N2xxvm_rKwo/00102,00102.wav,The-United-Kingdom-1,The-United-Kingdom-1
voxceleb,dev,id08053/PgjEaJ9g4Z0/00239,00239.wav,India,India
voxceleb,dev,id07043/u5F-Pk2mUvs/00411,00411.wav,The-United-States-of-America,The-United-States-of-America
voxceleb,dev,id08607/tLgymLMhgm8/00330,00330.wav,The-United-Kingdom-1,The-United-Kingdom-1
voxceleb,dev,id02299/sMbXuAahoT0/00443,00443.wav,United-States-of-America,The-United-States-of-America
voxceleb,dev,id05989/Ic4KHrdAEPY/00128,00128.wav,The-United-States-of-America,The-United-States-of-America
voxceleb,dev,id04658/cNydAelHc6s/00205,00205.wav,The-United-Kingdom-1,The-Republic-of-Ireland
voxceleb,dev,id05167/ViAKxdjx4hY/00128,00128.wav,The-United-States-of-America,The-United-States-of-America
voxceleb,dev,id07631/4wjU92Do9K0/00048,00048.wav,The-United-Kingdom-1,Spain
voxceleb,dev,id07531/ys4G6UJw6Ts/00467,00467.wav,The-United-States-of-America,The-United-States-of-America
voxceleb,dev,id06937/urTJpHJcw14/00351,00351.wav,Germany,Germany
voxceleb,dev,id01583/TyLkYD1woec/00033,00033.wav,The-United-Kingdom-1,The-United-Kingdom-1
voxceleb,dev,id07955/mkwBd3EbQ5A/00307,00307.wav,The-United-Kingdom-1,The-United-Kingdom-1
voxceleb,dev,id08306/3cxe4A_NOuY/00013,00013.wav,The-United-Kingdom-1,The-United-Kingdom-1
voxceleb,dev,id05893/bLoaoynfVQ8/00312,00312.wav,The-United-States-of-America,The-United-States-of-America
voxceleb,dev,id02276/I3w8vzpQ1ws/00036,00036.wav,The-United-Kingdom-1,The-United-States-of-America
voxceleb,dev,id07334/zKSx1MeuSBI/00243,00243.wav,The-Republic-of-Ireland,The-Republic-of-Ireland
voxceleb,dev,id06413/dhYTwAdu47o/00121,00121.wav,The-United-States-of-America,The-United-States-of-America
voxceleb,dev,id01729/3IvHwQwVVTo/00011,00011.wav,The-United-Kingdom-1,The-United-Kingdom-1
voxceleb,dev,id08175/GjeYJtErFPM/00022,00022.wav,The-United-Kingdom-1,The-United-States-of-America
voxceleb,dev,id06986/MxUNHTQsNKc/00184,00184.wav,Germany,Germany
voxceleb,dev,id07497/F8FcypFPJpA/00148,00148.wav,Hong-Kong,The-United-States-of-America
voxceleb,dev,id00674/rrsKhHLCg-M/00128,00128.wav,The-Republic-of-Ireland,Sweden
voxceleb,dev,id02155/eKB_8znssLo/00103,00103.wav,The-United-Kingdom-1,Germany
voxceleb,dev,id02038/2AyfNyI1xsM/00014,00014.wav,The-United-States-of-America,France
voxceleb,dev,id07953/ZYsvia-wsMo/00163,00163.wav,India,India
voxceleb,dev,id06017/z3FKtoAM_gA/00481,00481.wav,The-United-Kingdom-1,The-United-Kingdom-1
voxceleb,dev,id00180/hs8jMuo8Fdg/00153,00153.wav,The-United-Kingdom-1,Canada
voxceleb,dev,id07342/MazdEBWww-Q/00162,00162.wav,The-United-Kingdom-1,The-United-States-of-America
voxceleb,dev,id02667/fcbycqFN_K0/00309,00309.wav,The-United-Kingdom-1,The-United-States-of-America
voxceleb,dev,id01121/RoeTeQRci-o/00182,00182.wav,The-United-States-of-America,The-United-States-of-America
voxceleb,dev,id01570/XOBmqr_B3Ss/00183,00183.wav,The-United-Kingdom-1,The-United-States-of-America
voxceleb,dev,id01880/caT7QYtSt1k/00262,00262.wav,The-United-Kingdom-1,Canada
voxceleb,dev,id02342/N-TsEkMSku4/00037,00037.wav,The-United-Kingdom-1,The-United-States-of-America
voxceleb,dev,id05168/lijjUxxdmhU/00108,00108.wav,The-United-States-of-America,unknown
voxceleb,dev,id06829/R0reU2s3HIU/00116,00116.wav,The-United-Kingdom-1,The-United-States-of-America
voxceleb,dev,id00724/vnpvdWRHZrE/00423,00423.wav,Italy,Italy
voxceleb,dev,id07397/RlSBthCsTC0/00085,00085.wav,The-United-Kingdom-1,The-United-Kingdom-1
voxceleb,dev,id07463/rRpAHEmvOHE/00117,00117.wav,Australia,India
voxceleb,dev,id02239/HxcEyU0TchI/00164,00164.wav,India,India
voxceleb,dev,id07566/e8l6saeF_rA/00207,00207.wav,The-United-Kingdom-1,The-United-States-of-America
voxceleb,dev,id08442/zd3PTaG4NH8/00177,00177.wav,The-United-Kingdom-1,The-United-States-of-America
voxceleb,dev,id01060/tCaK8SWS4Nk/00401,00401.wav,The-United-States-of-America,The-United-States-of-America
voxceleb,dev,id02185/nqYq_8J3aTI/00075,00075.wav,France,France
voxceleb,dev,id00888/aA8BeXjYr5U/00257,00257.wav,The-United-States-of-America,The-United-States-of-America
voxceleb,dev,id07080/f3pCJSaqM1o/00419,00419.wav,India,India
voxceleb,dev,id00126/8E-fWWCROk4/00027,00027.wav,Indonesia,Indonesia
voxceleb,dev,id01420/WT8DGoT0z24/00115,00115.wav,France,Canada
voxceleb,dev,id02009/gR-GhSTclnM/00188,00188.wav,The-United-Kingdom-1,The-United-States-of-America
voxceleb,dev,id07186/RZ8L4sjsDFI/00244,00244.wav,India,India
voxceleb,dev,id00492/C3mLUTfsQnM/00067,00067.wav,The-United-States-of-America,The-United-States-of-America
voxceleb,dev,id00385/Ai7FmkS58yI/00061,00061.wav,The-United-Kingdom-1,The-United-States-of-America
voxceleb,dev,id08040/1YVt7yKbzvw/00009,00009.wav,Germany,Germany
voxceleb,dev,id00895/E59Di7SrbtM/00005,00005.wav,Germany,Germany
voxceleb,dev,id07979/VNS3cPJm2sU/00154,00154.wav,India,India
voxceleb,dev,id03207/A027qZpyZ94/00030,00030.wav,The-United-Kingdom-1,Germany
voxceleb,dev,id00829/SXt7jY2GlnY/00205,00205.wav,The-United-Kingdom-1,The-United-States-of-America
voxceleb,dev,id07531/CTv5N1PCeU4/00154,00154.wav,The-United-States-of-America,The-United-States-of-America
voxceleb,dev,id06970/3E8IoUP9kZI/00008,00008.wav,The-United-States-of-America,The-United-States-of-America
voxceleb,dev,id00752/B8_QdC4FS3s/00076,00076.wav,The-United-Kingdom-1,The-United-States-of-America
voxceleb,dev,id01932/Z4rxwtzkEOc/00113,00113.wav,Germany,Germany
voxceleb,dev,id07223/QfH40qwJg8E/00025,00025.wav,France,France
voxceleb,dev,id00388/NxrLad46IWE/00047,00047.wav,The-United-Kingdom-1,The-United-States-of-America
voxceleb,dev,id00169/ndGsShmCgdY/00039,00039.wav,The-United-States-of-America,The-United-States-of-America
voxceleb,dev,id01658/LdwfTRzdrD4/00146,00146.wav,The-United-Kingdom-1,France
voxceleb,dev,id00365/MGaP6_dmCGg/00027,00027.wav,The-United-Kingdom-1,Israel
voxceleb,dev,id08649/_6NOMpVJnbg/00135,00135.wav,The-United-Kingdom-1,The-United-Kingdom-1
voxceleb,dev,id07585/B8LRAOl635Y/00037,00037.wav,The-United-States-of-America,The-United-States-of-America
voxceleb,dev,id00185/lXjcVfM9_7I/00380,00380.wav,The-United-Kingdom-1,The-United-Kingdom-1
voxceleb,dev,id01179/7SDLZUdyRJo/00025,00025.wav,The-United-States-of-America,The-United-States-of-America
voxceleb,dev,id05829/eSKUqEk6SNY/00135,00135.wav,Germany,Italy
voxceleb,dev,id06065/4K3kn3xa1cE/00052,00052.wav,The-United-States-of-America,The-United-States-of-America
voxceleb,dev,id05907/yw4ML8A0KN8/00499,00499.wav,India,India
voxceleb,dev,id01006/pvWiESLlJFg/00380,00380.wav,The-United-Kingdom-1,The-United-States-of-America
voxceleb,dev,id01864/HCx1mm6Ze2M/00056,00056.wav,The-United-States-of-America,The-United-States-of-America
voxceleb,dev,id00032/fYwOtqxCXjc/00257,00257.wav,The-United-Kingdom-1,India
voxceleb,dev,id08221/va6UfPAVbqg/00104,00104.wav,France,France
voxceleb,dev,id01170/kaNHjxRMx2o/00092,00092.wav,The-United-States-of-America,The-United-States-of-America
voxceleb,dev,id08108/d8edbf7HwbY/00269,00269.wav,India,India
voxceleb,dev,id07554/i-7GwRR1VHc/00254,00254.wav,The-United-Kingdom-1,The-United-Kingdom-1
voxceleb,dev,id08351/hbU1vqQWOU8/00362,00362.wav,France,France
voxceleb,dev,id07186/Mo_m2tTJ6EQ/00150,00150.wav,India,India
voxceleb,dev,id08709/y9duYDpQBo0/00038,00038.wav,The-United-Kingdom-1,The-United-States-of-America
voxceleb,dev,id02340/f5ExJzNCk1s/00333,00333.wav,The-United-Kingdom-1,The-United-Kingdom-1
voxceleb,dev,id00378/XuYd50hpjmM/00236,00236.wav,India,India
voxceleb,dev,id00184/5t4MF_dCuNs/00024,00024.wav,The-United-States-of-America,The-United-States-of-America
voxceleb,dev,id07376/kVoU2EM1V6M/00178,00178.wav,Jordan-215,The-United-States-of-America
voxceleb,dev,id07560/7eoJVtCMfzI/00082,00082.wav,The-United-Kingdom-1,The-United-Kingdom-1
voxceleb,dev,id00086/V_6AZf9SGWM/00192,00192.wav,The-United-Kingdom-1,India
voxceleb,dev,id08022/WMsLLVInQhA/00260,00260.wav,The-United-States-of-America,The-United-States-of-America
voxceleb,dev,id00569/pbTTb0-A-qA/00341,00341.wav,The-Republic-of-Ireland,Romania
voxceleb,dev,id06008/ukyQPQKsul0/00225,00225.wav,The-United-Kingdom-1,The-United-States-of-America
voxceleb,dev,id00231/T6WxAI9QPcI/00057,00057.wav,The-United-States-of-America,The-United-States-of-America
voxceleb,dev,id00385/I3pI6wG3ydg/00093,00093.wav,The-United-Kingdom-1,The-United-States-of-America
voxceleb,dev,id03213/QZlAwlgP1oM/00010,00010.wav,The-United-Kingdom-1,The-United-States-of-America
voxceleb,dev,id06713/5-F1DO1cusU/00045,00045.wav,India,India
voxceleb,dev,id00299/g9KhiYO860Q/00068,00068.wav,The-United-Kingdom-1,The-United-States-of-America
voxceleb,dev,id02295/qOEyFOkd1-w/00114,00114.wav,The-Republic-of-Ireland,unknown
voxceleb,dev,id07344/99XRgPaZmS0/00082,00082.wav,The-United-Kingdom-1,The-United-States-of-America
voxceleb,dev,id06986/oYaNpwaw4Gw/00478,00478.wav,Germany,Germany
voxceleb,dev,id07204/HjF1umYfxVU/00085,00085.wav,United States of America,unknown
voxceleb,dev,id08398/rEMBtzfGO14/00162,00162.wav,The-United-States-of-America,The-United-States-of-America
voxceleb,dev,id04784/qQNTqQLKK2Y/00357,00357.wav,The-United-States-of-America,Finland
voxceleb,dev,id07376/VG3B-AY7Ea8/00034,00034.wav,The-United-States-of-America,The-United-States-of-America
voxceleb,dev,id06261/XbDNHJAqnUQ/00172,00172.wav,The-United-Kingdom-1,The-United-States-of-America
voxceleb,dev,id00686/MCssoDvXv0g/00027,00027.wav,Lithuania,Lithuania
voxceleb,dev,id00225/rboDKByZyZE/00197,00197.wav,The-United-Kingdom-1,Poland
voxceleb,dev,id01684/9iCu-iHe100/00014,00014.wav,Canada,Canada
voxceleb,dev,id01256/mQcp0VykbpY/00069,00069.wav,The-United-States-of-America,The-United-States-of-America
voxceleb,dev,id08291/_hS2LB1ELzQ/00127,00127.wav,India,India
voxceleb,dev,id01204/oOUUIYWUn_k/00122,00122.wav,The-United-States-of-America,South-Korea
voxceleb,dev,id08577/trLbBJ2q500/00265,00265.wav,The-United-States-of-America,The-United-States-of-America
voxceleb,dev,id07726/t_DYfLSlCmA/00432,00432.wav,The-Republic-of-Ireland,The-United-States-of-America
voxceleb,dev,id08309/EsR5w0hfCSQ/00098,00098.wav,India,India
voxceleb,dev,id05841/WHWTJ1Nat58/00225,00225.wav,Germany,Germany
voxceleb,dev,id07531/UjjC-iqbuYI/00202,00202.wav,The-United-States-of-America,The-United-States-of-America
voxceleb,dev,id07400/qcm1yLfgjRI/00413,00413.wav,The-United-States-of-America,The-United-States-of-America
voxceleb,dev,id03118/jGocOW2tQfY/00387,00387.wav,The-United-Kingdom-1,Greece
voxceleb,dev,id00084/2unAw9ONcqs/00049,00049.wav,India,India
voxceleb,dev,id02023/h87q48Nw_5k/00199,00199.wav,The-United-Kingdom-1,The-United-States-of-America
voxceleb,dev,id07397/C2JlTe1sjnY/00008,00008.wav,The-United-Kingdom-1,The-United-Kingdom-1
voxceleb,dev,id07186/Fvr9NywGH0Y/00114,00114.wav,India,India
voxceleb,dev,id08097/d8w0oYh0sNg/00327,00327.wav,The-United-Kingdom-1,Kingdom-of-the-Netherlands
voxceleb,dev,id08138/0OQv9svZ7jU/00013,00013.wav,The-United-States-of-America,The-United-States-of-America
voxceleb,dev,id04712/XA-yTTj2pZI/00285,00285.wav,The-United-Kingdom-1,The-United-Kingdom-1
voxceleb,dev,id07719/Ke0hwvkeH94/00150,00150.wav,The-United-States-of-America,The-United-States-of-America
voxceleb,dev,id00638/28mabaQkccA/00005,00005.wav,The-Republic-of-Ireland,Finland
voxceleb,dev,id00758/RPMRNA71ZAo/00079,00079.wav,The-United-States-of-America,The-United-States-of-America
voxceleb,dev,id02318/Drpxl68pxgQ/00084,00084.wav,United-States-of-America,The-United-States-of-America
voxceleb,dev,id01075/Itlu-upn-Co/00110,00110.wav,The-United-Kingdom-1,The-United-States-of-America
voxceleb,dev,id01681/PyO79UAIcqw/00210,00210.wav,The-United-Kingdom-1,Canada
voxceleb,dev,id07532/S5U7WwqS-l8/00091,00091.wav,The-United-States-of-America,The-United-States-of-America
voxceleb,dev,id01966/ZN8gJaaVxn8/00053,00053.wav,The-United-Kingdom-1,The-United-Kingdom-1
voxceleb,dev,id05963/LLKCwq3jPN0/00044,00044.wav,Turkey-country,Turkey-country
voxceleb,dev,id02112/vOxdOoj6jvg/00483,00483.wav,The-Republic-of-Ireland,France
voxceleb,dev,id06228/t_Nq5yy6qN8/00135,00135.wav,Sweden,Sweden
voxceleb,dev,id06948/K9VKz-mp41k/00105,00105.wav,The-United-Kingdom-1,The-United-States-of-America
voxceleb,dev,id06255/7geA1MQd5Fc/00005,00005.wav,France,France
voxceleb,dev,id05478/8FWnF-k5FkU/00046,00046.wav,The-United-Kingdom-1,India
voxceleb,dev,id03199/o26lzZEg9dk/00356,00356.wav,The-United-States-of-America,The-United-States-of-America
voxceleb,dev,id05039/Ru7dshfEJsI/00215,00215.wav,France,France
voxceleb,dev,id00397/xNgsGANUA5Q/00034,00034.wav,The-United-Kingdom-1,The-United-Kingdom-1
voxceleb,dev,id04647/meLEnsbavwE/00096,00096.wav,The-United-States-of-America,The-United-States-of-America
voxceleb,dev,id07043/0PVd_IAqiys/00007,00007.wav,The-United-States-of-America,The-United-States-of-America
voxceleb,dev,id03087/YYwkdt9s9ZI/00129,00129.wav,Canada,The-United-States-of-America
voxceleb,dev,id06967/QFWf2BKZq3A/00093,00093.wav,The-United-Kingdom-1,The-United-States-of-America
voxceleb,dev,id07536/eXqQuhNcPwo/00139,00139.wav,The-United-Kingdom-1,Germany
voxceleb,dev,id07121/PJ9d9liHk38/00077,00077.wav,The-United-States-of-America,The-United-States-of-America
voxceleb,dev,id02239/1uBAtD64KTs/00021,00021.wav,India,India
voxceleb,dev,id02471/8Yl7MLmVpcU/00003,00003.wav,The-United-Kingdom-1,The-United-States-of-America
voxceleb,dev,id02830/dAgYz4pRkGk/00104,00104.wav,France,France
voxceleb,dev,id07053/vnyVVptbc04/00098,00098.wav,India,India
voxceleb,dev,id05726/KoN3kdO8jYQ/00123,00123.wav,The-United-Kingdom-1,The-United-Kingdom-1
voxceleb,dev,id06178/h9LfiS0lS2c/00126,00126.wav,Germany,Germany
voxceleb,dev,id01697/NJM9D30mxzw/00067,00067.wav,Indonesia,unknown
voxceleb,dev,id00975/oUVXWr_9QdM/00065,00065.wav,France,France
voxceleb,dev,id00753/tO4GePBGYyA/00066,00066.wav,The-Republic-of-Ireland,France
voxceleb,dev,id02502/Gx-gKtKsec4/00057,00057.wav,Germany,Latvia
voxceleb,dev,id04754/O4X66xaqnII/00111,00111.wav,Australia,South-Africa
voxceleb,dev,id05106/JNm1kxeue78/00068,00068.wav,United-States-of-America,The-United-States-of-America
voxceleb,dev,id02508/To9a6d-Z7E0/00081,00081.wav,The-United-States-of-America,The-United-Kingdom-1
voxceleb,dev,id08028/2cKTtI0V1qs/00023,00023.wav,The-United-Kingdom-1,India
voxceleb,dev,id02636/lTk4pzqmvjY/00138,00138.wav,The-United-States-of-America,The-United-States-of-America
voxceleb,dev,id08751/Uxtff82VSE8/00132,00132.wav,Germany,Germany
voxceleb,dev,id07730/6CPcT-qhei4/00001,00001.wav,India,India
voxceleb,dev,id01210/BgzznLnIS-k/00050,00050.wav,United States of America,The-United-States-of-America
voxceleb,dev,id08543/M_VabqFoz04/00039,00039.wav,Sweden,India
voxceleb,dev,id07099/L2-qtZ1f5b8/00153,00153.wav,Germany,Sweden
voxceleb,dev,id01886/Tu36uM3iL28/00018,00018.wav,France,France
voxceleb,dev,id08071/DxJ892liIuk/00032,00032.wav,Germany,Germany
voxceleb,dev,id04974/GRBFd8oYWaA/00197,00197.wav,India,India
voxceleb,dev,id05871/XOhflUYAytk/00057,00057.wav,The-United-Kingdom-1,The-United-States-of-America
voxceleb,dev,id01552/ZitfedNQ8-A/00099,00099.wav,The-United-Kingdom-1,The-United-Kingdom-1
voxceleb,dev,id01450/qLHPORzsYps/00124,00124.wav,The-United-Kingdom-1,The-United-States-of-America
voxceleb,dev,id06197/K9d97cUA2vE/00052,00052.wav,The-United-States-of-America,The-United-States-of-America
voxceleb,dev,id07537/cDzBAA9s960/00109,00109.wav,The-United-States-of-America,The-United-States-of-America
voxceleb,dev,id07243/_z_SptbwMu4/00189,00189.wav,The-United-States-of-America,The-United-States-of-America
voxceleb,dev,id02162/QiW6cynm39k/00075,00075.wav,The-United-Kingdom-1,The-United-States-of-America
voxceleb,dev,id01269/JHuJ2LUziGA/00049,00049.wav,The-United-Kingdom-1,France
voxceleb,dev,id01280/xTFXvd551J8/00400,00400.wav,The-United-States-of-America,The-United-States-of-America
voxceleb,dev,id02574/e-KxQCwH_Js/00300,00300.wav,The-United-States-of-America,The-United-States-of-America
voxceleb,dev,id04653/ST3VDTqw98w/00107,00107.wav,The-United-States-of-America,The-United-States-of-America
voxceleb,dev,id06673/ZWRt1Mcsn84/00328,00328.wav,The-United-Kingdom-1,The-United-Kingdom-1
voxceleb,dev,id04938/MtwaoLtcmCI/00042,00042.wav,The-United-Kingdom-1,Jamaica
voxceleb,dev,id08650/Orv5Lhywqc4/00206,00206.wav,The-United-States-of-America,The-United-States-of-America
voxceleb,dev,id04646/3q6zG8sSY8E/00038,00038.wav,Canada,The-United-States-of-America
voxceleb,dev,id08546/EDrjxKQ-1L0/00086,00086.wav,The-United-States-of-America,The-United-States-of-America
voxceleb,dev,id02053/LB66n9twSMY/00188,00188.wav,The-United-Kingdom-1,The-United-States-of-America
voxceleb,dev,id00456/RGqs9JmoBMc/00067,00067.wav,The-United-Kingdom-1,Mexico
voxceleb,dev,id00596/r5gqb8Dvd3U/00241,00241.wav,The-United-Kingdom-1,Benin
voxceleb,dev,id08616/zOMxf0nqMj8/00252,00252.wav,The-United-States-of-America,The-United-States-of-America
voxceleb,dev,id07108/hK154NuA-Y8/00363,00363.wav,India,India
voxceleb,dev,id07376/kVoU2EM1V6M/00181,00181.wav,Jordan-215,The-United-States-of-America
voxceleb,dev,id07247/LJFXTWKHNQs/00124,00124.wav,The-United-Kingdom-1,Kingdom-of-the-Netherlands
voxceleb,dev,id05828/1WAyhB0bPzs/00042,00042.wav,The-United-Kingdom-1,Italy
voxceleb,dev,id00685/w2-Ns1Eg3cs/00245,00245.wav,The-United-Kingdom-1,India
voxceleb,dev,id06103/McZbH6hkCes/00030,00030.wav,The-United-Kingdom-1,The-United-Kingdom-1
voxceleb,dev,id03090/uBp__5biv14/00180,00180.wav,The-United-Kingdom-1,The-United-States-of-America
voxceleb,dev,id01719/SZ3HN-o22do/00005,00005.wav,Austria,Germany
voxceleb,dev,id00741/XoLXG1CgE0M/00233,00233.wav,The-United-States-of-America,The-United-States-of-America
voxceleb,dev,id07567/0y9cD9uNLv4/00002,00002.wav,Denmark,Puerto-Rico
voxceleb,dev,id02093/cq59fZgLpjc/00041,00041.wav,The-United-Kingdom-1,The-United-States-of-America
voxceleb,dev,id08054/3qO7P4XOObM/00010,00010.wav,The-United-States-of-America,India
voxceleb,dev,id08372/2Yr3L93hNCk/00019,00019.wav,The-United-States-of-America,The-United-States-of-America
voxceleb,dev,id05261/HSkQjh3fIeE/00116,00116.wav,The-United-States-of-America,The-United-States-of-America
voxceleb,dev,id07243/e0jmPuG5Dfo/00205,00205.wav,The-United-States-of-America,The-United-States-of-America
voxceleb,dev,id07628/qsCLIRajELc/00120,00120.wav,The-United-Kingdom-1,The-United-States-of-America
voxceleb,dev,id01159/q1kzfvBsuAg/00235,00235.wav,The-United-Kingdom-1,The-United-States-of-America
voxceleb,dev,id08284/OjYqTnmEW18/00055,00055.wav,The-United-Kingdom-1,The-United-States-of-America
voxceleb,dev,id07178/leT614_yzgY/00365,00365.wav,The-United-States-of-America,India
voxceleb,dev,id06649/4fyRV8aubzk/00070,00070.wav,The-United-Kingdom-1,Norway
voxceleb,dev,id00971/JNOShaiB5FQ/00185,00185.wav,The-United-States-of-America,The-United-States-of-America
voxceleb,dev,id07228/n3BXM8_7qH0/00217,00217.wav,The-United-Kingdom-1,The-United-States-of-America
voxceleb,dev,id02900/XWQIfkZvuGY/00024,00024.wav,France,France
voxceleb,dev,id02832/_w_lID9BXi8/00079,00079.wav,Germany,Germany
voxceleb,dev,id01056/J8HlfLASBF8/00071,00071.wav,The-United-Kingdom-1,The-United-States-of-America
voxceleb,dev,id03107/RZrEXBusxvc/00126,00126.wav,Canada,Italy
voxceleb,dev,id01898/Wqn3PGA4g50/00126,00126.wav,The-United-Kingdom-1,The-United-States-of-America
voxceleb,dev,id06000/6oVOi8EdRVg/00007,00007.wav,The-United-Kingdom-1,Austria
voxceleb,dev,id04821/JDcNaiwhgIY/00113,00113.wav,The-United-Kingdom-1,The-United-Kingdom-1
voxceleb,dev,id08243/YoYmNIM9m-k/00286,00286.wav,The-United-Kingdom-1,The-United-Kingdom-1
voxceleb,dev,id00373/4MlmITKc6l8/00024,00024.wav,The-United-Kingdom-1,The-United-States-of-America
voxceleb,dev,id06537/8nZVX9Ihglk/00016,00016.wav,The-United-States-of-America,The-United-Kingdom-1
voxceleb,dev,id07133/aJtLoLWuWqE/00095,00095.wav,France,France
voxceleb,dev,id07352/uUO_-H6_nNc/00215,00215.wav,The-United-Kingdom-1,The-United-States-of-America
voxceleb,dev,id04782/ueQtEoa1XPM/00456,00456.wav,The-United-Kingdom-1,Canada
voxceleb,dev,id01840/r4lT33l5nm4/00317,00317.wav,The-United-Kingdom-1,The-United-States-of-America
voxceleb,dev,id06952/iqGQ0BOTkKY/00236,00236.wav,The-United-Kingdom-1,Germany
voxceleb,dev,id07460/UMyGSiX_5Ow/00046,00046.wav,The-United-Kingdom-1,The-United-States-of-America
voxceleb,dev,id06722/eDtMxamBxI8/00240,00240.wav,The-United-States-of-America,The-United-States-of-America
voxceleb,dev,id01253/lcMhruc_zt4/00020,00020.wav,The-United-States-of-America,The-United-States-of-America
voxceleb,dev,id02497/_D803upuLUs/00126,00126.wav,The-United-Kingdom-1,The-United-States-of-America
voxceleb,dev,id06887/4tCUJl8cIXg/00001,00001.wav,The-United-Kingdom-1,Slovakia-1
voxceleb,dev,id05102/ag5bn4tXiY8/00149,00149.wav,The-United-States-of-America,The-United-States-of-America
voxceleb,dev,id07662/GLIEu-Xjfmk/00149,00149.wav,Germany,Germany
voxceleb,dev,id08587/3weNOeHWoB4/00046,00046.wav,Germany,Austria
voxceleb,dev,id06115/op8IPQ77ad0/00233,00233.wav,The-United-Kingdom-1,The-United-States-of-America
voxceleb,dev,id07630/P5vBIFpjstw/00019,00019.wav,The-United-Kingdom-1,The-United-Kingdom-1
voxceleb,dev,id06228/GR0AgDjmoeo/00037,00037.wav,The-United-Kingdom-1,Sweden
voxceleb,dev,id01504/i2RogGgz5jw/00404,00404.wav,India,India
voxceleb,dev,id08293/x3Nmi57VPao/00236,00236.wav,The-United-Kingdom-1,India
voxceleb,dev,id05174/_JIjdKpA5so/00071,00071.wav,Italy,Italy
voxceleb,dev,id02897/HVjUaPN10E0/00027,00027.wav,The-United-Kingdom-1,The-United-States-of-America
voxceleb,dev,id03216/LfnDEc5Q3fo/00021,00021.wav,The-United-Kingdom-1,Norway
voxceleb,dev,id06640/3k3No8MKEhM/00003,00003.wav,The-United-Kingdom-1,Soviet-Union-1
voxceleb,dev,id02979/5N-VDhbbbO4/00031,00031.wav,The-United-Kingdom-1,South-Africa
voxceleb,dev,id00378/qtQVopeXNOA/00445,00445.wav,India,India
voxceleb,dev,id08125/D-Bp5furvAk/00013,00013.wav,The-United-Kingdom-1,Finland
voxceleb,dev,id05619/HjpKgQttXkc/00071,00071.wav,Italy,Italy
voxceleb,dev,id08741/kHsLdkr5YFw/00154,00154.wav,Germany,Germany
voxceleb,dev,id03145/tlkRLsqKQ2E/00151,00151.wav,The-United-Kingdom-1,The-United-Kingdom-1
voxceleb,dev,id04756/X69yeZi0mE0/00042,00042.wav,The-United-Kingdom-1,The-United-Kingdom-1
voxceleb,dev,id05490/nlwlu6LtfUg/00120,00120.wav,Germany,Germany
voxceleb,dev,id07345/IKLk6WQd4dU/00071,00071.wav,The-United-Kingdom-1,Slovakia-1
voxceleb,dev,id06334/ESuNhXosfvQ/00042,00042.wav,India,India
voxceleb,dev,id08406/cpqP175uJa4/00143,00143.wav,India,India
voxceleb,dev,id03199/6F5LBdVJv_Q/00048,00048.wav,The-United-States-of-America,The-United-States-of-America
voxceleb,dev,id01758/YEaKv_mYP_Q/00282,00282.wav,The-United-Kingdom-1,Germany
voxceleb,dev,id07335/XVhNvqbtW34/00048,00048.wav,The-United-Kingdom-1,The-United-Kingdom-1
voxceleb,dev,id00262/EFhBxqVVnmI/00053,00053.wav,The-United-Kingdom-1,The-United-States-of-America
voxceleb,dev,id01691/dy9quYl5Fhw/00135,00135.wav,The-United-Kingdom-1,The-United-Kingdom-1
voxceleb,dev,id08351/3k5Oht9MIUo/00008,00008.wav,France,France
voxceleb,dev,id05554/5WrFGx3GGeg/00037,00037.wav,The-United-States-of-America,The-United-States-of-America
voxceleb,dev,id07950/09QbL-hyCmM/00007,00007.wav,New-Zealand,Israel
voxceleb,dev,id07637/Ayd5O8OBBDo/00038,00038.wav,The-United-Kingdom-1,The-United-States-of-America
voxceleb,dev,id08047/iotYSs1rNWo/00263,00263.wav,India,India
voxceleb,dev,id08555/PI0mjqrnizk/00065,00065.wav,The-United-States-of-America,The-United-States-of-America
voxceleb,dev,id06396/dkGoHlUJ2QA/00140,00140.wav,The-United-Kingdom-1,Canada
voxceleb,dev,id05694/Gd2whnh9bk4/00027,00027.wav,The-United-Kingdom-1,The-United-Kingdom-1
voxceleb,dev,id00664/UL0qq6ky6yk/00128,00128.wav,Belgium,Kingdom-of-the-Netherlands
voxceleb,dev,id00967/rCo9HEWqhTA/00438,00438.wav,France,France
voxceleb,dev,id05476/qaWELHAYWVI/00368,00368.wav,India,India
voxceleb,dev,id06295/PSbj3iZSjiI/00088,00088.wav,The-United-States-of-America,The-United-States-of-America
voxceleb,dev,id07346/IQnJ8Nc2t2w/00088,00088.wav,The-United-States-of-America,The-United-States-of-America
voxceleb,dev,id01354/QVvbGeBq2Ww/00184,00184.wav,The-United-Kingdom-1,The-United-Kingdom-1
voxceleb,dev,id01746/ijqy1MZm14M/00390,00390.wav,Italy,Italy
voxceleb,dev,id04747/SucxQDLyH34/00133,00133.wav,The-United-States-of-America,The-United-States-of-America
voxceleb,dev,id04754/bto9yIe0piE/00159,00159.wav,The-United-Kingdom-1,South-Africa
voxceleb,dev,id02812/XeJmEck-T1Y/00054,00054.wav,The-United-States-of-America,The-United-States-of-America
voxceleb,dev,id00816/idjNJlIO-ag/00436,00436.wav,The-United-Kingdom-1,Afghanistan
voxceleb,dev,id01335/YgMKIm19m6s/00097,00097.wav,The-United-States-of-America,The-United-States-of-America
voxceleb,dev,id00774/W5NghVuEE7o/00291,00291.wav,The-United-Kingdom-1,The-United-Kingdom-1
voxceleb,dev,id01974/qDMIoS_2loc/00173,00173.wav,The-United-Kingdom-1,South-Africa
voxceleb,dev,id02253/I1s1ZMpBUiM/00105,00105.wav,The-United-Kingdom-1,The-United-Kingdom-1
voxceleb,dev,id03028/LeBKBFAPwNc/00144,00144.wav,The-United-Kingdom-1,The-United-States-of-America
voxceleb,dev,id04665/31iqC48hZvM/00010,00010.wav,The-United-Kingdom-1,unknown
voxceleb,dev,id06278/Kb7co2qaSkY/00032,00032.wav,The-United-Kingdom-1,France
voxceleb,dev,id07911/5DA4Zn_k3Rc/00008,00008.wav,The-United-States-of-America,The-United-States-of-America
voxceleb,dev,id02240/NpLIu1YD7s0/00031,00031.wav,France,Burkina-Faso
voxceleb,dev,id06415/aPecYTi8x0o/00309,00309.wav,The-United-Kingdom-1,The-United-States-of-America
voxceleb,dev,id08574/vw_DBzwTCn8/00267,00267.wav,The-United-Kingdom-1,The-United-Kingdom-1
voxceleb,dev,id08079/NVz1f4_gxF4/00156,00156.wav,The-United-Kingdom-1,The-Republic-of-Ireland
voxceleb,dev,id06745/nlnzs-QDkfA/00113,00113.wav,India,India
voxceleb,dev,id08376/a4YLwBl4y9k/00235,00235.wav,India,India
voxceleb,dev,id08475/G71hz1ZTBJ8/00080,00080.wav,The-United-Kingdom-1,The-United-Kingdom-1
voxceleb,dev,id01686/AP-vnQ2SjhY/00012,00012.wav,The-United-Kingdom-1,The-United-States-of-America
voxceleb,dev,id01002/OjnLZ1D_OZ0/00020,00020.wav,The-United-Kingdom-1,The-United-States-of-America
voxceleb,dev,id07136/4aBQUCNofe4/00042,00042.wav,India,India
voxceleb,dev,id07062/utm-5pBGrLg/00161,00161.wav,India,India
voxceleb,dev,id01204/qq8u0KphHA0/00134,00134.wav,The-United-Kingdom-1,South-Korea
voxceleb,dev,id06915/p5AcMViqdcg/00112,00112.wav,The-United-Kingdom-1,unknown
voxceleb,dev,id08335/68cCBFOA2y0/00009,00009.wav,The-United-Kingdom-1,The-United-States-of-America
voxceleb,dev,id01124/BGoruApW9qU/00061,00061.wav,The-United-Kingdom-1,Canada
voxceleb,dev,id08698/FT0sqFEaB2I/00058,00058.wav,The-Republic-of-Ireland,Kingdom-of-the-Netherlands
voxceleb,dev,id02558/zl0oqmiyGQw/00300,00300.wav,France,Italy
voxceleb,dev,id00378/qtQVopeXNOA/00461,00461.wav,India,India
voxceleb,dev,id08280/RMvscdOYdNQ/00156,00156.wav,The-United-States-of-America,The-United-States-of-America
voxceleb,dev,id08080/kUXkZrT51rk/00421,00421.wav,The-United-Kingdom-1,The-United-Kingdom-1
voxceleb,dev,id05469/FQLEAFcUyPA/00030,00030.wav,India,India
voxceleb,dev,id00087/DOI8LlYFYys/00008,00008.wav,The-United-Kingdom-1,The-United-Kingdom-1
voxceleb,dev,id06010/c8gpVsDM90M/00311,00311.wav,Germany,Germany
voxceleb,dev,id07993/tfh0Bmkn2n0/00250,00250.wav,Canada,The-United-States-of-America
voxceleb,dev,id00752/b5q6i9dTEJA/00217,00217.wav,The-United-Kingdom-1,The-United-States-of-America
voxceleb,dev,id02981/fkFXQNP5mnE/00287,00287.wav,The-United-Kingdom-1,The-United-Kingdom-1
voxceleb,dev,id07409/mGnc-rquSpI/00326,00326.wav,The-United-States-of-America,The-United-States-of-America
voxceleb,dev,id00012/OuYBFCAc6GE/00069,00069.wav,The-United-States-of-America,Canada
voxceleb,dev,id07338/dQDyL4m9qJQ/00072,00072.wav,The-United-Kingdom-1,The-United-States-of-America
voxceleb,dev,id08080/VUGRKokGYO8/00137,00137.wav,The-United-Kingdom-1,The-United-Kingdom-1
voxceleb,dev,id07413/MB9X79s5XuE/00101,00101.wav,The-United-Kingdom-1,The-United-States-of-America
voxceleb,dev,id02903/OkqUL1KwfV0/00109,00109.wav,The-United-States-of-America,Sweden
voxceleb,dev,id08049/SuqinOiRb8I/00253,00253.wav,The-United-Kingdom-1,India
voxceleb,dev,id02310/KVE8IkX5L_g/00037,00037.wav,India,India
voxceleb,dev,id05738/prGUAJWO8Xg/00424,00424.wav,The-United-Kingdom-1,The-United-Kingdom-1
voxceleb,dev,id04675/Y-43JZ8e0Og/00076,00076.wav,The-United-States-of-America,The-United-States-of-America
voxceleb,dev,id02806/YuI4MRQem3U/00125,00125.wav,The-United-Kingdom-1,unknown
voxceleb,dev,id07337/WPBx9bkPXkw/00026,00026.wav,France,France
voxceleb,dev,id02817/QycXH71l9MQ/00235,00235.wav,The-United-Kingdom-1,Kingdom-of-the-Netherlands
voxceleb,dev,id07259/3OtqdOmYioU/00004,00004.wav,The-United-Kingdom-1,The-United-Kingdom-1
voxceleb,dev,id07857/6k2b-21HqC4/00032,00032.wav,The-United-Kingdom-1,The-United-Kingdom-1
voxceleb,dev,id06867/A9iY2SYe3OM/00070,00070.wav,The-United-States-of-America,The-United-States-of-America
voxceleb,dev,id04827/Z0VwEfqXiV0/00100,00100.wav,The-United-States-of-America,The-United-States-of-America
voxceleb,dev,id01766/PrnPAgjqt8c/00047,00047.wav,The-United-States-of-America,Canada
voxceleb,dev,id05104/m0OhEVd7oT4/00358,00358.wav,Germany,Germany
voxceleb,dev,id00971/0sYwEIA4DdM/00012,00012.wav,The-United-States-of-America,The-United-States-of-America
voxceleb,dev,id01785/EFdjmf-CECA/00022,00022.wav,The-United-Kingdom-1,The-United-Kingdom-1
voxceleb,dev,id01387/cozp-HM0Q6U/00299,00299.wav,The-United-States-of-America,The-United-States-of-America
voxceleb,dev,id01270/vo34xSQRP1w/00100,00100.wav,Germany,Canada
voxceleb,dev,id08241/7FcOKbZET9s/00056,00056.wav,The-United-Kingdom-1,The-United-Kingdom-1
voxceleb,dev,id05584/VSRGTHy-zSY/00180,00180.wav,The-Republic-of-Ireland,Germany
voxceleb,dev,id00456/aYRRMJeJLfw/00073,00073.wav,The-United-Kingdom-1,Mexico
voxceleb,dev,id01095/Eyuh3ErTrcA/00075,00075.wav,The-United-Kingdom-1,The-United-States-of-America
voxceleb,dev,id05492/02NGbK6LTNI/00002,00002.wav,The-United-Kingdom-1,Chile
voxceleb,dev,id08202/UaAZb2Zk4D0/00180,00180.wav,Germany,Switzerland
voxceleb,dev,id07803/4xoh7OLLylA/00010,00010.wav,The-United-Kingdom-1,The-United-States-of-America
voxceleb,dev,id02983/IkkJjIakRC0/00045,00045.wav,The-United-States-of-America,The-United-States-of-America
voxceleb,dev,id05852/BqaE0gWRTkM/00027,00027.wav,The-Republic-of-Ireland,Kingdom-of-the-Netherlands
voxceleb,dev,id05049/sBIj9k6Fc80/00461,00461.wav,The-United-States-of-America,The-United-States-of-America
voxceleb,dev,id01274/LuX8yfQ7cak/00101,00101.wav,China,The-United-States-of-America
voxceleb,dev,id08291/_aIfihYok3I/00112,00112.wav,India,India
voxceleb,dev,id01119/P3s4-H1nDC0/00050,00050.wav,United-States-of-America,The-United-States-of-America
voxceleb,dev,id08546/FW3VyHIgdnE/00103,00103.wav,The-United-Kingdom-1,The-United-States-of-America
voxceleb,dev,id02201/3wrlVIg71iA/00052,00052.wav,The-United-Kingdom-1,The-United-States-of-America
voxceleb,dev,id00794/0jtsL8ZKuUU/00004,00004.wav,France,Italy
voxceleb,dev,id01101/Uz-M09HZDYk/00177,00177.wav,The-United-States-of-America,The-United-States-of-America
voxceleb,dev,id02575/QGgkTUZoNG0/00027,00027.wav,The-United-States-of-America,The-United-States-of-America
voxceleb,dev,id05576/lB8jEv98Xvc/00429,00429.wav,The-United-Kingdom-1,The-United-States-of-America
voxceleb,dev,id02150/28SombeJQMY/00016,00016.wav,The-United-Kingdom-1,The-United-Kingdom-1
voxceleb,dev,id07189/AGFMA7H-jFk/00025,00025.wav,Germany,Germany
voxceleb,dev,id00055/dLrZUW4nm3g/00160,00160.wav,The-United-Kingdom-1,The-United-Kingdom-1
voxceleb,dev,id05039/lBQfOuj6bNk/00321,00321.wav,France,France
voxceleb,dev,id00425/O10aL1fcYXs/00021,00021.wav,The-United-Kingdom-1,The-Republic-of-Ireland
voxceleb,dev,id06485/DTLGoeHOon4/00085,00085.wav,The-United-States-of-America,The-United-States-of-America
voxceleb,dev,id05913/1QkCGudTURM/00019,00019.wav,The-United-States-of-America,The-United-States-of-America
voxceleb,dev,id03071/o4kc1Pbo-is/00211,00211.wav,The-United-Kingdom-1,Italy
voxceleb,dev,id04839/S1vRrUHKxNw/00278,00278.wav,India,India
voxceleb,dev,id08604/8yF-vJEJYh8/00034,00034.wav,The-United-Kingdom-1,The-United-Kingdom-1
voxceleb,dev,id02040/CNKVaXQJR0s/00074,00074.wav,The-United-Kingdom-1,The-United-Kingdom-1
voxceleb,dev,id00071/0JDAt0VQxT4/00002,00002.wav,United-Kingdom-1,The-United-Kingdom-1
voxceleb,dev,id01149/9c3GLVU2wVE/00019,00019.wav,France,France
voxceleb,dev,id04658/cNydAelHc6s/00204,00204.wav,The-United-Kingdom-1,The-Republic-of-Ireland
voxceleb,dev,id08510/R0Pu3dQ36z8/00132,00132.wav,France,France
voxceleb,dev,id03212/KP3QoiRIBbc/00094,00094.wav,United-States-of-America,The-United-States-of-America
voxceleb,dev,id08243/HzI_IYYbd7A/00138,00138.wav,The-United-Kingdom-1,The-United-Kingdom-1
voxceleb,dev,id07956/T3hN24hEpNg/00200,00200.wav,India,India
voxceleb,dev,id05252/GVOk2LCl2Ew/00086,00086.wav,The-United-Kingdom-1,The-United-States-of-America
voxceleb,dev,id06948/vUpliGRMl1I/00452,00452.wav,The-United-Kingdom-1,The-United-States-of-America
voxceleb,dev,id02586/GQSxcUwm2z8/00009,00009.wav,The-United-States-of-America,The-United-States-of-America
voxceleb,dev,id06427/qiw54WYGYts/00188,00188.wav,The-United-States-of-America,The-United-States-of-America
voxceleb,dev,id07500/Cg2efVNRICw/00201,00201.wav,Germany,Germany
voxceleb,dev,id01864/zGwLIkdL7Es/00173,00173.wav,The-United-States-of-America,The-United-States-of-America
voxceleb,dev,id05549/Wg0iNlTbI54/00037,00037.wav,Italy,Italy
voxceleb,dev,id03028/ZVjr80AI0s8/00247,00247.wav,The-United-Kingdom-1,The-United-States-of-America
voxceleb,dev,id03088/ck2qZvZBdlE/00350,00350.wav,The-United-States-of-America,The-United-States-of-America
voxceleb,dev,id08394/eeBCh7oUcxM/00031,00031.wav,The-United-Kingdom-1,The-United-States-of-America
voxceleb,dev,id00801/qsbgFOXXjN4/00126,00126.wav,The-United-Kingdom-1,Ghana
voxceleb,dev,id02343/08TabUdunsU/00007,00007.wav,The-United-States-of-America,The-United-States-of-America
voxceleb,dev,id02148/FuPsSnkvzm0/00035,00035.wav,The-United-States-of-America,The-United-States-of-America
voxceleb,dev,id01626/A7A8quAMRzk/00005,00005.wav,The-United-Kingdom-1,Canada
voxceleb,dev,id02736/4AQ8UmwB8Kw/00028,00028.wav,India,India
voxceleb,dev,id04667/QJlnFLqX7fc/00181,00181.wav,Germany,Germany
voxceleb,dev,id06002/E4Z-CFWLLME/00069,00069.wav,Germany,Austria
voxceleb,dev,id06381/MTxCSbWTIxI/00078,00078.wav,Israel,The-United-States-of-America
voxceleb,dev,id07166/HRKNP_X0c1M/00134,00134.wav,India,India
voxceleb,dev,id05994/6px5PzQptME/00056,00056.wav,The-United-Kingdom-1,The-United-States-of-America
voxceleb,dev,id01710/l238X8XpEow/00102,00102.wav,The-United-Kingdom-1,The-United-Kingdom-1
voxceleb,dev,id01570/0p6AO3HZ8p4/00027,00027.wav,The-United-Kingdom-1,The-United-States-of-America
voxceleb,dev,id04945/NCsk3_Y3z-4/00097,00097.wav,The-United-States-of-America,The-United-States-of-America
voxceleb,dev,id08337/vGpAqRRHj34/00124,00124.wav,Germany,Germany
voxceleb,dev,id04895/9bPKEmBrUVM/00054,00054.wav,The-United-Kingdom-1,The-United-States-of-America
voxceleb,dev,id07976/4kN3X8eHGb0/00037,00037.wav,India,India
voxceleb,dev,id04814/R3s7y59onTY/00214,00214.wav,The-United-Kingdom-1,The-United-Kingdom-1
voxceleb,dev,id02462/7LiJVt8S3n8/00034,00034.wav,The-United-Kingdom-1,The-United-States-of-America
voxceleb,dev,id08309/GjRWDJETrzI/00102,00102.wav,India,India
voxceleb,dev,id01716/vYy13fZHJII/00268,00268.wav,France,France
voxceleb,dev,id00797/25KCAY4G1go/00003,00003.wav,India,India
voxceleb,dev,id06507/bLlF6hYLo-4/00249,00249.wav,The-United-Kingdom-1,Scotland
voxceleb,dev,id02840/qI5Mscr4ScM/00282,00282.wav,The-United-States-of-America,The-United-States-of-America
voxceleb,dev,id01285/Q8uOlPCD-BU/00150,00150.wav,The-United-States-of-America,The-United-States-of-America
voxceleb,dev,id06474/lpFdV9kJvuM/00393,00393.wav,The-United-Kingdom-1,The-United-Kingdom-1
voxceleb,dev,id08599/55xb2rrATSQ/00032,00032.wav,The-United-States-of-America,The-United-States-of-America
voxceleb,dev,id08286/qj6mPTLaw2s/00088,00088.wav,The-United-Kingdom-1,Norway
voxceleb,dev,id00431/a_VFt2kfoKg/00074,00074.wav,The-United-States-of-America,The-United-States-of-America
voxceleb,dev,id05034/SzlEc25rcR0/00087,00087.wav,France,France
voxceleb,dev,id06617/F3C42ZWDWCY/00095,00095.wav,The-United-States-of-America,The-United-States-of-America
voxceleb,dev,id08494/LozPL2GvlNw/00021,00021.wav,India,India
voxceleb,dev,id02839/Nxjjc352u0U/00097,00097.wav,The-United-States-of-America,The-United-States-of-America
voxceleb,dev,id01719/zCA6iyNrcZM/00048,00048.wav,Germany,Germany
voxceleb,dev,id05879/3FGr53L6RPs/00014,00014.wav,Germany,Germany
voxceleb,dev,id08399/io_uOAI1EmU/00152,00152.wav,The-United-Kingdom-1,The-United-Kingdom-1
voxceleb,dev,id08683/4Iwmmd125bs/00126,00126.wav,The-United-Kingdom-1,Romania
voxceleb,dev,id06268/cqCtJhntgoM/00137,00137.wav,India,India
voxceleb,dev,id00987/8mC2D3qDd_c/00018,00018.wav,United States of America,The-United-States-of-America
voxceleb,dev,id06713/nejsYeG_zNY/00236,00236.wav,India,India
voxceleb,dev,id06936/ppMRNWFfb4k/00338,00338.wav,The-United-States-of-America,The-United-States-of-America
voxceleb,dev,id02538/AHUgsDIOoNQ/00068,00068.wav,The-United-Kingdom-1,The-United-Kingdom-1
voxceleb,dev,id02585/EXuRppkLA5g/00087,00087.wav,The-United-States-of-America,Canada
voxceleb,dev,id07360/auK5E1YcKhQ/00321,00321.wav,The-United-Kingdom-1,The-United-States-of-America
voxceleb,dev,id07288/TwE-DF0duew/00234,00234.wav,Italy,Italy
voxceleb,dev,id08335/bZA5C9Dh7kU/00397,00397.wav,The-United-States-of-America,The-United-States-of-America
voxceleb,dev,id05664/F6muekaA5xI/00118,00118.wav,The-United-States-of-America,The-United-States-of-America
voxceleb,dev,id07968/iKyu8v6MQTY/00069,00069.wav,The-United-Kingdom-1,The-United-States-of-America
voxceleb,dev,id00508/lxVQz-uuoR8/00089,00089.wav,Germany,Austria
voxceleb,dev,id02989/_t417nDmvC4/00160,00160.wav,The-United-States-of-America,The-United-Kingdom-1
voxceleb,dev,id04903/O43r8Z3A4MI/00258,00258.wav,The-United-States-of-America,The-United-States-of-America
voxceleb,dev,id01168/kc3_Wxz5uZI/00051,00051.wav,The-United-States-of-America,The-United-States-of-America
voxceleb,dev,id03027/qnjj__q3O8I/00181,00181.wav,The-United-States-of-America,Canada
voxceleb,dev,id05724/JVM9bUBZSDA/00131,00131.wav,The-United-Kingdom-1,The-United-States-of-America
voxceleb,dev,id01010/Fk5aR4rOzxk/00109,00109.wav,The-United-States-of-America,The-United-States-of-America
voxceleb,dev,id01762/h31C7WVQosI/00147,00147.wav,The-Republic-of-Ireland,Kingdom-of-the-Netherlands
voxceleb,dev,id02965/fZuwbp16yk4/00157,00157.wav,France,Canada
voxceleb,dev,id06323/DvGvov3GSuE/00205,00205.wav,The-Republic-of-Ireland,France
voxceleb,dev,id08683/0p7D0ZCHmxI/00007,00007.wav,The-Republic-of-Ireland,Romania
voxceleb,dev,id07238/sVKyUU0Spcw/00248,00248.wav,The-United-Kingdom-1,The-United-States-of-America
voxceleb,dev,id02007/FS_x-aSzmeQ/00068,00068.wav,The-United-States-of-America,The-United-States-of-America
voxceleb,dev,id00980/ooT3Mrk9BNQ/00301,00301.wav,France,France
voxceleb,dev,id02114/jtwB-EzOcP8/00092,00092.wav,France,France
voxceleb,dev,id01502/2YsX7vvKyVg/00016,00016.wav,The-United-States-of-America,The-United-States-of-America
voxceleb,dev,id01504/hYi_xAljByI/00337,00337.wav,India,India
voxceleb,dev,id00568/Y6qZObZnCk0/00179,00179.wav,The-United-Kingdom-1,The-United-States-of-America
voxceleb,dev,id08360/x_piP7qePhw/00186,00186.wav,The-United-Kingdom-1,France
voxceleb,dev,id07405/S1N9D8-FjyA/00245,00245.wav,The-Republic-of-Ireland,Kingdom-of-the-Netherlands
voxceleb,dev,id02134/3_ZWdLcbG0U/00011,00011.wav,The-United-Kingdom-1,The-United-Kingdom-1
voxceleb,dev,id06105/x_IHB4zkkAs/00169,00169.wav,The-United-States-of-America,The-United-States-of-America
voxceleb,dev,id00797/pb9pzkFRAiw/00019,00019.wav,India,India
voxceleb,dev,id04933/6PxB_FGonBw/00023,00023.wav,The-United-Kingdom-1,The-United-States-of-America
voxceleb,dev,id06609/c8eyEkmWeDk/00081,00081.wav,Indonesia,Malaysia
voxceleb,dev,id00776/4xwxjnB7Ld4/00022,00022.wav,Germany,Germany
voxceleb,dev,id08339/kkKv3sJBj68/00123,00123.wav,The-United-Kingdom-1,Serbia
voxceleb,dev,id00967/wceqgDC5alU/00486,00486.wav,The-Republic-of-Ireland,France
voxceleb,dev,id07167/Ccs8NT45UYQ/00043,00043.wav,India,India
voxceleb,dev,id01879/TmRq2ckeosU/00066,00066.wav,The-United-Kingdom-1,Soviet-Union-1
voxceleb,dev,id05042/j0b0a_oJgeU/00132,00132.wav,The-United-States-of-America,The-United-States-of-America
voxceleb,dev,id05253/fuOeM7-fYLQ/00153,00153.wav,The-United-States-of-America,The-United-States-of-America
voxceleb,dev,id06017/eWvlRlge-lY/00321,00321.wav,The-United-Kingdom-1,The-United-Kingdom-1
voxceleb,dev,id03192/hLc4DUQ2u5g/00133,00133.wav,The-United-Kingdom-1,The-United-States-of-America
voxceleb,dev,id06753/S8-ppkRZYSQ/00087,00087.wav,The-United-Kingdom-1,India
voxceleb,dev,id03230/xkWLStzS9NU/00184,00184.wav,France,France
voxceleb,dev,id02440/QYV5ERXtlMk/00143,00143.wav,The-United-States-of-America,The-United-States-of-America
voxceleb,dev,id01663/GEhK6BfH-ws/00057,00057.wav,The-United-Kingdom-1,Italy
voxceleb,dev,id06116/YgFf0BKaM7o/00171,00171.wav,The-United-Kingdom-1,The-United-States-of-America
voxceleb,dev,id07236/wi9flouLZs4/00448,00448.wav,India,India
voxceleb,dev,id01010/zSkX2aKuWVk/00500,00500.wav,The-United-Kingdom-1,The-United-States-of-America
voxceleb,dev,id00942/mCuqdb6Prfc/00401,00401.wav,The-United-Kingdom-1,The-United-Kingdom-1
voxceleb,dev,id00996/esprd_JbX_Y/00216,00216.wav,France,Switzerland
voxceleb,dev,id04972/kDwEqF1wxtE/00303,00303.wav,The-United-States-of-America,The-United-States-of-America
voxceleb,dev,id06414/p0BSwPjA1vc/00391,00391.wav,The-United-Kingdom-1,The-United-States-of-America
voxceleb,dev,id05370/gE0wpznhAQE/00148,00148.wav,The-United-Kingdom-1,The-United-States-of-America
voxceleb,dev,id02458/BMo8kUOL89E/00016,00016.wav,The-United-States-of-America,The-United-States-of-America
voxceleb,dev,id02532/PO_6ncwmpX0/00068,00068.wav,The-United-States-of-America,The-United-States-of-America
voxceleb,dev,id06472/U7RFTEHqw60/00138,00138.wav,The-United-Kingdom-1,The-United-Kingdom-1
voxceleb,dev,id07858/vFW_nz7mp0Q/00201,00201.wav,Germany,Germany
voxceleb,dev,id08434/MEk326ZlHRg/00017,00017.wav,The-United-Kingdom-1,Nigeria
voxceleb,dev,id00413/Q6JbpwUtDqE/00214,00214.wav,India,India
voxceleb,dev,id00814/CAh1tAuxwSo/00009,00009.wav,The-United-Kingdom-1,The-United-Kingdom-1
voxceleb,dev,id00111/v5lIDddnEcU/00305,00305.wav,The-United-Kingdom-1,Poland
voxceleb,dev,id06065/sTCIX7OV7P0/00293,00293.wav,Canada,The-United-States-of-America
voxceleb,dev,id00965/wtSAdVyKeCI/00475,00475.wav,France,France
voxceleb,dev,id02650/5lJdbKJwD1E/00024,00024.wav,Germany,Germany
voxceleb,dev,id00668/9UdzcZQiDjA/00030,00030.wav,Germany,Germany
voxceleb,dev,id05160/fJbS6fNh3tY/00308,00308.wav,The-United-Kingdom-1,The-Republic-of-Ireland
voxceleb,dev,id00357/7c8mytMOTYE/00056,00056.wav,The-United-Kingdom-1,The-United-States-of-America
voxceleb,dev,id07019/H_LeD73E-1k/00107,00107.wav,France,France
voxceleb,dev,id01018/s4yhfmmK298/00162,00162.wav,The-United-Kingdom-1,The-United-Kingdom-1
voxceleb,dev,id06336/84OsizhFbpY/00028,00028.wav,The-United-States-of-America,Canada
voxceleb,dev,id02188/OF1rM7UaJz8/00158,00158.wav,The-United-States-of-America,The-United-States-of-America
voxceleb,dev,id05622/oJhGjgn-Z5Y/00373,00373.wav,France,France
voxceleb,dev,id08160/FVIme-EnkRA/00105,00105.wav,India,India
voxceleb,dev,id01353/nr3Ah5d1GnM/00314,00314.wav,United States,The-United-States-of-America
voxceleb,dev,id05324/UvaWnf3yJdg/00078,00078.wav,Italy,Italy
voxceleb,dev,id02014/elc7Ilfv3-A/00159,00159.wav,Spain,Spain
voxceleb,dev,id00286/If56cCrQI8Y/00101,00101.wav,The-Republic-of-Ireland,France
voxceleb,dev,id07531/maUT7MKGUeM/00306,00306.wav,The-United-States-of-America,The-United-States-of-America
voxceleb,dev,id06015/MynDvGyAQBw/00124,00124.wav,Germany,Germany
voxceleb,dev,id01722/lvt1FRs6fdY/00118,00118.wav,Germany,Germany
voxceleb,dev,id05849/UFhsgV7cPAo/00013,00013.wav,Australia,The-United-Kingdom-1
voxceleb,dev,id02215/yKT5p3Xz1jk/00085,00085.wav,Kenya,Democratic-Republic-of-the-Congo-1
voxceleb,dev,id02839/MXPLuzRq6-Y/00023,00023.wav,The-United-Kingdom-1,The-United-States-of-America
voxceleb,dev,id07188/GmwfJK1T8zw/00047,00047.wav,Germany,Germany
voxceleb,dev,id01758/tDvAYn3parQ/00473,00473.wav,Germany,Germany
voxceleb,dev,id04780/MxCq4HWz5cM/00191,00191.wav,The-United-States-of-America,The-United-States-of-America
voxceleb,dev,id06696/2c8OfEWGzVQ/00033,00033.wav,The-United-Kingdom-1,The-United-Kingdom-1
voxceleb,dev,id06114/0yz7xAwiksQ/00005,00005.wav,The-United-States-of-America,The-United-States-of-America
voxceleb,dev,id00087/Z0f5bdjrXGI/00042,00042.wav,The-United-Kingdom-1,The-United-Kingdom-1
voxceleb,dev,id02121/Usx4YkzgKxE/00106,00106.wav,The-United-States-of-America,The-United-States-of-America
voxceleb,dev,id02881/7VQDzgYHCGo/00025,00025.wav,The-United-States-of-America,The-United-States-of-America
voxceleb,dev,id02902/kWs_dh1rbCY/00134,00134.wav,The-United-States-of-America,The-United-States-of-America
voxceleb,dev,id00274/nGUlpedGUnw/00257,00257.wav,The-Republic-of-Ireland,Germany
voxceleb,dev,id05490/a-T2UfqKR6E/00056,00056.wav,Germany,Germany
voxceleb,dev,id01617/9rp5srBNVv4/00048,00048.wav,The-United-Kingdom-1,The-United-Kingdom-1
voxceleb,dev,id07976/n9n9JKfrb8w/00234,00234.wav,India,India
voxceleb,dev,id02858/6hgsOtXgwGE/00006,00006.wav,Russia,France
voxceleb,dev,id00456/j3CLVzGJFiM/00117,00117.wav,The-United-States-of-America,Mexico
voxceleb,dev,id00976/LSJM6dPQiyE/00129,00129.wav,France,France
voxceleb,dev,id02711/sB5La8r1NSk/00355,00355.wav,France,France
voxceleb,dev,id07623/2GGE62qZHOc/00004,00004.wav,United-States-of-America,The-United-States-of-America
voxceleb,dev,id04834/5awWyPQzm90/00067,00067.wav,The-United-States-of-America,The-United-States-of-America
voxceleb,dev,id08415/N6qCtnXxg88/00085,00085.wav,The-United-Kingdom-1,The-United-States-of-America
voxceleb,dev,id06364/Ha7fSkKNtGQ/00081,00081.wav,India,India
voxceleb,dev,id06791/ZJK5gAhoe98/00122,00122.wav,The-United-Kingdom-1,The-United-Kingdom-1
voxceleb,dev,id00984/h8lSdYemBrs/00094,00094.wav,Germany,Germany
voxceleb,dev,id06684/zzSvzTTBALg/00307,00307.wav,The-United-States-of-America,The-United-States-of-America
voxceleb,dev,id08000/WAeLFCSd3jw/00151,00151.wav,The-United-Kingdom-1,The-United-Kingdom-1
voxceleb,dev,id06331/ASz8P_g5hvg/00002,00002.wav,Germany,German-Democratic-Republic-DDR
voxceleb,dev,id06541/QPUEfxuEy0s/00161,00161.wav,The-United-Kingdom-1,The-United-Kingdom-1
voxceleb,dev,id08043/H4dJ9ziiY9g/00023,00023.wav,The-United-Kingdom-1,The-United-Kingdom-1
voxceleb,dev,id03205/NWPD2VPHe6k/00055,00055.wav,The-United-Kingdom-1,The-United-Kingdom-1
voxceleb,dev,id00736/GIM2XYCBPYE/00032,00032.wav,The-United-Kingdom-1,Portugal
voxceleb,dev,id08607/QlN4S_z_NAA/00143,00143.wav,The-United-Kingdom-1,The-United-Kingdom-1
voxceleb,dev,id05256/ufacEg6Yi2A/00488,00488.wav,The-United-States-of-America,The-United-States-of-America
voxceleb,dev,id05076/qjv-RBsD9Zg/00087,00087.wav,The-United-Kingdom-1,The-United-Kingdom-1
voxceleb,dev,id07288/QCcK4pnMGoo/00219,00219.wav,Italy,Italy
voxceleb,dev,id06697/lEuSXTUE5eg/00062,00062.wav,France,Italy
voxceleb,dev,id02721/CyNKRwXNwjI/00087,00087.wav,The-United-Kingdom-1,The-United-States-of-America
voxceleb,dev,id06847/MiaOUus_L9A/00209,00209.wav,The-United-Kingdom-1,The-United-Kingdom-1
voxceleb,dev,id07768/DOMo0i-n3q4/00008,00008.wav,India,India
voxceleb,dev,id00569/p2eO-Srqy4A/00308,00308.wav,The-Republic-of-Ireland,Romania
voxceleb,dev,id05739/lCoLkcKhX4s/00356,00356.wav,The-United-Kingdom-1,Germany
voxceleb,dev,id00428/r5FAsaqh3JE/00077,00077.wav,The-United-Kingdom-1,The-United-States-of-America
voxceleb,dev,id01934/5kTFnECseKA/00004,00004.wav,The-United-Kingdom-1,New-Zealand
voxceleb,dev,id00177/3olh8m6ja5U/00071,00071.wav,France,France
voxceleb,dev,id07568/a_s80akrLtw/00091,00091.wav,France,France
voxceleb,dev,id07857/ZJjU7rfpI-0/00164,00164.wav,The-United-Kingdom-1,The-United-Kingdom-1
voxceleb,dev,id06829/ErMA1f9Qbz0/00058,00058.wav,United-States-of-America,The-United-States-of-America
voxceleb,dev,id06339/Dt9qvq2Q-oY/00063,00063.wav,The-Republic-of-Ireland,Kingdom-of-the-Netherlands
voxceleb,dev,id01773/fi1V5tuLBLg/00264,00264.wav,The-United-Kingdom-1,The-United-Kingdom-1
voxceleb,dev,id05952/G30W7UDv3Ys/00092,00092.wav,The-United-States-of-America,The-United-States-of-America
voxceleb,dev,id06239/AKySiXtKmB4/00077,00077.wav,Germany,Germany
voxceleb,dev,id05875/aZrW2AN8p90/00192,00192.wav,The-United-Kingdom-1,The-United-Kingdom-1
voxceleb,dev,id06066/s8H0RpMl1RU/00200,00200.wav,The-United-Kingdom-1,The-United-States-of-America
voxceleb,dev,id03205/s2-fMzisztw/00236,00236.wav,The-United-Kingdom-1,The-United-Kingdom-1
voxceleb,dev,id00918/61tWrgCTheU/00033,00033.wav,Germany,Germany
voxceleb,dev,id04967/eWX6drTxGGE/00045,00045.wav,The-United-States-of-America,The-United-States-of-America
voxceleb,dev,id03158/5yfhBueEbJw/00005,00005.wav,Canada,The-United-States-of-America
voxceleb,dev,id00559/nKsKrVqcpmU/00100,00100.wav,The-United-Kingdom-1,The-United-Kingdom-1
voxceleb,dev,id02554/0X9oY2AADCc/00011,00011.wav,The-United-Kingdom-1,Turkey-country
voxceleb,dev,id02888/oEOVcIiyK9Y/00449,00449.wav,France,France
voxceleb,dev,id07738/RjtGU_k24Bs/00100,00100.wav,The-United-States-of-America,The-United-Kingdom-1
voxceleb,dev,id00692/NQwXW1tjxvI/00217,00217.wav,United-Kingdom-1,The-United-States-of-America
voxceleb,dev,id01403/wtKDQsSx1-E/00175,00175.wav,The-United-States-of-America,The-United-States-of-America
voxceleb,dev,id01403/ONoQlzjmbdc/00079,00079.wav,The-United-Kingdom-1,The-United-States-of-America
voxceleb,dev,id08354/VRMRFuojyes/00038,00038.wav,France,France
voxceleb,dev,id08441/bSz1r3XovJ0/00169,00169.wav,The-United-States-of-America,The-United-States-of-America
voxceleb,dev,id02150/28SombeJQMY/00009,00009.wav,The-United-Kingdom-1,The-United-Kingdom-1
voxceleb,dev,id08464/DpydzxAg0h8/00109,00109.wav,The-Republic-of-Ireland,Croatia
voxceleb,dev,id04712/8YbKxRNV6hA/00041,00041.wav,The-United-Kingdom-1,The-United-Kingdom-1
voxceleb,dev,id02016/VHM4JzQGZHE/00066,00066.wav,The-United-States-of-America,The-United-States-of-America
voxceleb,dev,id02460/PLNlsV2WrKo/00012,00012.wav,The-United-States-of-America,The-United-States-of-America
voxceleb,dev,id05576/jygpcTgLGC4/00411,00411.wav,United-States-of-America,The-United-States-of-America
voxceleb,dev,id01395/5ns9Gy-hTIE/00039,00039.wav,The-United-Kingdom-1,The-United-Kingdom-1
voxceleb,dev,id06237/vnaoVHVZ_Hc/00305,00305.wav,The-Republic-of-Ireland,The-United-States-of-America
voxceleb,dev,id08163/d1vBsbtzBwA/00019,00019.wav,The-United-Kingdom-1,The-United-Kingdom-1
voxceleb,dev,id02249/xPz_jkV_wOo/00462,00462.wav,The-United-Kingdom-1,The-United-States-of-America
voxceleb,dev,id08477/uuTIQW0T8xs/00478,00478.wav,United-States-of-America,The-United-States-of-America
voxceleb,dev,id01617/PQkWs3PIz4s/00157,00157.wav,The-United-Kingdom-1,The-United-Kingdom-1
voxceleb,dev,id02739/Djz8D2KUoQY/00062,00062.wav,The-United-States-of-America,The-United-States-of-America
voxceleb,dev,id00607/BBjqx-2rVxU/00003,00003.wav,The-Republic-of-Ireland,Poland
voxceleb,dev,id04888/ZBrjsDO59ss/00087,00087.wav,France,Canada
voxceleb,dev,id07284/g99w09Rstz8/00157,00157.wav,The-United-Kingdom-1,Germany
voxceleb,dev,id04684/odof-QMjITI/00409,00409.wav,The-United-States-of-America,The-United-States-of-America
voxceleb,dev,id00922/606rMtJyo7g/00017,00017.wav,Germany,Germany
voxceleb,dev,id07528/XA6RkO0e3Gs/00090,00090.wav,The-United-Kingdom-1,The-United-Kingdom-1
voxceleb,dev,id05622/Nraf7MYMc9c/00280,00280.wav,France,France
voxceleb,dev,id00717/WXE1lb3QabQ/00208,00208.wav,The-Republic-of-Ireland,Italy
voxceleb,dev,id06663/AU810F8sU5k/00116,00116.wav,The-United-States-of-America,The-United-States-of-America
voxceleb,dev,id02871/jRMakXSVVwQ/00214,00214.wav,The-United-States-of-America,The-United-States-of-America
voxceleb,dev,id07115/y84rfyNaTIo/00166,00166.wav,The-United-Kingdom-1,The-United-States-of-America
voxceleb,dev,id01659/REOo-SAQ0IE/00387,00387.wav,Germany,Germany
voxceleb,dev,id02134/Sa7zlyjAiE8/00052,00052.wav,The-United-Kingdom-1,The-United-Kingdom-1
voxceleb,dev,id02187/CLA6bNrlAMo/00151,00151.wav,The-United-States-of-America,The-United-States-of-America
voxceleb,dev,id05090/3C2Is8UxuLg/00015,00015.wav,South-Korea,South-Korea
voxceleb,dev,id08283/iUvHt2tvbjY/00214,00214.wav,The-United-Kingdom-1,The-United-Kingdom-1
voxceleb,dev,id02453/VpulCHXMZLQ/00099,00099.wav,The-United-States-of-America,Canada
voxceleb,dev,id05031/OBnrtBG2y0U/00108,00108.wav,France,France
voxceleb,dev,id07268/MEZikwSl7D4/00034,00034.wav,The-United-Kingdom-1,Germany
voxceleb,dev,id08193/d5lOuFeVLxw/00034,00034.wav,Italy,Poland
voxceleb,dev,id07957/eeBCh7oUcxM/00137,00137.wav,The-United-States-of-America,The-United-States-of-America
voxceleb,dev,id05989/SPMIcP3X020/00188,00188.wav,The-United-States-of-America,The-United-States-of-America
voxceleb,dev,id02008/gV4Czg9dI-k/00393,00393.wav,The-United-States-of-America,The-United-States-of-America
voxceleb,dev,id02087/NwfOXy1q59E/00134,00134.wav,The-United-States-of-America,The-United-States-of-America
voxceleb,dev,id04997/MPEZEerdk-A/00146,00146.wav,The-United-States-of-America,The-United-States-of-America
voxceleb,dev,id01792/Sy6JGV3Cd0g/00099,00099.wav,The-United-States-of-America,The-United-States-of-America
voxceleb,dev,id07497/uLP3mErVthc/00451,00451.wav,Azerbaijan,The-United-States-of-America
voxceleb,dev,id00665/L-e7RV44c4s/00013,00013.wav,Germany,Germany
voxceleb,dev,id05049/kIsarlXYkuM/00350,00350.wav,The-United-States-of-America,The-United-States-of-America
voxceleb,dev,id04988/nIamHLithGQ/00312,00312.wav,France,Canada
voxceleb,dev,id01448/FGHGaRla_-8/00205,00205.wav,The-United-States-of-America,The-United-States-of-America
voxceleb,dev,id04742/q-8pJwDvs3U/00387,00387.wav,United States of America,The-United-States-of-America
voxceleb,dev,id00426/dMNv8TsyyBQ/00082,00082.wav,The-United-Kingdom-1,The-United-States-of-America
voxceleb,dev,id05526/rTIQBkK9N9Y/00091,00091.wav,Spain,Spain
voxceleb,dev,id08693/sD_6vIhE2dg/00169,00169.wav,The-United-Kingdom-1,The-United-States-of-America
voxceleb,dev,id00942/_Hdd-FDq0wA/00277,00277.wav,The-United-Kingdom-1,The-United-Kingdom-1
voxceleb,dev,id00246/QL9pmAiTUoI/00098,00098.wav,The-United-Kingdom-1,Italy
voxceleb,dev,id00018/Hufm91VqckQ/00072,00072.wav,The-United-States-of-America,The-United-States-of-America
voxceleb,dev,id06619/86-LVibWSLI/00102,00102.wav,The-United-States-of-America,Germany
voxceleb,dev,id02201/sQ8EzuGqJgk/00317,00317.wav,The-United-States-of-America,The-United-States-of-America
voxceleb,dev,id01040/nRs2jedT0gQ/00283,00283.wav,The-United-States-of-America,The-United-States-of-America
voxceleb,dev,id04985/FVPA7ssZ1yc/00050,00050.wav,The-United-Kingdom-1,The-United-States-of-America
voxceleb,dev,id07711/LtS54S4e_B4/00075,00075.wav,The-United-States-of-America,Iran
voxceleb,dev,id06435/tpH7pA0k7eE/00108,00108.wav,The-United-States-of-America,The-United-States-of-America
voxceleb,dev,id06940/yo362_VgLg8/00111,00111.wav,The-United-States-of-America,The-United-States-of-America
voxceleb,dev,id02981/_Y_GdJu1WnA/00272,00272.wav,The-United-Kingdom-1,The-United-Kingdom-1
voxceleb,dev,id02087/kICPSS_yvYw/00292,00292.wav,The-United-States-of-America,The-United-States-of-America
voxceleb,dev,id02438/z5spB-plyDg/00416,00416.wav,The-United-States-of-America,The-United-States-of-America
voxceleb,dev,id04676/Mbjy5GnhsMY/00103,00103.wav,The-United-States-of-America,The-United-States-of-America
voxceleb,dev,id00258/PbO_3veQIvE/00157,00157.wav,The-United-Kingdom-1,The-United-States-of-America
voxceleb,dev,id00568/g4VvPyHJTww/00379,00379.wav,The-United-States-of-America,The-United-States-of-America
voxceleb,dev,id02362/UmGpdcdXkDA/00069,00069.wav,The-Republic-of-Ireland,Bosnia-and-Herzegovina
voxceleb,dev,id08471/BXv04-rnPKA/00020,00020.wav,The-United-Kingdom-1,The-United-States-of-America
voxceleb,dev,id08093/QcBorCJyVjQ/00035,00035.wav,Italy,Italy
voxceleb,dev,id01921/2kRfa3djUmQ/00039,00039.wav,The-United-Kingdom-1,New-Zealand
voxceleb,dev,id05772/C7Sa7MNmiMI/00120,00120.wav,France,France
voxceleb,dev,id02252/9K0yiZTJQcg/00036,00036.wav,Australia,The-United-Kingdom-1
voxceleb,dev,id02874/ocBKLrKXBNM/00038,00038.wav,The-United-Kingdom-1,The-United-States-of-America
voxceleb,dev,id08747/ML7DO6pwf5I/00105,00105.wav,The-United-Kingdom-1,Germany
voxceleb,dev,id01091/1W4E4GRFlAs/00036,00036.wav,The-United-States-of-America,The-United-States-of-America
voxceleb,dev,id06535/6BQwGgaqm7c/00043,00043.wav,The-United-States-of-America,The-United-States-of-America
voxceleb,dev,id06858/29nIaFlfNrQ/00019,00019.wav,The-United-Kingdom-1,Malta
voxceleb,dev,id08186/y4bTcPf6esw/00110,00110.wav,The-Republic-of-Ireland,Slovenia
voxceleb,dev,id01637/bYkXXtnhnmc/00097,00097.wav,Japan,The-United-States-of-America
voxceleb,dev,id02458/c6ShPRBiKb4/00155,00155.wav,The-United-Kingdom-1,The-United-States-of-America
voxceleb,dev,id05962/ouuz4yqMf_w/00297,00297.wav,The-United-Kingdom-1,Canada
voxceleb,dev,id07703/3KuDzuhqs0A/00023,00023.wav,The-United-Kingdom-1,The-United-Kingdom-1
voxceleb,dev,id01048/6ZXDdAJFHUs/00006,00006.wav,The-United-States-of-America,The-United-States-of-America
voxceleb,dev,id06988/6rMpVe4koVM/00161,00161.wav,Germany,Germany
voxceleb,dev,id06234/poh9lnPiNf4/00108,00108.wav,Germany,Germany
voxceleb,dev,id01249/z80V830nreA/00153,00153.wav,The-United-States-of-America,The-United-States-of-America
voxceleb,dev,id02880/mP7G9w37-AA/00229,00229.wav,The-United-Kingdom-1,Italy
voxceleb,dev,id00291/IzTsqNL_JFs/00018,00018.wav,The-United-Kingdom-1,The-United-States-of-America
voxceleb,dev,id02499/2ZIHfdOFm-o/00009,00009.wav,Germany,Germany
voxceleb,dev,id05346/IhOkWH8x3j0/00027,00027.wav,The-United-Kingdom-1,The-United-States-of-America
voxceleb,dev,id05835/7MpLAicsMBE/00009,00009.wav,The-United-Kingdom-1,The-United-Kingdom-1
voxceleb,dev,id07118/1IJ_x4gWAAY/00018,00018.wav,The-United-Kingdom-1,The-United-States-of-America
voxceleb,dev,id06828/v1DwTeQiG2I/00176,00176.wav,The-United-Kingdom-1,The-United-Kingdom-1
voxceleb,dev,id08642/bQuImtoOJ9k/00062,00062.wav,The-United-Kingdom-1,Germany
voxceleb,dev,id05141/X2tFZI0x7pQ/00231,00231.wav,The-United-States-of-America,The-United-States-of-America
voxceleb,dev,id05977/qCEFcIBliaE/00256,00256.wav,The-United-Kingdom-1,The-United-States-of-America
voxceleb,dev,id02267/1bGTx01LxyY/00025,00025.wav,The-United-States-of-America,The-United-States-of-America
voxceleb,dev,id06056/QUsJ2MFHLOw/00088,00088.wav,The-United-Kingdom-1,The-United-States-of-America
voxceleb,dev,id08762/VvQqqMhT95A/00084,00084.wav,France,Germany
voxceleb,dev,id01672/TJzLjiwzbQU/00039,00039.wav,France,France
voxceleb,dev,id07565/xcF38LbuzIw/00363,00363.wav,The-United-Kingdom-1,The-United-States-of-America
voxceleb,dev,id08721/jNJ198DZLyo/00042,00042.wav,The-United-Kingdom-1,The-United-States-of-America
voxceleb,dev,id00672/UL3bSF9ZtWM/00014,00014.wav,The-United-Kingdom-1,The-United-Kingdom-1
voxceleb,dev,id08234/WhrnBswWhM8/00141,00141.wav,The-United-Kingdom-1,The-United-Kingdom-1
voxceleb,dev,id00109/QP-PaJYGpok/00011,00011.wav,The-Republic-of-Ireland,Poland
voxceleb,dev,id02252/bQN2h1iYHtA/00335,00335.wav,The-United-Kingdom-1,The-United-Kingdom-1
voxceleb,dev,id05010/flKBCCPL4zc/00295,00295.wav,The-United-States-of-America,The-United-States-of-America
voxceleb,dev,id00257/wM4TB8BcZTg/00332,00332.wav,The-United-States-of-America,The-United-States-of-America
voxceleb,dev,id05288/VLQ50yJyopg/00169,00169.wav,France,France
voxceleb,dev,id07624/V0I8vedbIWM/00285,00285.wav,The-United-States-of-America,The-United-States-of-America
voxceleb,dev,id08155/yJ0bz7LaN4Q/00176,00176.wav,The-United-Kingdom-1,The-United-States-of-America
voxceleb,dev,id00891/z3JAsCjGKeM/00473,00473.wav,The-United-Kingdom-1,The-United-States-of-America
voxceleb,dev,id07238/x04FUyb7rKA/00275,00275.wav,The-United-States-of-America,The-United-States-of-America
voxceleb,dev,id02032/sThYV_Q1ED0/00432,00432.wav,The-United-Kingdom-1,The-United-States-of-America
voxceleb,dev,id01722/lvt1FRs6fdY/00137,00137.wav,Germany,Germany
voxceleb,dev,id05568/3RhQN3tVX4I/00005,00005.wav,The-Republic-of-Ireland,Poland
voxceleb,dev,id01832/vzu4sz6KK8c/00127,00127.wav,The-United-States-of-America,The-United-States-of-America
voxceleb,dev,id06320/yUlH3KwwtIU/00123,00123.wav,The-United-Kingdom-1,Germany
voxceleb,dev,id08574/g_V1uVExMkI/00210,00210.wav,The-United-Kingdom-1,The-United-Kingdom-1
voxceleb,dev,id07749/dlvqoRckCUU/00113,00113.wav,France,France
voxceleb,dev,id03066/FGhwTSFx8cI/00019,00019.wav,Italy,Italy
voxceleb,dev,id08674/tLEL-C-QPzE/00260,00260.wav,The-United-Kingdom-1,Austria
voxceleb,dev,id05997/vT4W6Gbfjxc/00355,00355.wav,Germany,Germany
voxceleb,dev,id04969/WZ9LWCj5_IM/00254,00254.wav,Jordan-215,Algeria
voxceleb,dev,id01719/SZ3HN-o22do/00004,00004.wav,The-United-Kingdom-1,Germany
voxceleb,dev,id08475/pNFrZPh6K8M/00301,00301.wav,The-United-Kingdom-1,The-United-Kingdom-1
voxceleb,dev,id01798/6FgnGHQCTiQ/00021,00021.wav,Italy,Italy
voxceleb,dev,id08711/joU3LEMUpIY/00180,00180.wav,The-United-Kingdom-1,The-United-Kingdom-1
voxceleb,dev,id07944/zo7lmGX10vs/00222,00222.wav,The-United-Kingdom-1,Germany
voxceleb,dev,id01992/xHoEo5TDWl8/00270,00270.wav,The-United-Kingdom-1,The-United-Kingdom-1
voxceleb,dev,id06320/dKrX0-2JTeI/00060,00060.wav,The-United-States-of-America,Germany
voxceleb,dev,id06597/WrcvuU1-L1I/00217,00217.wav,The-United-Kingdom-1,The-United-Kingdom-1
voxceleb,dev,id07617/kyDQ-CbkNRE/00171,00171.wav,The-United-Kingdom-1,The-United-Kingdom-1
voxceleb,dev,id08716/17F3zemKVnY/00001,00001.wav,The-United-Kingdom-1,The-United-Kingdom-1
voxceleb,dev,id02351/yuhD21a1xPQ/00495,00495.wav,The-United-Kingdom-1,The-United-Kingdom-1
voxceleb,dev,id05681/jle_s0wZYOA/00109,00109.wav,The-United-States-of-America,The-United-Kingdom-1
voxceleb,dev,id05504/EWLip5YUU_g/00009,00009.wav,Spain,Spain
voxceleb,dev,id00709/Dwo3C6c1dMM/00053,00053.wav,The-United-States-of-America,Spain
voxceleb,dev,id00574/vOjAyYx6-MQ/00272,00272.wav,The-United-Kingdom-1,The-United-Kingdom-1
voxceleb,dev,id00717/7FTqgWILmuU/00044,00044.wav,Italy,Italy
voxceleb,dev,id02598/WTnLf3EZsjI/00237,00237.wav,Germany,Germany
voxceleb,dev,id08241/QDnPKXkSIPs/00217,00217.wav,The-United-Kingdom-1,The-United-Kingdom-1
voxceleb,dev,id07944/zo7lmGX10vs/00219,00219.wav,The-United-Kingdom-1,Germany
voxceleb,dev,id04938/nUS6rvKsl54/00077,00077.wav,Poland,Jamaica
voxceleb,dev,id07914/Ycr7l_0KaOg/00055,00055.wav,France,France
voxceleb,dev,id07056/Nx9D_t33_CY/00101,00101.wav,The-United-States-of-America,Jamaica
voxceleb,dev,id00040/zE21WT2lrh8/00164,00164.wav,Lithuania,Serbia
voxceleb,dev,id00827/pFlr9nEk2IY/00103,00103.wav,Germany,Germany
voxceleb,dev,id05808/_AF2tPSl3a4/00069,00069.wav,The-Republic-of-Ireland,Slovenia
voxceleb,dev,id01677/tYScJZWhaHA/00407,00407.wav,The-United-Kingdom-1,The-United-Kingdom-1
voxceleb,dev,id02787/CuTVeuqLamo/00021,00021.wav,Spain,Uruguay
voxceleb,dev,id00965/_ahhXKqdMvk/00264,00264.wav,France,France
voxceleb,dev,id02203/3hmAX0fwnR0/00008,00008.wav,Germany,Germany
voxceleb,dev,id06709/XjcJDW8gyUU/00052,00052.wav,Germany,Germany
voxceleb,dev,id07580/v_fAsO8NvG4/00125,00125.wav,The-United-Kingdom-1,Spain
voxceleb,dev,id05496/MWgHpE1EfIM/00109,00109.wav,Germany,Germany
voxceleb,dev,id02196/sXa8u-HUGd4/00106,00106.wav,Brazil,Brazil
voxceleb,dev,id06537/LFGQN76nFOg/00072,00072.wav,The-United-Kingdom-1,The-United-Kingdom-1
voxceleb,dev,id00079/9ozO57RchWQ/00003,00003.wav,France,France
voxceleb,dev,id08220/WQkw5xKEs6Q/00144,00144.wav,Germany,Germany
voxceleb,dev,id04660/wmYdUDCLtO0/00483,00483.wav,The-United-Kingdom-1,Germany
voxceleb,dev,id02362/HSeBtLbEmNE/00033,00033.wav,The-United-Kingdom-1,Bosnia-and-Herzegovina
voxceleb,dev,id07333/9O2-JcsGUHo/00025,00025.wav,France,France
voxceleb,dev,id02384/O96hOFqkFrI/00228,00228.wav,The-United-Kingdom-1,Mexico
voxceleb,dev,id01995/yty8-MZDtxs/00147,00147.wav,The-United-Kingdom-1,Saint-Lucia
voxceleb,dev,id02950/2XmoU8WaYa8/00011,00011.wav,Germany,Germany
voxceleb,dev,id08440/Cyze29CKqW4/00044,00044.wav,The-United-States-of-America,British-Virgin-Islands
voxceleb,dev,id05728/ZWrn6DueVeo/00068,00068.wav,Germany,Austria
voxceleb,dev,id08264/5akCxST7u0c/00039,00039.wav,The-United-Kingdom-1,The-United-Kingdom-1
voxceleb,dev,id07341/w-rQRby-0rk/00423,00423.wav,The-United-Kingdom-1,The-United-Kingdom-1
voxceleb,dev,id07489/lK9URE7-Xx8/00345,00345.wav,The-United-States-of-America,Brazil
voxceleb,dev,id02340/dIV5NbRKndg/00313,00313.wav,The-United-Kingdom-1,The-United-Kingdom-1
voxceleb,dev,id01661/bFp0sRKgBJo/00091,00091.wav,The-United-Kingdom-1,The-United-Kingdom-1
voxceleb,dev,id05082/6tyRqb0-XAg/00021,00021.wav,The-United-States-of-America,The-United-Kingdom-1
voxceleb,dev,id08095/PazfGyo4hQ4/00039,00039.wav,Italy,Italy
voxceleb,dev,id02790/bHlm_Vk5aBQ/00050,00050.wav,The-United-Kingdom-1,Spain
voxceleb,dev,id08667/Ky0jgfBACzM/00029,00029.wav,The-Republic-of-Ireland,Norway
voxceleb,dev,id05477/HO533jUhyb4/00161,00161.wav,India,Nepal
voxceleb,dev,id02554/cNNgJsDrA34/00093,00093.wav,The-United-Kingdom-1,Turkey-country
voxceleb,dev,id01355/dpp7SSZzHiE/00274,00274.wav,The-United-Kingdom-1,The-United-Kingdom-1
voxceleb,dev,id02338/imyDFw8sT4I/00042,00042.wav,Germany,Austria
voxceleb,dev,id03187/_ejXpj-50-w/00172,00172.wav,The-United-Kingdom-1,South-Africa
voxceleb,dev,id00980/WHBJQQkENgo/00154,00154.wav,France,France
voxceleb,dev,id02047/Ik6mgRsvosU/00049,00049.wav,The-United-Kingdom-1,Brazil
voxceleb,dev,id08351/MwuqwWoQys0/00144,00144.wav,France,France
voxceleb,dev,id01949/hXLm3nB5DbY/00272,00272.wav,The-United-Kingdom-1,New-Zealand
voxceleb,dev,id08243/SkeSJLgzG8k/00202,00202.wav,United-Kingdom-1,The-United-Kingdom-1
voxceleb,dev,id06360/4Ndr8KD0g8Y/00013,00013.wav,The-United-Kingdom-1,The-United-Kingdom-1
voxceleb,dev,id05728/tg1lXevJE9g/00126,00126.wav,The-United-Kingdom-1,Austria
voxceleb,dev,id06695/rPSbipU-5pc/00123,00123.wav,Spain,Spain
voxceleb,dev,id00329/5N97aqLMg0c/00007,00007.wav,France,France
voxceleb,dev,id07745/mbZg6-qqikE/00087,00087.wav,France,Cameroon
voxceleb,dev,id05229/esrzC41NbDw/00064,00064.wav,Spain,Spain
voxceleb,dev,id02194/1dXU76SkifM/00003,00003.wav,Spain,Brazil
voxceleb,dev,id07153/mjDpaAx_zME/00102,00102.wav,The-United-Kingdom-1,Brazil
voxceleb,dev,id06279/xc5pj8uCoYc/00024,00024.wav,Brazil,Brazil
voxceleb,dev,id00824/FYa-RNFC-p0/00013,00013.wav,The-United-Kingdom-1,France
voxceleb,dev,id05288/YCinWBIOIbw/00250,00250.wav,France,France
voxceleb,dev,id05772/U0ZzJVlX82k/00201,00201.wav,France,France
voxceleb,dev,id08652/3WdmNBOfuqk/00009,00009.wav,India,Colonial-Hong-Kong
voxceleb,dev,id07442/TkSOx85R0WI/00057,00057.wav,Italy,Italy
voxceleb,dev,id01716/aVtFAn9Jx5Y/00134,00134.wav,France,France
voxceleb,dev,id05927/u1y5OyB0I6M/00013,00013.wav,Spain,Turkey-country
voxceleb,dev,id00709/gmy0acIg-S0/00342,00342.wav,The-United-Kingdom-1,Spain
voxceleb,dev,id07333/1NCBNCuzuJ0/00012,00012.wav,France,France
voxceleb,dev,id07098/8FoWhyh1-HU/00012,00012.wav,The-United-Kingdom-1,Jamaica
voxceleb,dev,id04710/eWZubRPYiqE/00038,00038.wav,Jordan-215,Turkey-country
voxceleb,dev,id00785/9cZBjtqhAQU/00057,00057.wav,The-United-Kingdom-1,France
voxceleb,dev,id08351/0Kf8N576_xI/00002,00002.wav,France,France
voxceleb,dev,id05844/RXxXk0cM7Uk/00039,00039.wav,Indonesia,Indonesia
voxceleb,dev,id05139/m9Huj7o9rf8/00123,00123.wav,The-Republic-of-Ireland,Poland
voxceleb,dev,id08167/jKtoNwirT-I/00241,00241.wav,Italy,Italy
voxceleb,dev,id05619/8jaO436JxWQ/00038,00038.wav,The-Republic-of-Ireland,Italy
voxceleb,dev,id06251/xIdQxhHNp2k/00176,00176.wav,The-United-Kingdom-1,Norway
voxceleb,dev,id00965/rZtf981csiQ/00342,00342.wav,France,France
voxceleb,dev,id05574/GWmTA0Npkrk/00048,00048.wav,The-United-Kingdom-1,Norway
voxceleb,dev,id00994/cxWuw4jbwYE/00202,00202.wav,France,France
voxceleb,dev,id08510/2DZrWx6rR5I/00006,00006.wav,The-United-Kingdom-1,France
voxceleb,dev,id07818/8CBP1GZl_7g/00025,00025.wav,The-United-Kingdom-1,Malaysia
voxceleb,dev,id07158/879QcH6K7O4/00009,00009.wav,The-Republic-of-Ireland,Malaysia
voxceleb,dev,id03092/fcXtv6zEuJY/00088,00088.wav,France,France
voxceleb,dev,id00176/ZwfZqGfT3d4/00308,00308.wav,France,France
voxceleb,dev,id07056/Cc7YM3gcbfc/00055,00055.wav,The-United-Kingdom-1,Jamaica
voxceleb,dev,id04969/GzCUy1qlo0E/00083,00083.wav,The-United-Kingdom-1,Algeria
voxceleb,dev,id07682/uxXgkV0K2eA/00097,00097.wav,The-Republic-of-Ireland,Bosnia-and-Herzegovina
voxceleb,dev,id07437/89ZXH6dxXxQ/00003,00003.wav,The-United-Kingdom-1,Italy
voxceleb,dev,id01652/J8e7maiSUIw/00091,00091.wav,Germany,German-Democratic-Republic-DDR
voxceleb,dev,id06900/Jr5o-Eauihs/00065,00065.wav,Brazil,Portugal
voxceleb,dev,id05288/2V2arW5SLCI/00016,00016.wav,France,France
voxceleb,dev,id02764/SAG77-Cl1bQ/00018,00018.wav,The-United-Kingdom-1,Mexico
voxceleb,dev,id00592/xo5cXxVN9L4/00409,00409.wav,The-United-Kingdom-1,South-Africa
voxceleb,dev,id01949/ieqPWJVkDL4/00355,00355.wav,The-United-Kingdom-1,New-Zealand
voxceleb,dev,id00592/bwmSpuomv48/00179,00179.wav,The-United-Kingdom-1,South-Africa
voxceleb,dev,id04721/fYq7OFoRESE/00037,00037.wav,India,Ethiopia
voxceleb,dev,id02940/ptXtymMvy7U/00042,00042.wav,Spain,Mexico
voxceleb,dev,id04770/gu2JzJEZMq8/00140,00140.wav,India,Pakistan
voxceleb,dev,id06624/bQvx168-IH0/00243,00243.wav,India,Malaysia
voxceleb,dev,id07272/_YKYjlQZQmw/00283,00283.wav,Austria,Italy
voxceleb,dev,id00049/lod1Wteb6Is/00174,00174.wav,The-United-Kingdom-1,Poland
voxceleb,dev,id00225/76zmAJxU0IU/00030,00030.wav,The-United-Kingdom-1,Poland
voxceleb,dev,id00128/xv_QCsX36dE/00206,00206.wav,India,Pakistan
voxceleb,dev,id08699/pfXpHb5ojsM/00179,00179.wav,The-Republic-of-Ireland,Norway
voxceleb,dev,id00015/M_u0SV9wLro/00244,00244.wav,The-United-Kingdom-1,South-Africa
voxceleb,dev,id00223/inKAxrlH4d4/00248,00248.wav,Brazil,Serbia
voxceleb,dev,id07320/XaRhWFJaUlw/00055,00055.wav,Spain,Panama
voxceleb,dev,id02236/G0f4Hrex-qw/00042,00042.wav,The-United-Kingdom-1,France
voxceleb,dev,id08587/2J3D5x5L0fw/00024,00024.wav,Germany,Austria
voxceleb,dev,id02714/Yyp6ljBIIxE/00092,00092.wav,The-United-Kingdom-1,Italy
voxceleb,dev,id01736/gDktg-cKEuI/00118,00118.wav,Italy,Italy
voxceleb,dev,id07438/docCZuD_0lM/00131,00131.wav,France,France
voxceleb,dev,id01827/uPijNLzJwOU/00391,00391.wav,Italy,Italy
voxceleb,dev,id07137/UbNH5DozT7A/00120,00120.wav,The-Republic-of-Ireland,Croatia
voxceleb,dev,id00884/0oDkJ_Y9JRk/00004,00004.wav,France,France
voxceleb,dev,id00710/HOUhTWQQVBI/00003,00003.wav,Italy,Italy
voxceleb,dev,id00712/LTymdMhKINE/00012,00012.wav,Italy,Italy
voxceleb,dev,id05829/wvCWBUS3-G0/00248,00248.wav,Italy,Italy
voxceleb,dev,id06040/teN8leP1YnM/00188,00188.wav,France,France
voxceleb,dev,id02236/HrgHYS0T9IM/00087,00087.wav,France,France
voxceleb,dev,id05265/aP_3KlaD7cY/00132,00132.wav,France,France
voxceleb,dev,id00197/HAIHY0s74NQ/00014,00014.wav,The-Republic-of-Ireland,Poland
voxceleb,dev,id06061/UKqs-ysygcU/00005,00005.wav,The-United-Kingdom-1,China
voxceleb,dev,id05851/H87oyZTrHXw/00081,00081.wav,The-United-Kingdom-1,France
voxceleb,dev,id05154/6RdWPU6m978/00025,00025.wav,France,France
voxceleb,dev,id06989/QGOUR8ug-DE/00093,00093.wav,The-United-Kingdom-1,France
voxceleb,dev,id06845/DTXjeM8bmuE/00019,00019.wav,France,France
voxceleb,dev,id00569/Z8jiKqqnzJQ/00186,00186.wav,The-Republic-of-Ireland,Romania
voxceleb,dev,id08464/DpydzxAg0h8/00094,00094.wav,The-United-Kingdom-1,Croatia
voxceleb,dev,id00049/lod1Wteb6Is/00182,00182.wav,The-United-Kingdom-1,Poland
voxceleb,dev,id02391/iyAPK6aLssg/00011,00011.wav,The-United-Kingdom-1,Tanzania
voxceleb,dev,id05757/VONK-uokAlU/00158,00158.wav,India,Pakistan
voxceleb,dev,id05378/bHeAXj5cOT4/00089,00089.wav,The-United-Kingdom-1,Vietnam
voxceleb,dev,id07753/W_A67s16FsE/00049,00049.wav,Morocco,Mexico
voxceleb,dev,id01716/EeDcb8RjnXw/00071,00071.wav,France,France
voxceleb,dev,id02038/LPjnJXvkHao/00082,00082.wav,France,France
voxceleb,dev,id05757/7xcyXYykiOM/00056,00056.wav,Pakistan,Pakistan
voxceleb,dev,id05508/6rXa5Mm9l58/00003,00003.wav,The-United-Kingdom-1,France
voxceleb,dev,id05535/bBVSs7ImoPE/00088,00088.wav,The-United-States-of-America,Poland
voxceleb,dev,id01713/W4IZbwcJ-OY/00218,00218.wav,France,France
voxceleb,dev,id06577/S4bGBVxlaSU/00025,00025.wav,Italy,Serbia
voxceleb,dev,id01564/D21m5RdoDDU/00019,00019.wav,China,China
voxceleb,dev,id02609/rnvI_ZtGCoQ/00227,00227.wav,The-United-Kingdom-1,Norway
voxceleb,dev,id05401/kqaW77Sc0ZQ/00421,00421.wav,The-United-States-of-America,Czechoslovakia-former-country
voxceleb,dev,id06954/DsT5sl6xr4k/00061,00061.wav,The-United-Kingdom-1,Fiji
voxceleb,dev,id06649/di_gyNbM1Bk/00134,00134.wav,The-United-Kingdom-1,Norway
voxceleb,dev,id06218/Mu_6NZwlpyA/00023,00023.wav,Spain,Mexico
voxceleb,dev,id01921/jCKV0N9xPEM/00196,00196.wav,The-United-Kingdom-1,New-Zealand
voxceleb,dev,id05672/OsP2uLcvVSA/00068,00068.wav,The-Republic-of-Ireland,Poland
voxceleb,dev,id07140/RVR1epdvqbI/00148,00148.wav,The-United-Kingdom-1,Poland
voxceleb,dev,id06086/LYNgtGaHIAs/00015,00015.wav,Spain,Mexico
voxceleb,dev,id05538/_PCYDwqn2b4/00106,00106.wav,The-United-States-of-America,Mexico
voxceleb,dev,id00550/WSpe5GS4ZmU/00029,00029.wav,The-United-Kingdom-1,Mexico
voxceleb,dev,id06559/F1-OY16y77s/00027,00027.wav,The-United-Kingdom-1,Republic-of-North-Macedonia
voxceleb,dev,id01841/mRpPUUgQQFA/00097,00097.wav,Spain,Puerto-Rico
voxceleb,dev,id07507/6HZa_oYrWL0/00022,00022.wav,Germany,Mexico
voxceleb,dev,id03184/9VIYSnVoEow/00029,00029.wav,The-United-Kingdom-1,Zimbabwe
voxceleb,dev,id02911/16KCyBqYIpU/00006,00006.wav,United-States-of-America,Morocco
voxceleb,dev,id08377/yXkS-mAd9bE/00388,00388.wav,Colombia,Uruguay
voxceleb,dev,id08126/vdk8NzhFdhg/00111,00111.wav,Morocco,Morocco
voxceleb,dev,id02911/agqYsNFgehA/00099,00099.wav,The-United-States-of-America,Morocco
voxceleb,dev,id05194/KFSUGQ1G1DY/00064,00064.wav,The-Republic-of-Ireland,Republic-of-North-Macedonia
voxceleb,dev,id02316/p8rJQ0-6QF8/00084,00084.wav,The-United-Kingdom-1,Trinidad-and-Tobago
voxceleb,dev,id08377/S1YoVbe60HA/00332,00332.wav,The-Republic-of-Ireland,Uruguay
voxceleb,dev,id06465/A6GuIhHYr-I/00005,00005.wav,Vietnam,Vietnam
voxceleb,dev,id04984/OvWu4cP2848/00132,00132.wav,France,Guinea
voxceleb,dev,id04866/Z_o4k55yeFc/00102,00102.wav,The-United-Kingdom-1,Estonia
voxceleb,dev,id07696/UEZZa7_HvBI/00081,00081.wav,The-United-Kingdom-1,Ivory-Coast
voxceleb,dev,id04866/Z_o4k55yeFc/00083,00083.wav,The-United-Kingdom-1,Estonia
voxceleb,dev,id05358/5WBCxZSoygM/00009,00009.wav,The-United-States-of-America,South-Sudan
voxceleb,dev,id01070/yqCcqquUXoA/00186,00186.wav,The-United-Kingdom-1,Malawi
