dataset,split,sample_id,file,prediction,label
nejm,all_T=char_delete_S=3,1,image_1.jpg,D: Measles,"Hand, foot, and mouth disease"
nejm,all_T=char_delete_S=3,2,image_2.jpg,Lyme disease,Tularemia
nejm,all_T=char_delete_S=3,3,image_3.jpg,D: Lichen planus,Dermatomyositis
nejm,all_T=char_delete_S=3,4,image_4.jpg,A: Epiglottitis,Epiglottitis
nejm,all_T=char_delete_S=3,5,image_5.jpg,B: Food allergy,Frey’s syndrome
nejm,all_T=char_delete_S=3,6,image_6.jpg,A: Uniocular blindness,Hemiplegia
nejm,all_T=char_delete_S=3,7,image_7.jpg,D: Pericardial effusion,Paraesophageal hernia
nejm,all_T=char_delete_S=3,8,image_8.jpg,E: Trichobezoar,Pneumatosis intestinalis
nejm,all_T=char_delete_S=3,9,image_9.jpg,B: Separation of the pupil,Separation of the iris
nejm,all_T=char_delete_S=3,10,image_10.jpg,D: Polycystic liver disease,Polycystic liver disease
nejm,all_T=char_delete_S=3,11,image_11.jpg,A: Granulomatosis with polyangiitis (Wegener's),Lepromatous leprosy
nejm,all_T=char_delete_S=3,12,image_12.jpg,D: Chondroblastic osteosarcoma,Chondroblastic osteosarcoma
nejm,all_T=char_delete_S=3,13,image_13.jpg,A: Pseudoclubbing,Pseudoclubbing
nejm,all_T=char_delete_S=3,14,image_14.jpg,C: Primary hyperoxaluria,Primary hyperoxaluria
nejm,all_T=char_delete_S=3,15,image_15.jpg,E: Small bowel obstruction,Cecal volvulus
nejm,all_T=char_delete_S=3,16,image_16.jpg,B: Impetigo,Varicella
nejm,all_T=char_delete_S=3,17,image_17.jpg,C: Middle cerebral artery stroke,Metronidazole-associated encephalopathy
nejm,all_T=char_delete_S=3,18,image_18.jpg,B: Knife-cut ulcers from Crohn’s disease,Knife-cut ulcers from Crohn’s disease
nejm,all_T=char_delete_S=3,19,image_19.jpg,D: Right fourth cranial nerve palsy,Right sixth cranial nerve palsy
nejm,all_T=char_delete_S=3,20,image_20.jpg,B: Punctate palmoplantar keratoderma,Punctate palmoplantar keratoderma
nejm,all_T=char_delete_S=3,21,image_21.jpg,A: Arc eye,Coloboma
nejm,all_T=char_delete_S=3,22,image_22.jpg,B: Chemotherapy,Chemotherapy
nejm,all_T=char_delete_S=3,23,image_23.jpg,D: Multiple liver metastases,Multiple biliary hamartomas
nejm,all_T=char_delete_S=3,24,image_24.jpg,B: Leukemia cutis,Graft-versus-host disease
nejm,all_T=char_delete_S=3,25,image_25.jpg,A: Blastomycosis,Celiac disease
nejm,all_T=char_delete_S=3,26,image_26.jpg,A: Amelanotic melanoma,Amelanotic melanoma
nejm,all_T=char_delete_S=3,27,image_27.jpg,D: Hemolytic-uremic syndrome,Thrombotic thrombocytopenic purpura
nejm,all_T=char_delete_S=3,28,image_28.jpg,A: Intracranial hemorrhage,Meningioma
nejm,all_T=char_delete_S=3,29,image_29.jpg,D: Inguinal hernia,Metastatic inguinal lymphadenopathy
nejm,all_T=char_delete_S=3,30,image_30.jpg,B: Minocycline-induced pigmentation,Minocycline-induced pigmentation
nejm,all_T=char_delete_S=3,31,image_31.jpg,A: Pilonidal sinus,Scabies
nejm,all_T=char_delete_S=3,32,image_32.jpg,B: Osteopetrosis,Osteopetrosis
nejm,all_T=char_delete_S=3,33,image_33.jpg,D: Lipoid pneumonia,Desquamative interstitial pneumonia
nejm,all_T=char_delete_S=3,34,image_34.jpg,Factor V Leiden,Waldenstrom's macroglobulinemia
nejm,all_T=char_delete_S=3,35,image_35.jpg,E: Cutaneous leishmaniasis,Esophagogastric bypass
nejm,all_T=char_delete_S=3,36,image_36.jpg,C: Larva currens from Strongyloides,Larva currens from Strongyloides
nejm,all_T=char_delete_S=3,37,image_37.jpg,B: Emphysematous pyelonephritis,Duodenal perforation
nejm,all_T=char_delete_S=3,38,image_38.jpg,Addison’s disease,Adrenal mass
nejm,all_T=char_delete_S=3,39,image_39.jpg,A: Epidermolysis bullosa,Hereditary hemorrhagic telangiectasia
nejm,all_T=char_delete_S=3,40,image_40.jpg,D: Amaurosis fugax,Amiodarone-induced vortex keratopathy
nejm,all_T=char_delete_S=3,41,image_41.jpg,C: Metastatic adenocarcinoma,Metastatic adenocarcinoma
nejm,all_T=char_delete_S=3,42,image_42.jpg,B: Iron deficiency anemia,Babesiosis
nejm,all_T=char_delete_S=3,43,image_43.jpg,B: Entropion,Vernal keratoconjunctivitis
nejm,all_T=char_delete_S=3,44,image_44.jpg,A: Herpetic whitlow,Psoriasis
nejm,all_T=char_delete_S=3,45,image_45.jpg,C: Age-related macular degeneration,Hydroxychloroquine toxicity
nejm,all_T=char_delete_S=3,46,image_46.jpg,A: Syphilis,Torus palatinus
nejm,all_T=char_delete_S=3,47,image_47.jpg,D: Temozolomide,Dexamethasone
nejm,all_T=char_delete_S=3,48,image_48.jpg,B: Acute pancreatitis,Acute pancreatitis
nejm,all_T=char_delete_S=3,49,image_49.jpg,B: Scrofula,Bleeding into a thyroid nodule
nejm,all_T=char_delete_S=3,50,image_50.jpg,D: Pyogenic granuloma,Pyogenic granuloma
nejm,all_T=char_delete_S=3,51,image_51.jpg,B: Fall,Assault
nejm,all_T=char_delete_S=3,52,image_52.jpg,Erythema multiforme,Tuberculoid leprosy
nejm,all_T=char_delete_S=3,53,image_53.jpg,C: Thymoma,Vein-graft aneurysms
nejm,all_T=char_delete_S=3,54,image_54.jpg,D: Mutton-fat keratic precipitates,Iris atrophy
nejm,all_T=char_delete_S=3,55,image_55.jpg,A: End-stage renal disease,Iron deficiency
nejm,all_T=char_delete_S=3,56,image_56.jpg,B: Staphylococcal scalded skin syndrome,Leprosy
nejm,all_T=char_delete_S=3,57,image_57.jpg,A: Hypercholesterolemia,Hypercholesterolemia
nejm,all_T=char_delete_S=3,58,image_58.jpg,A: Chronic kidney disease,Chronic kidney disease
nejm,all_T=char_delete_S=3,59,image_59.jpg,E: Achalasia,Achalasia
nejm,all_T=char_delete_S=3,60,image_60.jpg,C: Ocular toxoplasmosis,Malignant hypertension
nejm,all_T=char_delete_S=3,61,image_61.jpg,B: Bullous impetigo,Cryptococcosis
nejm,all_T=char_delete_S=3,62,image_62.jpg,C: Lisch nodules,Lisch nodules
nejm,all_T=char_delete_S=3,63,image_63.jpg,A: Acromegaly,Acromegaly
nejm,all_T=char_delete_S=3,64,image_64.jpg,A: Left axillary vein,Left-sided superior vena cava
nejm,all_T=char_delete_S=3,65,image_65.jpg,B: Escherichia coli,Blastomyces dermatitidis
nejm,all_T=char_delete_S=3,66,image_66.jpg,A,Relapsing polychondritis
nejm,all_T=char_delete_S=3,67,image_67.jpg,C: Kaposi sarcoma,Scrofula
nejm,all_T=char_delete_S=3,68,image_68.jpg,B: Odontoid fracture (dens fracture),Traumatic spondylolisthesis of the axis (hangman’s fracture)
nejm,all_T=char_delete_S=3,69,image_69.jpg,C: Getting bitten by a sandfly,Gardening
nejm,all_T=char_delete_S=3,70,image_70.jpg,Hematoma,Melanoma
nejm,all_T=char_delete_S=3,71,image_71.jpg,D: Sporotrichosis,Actinomycosis
nejm,all_T=char_delete_S=3,72,image_72.jpg,D,Itraconazole
nejm,all_T=char_delete_S=3,73,image_73.jpg,C: Neurofibromatosis,Chiari I malformation
nejm,all_T=char_delete_S=3,74,image_74.jpg,A: Primary adrenal insufficiency (Addison’s disease),Primary adrenal insufficiency (Addison’s disease)
nejm,all_T=char_delete_S=3,75,image_75.jpg,E: Superficial pyoderma,Herpes zoster
nejm,all_T=char_delete_S=3,76,image_76.jpg,A: Staphyloma,Melanoma
nejm,all_T=char_delete_S=3,77,image_77.jpg,D: Fungal endophthalmitis,Fungal endophthalmitis
nejm,all_T=char_delete_S=3,78,image_78.jpg,E: Urticaria,Urticaria
nejm,all_T=char_delete_S=3,79,image_79.jpg,C,Gastrospenic fistulization
nejm,all_T=char_delete_S=3,80,image_80.jpg,D: Neonatal hyperbilirubinemia,Neonatal hyperbilirubinemia
nejm,all_T=char_delete_S=3,81,image_81.jpg,D: Lichen planus,Lichen planus
nejm,all_T=char_delete_S=3,82,image_82.jpg,B: Hydrocele,Inguinal hernia
nejm,all_T=char_delete_S=3,83,image_83.jpg,D: Insulin-induced lipohypertrophy,Insulin-induced lipohypertrophy
nejm,all_T=char_delete_S=3,84,image_84.jpg,B: Cessation of nitrofurantoin,Cessation of nitrofurantoin
nejm,all_T=char_delete_S=3,85,image_85.jpg,D: Fixed drug eruption,Fixed drug eruption
nejm,all_T=char_delete_S=3,86,image_86.jpg,C,Giant right atrium
nejm,all_T=char_delete_S=3,87,image_87.jpg,Leprosy,Lupus pernio
nejm,all_T=char_delete_S=3,88,image_88.jpg,C: Sickle cell disease,Von Hippel-Lindau disease
nejm,all_T=char_delete_S=3,89,image_89.jpg,B: Epidermoid cyst,Myiasis
nejm,all_T=char_delete_S=3,90,image_90.jpg,E: Left testicular torsion,Left testicular torsion
nejm,all_T=char_delete_S=3,91,image_91.jpg,A: Pulmonary hypertension,Pulmonary hypertension
nejm,all_T=char_delete_S=3,92,image_92.jpg,C,Metastasis of colorectal cancer
nejm,all_T=char_delete_S=3,93,image_93.jpg,C: Mycobacterium marinum,Mycobacterium marinum
nejm,all_T=char_delete_S=3,94,image_94.jpg,D: Periodontal abscess,Syphilitic gumma
nejm,all_T=char_delete_S=3,95,image_95.jpg,D: Osteopetrosis,Gaucher's disease
nejm,all_T=char_delete_S=3,96,image_96.jpg,B: Ischemic acute tubular necrosis,Cholesterol crystal embolization
nejm,all_T=char_delete_S=3,97,image_97.jpg,E: Condyloma acuminatum,Pearly penile papules
nejm,all_T=char_delete_S=3,98,image_98.jpg,D: Polyarteritis nodosa,Polyarteritis nodosa
nejm,all_T=char_delete_S=3,99,image_99.jpg,A: End-stage renal disease,End-stage renal disease
nejm,all_T=char_delete_S=3,100,image_100.jpg,A: Ruptured biceps tendon,Abscess
nejm,all_T=char_delete_S=3,101,image_101.jpg,A: Impetigo,Eczema herpeticum
nejm,all_T=char_delete_S=3,102,image_102.jpg,E: Warm autoimmune hemolytic anemia,Cold agglutinin syndrome
nejm,all_T=char_delete_S=3,103,image_103.jpg,A: Calciphylaxis,Scrotal calcinosis
nejm,all_T=char_delete_S=3,104,image_104.jpg,A: Takayasu’s arteritis,Takayasu’s arteritis
nejm,all_T=char_delete_S=3,105,image_105.jpg,A: Acalculous cholecystitis,Gallbladder volvulus
nejm,all_T=char_delete_S=3,106,image_106.jpg,D: Transitional-cell carcinoma,Bladder diverticula
nejm,all_T=char_delete_S=3,107,image_107.jpg,A: Acute necrotizing pancreatitis,Gastrogastric intussusception
nejm,all_T=char_delete_S=3,108,image_108.jpg,A: Diverticulosis,Pneumatosis cystoides coli
nejm,all_T=char_delete_S=3,109,image_109.jpg,A: Prompt coronary revascularization,Pericardiocentesis
nejm,all_T=char_delete_S=3,110,image_110.jpg,A: Poststreptococcal pustulosis,Poststreptococcal pustulosis
nejm,all_T=char_delete_S=3,111,image_111.jpg,C: Osteoarthritis,Osteoarthritis
nejm,all_T=char_delete_S=3,112,image_112.jpg,A: Antrochoanal polyp,Antrochoanal polyp
nejm,all_T=char_delete_S=3,113,image_113.jpg,D: Trypanosomiasis,Trypanosomiasis
nejm,all_T=char_delete_S=3,114,image_114.jpg,D: Emphysematous cholecystitis,Emphysematous cholecystitis
nejm,all_T=char_delete_S=3,115,image_115.jpg,D: Peutz-Jeghers syndrome,Peutz-Jeghers syndrome
nejm,all_T=char_delete_S=3,116,image_116.jpg,E: Tuberculous lymphadenitis,Chronic granulomatous disease
nejm,all_T=char_delete_S=3,117,image_117.jpg,C: Iron deficiency,Decompensated cirrhosis
nejm,all_T=char_delete_S=3,118,image_118.jpg,A: Gastric bypass,Gastric bypass
nejm,all_T=char_delete_S=3,119,image_119.jpg,C: Drug eruption,Sweet’s syndrome
nejm,all_T=char_delete_S=3,120,image_120.jpg,B: Type II hypersensitivity reaction,Type III hypersensitivity reaction
nejm,all_T=char_delete_S=3,121,image_121.jpg,C: Dipeptidyl-peptidase 4 inhibitor,Alpha-glucosidase inhibitor
nejm,all_T=char_delete_S=3,122,image_122.jpg,B: Glioblastoma multiforme,Thrombosed intracranial aneurysm
nejm,all_T=char_delete_S=3,123,image_123.jpg,D: Multiple sclerosis,Multiple sclerosis
nejm,all_T=char_delete_S=3,124,image_124.jpg,D: Penicillin allergy,Ludwig's angina
nejm,all_T=char_delete_S=3,125,image_125.jpg,D: Tinea corporis,Syphilis
nejm,all_T=char_delete_S=3,126,image_126.jpg,A: Cytomegalovirus retinitis,Malignant hypertension
nejm,all_T=char_delete_S=3,127,image_127.jpg,C: Praziquantel,Praziquantel
nejm,all_T=char_delete_S=3,128,image_128.jpg,E,Pemphigoid gestationis
nejm,all_T=char_delete_S=3,129,image_129.jpg,A: Basal-cell carcinoma,Squamous-cell carcinoma
nejm,all_T=char_delete_S=3,130,image_130.jpg,E: Small-bowel volvulus,Small-bowel volvulus
nejm,all_T=char_delete_S=3,131,image_131.jpg,Toxic shock syndrome,Toxic shock syndrome
nejm,all_T=char_delete_S=3,132,image_132.jpg,C: Epiglottitis,Epiglottitis
nejm,all_T=char_delete_S=3,133,image_133.jpg,A: Chronic renal failure,Chemotherapy treatment
nejm,all_T=char_delete_S=3,134,image_134.jpg,A: Air embolism,Air embolism
nejm,all_T=char_delete_S=3,135,image_135.jpg,C,Vitamin A deficiency
nejm,all_T=char_delete_S=3,136,image_136.jpg,D: Orf,Anthrax
nejm,all_T=char_delete_S=3,137,image_137.jpg,C: Pulmonary sarcoidosis,Eosinophilic bronchitis
nejm,all_T=char_delete_S=3,138,image_138.jpg,E: MYC,JAK2
nejm,all_T=char_delete_S=3,139,image_139.jpg,A: Bullous pemphigoid,Scleroderma
nejm,all_T=char_delete_S=3,140,image_140.jpg,A: Benign prostatic hypertrophy,Emphysematous prostatitis
nejm,all_T=char_delete_S=3,141,image_141.jpg,C,Nitrous oxide
nejm,all_T=char_delete_S=3,142,image_142.jpg,A: Closed-angle glaucoma,Malignant hypertension
nejm,all_T=char_delete_S=3,143,image_143.jpg,Nocardiosis,Actinomycosis
nejm,all_T=char_delete_S=3,144,image_144.jpg,D: Small-bowel obstruction,Sigmoid volvulus
nejm,all_T=char_delete_S=3,145,image_145.jpg,Intussusception,Gastric pneumatosis
nejm,all_T=char_delete_S=3,146,image_146.jpg,A: Conjunctival squamous-cell carcinoma,Conjunctival squamous-cell carcinoma
nejm,all_T=char_delete_S=3,147,image_147.jpg,E: Pruritic plaques of pregnancy,Herpes gestationis
nejm,all_T=char_delete_S=3,148,image_148.jpg,C: Dyshidrotic eczema,Aquagenic keratoderma
nejm,all_T=char_delete_S=3,149,image_149.jpg,C: Keloid,Scrotal calcinosis
nejm,all_T=char_delete_S=3,150,image_150.jpg,A: Vocal-cord granuloma,Carcinoma
nejm,all_T=char_delete_S=3,151,image_151.jpg,C: Central retinal vein occlusion,Lipemia retinalis
nejm,all_T=char_delete_S=3,152,image_152.jpg,A: Amyloidosis,Lead poisoning
nejm,all_T=char_delete_S=3,153,image_153.jpg,A: Tetracyclines,Tetracyclines
nejm,all_T=char_delete_S=3,154,image_154.jpg,A: Recurrent pulmonary emboli,Thoracic endometriosis
nejm,all_T=char_delete_S=3,155,image_155.jpg,C: Calcium oxalate,Calcium phosphate
nejm,all_T=char_delete_S=3,156,image_156.jpg,Keratoglobus,Keratoconus
nejm,all_T=char_delete_S=3,157,image_157.jpg,B: Rheumatoid arthritis,Gout
nejm,all_T=char_delete_S=3,158,image_158.jpg,C: Left hypoglossal nerve,Left hypoglossal nerve
nejm,all_T=char_delete_S=3,159,image_159.jpg,A: Erythema gyratum repens,Tinea imbricata
nejm,all_T=char_delete_S=3,160,image_160.jpg,C: Mosquito,Mosquito
nejm,all_T=char_delete_S=3,161,image_161.jpg,C: Pellagra,Treatment with bleomycin
nejm,all_T=char_delete_S=3,162,image_162.jpg,C: Langerhans-cell histiocytosis,Langerhans-cell histiocytosis
nejm,all_T=char_delete_S=3,163,image_163.jpg,C: Retinoschisis,Cholesterol embolism
nejm,all_T=char_delete_S=3,164,image_164.jpg,A: Squamous-cell carcinoma,Squamous-cell carcinoma
nejm,all_T=char_delete_S=3,165,image_165.jpg,C,Renal cryptococcosis
nejm,all_T=char_delete_S=3,166,image_166.jpg,B: Ingrown toenail,Tungiasis
nejm,all_T=char_delete_S=3,167,image_167.jpg,Hypothyroidism,Coronary artery disease
nejm,all_T=char_delete_S=3,168,image_168.jpg,D: Liver abscess,Liver abscess
nejm,all_T=char_delete_S=3,169,image_169.jpg,A: Hydrocolpos,Hydrocolpos
nejm,all_T=char_delete_S=3,170,image_170.jpg,D: Hemianopia,Hemiparesis
nejm,all_T=char_delete_S=3,171,image_171.jpg,D: Punctate psoriasis,Keratoderma
nejm,all_T=char_delete_S=3,172,image_172.jpg,Acute promyelocytic leukemia,Parvovirus B19 infection
nejm,all_T=char_delete_S=3,173,image_173.jpg,A: Takayasu's arteritis,Polyarteritis nodosa
nejm,all_T=char_delete_S=3,174,image_174.jpg,E: Mid-gut volvulus,Pyloric stenosis
nejm,all_T=char_delete_S=3,175,image_175.jpg,HIV IgM antibody,HIV nucleic acid test
nejm,all_T=char_delete_S=3,176,image_176.jpg,A: Urate,Oxalate
nejm,all_T=char_delete_S=3,177,image_177.jpg,E: Varicella-zoster infection,Pemphigus vulgaris
nejm,all_T=char_delete_S=3,178,image_178.jpg,Toxoplasma gondii,Trypanosoma brucei
nejm,all_T=char_delete_S=3,179,image_179.jpg,D: Cholesterol Embolism,Drug-Eluting Bead Embolism
nejm,all_T=char_delete_S=3,180,image_180.jpg,D: Toxocara canis,Dirofilaria repens
nejm,all_T=char_delete_S=3,181,image_181.jpg,E: Thromboembolic disease,Giant-cell arteritis
nejm,all_T=char_delete_S=3,182,image_182.jpg,C: Pillar fracture,Atlanto-occipital dislocation
nejm,all_T=char_delete_S=3,183,image_183.jpg,B: Cutaneous anthrax,Chickenpox
nejm,all_T=char_delete_S=3,184,image_184.jpg,D: Zenker’s diverticulum,Bronchoesophageal fistula
nejm,all_T=char_delete_S=3,185,image_185.jpg,E: Williams syndrome,Turner syndrome
nejm,all_T=char_delete_S=3,186,image_186.jpg,Rickets,Paget's disease
nejm,all_T=char_delete_S=3,187,image_187.jpg,A: Aphthous stomatitis,Squamous-cell carcinoma
nejm,all_T=char_delete_S=3,188,image_188.jpg,C: Calcium hydroxyapatite deposition disease,Mycobacterial tenosynovitis due to Mycobacterium avium complex
nejm,all_T=char_delete_S=3,189,image_189.jpg,B: Osteitis fibrosa,Calcinos
nejm,all_T=char_delete_S=3,190,image_190.jpg,Cavernous hemangioma,Lipoma
nejm,all_T=char_delete_S=3,191,image_191.jpg,A: Kawasaki's disease,Kawasaki's disease
nejm,all_T=char_delete_S=3,192,image_192.jpg,C: Pulmonary silicosis,Multiple bacterial abscesses
nejm,all_T=char_delete_S=3,193,image_193.jpg,D,Hidradenitis suppurativa
nejm,all_T=char_delete_S=3,194,image_194.jpg,E: Thyrotropin receptor antibodies,Thyrotropin receptor antibodies
nejm,all_T=char_delete_S=3,195,image_195.jpg,Toxocariasis,Loa loa
nejm,all_T=char_delete_S=3,196,image_196.jpg,A: Achalasia,Pneumopericardium
nejm,all_T=char_delete_S=3,197,image_197.jpg,Erythema marginatum,Erythema marginatum
nejm,all_T=char_delete_S=3,198,image_198.jpg,D: Serpentine supravenous hyperpigmentation,Serpentine supravenous hyperpigmentation
nejm,all_T=char_delete_S=3,199,image_199.jpg,D: Psoriasis,Tinea
nejm,all_T=char_delete_S=3,200,image_200.jpg,E,Light-near dissociation
nejm,all_T=char_delete_S=3,201,image_201.jpg,C: Rib metastases,Supernumerary rib
nejm,all_T=char_delete_S=3,202,image_202.jpg,C: Granulomatosis with polyangiitis,Polychondritis
nejm,all_T=char_delete_S=3,203,image_203.jpg,D: Hemophagocytosis of sickle cells,Hemophagocytosis of sickle cells
nejm,all_T=char_delete_S=3,204,image_204.jpg,B: Addison's disease,Hypogonadism
nejm,all_T=char_delete_S=3,205,image_205.jpg,A: Aortic aneurysm,Esophageal diverticulum
nejm,all_T=char_delete_S=3,206,image_206.jpg,Ehlers-Danlos syndrome,Pseudoxanthoma elasticum
nejm,all_T=char_delete_S=3,207,image_207.jpg,A: Infective endocarditis,Hereditary hemorrhagic telangiectasia
nejm,all_T=char_delete_S=3,208,image_208.jpg,A: Aortic and mitral valves,Aortic and mitral valves
nejm,all_T=char_delete_S=3,209,image_209.jpg,D: Osteoarthritis,Albright's hereditary osteodystrophy
nejm,all_T=char_delete_S=3,210,image_210.jpg,D: Herpetic whitlow,Polyarteritis nodosa
nejm,all_T=char_delete_S=3,211,image_211.jpg,C: Osteogenesis imperfecta,Osteogenesis imperfecta
nejm,all_T=char_delete_S=3,212,image_212.jpg,A: Normal-pressure hydrocephalus,Normal-pressure hydrocephalus
nejm,all_T=char_delete_S=3,213,image_213.jpg,A: Elevated opening pressure,Elevated opening pressure
nejm,all_T=char_delete_S=3,214,image_214.jpg,Insulin resistance,Insulin resistance
nejm,all_T=char_delete_S=3,215,image_215.jpg,A: Cushing's syndrome,Electrocution
nejm,all_T=char_delete_S=3,216,image_216.jpg,D: Cysticercosis,Cysticercosis
nejm,all_T=char_delete_S=3,217,image_217.jpg,C: Giardiasis,Leptospirosis
nejm,all_T=char_delete_S=3,218,image_218.jpg,C: Necrobiosis lipoidica diabeticorum,Ischemic gangrene
nejm,all_T=char_delete_S=3,219,image_219.jpg,C: Inflammatory breast cancer,Carcinoma en cuirasse
nejm,all_T=char_delete_S=3,220,image_220.jpg,C: Impetigo,Scabies
nejm,all_T=char_delete_S=3,221,image_221.jpg,C: Ground-glass opacity,Air bronchogram
nejm,all_T=char_delete_S=3,222,image_222.jpg,B: Echinococcal cysts,Echinococcal cysts
nejm,all_T=char_delete_S=3,223,image_223.jpg,D: Chondrocalcinosis,Chondrocalcinosis
nejm,all_T=char_delete_S=3,224,image_224.jpg,B: Myocarditis,Stenosis of the left anterior descending artery
nejm,all_T=char_delete_S=3,225,image_225.jpg,A: African trypanosomiasis,Papillomatosis cutis lymphostatica
nejm,all_T=char_delete_S=3,226,image_226.jpg,A: Ovarian torsion,Fallopian tube torsion
nejm,all_T=char_delete_S=3,227,image_227.jpg,A: Rhinophyma,Rhinophyma
nejm,all_T=char_delete_S=3,228,image_228.jpg,B: Dermoid,Dermoid
nejm,all_T=char_delete_S=3,229,image_229.jpg,D: Erythrodermic psoriasis,Erythrodermic psoriasis
nejm,all_T=char_delete_S=3,230,image_230.jpg,B: Pinguecula,Prolapse of orbital fat
nejm,all_T=char_delete_S=3,231,image_231.jpg,B: Poland syndrome,Poland syndrome
nejm,all_T=char_delete_S=3,232,image_232.jpg,E: Lingua villosa nigra,Lingua villosa nigra
nejm,all_T=char_delete_S=3,233,image_233.jpg,A: Diaphragm,Intercostal muscle
nejm,all_T=char_delete_S=3,234,image_234.jpg,D: Gastric cancer,Gastric cancer
nejm,all_T=char_delete_S=3,235,image_235.jpg,C,Somatotropic pituitary adenoma
nejm,all_T=char_delete_S=3,236,image_236.jpg,C: Measles,Treponema pallidum
nejm,all_T=char_delete_S=3,237,image_237.jpg,B,Leukemic infiltration of the gingiva
nejm,all_T=char_delete_S=3,238,image_238.jpg,B: Necrobiosis lipoidica diabeticorum,Necrolytic migratory erythema
nejm,all_T=char_delete_S=3,239,image_239.jpg,C: Closed-angle glaucoma,Waldenström’s macroglobulinemia
nejm,all_T=char_delete_S=3,240,image_240.jpg,B: Straddle pelvic fracture,Open-book fracture
nejm,all_T=char_delete_S=3,241,image_241.jpg,E: Impetigo,Tinea barbae
nejm,all_T=char_delete_S=3,242,image_242.jpg,D: Herpetic whitlow,Herpetic whitlow
nejm,all_T=char_delete_S=3,243,image_243.jpg,A: Uterine fibroid,Urinary retention
nejm,all_T=char_delete_S=3,244,image_244.jpg,D: Pneumothorax,Pneumothorax
nejm,all_T=char_delete_S=3,245,image_245.jpg,E: Persistent pupillary membranes,Persistent pupillary membranes
nejm,all_T=char_delete_S=3,246,image_246.jpg,C: Pilar cyst,Odontogenic cutaneous fistula
nejm,all_T=char_delete_S=3,247,image_247.jpg,D: Lipodermatosclerosis,Superficial thrombophlebitis
nejm,all_T=char_delete_S=3,248,image_248.jpg,D: Molluscum contagiosum,Molluscum contagiosum
nejm,all_T=char_delete_S=3,249,image_249.jpg,A: Cutaneous leishmaniasis,Cutaneous leishmaniasis
nejm,all_T=char_delete_S=3,250,image_250.jpg,Giant-cell arteritis,Giant-cell arteritis
nejm,all_T=char_delete_S=3,251,image_251.jpg,B: Antisynthetase syndrome,Antisynthetase syndrome
nejm,all_T=char_delete_S=3,252,image_252.jpg,E: Tinea corporis,Nummular eczema
nejm,all_T=char_delete_S=3,253,image_253.jpg,B: Cellulitis,Acute lymphangitis
nejm,all_T=char_delete_S=3,254,image_254.jpg,A: Cavernous sinus thrombosis,Rheumatoid arthritis
nejm,all_T=char_delete_S=3,255,image_255.jpg,A: Sublingual epidermoid cyst,Sublingual epidermoid cyst
nejm,all_T=char_delete_S=3,256,image_256.jpg,D: Reiter syndrome,Sarcoidosis
nejm,all_T=char_delete_S=3,257,image_257.jpg,A: Chancroid,Syphilis
nejm,all_T=char_delete_S=3,258,image_258.jpg,A,Foreign bodies that have been present for longer than 24 hours
nejm,all_T=char_delete_S=3,259,image_259.jpg,A: Digitalis intoxication,Cardiac allograft
nejm,all_T=char_delete_S=3,260,image_260.jpg,C: Phlegmasia cerulea dolens,Phlegmasia cerulea dolens
nejm,all_T=char_delete_S=3,261,image_261.jpg,A: Scarlet fever,Measles
nejm,all_T=char_delete_S=3,262,image_262.jpg,C: Herpetic keratitis,Vernal conjunctivitis
nejm,all_T=char_delete_S=3,263,image_263.jpg,E: Pericardial space,Left ventricle
nejm,all_T=char_delete_S=3,264,image_264.jpg,C: Cytology,Bilirubin
nejm,all_T=char_delete_S=3,265,image_265.jpg,E: Ulcerative colitis,Eisenmenger's syndrome
nejm,all_T=char_delete_S=3,266,image_266.jpg,E: Polycystic kidney disease,Page kidney
nejm,all_T=char_delete_S=3,267,image_267.jpg,A: Gastric outlet obstruction,Ulcerative colitis
nejm,all_T=char_delete_S=3,268,image_268.jpg,A: Geographic tongue,Geographic tongue
nejm,all_T=char_delete_S=3,269,image_269.jpg,D: Multiple Myeloma,Bone marrow necrosis
nejm,all_T=char_delete_S=3,270,image_270.jpg,D: Permethrin,Permethrin
nejm,all_T=char_delete_S=3,271,image_271.jpg,Cushing's syndrome,Hypothyroidism
nejm,all_T=char_delete_S=3,272,image_272.jpg,E: Preeclampsia,Preeclampsia
nejm,all_T=char_delete_S=3,273,image_273.jpg,B,Intestinal lipomatosis
nejm,all_T=char_delete_S=3,274,image_274.jpg,C: Cholesterol emboli,Cholesterol emboli
nejm,all_T=char_delete_S=3,275,image_275.jpg,B: Bullous pemphigoid,Herpes zoster
nejm,all_T=char_delete_S=3,276,image_276.jpg,Sporotrichosis,Sporotrichosis
nejm,all_T=char_delete_S=3,277,image_277.jpg,A: Central retinal artery occlusion,Central retinal artery occlusion
nejm,all_T=char_delete_S=3,278,image_278.jpg,D: Uterine fibroids,Hematometrocolpos
nejm,all_T=char_delete_S=3,279,image_279.jpg,C: Chronic obstructive airways disease,Superior vena cava syndrome
nejm,all_T=char_delete_S=3,280,image_280.jpg,B: Chronic renal failure,Cirrhosis
nejm,all_T=char_delete_S=3,281,image_281.jpg,A,Ménétrier’s disease
nejm,all_T=char_delete_S=3,282,image_282.jpg,B: Pseudothrombocytopenia due to plate clumping associated with EDTA,Pseudothrombocytosis due to red cell fragments
nejm,all_T=char_delete_S=3,283,image_283.jpg,A: Anterior uveitis,Carotid cavernous sinus fistula
nejm,all_T=char_delete_S=3,284,image_284.jpg,C: Cystic fibrosis,Plastic bronchitis
nejm,all_T=char_delete_S=3,285,image_285.jpg,A: Endometrioma,Intraabdominal cancer
nejm,all_T=char_delete_S=3,286,image_286.jpg,B: Blepharitis,Rosacea
nejm,all_T=char_delete_S=3,287,image_287.jpg,A: Abdominal aortic aneurysm,Urachal mucinous cystic tumor
nejm,all_T=char_delete_S=3,288,image_288.jpg,Quadriplegia,Quadriplegia
nejm,all_T=char_delete_S=3,289,image_289.jpg,D: Retinitis pigmentosa,Marfan’s syndrome
nejm,all_T=char_delete_S=3,290,image_290.jpg,D: Sclerosing sialadenitis,Sclerosing sialadenitis
nejm,all_T=char_delete_S=3,291,image_291.jpg,E: Cardiac amyloidosis,Angiosarcoma
nejm,all_T=char_delete_S=3,292,image_292.jpg,A: Chronic venous insufficiency,Chronic venous insufficiency
nejm,all_T=char_delete_S=3,293,image_293.jpg,A: Parulis,Torus mandibularis
nejm,all_T=char_delete_S=3,294,image_294.jpg,B: Oral candidiasis,Spindle-cell sarcoma
nejm,all_T=char_delete_S=3,295,image_295.jpg,Spleen,Stomach
nejm,all_T=char_delete_S=3,296,image_296.jpg,D: Cogan’s syndrome,Cogan’s syndrome
nejm,all_T=char_delete_S=3,297,image_297.jpg,E: Theophylline,Ipratropium
nejm,all_T=char_delete_S=3,298,image_298.jpg,A: Diabetic bullae,Eruptive xanthomas
nejm,all_T=char_delete_S=3,299,image_299.jpg,B: Mumps,Iodide-associated sialadenitis
nejm,all_T=char_delete_S=3,300,image_300.jpg,C: Fungal peritonitis,Encapsulating peritoneal sclerosis
nejm,all_T=char_delete_S=3,301,image_301.jpg,E: Red-cell transketolase,Calcitonin
nejm,all_T=char_delete_S=3,302,image_302.jpg,Acromegaly,Primary hypertrophic osteoarthropathy
nejm,all_T=char_delete_S=3,303,image_303.jpg,A: Congenital cytomegalovirus infection,Congenital cytomegalovirus infection
nejm,all_T=char_delete_S=3,304,image_304.jpg,A: Cardiac tamponade,Right coronary artery occlusion
nejm,all_T=char_delete_S=3,305,image_305.jpg,E,Tracheal agenesis with bronchoesophageal fistula
nejm,all_T=char_delete_S=3,306,image_306.jpg,A: 17-hydroxyprogesterone,Angiotensin-converting enzyme
nejm,all_T=char_delete_S=3,307,image_307.jpg,D: Shingles,Neurofibromatosis
nejm,all_T=char_delete_S=3,308,image_308.jpg,A: Measles,Systemic lupus erythematosus
nejm,all_T=char_delete_S=3,309,image_309.jpg,D: Granulomatosis with polyangiitis,Granulomatosis with polyangiitis
nejm,all_T=char_delete_S=3,310,image_310.jpg,C: Rhabdomyolysis,Ethylene glycol poisoning
nejm,all_T=char_delete_S=3,311,image_311.jpg,C: Meckel's diverticulum,Ascariasis
nejm,all_T=char_delete_S=3,312,image_312.jpg,A: Group A streptococcus,Group A streptococcus
nejm,all_T=char_delete_S=3,313,image_313.jpg,D: Retinoblastoma,Shaken-baby syndrome
nejm,all_T=char_delete_S=3,314,image_314.jpg,E,Exanthematous pustulosis
nejm,all_T=char_delete_S=3,315,image_315.jpg,B: Infectious mononucleosis,Rubella
nejm,all_T=char_delete_S=3,316,image_316.jpg,D,Cutaneous leishmaniasis
nejm,all_T=char_delete_S=3,317,image_317.jpg,D: Radiation dermatitis,Thrombotic vasculopathy
nejm,all_T=char_delete_S=3,318,image_318.jpg,A: Hand-foot-mouth disease,Herpes simplex virus infection
nejm,all_T=char_delete_S=3,319,image_319.jpg,D: Eosinophilic esophagitis,Eosinophilic esophagitis
nejm,all_T=char_delete_S=3,320,image_320.jpg,D: Pharyngeal foreign body,Prevertebral air
nejm,all_T=char_delete_S=3,321,image_321.jpg,C: Chickens,Cats
nejm,all_T=char_delete_S=3,322,image_322.jpg,D: Lymphoma,Histoplasmosis
nejm,all_T=char_delete_S=3,323,image_323.jpg,Paragonimiasis,Paragonimiasis
nejm,all_T=char_delete_S=3,324,image_324.jpg,C,Fibromuscular dysplasia
nejm,all_T=char_delete_S=3,325,image_325.jpg,A: Condylomata acuminata,Condylomata lata
nejm,all_T=char_delete_S=3,326,image_326.jpg,B: Adrenal insufficiency,Adrenal insufficiency
nejm,all_T=char_delete_S=3,327,image_327.jpg,E: Vitamin B12 deficiency,Vitamin B12 deficiency
nejm,all_T=char_delete_S=3,328,image_328.jpg,A: Lichen planus,Ostraceous psoriasis
nejm,all_T=char_delete_S=3,329,image_329.jpg,D: Condyloma acuminatum,Squamous-cell carcinoma
nejm,all_T=char_delete_S=3,330,image_330.jpg,E: Conn’s syndrome,Primary adrenal lymphoma
nejm,all_T=char_delete_S=3,331,image_331.jpg,A: Spider angioma,Spider angioma
nejm,all_T=char_delete_S=3,332,image_332.jpg,A: Actinomycetoma,Actinomycetoma
nejm,all_T=char_delete_S=3,333,image_333.jpg,D: Malignant melanoma,Halo nevus
nejm,all_T=char_delete_S=3,334,image_334.jpg,D: Amiodarone-induced skin discoloration,Amiodarone-induced skin discoloration
nejm,all_T=char_delete_S=3,335,image_335.jpg,A: Leukemia,Leukemia
nejm,all_T=char_delete_S=3,336,image_336.jpg,D: Rocky Mountain spotted fever,Tickborne relapsing fever
nejm,all_T=char_delete_S=3,337,image_337.jpg,D: Tinea versicolor,Erythema gyratum repens
nejm,all_T=char_delete_S=3,338,image_338.jpg,C: Deep venous thrombosis,Deep venous thrombosis
nejm,all_T=char_delete_S=3,339,image_339.jpg,D: Bronchiolitis,Bordetella pertussis
nejm,all_T=char_delete_S=3,340,image_340.jpg,D: Ischemic colitis,Ingestion of a heavy metal
nejm,all_T=char_delete_S=3,341,image_341.jpg,E: Tophaceous gout,Tophaceous gout
nejm,all_T=char_delete_S=3,342,image_342.jpg,D: Dumping syndrome,Internal hernia
nejm,all_T=char_delete_S=3,343,image_343.jpg,E: Sigmoid volvulus,Colocolonic intussusception
nejm,all_T=char_delete_S=3,344,image_344.jpg,D: Renal cortical necrosis,Cholesterol crystals
nejm,all_T=char_delete_S=3,345,image_345.jpg,A: Aortic dissection,Pulmonary-artery dissection
nejm,all_T=char_delete_S=3,346,image_346.jpg,E: Scleroderma,Beta-thalassemia
nejm,all_T=char_delete_S=3,347,image_347.jpg,C,"Consumption of undercooked, infected beef"
nejm,all_T=char_delete_S=3,348,image_348.jpg,D: Pemphigus vulgaris,Neutrophilic dermatosis
nejm,all_T=char_delete_S=3,349,image_349.jpg,B: Calcium,Alkaline phosphatase
nejm,all_T=char_delete_S=3,350,image_350.jpg,E: Perforated viscus,Ogilvie’s syndrome
nejm,all_T=char_delete_S=3,351,image_351.jpg,A: Age-related macular degeneration,Toxoplasmosis
nejm,all_T=char_delete_S=3,352,image_352.jpg,A,Fluorouracil side effect
nejm,all_T=char_delete_S=3,353,image_353.jpg,C: Epidermoid cyst,Furuncular myiasis
nejm,all_T=char_delete_S=3,354,image_354.jpg,C: Sarcoidosis,Sarcoidosis
nejm,all_T=char_delete_S=3,355,image_355.jpg,A: Herpes simplex keratitis,Radial keratotomy
nejm,all_T=char_delete_S=3,356,image_356.jpg,B: Uterine perforation,Uterine perforation
nejm,all_T=char_delete_S=3,357,image_357.jpg,C,Creutzfeld-Jakob disease
nejm,all_T=char_delete_S=3,358,image_358.jpg,Pneumoconiosis,Tobacco
nejm,all_T=char_delete_S=3,359,image_359.jpg,C: Metastatic lung cancer,Metastatic lung cancer
nejm,all_T=char_delete_S=3,360,image_360.jpg,C: Radiation-induced angiosarcoma,Radiation-induced angiosarcoma
nejm,all_T=char_delete_S=3,361,image_361.jpg,C,Atopic eruption of pregnancy
nejm,all_T=char_delete_S=3,362,image_362.jpg,B: Folate,Niacin
nejm,all_T=char_delete_S=3,363,image_363.jpg,Hypersplenism,Spur-cell hemolytic anemia
nejm,all_T=char_delete_S=3,364,image_364.jpg,A: Cutaneous larva migrans,Cutaneous larva migrans
nejm,all_T=char_delete_S=3,365,image_365.jpg,E: Haemophilus ducreyi infection,Treponema pallidum infection
nejm,all_T=char_delete_S=3,366,image_366.jpg,A: Insect bite,Insect bite
nejm,all_T=char_delete_S=3,367,image_367.jpg,A: Aorta,Diaphragm
nejm,all_T=char_delete_S=3,368,image_368.jpg,Pneumothorax,Lung herniation
nejm,all_T=char_delete_S=3,369,image_369.jpg,C: Ovarian teratoma,Spinal dysraphism
nejm,all_T=char_delete_S=3,370,image_370.jpg,A: Nascent hemangioma of infancy,Infant harlequin syndrome
nejm,all_T=char_delete_S=3,371,image_371.jpg,A: Dental abscess,Mandibular fracture
nejm,all_T=char_delete_S=3,372,image_372.jpg,D: Panniculitis,Panniculitis
nejm,all_T=char_delete_S=3,373,image_373.jpg,B: Henoch–Schönlein purpura,Peutz–Jeghers syndrome
nejm,all_T=char_delete_S=3,374,image_374.jpg,E: Ludwig's angina,Secondary syphilis
nejm,all_T=char_delete_S=3,375,image_375.jpg,D: Inverted Q wave,Osborn wave
nejm,all_T=char_delete_S=3,376,image_376.jpg,E: Kawasaki disease,Staphylococcal scalded skin
nejm,all_T=char_delete_S=3,377,image_377.jpg,D: Insulin lipohypertrophy,Insulin lipohypertrophy
nejm,all_T=char_delete_S=3,378,image_378.jpg,B,Actinic granuloma
nejm,all_T=char_delete_S=3,379,image_379.jpg,D: Neurocysticercosis,Cystic echinococcosis
nejm,all_T=char_delete_S=3,380,image_380.jpg,A: Alcohol dependency,Alcohol dependency
nejm,all_T=char_delete_S=3,381,image_381.jpg,D,Lisch nodules
nejm,all_T=char_delete_S=3,382,image_382.jpg,C: Manganese,Zinc
nejm,all_T=char_delete_S=3,383,image_383.jpg,E: Monocytosis,Eosinophilia
nejm,all_T=char_delete_S=3,384,image_384.jpg,C: Lupus retinal vasculitis,Antiphospholipid syndrome
nejm,all_T=char_delete_S=3,385,image_385.jpg,D: Subarachnoid hemorrhage,Epidural hematoma
nejm,all_T=char_delete_S=3,386,image_386.jpg,B: Obstipation,Trichobezoar
nejm,all_T=char_delete_S=3,387,image_387.jpg,B: Metastatic melanoma,Osteomalacia
nejm,all_T=char_delete_S=3,388,image_388.jpg,C,Lymphoma
nejm,all_T=char_delete_S=3,389,image_389.jpg,C: Serum calcium,Bone scan
nejm,all_T=char_delete_S=3,390,image_390.jpg,A: Gastric cancer,Gastric cancer
nejm,all_T=char_delete_S=3,391,image_391.jpg,A: Drug-induced reaction,Malakoplakia
nejm,all_T=char_delete_S=3,392,image_392.jpg,D: Prolactinoma,Prolactinoma
nejm,all_T=char_delete_S=3,393,image_393.jpg,C,Systemic lupus erythematosus
nejm,all_T=char_delete_S=3,394,image_394.jpg,B: Intravitreal hemorrhage,Traumatic bleb
nejm,all_T=char_delete_S=3,395,image_395.jpg,A: Soft-tissue calcinosis,Soft-tissue calcinosis
nejm,all_T=char_delete_S=3,396,image_396.jpg,A: Verruca vulgaris,Chromoblastomycosis
nejm,all_T=char_delete_S=3,397,image_397.jpg,D: Pectus excavatum,Pectus excavatum
nejm,all_T=char_delete_S=3,398,image_398.jpg,E: Tuberculosis,Tuberculosis
nejm,all_T=char_delete_S=3,399,image_399.jpg,A: Alopecia areata,Fibrosing alopecia
nejm,all_T=char_delete_S=3,400,image_400.jpg,C: Ludwig’s angina,Ludwig’s angina
nejm,all_T=char_delete_S=3,401,image_401.jpg,C: Nephrogenic fibrosing dermopathy,Nephrogenic fibrosing dermopathy
nejm,all_T=char_delete_S=3,402,image_402.jpg,C: Lingual carcinoma,Hypoglossal nerve injury
nejm,all_T=char_delete_S=3,403,image_403.jpg,A: Primary hepatic carcinoma,Cystic echinococcosis
nejm,all_T=char_delete_S=3,404,image_404.jpg,A: Congestive heart failure,Congestive heart failure
nejm,all_T=char_delete_S=3,405,image_405.jpg,A: Systemic lupus erythematosus,Scleroderma
nejm,all_T=char_delete_S=3,406,image_406.jpg,Candida albicans,Corynebacterium minutissimum
nejm,all_T=char_delete_S=3,407,image_407.jpg,A: Esophageal rupture,Hydropneumothorax
nejm,all_T=char_delete_S=3,408,image_408.jpg,A: Rheumatoid arthritis,Gout
nejm,all_T=char_delete_S=3,409,image_409.jpg,B: Drug reaction with eosinophilia and systemic symptoms,Drug reaction with eosinophilia and systemic symptoms
nejm,all_T=char_delete_S=3,410,image_410.jpg,A: Angioedema,Subclavian vein thrombosis
nejm,all_T=char_delete_S=3,411,image_411.jpg,D: Infantile hepatic hemangiomas,Infantile hepatic hemangiomas
nejm,all_T=char_delete_S=3,412,image_412.jpg,C: Cryptococcus neoformans,Histoplasma capsulatum
nejm,all_T=char_delete_S=3,413,image_413.jpg,C: Basal-cell carcinoma of the scalp,Cerebriform nevus sebaceous
nejm,all_T=char_delete_S=3,414,image_414.jpg,D: Liver cirrhosis,Metastatic colon cancer
nejm,all_T=char_delete_S=3,415,image_415.jpg,D: Psoriasis,Vitiligo
nejm,all_T=char_delete_S=3,416,image_416.jpg,A: Auriculotemporal nerve syndrome,Carcinoid syndrome
nejm,all_T=char_delete_S=3,417,image_417.jpg,A: Congenital melanocytic nevus,Congenital melanocytic nevus
nejm,all_T=char_delete_S=3,418,image_418.jpg,C,Multiple endocrine neoplasia type 2B
nejm,all_T=char_delete_S=3,419,image_419.jpg,C: Scrofula,Peripancreatic malignancy
nejm,all_T=char_delete_S=3,420,image_420.jpg,B: Immature cataract,Intraocular tumor
nejm,all_T=char_delete_S=3,421,image_421.jpg,B: Cryptococcal meningitis,Cryptococcal meningitis
nejm,all_T=char_delete_S=3,422,image_422.jpg,D: Angiotensin converting-enzyme inhibitor,Angiotensin converting-enzyme inhibitor
nejm,all_T=char_delete_S=3,423,image_423.jpg,B: Calluses,Plantar warts
nejm,all_T=char_delete_S=3,424,image_424.jpg,A: Acromegaly,Diabetes mellitus
nejm,all_T=char_delete_S=3,425,image_425.jpg,C: Celiac disease,Nodular lymphoid hyperplasia
nejm,all_T=char_delete_S=3,426,image_426.jpg,B: Peritonsillar abscess,Retropharyngeal abscess
nejm,all_T=char_delete_S=3,427,image_427.jpg,C: Danazol,Chloroquine
nejm,all_T=char_delete_S=3,428,image_428.jpg,D: Subacute cutaneous lupus erythematosus,Diffuse cutaneous systemic sclerosis
nejm,all_T=char_delete_S=3,429,image_429.jpg,D: Diabetes mellitus,Diabetes mellitus
nejm,all_T=char_delete_S=3,430,image_430.jpg,A: Remove the foreign object completely,Leave the foreign object in place
nejm,all_T=char_delete_S=3,431,image_431.jpg,E: Thromboangiitis obliterans,Ergotism
nejm,all_T=char_delete_S=3,432,image_432.jpg,C: Metastatic prostate cancer,Ankylosing spondylitis
nejm,all_T=char_delete_S=3,433,image_433.jpg,E: Respiratory system,Respiratory system
nejm,all_T=char_delete_S=3,434,image_434.jpg,B: Collodion baby,Harlequin color change
nejm,all_T=char_delete_S=3,435,image_435.jpg,C: Tonsillar cancer,Tonsillar cancer
nejm,all_T=char_delete_S=3,436,image_436.jpg,A: Acute pulmonary embolism,Ascending aortic aneurysm
nejm,all_T=char_delete_S=3,437,image_437.jpg,A: Congenital nevus,Congenital nevus
nejm,all_T=char_delete_S=3,438,image_438.jpg,D: Vibrio vulnificus,Vibrio vulnificus
nejm,all_T=char_delete_S=3,439,image_439.jpg,A: Atypical antipsychotic,Protease inhibitor
nejm,all_T=char_delete_S=3,440,image_440.jpg,C: Wernicke’s encephalopathy,Wernicke’s encephalopathy
nejm,all_T=char_delete_S=3,441,image_441.jpg,B: Gastric tuberculosis,Superior mesenteric artery syndrome
nejm,all_T=char_delete_S=3,442,image_442.jpg,A: Dermoid cyst,Mucocele
nejm,all_T=char_delete_S=3,443,image_443.jpg,A: Herpes simplex virus,Varicella-zoster virus
nejm,all_T=char_delete_S=3,444,image_444.jpg,E: Myasthenia gravis,Myasthenia gravis
nejm,all_T=char_delete_S=3,445,image_445.jpg,A: Aspiration pneumonia,Pleural perforation
nejm,all_T=char_delete_S=3,446,image_446.jpg,E: Lactational mastitis,Polymastia
nejm,all_T=char_delete_S=3,447,image_447.jpg,A: Digital pilonidal sinus,Gout
nejm,all_T=char_delete_S=3,448,image_448.jpg,C,Aspirin and intravenous immune globulin
nejm,all_T=char_delete_S=3,449,image_449.jpg,B: Glucocorticoid induced ulceration,Extranodal natural killer T-cell lymphoma
nejm,all_T=char_delete_S=3,450,image_450.jpg,C: Hypothyroidism,Celiac disease
nejm,all_T=char_delete_S=3,451,image_451.jpg,D: Pernicious anemia,Amyotrophic lateral sclerosis
nejm,all_T=char_delete_S=3,452,image_452.jpg,B: Mumps,Uveoparotid fever
nejm,all_T=char_delete_S=3,453,image_453.jpg,C: Pyoderma gangrenosum,Anti-MDA5 dermatomyositis
nejm,all_T=char_delete_S=3,454,image_454.jpg,A: Erythrasma,Cellulitis
nejm,all_T=char_delete_S=3,455,image_455.jpg,E: Trichobezoar,Intraabdominal hernia
nejm,all_T=char_delete_S=3,456,image_456.jpg,B: Gonococcal conjunctivitis,Acute dacryocystitis
nejm,all_T=char_delete_S=3,457,image_457.jpg,E: Anti-Hu antibody,Anti-Hu antibody
nejm,all_T=char_delete_S=3,458,image_458.jpg,A: Crusted scabies,Crusted scabies
nejm,all_T=char_delete_S=3,459,image_459.jpg,B: Schistosoma hematobium,Schistosoma hematobium
nejm,all_T=char_delete_S=3,460,image_460.jpg,C: Epiglottitis,Epiglottitis
nejm,all_T=char_delete_S=3,461,image_461.jpg,Erythema migrans,Urticaria multiforme
nejm,all_T=char_delete_S=3,462,image_462.jpg,E,Tetracycline
nejm,all_T=char_delete_S=3,463,image_463.jpg,E: Mean corpuscular volume,Alkaline phosphatase
nejm,all_T=char_delete_S=3,464,image_464.jpg,B: Leukemia cutis,Neutrophilic eccrine hidradenitis
nejm,all_T=char_delete_S=3,465,image_465.jpg,"B: Left hemiparesis, gaze deviated to the left","Left hemiparesis, gaze deviated to the right"
nejm,all_T=char_delete_S=3,466,image_466.jpg,C: Hyperparathyroidism,Lead exposure
nejm,all_T=char_delete_S=3,467,image_467.jpg,D: Discoid lupus,Necrolytic migratory erythema
nejm,all_T=char_delete_S=3,468,image_468.jpg,E: Livedo reticularis,Erythema ab igne
nejm,all_T=char_delete_S=3,469,image_469.jpg,A: Lupus pernio,Phototoxic dermatitis
nejm,all_T=char_delete_S=3,470,image_470.jpg,D: Leukoplakia,Laryngeal candidiasis
nejm,all_T=char_delete_S=3,471,image_471.jpg,B: Esophageal carcinoma,Zenker's diverticulum
nejm,all_T=char_delete_S=3,472,image_472.jpg,B: Mondor's disease,Mondor’s disease
nejm,all_T=char_delete_S=3,473,image_473.jpg,D: Posterior reversible encephalopathy syndrome,Posterior reversible encephalopathy syndrome
nejm,all_T=char_delete_S=3,474,image_474.jpg,B: Gout,Systemic sclerosis
nejm,all_T=char_delete_S=3,475,image_475.jpg,"D: Hypercalcemia, hypophosphatemia, and hyperkalemia","Hypocalcemia, hypophosphatemia, and hyperkalemia"
nejm,all_T=char_delete_S=3,476,image_476.jpg,E,Legg–Calvé–Perthes disease
nejm,all_T=char_delete_S=3,477,image_477.jpg,A: Decompression sickness,Decompression sickness
nejm,all_T=char_delete_S=3,478,image_478.jpg,A: Buruli ulcers,Porphyria cutanea tarda
nejm,all_T=char_delete_S=3,479,image_479.jpg,C: Hashimoto's thyroiditis,Graves' disease
nejm,all_T=char_delete_S=3,480,image_480.jpg,B: Hypospadias with cryptorchidism,Congenital adrenal hyperplasia
nejm,all_T=char_delete_S=3,481,image_481.jpg,A: Herpes zoster,Cutaneous metastases
nejm,all_T=char_delete_S=3,482,image_482.jpg,A: Thromboangiitis obliterans,Thromboangiitis obliterans
nejm,all_T=char_delete_S=3,483,image_483.jpg,Cataract,Cataract
nejm,all_T=char_delete_S=3,484,image_484.jpg,Atherosclerosis,Atherosclerosis
nejm,all_T=char_delete_S=3,485,image_485.jpg,A: Tuberculosis,Situs inversus totalis
nejm,all_T=char_delete_S=3,486,image_486.jpg,E: Cytomegalovirus retinitis,Hypertriglyceridemia
nejm,all_T=char_delete_S=3,487,image_487.jpg,D: Obstructive parotitis,Obstructive parotitis
nejm,all_T=char_delete_S=3,488,image_488.jpg,B: Ischemic colitis,Ischemic colitis
nejm,all_T=char_delete_S=3,489,image_489.jpg,C: Disseminated leishmaniasis,Small-cell lung cancer
nejm,all_T=char_delete_S=3,490,image_490.jpg,E,Strongyloides stercoralis
nejm,all_T=char_delete_S=3,491,image_491.jpg,C: Methamphetamine,Xylazine
nejm,all_T=char_delete_S=3,492,image_492.jpg,C: Parathyroid carcinoma,Hodgkin's lymphoma
nejm,all_T=char_delete_S=3,493,image_493.jpg,C: Brucellosis,Brucellosis
nejm,all_T=char_delete_S=3,494,image_494.jpg,A: IgG4-related ophthalmic disease,IgG4-related ophthalmic disease
nejm,all_T=char_delete_S=3,495,image_495.jpg,D: Periodontitis,Dermatomyositis
nejm,all_T=char_delete_S=3,496,image_496.jpg,A: Mucormycosis,Curvularia alcornii
nejm,all_T=char_delete_S=3,497,image_497.jpg,E: Romberg's sign,Romberg's sign
nejm,all_T=char_delete_S=3,498,image_498.jpg,B: Mycobacterium leprae,Klebsiella rhinoscleromatis
nejm,all_T=char_delete_S=3,499,image_499.jpg,B,Tissue plasminogen activator-associated angioedema
nejm,all_T=char_delete_S=3,500,image_500.jpg,A: Inferior hemifield loss,Inferior hemifield loss
nejm,all_T=char_delete_S=3,501,image_501.jpg,A: Infective endocarditis,Infective endocarditis
nejm,all_T=char_delete_S=3,502,image_502.jpg,C: Nephrogenic systemic fibrosis,Nephrogenic systemic fibrosis
nejm,all_T=char_delete_S=3,503,image_503.jpg,E: Onycholysis,Splinter hemorrhages
nejm,all_T=char_delete_S=3,504,image_504.jpg,Pityriasis rosea,Leprosy
nejm,all_T=char_delete_S=3,505,image_505.jpg,B: Baker's cyst,Abscess
nejm,all_T=char_delete_S=3,506,image_506.jpg,D: Dirofilaria repens infection,Dirofilaria repens infection
nejm,all_T=char_delete_S=3,507,image_507.jpg,A: Cushing's syndrome,Paraneoplastic disorder
nejm,all_T=char_delete_S=3,508,image_508.jpg,A: Renal-cell carcinoma,Perirenal extramedullary hematopoiesis
nejm,all_T=char_delete_S=3,509,image_509.jpg,C: Crohn's disease,Bulimia nervosa
nejm,all_T=char_delete_S=3,510,image_510.jpg,A: Reactive epidermal hyperplasia,Iododerma
nejm,all_T=char_delete_S=3,511,image_511.jpg,E: Retinoblastoma,Retinoblastoma
nejm,all_T=char_delete_S=3,512,image_512.jpg,Pancreatitis,Perforation of a viscus
nejm,all_T=char_delete_S=3,513,image_513.jpg,D: Discoid lupus,Dermatomyositis
nejm,all_T=char_delete_S=3,514,image_514.jpg,A: Acromegaly,Lipomatosis
nejm,all_T=char_delete_S=3,515,image_515.jpg,E: Nevus comedonicus,Nevus comedonicus
nejm,all_T=char_delete_S=3,516,image_516.jpg,B: Oral lichen planus,Uremic stomatitis
nejm,all_T=char_delete_S=3,517,image_517.jpg,A: Osgood-Schlatter disease,Systemic sclerosis
nejm,all_T=char_delete_S=3,518,image_518.jpg,Asteatotic eczema,Chronic venous stasis
nejm,all_T=char_delete_S=3,519,image_519.jpg,E: Sjögren's syndrome,Sjögren's syndrome
nejm,all_T=char_delete_S=3,520,image_520.jpg,A: Pharyngeal abscess,Thyroglossal duct cyst
nejm,all_T=char_delete_S=3,521,image_521.jpg,D: Sarcoidosis,Wegener's granulomatosis
nejm,all_T=char_delete_S=3,522,image_522.jpg,Erythema nodosum,Necrobiosis lipoidica
nejm,all_T=char_delete_S=3,523,image_523.jpg,E: Lingual artery,Lingual artery
nejm,all_T=char_delete_S=3,524,image_524.jpg,D: Miliary tuberculosis,Nocardia asteroides infection
nejm,all_T=char_delete_S=3,525,image_525.jpg,C: Buerger disease,Achenbach’s syndrome
nejm,all_T=char_delete_S=3,526,image_526.jpg,C: Condyloma lata,Herpes vegetans
nejm,all_T=char_delete_S=3,527,image_527.jpg,E: Thrombosis of the inferior vena cava,Thrombosis of the inferior vena cava
nejm,all_T=char_delete_S=3,528,image_528.jpg,C: Guttate psoriasis,Human papillomavirus
nejm,all_T=char_delete_S=3,529,image_529.jpg,D: Spinal muscular atrophy,Tay-Sachs disease
nejm,all_T=char_delete_S=3,530,image_530.jpg,C: Pneumothorax,Intrathoracic localized obstruction
nejm,all_T=char_delete_S=3,531,image_531.jpg,E: Hereditary angioedema,Thromboembolism
nejm,all_T=char_delete_S=3,532,image_532.jpg,A: Acute pancreatitis,Pneumoperitoneum
nejm,all_T=char_delete_S=3,533,image_533.jpg,A: Heberden’s nodes,Jaccoud’s arthropathy
nejm,all_T=char_delete_S=3,534,image_534.jpg,E: Eosinophilic ulcer,Cytomegalovirus infection
nejm,all_T=char_delete_S=3,535,image_535.jpg,E: Paget's disease,Renal tubular acidosis
nejm,all_T=char_delete_S=3,536,image_536.jpg,Thiamine,Zinc
nejm,all_T=char_delete_S=3,537,image_537.jpg,A: Cold agglutinins,Cold agglutinins
nejm,all_T=char_delete_S=3,538,image_538.jpg,A: Hemorrhoids,Enterobiasis
nejm,all_T=char_delete_S=3,539,image_539.jpg,A: Deep venous thrombosis,Digital ischemia
nejm,all_T=char_delete_S=3,540,image_540.jpg,B: Esophageal obstruction,Croup
nejm,all_T=char_delete_S=3,541,image_541.jpg,D: Disseminated cutaneous blastomycosis,Disseminated cutaneous blastomycosis
nejm,all_T=char_delete_S=3,542,image_542.jpg,A: Parotitis,Frey's syndrome
nejm,all_T=char_delete_S=3,543,image_543.jpg,C: Hemorrhagic cerebral metastasis,Cerebral cavernous malformations
nejm,all_T=char_delete_S=3,544,image_544.jpg,D: Prescribe nystatin,Counsel patient to stop smoking
nejm,all_T=char_delete_S=3,545,image_545.jpg,A: Leukocytoclastic vasculitis,Multiple myeloma
nejm,all_T=char_delete_S=3,546,image_546.jpg,B: Defect in glucuronidation leading to hyperbilirubinemia,About 50% of the serum bilirubin is conjugated
nejm,all_T=char_delete_S=3,547,image_547.jpg,A: Fleischner sign,Hampton’s hump
nejm,all_T=char_delete_S=3,548,image_548.jpg,D: Leukemia cutis,Cryoglobulinemic vasculitis
nejm,all_T=char_delete_S=3,549,image_549.jpg,B: Ectopic thyroid,Ectopic thyroid
nejm,all_T=char_delete_S=3,550,image_550.jpg,B: Acute angle-closure glaucoma,Acute angle-closure glaucoma
nejm,all_T=char_delete_S=3,551,image_551.jpg,D: Plasmodium vivax,Plasmodium vivax
nejm,all_T=char_delete_S=3,552,image_552.jpg,A: Insulinoma,Glucagonoma
nejm,all_T=char_delete_S=3,553,image_553.jpg,C: Langerhans cell histiocytosis,Erdheim–Chester disease
nejm,all_T=char_delete_S=3,554,image_554.jpg,E: Splenic cyst,Splenic cyst
nejm,all_T=char_delete_S=3,555,image_555.jpg,Psoriasis,Tinea versicolor
nejm,all_T=char_delete_S=3,556,image_556.jpg,C: Phytophotodermatitis,Pellagra
nejm,all_T=char_delete_S=3,557,image_557.jpg,D: Pthirus pubis,Pthirus pubis
nejm,all_T=char_delete_S=3,558,image_558.jpg,B,Pulmonary alveolar microlithiasis
nejm,all_T=char_delete_S=3,559,image_559.jpg,D: Trichophyton rubrum infection,Pseudomonas aeruginosa infection
nejm,all_T=char_delete_S=3,560,image_560.jpg,A: Penile contusion,Penile fracture
nejm,all_T=char_delete_S=3,561,image_561.jpg,A: HIV-associated diffuse large B-cell lymphoma,Disseminated Mycobacterium avium–intracellulare infection
nejm,all_T=char_delete_S=3,562,image_562.jpg,C: Methotrexate,Erlotinib
nejm,all_T=char_delete_S=3,563,image_563.jpg,C: Dieulafoy's lesion,Adenocarcinoma
nejm,all_T=char_delete_S=3,564,image_564.jpg,D: Hemangioma,Melanoma
nejm,all_T=char_delete_S=3,565,image_565.jpg,B: Umbilical hernia,Sister Mary Joseph's nodule
nejm,all_T=char_delete_S=3,566,image_566.jpg,C: Propofol,Fluorescent dye
nejm,all_T=char_delete_S=3,567,image_567.jpg,A: Coarctation of the aorta,Pulmonary embolism
nejm,all_T=char_delete_S=3,568,image_568.jpg,E: Osgood–Schlatter disease,Osgood–Schlatter disease
nejm,all_T=char_delete_S=3,569,image_569.jpg,A: Aortic coarctation,Pneumomediastinum
nejm,all_T=char_delete_S=3,570,image_570.jpg,E: Persistent pupillary membranes,Prominent iris collarette
nejm,all_T=char_delete_S=3,571,image_571.jpg,C,Malignant acanthosis nigricans
nejm,all_T=char_delete_S=3,572,image_572.jpg,A: Neurofibromatosis,Tuberous sclerosis
nejm,all_T=char_delete_S=3,573,image_573.jpg,B: Pseudomonas aeruginosa,Elevated protein
nejm,all_T=char_delete_S=3,574,image_574.jpg,C,Malignant syphilis
nejm,all_T=char_delete_S=3,575,image_575.jpg,Trichuris trichiura,Diphyllobothrium latum
nejm,all_T=char_delete_S=3,576,image_576.jpg,A: Squamous-cell carcinoma,Mycobacterium marinum
nejm,all_T=char_delete_S=3,577,image_577.jpg,D: Right upper lobe,Left upper lobe
nejm,all_T=char_delete_S=3,578,image_578.jpg,Candidiasis,Herpes zoster
nejm,all_T=char_delete_S=3,579,image_579.jpg,Eales disease,X-linked retinoschisis
nejm,all_T=char_delete_S=3,580,image_580.jpg,D: Pneumocephalus,Pneumocephalus
nejm,all_T=char_delete_S=3,581,image_581.jpg,E: Pseudohypoparathyroidism,Albright's hereditary osteodystrophy
nejm,all_T=char_delete_S=3,582,image_582.jpg,A: Acromegaly,Fluorosis
nejm,all_T=char_delete_S=3,583,image_583.jpg,Aspergillus fumigatus,Fusobacterium necrophorum
nejm,all_T=char_delete_S=3,584,image_584.jpg,C: Scleroderma,Dupuyten's contracture
nejm,all_T=char_delete_S=3,585,image_585.jpg,A: Arcus senilis,Wilson's disease
nejm,all_T=char_delete_S=3,586,image_586.jpg,C,Infective endocarditis
nejm,all_T=char_delete_S=3,587,image_587.jpg,D: Contrast allergy,Cholesterol emboli
nejm,all_T=char_delete_S=3,588,image_588.jpg,A: Oleothorax,Oleothorax
nejm,all_T=char_delete_S=3,589,image_589.jpg,E,Slipped capital femoral epiphysis
nejm,all_T=char_delete_S=3,590,image_590.jpg,B: Mosquito,Chrysops fly
nejm,all_T=char_delete_S=3,591,image_591.jpg,B: Smoker’s melanosis,Diffuse melanosis cutis
nejm,all_T=char_delete_S=3,592,image_592.jpg,E,Cystine and triple phosphate (struvite) crystals
nejm,all_T=char_delete_S=3,593,image_593.jpg,B: Cicatricial pemphigoid,Herpes zoster
nejm,all_T=char_delete_S=3,594,image_594.jpg,B,Streptococcal pharyngitis
nejm,all_T=char_delete_S=3,595,image_595.jpg,A: Coarctation of the aorta,Substernal goiter
nejm,all_T=char_delete_S=3,596,image_596.jpg,A: Becker’s nevus,Becker’s nevus
nejm,all_T=char_delete_S=3,597,image_597.jpg,C,Paternal uniparental disomy 14 (UDP 14 pat) thoracic dysplasia
nejm,all_T=char_delete_S=3,598,image_598.jpg,C: Mesenteric ischemia,Small-bowel obstruction
nejm,all_T=char_delete_S=3,599,image_599.jpg,B: Fetal alcohol syndrome,Neonatal thyrotoxicosis
nejm,all_T=char_delete_S=3,600,image_600.jpg,Lichen planus,Bulimia nervosa
nejm,all_T=char_delete_S=3,601,image_601.jpg,E: Neurocysticercosis,Neurocysticercosis
nejm,all_T=char_delete_S=3,602,image_602.jpg,A: Chalazion,Papilloma
nejm,all_T=char_delete_S=3,603,image_603.jpg,C: Radiation dermatitis,Fordyce's angiokeratomas
nejm,all_T=char_delete_S=3,604,image_604.jpg,C,Cutaneous diphtheria
nejm,all_T=char_delete_S=3,605,image_605.jpg,D: Ascaris lumbricoides,Enterobius vermicularis
nejm,all_T=char_delete_S=3,606,image_606.jpg,D: Human botfly,Tumbu fly
nejm,all_T=char_delete_S=3,607,image_607.jpg,D: Neonatal herpes simplex virus,Neonatal herpes simplex virus
nejm,all_T=char_delete_S=3,608,image_608.jpg,E: Tinea versicolor,Erythrasma
nejm,all_T=char_delete_S=3,609,image_609.jpg,A: Glucocorticoids,Bisphosphonates
nejm,all_T=char_delete_S=3,610,image_610.jpg,D: Livedo reticularis,Livedo reticularis
nejm,all_T=char_delete_S=3,611,image_611.jpg,D: Syphilis,Varicella
nejm,all_T=char_delete_S=3,612,image_612.jpg,D: Talaromyces marneffei,Talaromyces marneffei
nejm,all_T=char_delete_S=3,613,image_613.jpg,C: Syphilis,Leishmaniasis
nejm,all_T=char_delete_S=3,614,image_614.jpg,C: Group A streptococcus,Coxsackie virus type A16
nejm,all_T=char_delete_S=3,615,image_615.jpg,A: Retrobulbar abscess,Hydatid cyst
nejm,all_T=char_delete_S=3,616,image_616.jpg,C: Condyloma acuminatum,Vestibular papillomatosis
nejm,all_T=char_delete_S=3,617,image_617.jpg,A: Central retinal artery occlusion,Dislocation of the lens
nejm,all_T=char_delete_S=3,618,image_618.jpg,C: Normal pregnancy,Raynaud's phenomenon
nejm,all_T=char_delete_S=3,619,image_619.jpg,D: Tungiasis,Tungiasis
nejm,all_T=char_delete_S=3,620,image_620.jpg,A: Subcutaneous metastases,Caput Medusae
nejm,all_T=char_delete_S=3,621,image_621.jpg,A: Left anterior descending,Left main stem
nejm,all_T=char_delete_S=3,622,image_622.jpg,"E: Hand, foot, and mouth disease","Hand, foot, and mouth disease"
nejm,all_T=char_delete_S=3,623,image_623.jpg,A: Serous otitis media,Cholesteatoma
nejm,all_T=char_delete_S=3,624,image_624.jpg,B: Urethral diverticulum,Gartner duct cyst
nejm,all_T=char_delete_S=3,625,image_625.jpg,C,Palmar erythema of pregnancy
nejm,all_T=char_delete_S=3,626,image_626.jpg,D: Mesenteric ischemia,Mesenteric ischemia
nejm,all_T=char_delete_S=3,627,image_627.jpg,A: Cutaneous larva migrans,Cutaneous larva migrans
nejm,all_T=char_delete_S=3,628,image_628.jpg,A: Allergic conjunctivitis,Ophthalmomyiasis
nejm,all_T=char_delete_S=3,629,image_629.jpg,E: Right ventricle,Left atrium
nejm,all_T=char_delete_S=3,630,image_630.jpg,E: Traumatic diaphragmatic hernia,Tension pneumothorax
nejm,all_T=char_delete_S=3,631,image_631.jpg,B: Esophageal cancer,Nutcracker esophagus
nejm,all_T=char_delete_S=3,632,image_632.jpg,D: Vitreous hemorrhage,Uveal melanoma
nejm,all_T=char_delete_S=3,633,image_633.jpg,C: Hypertensive retinopathy,Proliferative diabetic retinopathy
nejm,all_T=char_delete_S=3,634,image_634.jpg,A: Digoxin poisoning,Hyperkalemia
nejm,all_T=char_delete_S=3,635,image_635.jpg,B: Triatomine bug,Triatomine bug
nejm,all_T=char_delete_S=3,636,image_636.jpg,A: Aspiration pneumonia,Reexpansion pulmonary edema
nejm,all_T=char_delete_S=3,637,image_637.jpg,C: Amelanotic melanoma,Amelanotic melanoma
nejm,all_T=char_delete_S=3,638,image_638.jpg,D: Scleroderma,Eosinophilic fasciitis
nejm,all_T=char_delete_S=3,639,image_639.jpg,B: Flour,Sugar
nejm,all_T=char_delete_S=3,640,image_640.jpg,C: Langerhans' cell histiocytosis,Sickle cell disease
nejm,all_T=char_delete_S=3,641,image_641.jpg,B,Emphysematous aortitis due to Clostridium septicum
nejm,all_T=char_delete_S=3,642,image_642.jpg,A: Cutaneous larva migrans,Lung cancer
nejm,all_T=char_delete_S=3,643,image_643.jpg,C: Chronic urticaria,Herpes simplex virus infection
nejm,all_T=char_delete_S=3,644,image_644.jpg,C: Lithium,Palifermin
nejm,all_T=char_delete_S=3,645,image_645.jpg,A: Radiation recall,Radiation recall
nejm,all_T=char_delete_S=3,646,image_646.jpg,E,Scurvy
nejm,all_T=char_delete_S=3,647,image_647.jpg,C: Psoriasis,Keratoderma blennorrhagicum
nejm,all_T=char_delete_S=3,648,image_648.jpg,E: Tinea faciei,Tinea faciei
nejm,all_T=char_delete_S=3,649,image_649.jpg,A: Herpes simplex infection,Inflammatory bowel disease
nejm,all_T=char_delete_S=3,650,image_650.jpg,D: Hepatocellular adenomas,Autosomal dominant polycystic kidney disease
nejm,all_T=char_delete_S=3,651,image_651.jpg,A: Pulmonary embolism,Azygous vein
nejm,all_T=char_delete_S=3,652,image_652.jpg,D: Pustular rosacea,Subcorneal pustular dermatosis
nejm,all_T=char_delete_S=3,653,image_653.jpg,D: Paget’s disease,Multiple myeloma
nejm,all_T=char_delete_S=3,654,image_654.jpg,E: Sickle cell anemia,Chronic lead poisoning
nejm,all_T=char_delete_S=3,655,image_655.jpg,B: Verrucae vulgaris,Periungual fibroma
nejm,all_T=char_delete_S=3,656,image_656.jpg,D: Miliaria crystallina,Miliaria crystallina
nejm,all_T=char_delete_S=3,657,image_657.jpg,E: Zenker's diverticulum,Graves' disease
nejm,all_T=char_delete_S=3,658,image_658.jpg,D: Paget's disease of bone,Langerhans'-cell histiocytosis
nejm,all_T=char_delete_S=3,659,image_659.jpg,E: Non-Hodgkin’s lymphoma,Gaucher’s disease
nejm,all_T=char_delete_S=3,660,image_660.jpg,D: Psoriasis,Chemotherapy
nejm,all_T=char_delete_S=3,661,image_661.jpg,B,Leukoplakia
nejm,all_T=char_delete_S=3,662,image_662.jpg,E: Thalassemia minor,Glucose-6-phosphate dehydrogenase deficiency
nejm,all_T=char_delete_S=3,663,image_663.jpg,A: Oral lichen planus,Verrucous carcinoma
nejm,all_T=char_delete_S=3,664,image_664.jpg,D: Leukemia cutis,Fusariosis
nejm,all_T=char_delete_S=3,665,image_665.jpg,A: Hyphema,Hyphema
nejm,all_T=char_delete_S=3,666,image_666.jpg,"B: Hand, foot, and mouth disease",Herpes zoster
nejm,all_T=char_delete_S=3,667,image_667.jpg,A: Familial hypertriglyceridemia,Systemic sclerosis
nejm,all_T=char_delete_S=3,668,image_668.jpg,C,Hirschsprung’s disease
nejm,all_T=char_delete_S=3,669,image_669.jpg,A: Melanocytic nevi,Seborrheic keratoses
nejm,all_T=char_delete_S=3,670,image_670.jpg,C: Sarcoidosis,Sarcoidosis
nejm,all_T=char_delete_S=3,671,image_671.jpg,C,Tinea capitis
nejm,all_T=char_delete_S=3,672,image_672.jpg,D: Rheumatic heart disease,Rheumatic heart disease
nejm,all_T=char_delete_S=3,673,image_673.jpg,C: Multiple myeloma (MM),Acute promyelocytic leukemia (APL)
nejm,all_T=char_delete_S=3,674,image_674.jpg,Erythema migrans (Lyme disease),Malignant syphilis
nejm,all_T=char_delete_S=3,675,image_675.jpg,D: Umbilical hernia,Endometrioma
nejm,all_T=char_delete_S=3,676,image_676.jpg,Epididymitis,Varicocele
nejm,all_T=char_delete_S=3,677,image_677.jpg,E: Pustular psoriasis,Keratoderma blenorrhagicum
nejm,all_T=char_delete_S=3,678,image_678.jpg,E: Tuberculosis,Onchocerciasis
nejm,all_T=char_delete_S=3,679,image_679.jpg,A: Orbital wall fracture,Intraocular lens dislocation
nejm,all_T=char_delete_S=3,680,image_680.jpg,A: Amyloidosis,Neuroblastoma
nejm,all_T=char_delete_S=3,681,image_681.jpg,D: Periocular atopic dermatitis,Lyme disease
nejm,all_T=char_delete_S=3,682,image_682.jpg,A: Loculated hypopyon,Silicone oil hyperoleon
nejm,all_T=char_delete_S=3,683,image_683.jpg,A: Addison's disease,Osteoporosis
nejm,all_T=char_delete_S=3,684,image_684.jpg,A: Metastasis,Metastasis
nejm,all_T=char_delete_S=3,685,image_685.jpg,C: Neurocysticercosis,Neurocysticercosis
nejm,all_T=char_delete_S=3,686,image_686.jpg,B: IgG4-related disease arteritis,IgG4-related disease arteritis
nejm,all_T=char_delete_S=3,687,image_687.jpg,A: Nocardiosis,Adenocarcinoma
nejm,all_T=char_delete_S=3,688,image_688.jpg,A: Ankylosing spondylitis,Diabetes mellitus
nejm,all_T=char_delete_S=3,689,image_689.jpg,Flemingo’s flush sign,Pemberton’s sign
nejm,all_T=char_delete_S=3,690,image_690.jpg,C: Neuralgic amyotrophy,Palsy of the long thoracic nerve
nejm,all_T=char_delete_S=3,691,image_691.jpg,D: Henloch-Schonlein purpura,Purpura fulminans
nejm,all_T=char_delete_S=3,692,image_692.jpg,E,Diurese the patient and then obtain a repeat chest radiograph
nejm,all_T=char_delete_S=3,693,image_693.jpg,Erysipeloid,Seborrheic dermatitis
nejm,all_T=char_delete_S=3,694,image_694.jpg,A: IgA anti-tissue transglutaminase,Antineutrophil cytoplasmic autoantibody
nejm,all_T=char_delete_S=3,695,image_695.jpg,A: Eruptive xanthomas,Eruptive xanthomas
nejm,all_T=char_delete_S=3,696,image_696.jpg,A: Acoustic neuroma,Glomus tympanicum
nejm,all_T=char_delete_S=3,697,image_697.jpg,Crohn’s disease,Gastrointestinal amyloidosis
nejm,all_T=char_delete_S=3,698,image_698.jpg,D: Squamous cell carcinoma,Plombage
nejm,all_T=char_delete_S=3,699,image_699.jpg,B: Dengue fever,Measles
nejm,all_T=char_delete_S=3,700,image_700.jpg,E,Linear IgA bullous dermatosis
nejm,all_T=char_delete_S=3,701,image_701.jpg,D: Bilateral peritonsillar abscesses,Bilateral peritonsillar abscesses
nejm,all_T=char_delete_S=3,702,image_702.jpg,C: Granuloma annulare,Sarcoidosis
nejm,all_T=char_delete_S=3,703,image_703.jpg,Pneumonia,Pulmonary embolism
nejm,all_T=char_delete_S=3,704,image_704.jpg,B: Lingual tuberculosis,Disseminated coccidioidomycosis
nejm,all_T=char_delete_S=3,705,image_705.jpg,D: Amyloid purpura,Amyloid purpura
nejm,all_T=char_delete_S=3,706,image_706.jpg,A: Cat scratch disease,Tuberculosis
nejm,all_T=char_delete_S=3,707,image_707.jpg,B: Pneumocystis pneumonia,Lymphangioleiomyomatosis
nejm,all_T=char_delete_S=3,708,image_708.jpg,Cocaine,Cocaine
nejm,all_T=char_delete_S=3,709,image_709.jpg,E: Pontine stroke,Basilar artery aneurysm
nejm,all_T=char_delete_S=3,710,image_710.jpg,Bismuth poisoning,Lead poisoning
nejm,all_T=char_delete_S=3,711,image_711.jpg,B: Wrist fracture,Radial artery thrombosis
nejm,all_T=char_delete_S=3,712,image_712.jpg,C: Titanium,Gold
nejm,all_T=char_delete_S=3,713,image_713.jpg,E: Quadriceps tendon ruptures,Quadriceps tendon ruptures
nejm,all_T=char_delete_S=3,714,image_714.jpg,B: Right staghorn calculus,Right ureterovesical calculus
nejm,all_T=char_delete_S=3,715,image_715.jpg,B: Congenital asplenia,Retroperitoneal hemorrhage
nejm,all_T=char_delete_S=3,716,image_716.jpg,A: Bell’s palsy,Myasthenia gravis
nejm,all_T=char_delete_S=3,717,image_717.jpg,D: Ecthyma gangrenosum,Pyoderma gangrenosum
nejm,all_T=char_delete_S=3,718,image_718.jpg,D: Median rhomboid glossitis,Median rhomboid glossitis
nejm,all_T=char_delete_S=3,719,image_719.jpg,C: Herpetic whitlow,Spider bite
nejm,all_T=char_delete_S=3,720,image_720.jpg,Crohn's disease,Bowel infarction
nejm,all_T=char_delete_S=3,721,image_721.jpg,B: Retinal artery occlusion,Narrow angle glaucoma
nejm,all_T=char_delete_S=3,722,image_722.jpg,B: Pseudomelanosis duodeni,Pseudomelanosis duodeni
nejm,all_T=char_delete_S=3,723,image_723.jpg,B: Glaucoma,Ocular myiasis
nejm,all_T=char_delete_S=3,724,image_724.jpg,A: Colon cancer,Colon cancer
nejm,all_T=char_delete_S=3,725,image_725.jpg,D: Calcium pyrophosphate dihydrate,Cholesterol
nejm,all_T=char_delete_S=3,726,image_726.jpg,E: Tinea manuum,Tripe palms
nejm,all_T=char_delete_S=3,727,image_727.jpg,C: Leukotriene receptor antagonist,Fluoroquinolone antibiotic
nejm,all_T=char_delete_S=3,728,image_728.jpg,C: Roux-en-Y gastric bypass,Mitral-valve repair
nejm,all_T=char_delete_S=3,729,image_729.jpg,A: Non–small-cell lung cancer,Non–small-cell lung cancer
nejm,all_T=char_delete_S=3,730,image_730.jpg,C: Nitrofurantoin,Minocycline
nejm,all_T=char_delete_S=3,731,image_731.jpg,D: Falciform ligament,Falciform ligament
nejm,all_T=char_delete_S=3,732,image_732.jpg,E: Skin biopsy,Chest imaging
nejm,all_T=char_delete_S=3,733,image_733.jpg,D: Systemic sclerosis,Lentigo maligna
nejm,all_T=char_delete_S=3,734,image_734.jpg,D: Otitis media,Herpes zoster
nejm,all_T=char_delete_S=3,735,image_735.jpg,A: Multiple sclerosis,Tabes dorsalis
nejm,all_T=char_delete_S=3,736,image_736.jpg,Therapeutic Phlebotomy,Chelation Therapy
nejm,all_T=char_delete_S=3,737,image_737.jpg,D: Pyloric outlet obstruction,Meckel's diverticulum
nejm,all_T=char_delete_S=3,738,image_738.jpg,B: Gingival melanoma,Gingival melanoma
nejm,all_T=char_delete_S=3,739,image_739.jpg,A: Cellulitis,Gout
nejm,all_T=char_delete_S=3,740,image_740.jpg,D: Mastectomy,Penicillin
nejm,all_T=char_delete_S=3,741,image_741.jpg,E: Meconium ileus,Hirschsprung’s disease
nejm,all_T=char_delete_S=3,742,image_742.jpg,E: Esophageal carcinoma,Diffuse esophageal spasm
nejm,all_T=char_delete_S=3,743,image_743.jpg,C: Esophageal stricture,Diffuse esophageal spasm
nejm,all_T=char_delete_S=3,744,image_744.jpg,Cirrhosis,Superior vena caval obstruction
nejm,all_T=char_delete_S=3,745,image_745.jpg,E,Redundant mitral valve
nejm,all_T=char_delete_S=3,746,image_746.jpg,B: Pericardial effusion,Bezoar
nejm,all_T=char_delete_S=3,747,image_747.jpg,A: Chlamydial cervicitis,Squamous-cell carcinoma
nejm,all_T=char_delete_S=3,748,image_748.jpg,D: Intra-abdominal abscess,Bowel ischemia
nejm,all_T=char_delete_S=3,749,image_749.jpg,A: Pericardial hydatid cysts,Pericardial metastases
nejm,all_T=char_delete_S=3,750,image_750.jpg,C: Papular acrodermatitis,Molluscum contagiosum
nejm,all_T=char_delete_S=3,751,image_751.jpg,B: Multiple myeloma,Scleromyxedema
nejm,all_T=char_delete_S=3,752,image_752.jpg,B: Cutaneous larva migrans,Portal hypertension
nejm,all_T=char_delete_S=3,753,image_753.jpg,A: Klippel-Trénaunay-Weber syndrome,Neurofibromatosis
nejm,all_T=char_delete_S=3,754,image_754.jpg,A: Lung abscess,Paraesophageal hernia
nejm,all_T=char_delete_S=3,755,image_755.jpg,D: Pyogenic granuloma,Pyogenic granuloma
nejm,all_T=char_delete_S=3,756,image_756.jpg,A: Meningioma,Plasmacytoma
nejm,all_T=char_delete_S=3,757,image_757.jpg,D: Oral candidiasis,Pyostomatitis vegetans
nejm,all_T=char_delete_S=3,758,image_758.jpg,Echinococcosis,Echinococcosis
nejm,all_T=char_delete_S=3,759,image_759.jpg,B: Psoriasis,Malignancy
nejm,all_T=char_delete_S=3,760,image_760.jpg,D,Blastic plasmacytoid dendritic-cell neoplasm
nejm,all_T=char_delete_S=3,761,image_761.jpg,D: Emphysematous pyelonephritis,Emphysematous pyelonephritis
nejm,all_T=char_delete_S=3,762,image_762.jpg,C: Impetigo,Syphilis
nejm,all_T=char_delete_S=3,763,image_763.jpg,C,Congenital syphilis
nejm,all_T=char_delete_S=3,764,image_764.jpg,E: Osteopetrosis,Marrow hyperplasia
nejm,all_T=char_delete_S=3,765,image_765.jpg,C: Infectious mononucleosis,Hairy-cell leukemia
nejm,all_T=char_delete_S=3,766,image_766.jpg,A: Portal vein,Right bronchial tree
nejm,all_T=char_delete_S=3,767,image_767.jpg,B: Osteonecrosis,Osteonecrosis
nejm,all_T=char_delete_S=3,768,image_768.jpg,D: Killian-Jamieson’s triangle,Killian’s triangle
nejm,all_T=char_delete_S=3,769,image_769.jpg,C: Effusive-Constrictive Pericarditis,Constrictive Pericarditis
nejm,all_T=char_delete_S=3,770,image_770.jpg,C: Amiodarone,Amiodarone
nejm,all_T=char_delete_S=3,771,image_771.jpg,D: Rheumatic fever,Henoch-Schönlein purpura
nejm,all_T=char_delete_S=3,772,image_772.jpg,B: Neurogenic megacolon,Neurogenic megacolon
nejm,all_T=char_delete_S=3,773,image_773.jpg,D: Magnesium hydroxide,Bismuth Salicylate
nejm,all_T=char_delete_S=3,774,image_774.jpg,B: Cutaneous leishmaniasis,Bot fly
nejm,all_T=char_delete_S=3,775,image_775.jpg,A: Calcified polyp,Tooth
nejm,all_T=char_delete_S=3,776,image_776.jpg,D: Madura foot,Chromoblastomycosis
nejm,all_T=char_delete_S=3,777,image_777.jpg,A: Pancreatitis,Pylephlebitis
nejm,all_T=char_delete_S=3,778,image_778.jpg,A: Omeprazole,Propofol
nejm,all_T=char_delete_S=3,779,image_779.jpg,E: Tabes dorsalis,Central pontine myelinolysis
nejm,all_T=char_delete_S=3,780,image_780.jpg,A: Bezoar,Intussusception
nejm,all_T=char_delete_S=3,781,image_781.jpg,A: Alopecia areata,Alopecia areata
nejm,all_T=char_delete_S=3,782,image_782.jpg,D: Furuncle,Merkel-cell carcinoma
nejm,all_T=char_delete_S=3,783,image_783.jpg,Candida albicans infection,Candida albicans infection
nejm,all_T=char_delete_S=3,784,image_784.jpg,B: Melanoma,Keratoacanthoma
nejm,all_T=char_delete_S=3,785,image_785.jpg,B: Laryngocele,Laryngocele
nejm,all_T=char_delete_S=3,786,image_786.jpg,E: Discoid lupus,Peutz-Jeghers's syndrome
nejm,all_T=char_delete_S=3,787,image_787.jpg,D: Ecthyma gangrenosum,Ecthyma gangrenosum
nejm,all_T=char_delete_S=3,788,image_788.jpg,B: Cutaneous small vessel vasculitis,Intravascular lymphoma
nejm,all_T=char_delete_S=3,789,image_789.jpg,D: Malacoplakia,Crusted scabies
nejm,all_T=char_delete_S=3,790,image_790.jpg,B: Larvae penetrate the lungs,Larvae penetrate the lungs
nejm,all_T=char_delete_S=3,791,image_791.jpg,C,Autoimmune keratitis
nejm,all_T=char_delete_S=3,792,image_792.jpg,A: Crohn's disease,Enteric duplication cyst
nejm,all_T=char_delete_S=3,793,image_793.jpg,D: Hypoglossal nerve palsy,Hypoglossal nerve palsy
nejm,all_T=char_delete_S=3,794,image_794.jpg,D: Melanoma,Melanoma
nejm,all_T=char_delete_S=3,795,image_795.jpg,D: Voriconazole-induced periostitis,Voriconazole-induced periostitis
nejm,all_T=char_delete_S=3,796,image_796.jpg,A: Pancreatic pseudocyst,Emphysematous cholecystitis
nejm,all_T=char_delete_S=3,797,image_797.jpg,Bicalutamide,Bicalutamide
nejm,all_T=char_delete_S=3,798,image_798.jpg,C: Neurofibromatosis type 1,Neurofibromatosis type 2
nejm,all_T=char_delete_S=3,799,image_799.jpg,A: Rocky mountain spotted fever,Secondary syphilis
nejm,all_T=char_delete_S=3,800,image_800.jpg,C: Tuberous sclerosis,Cowden syndrome
nejm,all_T=char_delete_S=3,801,image_801.jpg,D: Toxicodendron radicans (poison ivy),Shiitake mushrooms
nejm,all_T=char_delete_S=3,802,image_802.jpg,Cushing's disease,Graves' disease
nejm,all_T=char_delete_S=3,803,image_803.jpg,B: Acute mesenteric ischemia,Acute mesenteric ischemia
nejm,all_T=char_delete_S=3,804,image_804.jpg,D: Lead toxicity,Arsenic toxicity
nejm,all_T=char_delete_S=3,805,image_805.jpg,Pneumothorax,Pectus excavatum
nejm,all_T=char_delete_S=3,806,image_806.jpg,B: Listeriosis,Nocardiosis
nejm,all_T=char_delete_S=3,807,image_807.jpg,D: Metastatic melanoma,Laxative use
nejm,all_T=char_delete_S=3,808,image_808.jpg,Sinusitis,Dermatomyositis
nejm,all_T=char_delete_S=3,809,image_809.jpg,D: Familial trichomegaly,EGFR inhibition
nejm,all_T=char_delete_S=3,810,image_810.jpg,A: Amelanotic melanoma,Keratoacanthoma
nejm,all_T=char_delete_S=3,811,image_811.jpg,E: Tinea circinata,Tinea circinata
nejm,all_T=char_delete_S=3,812,image_812.jpg,B: Epiglottitis,Diphtheria
nejm,all_T=char_delete_S=3,813,image_813.jpg,A: Oral lichen planus,Pernicious anemia
nejm,all_T=char_delete_S=3,814,image_814.jpg,B: Cirrhosis,Cirrhosis
nejm,all_T=char_delete_S=3,815,image_815.jpg,E: Parotitis,Angioedema
nejm,all_T=char_delete_S=3,816,image_816.jpg,C,Chemotherapy
nejm,all_T=char_delete_S=3,817,image_817.jpg,C: Mesenteric ischemia,Obturator hernia
nejm,all_T=char_delete_S=3,818,image_818.jpg,E: Takotsubo cardiomyopathy,Takotsubo cardiomyopathy
nejm,all_T=char_delete_S=3,819,image_819.jpg,A: Intravitreal antimicrobial injections,Intravitreal antimicrobial injections
nejm,all_T=char_delete_S=3,820,image_820.jpg,D: Herpes zoster ophthalmicus,Herpes zoster ophthalmicus
nejm,all_T=char_delete_S=3,821,image_821.jpg,D: Scleroderma,Nephrogenic fibrosing dermopathy
nejm,all_T=char_delete_S=3,822,image_822.jpg,Erysipelas,Cutaneous lupus
nejm,all_T=char_delete_S=3,823,image_823.jpg,A: Acral lentiginous melanoma,Tinea nigra
nejm,all_T=char_delete_S=3,824,image_824.jpg,D: Osmotic demyelination syndrome,Osmotic demyelination syndrome
nejm,all_T=char_delete_S=3,825,image_825.jpg,D: Pyogenic liver abscess,Emphysematous hepatitis
nejm,all_T=char_delete_S=3,826,image_826.jpg,A: Acanthosis nigricans,Bowenoid papulosis
nejm,all_T=char_delete_S=3,827,image_827.jpg,C: Epicutaneous patch testing,IgG and complement deposition at the dermis-epidermis junction
nejm,all_T=char_delete_S=3,828,image_828.jpg,C,Sjögren's syndrome
nejm,all_T=char_delete_S=3,829,image_829.jpg,Cytomegalovirus retinitis,Herpes simplex virus infection
nejm,all_T=char_delete_S=3,830,image_830.jpg,Bacterial felon,Herpetic whitlow
nejm,all_T=char_delete_S=3,831,image_831.jpg,Anti-Ro antibody,Anticentromere antibody
nejm,all_T=char_delete_S=3,832,image_832.jpg,A: Tophaceous gout,Calcinosis
nejm,all_T=char_delete_S=3,833,image_833.jpg,B: Retinal detachment,Retinal detachment
nejm,all_T=char_delete_S=3,834,image_834.jpg,D: Urinary incontinence,Binocular visual loss
nejm,all_T=char_delete_S=3,835,image_835.jpg,A: Androgenic alopecia,Syphilitic alopecia
nejm,all_T=char_delete_S=3,836,image_836.jpg,C: Constrictive pericarditis,Constrictive pericarditis
nejm,all_T=char_delete_S=3,837,image_837.jpg,C,Button magnets in the nasal cavity
nejm,all_T=char_delete_S=3,838,image_838.jpg,E: Testing for herpes simplex virus,Testing for bacterial and viral respiratory pathogens
nejm,all_T=char_delete_S=3,839,image_839.jpg,B: Osteopetrosis,Bone marrow hyperplasia
nejm,all_T=char_delete_S=3,840,image_840.jpg,A: Bowenoid papulosis,Condyloma acuminatum
nejm,all_T=char_delete_S=3,841,image_841.jpg,B: Emphysematous pyelonephritis,Emphysematous pyelonephritis
nejm,all_T=char_delete_S=3,842,image_842.jpg,E: Presence of erythema,Delay in surgical intervention >24 hours
nejm,all_T=char_delete_S=3,843,image_843.jpg,C: Primary hyperaldosteronism,Pheochromocytoma
nejm,all_T=char_delete_S=3,844,image_844.jpg,D: Molluscum contagiosum,Cryptococcus neoformans
nejm,all_T=char_delete_S=3,845,image_845.jpg,B: Clavicular fracture,Lipodystrophy
nejm,all_T=char_delete_S=3,846,image_846.jpg,D: Infection may travel along the lymphatic system leading to lymphangitis.,Transmission is associated with aerosolized contaminated soil exposure.
nejm,all_T=char_delete_S=3,847,image_847.jpg,A: Atopic dermatitis,Zinc deficiency
nejm,all_T=char_delete_S=3,848,image_848.jpg,D: Rheumatoid arthritis,Psoriasis
nejm,all_T=char_delete_S=3,849,image_849.jpg,A: Cutaneous leishmaniasis,Cutaneous leishmaniasis
nejm,all_T=char_delete_S=3,850,image_850.jpg,B: Retinal ischemia,Retinal ischemia
nejm,all_T=char_delete_S=3,851,image_851.jpg,B: Rat bite fever,Rat bite fever
nejm,all_T=char_delete_S=3,852,image_852.jpg,Erysipelas,Arterial insufficiency
nejm,all_T=char_delete_S=3,853,image_853.jpg,Arsenic poisoning,Ochronosis
nejm,all_T=char_delete_S=3,854,image_854.jpg,A: Hemangioma,Adverse reaction to systemic antibiotics
nejm,all_T=char_delete_S=3,855,image_855.jpg,E: Erythema nodosum,Necrobiosis lipoidica diabeticorum
nejm,all_T=char_delete_S=3,856,image_856.jpg,C,Invasive ductal carcinoma
nejm,all_T=char_delete_S=3,857,image_857.jpg,D: Reactive perforating collagenosis,Reactive perforating collagenosis
nejm,all_T=char_delete_S=3,858,image_858.jpg,A: Skull fracture,Skull fracture
nejm,all_T=char_delete_S=3,859,image_859.jpg,A: Aphthous stomatitis,Herpes zoster
nejm,all_T=char_delete_S=3,860,image_860.jpg,B: Lichen planus,Lichen planus
nejm,all_T=char_delete_S=3,861,image_861.jpg,D: Multiple endocrine neoplasia type 2B,Multiple endocrine neoplasia type 1
nejm,all_T=char_delete_S=3,862,image_862.jpg,D: Scleredema of diabetes,Necrolytic migratory erythema
nejm,all_T=char_delete_S=3,863,image_863.jpg,C,Thoracic endometriosis
nejm,all_T=char_delete_S=3,864,image_864.jpg,A: Lipoatrophy,Lipoatrophy
nejm,all_T=char_delete_S=3,865,image_865.jpg,D: Wound culture,Wound culture
nejm,all_T=char_delete_S=3,866,image_866.jpg,A: Necrotizing anterior scleritis,Necrotizing anterior scleritis
nejm,all_T=char_delete_S=3,867,image_867.jpg,A: Arteriovenous malformation,Lymphoma
nejm,all_T=char_delete_S=3,868,image_868.jpg,D: Periorbital cellulitis,Carotid cavernous fistula
nejm,all_T=char_delete_S=3,869,image_869.jpg,C: Meningococcemia,Henoch-Schönlein purpura
nejm,all_T=char_delete_S=3,870,image_870.jpg,E: Acral lentiginous melanoma,Acral lentiginous melanoma
nejm,all_T=char_delete_S=3,871,image_871.jpg,E: Ferrous sulfate,Doxorubicin
nejm,all_T=char_delete_S=3,872,image_872.jpg,E,Generalized granuloma annulare
nejm,all_T=char_delete_S=3,873,image_873.jpg,A,Arrhythmogenic right ventricular cardiomyopathy
nejm,all_T=char_delete_S=3,874,image_874.jpg,C: Primary hyperparathyroidism,Tuberculosis
nejm,all_T=char_delete_S=3,875,image_875.jpg,A: Amoxicillin rash in infectious mononucleosis,Amoxicillin rash in infectious mononucleosis
nejm,all_T=char_delete_S=3,876,image_876.jpg,A: Baker's cyst,Baker's cyst
nejm,all_T=char_delete_S=3,877,image_877.jpg,A: Type 1 Chiari malformation,Arachnoid cyst
nejm,all_T=char_delete_S=3,878,image_878.jpg,B,Naegleria fowleri
nejm,all_T=char_delete_S=3,879,image_879.jpg,Toxoplasma gondii,Strongyloides stercoralis
nejm,all_T=char_delete_S=3,880,image_880.jpg,C: Duodenal atresia,Duodenal atresia
nejm,all_T=char_delete_S=3,881,image_881.jpg,C: Suppurative otitis media,Tympanic hyperectasis
nejm,all_T=char_delete_S=3,882,image_882.jpg,D: Drug-induced hypersensitivity syndrome,Disseminated varicella infection
nejm,all_T=char_delete_S=3,883,image_883.jpg,E: Marfan syndrome,Ehlers-Danlos syndrome
nejm,all_T=char_delete_S=3,884,image_884.jpg,D: Guttate psoriasis,Bedbug bites
nejm,all_T=char_delete_S=3,885,image_885.jpg,D: Histoplasmosis,Actinomycosis
nejm,all_T=char_delete_S=3,886,image_886.jpg,A: Cardiac tamponade,Cardiac tamponade
nejm,all_T=char_delete_S=3,887,image_887.jpg,C: Ectopia lentis,Ectopia lentis
nejm,all_T=char_delete_S=3,888,image_888.jpg,C: Polysomnography,Polysomnography
nejm,all_T=char_delete_S=3,889,image_889.jpg,E: Monosodium urate,Monosodium urate
nejm,all_T=char_delete_S=3,890,image_890.jpg,D: Cholesterol embolization,Cholesterol embolization
nejm,all_T=char_delete_S=3,891,image_891.jpg,B: Left Atrial Appendage Thrombus,Giant Coronary Aneurysm
nejm,all_T=char_delete_S=3,892,image_892.jpg,D: Thyrotropin,Creatine kinase
nejm,all_T=char_delete_S=3,893,image_893.jpg,D: Kaposi’s sarcoma,Kaposi’s sarcoma
nejm,all_T=char_delete_S=3,894,image_894.jpg,A: Alendronate,Zidovudine
nejm,all_T=char_delete_S=3,895,image_895.jpg,A: Chronic liver disease,Hemophilia A
nejm,all_T=char_delete_S=3,896,image_896.jpg,C: Pasteurella canis,Capnocytophaga canimorsus
nejm,all_T=char_delete_S=3,897,image_897.jpg,D: Idiopathic pulmonary fibrosis,Idiopathic pulmonary fibrosis
nejm,all_T=char_delete_S=3,898,image_898.jpg,A: Angioedema,Superior vena cava syndrome
nejm,all_T=char_delete_S=3,899,image_899.jpg,C: Medial epicondylitis,Gout nodulosis
nejm,all_T=char_delete_S=3,900,image_900.jpg,A: Orbital metastasis,Orbital metastasis
nejm,all_T=char_delete_S=3,901,image_901.jpg,A: Herpetic glossitis,Herpetic glossitis
nejm,all_T=char_delete_S=3,902,image_902.jpg,D: Otomycosis,Fracture of the temporal bone
nejm,all_T=char_delete_S=3,903,image_903.jpg,A: Acute gout,Extrapulmonary manifestation of tuberculosis
nejm,all_T=char_delete_S=3,904,image_904.jpg,A: Cytomegalovirus retinitis,Papilledema
nejm,all_T=char_delete_S=3,905,image_905.jpg,Bacterial uveitis,Intraocular parasite infection
nejm,all_T=char_delete_S=3,906,image_906.jpg,Rifampin,Voriconazole
nejm,all_T=char_delete_S=3,907,image_907.jpg,Arsenic keratosis,Porphyria cutanea tarda
nejm,all_T=char_delete_S=3,908,image_908.jpg,E: Plasmodium vivax,Plasmodium vivax
nejm,all_T=char_delete_S=3,909,image_909.jpg,A: Right coronary artery,Left anterior descending artery
nejm,all_T=char_delete_S=3,910,image_910.jpg,Ehrlichiosis,Lead poisoning
nejm,all_T=char_delete_S=3,911,image_911.jpg,A: Conjunctivitis,Symblepharon
nejm,all_T=char_delete_S=3,912,image_912.jpg,A: Hemochromatosis,Pelvic spleen
nejm,all_T=char_delete_S=3,913,image_913.jpg,C: Phenytoin use,COPD
nejm,all_T=char_delete_S=3,914,image_914.jpg,E: Creutzfeldt-Jakob disease,Granulomatous amebic encephalitis
nejm,all_T=char_delete_S=3,915,image_915.jpg,B: Neurofibromatosis type 1,Tuberous sclerosis
nejm,all_T=char_delete_S=3,916,image_916.jpg,"D: Neurofibromatosis, type 1",Familial multiple lipomatosis
nejm,all_T=char_delete_S=3,917,image_917.jpg,Hypertrophic cardiomyopathy,Uremic pericarditis
nejm,all_T=char_delete_S=3,918,image_918.jpg,Erythema ab igne,Cold agglutinin disease
nejm,all_T=char_delete_S=3,919,image_919.jpg,A: Scleroderma,Calciphylaxis
nejm,all_T=char_delete_S=3,920,image_920.jpg,B: Neurofibromatosis,Pigmentary mosaicism
nejm,all_T=char_delete_S=3,921,image_921.jpg,D: Mucocutaneous Epstein–Barr virus,Mycoplasma pneumoniae-associated mucositis
nejm,all_T=char_delete_S=3,922,image_922.jpg,B: Plantar wart,Malignant melanoma
nejm,all_T=char_delete_S=3,923,image_923.jpg,B: Oropharyngeal fish bone foreign body,Cervical spondyloarthropathy
nejm,all_T=char_delete_S=3,924,image_924.jpg,B: Chronic eosinophilic pneumonia,Chronic eosinophilic pneumonia
nejm,all_T=char_delete_S=3,925,image_925.jpg,B: Onychomycosis,Yellow-nail syndrome
nejm,all_T=char_delete_S=3,926,image_926.jpg,B: Streptococcal cellulitis with lymphangitis,Streptococcal cellulitis with lymphangitis
nejm,all_T=char_delete_S=3,927,image_927.jpg,E: Relapsing Polychondritis,Lepromatous Leprosy
nejm,all_T=char_delete_S=3,928,image_928.jpg,B: Hashimoto thyroiditis,Ectopic thyroid
nejm,all_T=char_delete_S=3,929,image_929.jpg,C: Immune thrombocytopenia purpura (ITP),Leukemia cutis
nejm,all_T=char_delete_S=3,930,image_930.jpg,A: Nasal foreign body,Pituitary tumor
nejm,all_T=char_delete_S=3,931,image_931.jpg,B: Median nerve compression,Coronary angiography
nejm,all_T=char_delete_S=3,932,image_932.jpg,D: Pityriasis rosea,Secondary syphilis
nejm,all_T=char_delete_S=3,933,image_933.jpg,A: Asbestosis,Pneumopericardium
nejm,all_T=char_delete_S=3,934,image_934.jpg,A: Encephalitis,Stroke
nejm,all_T=char_delete_S=3,935,image_935.jpg,B: Cushing's syndrome,Porphyria cutanea tarda
nejm,all_T=char_delete_S=3,936,image_936.jpg,C: Osteochondritis dissecans,Synovial chondromatosis
nejm,all_T=char_delete_S=3,937,image_937.jpg,A: Rheumatoid arthritis,Endocarditis
nejm,all_T=char_delete_S=3,938,image_938.jpg,A: Bacterial dermatitis,Bacterial dermatitis
nejm,all_T=char_delete_S=3,939,image_939.jpg,A: Androgenic alopecia,Hypothyroidism
nejm,all_T=char_delete_S=3,940,image_940.jpg,A: Diabetes mellitus,Diabetes mellitus
nejm,all_T=char_delete_S=3,941,image_941.jpg,D: Esophageal melanocytosis,Acute esophageal necrosis
nejm,all_T=char_delete_S=3,942,image_942.jpg,A,Chelation therapy
nejm,all_T=char_delete_S=3,943,image_943.jpg,B: Lung abscess,Diaphragmatic rupture
nejm,all_T=char_delete_S=3,944,image_944.jpg,C: Placenta percreta,Placenta increta
nejm,all_T=char_delete_S=3,945,image_945.jpg,C: Erythema ab igne,Erythema ab igne
nejm,all_T=char_delete_S=3,946,image_946.jpg,D: Raynaud phenomenon,Erythromelalgia
nejm,all_T=char_delete_S=3,947,image_947.jpg,D: Pearly penile papules,Pearly penile papules
nejm,all_T=char_replace_S=3,1,image_1.jpg,D: Measles,"Hand, foot, and mouth disease"
nejm,all_T=char_replace_S=3,2,image_2.jpg,Lyme disease,Tularemia
nejm,all_T=char_replace_S=3,3,image_3.jpg,D: Lichen planus,Dermatomyositis
nejm,all_T=char_replace_S=3,4,image_4.jpg,A: Epiglottitis,Epiglottitis
nejm,all_T=char_replace_S=3,5,image_5.jpg,B: Food allergy,Frey’s syndrome
nejm,all_T=char_replace_S=3,6,image_6.jpg,A,Hemiplegia
nejm,all_T=char_replace_S=3,7,image_7.jpg,A: Empyema,Paraesophageal hernia
nejm,all_T=char_replace_S=3,8,image_8.jpg,E: Trichobezoar,Pneumatosis intestinalis
nejm,all_T=char_replace_S=3,9,image_9.jpg,E,Separation of the iris
nejm,all_T=char_replace_S=3,10,image_10.jpg,B: Hepatocellular carcinoma,Polycystic liver disease
nejm,all_T=char_replace_S=3,11,image_11.jpg,E: Tertiary syphilis,Lepromatous leprosy
nejm,all_T=char_replace_S=3,12,image_12.jpg,A: Pulmonary embolism,Chondroblastic osteosarcoma
nejm,all_T=char_replace_S=3,13,image_13.jpg,A: Pseudoclubbing,Pseudoclubbing
nejm,all_T=char_replace_S=3,14,image_14.jpg,C,Primary hyperoxaluria
nejm,all_T=char_replace_S=3,15,image_15.jpg,B: Constipation,Cecal volvulus
nejm,all_T=char_replace_S=3,16,image_16.jpg,B: Impetigo,Varicella
nejm,all_T=char_replace_S=3,17,image_17.jpg,C: Middle cerebral artery stroke,Metronidazole-associated encephalopathy
nejm,all_T=char_replace_S=3,18,image_18.jpg,B: Knife-cut ulcers from Crohn’s disease,Knife-cut ulcers from Crohn’s disease
nejm,all_T=char_replace_S=3,19,image_19.jpg,C: Left sixth cranial nerve palsy,Right sixth cranial nerve palsy
nejm,all_T=char_replace_S=3,20,image_20.jpg,B: Punctate palmoplantar keratoderma,Punctate palmoplantar keratoderma
nejm,all_T=char_replace_S=3,21,image_21.jpg,A: Arc eye,Coloboma
nejm,all_T=char_replace_S=3,22,image_22.jpg,B: Chemotherapy,Chemotherapy
nejm,all_T=char_replace_S=3,23,image_23.jpg,B: Multiple biliary hamartomas,Multiple biliary hamartomas
nejm,all_T=char_replace_S=3,24,image_24.jpg,B: Leukemia cutis,Graft-versus-host disease
nejm,all_T=char_replace_S=3,25,image_25.jpg,A: Blastomycosis,Celiac disease
nejm,all_T=char_replace_S=3,26,image_26.jpg,E: Wart,Amelanotic melanoma
nejm,all_T=char_replace_S=3,27,image_27.jpg,B: Thrombotic thrombocytopenic purpura,Thrombotic thrombocytopenic purpura
nejm,all_T=char_replace_S=3,28,image_28.jpg,A: Intracranial hemorrhage,Meningioma
nejm,all_T=char_replace_S=3,29,image_29.jpg,D: Inguinal hernia,Metastatic inguinal lymphadenopathy
nejm,all_T=char_replace_S=3,30,image_30.jpg,B: Minocycline-induced pigmentation,Minocycline-induced pigmentation
nejm,all_T=char_replace_S=3,31,image_31.jpg,E: Scabies,Scabies
nejm,all_T=char_replace_S=3,32,image_32.jpg,B,Osteopetrosis
nejm,all_T=char_replace_S=3,33,image_33.jpg,D,Desquamative interstitial pneumonia
nejm,all_T=char_replace_S=3,34,image_34.jpg,E: Waldenstrom's macroglobulinemia,Waldenstrom's macroglobulinemia
nejm,all_T=char_replace_S=3,35,image_35.jpg,E: Cutaneous leishmaniasis,Esophagogastric bypass
nejm,all_T=char_replace_S=3,36,image_36.jpg,C,Larva currens from Strongyloides
nejm,all_T=char_replace_S=3,37,image_37.jpg,B: Emphysematous pyelonephritis,Duodenal perforation
nejm,all_T=char_replace_S=3,38,image_38.jpg,Eclampsia,Adrenal mass
nejm,all_T=char_replace_S=3,39,image_39.jpg,C: Neurofibromatosis,Hereditary hemorrhagic telangiectasia
nejm,all_T=char_replace_S=3,40,image_40.jpg,B: Herpes simplex virus keratitis,Amiodarone-induced vortex keratopathy
nejm,all_T=char_replace_S=3,41,image_41.jpg,C: Metastatic adenocarcinoma,Metastatic adenocarcinoma
nejm,all_T=char_replace_S=3,42,image_42.jpg,B: Iron deficiency anemia,Babesiosis
nejm,all_T=char_replace_S=3,43,image_43.jpg,B: Entropion,Vernal keratoconjunctivitis
nejm,all_T=char_replace_S=3,44,image_44.jpg,C: Psoriasis,Psoriasis
nejm,all_T=char_replace_S=3,45,image_45.jpg,B,Hydroxychloroquine toxicity
nejm,all_T=char_replace_S=3,46,image_46.jpg,A: Syphilis,Torus palatinus
nejm,all_T=char_replace_S=3,47,image_47.jpg,D: Temozolomide,Dexamethasone
nejm,all_T=char_replace_S=3,48,image_48.jpg,B: Acute pancreatitis,Acute pancreatitis
nejm,all_T=char_replace_S=3,49,image_49.jpg,E: Follicular thyroid carcinoma,Bleeding into a thyroid nodule
nejm,all_T=char_replace_S=3,50,image_50.jpg,D: Pyogenic granuloma,Pyogenic granuloma
nejm,all_T=char_replace_S=3,51,image_51.jpg,C: Malignancy,Assault
nejm,all_T=char_replace_S=3,52,image_52.jpg,Erythema multiforme,Tuberculoid leprosy
nejm,all_T=char_replace_S=3,53,image_53.jpg,A: Esophageal tumor,Vein-graft aneurysms
nejm,all_T=char_replace_S=3,54,image_54.jpg,D: Mutton-fat keratic precipitates,Iris atrophy
nejm,all_T=char_replace_S=3,55,image_55.jpg,A: End-stage renal disease,Iron deficiency
nejm,all_T=char_replace_S=3,56,image_56.jpg,E: Lyme disease,Leprosy
nejm,all_T=char_replace_S=3,57,image_57.jpg,A: Hypercholesterolemia,Hypercholesterolemia
nejm,all_T=char_replace_S=3,58,image_58.jpg,A: Chronic kidney disease,Chronic kidney disease
nejm,all_T=char_replace_S=3,59,image_59.jpg,E: Achalasia,Achalasia
nejm,all_T=char_replace_S=3,60,image_60.jpg,A: Central retinal artery occlusion,Malignant hypertension
nejm,all_T=char_replace_S=3,61,image_61.jpg,D: Kaposi's sarcoma,Cryptococcosis
nejm,all_T=char_replace_S=3,62,image_62.jpg,A: Aortic regurgitation,Lisch nodules
nejm,all_T=char_replace_S=3,63,image_63.jpg,A: Acromegaly,Acromegaly
nejm,all_T=char_replace_S=3,64,image_64.jpg,E: Highest intercostal vein,Left-sided superior vena cava
nejm,all_T=char_replace_S=3,65,image_65.jpg,D: Pseudomonas aeruginosa,Blastomyces dermatitidis
nejm,all_T=char_replace_S=3,66,image_66.jpg,A,Relapsing polychondritis
nejm,all_T=char_replace_S=3,67,image_67.jpg,B: Scrofula,Scrofula
nejm,all_T=char_replace_S=3,68,image_68.jpg,B: Odontoid fracture (dens fracture),Traumatic spondylolisthesis of the axis (hangman’s fracture)
nejm,all_T=char_replace_S=3,69,image_69.jpg,C,Gardening
nejm,all_T=char_replace_S=3,70,image_70.jpg,C: Hematoma,Melanoma
nejm,all_T=char_replace_S=3,71,image_71.jpg,D: Sporotrichosis,Actinomycosis
nejm,all_T=char_replace_S=3,72,image_72.jpg,D,Itraconazole
nejm,all_T=char_replace_S=3,73,image_73.jpg,Cerebral aneurysm,Chiari I malformation
nejm,all_T=char_replace_S=3,74,image_74.jpg,A: Primary adrenal insufficiency (Addison’s disease),Primary adrenal insufficiency (Addison’s disease)
nejm,all_T=char_replace_S=3,75,image_75.jpg,E: Superficial pyoderma,Herpes zoster
nejm,all_T=char_replace_S=3,76,image_76.jpg,A: Staphyloma,Melanoma
nejm,all_T=char_replace_S=3,77,image_77.jpg,A: Retinoblastoma,Fungal endophthalmitis
nejm,all_T=char_replace_S=3,78,image_78.jpg,E: Urticaria,Urticaria
nejm,all_T=char_replace_S=3,79,image_79.jpg,C,Gastrospenic fistulization
nejm,all_T=char_replace_S=3,80,image_80.jpg,D: Neonatal hyperbilirubinemia,Neonatal hyperbilirubinemia
nejm,all_T=char_replace_S=3,81,image_81.jpg,D: Lichen planus,Lichen planus
nejm,all_T=char_replace_S=3,82,image_82.jpg,B: Hydrocele,Inguinal hernia
nejm,all_T=char_replace_S=3,83,image_83.jpg,D: Insulin-induced lipohypertrophy,Insulin-induced lipohypertrophy
nejm,all_T=char_replace_S=3,84,image_84.jpg,B,Cessation of nitrofurantoin
nejm,all_T=char_replace_S=3,85,image_85.jpg,D: Fixed drug eruption,Fixed drug eruption
nejm,all_T=char_replace_S=3,86,image_86.jpg,A: Superior vena cava syndrome,Giant right atrium
nejm,all_T=char_replace_S=3,87,image_87.jpg,Lupus vulgaris,Lupus pernio
nejm,all_T=char_replace_S=3,88,image_88.jpg,C: Sickle cell disease,Von Hippel-Lindau disease
nejm,all_T=char_replace_S=3,89,image_89.jpg,B: Epidermoid cyst,Myiasis
nejm,all_T=char_replace_S=3,90,image_90.jpg,D: Left retractile testis,Left testicular torsion
nejm,all_T=char_replace_S=3,91,image_91.jpg,A: Pulmonary hypertension,Pulmonary hypertension
nejm,all_T=char_replace_S=3,92,image_92.jpg,C,Metastasis of colorectal cancer
nejm,all_T=char_replace_S=3,93,image_93.jpg,A: Acinetobacter baumannii,Mycobacterium marinum
nejm,all_T=char_replace_S=3,94,image_94.jpg,D: Periodontal abscess,Syphilitic gumma
nejm,all_T=char_replace_S=3,95,image_95.jpg,D: Osteopetrosis,Gaucher's disease
nejm,all_T=char_replace_S=3,96,image_96.jpg,B,Cholesterol crystal embolization
nejm,all_T=char_replace_S=3,97,image_97.jpg,E: Condyloma acuminatum,Pearly penile papules
nejm,all_T=char_replace_S=3,98,image_98.jpg,A: Diabetes mellitus,Polyarteritis nodosa
nejm,all_T=char_replace_S=3,99,image_99.jpg,A: End-stage renal disease,End-stage renal disease
nejm,all_T=char_replace_S=3,100,image_100.jpg,D: Glenohumeral joint dislocation,Abscess
nejm,all_T=char_replace_S=3,101,image_101.jpg,Eczema herpeticum,Eczema herpeticum
nejm,all_T=char_replace_S=3,102,image_102.jpg,E: Warm autoimmune hemolytic anemia,Cold agglutinin syndrome
nejm,all_T=char_replace_S=3,103,image_103.jpg,A: Calciphylaxis,Scrotal calcinosis
nejm,all_T=char_replace_S=3,104,image_104.jpg,A: Takayasu’s arteritis,Takayasu’s arteritis
nejm,all_T=char_replace_S=3,105,image_105.jpg,A: Acalculous cholecystitis,Gallbladder volvulus
nejm,all_T=char_replace_S=3,106,image_106.jpg,D: Transitional-cell carcinoma,Bladder diverticula
nejm,all_T=char_replace_S=3,107,image_107.jpg,C: Gastric leiomyosarcoma,Gastrogastric intussusception
nejm,all_T=char_replace_S=3,108,image_108.jpg,C: Foreign object ingestion,Pneumatosis cystoides coli
nejm,all_T=char_replace_S=3,109,image_109.jpg,A: Prompt coronary revascularization,Pericardiocentesis
nejm,all_T=char_replace_S=3,110,image_110.jpg,B: Palmoplantar psoriasis,Poststreptococcal pustulosis
nejm,all_T=char_replace_S=3,111,image_111.jpg,C: Osteoarthritis,Osteoarthritis
nejm,all_T=char_replace_S=3,112,image_112.jpg,B: Foreign body,Antrochoanal polyp
nejm,all_T=char_replace_S=3,113,image_113.jpg,D: Trypanosomiasis,Trypanosomiasis
nejm,all_T=char_replace_S=3,114,image_114.jpg,C: Subhepatic appendicitis,Emphysematous cholecystitis
nejm,all_T=char_replace_S=3,115,image_115.jpg,D: Peutz-Jeghers syndrome,Peutz-Jeghers syndrome
nejm,all_T=char_replace_S=3,116,image_116.jpg,C: Chronic granulomatous disease,Chronic granulomatous disease
nejm,all_T=char_replace_S=3,117,image_117.jpg,C: Iron deficiency,Decompensated cirrhosis
nejm,all_T=char_replace_S=3,118,image_118.jpg,Pancreatectomy,Gastric bypass
nejm,all_T=char_replace_S=3,119,image_119.jpg,A: Sweet’s syndrome,Sweet’s syndrome
nejm,all_T=char_replace_S=3,120,image_120.jpg,C: Type III hypersensitivity reaction,Type III hypersensitivity reaction
nejm,all_T=char_replace_S=3,121,image_121.jpg,D: Sulfonylurea,Alpha-glucosidase inhibitor
nejm,all_T=char_replace_S=3,122,image_122.jpg,E: Intraventricular meningioma,Thrombosed intracranial aneurysm
nejm,all_T=char_replace_S=3,123,image_123.jpg,D: Multiple sclerosis,Multiple sclerosis
nejm,all_T=char_replace_S=3,124,image_124.jpg,D: Penicillin allergy,Ludwig's angina
nejm,all_T=char_replace_S=3,125,image_125.jpg,C,Syphilis
nejm,all_T=char_replace_S=3,126,image_126.jpg,A: Cytomegalovirus retinitis,Malignant hypertension
nejm,all_T=char_replace_S=3,127,image_127.jpg,C: Praziquantel,Praziquantel
nejm,all_T=char_replace_S=3,128,image_128.jpg,C,Pemphigoid gestationis
nejm,all_T=char_replace_S=3,129,image_129.jpg,A: Basal-cell carcinoma,Squamous-cell carcinoma
nejm,all_T=char_replace_S=3,130,image_130.jpg,E: Small-bowel volvulus,Small-bowel volvulus
nejm,all_T=char_replace_S=3,131,image_131.jpg,D: Toxic epidermal necrolysis,Toxic shock syndrome
nejm,all_T=char_replace_S=3,132,image_132.jpg,C: Epiglottitis,Epiglottitis
nejm,all_T=char_replace_S=3,133,image_133.jpg,A: Chronic renal failure,Chemotherapy treatment
nejm,all_T=char_replace_S=3,134,image_134.jpg,E: Skull fracture,Air embolism
nejm,all_T=char_replace_S=3,135,image_135.jpg,A: Sjögren's syndrome,Vitamin A deficiency
nejm,all_T=char_replace_S=3,136,image_136.jpg,D: Orf,Anthrax
nejm,all_T=char_replace_S=3,137,image_137.jpg,C: Pulmonary sarcoidosis,Eosinophilic bronchitis
nejm,all_T=char_replace_S=3,138,image_138.jpg,E: MYC,JAK2
nejm,all_T=char_replace_S=3,139,image_139.jpg,A: Bullous pemphigoid,Scleroderma
nejm,all_T=char_replace_S=3,140,image_140.jpg,D: Emphysematous prostatitis,Emphysematous prostatitis
nejm,all_T=char_replace_S=3,141,image_141.jpg,E: Thallium,Nitrous oxide
nejm,all_T=char_replace_S=3,142,image_142.jpg,A: Closed-angle glaucoma,Malignant hypertension
nejm,all_T=char_replace_S=3,143,image_143.jpg,A: Actinomycosis,Actinomycosis
nejm,all_T=char_replace_S=3,144,image_144.jpg,D: Small-bowel obstruction,Sigmoid volvulus
nejm,all_T=char_replace_S=3,145,image_145.jpg,Intussusception,Gastric pneumatosis
nejm,all_T=char_replace_S=3,146,image_146.jpg,A: Conjunctival squamous-cell carcinoma,Conjunctival squamous-cell carcinoma
nejm,all_T=char_replace_S=3,147,image_147.jpg,D: Herpes gestationis,Herpes gestationis
nejm,all_T=char_replace_S=3,148,image_148.jpg,B: Aquagenic keratoderma,Aquagenic keratoderma
nejm,all_T=char_replace_S=3,149,image_149.jpg,C: Keloid,Scrotal calcinosis
nejm,all_T=char_replace_S=3,150,image_150.jpg,A: Vocal-cord granuloma,Carcinoma
nejm,all_T=char_replace_S=3,151,image_151.jpg,Diabetic retinopathy,Lipemia retinalis
nejm,all_T=char_replace_S=3,152,image_152.jpg,A: Amyloidosis,Lead poisoning
nejm,all_T=char_replace_S=3,153,image_153.jpg,C: Macrolides,Tetracyclines
nejm,all_T=char_replace_S=3,154,image_154.jpg,A: Recurrent pulmonary emboli,Thoracic endometriosis
nejm,all_T=char_replace_S=3,155,image_155.jpg,C: Calcium oxalate,Calcium phosphate
nejm,all_T=char_replace_S=3,156,image_156.jpg,C: Keratoconus,Keratoconus
nejm,all_T=char_replace_S=3,157,image_157.jpg,A: Gout,Gout
nejm,all_T=char_replace_S=3,158,image_158.jpg,A: Left facial nerve,Left hypoglossal nerve
nejm,all_T=char_replace_S=3,159,image_159.jpg,C: Discoid eczema,Tinea imbricata
nejm,all_T=char_replace_S=3,160,image_160.jpg,C,Mosquito
nejm,all_T=char_replace_S=3,161,image_161.jpg,C: Pellagra,Treatment with bleomycin
nejm,all_T=char_replace_S=3,162,image_162.jpg,C: Langerhans-cell histiocytosis,Langerhans-cell histiocytosis
nejm,all_T=char_replace_S=3,163,image_163.jpg,A: Central retinal vein occlusion,Cholesterol embolism
nejm,all_T=char_replace_S=3,164,image_164.jpg,D: Onychomycosis,Squamous-cell carcinoma
nejm,all_T=char_replace_S=3,165,image_165.jpg,E: IgA Nephropathy,Renal cryptococcosis
nejm,all_T=char_replace_S=3,166,image_166.jpg,C: Leptospirosis,Tungiasis
nejm,all_T=char_replace_S=3,167,image_167.jpg,Hypothyroidism,Coronary artery disease
nejm,all_T=char_replace_S=3,168,image_168.jpg,D: Liver abscess,Liver abscess
nejm,all_T=char_replace_S=3,169,image_169.jpg,A: Hydrocolpos,Hydrocolpos
nejm,all_T=char_replace_S=3,170,image_170.jpg,D: Hemianopia,Hemiparesis
nejm,all_T=char_replace_S=3,171,image_171.jpg,D: Punctate psoriasis,Keratoderma
nejm,all_T=char_replace_S=3,172,image_172.jpg,A: Chronic lung allograft dysfunction,Parvovirus B19 infection
nejm,all_T=char_replace_S=3,173,image_173.jpg,D: Systemic lupus erythematosus,Polyarteritis nodosa
nejm,all_T=char_replace_S=3,174,image_174.jpg,D: Intestinal malrotation,Pyloric stenosis
nejm,all_T=char_replace_S=3,175,image_175.jpg,B: HIV IgM antibody,HIV nucleic acid test
nejm,all_T=char_replace_S=3,176,image_176.jpg,A: Urate,Oxalate
nejm,all_T=char_replace_S=3,177,image_177.jpg,A: Dermatitis herpetiformis,Pemphigus vulgaris
nejm,all_T=char_replace_S=3,178,image_178.jpg,C,Trypanosoma brucei
nejm,all_T=char_replace_S=3,179,image_179.jpg,Drug-Eluting Bead Embolism,Drug-Eluting Bead Embolism
nejm,all_T=char_replace_S=3,180,image_180.jpg,D: Toxocara canis,Dirofilaria repens
nejm,all_T=char_replace_S=3,181,image_181.jpg,C: Giant-cell arteritis,Giant-cell arteritis
nejm,all_T=char_replace_S=3,182,image_182.jpg,C: Pillar fracture,Atlanto-occipital dislocation
nejm,all_T=char_replace_S=3,183,image_183.jpg,B: Cutaneous anthrax,Chickenpox
nejm,all_T=char_replace_S=3,184,image_184.jpg,D: Zenker’s diverticulum,Bronchoesophageal fistula
nejm,all_T=char_replace_S=3,185,image_185.jpg,E: Williams syndrome,Turner syndrome
nejm,all_T=char_replace_S=3,186,image_186.jpg,Rickets,Paget's disease
nejm,all_T=char_replace_S=3,187,image_187.jpg,A: Aphthous stomatitis,Squamous-cell carcinoma
nejm,all_T=char_replace_S=3,188,image_188.jpg,D,Mycobacterial tenosynovitis due to Mycobacterium avium complex
nejm,all_T=char_replace_S=3,189,image_189.jpg,B: Osteitis fibrosa,Calcinos
nejm,all_T=char_replace_S=3,190,image_190.jpg,Cavernous hemangioma,Lipoma
nejm,all_T=char_replace_S=3,191,image_191.jpg,A: Kawasaki's disease,Kawasaki's disease
nejm,all_T=char_replace_S=3,192,image_192.jpg,C: Pulmonary silicosis,Multiple bacterial abscesses
nejm,all_T=char_replace_S=3,193,image_193.jpg,B: Cat scratch disease,Hidradenitis suppurativa
nejm,all_T=char_replace_S=3,194,image_194.jpg,E: Thyrotropin receptor antibodies,Thyrotropin receptor antibodies
nejm,all_T=char_replace_S=3,195,image_195.jpg,Pterygium,Loa loa
nejm,all_T=char_replace_S=3,196,image_196.jpg,A: Achalasia,Pneumopericardium
nejm,all_T=char_replace_S=3,197,image_197.jpg,D: Erythema nodosum,Erythema marginatum
nejm,all_T=char_replace_S=3,198,image_198.jpg,Superficial thrombophlebitis,Serpentine supravenous hyperpigmentation
nejm,all_T=char_replace_S=3,199,image_199.jpg,D: Psoriasis,Tinea
nejm,all_T=char_replace_S=3,200,image_200.jpg,D: Light-near dissociation,Light-near dissociation
nejm,all_T=char_replace_S=3,201,image_201.jpg,C: Rib metastases,Supernumerary rib
nejm,all_T=char_replace_S=3,202,image_202.jpg,C: Granulomatosis with polyangiitis,Polychondritis
nejm,all_T=char_replace_S=3,203,image_203.jpg,D: Hemophagocytosis of sickle cells,Hemophagocytosis of sickle cells
nejm,all_T=char_replace_S=3,204,image_204.jpg,B: Addison's disease,Hypogonadism
nejm,all_T=char_replace_S=3,205,image_205.jpg,A: Aortic aneurysm,Esophageal diverticulum
nejm,all_T=char_replace_S=3,206,image_206.jpg,Ehlers-Danlos syndrome,Pseudoxanthoma elasticum
nejm,all_T=char_replace_S=3,207,image_207.jpg,C,Hereditary hemorrhagic telangiectasia
nejm,all_T=char_replace_S=3,208,image_208.jpg,A: Aortic and mitral valves,Aortic and mitral valves
nejm,all_T=char_replace_S=3,209,image_209.jpg,D: Osteoarthritis,Albright's hereditary osteodystrophy
nejm,all_T=char_replace_S=3,210,image_210.jpg,D: Herpetic whitlow,Polyarteritis nodosa
nejm,all_T=char_replace_S=3,211,image_211.jpg,C: Osteogenesis imperfecta,Osteogenesis imperfecta
nejm,all_T=char_replace_S=3,212,image_212.jpg,A: Normal-pressure hydrocephalus,Normal-pressure hydrocephalus
nejm,all_T=char_replace_S=3,213,image_213.jpg,E: Xanthochromia,Elevated opening pressure
nejm,all_T=char_replace_S=3,214,image_214.jpg,Insulin resistance,Insulin resistance
nejm,all_T=char_replace_S=3,215,image_215.jpg,A: Cushing's syndrome,Electrocution
nejm,all_T=char_replace_S=3,216,image_216.jpg,D: Cysticercosis,Cysticercosis
nejm,all_T=char_replace_S=3,217,image_217.jpg,C: Giardiasis,Leptospirosis
nejm,all_T=char_replace_S=3,218,image_218.jpg,A: Ichthyosis,Ischemic gangrene
nejm,all_T=char_replace_S=3,219,image_219.jpg,C: Inflammatory breast cancer,Carcinoma en cuirasse
nejm,all_T=char_replace_S=3,220,image_220.jpg,C: Impetigo,Scabies
nejm,all_T=char_replace_S=3,221,image_221.jpg,C: Ground-glass opacity,Air bronchogram
nejm,all_T=char_replace_S=3,222,image_222.jpg,A: Lipomas,Echinococcal cysts
nejm,all_T=char_replace_S=3,223,image_223.jpg,D: Chondrocalcinosis,Chondrocalcinosis
nejm,all_T=char_replace_S=3,224,image_224.jpg,B: Myocarditis,Stenosis of the left anterior descending artery
nejm,all_T=char_replace_S=3,225,image_225.jpg,C: Keratosis follicularis,Papillomatosis cutis lymphostatica
nejm,all_T=char_replace_S=3,226,image_226.jpg,A: Ovarian torsion,Fallopian tube torsion
nejm,all_T=char_replace_S=3,227,image_227.jpg,B: Leishmaniasis,Rhinophyma
nejm,all_T=char_replace_S=3,228,image_228.jpg,A: Chalazion,Dermoid
nejm,all_T=char_replace_S=3,229,image_229.jpg,D: Erythrodermic psoriasis,Erythrodermic psoriasis
nejm,all_T=char_replace_S=3,230,image_230.jpg,A: Prolapse of orbital fat,Prolapse of orbital fat
nejm,all_T=char_replace_S=3,231,image_231.jpg,B: Poland syndrome,Poland syndrome
nejm,all_T=char_replace_S=3,232,image_232.jpg,E: Lingua villosa nigra,Lingua villosa nigra
nejm,all_T=char_replace_S=3,233,image_233.jpg,A: Diaphragm,Intercostal muscle
nejm,all_T=char_replace_S=3,234,image_234.jpg,C,Gastric cancer
nejm,all_T=char_replace_S=3,235,image_235.jpg,C: Nelson’s syndrome,Somatotropic pituitary adenoma
nejm,all_T=char_replace_S=3,236,image_236.jpg,C: Measles,Treponema pallidum
nejm,all_T=char_replace_S=3,237,image_237.jpg,B,Leukemic infiltration of the gingiva
nejm,all_T=char_replace_S=3,238,image_238.jpg,B: Necrobiosis lipoidica diabeticorum,Necrolytic migratory erythema
nejm,all_T=char_replace_S=3,239,image_239.jpg,C: Closed-angle glaucoma,Waldenström’s macroglobulinemia
nejm,all_T=char_replace_S=3,240,image_240.jpg,B: Straddle pelvic fracture,Open-book fracture
nejm,all_T=char_replace_S=3,241,image_241.jpg,Eczema,Tinea barbae
nejm,all_T=char_replace_S=3,242,image_242.jpg,D: Herpetic whitlow,Herpetic whitlow
nejm,all_T=char_replace_S=3,243,image_243.jpg,C: Urinary retention,Urinary retention
nejm,all_T=char_replace_S=3,244,image_244.jpg,D: Pneumothorax,Pneumothorax
nejm,all_T=char_replace_S=3,245,image_245.jpg,E: Persistent pupillary membranes,Persistent pupillary membranes
nejm,all_T=char_replace_S=3,246,image_246.jpg,A,Odontogenic cutaneous fistula
nejm,all_T=char_replace_S=3,247,image_247.jpg,Superficial thrombophlebitis,Superficial thrombophlebitis
nejm,all_T=char_replace_S=3,248,image_248.jpg,A: Basal-cell carcinoma,Molluscum contagiosum
nejm,all_T=char_replace_S=3,249,image_249.jpg,A: Cutaneous leishmaniasis,Cutaneous leishmaniasis
nejm,all_T=char_replace_S=3,250,image_250.jpg,C: Granulomatosis with polyangiitis,Giant-cell arteritis
nejm,all_T=char_replace_S=3,251,image_251.jpg,B: Antisynthetase syndrome,Antisynthetase syndrome
nejm,all_T=char_replace_S=3,252,image_252.jpg,A: Contact dermatitis,Nummular eczema
nejm,all_T=char_replace_S=3,253,image_253.jpg,B: Cellulitis,Acute lymphangitis
nejm,all_T=char_replace_S=3,254,image_254.jpg,A: Cavernous sinus thrombosis,Rheumatoid arthritis
nejm,all_T=char_replace_S=3,255,image_255.jpg,A: Sublingual epidermoid cyst,Sublingual epidermoid cyst
nejm,all_T=char_replace_S=3,256,image_256.jpg,A: Miliary tuberculosis,Sarcoidosis
nejm,all_T=char_replace_S=3,257,image_257.jpg,A: Chancroid,Syphilis
nejm,all_T=char_replace_S=3,258,image_258.jpg,"B: Small coins (e.g., a penny)",Foreign bodies that have been present for longer than 24 hours
nejm,all_T=char_replace_S=3,259,image_259.jpg,A: Digitalis intoxication,Cardiac allograft
nejm,all_T=char_replace_S=3,260,image_260.jpg,C: Phlegmasia cerulea dolens,Phlegmasia cerulea dolens
nejm,all_T=char_replace_S=3,261,image_261.jpg,A: Scarlet fever,Measles
nejm,all_T=char_replace_S=3,262,image_262.jpg,C: Herpetic keratitis,Vernal conjunctivitis
nejm,all_T=char_replace_S=3,263,image_263.jpg,E,Left ventricle
nejm,all_T=char_replace_S=3,264,image_264.jpg,B: Bilirubin,Bilirubin
nejm,all_T=char_replace_S=3,265,image_265.jpg,E: Ulcerative colitis,Eisenmenger's syndrome
nejm,all_T=char_replace_S=3,266,image_266.jpg,E,Page kidney
nejm,all_T=char_replace_S=3,267,image_267.jpg,A: Gastric outlet obstruction,Ulcerative colitis
nejm,all_T=char_replace_S=3,268,image_268.jpg,A: Geographic tongue,Geographic tongue
nejm,all_T=char_replace_S=3,269,image_269.jpg,D: Multiple Myeloma,Bone marrow necrosis
nejm,all_T=char_replace_S=3,270,image_270.jpg,A: Hydrocortisone,Permethrin
nejm,all_T=char_replace_S=3,271,image_271.jpg,Cushing's syndrome,Hypothyroidism
nejm,all_T=char_replace_S=3,272,image_272.jpg,E: Preeclampsia,Preeclampsia
nejm,all_T=char_replace_S=3,273,image_273.jpg,B,Intestinal lipomatosis
nejm,all_T=char_replace_S=3,274,image_274.jpg,A: Papilledema,Cholesterol emboli
nejm,all_T=char_replace_S=3,275,image_275.jpg,B: Bullous pemphigoid,Herpes zoster
nejm,all_T=char_replace_S=3,276,image_276.jpg,A: Cutaneous leishmaniasis,Sporotrichosis
nejm,all_T=char_replace_S=3,277,image_277.jpg,B: Diabetic retinopathy,Central retinal artery occlusion
nejm,all_T=char_replace_S=3,278,image_278.jpg,A: Molar pregnancy,Hematometrocolpos
nejm,all_T=char_replace_S=3,279,image_279.jpg,Mitral stenosis,Superior vena cava syndrome
nejm,all_T=char_replace_S=3,280,image_280.jpg,A: Cirrhosis,Cirrhosis
nejm,all_T=char_replace_S=3,281,image_281.jpg,A: Hyperplastic polyps,Ménétrier’s disease
nejm,all_T=char_replace_S=3,282,image_282.jpg,B: Pseudothrombocytopenia due to plate clumping associated with EDTA,Pseudothrombocytosis due to red cell fragments
nejm,all_T=char_replace_S=3,283,image_283.jpg,E: Scleral rupture,Carotid cavernous sinus fistula
nejm,all_T=char_replace_S=3,284,image_284.jpg,D: Plastic bronchitis,Plastic bronchitis
nejm,all_T=char_replace_S=3,285,image_285.jpg,A: Endometrioma,Intraabdominal cancer
nejm,all_T=char_replace_S=3,286,image_286.jpg,A: Rosacea,Rosacea
nejm,all_T=char_replace_S=3,287,image_287.jpg,A: Abdominal aortic aneurysm,Urachal mucinous cystic tumor
nejm,all_T=char_replace_S=3,288,image_288.jpg,A: Asymmetrical mydriasis,Quadriplegia
nejm,all_T=char_replace_S=3,289,image_289.jpg,D: Retinitis pigmentosa,Marfan’s syndrome
nejm,all_T=char_replace_S=3,290,image_290.jpg,D: Sclerosing sialadenitis,Sclerosing sialadenitis
nejm,all_T=char_replace_S=3,291,image_291.jpg,E: Cardiac amyloidosis,Angiosarcoma
nejm,all_T=char_replace_S=3,292,image_292.jpg,A: Chronic venous insufficiency,Chronic venous insufficiency
nejm,all_T=char_replace_S=3,293,image_293.jpg,A: Parulis,Torus mandibularis
nejm,all_T=char_replace_S=3,294,image_294.jpg,E: Tongue mucocele,Spindle-cell sarcoma
nejm,all_T=char_replace_S=3,295,image_295.jpg,C: Stomach,Stomach
nejm,all_T=char_replace_S=3,296,image_296.jpg,D: Cogan’s syndrome,Cogan’s syndrome
nejm,all_T=char_replace_S=3,297,image_297.jpg,Salbutamol,Ipratropium
nejm,all_T=char_replace_S=3,298,image_298.jpg,A: Diabetic bullae,Eruptive xanthomas
nejm,all_T=char_replace_S=3,299,image_299.jpg,B: Mumps,Iodide-associated sialadenitis
nejm,all_T=char_replace_S=3,300,image_300.jpg,C: Fungal peritonitis,Encapsulating peritoneal sclerosis
nejm,all_T=char_replace_S=3,301,image_301.jpg,Beta2-microglobulin,Calcitonin
nejm,all_T=char_replace_S=3,302,image_302.jpg,B: Osteopetrosis,Primary hypertrophic osteoarthropathy
nejm,all_T=char_replace_S=3,303,image_303.jpg,D: Klippel-Trenaunay syndrome,Congenital cytomegalovirus infection
nejm,all_T=char_replace_S=3,304,image_304.jpg,A: Cardiac tamponade,Right coronary artery occlusion
nejm,all_T=char_replace_S=3,305,image_305.jpg,A: Tracheal agenesis with bronchoesophageal fistula,Tracheal agenesis with bronchoesophageal fistula
nejm,all_T=char_replace_S=3,306,image_306.jpg,A: 17-hydroxyprogesterone,Angiotensin-converting enzyme
nejm,all_T=char_replace_S=3,307,image_307.jpg,D: Shingles,Neurofibromatosis
nejm,all_T=char_replace_S=3,308,image_308.jpg,E: Systemic lupus erythematosus,Systemic lupus erythematosus
nejm,all_T=char_replace_S=3,309,image_309.jpg,D,Granulomatosis with polyangiitis
nejm,all_T=char_replace_S=3,310,image_310.jpg,C: Rhabdomyolysis,Ethylene glycol poisoning
nejm,all_T=char_replace_S=3,311,image_311.jpg,C: Meckel's diverticulum,Ascariasis
nejm,all_T=char_replace_S=3,312,image_312.jpg,A: Group A streptococcus,Group A streptococcus
nejm,all_T=char_replace_S=3,313,image_313.jpg,D: Retinoblastoma,Shaken-baby syndrome
nejm,all_T=char_replace_S=3,314,image_314.jpg,D: Stevens-Johnson syndrome,Exanthematous pustulosis
nejm,all_T=char_replace_S=3,315,image_315.jpg,B: Infectious mononucleosis,Rubella
nejm,all_T=char_replace_S=3,316,image_316.jpg,B: Cutaneous leishmaniasis,Cutaneous leishmaniasis
nejm,all_T=char_replace_S=3,317,image_317.jpg,B: Pemphigus,Thrombotic vasculopathy
nejm,all_T=char_replace_S=3,318,image_318.jpg,A: Hand-foot-mouth disease,Herpes simplex virus infection
nejm,all_T=char_replace_S=3,319,image_319.jpg,D: Eosinophilic esophagitis,Eosinophilic esophagitis
nejm,all_T=char_replace_S=3,320,image_320.jpg,E: Periodontal abscess,Prevertebral air
nejm,all_T=char_replace_S=3,321,image_321.jpg,A: Cows,Cats
nejm,all_T=char_replace_S=3,322,image_322.jpg,E: Portal hypertension,Histoplasmosis
nejm,all_T=char_replace_S=3,323,image_323.jpg,A: Asbestosis,Paragonimiasis
nejm,all_T=char_replace_S=3,324,image_324.jpg,C,Fibromuscular dysplasia
nejm,all_T=char_replace_S=3,325,image_325.jpg,A: Condylomata acuminata,Condylomata lata
nejm,all_T=char_replace_S=3,326,image_326.jpg,E: Paget's disease,Adrenal insufficiency
nejm,all_T=char_replace_S=3,327,image_327.jpg,D: Melanoma,Vitamin B12 deficiency
nejm,all_T=char_replace_S=3,328,image_328.jpg,C: Ostraceous psoriasis,Ostraceous psoriasis
nejm,all_T=char_replace_S=3,329,image_329.jpg,D: Condyloma acuminatum,Squamous-cell carcinoma
nejm,all_T=char_replace_S=3,330,image_330.jpg,E,Primary adrenal lymphoma
nejm,all_T=char_replace_S=3,331,image_331.jpg,A: Spider angioma,Spider angioma
nejm,all_T=char_replace_S=3,332,image_332.jpg,E: Yaws,Actinomycetoma
nejm,all_T=char_replace_S=3,333,image_333.jpg,D: Malignant melanoma,Halo nevus
nejm,all_T=char_replace_S=3,334,image_334.jpg,D: Amiodarone-induced skin discoloration,Amiodarone-induced skin discoloration
nejm,all_T=char_replace_S=3,335,image_335.jpg,A: Leukemia,Leukemia
nejm,all_T=char_replace_S=3,336,image_336.jpg,A: Babesiosis,Tickborne relapsing fever
nejm,all_T=char_replace_S=3,337,image_337.jpg,D: Tinea versicolor,Erythema gyratum repens
nejm,all_T=char_replace_S=3,338,image_338.jpg,C: Deep venous thrombosis,Deep venous thrombosis
nejm,all_T=char_replace_S=3,339,image_339.jpg,D: Bronchiolitis,Bordetella pertussis
nejm,all_T=char_replace_S=3,340,image_340.jpg,A: Schistosomiasis,Ingestion of a heavy metal
nejm,all_T=char_replace_S=3,341,image_341.jpg,E: Tophaceous gout,Tophaceous gout
nejm,all_T=char_replace_S=3,342,image_342.jpg,D: Dumping syndrome,Internal hernia
nejm,all_T=char_replace_S=3,343,image_343.jpg,B,Colocolonic intussusception
nejm,all_T=char_replace_S=3,344,image_344.jpg,C: Heme pigment,Cholesterol crystals
nejm,all_T=char_replace_S=3,345,image_345.jpg,D: Pulmonary-artery dissection,Pulmonary-artery dissection
nejm,all_T=char_replace_S=3,346,image_346.jpg,A: Beta-thalassemia,Beta-thalassemia
nejm,all_T=char_replace_S=3,347,image_347.jpg,C,"Consumption of undercooked, infected beef"
nejm,all_T=char_replace_S=3,348,image_348.jpg,D: Pemphigus vulgaris,Neutrophilic dermatosis
nejm,all_T=char_replace_S=3,349,image_349.jpg,E: 25-hydroxy-vitamin D,Alkaline phosphatase
nejm,all_T=char_replace_S=3,350,image_350.jpg,A: Gastric volvulus,Ogilvie’s syndrome
nejm,all_T=char_replace_S=3,351,image_351.jpg,A: Age-related macular degeneration,Toxoplasmosis
nejm,all_T=char_replace_S=3,352,image_352.jpg,D: Melasma,Fluorouracil side effect
nejm,all_T=char_replace_S=3,353,image_353.jpg,C: Epidermoid cyst,Furuncular myiasis
nejm,all_T=char_replace_S=3,354,image_354.jpg,E: Tuberculosis,Sarcoidosis
nejm,all_T=char_replace_S=3,355,image_355.jpg,A: Herpes simplex keratitis,Radial keratotomy
nejm,all_T=char_replace_S=3,356,image_356.jpg,B: Uterine perforation,Uterine perforation
nejm,all_T=char_replace_S=3,357,image_357.jpg,A: Dementia with Lewy bodies,Creutzfeld-Jakob disease
nejm,all_T=char_replace_S=3,358,image_358.jpg,Pneumoconiosis,Tobacco
nejm,all_T=char_replace_S=3,359,image_359.jpg,C: Metastatic lung cancer,Metastatic lung cancer
nejm,all_T=char_replace_S=3,360,image_360.jpg,A: Inflammatory breast cancer,Radiation-induced angiosarcoma
nejm,all_T=char_replace_S=3,361,image_361.jpg,C,Atopic eruption of pregnancy
nejm,all_T=char_replace_S=3,362,image_362.jpg,A: Biotin,Niacin
nejm,all_T=char_replace_S=3,363,image_363.jpg,E,Spur-cell hemolytic anemia
nejm,all_T=char_replace_S=3,364,image_364.jpg,Toxocariasis,Cutaneous larva migrans
nejm,all_T=char_replace_S=3,365,image_365.jpg,A: Herpes simplex virus infection,Treponema pallidum infection
nejm,all_T=char_replace_S=3,366,image_366.jpg,E: Tinea corporis,Insect bite
nejm,all_T=char_replace_S=3,367,image_367.jpg,A: Aorta,Diaphragm
nejm,all_T=char_replace_S=3,368,image_368.jpg,Pneumothorax,Lung herniation
nejm,all_T=char_replace_S=3,369,image_369.jpg,A: Congenital adrenal hyperplasia,Spinal dysraphism
nejm,all_T=char_replace_S=3,370,image_370.jpg,A: Nascent hemangioma of infancy,Infant harlequin syndrome
nejm,all_T=char_replace_S=3,371,image_371.jpg,E: Mandibular fracture,Mandibular fracture
nejm,all_T=char_replace_S=3,372,image_372.jpg,D: Panniculitis,Panniculitis
nejm,all_T=char_replace_S=3,373,image_373.jpg,B: Henoch–Schönlein purpura,Peutz–Jeghers syndrome
nejm,all_T=char_replace_S=3,374,image_374.jpg,A: Diphtheria,Secondary syphilis
nejm,all_T=char_replace_S=3,375,image_375.jpg,D: Inverted Q wave,Osborn wave
nejm,all_T=char_replace_S=3,376,image_376.jpg,B: Staphylococcal scalded skin,Staphylococcal scalded skin
nejm,all_T=char_replace_S=3,377,image_377.jpg,D: Insulin lipohypertrophy,Insulin lipohypertrophy
nejm,all_T=char_replace_S=3,378,image_378.jpg,B: Actinic keratosis,Actinic granuloma
nejm,all_T=char_replace_S=3,379,image_379.jpg,D: Neurocysticercosis,Cystic echinococcosis
nejm,all_T=char_replace_S=3,380,image_380.jpg,D: Rheumatoid arthritis,Alcohol dependency
nejm,all_T=char_replace_S=3,381,image_381.jpg,D: Multiple iris nevi,Lisch nodules
nejm,all_T=char_replace_S=3,382,image_382.jpg,C: Manganese,Zinc
nejm,all_T=char_replace_S=3,383,image_383.jpg,A: Thrombocytosis,Eosinophilia
nejm,all_T=char_replace_S=3,384,image_384.jpg,C,Antiphospholipid syndrome
nejm,all_T=char_replace_S=3,385,image_385.jpg,D: Subarachnoid hemorrhage,Epidural hematoma
nejm,all_T=char_replace_S=3,386,image_386.jpg,D: Subphrenic abscess,Trichobezoar
nejm,all_T=char_replace_S=3,387,image_387.jpg,B: Metastatic melanoma,Osteomalacia
nejm,all_T=char_replace_S=3,388,image_388.jpg,C,Lymphoma
nejm,all_T=char_replace_S=3,389,image_389.jpg,C: Serum calcium,Bone scan
nejm,all_T=char_replace_S=3,390,image_390.jpg,A: Gastric cancer,Gastric cancer
nejm,all_T=char_replace_S=3,391,image_391.jpg,A: Drug-induced reaction,Malakoplakia
nejm,all_T=char_replace_S=3,392,image_392.jpg,D: Prolactinoma,Prolactinoma
nejm,all_T=char_replace_S=3,393,image_393.jpg,A: Polymyalgia rheumatica,Systemic lupus erythematosus
nejm,all_T=char_replace_S=3,394,image_394.jpg,B: Intravitreal hemorrhage,Traumatic bleb
nejm,all_T=char_replace_S=3,395,image_395.jpg,C: Leukemia cutis,Soft-tissue calcinosis
nejm,all_T=char_replace_S=3,396,image_396.jpg,A: Verruca vulgaris,Chromoblastomycosis
nejm,all_T=char_replace_S=3,397,image_397.jpg,D: Pectus excavatum,Pectus excavatum
nejm,all_T=char_replace_S=3,398,image_398.jpg,E: Tuberculosis,Tuberculosis
nejm,all_T=char_replace_S=3,399,image_399.jpg,A: Alopecia areata,Fibrosing alopecia
nejm,all_T=char_replace_S=3,400,image_400.jpg,C,Ludwig’s angina
nejm,all_T=char_replace_S=3,401,image_401.jpg,C: Nephrogenic fibrosing dermopathy,Nephrogenic fibrosing dermopathy
nejm,all_T=char_replace_S=3,402,image_402.jpg,C: Lingual carcinoma,Hypoglossal nerve injury
nejm,all_T=char_replace_S=3,403,image_403.jpg,A: Primary hepatic carcinoma,Cystic echinococcosis
nejm,all_T=char_replace_S=3,404,image_404.jpg,A: Congestive heart failure,Congestive heart failure
nejm,all_T=char_replace_S=3,405,image_405.jpg,A: Systemic lupus erythematosus,Scleroderma
nejm,all_T=char_replace_S=3,406,image_406.jpg,Candida albicans,Corynebacterium minutissimum
nejm,all_T=char_replace_S=3,407,image_407.jpg,A: Esophageal rupture,Hydropneumothorax
nejm,all_T=char_replace_S=3,408,image_408.jpg,D: Calciphylaxis,Gout
nejm,all_T=char_replace_S=3,409,image_409.jpg,B: Drug reaction with eosinophilia and systemic symptoms,Drug reaction with eosinophilia and systemic symptoms
nejm,all_T=char_replace_S=3,410,image_410.jpg,D: Raynaud disease,Subclavian vein thrombosis
nejm,all_T=char_replace_S=3,411,image_411.jpg,D: Infantile hepatic hemangiomas,Infantile hepatic hemangiomas
nejm,all_T=char_replace_S=3,412,image_412.jpg,C: Cryptococcus neoformans,Histoplasma capsulatum
nejm,all_T=char_replace_S=3,413,image_413.jpg,A: Cerebriform nevus sebaceous,Cerebriform nevus sebaceous
nejm,all_T=char_replace_S=3,414,image_414.jpg,D: Liver cirrhosis,Metastatic colon cancer
nejm,all_T=char_replace_S=3,415,image_415.jpg,D: Psoriasis,Vitiligo
nejm,all_T=char_replace_S=3,416,image_416.jpg,A: Auriculotemporal nerve syndrome,Carcinoid syndrome
nejm,all_T=char_replace_S=3,417,image_417.jpg,D: Nevus of Ota,Congenital melanocytic nevus
nejm,all_T=char_replace_S=3,418,image_418.jpg,B,Multiple endocrine neoplasia type 2B
nejm,all_T=char_replace_S=3,419,image_419.jpg,A: Medullary carcinoma of the thyroid,Peripancreatic malignancy
nejm,all_T=char_replace_S=3,420,image_420.jpg,B: Immature cataract,Intraocular tumor
nejm,all_T=char_replace_S=3,421,image_421.jpg,B: Cryptococcal meningitis,Cryptococcal meningitis
nejm,all_T=char_replace_S=3,422,image_422.jpg,D: Angiotensin converting-enzyme inhibitor,Angiotensin converting-enzyme inhibitor
nejm,all_T=char_replace_S=3,423,image_423.jpg,B: Calluses,Plantar warts
nejm,all_T=char_replace_S=3,424,image_424.jpg,A: Acromegaly,Diabetes mellitus
nejm,all_T=char_replace_S=3,425,image_425.jpg,Celiac disease,Nodular lymphoid hyperplasia
nejm,all_T=char_replace_S=3,426,image_426.jpg,B,Retropharyngeal abscess
nejm,all_T=char_replace_S=3,427,image_427.jpg,A: Carbamazepine,Chloroquine
nejm,all_T=char_replace_S=3,428,image_428.jpg,C: Diffuse cutaneous systemic sclerosis,Diffuse cutaneous systemic sclerosis
nejm,all_T=char_replace_S=3,429,image_429.jpg,A: Atrial fibrillation,Diabetes mellitus
nejm,all_T=char_replace_S=3,430,image_430.jpg,A: Remove the foreign object completely,Leave the foreign object in place
nejm,all_T=char_replace_S=3,431,image_431.jpg,Thromboangiitis obliterans,Ergotism
nejm,all_T=char_replace_S=3,432,image_432.jpg,E: Primary hyperparathyroidism,Ankylosing spondylitis
nejm,all_T=char_replace_S=3,433,image_433.jpg,E: Respiratory system,Respiratory system
nejm,all_T=char_replace_S=3,434,image_434.jpg,B: Collodion baby,Harlequin color change
nejm,all_T=char_replace_S=3,435,image_435.jpg,A: Peritonsillar abscess,Tonsillar cancer
nejm,all_T=char_replace_S=3,436,image_436.jpg,A: Acute pulmonary embolism,Ascending aortic aneurysm
nejm,all_T=char_replace_S=3,437,image_437.jpg,D: Vitiligo,Congenital nevus
nejm,all_T=char_replace_S=3,438,image_438.jpg,D: Vibrio vulnificus,Vibrio vulnificus
nejm,all_T=char_replace_S=3,439,image_439.jpg,A: Atypical antipsychotic,Protease inhibitor
nejm,all_T=char_replace_S=3,440,image_440.jpg,C: Wernicke’s encephalopathy,Wernicke’s encephalopathy
nejm,all_T=char_replace_S=3,441,image_441.jpg,B,Superior mesenteric artery syndrome
nejm,all_T=char_replace_S=3,442,image_442.jpg,A: Dermoid cyst,Mucocele
nejm,all_T=char_replace_S=3,443,image_443.jpg,B: Enterovirus,Varicella-zoster virus
nejm,all_T=char_replace_S=3,444,image_444.jpg,E: Myasthenia gravis,Myasthenia gravis
nejm,all_T=char_replace_S=3,445,image_445.jpg,A: Aspiration pneumonia,Pleural perforation
nejm,all_T=char_replace_S=3,446,image_446.jpg,E: Lactational mastitis,Polymastia
nejm,all_T=char_replace_S=3,447,image_447.jpg,B: Gout,Gout
nejm,all_T=char_replace_S=3,448,image_448.jpg,D: Intravenous valacyclovir,Aspirin and intravenous immune globulin
nejm,all_T=char_replace_S=3,449,image_449.jpg,B: Glucocorticoid induced ulceration,Extranodal natural killer T-cell lymphoma
nejm,all_T=char_replace_S=3,450,image_450.jpg,A: Amyloidosis,Celiac disease
nejm,all_T=char_replace_S=3,451,image_451.jpg,E: Sjogren's syndrome,Amyotrophic lateral sclerosis
nejm,all_T=char_replace_S=3,452,image_452.jpg,C: Sjogren's syndrome,Uveoparotid fever
nejm,all_T=char_replace_S=3,453,image_453.jpg,C: Pyoderma gangrenosum,Anti-MDA5 dermatomyositis
nejm,all_T=char_replace_S=3,454,image_454.jpg,D: Cellulitis,Cellulitis
nejm,all_T=char_replace_S=3,455,image_455.jpg,E: Trichobezoar,Intraabdominal hernia
nejm,all_T=char_replace_S=3,456,image_456.jpg,C,Acute dacryocystitis
nejm,all_T=char_replace_S=3,457,image_457.jpg,B: Parathyroid hormone related protein,Anti-Hu antibody
nejm,all_T=char_replace_S=3,458,image_458.jpg,A: Crusted scabies,Crusted scabies
nejm,all_T=char_replace_S=3,459,image_459.jpg,B,Schistosoma hematobium
nejm,all_T=char_replace_S=3,460,image_460.jpg,C: Epiglottitis,Epiglottitis
nejm,all_T=char_replace_S=3,461,image_461.jpg,Erythema multiforme,Urticaria multiforme
nejm,all_T=char_replace_S=3,462,image_462.jpg,C: Observation,Tetracycline
nejm,all_T=char_replace_S=3,463,image_463.jpg,C: Cortisol,Alkaline phosphatase
nejm,all_T=char_replace_S=3,464,image_464.jpg,B: Leukemia cutis,Neutrophilic eccrine hidradenitis
nejm,all_T=char_replace_S=3,465,image_465.jpg,"B: Left hemiparesis, gaze deviated to the left","Left hemiparesis, gaze deviated to the right"
nejm,all_T=char_replace_S=3,466,image_466.jpg,A: Lead exposure,Lead exposure
nejm,all_T=char_replace_S=3,467,image_467.jpg,C: Paraneoplastic pemphigus,Necrolytic migratory erythema
nejm,all_T=char_replace_S=3,468,image_468.jpg,E: Livedo reticularis,Erythema ab igne
nejm,all_T=char_replace_S=3,469,image_469.jpg,Phototoxic dermatitis,Phototoxic dermatitis
nejm,all_T=char_replace_S=3,470,image_470.jpg,C: Laryngeal papillomatosis,Laryngeal candidiasis
nejm,all_T=char_replace_S=3,471,image_471.jpg,A: Achalasia,Zenker's diverticulum
nejm,all_T=char_replace_S=3,472,image_472.jpg,B: Mondor’s disease,Mondor’s disease
nejm,all_T=char_replace_S=3,473,image_473.jpg,A: Acute demyelinating encephalomyelitis,Posterior reversible encephalopathy syndrome
nejm,all_T=char_replace_S=3,474,image_474.jpg,A: Carpal tunnel syndrome,Systemic sclerosis
nejm,all_T=char_replace_S=3,475,image_475.jpg,"D: Hypercalcemia, hypophosphatemia, and hyperkalemia","Hypocalcemia, hypophosphatemia, and hyperkalemia"
nejm,all_T=char_replace_S=3,476,image_476.jpg,E: Slipped capital femoral epiphysis,Legg–Calvé–Perthes disease
nejm,all_T=char_replace_S=3,477,image_477.jpg,A: Decompression sickness,Decompression sickness
nejm,all_T=char_replace_S=3,478,image_478.jpg,D,Porphyria cutanea tarda
nejm,all_T=char_replace_S=3,479,image_479.jpg,C: Hashimoto's thyroiditis,Graves' disease
nejm,all_T=char_replace_S=3,480,image_480.jpg,A: Congenital adrenal hyperplasia,Congenital adrenal hyperplasia
nejm,all_T=char_replace_S=3,481,image_481.jpg,C: Cutaneous metastases,Cutaneous metastases
nejm,all_T=char_replace_S=3,482,image_482.jpg,D: Brachial entrapment syndrome,Thromboangiitis obliterans
nejm,all_T=char_replace_S=3,483,image_483.jpg,Sarcoidosis,Cataract
nejm,all_T=char_replace_S=3,484,image_484.jpg,A: Atherosclerosis,Atherosclerosis
nejm,all_T=char_replace_S=3,485,image_485.jpg,Sarcoidosis,Situs inversus totalis
nejm,all_T=char_replace_S=3,486,image_486.jpg,C: Optic atrophy,Hypertriglyceridemia
nejm,all_T=char_replace_S=3,487,image_487.jpg,B: Dental abscess,Obstructive parotitis
nejm,all_T=char_replace_S=3,488,image_488.jpg,B,Ischemic colitis
nejm,all_T=char_replace_S=3,489,image_489.jpg,E: Small-cell lung cancer,Small-cell lung cancer
nejm,all_T=char_replace_S=3,490,image_490.jpg,D: Trichuris trichiura,Strongyloides stercoralis
nejm,all_T=char_replace_S=3,491,image_491.jpg,C: Methamphetamine,Xylazine
nejm,all_T=char_replace_S=3,492,image_492.jpg,B: Hyperthyroidism,Hodgkin's lymphoma
nejm,all_T=char_replace_S=3,493,image_493.jpg,C: Brucellosis,Brucellosis
nejm,all_T=char_replace_S=3,494,image_494.jpg,A,IgG4-related ophthalmic disease
nejm,all_T=char_replace_S=3,495,image_495.jpg,D: Periodontitis,Dermatomyositis
nejm,all_T=char_replace_S=3,496,image_496.jpg,A: Mucormycosis,Curvularia alcornii
nejm,all_T=char_replace_S=3,497,image_497.jpg,E: Romberg's sign,Romberg's sign
nejm,all_T=char_replace_S=3,498,image_498.jpg,C: Acinetobacter baumannii,Klebsiella rhinoscleromatis
nejm,all_T=char_replace_S=3,499,image_499.jpg,D,Tissue plasminogen activator-associated angioedema
nejm,all_T=char_replace_S=3,500,image_500.jpg,B: Temporal quadrantanopsia,Inferior hemifield loss
nejm,all_T=char_replace_S=3,501,image_501.jpg,D: Systemic lupus erythematosus,Infective endocarditis
nejm,all_T=char_replace_S=3,502,image_502.jpg,C: Nephrogenic systemic fibrosis,Nephrogenic systemic fibrosis
nejm,all_T=char_replace_S=3,503,image_503.jpg,E: Onycholysis,Splinter hemorrhages
nejm,all_T=char_replace_S=3,504,image_504.jpg,C: Leprosy,Leprosy
nejm,all_T=char_replace_S=3,505,image_505.jpg,B: Baker's cyst,Abscess
nejm,all_T=char_replace_S=3,506,image_506.jpg,D: Dirofilaria repens infection,Dirofilaria repens infection
nejm,all_T=char_replace_S=3,507,image_507.jpg,D: Acromegaly,Paraneoplastic disorder
nejm,all_T=char_replace_S=3,508,image_508.jpg,A,Perirenal extramedullary hematopoiesis
nejm,all_T=char_replace_S=3,509,image_509.jpg,C: Crohn's disease,Bulimia nervosa
nejm,all_T=char_replace_S=3,510,image_510.jpg,A: Reactive epidermal hyperplasia,Iododerma
nejm,all_T=char_replace_S=3,511,image_511.jpg,E: Retinoblastoma,Retinoblastoma
nejm,all_T=char_replace_S=3,512,image_512.jpg,C: Intestinal obstruction,Perforation of a viscus
nejm,all_T=char_replace_S=3,513,image_513.jpg,C: Subacute cutaneous lupus erythematosus,Dermatomyositis
nejm,all_T=char_replace_S=3,514,image_514.jpg,A: Acromegaly,Lipomatosis
nejm,all_T=char_replace_S=3,515,image_515.jpg,A: Tinea versicolor,Nevus comedonicus
nejm,all_T=char_replace_S=3,516,image_516.jpg,B: Oral lichen planus,Uremic stomatitis
nejm,all_T=char_replace_S=3,517,image_517.jpg,A: Osgood-Schlatter disease,Systemic sclerosis
nejm,all_T=char_replace_S=3,518,image_518.jpg,Psoriasis,Chronic venous stasis
nejm,all_T=char_replace_S=3,519,image_519.jpg,B: Contact dermatitis,Sjögren's syndrome
nejm,all_T=char_replace_S=3,520,image_520.jpg,A: Pharyngeal abscess,Thyroglossal duct cyst
nejm,all_T=char_replace_S=3,521,image_521.jpg,C: Invasive aspergillosis,Wegener's granulomatosis
nejm,all_T=char_replace_S=3,522,image_522.jpg,Erythema nodosum,Necrobiosis lipoidica
nejm,all_T=char_replace_S=3,523,image_523.jpg,E: Lingual artery,Lingual artery
nejm,all_T=char_replace_S=3,524,image_524.jpg,D: Miliary tuberculosis,Nocardia asteroides infection
nejm,all_T=char_replace_S=3,525,image_525.jpg,C: Buerger disease,Achenbach’s syndrome
nejm,all_T=char_replace_S=3,526,image_526.jpg,D: Herpes vegetans,Herpes vegetans
nejm,all_T=char_replace_S=3,527,image_527.jpg,E: Thrombosis of the inferior vena cava,Thrombosis of the inferior vena cava
nejm,all_T=char_replace_S=3,528,image_528.jpg,C: Guttate psoriasis,Human papillomavirus
nejm,all_T=char_replace_S=3,529,image_529.jpg,D: Spinal muscular atrophy,Tay-Sachs disease
nejm,all_T=char_replace_S=3,530,image_530.jpg,C: Pneumothorax,Intrathoracic localized obstruction
nejm,all_T=char_replace_S=3,531,image_531.jpg,A: Thromboembolism,Thromboembolism
nejm,all_T=char_replace_S=3,532,image_532.jpg,A: Acute pancreatitis,Pneumoperitoneum
nejm,all_T=char_replace_S=3,533,image_533.jpg,D: Pseudogout tophi,Jaccoud’s arthropathy
nejm,all_T=char_replace_S=3,534,image_534.jpg,E: Eosinophilic ulcer,Cytomegalovirus infection
nejm,all_T=char_replace_S=3,535,image_535.jpg,E: Paget's disease,Renal tubular acidosis
nejm,all_T=char_replace_S=3,536,image_536.jpg,Zinc,Zinc
nejm,all_T=char_replace_S=3,537,image_537.jpg,A: Cold agglutinins,Cold agglutinins
nejm,all_T=char_replace_S=3,538,image_538.jpg,A: Hemorrhoids,Enterobiasis
nejm,all_T=char_replace_S=3,539,image_539.jpg,A: Deep venous thrombosis,Digital ischemia
nejm,all_T=char_replace_S=3,540,image_540.jpg,B: Esophageal obstruction,Croup
nejm,all_T=char_replace_S=3,541,image_541.jpg,D: Disseminated cutaneous blastomycosis,Disseminated cutaneous blastomycosis
nejm,all_T=char_replace_S=3,542,image_542.jpg,A: Parotitis,Frey's syndrome
nejm,all_T=char_replace_S=3,543,image_543.jpg,C: Hemorrhagic cerebral metastasis,Cerebral cavernous malformations
nejm,all_T=char_replace_S=3,544,image_544.jpg,C: Perform a biopsy,Counsel patient to stop smoking
nejm,all_T=char_replace_S=3,545,image_545.jpg,A: Leukocytoclastic vasculitis,Multiple myeloma
nejm,all_T=char_replace_S=3,546,image_546.jpg,E,About 50% of the serum bilirubin is conjugated
nejm,all_T=char_replace_S=3,547,image_547.jpg,A: Fleischner sign,Hampton’s hump
nejm,all_T=char_replace_S=3,548,image_548.jpg,D: Leukemia cutis,Cryoglobulinemic vasculitis
nejm,all_T=char_replace_S=3,549,image_549.jpg,Ectopic thyroid,Ectopic thyroid
nejm,all_T=char_replace_S=3,550,image_550.jpg,D: Ulcerative keratitis,Acute angle-closure glaucoma
nejm,all_T=char_replace_S=3,551,image_551.jpg,D: Plasmodium vivax,Plasmodium vivax
nejm,all_T=char_replace_S=3,552,image_552.jpg,A: Insulinoma,Glucagonoma
nejm,all_T=char_replace_S=3,553,image_553.jpg,Lymphoma,Erdheim–Chester disease
nejm,all_T=char_replace_S=3,554,image_554.jpg,E: Splenic cyst,Splenic cyst
nejm,all_T=char_replace_S=3,555,image_555.jpg,D: Vitiligo,Tinea versicolor
nejm,all_T=char_replace_S=3,556,image_556.jpg,C: Phytophotodermatitis,Pellagra
nejm,all_T=char_replace_S=3,557,image_557.jpg,D: Pthirus pubis,Pthirus pubis
nejm,all_T=char_replace_S=3,558,image_558.jpg,B: Bronchiolitis obliterans organizing pneumonia,Pulmonary alveolar microlithiasis
nejm,all_T=char_replace_S=3,559,image_559.jpg,D: Trichophyton rubrum infection,Pseudomonas aeruginosa infection
nejm,all_T=char_replace_S=3,560,image_560.jpg,A: Penile contusion,Penile fracture
nejm,all_T=char_replace_S=3,561,image_561.jpg,A: HIV-associated diffuse large B-cell lymphoma,Disseminated Mycobacterium avium–intracellulare infection
nejm,all_T=char_replace_S=3,562,image_562.jpg,E: Psoralen,Erlotinib
nejm,all_T=char_replace_S=3,563,image_563.jpg,Candidiasis,Adenocarcinoma
nejm,all_T=char_replace_S=3,564,image_564.jpg,D: Hemangioma,Melanoma
nejm,all_T=char_replace_S=3,565,image_565.jpg,B,Sister Mary Joseph's nodule
nejm,all_T=char_replace_S=3,566,image_566.jpg,A: Fluorescent dye,Fluorescent dye
nejm,all_T=char_replace_S=3,567,image_567.jpg,A: Coarctation of the aorta,Pulmonary embolism
nejm,all_T=char_replace_S=3,568,image_568.jpg,E: Osgood–Schlatter disease,Osgood–Schlatter disease
nejm,all_T=char_replace_S=3,569,image_569.jpg,A: Aortic coarctation,Pneumomediastinum
nejm,all_T=char_replace_S=3,570,image_570.jpg,D,Prominent iris collarette
nejm,all_T=char_replace_S=3,571,image_571.jpg,C: Malignant acanthosis nigricans,Malignant acanthosis nigricans
nejm,all_T=char_replace_S=3,572,image_572.jpg,A: Neurofibromatosis,Tuberous sclerosis
nejm,all_T=char_replace_S=3,573,image_573.jpg,A: Bilirubin elevation,Elevated protein
nejm,all_T=char_replace_S=3,574,image_574.jpg,D: Malignant syphilis,Malignant syphilis
nejm,all_T=char_replace_S=3,575,image_575.jpg,E: Trichuris trichiura,Diphyllobothrium latum
nejm,all_T=char_replace_S=3,576,image_576.jpg,A: Squamous-cell carcinoma,Mycobacterium marinum
nejm,all_T=char_replace_S=3,577,image_577.jpg,D: Right upper lobe,Left upper lobe
nejm,all_T=char_replace_S=3,578,image_578.jpg,Candidiasis,Herpes zoster
nejm,all_T=char_replace_S=3,579,image_579.jpg,Eales disease,X-linked retinoschisis
nejm,all_T=char_replace_S=3,580,image_580.jpg,A: Paget's disease,Pneumocephalus
nejm,all_T=char_replace_S=3,581,image_581.jpg,E: Pseudohypoparathyroidism,Albright's hereditary osteodystrophy
nejm,all_T=char_replace_S=3,582,image_582.jpg,A: Acromegaly,Fluorosis
nejm,all_T=char_replace_S=3,583,image_583.jpg,C: Pseudomonas aeruginosa,Fusobacterium necrophorum
nejm,all_T=char_replace_S=3,584,image_584.jpg,A: Carpal tunnel syndrome,Dupuyten's contracture
nejm,all_T=char_replace_S=3,585,image_585.jpg,A: Arcus senilis,Wilson's disease
nejm,all_T=char_replace_S=3,586,image_586.jpg,C: Infective endocarditis,Infective endocarditis
nejm,all_T=char_replace_S=3,587,image_587.jpg,D: Contrast allergy,Cholesterol emboli
nejm,all_T=char_replace_S=3,588,image_588.jpg,B: Hemothorax,Oleothorax
nejm,all_T=char_replace_S=3,589,image_589.jpg,E: Slipped capital femoral epiphysis,Slipped capital femoral epiphysis
nejm,all_T=char_replace_S=3,590,image_590.jpg,B: Mosquito,Chrysops fly
nejm,all_T=char_replace_S=3,591,image_591.jpg,B: Smoker’s melanosis,Diffuse melanosis cutis
nejm,all_T=char_replace_S=3,592,image_592.jpg,E,Cystine and triple phosphate (struvite) crystals
nejm,all_T=char_replace_S=3,593,image_593.jpg,B: Cicatricial pemphigoid,Herpes zoster
nejm,all_T=char_replace_S=3,594,image_594.jpg,E,Streptococcal pharyngitis
nejm,all_T=char_replace_S=3,595,image_595.jpg,C: Pneumothorax,Substernal goiter
nejm,all_T=char_replace_S=3,596,image_596.jpg,D: Neurofibromatosis,Becker’s nevus
nejm,all_T=char_replace_S=3,597,image_597.jpg,C: Respiratory distress syndrome of the newborn,Paternal uniparental disomy 14 (UDP 14 pat) thoracic dysplasia
nejm,all_T=char_replace_S=3,598,image_598.jpg,A: Small-bowel obstruction,Small-bowel obstruction
nejm,all_T=char_replace_S=3,599,image_599.jpg,Fetal alcohol syndrome,Neonatal thyrotoxicosis
nejm,all_T=char_replace_S=3,600,image_600.jpg,Lichen planus,Bulimia nervosa
nejm,all_T=char_replace_S=3,601,image_601.jpg,E: Neurocysticercosis,Neurocysticercosis
nejm,all_T=char_replace_S=3,602,image_602.jpg,A: Chalazion,Papilloma
nejm,all_T=char_replace_S=3,603,image_603.jpg,C: Radiation dermatitis,Fordyce's angiokeratomas
nejm,all_T=char_replace_S=3,604,image_604.jpg,C: Martorell ulcer,Cutaneous diphtheria
nejm,all_T=char_replace_S=3,605,image_605.jpg,D,Enterobius vermicularis
nejm,all_T=char_replace_S=3,606,image_606.jpg,D: Human botfly,Tumbu fly
nejm,all_T=char_replace_S=3,607,image_607.jpg,D,Neonatal herpes simplex virus
nejm,all_T=char_replace_S=3,608,image_608.jpg,E: Tinea versicolor,Erythrasma
nejm,all_T=char_replace_S=3,609,image_609.jpg,B: Androgen deprivation therapy,Bisphosphonates
nejm,all_T=char_replace_S=3,610,image_610.jpg,A: Cutis marmorata,Livedo reticularis
nejm,all_T=char_replace_S=3,611,image_611.jpg,D: Syphilis,Varicella
nejm,all_T=char_replace_S=3,612,image_612.jpg,D,Talaromyces marneffei
nejm,all_T=char_replace_S=3,613,image_613.jpg,C: Syphilis,Leishmaniasis
nejm,all_T=char_replace_S=3,614,image_614.jpg,D: Herpes simplex virus type 1,Coxsackie virus type A16
nejm,all_T=char_replace_S=3,615,image_615.jpg,A: Retrobulbar abscess,Hydatid cyst
nejm,all_T=char_replace_S=3,616,image_616.jpg,C: Condyloma acuminatum,Vestibular papillomatosis
nejm,all_T=char_replace_S=3,617,image_617.jpg,A: Central retinal artery occlusion,Dislocation of the lens
nejm,all_T=char_replace_S=3,618,image_618.jpg,C: Normal pregnancy,Raynaud's phenomenon
nejm,all_T=char_replace_S=3,619,image_619.jpg,D: Tungiasis,Tungiasis
nejm,all_T=char_replace_S=3,620,image_620.jpg,A: Subcutaneous metastases,Caput Medusae
nejm,all_T=char_replace_S=3,621,image_621.jpg,A: Left anterior descending,Left main stem
nejm,all_T=char_replace_S=3,622,image_622.jpg,E,"Hand, foot, and mouth disease"
nejm,all_T=char_replace_S=3,623,image_623.jpg,A: Serous otitis media,Cholesteatoma
nejm,all_T=char_replace_S=3,624,image_624.jpg,B,Gartner duct cyst
nejm,all_T=char_replace_S=3,625,image_625.jpg,C,Palmar erythema of pregnancy
nejm,all_T=char_replace_S=3,626,image_626.jpg,A: Intestinal malrotation,Mesenteric ischemia
nejm,all_T=char_replace_S=3,627,image_627.jpg,A: Cutaneous larva migrans,Cutaneous larva migrans
nejm,all_T=char_replace_S=3,628,image_628.jpg,D: Ophthalmomyiasis,Ophthalmomyiasis
nejm,all_T=char_replace_S=3,629,image_629.jpg,E: Right ventricle,Left atrium
nejm,all_T=char_replace_S=3,630,image_630.jpg,E: Traumatic diaphragmatic hernia,Tension pneumothorax
nejm,all_T=char_replace_S=3,631,image_631.jpg,Gastroesophageal reflux disease,Nutcracker esophagus
nejm,all_T=char_replace_S=3,632,image_632.jpg,D: Vitreous hemorrhage,Uveal melanoma
nejm,all_T=char_replace_S=3,633,image_633.jpg,Proliferative diabetic retinopathy,Proliferative diabetic retinopathy
nejm,all_T=char_replace_S=3,634,image_634.jpg,A: Digoxin poisoning,Hyperkalemia
nejm,all_T=char_replace_S=3,635,image_635.jpg,C: Ixodes tick,Triatomine bug
nejm,all_T=char_replace_S=3,636,image_636.jpg,A: Aspiration pneumonia,Reexpansion pulmonary edema
nejm,all_T=char_replace_S=3,637,image_637.jpg,C: Amelanotic melanoma,Amelanotic melanoma
nejm,all_T=char_replace_S=3,638,image_638.jpg,D: Scleroderma,Eosinophilic fasciitis
nejm,all_T=char_replace_S=3,639,image_639.jpg,B: Flour,Sugar
nejm,all_T=char_replace_S=3,640,image_640.jpg,A: Calvarial osteomyelitis,Sickle cell disease
nejm,all_T=char_replace_S=3,641,image_641.jpg,B: Granulomatosis with polyangiitis,Emphysematous aortitis due to Clostridium septicum
nejm,all_T=char_replace_S=3,642,image_642.jpg,A: Cutaneous larva migrans,Lung cancer
nejm,all_T=char_replace_S=3,643,image_643.jpg,A,Herpes simplex virus infection
nejm,all_T=char_replace_S=3,644,image_644.jpg,C: Lithium,Palifermin
nejm,all_T=char_replace_S=3,645,image_645.jpg,A: Radiation recall,Radiation recall
nejm,all_T=char_replace_S=3,646,image_646.jpg,C: Covid-19 infection,Scurvy
nejm,all_T=char_replace_S=3,647,image_647.jpg,C: Psoriasis,Keratoderma blennorrhagicum
nejm,all_T=char_replace_S=3,648,image_648.jpg,A: Cutaneous candidiasis,Tinea faciei
nejm,all_T=char_replace_S=3,649,image_649.jpg,A: Herpes simplex infection,Inflammatory bowel disease
nejm,all_T=char_replace_S=3,650,image_650.jpg,D: Hepatocellular adenomas,Autosomal dominant polycystic kidney disease
nejm,all_T=char_replace_S=3,651,image_651.jpg,A: Pulmonary embolism,Azygous vein
nejm,all_T=char_replace_S=3,652,image_652.jpg,C: Impetigo,Subcorneal pustular dermatosis
nejm,all_T=char_replace_S=3,653,image_653.jpg,D: Paget’s disease,Multiple myeloma
nejm,all_T=char_replace_S=3,654,image_654.jpg,A: Acute myelogenous leukemia,Chronic lead poisoning
nejm,all_T=char_replace_S=3,655,image_655.jpg,A: Squamous-cell carcinoma,Periungual fibroma
nejm,all_T=char_replace_S=3,656,image_656.jpg,D: Miliaria crystallina,Miliaria crystallina
nejm,all_T=char_replace_S=3,657,image_657.jpg,E: Zenker's diverticulum,Graves' disease
nejm,all_T=char_replace_S=3,658,image_658.jpg,E: Metastatic prostate cancer,Langerhans'-cell histiocytosis
nejm,all_T=char_replace_S=3,659,image_659.jpg,A: Chronic lymphocytic leukemia,Gaucher’s disease
nejm,all_T=char_replace_S=3,660,image_660.jpg,D: Psoriasis,Chemotherapy
nejm,all_T=char_replace_S=3,661,image_661.jpg,B: Leukoplakia,Leukoplakia
nejm,all_T=char_replace_S=3,662,image_662.jpg,E: Thalassemia minor,Glucose-6-phosphate dehydrogenase deficiency
nejm,all_T=char_replace_S=3,663,image_663.jpg,B: Severe migratory glossitis,Verrucous carcinoma
nejm,all_T=char_replace_S=3,664,image_664.jpg,D: Leukemia cutis,Fusariosis
nejm,all_T=char_replace_S=3,665,image_665.jpg,A: Hyphema,Hyphema
nejm,all_T=char_replace_S=3,666,image_666.jpg,A: Cellulitis,Herpes zoster
nejm,all_T=char_replace_S=3,667,image_667.jpg,A: Familial hypertriglyceridemia,Systemic sclerosis
nejm,all_T=char_replace_S=3,668,image_668.jpg,D,Hirschsprung’s disease
nejm,all_T=char_replace_S=3,669,image_669.jpg,E: Guttate psoriasis,Seborrheic keratoses
nejm,all_T=char_replace_S=3,670,image_670.jpg,Sarcoidosis,Sarcoidosis
nejm,all_T=char_replace_S=3,671,image_671.jpg,A: Neonatal herpes simplex virus,Tinea capitis
nejm,all_T=char_replace_S=3,672,image_672.jpg,D: Rheumatic heart disease,Rheumatic heart disease
nejm,all_T=char_replace_S=3,673,image_673.jpg,C: Multiple myeloma (MM),Acute promyelocytic leukemia (APL)
nejm,all_T=char_replace_S=3,674,image_674.jpg,D: Lupus vulgaris (cutaneous tuberculosis),Malignant syphilis
nejm,all_T=char_replace_S=3,675,image_675.jpg,D: Umbilical hernia,Endometrioma
nejm,all_T=char_replace_S=3,676,image_676.jpg,D: Hydrocele,Varicocele
nejm,all_T=char_replace_S=3,677,image_677.jpg,C: Pitted keratolysis,Keratoderma blenorrhagicum
nejm,all_T=char_replace_S=3,678,image_678.jpg,E: Tuberculosis,Onchocerciasis
nejm,all_T=char_replace_S=3,679,image_679.jpg,A: Orbital wall fracture,Intraocular lens dislocation
nejm,all_T=char_replace_S=3,680,image_680.jpg,A: Amyloidosis,Neuroblastoma
nejm,all_T=char_replace_S=3,681,image_681.jpg,A: Periorbital cellulitis,Lyme disease
nejm,all_T=char_replace_S=3,682,image_682.jpg,A: Loculated hypopyon,Silicone oil hyperoleon
nejm,all_T=char_replace_S=3,683,image_683.jpg,A: Addison's disease,Osteoporosis
nejm,all_T=char_replace_S=3,684,image_684.jpg,A: Metastasis,Metastasis
nejm,all_T=char_replace_S=3,685,image_685.jpg,C: Neurocysticercosis,Neurocysticercosis
nejm,all_T=char_replace_S=3,686,image_686.jpg,B: IgG4-related disease arteritis,IgG4-related disease arteritis
nejm,all_T=char_replace_S=3,687,image_687.jpg,Pulmonary hemosiderosis,Adenocarcinoma
nejm,all_T=char_replace_S=3,688,image_688.jpg,B: Ascariasis,Diabetes mellitus
nejm,all_T=char_replace_S=3,689,image_689.jpg,A: Grave’s sign,Pemberton’s sign
nejm,all_T=char_replace_S=3,690,image_690.jpg,A: Palsy of the long thoracic nerve,Palsy of the long thoracic nerve
nejm,all_T=char_replace_S=3,691,image_691.jpg,C,Purpura fulminans
nejm,all_T=char_replace_S=3,692,image_692.jpg,C,Diurese the patient and then obtain a repeat chest radiograph
nejm,all_T=char_replace_S=3,693,image_693.jpg,Erysipeloid,Seborrheic dermatitis
nejm,all_T=char_replace_S=3,694,image_694.jpg,A: IgA anti-tissue transglutaminase,Antineutrophil cytoplasmic autoantibody
nejm,all_T=char_replace_S=3,695,image_695.jpg,C: Granuloma annulare,Eruptive xanthomas
nejm,all_T=char_replace_S=3,696,image_696.jpg,A: Acoustic neuroma,Glomus tympanicum
nejm,all_T=char_replace_S=3,697,image_697.jpg,B: Gastrointestinal amyloidosis,Gastrointestinal amyloidosis
nejm,all_T=char_replace_S=3,698,image_698.jpg,A: Aspergillosis,Plombage
nejm,all_T=char_replace_S=3,699,image_699.jpg,C: Measles,Measles
nejm,all_T=char_replace_S=3,700,image_700.jpg,B: Linear IgA bullous dermatosis,Linear IgA bullous dermatosis
nejm,all_T=char_replace_S=3,701,image_701.jpg,D: Bilateral peritonsillar abscesses,Bilateral peritonsillar abscesses
nejm,all_T=char_replace_S=3,702,image_702.jpg,Sarcoidosis,Sarcoidosis
nejm,all_T=char_replace_S=3,703,image_703.jpg,Pneumonia,Pulmonary embolism
nejm,all_T=char_replace_S=3,704,image_704.jpg,D: Disseminated aspergillosis,Disseminated coccidioidomycosis
nejm,all_T=char_replace_S=3,705,image_705.jpg,B: Disseminated intravascular coagulation,Amyloid purpura
nejm,all_T=char_replace_S=3,706,image_706.jpg,E: Tuberculosis,Tuberculosis
nejm,all_T=char_replace_S=3,707,image_707.jpg,B: Pneumocystis pneumonia,Lymphangioleiomyomatosis
nejm,all_T=char_replace_S=3,708,image_708.jpg,Cocaine,Cocaine
nejm,all_T=char_replace_S=3,709,image_709.jpg,E: Pontine stroke,Basilar artery aneurysm
nejm,all_T=char_replace_S=3,710,image_710.jpg,C,Lead poisoning
nejm,all_T=char_replace_S=3,711,image_711.jpg,D: Carpal tunnel syndrome,Radial artery thrombosis
nejm,all_T=char_replace_S=3,712,image_712.jpg,C: Titanium,Gold
nejm,all_T=char_replace_S=3,713,image_713.jpg,A: Femoral nerve injuries,Quadriceps tendon ruptures
nejm,all_T=char_replace_S=3,714,image_714.jpg,B: Right staghorn calculus,Right ureterovesical calculus
nejm,all_T=char_replace_S=3,715,image_715.jpg,B: Congenital asplenia,Retroperitoneal hemorrhage
nejm,all_T=char_replace_S=3,716,image_716.jpg,A: Bell’s palsy,Myasthenia gravis
nejm,all_T=char_replace_S=3,717,image_717.jpg,D: Ecthyma gangrenosum,Pyoderma gangrenosum
nejm,all_T=char_replace_S=3,718,image_718.jpg,E: Tertiary syphilis,Median rhomboid glossitis
nejm,all_T=char_replace_S=3,719,image_719.jpg,C: Herpetic whitlow,Spider bite
nejm,all_T=char_replace_S=3,720,image_720.jpg,Crohn's disease,Bowel infarction
nejm,all_T=char_replace_S=3,721,image_721.jpg,D: Occipital stroke,Narrow angle glaucoma
nejm,all_T=char_replace_S=3,722,image_722.jpg,A: Malignant melanoma,Pseudomelanosis duodeni
nejm,all_T=char_replace_S=3,723,image_723.jpg,B: Glaucoma,Ocular myiasis
nejm,all_T=char_replace_S=3,724,image_724.jpg,A: Colon cancer,Colon cancer
nejm,all_T=char_replace_S=3,725,image_725.jpg,D: Calcium pyrophosphate dihydrate,Cholesterol
nejm,all_T=char_replace_S=3,726,image_726.jpg,A: Palmar psoriasis,Tripe palms
nejm,all_T=char_replace_S=3,727,image_727.jpg,C: Leukotriene receptor antagonist,Fluoroquinolone antibiotic
nejm,all_T=char_replace_S=3,728,image_728.jpg,C: Roux-en-Y gastric bypass,Mitral-valve repair
nejm,all_T=char_replace_S=3,729,image_729.jpg,A: Non–small-cell lung cancer,Non–small-cell lung cancer
nejm,all_T=char_replace_S=3,730,image_730.jpg,E: Trimethoprim,Minocycline
nejm,all_T=char_replace_S=3,731,image_731.jpg,D: Falciform ligament,Falciform ligament
nejm,all_T=char_replace_S=3,732,image_732.jpg,E,Chest imaging
nejm,all_T=char_replace_S=3,733,image_733.jpg,B: Basal cell carcinoma,Lentigo maligna
nejm,all_T=char_replace_S=3,734,image_734.jpg,D: Otitis media,Herpes zoster
nejm,all_T=char_replace_S=3,735,image_735.jpg,E: Horner’s syndrome,Tabes dorsalis
nejm,all_T=char_replace_S=3,736,image_736.jpg,A: Chelation Therapy,Chelation Therapy
nejm,all_T=char_replace_S=3,737,image_737.jpg,C: Peptic ulceration,Meckel's diverticulum
nejm,all_T=char_replace_S=3,738,image_738.jpg,B: Gingival melanoma,Gingival melanoma
nejm,all_T=char_replace_S=3,739,image_739.jpg,A: Cellulitis,Gout
nejm,all_T=char_replace_S=3,740,image_740.jpg,D: Mastectomy,Penicillin
nejm,all_T=char_replace_S=3,741,image_741.jpg,A: Bowel obstruction,Hirschsprung’s disease
nejm,all_T=char_replace_S=3,742,image_742.jpg,A: Ingested foreign body,Diffuse esophageal spasm
nejm,all_T=char_replace_S=3,743,image_743.jpg,A: Achalasia,Diffuse esophageal spasm
nejm,all_T=char_replace_S=3,744,image_744.jpg,C: Hypoplastic right heart syndrome,Superior vena caval obstruction
nejm,all_T=char_replace_S=3,745,image_745.jpg,E: Papillary fibroelastoma,Redundant mitral valve
nejm,all_T=char_replace_S=3,746,image_746.jpg,B: Pericardial effusion,Bezoar
nejm,all_T=char_replace_S=3,747,image_747.jpg,A: Chlamydial cervicitis,Squamous-cell carcinoma
nejm,all_T=char_replace_S=3,748,image_748.jpg,D: Intra-abdominal abscess,Bowel ischemia
nejm,all_T=char_replace_S=3,749,image_749.jpg,Cystic fibrosis,Pericardial metastases
nejm,all_T=char_replace_S=3,750,image_750.jpg,B: Pityriasis rosea,Molluscum contagiosum
nejm,all_T=char_replace_S=3,751,image_751.jpg,C,Scleromyxedema
nejm,all_T=char_replace_S=3,752,image_752.jpg,B: Cutaneous larva migrans,Portal hypertension
nejm,all_T=char_replace_S=3,753,image_753.jpg,A: Klippel-Trénaunay-Weber syndrome,Neurofibromatosis
nejm,all_T=char_replace_S=3,754,image_754.jpg,B: Perforated duodenal ulcer,Paraesophageal hernia
nejm,all_T=char_replace_S=3,755,image_755.jpg,D: Pyogenic granuloma,Pyogenic granuloma
nejm,all_T=char_replace_S=3,756,image_756.jpg,A: Meningioma,Plasmacytoma
nejm,all_T=char_replace_S=3,757,image_757.jpg,E,Pyostomatitis vegetans
nejm,all_T=char_replace_S=3,758,image_758.jpg,Amebic liver abscess,Echinococcosis
nejm,all_T=char_replace_S=3,759,image_759.jpg,B: Psoriasis,Malignancy
nejm,all_T=char_replace_S=3,760,image_760.jpg,D: Cutaneous lymphoblastic T-cell lymphoma,Blastic plasmacytoid dendritic-cell neoplasm
nejm,all_T=char_replace_S=3,761,image_761.jpg,D: Emphysematous pyelonephritis,Emphysematous pyelonephritis
nejm,all_T=char_replace_S=3,762,image_762.jpg,C: Impetigo,Syphilis
nejm,all_T=char_replace_S=3,763,image_763.jpg,C,Congenital syphilis
nejm,all_T=char_replace_S=3,764,image_764.jpg,E: Osteopetrosis,Marrow hyperplasia
nejm,all_T=char_replace_S=3,765,image_765.jpg,Hodgkin's lymphoma,Hairy-cell leukemia
nejm,all_T=char_replace_S=3,766,image_766.jpg,A: Portal vein,Right bronchial tree
nejm,all_T=char_replace_S=3,767,image_767.jpg,B: Osteonecrosis,Osteonecrosis
nejm,all_T=char_replace_S=3,768,image_768.jpg,B: Killian’s triangle,Killian’s triangle
nejm,all_T=char_replace_S=3,769,image_769.jpg,C: Effusive-Constrictive Pericarditis,Constrictive Pericarditis
nejm,all_T=char_replace_S=3,770,image_770.jpg,A: Procainemide,Amiodarone
nejm,all_T=char_replace_S=3,771,image_771.jpg,C: Purpura fulminans,Henoch-Schönlein purpura
nejm,all_T=char_replace_S=3,772,image_772.jpg,A: Bladder perforation,Neurogenic megacolon
nejm,all_T=char_replace_S=3,773,image_773.jpg,A: Bismuth Salicylate,Bismuth Salicylate
nejm,all_T=char_replace_S=3,774,image_774.jpg,B: Cutaneous leishmaniasis,Bot fly
nejm,all_T=char_replace_S=3,775,image_775.jpg,A: Calcified polyp,Tooth
nejm,all_T=char_replace_S=3,776,image_776.jpg,D: Madura foot,Chromoblastomycosis
nejm,all_T=char_replace_S=3,777,image_777.jpg,A: Pancreatitis,Pylephlebitis
nejm,all_T=char_replace_S=3,778,image_778.jpg,A: Omeprazole,Propofol
nejm,all_T=char_replace_S=3,779,image_779.jpg,D: Pontine stroke,Central pontine myelinolysis
nejm,all_T=char_replace_S=3,780,image_780.jpg,B: Diverticulitis,Intussusception
nejm,all_T=char_replace_S=3,781,image_781.jpg,A: Alopecia areata,Alopecia areata
nejm,all_T=char_replace_S=3,782,image_782.jpg,D: Furuncle,Merkel-cell carcinoma
nejm,all_T=char_replace_S=3,783,image_783.jpg,Candida albicans infection,Candida albicans infection
nejm,all_T=char_replace_S=3,784,image_784.jpg,A: Pilonidal sinus,Keratoacanthoma
nejm,all_T=char_replace_S=3,785,image_785.jpg,C: Thyroglossal cyst,Laryngocele
nejm,all_T=char_replace_S=3,786,image_786.jpg,A: Fabry's disease,Peutz-Jeghers's syndrome
nejm,all_T=char_replace_S=3,787,image_787.jpg,Ecthyma gangrenosum,Ecthyma gangrenosum
nejm,all_T=char_replace_S=3,788,image_788.jpg,B: Cutaneous small vessel vasculitis,Intravascular lymphoma
nejm,all_T=char_replace_S=3,789,image_789.jpg,A: Acanthosis nigricans,Crusted scabies
nejm,all_T=char_replace_S=3,790,image_790.jpg,E: Larvae penetrate the perianal mucosal surface,Larvae penetrate the lungs
nejm,all_T=char_replace_S=3,791,image_791.jpg,E,Autoimmune keratitis
nejm,all_T=char_replace_S=3,792,image_792.jpg,A: Crohn's disease,Enteric duplication cyst
nejm,all_T=char_replace_S=3,793,image_793.jpg,B: Atrophic glossitis,Hypoglossal nerve palsy
nejm,all_T=char_replace_S=3,794,image_794.jpg,D: Melanoma,Melanoma
nejm,all_T=char_replace_S=3,795,image_795.jpg,B: Post-transplant calcinosis cutis,Voriconazole-induced periostitis
nejm,all_T=char_replace_S=3,796,image_796.jpg,Pancreatic pseudocyst,Emphysematous cholecystitis
nejm,all_T=char_replace_S=3,797,image_797.jpg,B: Clomiphene,Bicalutamide
nejm,all_T=char_replace_S=3,798,image_798.jpg,C: Neurofibromatosis type 1,Neurofibromatosis type 2
nejm,all_T=char_replace_S=3,799,image_799.jpg,A: Rocky mountain spotted fever,Secondary syphilis
nejm,all_T=char_replace_S=3,800,image_800.jpg,C: Tuberous sclerosis,Cowden syndrome
nejm,all_T=char_replace_S=3,801,image_801.jpg,Phenytoin,Shiitake mushrooms
nejm,all_T=char_replace_S=3,802,image_802.jpg,Cushing's disease,Graves' disease
nejm,all_T=char_replace_S=3,803,image_803.jpg,C,Acute mesenteric ischemia
nejm,all_T=char_replace_S=3,804,image_804.jpg,D: Lead toxicity,Arsenic toxicity
nejm,all_T=char_replace_S=3,805,image_805.jpg,Pneumothorax,Pectus excavatum
nejm,all_T=char_replace_S=3,806,image_806.jpg,B,Nocardiosis
nejm,all_T=char_replace_S=3,807,image_807.jpg,D: Metastatic melanoma,Laxative use
nejm,all_T=char_replace_S=3,808,image_808.jpg,D: Facial trauma,Dermatomyositis
nejm,all_T=char_replace_S=3,809,image_809.jpg,B: Dermatomyositis,EGFR inhibition
nejm,all_T=char_replace_S=3,810,image_810.jpg,A: Amelanotic melanoma,Keratoacanthoma
nejm,all_T=char_replace_S=3,811,image_811.jpg,E: Tinea circinata,Tinea circinata
nejm,all_T=char_replace_S=3,812,image_812.jpg,B: Epiglottitis,Diphtheria
nejm,all_T=char_replace_S=3,813,image_813.jpg,A: Oral lichen planus,Pernicious anemia
nejm,all_T=char_replace_S=3,814,image_814.jpg,B: Cirrhosis,Cirrhosis
nejm,all_T=char_replace_S=3,815,image_815.jpg,E: Parotitis,Angioedema
nejm,all_T=char_replace_S=3,816,image_816.jpg,C: Metastatic disease of the nail bed,Chemotherapy
nejm,all_T=char_replace_S=3,817,image_817.jpg,B: Intussusception,Obturator hernia
nejm,all_T=char_replace_S=3,818,image_818.jpg,D: Thyrotoxic cardiomyopathy,Takotsubo cardiomyopathy
nejm,all_T=char_replace_S=3,819,image_819.jpg,A: Intravitreal antimicrobial injections,Intravitreal antimicrobial injections
nejm,all_T=char_replace_S=3,820,image_820.jpg,D: Herpes zoster ophthalmicus,Herpes zoster ophthalmicus
nejm,all_T=char_replace_S=3,821,image_821.jpg,B: Nephrogenic fibrosing dermopathy,Nephrogenic fibrosing dermopathy
nejm,all_T=char_replace_S=3,822,image_822.jpg,Erysipelas,Cutaneous lupus
nejm,all_T=char_replace_S=3,823,image_823.jpg,D: Tinea nigra,Tinea nigra
nejm,all_T=char_replace_S=3,824,image_824.jpg,C: Cobalamin deficiency,Osmotic demyelination syndrome
nejm,all_T=char_replace_S=3,825,image_825.jpg,D: Pyogenic liver abscess,Emphysematous hepatitis
nejm,all_T=char_replace_S=3,826,image_826.jpg,A: Acanthosis nigricans,Bowenoid papulosis
nejm,all_T=char_replace_S=3,827,image_827.jpg,A: Skin wound culture,IgG and complement deposition at the dermis-epidermis junction
nejm,all_T=char_replace_S=3,828,image_828.jpg,C: Trachoma,Sjögren's syndrome
nejm,all_T=char_replace_S=3,829,image_829.jpg,Cytomegalovirus retinitis,Herpes simplex virus infection
nejm,all_T=char_replace_S=3,830,image_830.jpg,Bacterial felon,Herpetic whitlow
nejm,all_T=char_replace_S=3,831,image_831.jpg,Anti-Ro antibody,Anticentromere antibody
nejm,all_T=char_replace_S=3,832,image_832.jpg,B: Calcinosis,Calcinosis
nejm,all_T=char_replace_S=3,833,image_833.jpg,B: Retinal detachment,Retinal detachment
nejm,all_T=char_replace_S=3,834,image_834.jpg,D: Urinary incontinence,Binocular visual loss
nejm,all_T=char_replace_S=3,835,image_835.jpg,C,Syphilitic alopecia
nejm,all_T=char_replace_S=3,836,image_836.jpg,D: Left ventricular aneurysm,Constrictive pericarditis
nejm,all_T=char_replace_S=3,837,image_837.jpg,C: Pills in the nasal cavity,Button magnets in the nasal cavity
nejm,all_T=char_replace_S=3,838,image_838.jpg,D: Testing for bacterial and viral respiratory pathogens,Testing for bacterial and viral respiratory pathogens
nejm,all_T=char_replace_S=3,839,image_839.jpg,B: Osteopetrosis,Bone marrow hyperplasia
nejm,all_T=char_replace_S=3,840,image_840.jpg,A: Bowenoid papulosis,Condyloma acuminatum
nejm,all_T=char_replace_S=3,841,image_841.jpg,B: Emphysematous pyelonephritis,Emphysematous pyelonephritis
nejm,all_T=char_replace_S=3,842,image_842.jpg,B: Involvement of the upper extremity,Delay in surgical intervention >24 hours
nejm,all_T=char_replace_S=3,843,image_843.jpg,C: Primary hyperaldosteronism,Pheochromocytoma
nejm,all_T=char_replace_S=3,844,image_844.jpg,C: Histoplasma capsulatum,Cryptococcus neoformans
nejm,all_T=char_replace_S=3,845,image_845.jpg,B: Clavicular fracture,Lipodystrophy
nejm,all_T=char_replace_S=3,846,image_846.jpg,D: Infection may travel along the lymphatic system leading to lymphangitis.,Transmission is associated with aerosolized contaminated soil exposure.
nejm,all_T=char_replace_S=3,847,image_847.jpg,A: Atopic dermatitis,Zinc deficiency
nejm,all_T=char_replace_S=3,848,image_848.jpg,D: Rheumatoid arthritis,Psoriasis
nejm,all_T=char_replace_S=3,849,image_849.jpg,A: Cutaneous leishmaniasis,Cutaneous leishmaniasis
nejm,all_T=char_replace_S=3,850,image_850.jpg,B: Retinal ischemia,Retinal ischemia
nejm,all_T=char_replace_S=3,851,image_851.jpg,B,Rat bite fever
nejm,all_T=char_replace_S=3,852,image_852.jpg,Erysipelas,Arterial insufficiency
nejm,all_T=char_replace_S=3,853,image_853.jpg,C: Carotenemia,Ochronosis
nejm,all_T=char_replace_S=3,854,image_854.jpg,A: Hemangioma,Adverse reaction to systemic antibiotics
nejm,all_T=char_replace_S=3,855,image_855.jpg,E: Erythema nodosum,Necrobiosis lipoidica diabeticorum
nejm,all_T=char_replace_S=3,856,image_856.jpg,C,Invasive ductal carcinoma
nejm,all_T=char_replace_S=3,857,image_857.jpg,D: Reactive perforating collagenosis,Reactive perforating collagenosis
nejm,all_T=char_replace_S=3,858,image_858.jpg,A: Skull fracture,Skull fracture
nejm,all_T=char_replace_S=3,859,image_859.jpg,A: Aphthous stomatitis,Herpes zoster
nejm,all_T=char_replace_S=3,860,image_860.jpg,A: Lichen sclerosus,Lichen planus
nejm,all_T=char_replace_S=3,861,image_861.jpg,D: Multiple endocrine neoplasia type 2B,Multiple endocrine neoplasia type 1
nejm,all_T=char_replace_S=3,862,image_862.jpg,D: Scleredema of diabetes,Necrolytic migratory erythema
nejm,all_T=char_replace_S=3,863,image_863.jpg,C: Ectopic pregnancy,Thoracic endometriosis
nejm,all_T=char_replace_S=3,864,image_864.jpg,A: Lipoatrophy,Lipoatrophy
nejm,all_T=char_replace_S=3,865,image_865.jpg,D: Wound culture,Wound culture
nejm,all_T=char_replace_S=3,866,image_866.jpg,C: Hyphema,Necrotizing anterior scleritis
nejm,all_T=char_replace_S=3,867,image_867.jpg,A: Arteriovenous malformation,Lymphoma
nejm,all_T=char_replace_S=3,868,image_868.jpg,D: Periorbital cellulitis,Carotid cavernous fistula
nejm,all_T=char_replace_S=3,869,image_869.jpg,A: Familial Mediterranean fever,Henoch-Schönlein purpura
nejm,all_T=char_replace_S=3,870,image_870.jpg,E: Acral lentiginous melanoma,Acral lentiginous melanoma
nejm,all_T=char_replace_S=3,871,image_871.jpg,Dexamethasone,Doxorubicin
nejm,all_T=char_replace_S=3,872,image_872.jpg,C: Cutaneous sarcoidosis,Generalized granuloma annulare
nejm,all_T=char_replace_S=3,873,image_873.jpg,A: Arrhythmogenic right ventricular cardiomyopathy,Arrhythmogenic right ventricular cardiomyopathy
nejm,all_T=char_replace_S=3,874,image_874.jpg,Sarcoidosis,Tuberculosis
nejm,all_T=char_replace_S=3,875,image_875.jpg,D: Scarlet fever,Amoxicillin rash in infectious mononucleosis
nejm,all_T=char_replace_S=3,876,image_876.jpg,E: Septic arthritis,Baker's cyst
nejm,all_T=char_replace_S=3,877,image_877.jpg,A: Type 1 Chiari malformation,Arachnoid cyst
nejm,all_T=char_replace_S=3,878,image_878.jpg,B: Naegleria fowleri,Naegleria fowleri
nejm,all_T=char_replace_S=3,879,image_879.jpg,C: Paragonimus westermani,Strongyloides stercoralis
nejm,all_T=char_replace_S=3,880,image_880.jpg,A: Aerophagia,Duodenal atresia
nejm,all_T=char_replace_S=3,881,image_881.jpg,C: Suppurative otitis media,Tympanic hyperectasis
nejm,all_T=char_replace_S=3,882,image_882.jpg,B: Disseminated varicella infection,Disseminated varicella infection
nejm,all_T=char_replace_S=3,883,image_883.jpg,Ehlers-Danlos syndrome,Ehlers-Danlos syndrome
nejm,all_T=char_replace_S=3,884,image_884.jpg,D: Guttate psoriasis,Bedbug bites
nejm,all_T=char_replace_S=3,885,image_885.jpg,D: Histoplasmosis,Actinomycosis
nejm,all_T=char_replace_S=3,886,image_886.jpg,B: Tension hydrothorax,Cardiac tamponade
nejm,all_T=char_replace_S=3,887,image_887.jpg,B: Retinal detachment,Ectopia lentis
nejm,all_T=char_replace_S=3,888,image_888.jpg,D: Pulmonary function tests,Polysomnography
nejm,all_T=char_replace_S=3,889,image_889.jpg,B: Calcium oxalate,Monosodium urate
nejm,all_T=char_replace_S=3,890,image_890.jpg,D: Cholesterol embolization,Cholesterol embolization
nejm,all_T=char_replace_S=3,891,image_891.jpg,C: Mediastinal Hematoma,Giant Coronary Aneurysm
nejm,all_T=char_replace_S=3,892,image_892.jpg,C: Rheumatoid factor,Creatine kinase
nejm,all_T=char_replace_S=3,893,image_893.jpg,D: Kaposi’s sarcoma,Kaposi’s sarcoma
nejm,all_T=char_replace_S=3,894,image_894.jpg,A: Alendronate,Zidovudine
nejm,all_T=char_replace_S=3,895,image_895.jpg,A: Chronic liver disease,Hemophilia A
nejm,all_T=char_replace_S=3,896,image_896.jpg,B: Capnocytophaga canimorsus,Capnocytophaga canimorsus
nejm,all_T=char_replace_S=3,897,image_897.jpg,A: Aspiration pneumonia,Idiopathic pulmonary fibrosis
nejm,all_T=char_replace_S=3,898,image_898.jpg,A: Angioedema,Superior vena cava syndrome
nejm,all_T=char_replace_S=3,899,image_899.jpg,C: Medial epicondylitis,Gout nodulosis
nejm,all_T=char_replace_S=3,900,image_900.jpg,E: Idiopathic orbital inflammatory disease,Orbital metastasis
nejm,all_T=char_replace_S=3,901,image_901.jpg,A: Herpetic glossitis,Herpetic glossitis
nejm,all_T=char_replace_S=3,902,image_902.jpg,D: Otomycosis,Fracture of the temporal bone
nejm,all_T=char_replace_S=3,903,image_903.jpg,B: Flare of systemic lupus erythematosus,Extrapulmonary manifestation of tuberculosis
nejm,all_T=char_replace_S=3,904,image_904.jpg,A: Cytomegalovirus retinitis,Papilledema
nejm,all_T=char_replace_S=3,905,image_905.jpg,C: Viral keratitis,Intraocular parasite infection
nejm,all_T=char_replace_S=3,906,image_906.jpg,D: Trimethoprim-sulfamethoxazole,Voriconazole
nejm,all_T=char_replace_S=3,907,image_907.jpg,D: Porphyria cutanea tarda,Porphyria cutanea tarda
nejm,all_T=char_replace_S=3,908,image_908.jpg,E: Plasmodium vivax,Plasmodium vivax
nejm,all_T=char_replace_S=3,909,image_909.jpg,E,Left anterior descending artery
nejm,all_T=char_replace_S=3,910,image_910.jpg,Ehrlichiosis,Lead poisoning
nejm,all_T=char_replace_S=3,911,image_911.jpg,A: Conjunctivitis,Symblepharon
nejm,all_T=char_replace_S=3,912,image_912.jpg,A: Hemochromatosis,Pelvic spleen
nejm,all_T=char_replace_S=3,913,image_913.jpg,COPD,COPD
nejm,all_T=char_replace_S=3,914,image_914.jpg,E: Creutzfeldt-Jakob disease,Granulomatous amebic encephalitis
nejm,all_T=char_replace_S=3,915,image_915.jpg,B: Neurofibromatosis type 1,Tuberous sclerosis
nejm,all_T=char_replace_S=3,916,image_916.jpg,"D: Neurofibromatosis, type 1",Familial multiple lipomatosis
nejm,all_T=char_replace_S=3,917,image_917.jpg,E: Uremic pericarditis,Uremic pericarditis
nejm,all_T=char_replace_S=3,918,image_918.jpg,Erythema infectiosum,Cold agglutinin disease
nejm,all_T=char_replace_S=3,919,image_919.jpg,Osteomyelitis,Calciphylaxis
nejm,all_T=char_replace_S=3,920,image_920.jpg,B: Neurofibromatosis,Pigmentary mosaicism
nejm,all_T=char_replace_S=3,921,image_921.jpg,B: Stevens–Johnson syndrome,Mycoplasma pneumoniae-associated mucositis
nejm,all_T=char_replace_S=3,922,image_922.jpg,B: Plantar wart,Malignant melanoma
nejm,all_T=char_replace_S=3,923,image_923.jpg,E: Eagle’s syndrome,Cervical spondyloarthropathy
nejm,all_T=char_replace_S=3,924,image_924.jpg,B: Chronic eosinophilic pneumonia,Chronic eosinophilic pneumonia
nejm,all_T=char_replace_S=3,925,image_925.jpg,A: Melanoma,Yellow-nail syndrome
nejm,all_T=char_replace_S=3,926,image_926.jpg,B: Streptococcal cellulitis with lymphangitis,Streptococcal cellulitis with lymphangitis
nejm,all_T=char_replace_S=3,927,image_927.jpg,D: Malignant Otitis Externa,Lepromatous Leprosy
nejm,all_T=char_replace_S=3,928,image_928.jpg,B: Hashimoto thyroiditis,Ectopic thyroid
nejm,all_T=char_replace_S=3,929,image_929.jpg,C: Immune thrombocytopenia purpura (ITP),Leukemia cutis
nejm,all_T=char_replace_S=3,930,image_930.jpg,A: Nasal foreign body,Pituitary tumor
nejm,all_T=char_replace_S=3,931,image_931.jpg,C: Gout flare,Coronary angiography
nejm,all_T=char_replace_S=3,932,image_932.jpg,D: Pityriasis rosea,Secondary syphilis
nejm,all_T=char_replace_S=3,933,image_933.jpg,A: Asbestosis,Pneumopericardium
nejm,all_T=char_replace_S=3,934,image_934.jpg,D: Stroke,Stroke
nejm,all_T=char_replace_S=3,935,image_935.jpg,D: Porphyria cutanea tarda,Porphyria cutanea tarda
nejm,all_T=char_replace_S=3,936,image_936.jpg,C,Synovial chondromatosis
nejm,all_T=char_replace_S=3,937,image_937.jpg,Cirrhosis,Endocarditis
nejm,all_T=char_replace_S=3,938,image_938.jpg,A: Bacterial dermatitis,Bacterial dermatitis
nejm,all_T=char_replace_S=3,939,image_939.jpg,A: Androgenic alopecia,Hypothyroidism
nejm,all_T=char_replace_S=3,940,image_940.jpg,A: Diabetes mellitus,Diabetes mellitus
nejm,all_T=char_replace_S=3,941,image_941.jpg,A: Malignant melanoma,Acute esophageal necrosis
nejm,all_T=char_replace_S=3,942,image_942.jpg,A: Carbidopa-levodopa,Chelation therapy
nejm,all_T=char_replace_S=3,943,image_943.jpg,B: Lung abscess,Diaphragmatic rupture
nejm,all_T=char_replace_S=3,944,image_944.jpg,A: Placenta accreta,Placenta increta
nejm,all_T=char_replace_S=3,945,image_945.jpg,C: Erythema ab igne,Erythema ab igne
nejm,all_T=char_replace_S=3,946,image_946.jpg,D: Raynaud phenomenon,Erythromelalgia
nejm,all_T=char_replace_S=3,947,image_947.jpg,C: Molluscum contagiosum,Pearly penile papules
nejm,all_T=keyboard_S=3,1,image_1.jpg,D: Measles,"Hand, foot, and mouth disease"
nejm,all_T=keyboard_S=3,2,image_2.jpg,Lyme disease,Tularemia
nejm,all_T=keyboard_S=3,3,image_3.jpg,D: Lichen planus,Dermatomyositis
nejm,all_T=keyboard_S=3,4,image_4.jpg,A: Epiglottitis,Epiglottitis
nejm,all_T=keyboard_S=3,5,image_5.jpg,A: Frey’s syndrome,Frey’s syndrome
nejm,all_T=keyboard_S=3,6,image_6.jpg,A: Uniocular blindness,Hemiplegia
nejm,all_T=keyboard_S=3,7,image_7.jpg,A: Empyema,Paraesophageal hernia
nejm,all_T=keyboard_S=3,8,image_8.jpg,E: Trichobezoar,Pneumatosis intestinalis
nejm,all_T=keyboard_S=3,9,image_9.jpg,E: Separation of the sclerae,Separation of the iris
nejm,all_T=keyboard_S=3,10,image_10.jpg,D: Polycystic liver disease,Polycystic liver disease
nejm,all_T=keyboard_S=3,11,image_11.jpg,A: Granulomatosis with polyangiitis (Wegener's),Lepromatous leprosy
nejm,all_T=keyboard_S=3,12,image_12.jpg,A: Pulmonary embolism,Chondroblastic osteosarcoma
nejm,all_T=keyboard_S=3,13,image_13.jpg,A: Pseudoclubbing,Pseudoclubbing
nejm,all_T=keyboard_S=3,14,image_14.jpg,C: Primary hyperoxaluria,Primary hyperoxaluria
nejm,all_T=keyboard_S=3,15,image_15.jpg,D: Ogilvie’s Syndrome (acute colonic pseudo-obstruction),Cecal volvulus
nejm,all_T=keyboard_S=3,16,image_16.jpg,B: Impetigo,Varicella
nejm,all_T=keyboard_S=3,17,image_17.jpg,C: Middle cerebral artery stroke,Metronidazole-associated encephalopathy
nejm,all_T=keyboard_S=3,18,image_18.jpg,B: Knife-cut ulcers from Crohn’s disease,Knife-cut ulcers from Crohn’s disease
nejm,all_T=keyboard_S=3,19,image_19.jpg,B: Left fourth cranial nerve palsy,Right sixth cranial nerve palsy
nejm,all_T=keyboard_S=3,20,image_20.jpg,D: Tuberous sclerosis,Punctate palmoplantar keratoderma
nejm,all_T=keyboard_S=3,21,image_21.jpg,A: Arc eye,Coloboma
nejm,all_T=keyboard_S=3,22,image_22.jpg,B: Chemotherapy,Chemotherapy
nejm,all_T=keyboard_S=3,23,image_23.jpg,D: Multiple liver metastases,Multiple biliary hamartomas
nejm,all_T=keyboard_S=3,24,image_24.jpg,B: Leukemia cutis,Graft-versus-host disease
nejm,all_T=keyboard_S=3,25,image_25.jpg,A: Blastomycosis,Celiac disease
nejm,all_T=keyboard_S=3,26,image_26.jpg,A: Amelanotic melanoma,Amelanotic melanoma
nejm,all_T=keyboard_S=3,27,image_27.jpg,B: Thrombotic thrombocytopenic purpura,Thrombotic thrombocytopenic purpura
nejm,all_T=keyboard_S=3,28,image_28.jpg,Meningioma,Meningioma
nejm,all_T=keyboard_S=3,29,image_29.jpg,D: Inguinal hernia,Metastatic inguinal lymphadenopathy
nejm,all_T=keyboard_S=3,30,image_30.jpg,B,Minocycline-induced pigmentation
nejm,all_T=keyboard_S=3,31,image_31.jpg,C: Impetigo,Scabies
nejm,all_T=keyboard_S=3,32,image_32.jpg,B,Osteopetrosis
nejm,all_T=keyboard_S=3,33,image_33.jpg,D,Desquamative interstitial pneumonia
nejm,all_T=keyboard_S=3,34,image_34.jpg,A: Calciphylaxis,Waldenstrom's macroglobulinemia
nejm,all_T=keyboard_S=3,35,image_35.jpg,E: Cutaneous leishmaniasis,Esophagogastric bypass
nejm,all_T=keyboard_S=3,36,image_36.jpg,C,Larva currens from Strongyloides
nejm,all_T=keyboard_S=3,37,image_37.jpg,B: Emphysematous pyelonephritis,Duodenal perforation
nejm,all_T=keyboard_S=3,38,image_38.jpg,E: Parathyroid mass,Adrenal mass
nejm,all_T=keyboard_S=3,39,image_39.jpg,A: Epidermolysis bullosa,Hereditary hemorrhagic telangiectasia
nejm,all_T=keyboard_S=3,40,image_40.jpg,D: Amaurosis fugax,Amiodarone-induced vortex keratopathy
nejm,all_T=keyboard_S=3,41,image_41.jpg,C,Metastatic adenocarcinoma
nejm,all_T=keyboard_S=3,42,image_42.jpg,B: Iron deficiency anemia,Babesiosis
nejm,all_T=keyboard_S=3,43,image_43.jpg,B: Entropion,Vernal keratoconjunctivitis
nejm,all_T=keyboard_S=3,44,image_44.jpg,A: Herpetic whitlow,Psoriasis
nejm,all_T=keyboard_S=3,45,image_45.jpg,C: Age-related macular degeneration,Hydroxychloroquine toxicity
nejm,all_T=keyboard_S=3,46,image_46.jpg,A: Syphilis,Torus palatinus
nejm,all_T=keyboard_S=3,47,image_47.jpg,D: Temozolomide,Dexamethasone
nejm,all_T=keyboard_S=3,48,image_48.jpg,B: Acute pancreatitis,Acute pancreatitis
nejm,all_T=keyboard_S=3,49,image_49.jpg,D: Non-hodgkins lymphoma,Bleeding into a thyroid nodule
nejm,all_T=keyboard_S=3,50,image_50.jpg,D: Pyogenic granuloma,Pyogenic granuloma
nejm,all_T=keyboard_S=3,51,image_51.jpg,E,Assault
nejm,all_T=keyboard_S=3,52,image_52.jpg,Erythema multiforme,Tuberculoid leprosy
nejm,all_T=keyboard_S=3,53,image_53.jpg,A: Esophageal tumor,Vein-graft aneurysms
nejm,all_T=keyboard_S=3,54,image_54.jpg,D: Mutton-fat keratic precipitates,Iris atrophy
nejm,all_T=keyboard_S=3,55,image_55.jpg,A: End-stage renal disease,Iron deficiency
nejm,all_T=keyboard_S=3,56,image_56.jpg,B: Staphylococcal scalded skin syndrome,Leprosy
nejm,all_T=keyboard_S=3,57,image_57.jpg,Psoriasis,Hypercholesterolemia
nejm,all_T=keyboard_S=3,58,image_58.jpg,A: Chronic kidney disease,Chronic kidney disease
nejm,all_T=keyboard_S=3,59,image_59.jpg,E: Achalasia,Achalasia
nejm,all_T=keyboard_S=3,60,image_60.jpg,C: Ocular toxoplasmosis,Malignant hypertension
nejm,all_T=keyboard_S=3,61,image_61.jpg,D: Kaposi's sarcoma,Cryptococcosis
nejm,all_T=keyboard_S=3,62,image_62.jpg,C: Lisch nodules,Lisch nodules
nejm,all_T=keyboard_S=3,63,image_63.jpg,A: Acromegaly,Acromegaly
nejm,all_T=keyboard_S=3,64,image_64.jpg,E: Highest intercostal vein,Left-sided superior vena cava
nejm,all_T=keyboard_S=3,65,image_65.jpg,E: Staphylococcus aureus,Blastomyces dermatitidis
nejm,all_T=keyboard_S=3,66,image_66.jpg,A: Infectious perichondritis,Relapsing polychondritis
nejm,all_T=keyboard_S=3,67,image_67.jpg,B: Scrofula,Scrofula
nejm,all_T=keyboard_S=3,68,image_68.jpg,B,Traumatic spondylolisthesis of the axis (hangman’s fracture)
nejm,all_T=keyboard_S=3,69,image_69.jpg,D,Gardening
nejm,all_T=keyboard_S=3,70,image_70.jpg,C: Hematoma,Melanoma
nejm,all_T=keyboard_S=3,71,image_71.jpg,A: Nonpulmonary tuberculosis,Actinomycosis
nejm,all_T=keyboard_S=3,72,image_72.jpg,D,Itraconazole
nejm,all_T=keyboard_S=3,73,image_73.jpg,C: Neurofibromatosis,Chiari I malformation
nejm,all_T=keyboard_S=3,74,image_74.jpg,A: Primary adrenal insufficiency (Addison’s disease),Primary adrenal insufficiency (Addison’s disease)
nejm,all_T=keyboard_S=3,75,image_75.jpg,E: Superficial pyoderma,Herpes zoster
nejm,all_T=keyboard_S=3,76,image_76.jpg,A: Staphyloma,Melanoma
nejm,all_T=keyboard_S=3,77,image_77.jpg,E: Malignant optic nerve prolapse,Fungal endophthalmitis
nejm,all_T=keyboard_S=3,78,image_78.jpg,Erythema migrans,Urticaria
nejm,all_T=keyboard_S=3,79,image_79.jpg,C,Gastrospenic fistulization
nejm,all_T=keyboard_S=3,80,image_80.jpg,D: Neonatal hyperbilirubinemia,Neonatal hyperbilirubinemia
nejm,all_T=keyboard_S=3,81,image_81.jpg,D: Lichen planus,Lichen planus
nejm,all_T=keyboard_S=3,82,image_82.jpg,B: Hydrocele,Inguinal hernia
nejm,all_T=keyboard_S=3,83,image_83.jpg,D: Insulin-induced lipohypertrophy,Insulin-induced lipohypertrophy
nejm,all_T=keyboard_S=3,84,image_84.jpg,E,Cessation of nitrofurantoin
nejm,all_T=keyboard_S=3,85,image_85.jpg,D: Fixed drug eruption,Fixed drug eruption
nejm,all_T=keyboard_S=3,86,image_86.jpg,B: Dilated thoracic aorta,Giant right atrium
nejm,all_T=keyboard_S=3,87,image_87.jpg,A: Entomophthoramyocosis,Lupus pernio
nejm,all_T=keyboard_S=3,88,image_88.jpg,C: Sickle cell disease,Von Hippel-Lindau disease
nejm,all_T=keyboard_S=3,89,image_89.jpg,C,Myiasis
nejm,all_T=keyboard_S=3,90,image_90.jpg,E: Left testicular torsion,Left testicular torsion
nejm,all_T=keyboard_S=3,91,image_91.jpg,A: Pulmonary hypertension,Pulmonary hypertension
nejm,all_T=keyboard_S=3,92,image_92.jpg,C,Metastasis of colorectal cancer
nejm,all_T=keyboard_S=3,93,image_93.jpg,C: Mycobacterium marinum,Mycobacterium marinum
nejm,all_T=keyboard_S=3,94,image_94.jpg,D: Periodontal abscess,Syphilitic gumma
nejm,all_T=keyboard_S=3,95,image_95.jpg,D: Osteopetrosis,Gaucher's disease
nejm,all_T=keyboard_S=3,96,image_96.jpg,B: Ischemic acute tubular necrosis,Cholesterol crystal embolization
nejm,all_T=keyboard_S=3,97,image_97.jpg,E,Pearly penile papules
nejm,all_T=keyboard_S=3,98,image_98.jpg,Takayasu arteritis,Polyarteritis nodosa
nejm,all_T=keyboard_S=3,99,image_99.jpg,B: Acute myeloid leukemia,End-stage renal disease
nejm,all_T=keyboard_S=3,100,image_100.jpg,B: Abscess,Abscess
nejm,all_T=keyboard_S=3,101,image_101.jpg,B: Eczema herpeticum,Eczema herpeticum
nejm,all_T=keyboard_S=3,102,image_102.jpg,C: Hemolytic uremic syndrome,Cold agglutinin syndrome
nejm,all_T=keyboard_S=3,103,image_103.jpg,A: Calciphylaxis,Scrotal calcinosis
nejm,all_T=keyboard_S=3,104,image_104.jpg,A: Takayasu’s arteritis,Takayasu’s arteritis
nejm,all_T=keyboard_S=3,105,image_105.jpg,A: Acalculous cholecystitis,Gallbladder volvulus
nejm,all_T=keyboard_S=3,106,image_106.jpg,A: Bladder diverticula,Bladder diverticula
nejm,all_T=keyboard_S=3,107,image_107.jpg,E,Gastrogastric intussusception
nejm,all_T=keyboard_S=3,108,image_108.jpg,A: Diverticulosis,Pneumatosis cystoides coli
nejm,all_T=keyboard_S=3,109,image_109.jpg,D: Diuresis,Pericardiocentesis
nejm,all_T=keyboard_S=3,110,image_110.jpg,A: Poststreptococcal pustulosis,Poststreptococcal pustulosis
nejm,all_T=keyboard_S=3,111,image_111.jpg,C: Osteoarthritis,Osteoarthritis
nejm,all_T=keyboard_S=3,112,image_112.jpg,C: Palatine tonsillitis,Antrochoanal polyp
nejm,all_T=keyboard_S=3,113,image_113.jpg,D: Trypanosomiasis,Trypanosomiasis
nejm,all_T=keyboard_S=3,114,image_114.jpg,C: Subhepatic appendicitis,Emphysematous cholecystitis
nejm,all_T=keyboard_S=3,115,image_115.jpg,D: Peutz-Jeghers syndrome,Peutz-Jeghers syndrome
nejm,all_T=keyboard_S=3,116,image_116.jpg,C: Chronic granulomatous disease,Chronic granulomatous disease
nejm,all_T=keyboard_S=3,117,image_117.jpg,C: Iron deficiency,Decompensated cirrhosis
nejm,all_T=keyboard_S=3,118,image_118.jpg,Pancreatectomy,Gastric bypass
nejm,all_T=keyboard_S=3,119,image_119.jpg,C,Sweet’s syndrome
nejm,all_T=keyboard_S=3,120,image_120.jpg,A: Type I hypersensitivity reaction,Type III hypersensitivity reaction
nejm,all_T=keyboard_S=3,121,image_121.jpg,D: Sulfonylurea,Alpha-glucosidase inhibitor
nejm,all_T=keyboard_S=3,122,image_122.jpg,B: Glioblastoma multiforme,Thrombosed intracranial aneurysm
nejm,all_T=keyboard_S=3,123,image_123.jpg,D: Multiple sclerosis,Multiple sclerosis
nejm,all_T=keyboard_S=3,124,image_124.jpg,D: Penicillin allergy,Ludwig's angina
nejm,all_T=keyboard_S=3,125,image_125.jpg,D: Tinea corporis,Syphilis
nejm,all_T=keyboard_S=3,126,image_126.jpg,A: Cytomegalovirus retinitis,Malignant hypertension
nejm,all_T=keyboard_S=3,127,image_127.jpg,C: Praziquantel,Praziquantel
nejm,all_T=keyboard_S=3,128,image_128.jpg,E,Pemphigoid gestationis
nejm,all_T=keyboard_S=3,129,image_129.jpg,A: Basal-cell carcinoma,Squamous-cell carcinoma
nejm,all_T=keyboard_S=3,130,image_130.jpg,E: Small-bowel volvulus,Small-bowel volvulus
nejm,all_T=keyboard_S=3,131,image_131.jpg,D: Toxic epidermal necrolysis,Toxic shock syndrome
nejm,all_T=keyboard_S=3,132,image_132.jpg,A,Epiglottitis
nejm,all_T=keyboard_S=3,133,image_133.jpg,A: Chronic renal failure,Chemotherapy treatment
nejm,all_T=keyboard_S=3,134,image_134.jpg,A: Air embolism,Air embolism
nejm,all_T=keyboard_S=3,135,image_135.jpg,A: Sjögren's syndrome,Vitamin A deficiency
nejm,all_T=keyboard_S=3,136,image_136.jpg,D: Orf,Anthrax
nejm,all_T=keyboard_S=3,137,image_137.jpg,C: Pulmonary sarcoidosis,Eosinophilic bronchitis
nejm,all_T=keyboard_S=3,138,image_138.jpg,E,JAK2
nejm,all_T=keyboard_S=3,139,image_139.jpg,A: Bullous pemphigoid,Scleroderma
nejm,all_T=keyboard_S=3,140,image_140.jpg,D,Emphysematous prostatitis
nejm,all_T=keyboard_S=3,141,image_141.jpg,E: Thallium,Nitrous oxide
nejm,all_T=keyboard_S=3,142,image_142.jpg,A: Closed-angle glaucoma,Malignant hypertension
nejm,all_T=keyboard_S=3,143,image_143.jpg,B: Aspergillosis,Actinomycosis
nejm,all_T=keyboard_S=3,144,image_144.jpg,D: Small-bowel obstruction,Sigmoid volvulus
nejm,all_T=keyboard_S=3,145,image_145.jpg,Intussusception,Gastric pneumatosis
nejm,all_T=keyboard_S=3,146,image_146.jpg,A: Conjunctival squamous-cell carcinoma,Conjunctival squamous-cell carcinoma
nejm,all_T=keyboard_S=3,147,image_147.jpg,C: Neonatal gonorrhea,Herpes gestationis
nejm,all_T=keyboard_S=3,148,image_148.jpg,C: Dyshidrotic eczema,Aquagenic keratoderma
nejm,all_T=keyboard_S=3,149,image_149.jpg,A: Bowenoid papulosis,Scrotal calcinosis
nejm,all_T=keyboard_S=3,150,image_150.jpg,A,Carcinoma
nejm,all_T=keyboard_S=3,151,image_151.jpg,C: Central retinal vein occlusion,Lipemia retinalis
nejm,all_T=keyboard_S=3,152,image_152.jpg,A: Amyloidosis,Lead poisoning
nejm,all_T=keyboard_S=3,153,image_153.jpg,A: Tetracyclines,Tetracyclines
nejm,all_T=keyboard_S=3,154,image_154.jpg,C: Meig's syndrome,Thoracic endometriosis
nejm,all_T=keyboard_S=3,155,image_155.jpg,C: Calcium oxalate,Calcium phosphate
nejm,all_T=keyboard_S=3,156,image_156.jpg,C: Keratoconus,Keratoconus
nejm,all_T=keyboard_S=3,157,image_157.jpg,E,Gout
nejm,all_T=keyboard_S=3,158,image_158.jpg,A: Left facial nerve,Left hypoglossal nerve
nejm,all_T=keyboard_S=3,159,image_159.jpg,B: Tinea corporis,Tinea imbricata
nejm,all_T=keyboard_S=3,160,image_160.jpg,E,Mosquito
nejm,all_T=keyboard_S=3,161,image_161.jpg,C: Pellagra,Treatment with bleomycin
nejm,all_T=keyboard_S=3,162,image_162.jpg,C,Langerhans-cell histiocytosis
nejm,all_T=keyboard_S=3,163,image_163.jpg,A: Central retinal vein occlusion,Cholesterol embolism
nejm,all_T=keyboard_S=3,164,image_164.jpg,B: Paronychia,Squamous-cell carcinoma
nejm,all_T=keyboard_S=3,165,image_165.jpg,C,Renal cryptococcosis
nejm,all_T=keyboard_S=3,166,image_166.jpg,C: Leptospirosis,Tungiasis
nejm,all_T=keyboard_S=3,167,image_167.jpg,A: Cirrhosis,Coronary artery disease
nejm,all_T=keyboard_S=3,168,image_168.jpg,D: Liver abscess,Liver abscess
nejm,all_T=keyboard_S=3,169,image_169.jpg,C: Interlabial cyst,Hydrocolpos
nejm,all_T=keyboard_S=3,170,image_170.jpg,D: Hemianopia,Hemiparesis
nejm,all_T=keyboard_S=3,171,image_171.jpg,D: Punctate psoriasis,Keratoderma
nejm,all_T=keyboard_S=3,172,image_172.jpg,A: Chronic lung allograft dysfunction,Parvovirus B19 infection
nejm,all_T=keyboard_S=3,173,image_173.jpg,A: Takayasu's arteritis,Polyarteritis nodosa
nejm,all_T=keyboard_S=3,174,image_174.jpg,D: Intestinal malrotation,Pyloric stenosis
nejm,all_T=keyboard_S=3,175,image_175.jpg,E: Western Blot,HIV nucleic acid test
nejm,all_T=keyboard_S=3,176,image_176.jpg,A: Urate,Oxalate
nejm,all_T=keyboard_S=3,177,image_177.jpg,E: Varicella-zoster infection,Pemphigus vulgaris
nejm,all_T=keyboard_S=3,178,image_178.jpg,Toxoplasma gondii,Trypanosoma brucei
nejm,all_T=keyboard_S=3,179,image_179.jpg,Drug-Eluting Bead Embolism,Drug-Eluting Bead Embolism
nejm,all_T=keyboard_S=3,180,image_180.jpg,D: Toxocara canis,Dirofilaria repens
nejm,all_T=keyboard_S=3,181,image_181.jpg,E,Giant-cell arteritis
nejm,all_T=keyboard_S=3,182,image_182.jpg,C: Pillar fracture,Atlanto-occipital dislocation
nejm,all_T=keyboard_S=3,183,image_183.jpg,A: Scrub typhus,Chickenpox
nejm,all_T=keyboard_S=3,184,image_184.jpg,D: Zenker’s diverticulum,Bronchoesophageal fistula
nejm,all_T=keyboard_S=3,185,image_185.jpg,D: Turner syndrome,Turner syndrome
nejm,all_T=keyboard_S=3,186,image_186.jpg,B: Osteosarcoma,Paget's disease
nejm,all_T=keyboard_S=3,187,image_187.jpg,A: Aphthous stomatitis,Squamous-cell carcinoma
nejm,all_T=keyboard_S=3,188,image_188.jpg,D,Mycobacterial tenosynovitis due to Mycobacterium avium complex
nejm,all_T=keyboard_S=3,189,image_189.jpg,B: Osteitis fibrosa,Calcinos
nejm,all_T=keyboard_S=3,190,image_190.jpg,Cavernous hemangioma,Lipoma
nejm,all_T=keyboard_S=3,191,image_191.jpg,A: Kawasaki's disease,Kawasaki's disease
nejm,all_T=keyboard_S=3,192,image_192.jpg,C: Pulmonary silicosis,Multiple bacterial abscesses
nejm,all_T=keyboard_S=3,193,image_193.jpg,C: Hidradenitis suppurativa,Hidradenitis suppurativa
nejm,all_T=keyboard_S=3,194,image_194.jpg,D: Thyroid peroxidase antibodies,Thyrotropin receptor antibodies
nejm,all_T=keyboard_S=3,195,image_195.jpg,A: Pterygium,Loa loa
nejm,all_T=keyboard_S=3,196,image_196.jpg,A: Achalasia,Pneumopericardium
nejm,all_T=keyboard_S=3,197,image_197.jpg,Erythema marginatum,Erythema marginatum
nejm,all_T=keyboard_S=3,198,image_198.jpg,D: Serpentine supravenous hyperpigmentation,Serpentine supravenous hyperpigmentation
nejm,all_T=keyboard_S=3,199,image_199.jpg,D: Psoriasis,Tinea
nejm,all_T=keyboard_S=3,200,image_200.jpg,B: Anisocoria,Light-near dissociation
nejm,all_T=keyboard_S=3,201,image_201.jpg,C: Rib metastases,Supernumerary rib
nejm,all_T=keyboard_S=3,202,image_202.jpg,C: Granulomatosis with polyangiitis,Polychondritis
nejm,all_T=keyboard_S=3,203,image_203.jpg,D: Hemophagocytosis of sickle cells,Hemophagocytosis of sickle cells
nejm,all_T=keyboard_S=3,204,image_204.jpg,B: Addison's disease,Hypogonadism
nejm,all_T=keyboard_S=3,205,image_205.jpg,A: Aortic aneurysm,Esophageal diverticulum
nejm,all_T=keyboard_S=3,206,image_206.jpg,Ehlers-Danlos syndrome,Pseudoxanthoma elasticum
nejm,all_T=keyboard_S=3,207,image_207.jpg,A: Infective endocarditis,Hereditary hemorrhagic telangiectasia
nejm,all_T=keyboard_S=3,208,image_208.jpg,A: Aortic and mitral valves,Aortic and mitral valves
nejm,all_T=keyboard_S=3,209,image_209.jpg,D: Osteoarthritis,Albright's hereditary osteodystrophy
nejm,all_T=keyboard_S=3,210,image_210.jpg,D: Herpetic whitlow,Polyarteritis nodosa
nejm,all_T=keyboard_S=3,211,image_211.jpg,D: Achondroplasia,Osteogenesis imperfecta
nejm,all_T=keyboard_S=3,212,image_212.jpg,B: Alzheimer's disease,Normal-pressure hydrocephalus
nejm,all_T=keyboard_S=3,213,image_213.jpg,E: Xanthochromia,Elevated opening pressure
nejm,all_T=keyboard_S=3,214,image_214.jpg,Insulin resistance,Insulin resistance
nejm,all_T=keyboard_S=3,215,image_215.jpg,A: Cushing's syndrome,Electrocution
nejm,all_T=keyboard_S=3,216,image_216.jpg,A: Septic emboli,Cysticercosis
nejm,all_T=keyboard_S=3,217,image_217.jpg,E: Subarachnoid hemorrhage,Leptospirosis
nejm,all_T=keyboard_S=3,218,image_218.jpg,A: Ichthyosis,Ischemic gangrene
nejm,all_T=keyboard_S=3,219,image_219.jpg,C: Inflammatory breast cancer,Carcinoma en cuirasse
nejm,all_T=keyboard_S=3,220,image_220.jpg,C: Impetigo,Scabies
nejm,all_T=keyboard_S=3,221,image_221.jpg,C: Ground-glass opacity,Air bronchogram
nejm,all_T=keyboard_S=3,222,image_222.jpg,B,Echinococcal cysts
nejm,all_T=keyboard_S=3,223,image_223.jpg,B: Rheumatoid arthritis,Chondrocalcinosis
nejm,all_T=keyboard_S=3,224,image_224.jpg,A: Anxiety,Stenosis of the left anterior descending artery
nejm,all_T=keyboard_S=3,225,image_225.jpg,A: African trypanosomiasis,Papillomatosis cutis lymphostatica
nejm,all_T=keyboard_S=3,226,image_226.jpg,A: Ovarian torsion,Fallopian tube torsion
nejm,all_T=keyboard_S=3,227,image_227.jpg,A: Rhinophyma,Rhinophyma
nejm,all_T=keyboard_S=3,228,image_228.jpg,C: Melanoma,Dermoid
nejm,all_T=keyboard_S=3,229,image_229.jpg,D: Erythrodermic psoriasis,Erythrodermic psoriasis
nejm,all_T=keyboard_S=3,230,image_230.jpg,A: Prolapse of orbital fat,Prolapse of orbital fat
nejm,all_T=keyboard_S=3,231,image_231.jpg,B: Poland syndrome,Poland syndrome
nejm,all_T=keyboard_S=3,232,image_232.jpg,E: Lingua villosa nigra,Lingua villosa nigra
nejm,all_T=keyboard_S=3,233,image_233.jpg,A: Diaphragm,Intercostal muscle
nejm,all_T=keyboard_S=3,234,image_234.jpg,C: Pyloric stenosis,Gastric cancer
nejm,all_T=keyboard_S=3,235,image_235.jpg,C: Nelson’s syndrome,Somatotropic pituitary adenoma
nejm,all_T=keyboard_S=3,236,image_236.jpg,C: Measles,Treponema pallidum
nejm,all_T=keyboard_S=3,237,image_237.jpg,B,Leukemic infiltration of the gingiva
nejm,all_T=keyboard_S=3,238,image_238.jpg,A: Bullous disease of diabetes,Necrolytic migratory erythema
nejm,all_T=keyboard_S=3,239,image_239.jpg,C: Closed-angle glaucoma,Waldenström’s macroglobulinemia
nejm,all_T=keyboard_S=3,240,image_240.jpg,B: Straddle pelvic fracture,Open-book fracture
nejm,all_T=keyboard_S=3,241,image_241.jpg,E: Impetigo,Tinea barbae
nejm,all_T=keyboard_S=3,242,image_242.jpg,D: Herpetic whitlow,Herpetic whitlow
nejm,all_T=keyboard_S=3,243,image_243.jpg,E: Aortic aneurysm,Urinary retention
nejm,all_T=keyboard_S=3,244,image_244.jpg,D: Pneumothorax,Pneumothorax
nejm,all_T=keyboard_S=3,245,image_245.jpg,B: Persistent hyperplastic primary vitreous,Persistent pupillary membranes
nejm,all_T=keyboard_S=3,246,image_246.jpg,A: Odontogenic cutaneous fistula,Odontogenic cutaneous fistula
nejm,all_T=keyboard_S=3,247,image_247.jpg,Superficial thrombophlebitis,Superficial thrombophlebitis
nejm,all_T=keyboard_S=3,248,image_248.jpg,E: Verruca vulgaris,Molluscum contagiosum
nejm,all_T=keyboard_S=3,249,image_249.jpg,A: Cutaneous leishmaniasis,Cutaneous leishmaniasis
nejm,all_T=keyboard_S=3,250,image_250.jpg,C,Giant-cell arteritis
nejm,all_T=keyboard_S=3,251,image_251.jpg,B: Antisynthetase syndrome,Antisynthetase syndrome
nejm,all_T=keyboard_S=3,252,image_252.jpg,E: Tinea corporis,Nummular eczema
nejm,all_T=keyboard_S=3,253,image_253.jpg,B: Cellulitis,Acute lymphangitis
nejm,all_T=keyboard_S=3,254,image_254.jpg,A: Cavernous sinus thrombosis,Rheumatoid arthritis
nejm,all_T=keyboard_S=3,255,image_255.jpg,A: Sublingual epidermoid cyst,Sublingual epidermoid cyst
nejm,all_T=keyboard_S=3,256,image_256.jpg,A: Miliary tuberculosis,Sarcoidosis
nejm,all_T=keyboard_S=3,257,image_257.jpg,B: Herpes simplex,Syphilis
nejm,all_T=keyboard_S=3,258,image_258.jpg,B,Foreign bodies that have been present for longer than 24 hours
nejm,all_T=keyboard_S=3,259,image_259.jpg,A: Digitalis intoxication,Cardiac allograft
nejm,all_T=keyboard_S=3,260,image_260.jpg,C: Phlegmasia cerulea dolens,Phlegmasia cerulea dolens
nejm,all_T=keyboard_S=3,261,image_261.jpg,C: Measles,Measles
nejm,all_T=keyboard_S=3,262,image_262.jpg,E: Vernal conjunctivitis,Vernal conjunctivitis
nejm,all_T=keyboard_S=3,263,image_263.jpg,E,Left ventricle
nejm,all_T=keyboard_S=3,264,image_264.jpg,B: Bilirubin,Bilirubin
nejm,all_T=keyboard_S=3,265,image_265.jpg,E: Ulcerative colitis,Eisenmenger's syndrome
nejm,all_T=keyboard_S=3,266,image_266.jpg,A,Page kidney
nejm,all_T=keyboard_S=3,267,image_267.jpg,A: Gastric outlet obstruction,Ulcerative colitis
nejm,all_T=keyboard_S=3,268,image_268.jpg,A: Geographic tongue,Geographic tongue
nejm,all_T=keyboard_S=3,269,image_269.jpg,D: Multiple Myeloma,Bone marrow necrosis
nejm,all_T=keyboard_S=3,270,image_270.jpg,D: Permethrin,Permethrin
nejm,all_T=keyboard_S=3,271,image_271.jpg,Cushing's syndrome,Hypothyroidism
nejm,all_T=keyboard_S=3,272,image_272.jpg,E: Preeclampsia,Preeclampsia
nejm,all_T=keyboard_S=3,273,image_273.jpg,C: Pneumatosis cystoides intestinalis,Intestinal lipomatosis
nejm,all_T=keyboard_S=3,274,image_274.jpg,A: Papilledema,Cholesterol emboli
nejm,all_T=keyboard_S=3,275,image_275.jpg,A: Aphthous stomatitis,Herpes zoster
nejm,all_T=keyboard_S=3,276,image_276.jpg,Sporotrichosis,Sporotrichosis
nejm,all_T=keyboard_S=3,277,image_277.jpg,A: Central retinal artery occlusion,Central retinal artery occlusion
nejm,all_T=keyboard_S=3,278,image_278.jpg,D: Uterine fibroids,Hematometrocolpos
nejm,all_T=keyboard_S=3,279,image_279.jpg,A: Superior vena cava syndrome,Superior vena cava syndrome
nejm,all_T=keyboard_S=3,280,image_280.jpg,Cirrhosis,Cirrhosis
nejm,all_T=keyboard_S=3,281,image_281.jpg,A: Hyperplastic polyps,Ménétrier’s disease
nejm,all_T=keyboard_S=3,282,image_282.jpg,B: Pseudothrombocytopenia due to plate clumping associated with EDTA,Pseudothrombocytosis due to red cell fragments
nejm,all_T=keyboard_S=3,283,image_283.jpg,A: Anterior uveitis,Carotid cavernous sinus fistula
nejm,all_T=keyboard_S=3,284,image_284.jpg,C: Cystic fibrosis,Plastic bronchitis
nejm,all_T=keyboard_S=3,285,image_285.jpg,A: Endometrioma,Intraabdominal cancer
nejm,all_T=keyboard_S=3,286,image_286.jpg,B: Blepharitis,Rosacea
nejm,all_T=keyboard_S=3,287,image_287.jpg,A: Abdominal aortic aneurysm,Urachal mucinous cystic tumor
nejm,all_T=keyboard_S=3,288,image_288.jpg,A: Asymmetrical mydriasis,Quadriplegia
nejm,all_T=keyboard_S=3,289,image_289.jpg,D: Retinitis pigmentosa,Marfan’s syndrome
nejm,all_T=keyboard_S=3,290,image_290.jpg,B: Cat scratch disease,Sclerosing sialadenitis
nejm,all_T=keyboard_S=3,291,image_291.jpg,A: Staphylococcus aureus septic emboli,Angiosarcoma
nejm,all_T=keyboard_S=3,292,image_292.jpg,A: Chronic venous insufficiency,Chronic venous insufficiency
nejm,all_T=keyboard_S=3,293,image_293.jpg,A: Parulis,Torus mandibularis
nejm,all_T=keyboard_S=3,294,image_294.jpg,A: Dermoid cyst,Spindle-cell sarcoma
nejm,all_T=keyboard_S=3,295,image_295.jpg,Gall bladder,Stomach
nejm,all_T=keyboard_S=3,296,image_296.jpg,D: Cogan’s syndrome,Cogan’s syndrome
nejm,all_T=keyboard_S=3,297,image_297.jpg,Salbutamol,Ipratropium
nejm,all_T=keyboard_S=3,298,image_298.jpg,A: Diabetic bullae,Eruptive xanthomas
nejm,all_T=keyboard_S=3,299,image_299.jpg,B: Mumps,Iodide-associated sialadenitis
nejm,all_T=keyboard_S=3,300,image_300.jpg,C: Fungal peritonitis,Encapsulating peritoneal sclerosis
nejm,all_T=keyboard_S=3,301,image_301.jpg,E: Red-cell transketolase,Calcitonin
nejm,all_T=keyboard_S=3,302,image_302.jpg,B: Osteopetrosis,Primary hypertrophic osteoarthropathy
nejm,all_T=keyboard_S=3,303,image_303.jpg,E: Langerhans cell histiocytosis,Congenital cytomegalovirus infection
nejm,all_T=keyboard_S=3,304,image_304.jpg,E: Left anterior descending artery occlusion,Right coronary artery occlusion
nejm,all_T=keyboard_S=3,305,image_305.jpg,A,Tracheal agenesis with bronchoesophageal fistula
nejm,all_T=keyboard_S=3,306,image_306.jpg,A: 17-hydroxyprogesterone,Angiotensin-converting enzyme
nejm,all_T=keyboard_S=3,307,image_307.jpg,D: Shingles,Neurofibromatosis
nejm,all_T=keyboard_S=3,308,image_308.jpg,D: Streptococcal A infection,Systemic lupus erythematosus
nejm,all_T=keyboard_S=3,309,image_309.jpg,E: Nasal septal abscess,Granulomatosis with polyangiitis
nejm,all_T=keyboard_S=3,310,image_310.jpg,C: Rhabdomyolysis,Ethylene glycol poisoning
nejm,all_T=keyboard_S=3,311,image_311.jpg,C: Meckel's diverticulum,Ascariasis
nejm,all_T=keyboard_S=3,312,image_312.jpg,A: Group A streptococcus,Group A streptococcus
nejm,all_T=keyboard_S=3,313,image_313.jpg,C: Retinopathy of prematurity,Shaken-baby syndrome
nejm,all_T=keyboard_S=3,314,image_314.jpg,A: Bullous impetigo,Exanthematous pustulosis
nejm,all_T=keyboard_S=3,315,image_315.jpg,B: Infectious mononucleosis,Rubella
nejm,all_T=keyboard_S=3,316,image_316.jpg,D: Tinea manuum,Cutaneous leishmaniasis
nejm,all_T=keyboard_S=3,317,image_317.jpg,A: Chemical burn,Thrombotic vasculopathy
nejm,all_T=keyboard_S=3,318,image_318.jpg,A: Hand-foot-mouth disease,Herpes simplex virus infection
nejm,all_T=keyboard_S=3,319,image_319.jpg,D: Eosinophilic esophagitis,Eosinophilic esophagitis
nejm,all_T=keyboard_S=3,320,image_320.jpg,D: Pharyngeal foreign body,Prevertebral air
nejm,all_T=keyboard_S=3,321,image_321.jpg,C: Chickens,Cats
nejm,all_T=keyboard_S=3,322,image_322.jpg,D: Lymphoma,Histoplasmosis
nejm,all_T=keyboard_S=3,323,image_323.jpg,Paragonimiasis,Paragonimiasis
nejm,all_T=keyboard_S=3,324,image_324.jpg,C: Brachial artery stenosis,Fibromuscular dysplasia
nejm,all_T=keyboard_S=3,325,image_325.jpg,A,Condylomata lata
nejm,all_T=keyboard_S=3,326,image_326.jpg,E: Paget's disease,Adrenal insufficiency
nejm,all_T=keyboard_S=3,327,image_327.jpg,E,Vitamin B12 deficiency
nejm,all_T=keyboard_S=3,328,image_328.jpg,A: Lichen planus,Ostraceous psoriasis
nejm,all_T=keyboard_S=3,329,image_329.jpg,A: Squamous-cell carcinoma,Squamous-cell carcinoma
nejm,all_T=keyboard_S=3,330,image_330.jpg,E: Conn’s syndrome,Primary adrenal lymphoma
nejm,all_T=keyboard_S=3,331,image_331.jpg,C: Pyogenic granuloma,Spider angioma
nejm,all_T=keyboard_S=3,332,image_332.jpg,E: Yaws,Actinomycetoma
nejm,all_T=keyboard_S=3,333,image_333.jpg,D: Malignant melanoma,Halo nevus
nejm,all_T=keyboard_S=3,334,image_334.jpg,D: Amiodarone-induced skin discoloration,Amiodarone-induced skin discoloration
nejm,all_T=keyboard_S=3,335,image_335.jpg,A: Leukemia,Leukemia
nejm,all_T=keyboard_S=3,336,image_336.jpg,D: Rocky Mountain spotted fever,Tickborne relapsing fever
nejm,all_T=keyboard_S=3,337,image_337.jpg,D: Tinea versicolor,Erythema gyratum repens
nejm,all_T=keyboard_S=3,338,image_338.jpg,E: Thromboangiitis obliterans,Deep venous thrombosis
nejm,all_T=keyboard_S=3,339,image_339.jpg,D: Bronchiolitis,Bordetella pertussis
nejm,all_T=keyboard_S=3,340,image_340.jpg,A: Schistosomiasis,Ingestion of a heavy metal
nejm,all_T=keyboard_S=3,341,image_341.jpg,A: Gonococcal arthritis,Tophaceous gout
nejm,all_T=keyboard_S=3,342,image_342.jpg,B: Incisional hernia,Internal hernia
nejm,all_T=keyboard_S=3,343,image_343.jpg,B: Colocolonic intussusception,Colocolonic intussusception
nejm,all_T=keyboard_S=3,344,image_344.jpg,B: Crescentic glomerulonephritis,Cholesterol crystals
nejm,all_T=keyboard_S=3,345,image_345.jpg,D: Pulmonary-artery dissection,Pulmonary-artery dissection
nejm,all_T=keyboard_S=3,346,image_346.jpg,Scleroderma,Beta-thalassemia
nejm,all_T=keyboard_S=3,347,image_347.jpg,C,"Consumption of undercooked, infected beef"
nejm,all_T=keyboard_S=3,348,image_348.jpg,D: Pemphigus vulgaris,Neutrophilic dermatosis
nejm,all_T=keyboard_S=3,349,image_349.jpg,B: Calcium,Alkaline phosphatase
nejm,all_T=keyboard_S=3,350,image_350.jpg,E: Perforated viscus,Ogilvie’s syndrome
nejm,all_T=keyboard_S=3,351,image_351.jpg,A: Age-related macular degeneration,Toxoplasmosis
nejm,all_T=keyboard_S=3,352,image_352.jpg,C,Fluorouracil side effect
nejm,all_T=keyboard_S=3,353,image_353.jpg,C: Epidermoid cyst,Furuncular myiasis
nejm,all_T=keyboard_S=3,354,image_354.jpg,C: Sarcoidosis,Sarcoidosis
nejm,all_T=keyboard_S=3,355,image_355.jpg,A: Herpes simplex keratitis,Radial keratotomy
nejm,all_T=keyboard_S=3,356,image_356.jpg,B: Uterine perforation,Uterine perforation
nejm,all_T=keyboard_S=3,357,image_357.jpg,C: Creutzfeld-Jakob disease,Creutzfeld-Jakob disease
nejm,all_T=keyboard_S=3,358,image_358.jpg,Pneumoconiosis,Tobacco
nejm,all_T=keyboard_S=3,359,image_359.jpg,C: Metastatic lung cancer,Metastatic lung cancer
nejm,all_T=keyboard_S=3,360,image_360.jpg,C: Radiation-induced angiosarcoma,Radiation-induced angiosarcoma
nejm,all_T=keyboard_S=3,361,image_361.jpg,C,Atopic eruption of pregnancy
nejm,all_T=keyboard_S=3,362,image_362.jpg,B: Folate,Niacin
nejm,all_T=keyboard_S=3,363,image_363.jpg,A: Autoimmune hemolytic anemia,Spur-cell hemolytic anemia
nejm,all_T=keyboard_S=3,364,image_364.jpg,B: Dirofilariasis,Cutaneous larva migrans
nejm,all_T=keyboard_S=3,365,image_365.jpg,C: Lymphogranuloma venereum,Treponema pallidum infection
nejm,all_T=keyboard_S=3,366,image_366.jpg,A: Insect bite,Insect bite
nejm,all_T=keyboard_S=3,367,image_367.jpg,A: Aorta,Diaphragm
nejm,all_T=keyboard_S=3,368,image_368.jpg,Pneumothorax,Lung herniation
nejm,all_T=keyboard_S=3,369,image_369.jpg,A: Congenital adrenal hyperplasia,Spinal dysraphism
nejm,all_T=keyboard_S=3,370,image_370.jpg,A: Nascent hemangioma of infancy,Infant harlequin syndrome
nejm,all_T=keyboard_S=3,371,image_371.jpg,A: Dental abscess,Mandibular fracture
nejm,all_T=keyboard_S=3,372,image_372.jpg,E: Tuberculosis,Panniculitis
nejm,all_T=keyboard_S=3,373,image_373.jpg,B: Henoch–Schönlein purpura,Peutz–Jeghers syndrome
nejm,all_T=keyboard_S=3,374,image_374.jpg,D: Candida,Secondary syphilis
nejm,all_T=keyboard_S=3,375,image_375.jpg,D: Inverted Q wave,Osborn wave
nejm,all_T=keyboard_S=3,376,image_376.jpg,C: Stevens-Johnson syndrome,Staphylococcal scalded skin
nejm,all_T=keyboard_S=3,377,image_377.jpg,D: Insulin lipohypertrophy,Insulin lipohypertrophy
nejm,all_T=keyboard_S=3,378,image_378.jpg,B: Actinic keratosis,Actinic granuloma
nejm,all_T=keyboard_S=3,379,image_379.jpg,D: Neurocysticercosis,Cystic echinococcosis
nejm,all_T=keyboard_S=3,380,image_380.jpg,D: Rheumatoid arthritis,Alcohol dependency
nejm,all_T=keyboard_S=3,381,image_381.jpg,D: Multiple iris nevi,Lisch nodules
nejm,all_T=keyboard_S=3,382,image_382.jpg,Zinc,Zinc
nejm,all_T=keyboard_S=3,383,image_383.jpg,A: Thrombocytosis,Eosinophilia
nejm,all_T=keyboard_S=3,384,image_384.jpg,E,Antiphospholipid syndrome
nejm,all_T=keyboard_S=3,385,image_385.jpg,D: Subarachnoid hemorrhage,Epidural hematoma
nejm,all_T=keyboard_S=3,386,image_386.jpg,B: Obstipation,Trichobezoar
nejm,all_T=keyboard_S=3,387,image_387.jpg,B: Metastatic melanoma,Osteomalacia
nejm,all_T=keyboard_S=3,388,image_388.jpg,A,Lymphoma
nejm,all_T=keyboard_S=3,389,image_389.jpg,C: Serum calcium,Bone scan
nejm,all_T=keyboard_S=3,390,image_390.jpg,A: Gastric cancer,Gastric cancer
nejm,all_T=keyboard_S=3,391,image_391.jpg,C: Pyoderma gangrenosum,Malakoplakia
nejm,all_T=keyboard_S=3,392,image_392.jpg,D: Prolactinoma,Prolactinoma
nejm,all_T=keyboard_S=3,393,image_393.jpg,C: Systemic lupus erythematosus,Systemic lupus erythematosus
nejm,all_T=keyboard_S=3,394,image_394.jpg,B: Intravitreal hemorrhage,Traumatic bleb
nejm,all_T=keyboard_S=3,395,image_395.jpg,A: Soft-tissue calcinosis,Soft-tissue calcinosis
nejm,all_T=keyboard_S=3,396,image_396.jpg,A: Verruca vulgaris,Chromoblastomycosis
nejm,all_T=keyboard_S=3,397,image_397.jpg,Pectus excavatum,Pectus excavatum
nejm,all_T=keyboard_S=3,398,image_398.jpg,E: Tuberculosis,Tuberculosis
nejm,all_T=keyboard_S=3,399,image_399.jpg,A: Alopecia areata,Fibrosing alopecia
nejm,all_T=keyboard_S=3,400,image_400.jpg,C,Ludwig’s angina
nejm,all_T=keyboard_S=3,401,image_401.jpg,C: Nephrogenic fibrosing dermopathy,Nephrogenic fibrosing dermopathy
nejm,all_T=keyboard_S=3,402,image_402.jpg,C: Lingual carcinoma,Hypoglossal nerve injury
nejm,all_T=keyboard_S=3,403,image_403.jpg,C: Primary biliary cholangitis,Cystic echinococcosis
nejm,all_T=keyboard_S=3,404,image_404.jpg,A: Congestive heart failure,Congestive heart failure
nejm,all_T=keyboard_S=3,405,image_405.jpg,D: Scleroderma,Scleroderma
nejm,all_T=keyboard_S=3,406,image_406.jpg,Candida albicans,Corynebacterium minutissimum
nejm,all_T=keyboard_S=3,407,image_407.jpg,A: Esophageal rupture,Hydropneumothorax
nejm,all_T=keyboard_S=3,408,image_408.jpg,A: Rheumatoid arthritis,Gout
nejm,all_T=keyboard_S=3,409,image_409.jpg,B: Drug reaction with eosinophilia and systemic symptoms,Drug reaction with eosinophilia and systemic symptoms
nejm,all_T=keyboard_S=3,410,image_410.jpg,A: Angioedema,Subclavian vein thrombosis
nejm,all_T=keyboard_S=3,411,image_411.jpg,C: Hepatocellular carcinoma,Infantile hepatic hemangiomas
nejm,all_T=keyboard_S=3,412,image_412.jpg,C: Cryptococcus neoformans,Histoplasma capsulatum
nejm,all_T=keyboard_S=3,413,image_413.jpg,A: Cerebriform nevus sebaceous,Cerebriform nevus sebaceous
nejm,all_T=keyboard_S=3,414,image_414.jpg,A: Upper gastrointestinal bleed,Metastatic colon cancer
nejm,all_T=keyboard_S=3,415,image_415.jpg,D: Psoriasis,Vitiligo
nejm,all_T=keyboard_S=3,416,image_416.jpg,C: Mastocytosis,Carcinoid syndrome
nejm,all_T=keyboard_S=3,417,image_417.jpg,A: Congenital melanocytic nevus,Congenital melanocytic nevus
nejm,all_T=keyboard_S=3,418,image_418.jpg,C,Multiple endocrine neoplasia type 2B
nejm,all_T=keyboard_S=3,419,image_419.jpg,B: Peripancreatic malignancy,Peripancreatic malignancy
nejm,all_T=keyboard_S=3,420,image_420.jpg,B: Immature cataract,Intraocular tumor
nejm,all_T=keyboard_S=3,421,image_421.jpg,B: Cryptococcal meningitis,Cryptococcal meningitis
nejm,all_T=keyboard_S=3,422,image_422.jpg,D: Angiotensin converting-enzyme inhibitor,Angiotensin converting-enzyme inhibitor
nejm,all_T=keyboard_S=3,423,image_423.jpg,B: Calluses,Plantar warts
nejm,all_T=keyboard_S=3,424,image_424.jpg,A: Acromegaly,Diabetes mellitus
nejm,all_T=keyboard_S=3,425,image_425.jpg,C: Celiac disease,Nodular lymphoid hyperplasia
nejm,all_T=keyboard_S=3,426,image_426.jpg,B,Retropharyngeal abscess
nejm,all_T=keyboard_S=3,427,image_427.jpg,C: Danazol,Chloroquine
nejm,all_T=keyboard_S=3,428,image_428.jpg,C: Diffuse cutaneous systemic sclerosis,Diffuse cutaneous systemic sclerosis
nejm,all_T=keyboard_S=3,429,image_429.jpg,C: Chronic renal insufficiency,Diabetes mellitus
nejm,all_T=keyboard_S=3,430,image_430.jpg,C: Apply cervical collar to stabilize the neck,Leave the foreign object in place
nejm,all_T=keyboard_S=3,431,image_431.jpg,E: Thromboangiitis obliterans,Ergotism
nejm,all_T=keyboard_S=3,432,image_432.jpg,C: Metastatic prostate cancer,Ankylosing spondylitis
nejm,all_T=keyboard_S=3,433,image_433.jpg,E: Respiratory system,Respiratory system
nejm,all_T=keyboard_S=3,434,image_434.jpg,A: Bullous ichthyosiform erythroderma,Harlequin color change
nejm,all_T=keyboard_S=3,435,image_435.jpg,C: Tonsillar cancer,Tonsillar cancer
nejm,all_T=keyboard_S=3,436,image_436.jpg,A: Acute pulmonary embolism,Ascending aortic aneurysm
nejm,all_T=keyboard_S=3,437,image_437.jpg,A: Congenital nevus,Congenital nevus
nejm,all_T=keyboard_S=3,438,image_438.jpg,D: Vibrio vulnificus,Vibrio vulnificus
nejm,all_T=keyboard_S=3,439,image_439.jpg,A: Atypical antipsychotic,Protease inhibitor
nejm,all_T=keyboard_S=3,440,image_440.jpg,C,Wernicke’s encephalopathy
nejm,all_T=keyboard_S=3,441,image_441.jpg,B,Superior mesenteric artery syndrome
nejm,all_T=keyboard_S=3,442,image_442.jpg,A: Dermoid cyst,Mucocele
nejm,all_T=keyboard_S=3,443,image_443.jpg,A: Herpes simplex virus,Varicella-zoster virus
nejm,all_T=keyboard_S=3,444,image_444.jpg,E: Myasthenia gravis,Myasthenia gravis
nejm,all_T=keyboard_S=3,445,image_445.jpg,A: Aspiration pneumonia,Pleural perforation
nejm,all_T=keyboard_S=3,446,image_446.jpg,D: Hidradenitis suppurativa,Polymastia
nejm,all_T=keyboard_S=3,447,image_447.jpg,A: Digital pilonidal sinus,Gout
nejm,all_T=keyboard_S=3,448,image_448.jpg,D: Intravenous valacyclovir,Aspirin and intravenous immune globulin
nejm,all_T=keyboard_S=3,449,image_449.jpg,B,Extranodal natural killer T-cell lymphoma
nejm,all_T=keyboard_S=3,450,image_450.jpg,Type 2 diabetes,Celiac disease
nejm,all_T=keyboard_S=3,451,image_451.jpg,B: Amyotrophic lateral sclerosis,Amyotrophic lateral sclerosis
nejm,all_T=keyboard_S=3,452,image_452.jpg,C: Sjogren's syndrome,Uveoparotid fever
nejm,all_T=keyboard_S=3,453,image_453.jpg,C: Pyoderma gangrenosum,Anti-MDA5 dermatomyositis
nejm,all_T=keyboard_S=3,454,image_454.jpg,B: Recurrent breast cancer,Cellulitis
nejm,all_T=keyboard_S=3,455,image_455.jpg,E: Trichobezoar,Intraabdominal hernia
nejm,all_T=keyboard_S=3,456,image_456.jpg,E: Acute dacryocystitis,Acute dacryocystitis
nejm,all_T=keyboard_S=3,457,image_457.jpg,E: Anti-Hu antibody,Anti-Hu antibody
nejm,all_T=keyboard_S=3,458,image_458.jpg,A: Crusted scabies,Crusted scabies
nejm,all_T=keyboard_S=3,459,image_459.jpg,B: Schistosoma hematobium,Schistosoma hematobium
nejm,all_T=keyboard_S=3,460,image_460.jpg,C: Epiglottitis,Epiglottitis
nejm,all_T=keyboard_S=3,461,image_461.jpg,Erythema multiforme,Urticaria multiforme
nejm,all_T=keyboard_S=3,462,image_462.jpg,E,Tetracycline
nejm,all_T=keyboard_S=3,463,image_463.jpg,E: Mean corpuscular volume,Alkaline phosphatase
nejm,all_T=keyboard_S=3,464,image_464.jpg,B: Leukemia cutis,Neutrophilic eccrine hidradenitis
nejm,all_T=keyboard_S=3,465,image_465.jpg,"B: Left hemiparesis, gaze deviated to the left","Left hemiparesis, gaze deviated to the right"
nejm,all_T=keyboard_S=3,466,image_466.jpg,A: Lead exposure,Lead exposure
nejm,all_T=keyboard_S=3,467,image_467.jpg,D: Discoid lupus,Necrolytic migratory erythema
nejm,all_T=keyboard_S=3,468,image_468.jpg,Livedo reticularis,Erythema ab igne
nejm,all_T=keyboard_S=3,469,image_469.jpg,E: Systemic lupus erythematosus,Phototoxic dermatitis
nejm,all_T=keyboard_S=3,470,image_470.jpg,D: Leukoplakia,Laryngeal candidiasis
nejm,all_T=keyboard_S=3,471,image_471.jpg,B: Esophageal carcinoma,Zenker's diverticulum
nejm,all_T=keyboard_S=3,472,image_472.jpg,B: Mondor's disease,Mondor’s disease
nejm,all_T=keyboard_S=3,473,image_473.jpg,D: Posterior reversible encephalopathy syndrome,Posterior reversible encephalopathy syndrome
nejm,all_T=keyboard_S=3,474,image_474.jpg,B: Gout,Systemic sclerosis
nejm,all_T=keyboard_S=3,475,image_475.jpg,E,"Hypocalcemia, hypophosphatemia, and hyperkalemia"
nejm,all_T=keyboard_S=3,476,image_476.jpg,E: Slipped capital femoral epiphysis,Legg–Calvé–Perthes disease
nejm,all_T=keyboard_S=3,477,image_477.jpg,A: Decompression sickness,Decompression sickness
nejm,all_T=keyboard_S=3,478,image_478.jpg,A: Buruli ulcers,Porphyria cutanea tarda
nejm,all_T=keyboard_S=3,479,image_479.jpg,C: Hashimoto's thyroiditis,Graves' disease
nejm,all_T=keyboard_S=3,480,image_480.jpg,D: Turner syndrome,Congenital adrenal hyperplasia
nejm,all_T=keyboard_S=3,481,image_481.jpg,C: Cutaneous metastases,Cutaneous metastases
nejm,all_T=keyboard_S=3,482,image_482.jpg,A: Thromboangiitis obliterans,Thromboangiitis obliterans
nejm,all_T=keyboard_S=3,483,image_483.jpg,Cataract,Cataract
nejm,all_T=keyboard_S=3,484,image_484.jpg,Atherosclerosis,Atherosclerosis
nejm,all_T=keyboard_S=3,485,image_485.jpg,A: Tuberculosis,Situs inversus totalis
nejm,all_T=keyboard_S=3,486,image_486.jpg,E: Cytomegalovirus retinitis,Hypertriglyceridemia
nejm,all_T=keyboard_S=3,487,image_487.jpg,D: Obstructive parotitis,Obstructive parotitis
nejm,all_T=keyboard_S=3,488,image_488.jpg,B: Ischemic colitis,Ischemic colitis
nejm,all_T=keyboard_S=3,489,image_489.jpg,A: Neurofibromatosis,Small-cell lung cancer
nejm,all_T=keyboard_S=3,490,image_490.jpg,A,Strongyloides stercoralis
nejm,all_T=keyboard_S=3,491,image_491.jpg,Cocaine,Xylazine
nejm,all_T=keyboard_S=3,492,image_492.jpg,B: Hyperthyroidism,Hodgkin's lymphoma
nejm,all_T=keyboard_S=3,493,image_493.jpg,C: Brucellosis,Brucellosis
nejm,all_T=keyboard_S=3,494,image_494.jpg,D: Tuberculosis-related dacryoadenitis,IgG4-related ophthalmic disease
nejm,all_T=keyboard_S=3,495,image_495.jpg,D: Periodontitis,Dermatomyositis
nejm,all_T=keyboard_S=3,496,image_496.jpg,A: Mucormycosis,Curvularia alcornii
nejm,all_T=keyboard_S=3,497,image_497.jpg,A: Bulbar palsy,Romberg's sign
nejm,all_T=keyboard_S=3,498,image_498.jpg,B: Mycobacterium leprae,Klebsiella rhinoscleromatis
nejm,all_T=keyboard_S=3,499,image_499.jpg,D: Unilateral hypoglossal nerve palsy,Tissue plasminogen activator-associated angioedema
nejm,all_T=keyboard_S=3,500,image_500.jpg,C: Uniocular blindness,Inferior hemifield loss
nejm,all_T=keyboard_S=3,501,image_501.jpg,A: Infective endocarditis,Infective endocarditis
nejm,all_T=keyboard_S=3,502,image_502.jpg,C: Nephrogenic systemic fibrosis,Nephrogenic systemic fibrosis
nejm,all_T=keyboard_S=3,503,image_503.jpg,D: Janeway lesion,Splinter hemorrhages
nejm,all_T=keyboard_S=3,504,image_504.jpg,C: Leprosy,Leprosy
nejm,all_T=keyboard_S=3,505,image_505.jpg,B: Baker's cyst,Abscess
nejm,all_T=keyboard_S=3,506,image_506.jpg,D: Dirofilaria repens infection,Dirofilaria repens infection
nejm,all_T=keyboard_S=3,507,image_507.jpg,Cushing's syndrome,Paraneoplastic disorder
nejm,all_T=keyboard_S=3,508,image_508.jpg,A: Renal-cell carcinoma,Perirenal extramedullary hematopoiesis
nejm,all_T=keyboard_S=3,509,image_509.jpg,C: Crohn's disease,Bulimia nervosa
nejm,all_T=keyboard_S=3,510,image_510.jpg,B: Pyogenic granuloma,Iododerma
nejm,all_T=keyboard_S=3,511,image_511.jpg,E: Retinoblastoma,Retinoblastoma
nejm,all_T=keyboard_S=3,512,image_512.jpg,Pancreatitis,Perforation of a viscus
nejm,all_T=keyboard_S=3,513,image_513.jpg,A: Polymyositis,Dermatomyositis
nejm,all_T=keyboard_S=3,514,image_514.jpg,B: Amyloidosis,Lipomatosis
nejm,all_T=keyboard_S=3,515,image_515.jpg,A: Tinea versicolor,Nevus comedonicus
nejm,all_T=keyboard_S=3,516,image_516.jpg,A: Oral hairy leukoplakia,Uremic stomatitis
nejm,all_T=keyboard_S=3,517,image_517.jpg,A: Osgood-Schlatter disease,Systemic sclerosis
nejm,all_T=keyboard_S=3,518,image_518.jpg,Psoriasis,Chronic venous stasis
nejm,all_T=keyboard_S=3,519,image_519.jpg,E: Sjögren's syndrome,Sjögren's syndrome
nejm,all_T=keyboard_S=3,520,image_520.jpg,A: Pharyngeal abscess,Thyroglossal duct cyst
nejm,all_T=keyboard_S=3,521,image_521.jpg,C: Invasive aspergillosis,Wegener's granulomatosis
nejm,all_T=keyboard_S=3,522,image_522.jpg,Erythema nodosum,Necrobiosis lipoidica
nejm,all_T=keyboard_S=3,523,image_523.jpg,E: Lingual artery,Lingual artery
nejm,all_T=keyboard_S=3,524,image_524.jpg,D: Miliary tuberculosis,Nocardia asteroides infection
nejm,all_T=keyboard_S=3,525,image_525.jpg,C: Buerger disease,Achenbach’s syndrome
nejm,all_T=keyboard_S=3,526,image_526.jpg,B: Condyloma acuminata,Herpes vegetans
nejm,all_T=keyboard_S=3,527,image_527.jpg,E: Thrombosis of the inferior vena cava,Thrombosis of the inferior vena cava
nejm,all_T=keyboard_S=3,528,image_528.jpg,C: Guttate psoriasis,Human papillomavirus
nejm,all_T=keyboard_S=3,529,image_529.jpg,D: Spinal muscular atrophy,Tay-Sachs disease
nejm,all_T=keyboard_S=3,530,image_530.jpg,C: Pneumothorax,Intrathoracic localized obstruction
nejm,all_T=keyboard_S=3,531,image_531.jpg,C: Hematoma,Thromboembolism
nejm,all_T=keyboard_S=3,532,image_532.jpg,D: Mesenteric ischemia,Pneumoperitoneum
nejm,all_T=keyboard_S=3,533,image_533.jpg,A: Heberden’s nodes,Jaccoud’s arthropathy
nejm,all_T=keyboard_S=3,534,image_534.jpg,E: Eosinophilic ulcer,Cytomegalovirus infection
nejm,all_T=keyboard_S=3,535,image_535.jpg,E: Paget's disease,Renal tubular acidosis
nejm,all_T=keyboard_S=3,536,image_536.jpg,A: Copper,Zinc
nejm,all_T=keyboard_S=3,537,image_537.jpg,D: Scleroderma,Cold agglutinins
nejm,all_T=keyboard_S=3,538,image_538.jpg,A: Hemorrhoids,Enterobiasis
nejm,all_T=keyboard_S=3,539,image_539.jpg,B: Necrotizing fasciitis,Digital ischemia
nejm,all_T=keyboard_S=3,540,image_540.jpg,B: Esophageal obstruction,Croup
nejm,all_T=keyboard_S=3,541,image_541.jpg,A: Basal cell carcinoma,Disseminated cutaneous blastomycosis
nejm,all_T=keyboard_S=3,542,image_542.jpg,A: Parotitis,Frey's syndrome
nejm,all_T=keyboard_S=3,543,image_543.jpg,C: Hemorrhagic cerebral metastasis,Cerebral cavernous malformations
nejm,all_T=keyboard_S=3,544,image_544.jpg,D: Prescribe nystatin,Counsel patient to stop smoking
nejm,all_T=keyboard_S=3,545,image_545.jpg,A: Leukocytoclastic vasculitis,Multiple myeloma
nejm,all_T=keyboard_S=3,546,image_546.jpg,E: About 50% of the serum bilirubin is conjugated,About 50% of the serum bilirubin is conjugated
nejm,all_T=keyboard_S=3,547,image_547.jpg,A: Fleischner sign,Hampton’s hump
nejm,all_T=keyboard_S=3,548,image_548.jpg,D: Leukemia cutis,Cryoglobulinemic vasculitis
nejm,all_T=keyboard_S=3,549,image_549.jpg,E: Papillary thyroid cancer,Ectopic thyroid
nejm,all_T=keyboard_S=3,550,image_550.jpg,B: Acute angle-closure glaucoma,Acute angle-closure glaucoma
nejm,all_T=keyboard_S=3,551,image_551.jpg,A: Paracoccidioides brasiliensis,Plasmodium vivax
nejm,all_T=keyboard_S=3,552,image_552.jpg,A: Insulinoma,Glucagonoma
nejm,all_T=keyboard_S=3,553,image_553.jpg,C,Erdheim–Chester disease
nejm,all_T=keyboard_S=3,554,image_554.jpg,E: Splenic cyst,Splenic cyst
nejm,all_T=keyboard_S=3,555,image_555.jpg,D: Vitiligo,Tinea versicolor
nejm,all_T=keyboard_S=3,556,image_556.jpg,C: Phytophotodermatitis,Pellagra
nejm,all_T=keyboard_S=3,557,image_557.jpg,D: Pthirus pubis,Pthirus pubis
nejm,all_T=keyboard_S=3,558,image_558.jpg,B,Pulmonary alveolar microlithiasis
nejm,all_T=keyboard_S=3,559,image_559.jpg,D: Trichophyton rubrum infection,Pseudomonas aeruginosa infection
nejm,all_T=keyboard_S=3,560,image_560.jpg,C: Traumatic epididymitis,Penile fracture
nejm,all_T=keyboard_S=3,561,image_561.jpg,A: HIV-associated diffuse large B-cell lymphoma,Disseminated Mycobacterium avium–intracellulare infection
nejm,all_T=keyboard_S=3,562,image_562.jpg,E: Psoralen,Erlotinib
nejm,all_T=keyboard_S=3,563,image_563.jpg,C: Dieulafoy's lesion,Adenocarcinoma
nejm,all_T=keyboard_S=3,564,image_564.jpg,D: Hemangioma,Melanoma
nejm,all_T=keyboard_S=3,565,image_565.jpg,B: Umbilical hernia,Sister Mary Joseph's nodule
nejm,all_T=keyboard_S=3,566,image_566.jpg,C: Propofol,Fluorescent dye
nejm,all_T=keyboard_S=3,567,image_567.jpg,A: Coarctation of the aorta,Pulmonary embolism
nejm,all_T=keyboard_S=3,568,image_568.jpg,E: Osgood–Schlatter disease,Osgood–Schlatter disease
nejm,all_T=keyboard_S=3,569,image_569.jpg,A: Aortic coarctation,Pneumomediastinum
nejm,all_T=keyboard_S=3,570,image_570.jpg,D: Granulomatous iritis,Prominent iris collarette
nejm,all_T=keyboard_S=3,571,image_571.jpg,A: Erythrasma,Malignant acanthosis nigricans
nejm,all_T=keyboard_S=3,572,image_572.jpg,A: Neurofibromatosis,Tuberous sclerosis
nejm,all_T=keyboard_S=3,573,image_573.jpg,A: Bilirubin elevation,Elevated protein
nejm,all_T=keyboard_S=3,574,image_574.jpg,B: Disseminated histoplasmosis,Malignant syphilis
nejm,all_T=keyboard_S=3,575,image_575.jpg,Trichuris trichiura,Diphyllobothrium latum
nejm,all_T=keyboard_S=3,576,image_576.jpg,A: Squamous-cell carcinoma,Mycobacterium marinum
nejm,all_T=keyboard_S=3,577,image_577.jpg,D: Right upper lobe,Left upper lobe
nejm,all_T=keyboard_S=3,578,image_578.jpg,Candidiasis,Herpes zoster
nejm,all_T=keyboard_S=3,579,image_579.jpg,Eales disease,X-linked retinoschisis
nejm,all_T=keyboard_S=3,580,image_580.jpg,A: Paget's disease,Pneumocephalus
nejm,all_T=keyboard_S=3,581,image_581.jpg,E: Pseudohypoparathyroidism,Albright's hereditary osteodystrophy
nejm,all_T=keyboard_S=3,582,image_582.jpg,A: Acromegaly,Fluorosis
nejm,all_T=keyboard_S=3,583,image_583.jpg,A: Staphylococcus aureus,Fusobacterium necrophorum
nejm,all_T=keyboard_S=3,584,image_584.jpg,A: Carpal tunnel syndrome,Dupuyten's contracture
nejm,all_T=keyboard_S=3,585,image_585.jpg,A: Arcus senilis,Wilson's disease
nejm,all_T=keyboard_S=3,586,image_586.jpg,C: Infective endocarditis,Infective endocarditis
nejm,all_T=keyboard_S=3,587,image_587.jpg,C: Heparin-induced thrombocytopenia,Cholesterol emboli
nejm,all_T=keyboard_S=3,588,image_588.jpg,B: Hemothorax,Oleothorax
nejm,all_T=keyboard_S=3,589,image_589.jpg,E,Slipped capital femoral epiphysis
nejm,all_T=keyboard_S=3,590,image_590.jpg,B: Mosquito,Chrysops fly
nejm,all_T=keyboard_S=3,591,image_591.jpg,Cushing’s disease,Diffuse melanosis cutis
nejm,all_T=keyboard_S=3,592,image_592.jpg,E,Cystine and triple phosphate (struvite) crystals
nejm,all_T=keyboard_S=3,593,image_593.jpg,A: Chemical burn,Herpes zoster
nejm,all_T=keyboard_S=3,594,image_594.jpg,A: Measles,Streptococcal pharyngitis
nejm,all_T=keyboard_S=3,595,image_595.jpg,Coarctation of the aorta,Substernal goiter
nejm,all_T=keyboard_S=3,596,image_596.jpg,A: Becker’s nevus,Becker’s nevus
nejm,all_T=keyboard_S=3,597,image_597.jpg,C,Paternal uniparental disomy 14 (UDP 14 pat) thoracic dysplasia
nejm,all_T=keyboard_S=3,598,image_598.jpg,Echinococcosis,Small-bowel obstruction
nejm,all_T=keyboard_S=3,599,image_599.jpg,B: Fetal alcohol syndrome,Neonatal thyrotoxicosis
nejm,all_T=keyboard_S=3,600,image_600.jpg,E: Osteonecrosis,Bulimia nervosa
nejm,all_T=keyboard_S=3,601,image_601.jpg,C: Cerebral vasculitis,Neurocysticercosis
nejm,all_T=keyboard_S=3,602,image_602.jpg,A: Chalazion,Papilloma
nejm,all_T=keyboard_S=3,603,image_603.jpg,C: Radiation dermatitis,Fordyce's angiokeratomas
nejm,all_T=keyboard_S=3,604,image_604.jpg,C: Martorell ulcer,Cutaneous diphtheria
nejm,all_T=keyboard_S=3,605,image_605.jpg,D: Ascaris lumbricoides,Enterobius vermicularis
nejm,all_T=keyboard_S=3,606,image_606.jpg,D: Human botfly,Tumbu fly
nejm,all_T=keyboard_S=3,607,image_607.jpg,D: Neonatal herpes simplex virus,Neonatal herpes simplex virus
nejm,all_T=keyboard_S=3,608,image_608.jpg,Psoriasis,Erythrasma
nejm,all_T=keyboard_S=3,609,image_609.jpg,A: Glucocorticoids,Bisphosphonates
nejm,all_T=keyboard_S=3,610,image_610.jpg,Livedo reticularis,Livedo reticularis
nejm,all_T=keyboard_S=3,611,image_611.jpg,D: Syphilis,Varicella
nejm,all_T=keyboard_S=3,612,image_612.jpg,D: Talaromyces marneffei,Talaromyces marneffei
nejm,all_T=keyboard_S=3,613,image_613.jpg,C: Syphilis,Leishmaniasis
nejm,all_T=keyboard_S=3,614,image_614.jpg,E: Norwalk virus,Coxsackie virus type A16
nejm,all_T=keyboard_S=3,615,image_615.jpg,A: Retrobulbar abscess,Hydatid cyst
nejm,all_T=keyboard_S=3,616,image_616.jpg,C: Condyloma acuminatum,Vestibular papillomatosis
nejm,all_T=keyboard_S=3,617,image_617.jpg,A: Central retinal artery occlusion,Dislocation of the lens
nejm,all_T=keyboard_S=3,618,image_618.jpg,C: Normal pregnancy,Raynaud's phenomenon
nejm,all_T=keyboard_S=3,619,image_619.jpg,D: Tungiasis,Tungiasis
nejm,all_T=keyboard_S=3,620,image_620.jpg,A: Subcutaneous metastases,Caput Medusae
nejm,all_T=keyboard_S=3,621,image_621.jpg,A: Left anterior descending,Left main stem
nejm,all_T=keyboard_S=3,622,image_622.jpg,"E: Hand, foot, and mouth disease","Hand, foot, and mouth disease"
nejm,all_T=keyboard_S=3,623,image_623.jpg,A: Serous otitis media,Cholesteatoma
nejm,all_T=keyboard_S=3,624,image_624.jpg,C: Bartholin gland cyst,Gartner duct cyst
nejm,all_T=keyboard_S=3,625,image_625.jpg,C,Palmar erythema of pregnancy
nejm,all_T=keyboard_S=3,626,image_626.jpg,A: Intestinal malrotation,Mesenteric ischemia
nejm,all_T=keyboard_S=3,627,image_627.jpg,B: Contact dermatitis,Cutaneous larva migrans
nejm,all_T=keyboard_S=3,628,image_628.jpg,D: Ophthalmomyiasis,Ophthalmomyiasis
nejm,all_T=keyboard_S=3,629,image_629.jpg,A: Aorta,Left atrium
nejm,all_T=keyboard_S=3,630,image_630.jpg,E: Traumatic diaphragmatic hernia,Tension pneumothorax
nejm,all_T=keyboard_S=3,631,image_631.jpg,B: Esophageal cancer,Nutcracker esophagus
nejm,all_T=keyboard_S=3,632,image_632.jpg,D: Vitreous hemorrhage,Uveal melanoma
nejm,all_T=keyboard_S=3,633,image_633.jpg,B: Proliferative diabetic retinopathy,Proliferative diabetic retinopathy
nejm,all_T=keyboard_S=3,634,image_634.jpg,A: Digoxin poisoning,Hyperkalemia
nejm,all_T=keyboard_S=3,635,image_635.jpg,D: Phlebotomine sand fly,Triatomine bug
nejm,all_T=keyboard_S=3,636,image_636.jpg,A: Aspiration pneumonia,Reexpansion pulmonary edema
nejm,all_T=keyboard_S=3,637,image_637.jpg,C: Amelanotic melanoma,Amelanotic melanoma
nejm,all_T=keyboard_S=3,638,image_638.jpg,D: Scleroderma,Eosinophilic fasciitis
nejm,all_T=keyboard_S=3,639,image_639.jpg,B: Flour,Sugar
nejm,all_T=keyboard_S=3,640,image_640.jpg,C: Langerhans' cell histiocytosis,Sickle cell disease
nejm,all_T=keyboard_S=3,641,image_641.jpg,E: Tuberculous aortitis,Emphysematous aortitis due to Clostridium septicum
nejm,all_T=keyboard_S=3,642,image_642.jpg,A: Cutaneous larva migrans,Lung cancer
nejm,all_T=keyboard_S=3,643,image_643.jpg,A: Herpes simplex virus infection,Herpes simplex virus infection
nejm,all_T=keyboard_S=3,644,image_644.jpg,C: Lithium,Palifermin
nejm,all_T=keyboard_S=3,645,image_645.jpg,A: Radiation recall,Radiation recall
nejm,all_T=keyboard_S=3,646,image_646.jpg,D: Rocky mountain spotted fever,Scurvy
nejm,all_T=keyboard_S=3,647,image_647.jpg,C: Psoriasis,Keratoderma blennorrhagicum
nejm,all_T=keyboard_S=3,648,image_648.jpg,E: Tinea faciei,Tinea faciei
nejm,all_T=keyboard_S=3,649,image_649.jpg,A: Herpes simplex infection,Inflammatory bowel disease
nejm,all_T=keyboard_S=3,650,image_650.jpg,D: Hepatocellular adenomas,Autosomal dominant polycystic kidney disease
nejm,all_T=keyboard_S=3,651,image_651.jpg,A: Pulmonary embolism,Azygous vein
nejm,all_T=keyboard_S=3,652,image_652.jpg,D: Pustular rosacea,Subcorneal pustular dermatosis
nejm,all_T=keyboard_S=3,653,image_653.jpg,A: Amyloidosis,Multiple myeloma
nejm,all_T=keyboard_S=3,654,image_654.jpg,A: Acute myelogenous leukemia,Chronic lead poisoning
nejm,all_T=keyboard_S=3,655,image_655.jpg,A: Squamous-cell carcinoma,Periungual fibroma
nejm,all_T=keyboard_S=3,656,image_656.jpg,D: Miliaria crystallina,Miliaria crystallina
nejm,all_T=keyboard_S=3,657,image_657.jpg,E: Zenker's diverticulum,Graves' disease
nejm,all_T=keyboard_S=3,658,image_658.jpg,D: Paget's disease of bone,Langerhans'-cell histiocytosis
nejm,all_T=keyboard_S=3,659,image_659.jpg,E,Gaucher’s disease
nejm,all_T=keyboard_S=3,660,image_660.jpg,D: Psoriasis,Chemotherapy
nejm,all_T=keyboard_S=3,661,image_661.jpg,B: Leukoplakia,Leukoplakia
nejm,all_T=keyboard_S=3,662,image_662.jpg,E: Thalassemia minor,Glucose-6-phosphate dehydrogenase deficiency
nejm,all_T=keyboard_S=3,663,image_663.jpg,B: Severe migratory glossitis,Verrucous carcinoma
nejm,all_T=keyboard_S=3,664,image_664.jpg,D: Leukemia cutis,Fusariosis
nejm,all_T=keyboard_S=3,665,image_665.jpg,A: Hyphema,Hyphema
nejm,all_T=keyboard_S=3,666,image_666.jpg,A: Cellulitis,Herpes zoster
nejm,all_T=keyboard_S=3,667,image_667.jpg,A: Familial hypertriglyceridemia,Systemic sclerosis
nejm,all_T=keyboard_S=3,668,image_668.jpg,D: Duodenal atresia,Hirschsprung’s disease
nejm,all_T=keyboard_S=3,669,image_669.jpg,A: Melanocytic nevi,Seborrheic keratoses
nejm,all_T=keyboard_S=3,670,image_670.jpg,C: Sarcoidosis,Sarcoidosis
nejm,all_T=keyboard_S=3,671,image_671.jpg,C,Tinea capitis
nejm,all_T=keyboard_S=3,672,image_672.jpg,D: Rheumatic heart disease,Rheumatic heart disease
nejm,all_T=keyboard_S=3,673,image_673.jpg,C: Multiple myeloma (MM),Acute promyelocytic leukemia (APL)
nejm,all_T=keyboard_S=3,674,image_674.jpg,Erythema migrans (Lyme disease),Malignant syphilis
nejm,all_T=keyboard_S=3,675,image_675.jpg,D: Umbilical hernia,Endometrioma
nejm,all_T=keyboard_S=3,676,image_676.jpg,D: Hydrocele,Varicocele
nejm,all_T=keyboard_S=3,677,image_677.jpg,C: Pitted keratolysis,Keratoderma blenorrhagicum
nejm,all_T=keyboard_S=3,678,image_678.jpg,Erythema ab igne,Onchocerciasis
nejm,all_T=keyboard_S=3,679,image_679.jpg,A: Orbital wall fracture,Intraocular lens dislocation
nejm,all_T=keyboard_S=3,680,image_680.jpg,E: von Willebrand's disease,Neuroblastoma
nejm,all_T=keyboard_S=3,681,image_681.jpg,A: Periorbital cellulitis,Lyme disease
nejm,all_T=keyboard_S=3,682,image_682.jpg,A,Silicone oil hyperoleon
nejm,all_T=keyboard_S=3,683,image_683.jpg,B: Marfan syndrome,Osteoporosis
nejm,all_T=keyboard_S=3,684,image_684.jpg,B: Onychomycosis,Metastasis
nejm,all_T=keyboard_S=3,685,image_685.jpg,C: Neurocysticercosis,Neurocysticercosis
nejm,all_T=keyboard_S=3,686,image_686.jpg,B: IgG4-related disease arteritis,IgG4-related disease arteritis
nejm,all_T=keyboard_S=3,687,image_687.jpg,A: Nocardiosis,Adenocarcinoma
nejm,all_T=keyboard_S=3,688,image_688.jpg,A: Ankylosing spondylitis,Diabetes mellitus
nejm,all_T=keyboard_S=3,689,image_689.jpg,A: Grave’s sign,Pemberton’s sign
nejm,all_T=keyboard_S=3,690,image_690.jpg,C: Neuralgic amyotrophy,Palsy of the long thoracic nerve
nejm,all_T=keyboard_S=3,691,image_691.jpg,C,Purpura fulminans
nejm,all_T=keyboard_S=3,692,image_692.jpg,C: Obtain a computed tomography scan of chest,Diurese the patient and then obtain a repeat chest radiograph
nejm,all_T=keyboard_S=3,693,image_693.jpg,Erysipeloid,Seborrheic dermatitis
nejm,all_T=keyboard_S=3,694,image_694.jpg,A: IgA anti-tissue transglutaminase,Antineutrophil cytoplasmic autoantibody
nejm,all_T=keyboard_S=3,695,image_695.jpg,D: Molluscum contagiosum,Eruptive xanthomas
nejm,all_T=keyboard_S=3,696,image_696.jpg,A: Acoustic neuroma,Glomus tympanicum
nejm,all_T=keyboard_S=3,697,image_697.jpg,B: Gastrointestinal amyloidosis,Gastrointestinal amyloidosis
nejm,all_T=keyboard_S=3,698,image_698.jpg,A: Aspergillosis,Plombage
nejm,all_T=keyboard_S=3,699,image_699.jpg,C: Measles,Measles
nejm,all_T=keyboard_S=3,700,image_700.jpg,E: Bullous impetigo,Linear IgA bullous dermatosis
nejm,all_T=keyboard_S=3,701,image_701.jpg,D: Bilateral peritonsillar abscesses,Bilateral peritonsillar abscesses
nejm,all_T=keyboard_S=3,702,image_702.jpg,Coccidioidomycosis,Sarcoidosis
nejm,all_T=keyboard_S=3,703,image_703.jpg,A: Mitral stenosis,Pulmonary embolism
nejm,all_T=keyboard_S=3,704,image_704.jpg,B: Lingual tuberculosis,Disseminated coccidioidomycosis
nejm,all_T=keyboard_S=3,705,image_705.jpg,D: Amyloid purpura,Amyloid purpura
nejm,all_T=keyboard_S=3,706,image_706.jpg,E: Tuberculosis,Tuberculosis
nejm,all_T=keyboard_S=3,707,image_707.jpg,B: Pneumocystis pneumonia,Lymphangioleiomyomatosis
nejm,all_T=keyboard_S=3,708,image_708.jpg,A: Ketamine,Cocaine
nejm,all_T=keyboard_S=3,709,image_709.jpg,D: Glioma,Basilar artery aneurysm
nejm,all_T=keyboard_S=3,710,image_710.jpg,B: Bismuth poisoning,Lead poisoning
nejm,all_T=keyboard_S=3,711,image_711.jpg,D: Carpal tunnel syndrome,Radial artery thrombosis
nejm,all_T=keyboard_S=3,712,image_712.jpg,C: Titanium,Gold
nejm,all_T=keyboard_S=3,713,image_713.jpg,E: Quadriceps tendon ruptures,Quadriceps tendon ruptures
nejm,all_T=keyboard_S=3,714,image_714.jpg,B: Right staghorn calculus,Right ureterovesical calculus
nejm,all_T=keyboard_S=3,715,image_715.jpg,B: Congenital asplenia,Retroperitoneal hemorrhage
nejm,all_T=keyboard_S=3,716,image_716.jpg,C,Myasthenia gravis
nejm,all_T=keyboard_S=3,717,image_717.jpg,E: Pyoderma gangrenosum,Pyoderma gangrenosum
nejm,all_T=keyboard_S=3,718,image_718.jpg,A: Atrophic candidiasis,Median rhomboid glossitis
nejm,all_T=keyboard_S=3,719,image_719.jpg,A: Dactylitis,Spider bite
nejm,all_T=keyboard_S=3,720,image_720.jpg,Crohn's disease,Bowel infarction
nejm,all_T=keyboard_S=3,721,image_721.jpg,A: Vitreous hemorrhage,Narrow angle glaucoma
nejm,all_T=keyboard_S=3,722,image_722.jpg,B: Pseudomelanosis duodeni,Pseudomelanosis duodeni
nejm,all_T=keyboard_S=3,723,image_723.jpg,B: Glaucoma,Ocular myiasis
nejm,all_T=keyboard_S=3,724,image_724.jpg,A: Colon cancer,Colon cancer
nejm,all_T=keyboard_S=3,725,image_725.jpg,D: Calcium pyrophosphate dihydrate,Cholesterol
nejm,all_T=keyboard_S=3,726,image_726.jpg,A: Palmar psoriasis,Tripe palms
nejm,all_T=keyboard_S=3,727,image_727.jpg,C: Leukotriene receptor antagonist,Fluoroquinolone antibiotic
nejm,all_T=keyboard_S=3,728,image_728.jpg,A: Mitral-valve repair,Mitral-valve repair
nejm,all_T=keyboard_S=3,729,image_729.jpg,A: Non–small-cell lung cancer,Non–small-cell lung cancer
nejm,all_T=keyboard_S=3,730,image_730.jpg,C: Nitrofurantoin,Minocycline
nejm,all_T=keyboard_S=3,731,image_731.jpg,D: Falciform ligament,Falciform ligament
nejm,all_T=keyboard_S=3,732,image_732.jpg,E: Skin biopsy,Chest imaging
nejm,all_T=keyboard_S=3,733,image_733.jpg,B: Basal cell carcinoma,Lentigo maligna
nejm,all_T=keyboard_S=3,734,image_734.jpg,D: Otitis media,Herpes zoster
nejm,all_T=keyboard_S=3,735,image_735.jpg,A: Multiple sclerosis,Tabes dorsalis
nejm,all_T=keyboard_S=3,736,image_736.jpg,A: Chelation Therapy,Chelation Therapy
nejm,all_T=keyboard_S=3,737,image_737.jpg,C: Peptic ulceration,Meckel's diverticulum
nejm,all_T=keyboard_S=3,738,image_738.jpg,B: Gingival melanoma,Gingival melanoma
nejm,all_T=keyboard_S=3,739,image_739.jpg,A: Cellulitis,Gout
nejm,all_T=keyboard_S=3,740,image_740.jpg,D: Mastectomy,Penicillin
nejm,all_T=keyboard_S=3,741,image_741.jpg,E: Meconium ileus,Hirschsprung’s disease
nejm,all_T=keyboard_S=3,742,image_742.jpg,E: Esophageal carcinoma,Diffuse esophageal spasm
nejm,all_T=keyboard_S=3,743,image_743.jpg,A: Achalasia,Diffuse esophageal spasm
nejm,all_T=keyboard_S=3,744,image_744.jpg,Transposition of the great vessels,Superior vena caval obstruction
nejm,all_T=keyboard_S=3,745,image_745.jpg,E: Papillary fibroelastoma,Redundant mitral valve
nejm,all_T=keyboard_S=3,746,image_746.jpg,Pneumatosis coli,Bezoar
nejm,all_T=keyboard_S=3,747,image_747.jpg,B: Endometriosis,Squamous-cell carcinoma
nejm,all_T=keyboard_S=3,748,image_748.jpg,D: Intra-abdominal abscess,Bowel ischemia
nejm,all_T=keyboard_S=3,749,image_749.jpg,A: Pericardial hydatid cysts,Pericardial metastases
nejm,all_T=keyboard_S=3,750,image_750.jpg,C: Papular acrodermatitis,Molluscum contagiosum
nejm,all_T=keyboard_S=3,751,image_751.jpg,E: Systemic sclerosis,Scleromyxedema
nejm,all_T=keyboard_S=3,752,image_752.jpg,B: Cutaneous larva migrans,Portal hypertension
nejm,all_T=keyboard_S=3,753,image_753.jpg,D: Neurofibromatosis,Neurofibromatosis
nejm,all_T=keyboard_S=3,754,image_754.jpg,A: Lung abscess,Paraesophageal hernia
nejm,all_T=keyboard_S=3,755,image_755.jpg,D: Pyogenic granuloma,Pyogenic granuloma
nejm,all_T=keyboard_S=3,756,image_756.jpg,A: Meningioma,Plasmacytoma
nejm,all_T=keyboard_S=3,757,image_757.jpg,D: Oral candidiasis,Pyostomatitis vegetans
nejm,all_T=keyboard_S=3,758,image_758.jpg,Echinococcosis,Echinococcosis
nejm,all_T=keyboard_S=3,759,image_759.jpg,B: Psoriasis,Malignancy
nejm,all_T=keyboard_S=3,760,image_760.jpg,C,Blastic plasmacytoid dendritic-cell neoplasm
nejm,all_T=keyboard_S=3,761,image_761.jpg,D: Emphysematous pyelonephritis,Emphysematous pyelonephritis
nejm,all_T=keyboard_S=3,762,image_762.jpg,C: Impetigo,Syphilis
nejm,all_T=keyboard_S=3,763,image_763.jpg,E,Congenital syphilis
nejm,all_T=keyboard_S=3,764,image_764.jpg,Ewing's sarcoma,Marrow hyperplasia
nejm,all_T=keyboard_S=3,765,image_765.jpg,B: Hodgkin's lymphoma,Hairy-cell leukemia
nejm,all_T=keyboard_S=3,766,image_766.jpg,A: Portal vein,Right bronchial tree
nejm,all_T=keyboard_S=3,767,image_767.jpg,B: Osteonecrosis,Osteonecrosis
nejm,all_T=keyboard_S=3,768,image_768.jpg,A: Thyrohyoid membrane,Killian’s triangle
nejm,all_T=keyboard_S=3,769,image_769.jpg,C,Constrictive Pericarditis
nejm,all_T=keyboard_S=3,770,image_770.jpg,C: Amiodarone,Amiodarone
nejm,all_T=keyboard_S=3,771,image_771.jpg,B: Henoch-Schönlein purpura,Henoch-Schönlein purpura
nejm,all_T=keyboard_S=3,772,image_772.jpg,A: Bladder perforation,Neurogenic megacolon
nejm,all_T=keyboard_S=3,773,image_773.jpg,D: Magnesium hydroxide,Bismuth Salicylate
nejm,all_T=keyboard_S=3,774,image_774.jpg,B: Cutaneous leishmaniasis,Bot fly
nejm,all_T=keyboard_S=3,775,image_775.jpg,D: Rhinolith,Tooth
nejm,all_T=keyboard_S=3,776,image_776.jpg,D: Madura foot,Chromoblastomycosis
nejm,all_T=keyboard_S=3,777,image_777.jpg,A: Pancreatitis,Pylephlebitis
nejm,all_T=keyboard_S=3,778,image_778.jpg,D: Propofol,Propofol
nejm,all_T=keyboard_S=3,779,image_779.jpg,E: Tabes dorsalis,Central pontine myelinolysis
nejm,all_T=keyboard_S=3,780,image_780.jpg,B: Diverticulitis,Intussusception
nejm,all_T=keyboard_S=3,781,image_781.jpg,D: Tinea capitis,Alopecia areata
nejm,all_T=keyboard_S=3,782,image_782.jpg,D: Furuncle,Merkel-cell carcinoma
nejm,all_T=keyboard_S=3,783,image_783.jpg,Candida albicans infection,Candida albicans infection
nejm,all_T=keyboard_S=3,784,image_784.jpg,A: Pilonidal sinus,Keratoacanthoma
nejm,all_T=keyboard_S=3,785,image_785.jpg,E: Lymphadenopathy,Laryngocele
nejm,all_T=keyboard_S=3,786,image_786.jpg,E: Discoid lupus,Peutz-Jeghers's syndrome
nejm,all_T=keyboard_S=3,787,image_787.jpg,Ecthyma gangrenosum,Ecthyma gangrenosum
nejm,all_T=keyboard_S=3,788,image_788.jpg,B,Intravascular lymphoma
nejm,all_T=keyboard_S=3,789,image_789.jpg,Acanthosis nigricans,Crusted scabies
nejm,all_T=keyboard_S=3,790,image_790.jpg,D: Eggs hatch in the small intestine,Larvae penetrate the lungs
nejm,all_T=keyboard_S=3,791,image_791.jpg,A: Autoimmune keratitis,Autoimmune keratitis
nejm,all_T=keyboard_S=3,792,image_792.jpg,D: Intestinal malrotation,Enteric duplication cyst
nejm,all_T=keyboard_S=3,793,image_793.jpg,B: Atrophic glossitis,Hypoglossal nerve palsy
nejm,all_T=keyboard_S=3,794,image_794.jpg,D: Melanoma,Melanoma
nejm,all_T=keyboard_S=3,795,image_795.jpg,B: Post-transplant calcinosis cutis,Voriconazole-induced periostitis
nejm,all_T=keyboard_S=3,796,image_796.jpg,A: Pancreatic pseudocyst,Emphysematous cholecystitis
nejm,all_T=keyboard_S=3,797,image_797.jpg,Bicalutamide,Bicalutamide
nejm,all_T=keyboard_S=3,798,image_798.jpg,C: Neurofibromatosis type 1,Neurofibromatosis type 2
nejm,all_T=keyboard_S=3,799,image_799.jpg,A: Rocky mountain spotted fever,Secondary syphilis
nejm,all_T=keyboard_S=3,800,image_800.jpg,C: Tuberous sclerosis,Cowden syndrome
nejm,all_T=keyboard_S=3,801,image_801.jpg,D: Toxicodendron radicans (poison ivy),Shiitake mushrooms
nejm,all_T=keyboard_S=3,802,image_802.jpg,Cushing's disease,Graves' disease
nejm,all_T=keyboard_S=3,803,image_803.jpg,B: Acute mesenteric ischemia,Acute mesenteric ischemia
nejm,all_T=keyboard_S=3,804,image_804.jpg,D: Lead toxicity,Arsenic toxicity
nejm,all_T=keyboard_S=3,805,image_805.jpg,A: Achondroplasia,Pectus excavatum
nejm,all_T=keyboard_S=3,806,image_806.jpg,B: Listeriosis,Nocardiosis
nejm,all_T=keyboard_S=3,807,image_807.jpg,D: Metastatic melanoma,Laxative use
nejm,all_T=keyboard_S=3,808,image_808.jpg,D: Facial trauma,Dermatomyositis
nejm,all_T=keyboard_S=3,809,image_809.jpg,B: Dermatomyositis,EGFR inhibition
nejm,all_T=keyboard_S=3,810,image_810.jpg,A: Amelanotic melanoma,Keratoacanthoma
nejm,all_T=keyboard_S=3,811,image_811.jpg,Sarcoidosis,Tinea circinata
nejm,all_T=keyboard_S=3,812,image_812.jpg,B: Epiglottitis,Diphtheria
nejm,all_T=keyboard_S=3,813,image_813.jpg,A: Oral lichen planus,Pernicious anemia
nejm,all_T=keyboard_S=3,814,image_814.jpg,B: Cirrhosis,Cirrhosis
nejm,all_T=keyboard_S=3,815,image_815.jpg,E: Parotitis,Angioedema
nejm,all_T=keyboard_S=3,816,image_816.jpg,C: Metastatic disease of the nail bed,Chemotherapy
nejm,all_T=keyboard_S=3,817,image_817.jpg,B: Intussusception,Obturator hernia
nejm,all_T=keyboard_S=3,818,image_818.jpg,E,Takotsubo cardiomyopathy
nejm,all_T=keyboard_S=3,819,image_819.jpg,A: Intravitreal antimicrobial injections,Intravitreal antimicrobial injections
nejm,all_T=keyboard_S=3,820,image_820.jpg,C: Orbital lymphoma,Herpes zoster ophthalmicus
nejm,all_T=keyboard_S=3,821,image_821.jpg,D: Scleroderma,Nephrogenic fibrosing dermopathy
nejm,all_T=keyboard_S=3,822,image_822.jpg,Erysipelas,Cutaneous lupus
nejm,all_T=keyboard_S=3,823,image_823.jpg,A,Tinea nigra
nejm,all_T=keyboard_S=3,824,image_824.jpg,C: Cobalamin deficiency,Osmotic demyelination syndrome
nejm,all_T=keyboard_S=3,825,image_825.jpg,D: Pyogenic liver abscess,Emphysematous hepatitis
nejm,all_T=keyboard_S=3,826,image_826.jpg,A: Acanthosis nigricans,Bowenoid papulosis
nejm,all_T=keyboard_S=3,827,image_827.jpg,E: IgG and complement deposition at the dermis-epidermis junction,IgG and complement deposition at the dermis-epidermis junction
nejm,all_T=keyboard_S=3,828,image_828.jpg,C: Trachoma,Sjögren's syndrome
nejm,all_T=keyboard_S=3,829,image_829.jpg,A: Anterior uveitis,Herpes simplex virus infection
nejm,all_T=keyboard_S=3,830,image_830.jpg,Bacterial felon,Herpetic whitlow
nejm,all_T=keyboard_S=3,831,image_831.jpg,D: Anti-Ro antibody,Anticentromere antibody
nejm,all_T=keyboard_S=3,832,image_832.jpg,A: Tophaceous gout,Calcinosis
nejm,all_T=keyboard_S=3,833,image_833.jpg,B: Retinal detachment,Retinal detachment
nejm,all_T=keyboard_S=3,834,image_834.jpg,A: Binocular visual loss,Binocular visual loss
nejm,all_T=keyboard_S=3,835,image_835.jpg,C,Syphilitic alopecia
nejm,all_T=keyboard_S=3,836,image_836.jpg,C: Constrictive pericarditis,Constrictive pericarditis
nejm,all_T=keyboard_S=3,837,image_837.jpg,C: Pills in the nasal cavity,Button magnets in the nasal cavity
nejm,all_T=keyboard_S=3,838,image_838.jpg,D: Testing for bacterial and viral respiratory pathogens,Testing for bacterial and viral respiratory pathogens
nejm,all_T=keyboard_S=3,839,image_839.jpg,B: Osteopetrosis,Bone marrow hyperplasia
nejm,all_T=keyboard_S=3,840,image_840.jpg,C: Molluscum contagiosum,Condyloma acuminatum
nejm,all_T=keyboard_S=3,841,image_841.jpg,B: Emphysematous pyelonephritis,Emphysematous pyelonephritis
nejm,all_T=keyboard_S=3,842,image_842.jpg,B,Delay in surgical intervention >24 hours
nejm,all_T=keyboard_S=3,843,image_843.jpg,A: Coarctation of the aorta,Pheochromocytoma
nejm,all_T=keyboard_S=3,844,image_844.jpg,D: Molluscum contagiosum,Cryptococcus neoformans
nejm,all_T=keyboard_S=3,845,image_845.jpg,B: Clavicular fracture,Lipodystrophy
nejm,all_T=keyboard_S=3,846,image_846.jpg,A: Infection is associated with immunosuppressant use.,Transmission is associated with aerosolized contaminated soil exposure.
nejm,all_T=keyboard_S=3,847,image_847.jpg,A: Atopic dermatitis,Zinc deficiency
nejm,all_T=keyboard_S=3,848,image_848.jpg,D: Rheumatoid arthritis,Psoriasis
nejm,all_T=keyboard_S=3,849,image_849.jpg,A: Cutaneous leishmaniasis,Cutaneous leishmaniasis
nejm,all_T=keyboard_S=3,850,image_850.jpg,A: Multiple sclerosis,Retinal ischemia
nejm,all_T=keyboard_S=3,851,image_851.jpg,C: Leptospirosis,Rat bite fever
nejm,all_T=keyboard_S=3,852,image_852.jpg,Erysipelas,Arterial insufficiency
nejm,all_T=keyboard_S=3,853,image_853.jpg,Arsenic poisoning,Ochronosis
nejm,all_T=keyboard_S=3,854,image_854.jpg,A: Hemangioma,Adverse reaction to systemic antibiotics
nejm,all_T=keyboard_S=3,855,image_855.jpg,Erythema nodosum,Necrobiosis lipoidica diabeticorum
nejm,all_T=keyboard_S=3,856,image_856.jpg,D: Invasive ductal carcinoma,Invasive ductal carcinoma
nejm,all_T=keyboard_S=3,857,image_857.jpg,D: Reactive perforating collagenosis,Reactive perforating collagenosis
nejm,all_T=keyboard_S=3,858,image_858.jpg,A: Skull fracture,Skull fracture
nejm,all_T=keyboard_S=3,859,image_859.jpg,A: Aphthous stomatitis,Herpes zoster
nejm,all_T=keyboard_S=3,860,image_860.jpg,B: Lichen planus,Lichen planus
nejm,all_T=keyboard_S=3,861,image_861.jpg,D: Multiple endocrine neoplasia type 2B,Multiple endocrine neoplasia type 1
nejm,all_T=keyboard_S=3,862,image_862.jpg,D: Scleredema of diabetes,Necrolytic migratory erythema
nejm,all_T=keyboard_S=3,863,image_863.jpg,B: Catamenial pneumothorax,Thoracic endometriosis
nejm,all_T=keyboard_S=3,864,image_864.jpg,A: Lipoatrophy,Lipoatrophy
nejm,all_T=keyboard_S=3,865,image_865.jpg,E: Ankle-brachial index,Wound culture
nejm,all_T=keyboard_S=3,866,image_866.jpg,A: Necrotizing anterior scleritis,Necrotizing anterior scleritis
nejm,all_T=keyboard_S=3,867,image_867.jpg,B: Cellulitis,Lymphoma
nejm,all_T=keyboard_S=3,868,image_868.jpg,D: Periorbital cellulitis,Carotid cavernous fistula
nejm,all_T=keyboard_S=3,869,image_869.jpg,A: Familial Mediterranean fever,Henoch-Schönlein purpura
nejm,all_T=keyboard_S=3,870,image_870.jpg,E,Acral lentiginous melanoma
nejm,all_T=keyboard_S=3,871,image_871.jpg,Doxorubicin,Doxorubicin
nejm,all_T=keyboard_S=3,872,image_872.jpg,E: Generalized granuloma annulare,Generalized granuloma annulare
nejm,all_T=keyboard_S=3,873,image_873.jpg,A: Arrhythmogenic right ventricular cardiomyopathy,Arrhythmogenic right ventricular cardiomyopathy
nejm,all_T=keyboard_S=3,874,image_874.jpg,Sarcoidosis,Tuberculosis
nejm,all_T=keyboard_S=3,875,image_875.jpg,A: Amoxicillin rash in infectious mononucleosis,Amoxicillin rash in infectious mononucleosis
nejm,all_T=keyboard_S=3,876,image_876.jpg,E: Septic arthritis,Baker's cyst
nejm,all_T=keyboard_S=3,877,image_877.jpg,Aneurysm,Arachnoid cyst
nejm,all_T=keyboard_S=3,878,image_878.jpg,B: Naegleria fowleri,Naegleria fowleri
nejm,all_T=keyboard_S=3,879,image_879.jpg,C: Paragonimus westermani,Strongyloides stercoralis
nejm,all_T=keyboard_S=3,880,image_880.jpg,A: Aerophagia,Duodenal atresia
nejm,all_T=keyboard_S=3,881,image_881.jpg,C: Suppurative otitis media,Tympanic hyperectasis
nejm,all_T=keyboard_S=3,882,image_882.jpg,D: Drug-induced hypersensitivity syndrome,Disseminated varicella infection
nejm,all_T=keyboard_S=3,883,image_883.jpg,Ehlers-Danlos syndrome,Ehlers-Danlos syndrome
nejm,all_T=keyboard_S=3,884,image_884.jpg,D: Guttate psoriasis,Bedbug bites
nejm,all_T=keyboard_S=3,885,image_885.jpg,D: Histoplasmosis,Actinomycosis
nejm,all_T=keyboard_S=3,886,image_886.jpg,B: Tension hydrothorax,Cardiac tamponade
nejm,all_T=keyboard_S=3,887,image_887.jpg,B,Ectopia lentis
nejm,all_T=keyboard_S=3,888,image_888.jpg,D: Pulmonary function tests,Polysomnography
nejm,all_T=keyboard_S=3,889,image_889.jpg,E: Monosodium urate,Monosodium urate
nejm,all_T=keyboard_S=3,890,image_890.jpg,Cryoglobulinaemia,Cholesterol embolization
nejm,all_T=keyboard_S=3,891,image_891.jpg,C: Mediastinal Hematoma,Giant Coronary Aneurysm
nejm,all_T=keyboard_S=3,892,image_892.jpg,C: Rheumatoid factor,Creatine kinase
nejm,all_T=keyboard_S=3,893,image_893.jpg,D: Kaposi’s sarcoma,Kaposi’s sarcoma
nejm,all_T=keyboard_S=3,894,image_894.jpg,A: Alendronate,Zidovudine
nejm,all_T=keyboard_S=3,895,image_895.jpg,A: Chronic liver disease,Hemophilia A
nejm,all_T=keyboard_S=3,896,image_896.jpg,B: Capnocytophaga canimorsus,Capnocytophaga canimorsus
nejm,all_T=keyboard_S=3,897,image_897.jpg,Lymphangioleiomyomatosis,Idiopathic pulmonary fibrosis
nejm,all_T=keyboard_S=3,898,image_898.jpg,A: Angioedema,Superior vena cava syndrome
nejm,all_T=keyboard_S=3,899,image_899.jpg,C: Medial epicondylitis,Gout nodulosis
nejm,all_T=keyboard_S=3,900,image_900.jpg,A: Orbital metastasis,Orbital metastasis
nejm,all_T=keyboard_S=3,901,image_901.jpg,A: Herpetic glossitis,Herpetic glossitis
nejm,all_T=keyboard_S=3,902,image_902.jpg,D: Otomycosis,Fracture of the temporal bone
nejm,all_T=keyboard_S=3,903,image_903.jpg,C: Septic arthritis,Extrapulmonary manifestation of tuberculosis
nejm,all_T=keyboard_S=3,904,image_904.jpg,A: Cytomegalovirus retinitis,Papilledema
nejm,all_T=keyboard_S=3,905,image_905.jpg,B: Bacterial uveitis,Intraocular parasite infection
nejm,all_T=keyboard_S=3,906,image_906.jpg,Rifampin,Voriconazole
nejm,all_T=keyboard_S=3,907,image_907.jpg,A: Acute leukemia,Porphyria cutanea tarda
nejm,all_T=keyboard_S=3,908,image_908.jpg,B: Onchocerca volvulus,Plasmodium vivax
nejm,all_T=keyboard_S=3,909,image_909.jpg,A: Right coronary artery,Left anterior descending artery
nejm,all_T=keyboard_S=3,910,image_910.jpg,Ehrlichiosis,Lead poisoning
nejm,all_T=keyboard_S=3,911,image_911.jpg,A: Conjunctivitis,Symblepharon
nejm,all_T=keyboard_S=3,912,image_912.jpg,B: Hydatidiform mole,Pelvic spleen
nejm,all_T=keyboard_S=3,913,image_913.jpg,COPD,COPD
nejm,all_T=keyboard_S=3,914,image_914.jpg,E: Creutzfeldt-Jakob disease,Granulomatous amebic encephalitis
nejm,all_T=keyboard_S=3,915,image_915.jpg,E: Tuberous sclerosis,Tuberous sclerosis
nejm,all_T=keyboard_S=3,916,image_916.jpg,"D: Neurofibromatosis, type 1",Familial multiple lipomatosis
nejm,all_T=keyboard_S=3,917,image_917.jpg,A: Amyloidosis,Uremic pericarditis
nejm,all_T=keyboard_S=3,918,image_918.jpg,Erythema ab igne,Cold agglutinin disease
nejm,all_T=keyboard_S=3,919,image_919.jpg,E: Osteomyelitis,Calciphylaxis
nejm,all_T=keyboard_S=3,920,image_920.jpg,B: Neurofibromatosis,Pigmentary mosaicism
nejm,all_T=keyboard_S=3,921,image_921.jpg,C,Mycoplasma pneumoniae-associated mucositis
nejm,all_T=keyboard_S=3,922,image_922.jpg,B: Plantar wart,Malignant melanoma
nejm,all_T=keyboard_S=3,923,image_923.jpg,E: Eagle’s syndrome,Cervical spondyloarthropathy
nejm,all_T=keyboard_S=3,924,image_924.jpg,B: Chronic eosinophilic pneumonia,Chronic eosinophilic pneumonia
nejm,all_T=keyboard_S=3,925,image_925.jpg,A: Melanoma,Yellow-nail syndrome
nejm,all_T=keyboard_S=3,926,image_926.jpg,D: Early localized lyme disease,Streptococcal cellulitis with lymphangitis
nejm,all_T=keyboard_S=3,927,image_927.jpg,A: Cauliflower ear,Lepromatous Leprosy
nejm,all_T=keyboard_S=3,928,image_928.jpg,B: Hashimoto thyroiditis,Ectopic thyroid
nejm,all_T=keyboard_S=3,929,image_929.jpg,C,Leukemia cutis
nejm,all_T=keyboard_S=3,930,image_930.jpg,Sinusitis,Pituitary tumor
nejm,all_T=keyboard_S=3,931,image_931.jpg,B: Median nerve compression,Coronary angiography
nejm,all_T=keyboard_S=3,932,image_932.jpg,D: Pityriasis rosea,Secondary syphilis
nejm,all_T=keyboard_S=3,933,image_933.jpg,A: Asbestosis,Pneumopericardium
nejm,all_T=keyboard_S=3,934,image_934.jpg,D: Stroke,Stroke
nejm,all_T=keyboard_S=3,935,image_935.jpg,D: Porphyria cutanea tarda,Porphyria cutanea tarda
nejm,all_T=keyboard_S=3,936,image_936.jpg,C,Synovial chondromatosis
nejm,all_T=keyboard_S=3,937,image_937.jpg,A: Rheumatoid arthritis,Endocarditis
nejm,all_T=keyboard_S=3,938,image_938.jpg,A: Bacterial dermatitis,Bacterial dermatitis
nejm,all_T=keyboard_S=3,939,image_939.jpg,A: Androgenic alopecia,Hypothyroidism
nejm,all_T=keyboard_S=3,940,image_940.jpg,D: Hyperlipidemia type III,Diabetes mellitus
nejm,all_T=keyboard_S=3,941,image_941.jpg,A: Malignant melanoma,Acute esophageal necrosis
nejm,all_T=keyboard_S=3,942,image_942.jpg,A,Chelation therapy
nejm,all_T=keyboard_S=3,943,image_943.jpg,B: Lung abscess,Diaphragmatic rupture
nejm,all_T=keyboard_S=3,944,image_944.jpg,C,Placenta increta
nejm,all_T=keyboard_S=3,945,image_945.jpg,C: Erythema ab igne,Erythema ab igne
nejm,all_T=keyboard_S=3,946,image_946.jpg,E: Subclavian artery stenosis,Erythromelalgia
nejm,all_T=keyboard_S=3,947,image_947.jpg,D: Pearly penile papules,Pearly penile papules
nejm,all_T=ocr_S=3,1,image_1.jpg,D: Measles,"Hand, foot, and mouth disease"
nejm,all_T=ocr_S=3,2,image_2.jpg,Lyme disease,Tularemia
nejm,all_T=ocr_S=3,3,image_3.jpg,Dermatomyositis,Dermatomyositis
nejm,all_T=ocr_S=3,4,image_4.jpg,D: Retropharyngeal abscess,Epiglottitis
nejm,all_T=ocr_S=3,5,image_5.jpg,B: Food allergy,Frey’s syndrome
nejm,all_T=ocr_S=3,6,image_6.jpg,A: Uniocular blindness,Hemiplegia
nejm,all_T=ocr_S=3,7,image_7.jpg,A: Empyema,Paraesophageal hernia
nejm,all_T=ocr_S=3,8,image_8.jpg,E: Trichobezoar,Pneumatosis intestinalis
nejm,all_T=ocr_S=3,9,image_9.jpg,D: Normal eye finding,Separation of the iris
nejm,all_T=ocr_S=3,10,image_10.jpg,D: Polycystic liver disease,Polycystic liver disease
nejm,all_T=ocr_S=3,11,image_11.jpg,A: Granulomatosis with polyangiitis (Wegener's),Lepromatous leprosy
nejm,all_T=ocr_S=3,12,image_12.jpg,A: Pulmonary embolism,Chondroblastic osteosarcoma
nejm,all_T=ocr_S=3,13,image_13.jpg,A: Pseudoclubbing,Pseudoclubbing
nejm,all_T=ocr_S=3,14,image_14.jpg,C: Primary hyperoxaluria,Primary hyperoxaluria
nejm,all_T=ocr_S=3,15,image_15.jpg,E: Small bowel obstruction,Cecal volvulus
nejm,all_T=ocr_S=3,16,image_16.jpg,B: Impetigo,Varicella
nejm,all_T=ocr_S=3,17,image_17.jpg,C: Middle cerebral artery stroke,Metronidazole-associated encephalopathy
nejm,all_T=ocr_S=3,18,image_18.jpg,B: Knife-cut ulcers from Crohn’s disease,Knife-cut ulcers from Crohn’s disease
nejm,all_T=ocr_S=3,19,image_19.jpg,D: Right fourth cranial nerve palsy,Right sixth cranial nerve palsy
nejm,all_T=ocr_S=3,20,image_20.jpg,Punctate palmoplantar keratoderma,Punctate palmoplantar keratoderma
nejm,all_T=ocr_S=3,21,image_21.jpg,A: Arc eye,Coloboma
nejm,all_T=ocr_S=3,22,image_22.jpg,B: Chemotherapy,Chemotherapy
nejm,all_T=ocr_S=3,23,image_23.jpg,B: Multiple biliary hamartomas,Multiple biliary hamartomas
nejm,all_T=ocr_S=3,24,image_24.jpg,B: Leukemia cutis,Graft-versus-host disease
nejm,all_T=ocr_S=3,25,image_25.jpg,A: Blastomycosis,Celiac disease
nejm,all_T=ocr_S=3,26,image_26.jpg,E: Wart,Amelanotic melanoma
nejm,all_T=ocr_S=3,27,image_27.jpg,D: Hemolytic-uremic syndrome,Thrombotic thrombocytopenic purpura
nejm,all_T=ocr_S=3,28,image_28.jpg,A: Intracranial hemorrhage,Meningioma
nejm,all_T=ocr_S=3,29,image_29.jpg,D: Inguinal hernia,Metastatic inguinal lymphadenopathy
nejm,all_T=ocr_S=3,30,image_30.jpg,B,Minocycline-induced pigmentation
nejm,all_T=ocr_S=3,31,image_31.jpg,C: Impetigo,Scabies
nejm,all_T=ocr_S=3,32,image_32.jpg,B: Osteopetrosis,Osteopetrosis
nejm,all_T=ocr_S=3,33,image_33.jpg,D,Desquamative interstitial pneumonia
nejm,all_T=ocr_S=3,34,image_34.jpg,A: Calciphylaxis,Waldenstrom's macroglobulinemia
nejm,all_T=ocr_S=3,35,image_35.jpg,E: Cutaneous leishmaniasis,Esophagogastric bypass
nejm,all_T=ocr_S=3,36,image_36.jpg,C,Larva currens from Strongyloides
nejm,all_T=ocr_S=3,37,image_37.jpg,B: Emphysematous pyelonephritis,Duodenal perforation
nejm,all_T=ocr_S=3,38,image_38.jpg,Addison’s disease,Adrenal mass
nejm,all_T=ocr_S=3,39,image_39.jpg,A: Epidermolysis bullosa,Hereditary hemorrhagic telangiectasia
nejm,all_T=ocr_S=3,40,image_40.jpg,A: Early cataract,Amiodarone-induced vortex keratopathy
nejm,all_T=ocr_S=3,41,image_41.jpg,C: Metastatic adenocarcinoma,Metastatic adenocarcinoma
nejm,all_T=ocr_S=3,42,image_42.jpg,B: Iron deficiency anemia,Babesiosis
nejm,all_T=ocr_S=3,43,image_43.jpg,A: Blepharitis,Vernal keratoconjunctivitis
nejm,all_T=ocr_S=3,44,image_44.jpg,A: Herpetic whitlow,Psoriasis
nejm,all_T=ocr_S=3,45,image_45.jpg,B: Hydroxychloroquine toxicity,Hydroxychloroquine toxicity
nejm,all_T=ocr_S=3,46,image_46.jpg,A: Syphilis,Torus palatinus
nejm,all_T=ocr_S=3,47,image_47.jpg,D: Temozolomide,Dexamethasone
nejm,all_T=ocr_S=3,48,image_48.jpg,B: Acute pancreatitis,Acute pancreatitis
nejm,all_T=ocr_S=3,49,image_49.jpg,B: Scrofula,Bleeding into a thyroid nodule
nejm,all_T=ocr_S=3,50,image_50.jpg,D: Pyogenic granuloma,Pyogenic granuloma
nejm,all_T=ocr_S=3,51,image_51.jpg,B: Fall,Assault
nejm,all_T=ocr_S=3,52,image_52.jpg,Erythema multiforme,Tuberculoid leprosy
nejm,all_T=ocr_S=3,53,image_53.jpg,C: Thymoma,Vein-graft aneurysms
nejm,all_T=ocr_S=3,54,image_54.jpg,D,Iris atrophy
nejm,all_T=ocr_S=3,55,image_55.jpg,A: End-stage renal disease,Iron deficiency
nejm,all_T=ocr_S=3,56,image_56.jpg,C: Legionnaires' disease,Leprosy
nejm,all_T=ocr_S=3,57,image_57.jpg,A: Hypercholesterolemia,Hypercholesterolemia
nejm,all_T=ocr_S=3,58,image_58.jpg,A: Chronic kidney disease,Chronic kidney disease
nejm,all_T=ocr_S=3,59,image_59.jpg,E: Achalasia,Achalasia
nejm,all_T=ocr_S=3,60,image_60.jpg,A: Central retinal artery occlusion,Malignant hypertension
nejm,all_T=ocr_S=3,61,image_61.jpg,D: Kaposi's sarcoma,Cryptococcosis
nejm,all_T=ocr_S=3,62,image_62.jpg,C: Lisch nodules,Lisch nodules
nejm,all_T=ocr_S=3,63,image_63.jpg,C: Systemic sclerosis,Acromegaly
nejm,all_T=ocr_S=3,64,image_64.jpg,E: Highest intercostal vein,Left-sided superior vena cava
nejm,all_T=ocr_S=3,65,image_65.jpg,B: Escherichia coli,Blastomyces dermatitidis
nejm,all_T=ocr_S=3,66,image_66.jpg,A: Infectious perichondritis,Relapsing polychondritis
nejm,all_T=ocr_S=3,67,image_67.jpg,C: Kaposi sarcoma,Scrofula
nejm,all_T=ocr_S=3,68,image_68.jpg,B: Odontoid fracture (dens fracture),Traumatic spondylolisthesis of the axis (hangman’s fracture)
nejm,all_T=ocr_S=3,69,image_69.jpg,D,Gardening
nejm,all_T=ocr_S=3,70,image_70.jpg,C: Hematoma,Melanoma
nejm,all_T=ocr_S=3,71,image_71.jpg,C: Cutaneous anthrax,Actinomycosis
nejm,all_T=ocr_S=3,72,image_72.jpg,B: Itraconazole,Itraconazole
nejm,all_T=ocr_S=3,73,image_73.jpg,C: Neurofibromatosis,Chiari I malformation
nejm,all_T=ocr_S=3,74,image_74.jpg,A: Primary adrenal insufficiency (Addison’s disease),Primary adrenal insufficiency (Addison’s disease)
nejm,all_T=ocr_S=3,75,image_75.jpg,C: Herpes zoster,Herpes zoster
nejm,all_T=ocr_S=3,76,image_76.jpg,A: Staphyloma,Melanoma
nejm,all_T=ocr_S=3,77,image_77.jpg,A,Fungal endophthalmitis
nejm,all_T=ocr_S=3,78,image_78.jpg,E: Urticaria,Urticaria
nejm,all_T=ocr_S=3,79,image_79.jpg,D: Gastrospenic fistulization,Gastrospenic fistulization
nejm,all_T=ocr_S=3,80,image_80.jpg,D: Neonatal hyperbilirubinemia,Neonatal hyperbilirubinemia
nejm,all_T=ocr_S=3,81,image_81.jpg,D: Lichen planus,Lichen planus
nejm,all_T=ocr_S=3,82,image_82.jpg,B: Hydrocele,Inguinal hernia
nejm,all_T=ocr_S=3,83,image_83.jpg,D: Insulin-induced lipohypertrophy,Insulin-induced lipohypertrophy
nejm,all_T=ocr_S=3,84,image_84.jpg,Scheduled nebulized bronchodilators,Cessation of nitrofurantoin
nejm,all_T=ocr_S=3,85,image_85.jpg,D: Fixed drug eruption,Fixed drug eruption
nejm,all_T=ocr_S=3,86,image_86.jpg,A: Superior vena cava syndrome,Giant right atrium
nejm,all_T=ocr_S=3,87,image_87.jpg,Lupus pernio,Lupus pernio
nejm,all_T=ocr_S=3,88,image_88.jpg,E: Von Hippel-Lindau disease,Von Hippel-Lindau disease
nejm,all_T=ocr_S=3,89,image_89.jpg,B: Epidermoid cyst,Myiasis
nejm,all_T=ocr_S=3,90,image_90.jpg,B: Bilateral inguinal hernias,Left testicular torsion
nejm,all_T=ocr_S=3,91,image_91.jpg,A: Pulmonary hypertension,Pulmonary hypertension
nejm,all_T=ocr_S=3,92,image_92.jpg,C,Metastasis of colorectal cancer
nejm,all_T=ocr_S=3,93,image_93.jpg,D: Pasteurella multocida,Mycobacterium marinum
nejm,all_T=ocr_S=3,94,image_94.jpg,A: Mucocele,Syphilitic gumma
nejm,all_T=ocr_S=3,95,image_95.jpg,D: Osteopetrosis,Gaucher's disease
nejm,all_T=ocr_S=3,96,image_96.jpg,B,Cholesterol crystal embolization
nejm,all_T=ocr_S=3,97,image_97.jpg,E: Condyloma acuminatum,Pearly penile papules
nejm,all_T=ocr_S=3,98,image_98.jpg,D: Polyarteritis nodosa,Polyarteritis nodosa
nejm,all_T=ocr_S=3,99,image_99.jpg,C,End-stage renal disease
nejm,all_T=ocr_S=3,100,image_100.jpg,B: Abscess,Abscess
nejm,all_T=ocr_S=3,101,image_101.jpg,B: Eczema herpeticum,Eczema herpeticum
nejm,all_T=ocr_S=3,102,image_102.jpg,E: Warm autoimmune hemolytic anemia,Cold agglutinin syndrome
nejm,all_T=ocr_S=3,103,image_103.jpg,A: Calciphylaxis,Scrotal calcinosis
nejm,all_T=ocr_S=3,104,image_104.jpg,A: Takayasu’s arteritis,Takayasu’s arteritis
nejm,all_T=ocr_S=3,105,image_105.jpg,A: Acalculous cholecystitis,Gallbladder volvulus
nejm,all_T=ocr_S=3,106,image_106.jpg,D: Transitional-cell carcinoma,Bladder diverticula
nejm,all_T=ocr_S=3,107,image_107.jpg,E,Gastrogastric intussusception
nejm,all_T=ocr_S=3,108,image_108.jpg,A: Diverticulosis,Pneumatosis cystoides coli
nejm,all_T=ocr_S=3,109,image_109.jpg,C: Thoracentesis,Pericardiocentesis
nejm,all_T=ocr_S=3,110,image_110.jpg,B: Palmoplantar psoriasis,Poststreptococcal pustulosis
nejm,all_T=ocr_S=3,111,image_111.jpg,C: Osteoarthritis,Osteoarthritis
nejm,all_T=ocr_S=3,112,image_112.jpg,C: Palatine tonsillitis,Antrochoanal polyp
nejm,all_T=ocr_S=3,113,image_113.jpg,D: Trypanosomiasis,Trypanosomiasis
nejm,all_T=ocr_S=3,114,image_114.jpg,D: Emphysematous cholecystitis,Emphysematous cholecystitis
nejm,all_T=ocr_S=3,115,image_115.jpg,D: Peutz-Jeghers syndrome,Peutz-Jeghers syndrome
nejm,all_T=ocr_S=3,116,image_116.jpg,C: Chronic granulomatous disease,Chronic granulomatous disease
nejm,all_T=ocr_S=3,117,image_117.jpg,B: Myelodysplastic syndrome,Decompensated cirrhosis
nejm,all_T=ocr_S=3,118,image_118.jpg,A: Gastric bypass,Gastric bypass
nejm,all_T=ocr_S=3,119,image_119.jpg,C,Sweet’s syndrome
nejm,all_T=ocr_S=3,120,image_120.jpg,B,Type III hypersensitivity reaction
nejm,all_T=ocr_S=3,121,image_121.jpg,D: Sulfonylurea,Alpha-glucosidase inhibitor
nejm,all_T=ocr_S=3,122,image_122.jpg,B: Glioblastoma multiforme,Thrombosed intracranial aneurysm
nejm,all_T=ocr_S=3,123,image_123.jpg,D: Multiple sclerosis,Multiple sclerosis
nejm,all_T=ocr_S=3,124,image_124.jpg,D: Penicillin allergy,Ludwig's angina
nejm,all_T=ocr_S=3,125,image_125.jpg,D,Syphilis
nejm,all_T=ocr_S=3,126,image_126.jpg,A: Cytomegalovirus retinitis,Malignant hypertension
nejm,all_T=ocr_S=3,127,image_127.jpg,C: Praziquantel,Praziquantel
nejm,all_T=ocr_S=3,128,image_128.jpg,E,Pemphigoid gestationis
nejm,all_T=ocr_S=3,129,image_129.jpg,A: Basal-cell carcinoma,Squamous-cell carcinoma
nejm,all_T=ocr_S=3,130,image_130.jpg,A: Diaphragmatic hernia,Small-bowel volvulus
nejm,all_T=ocr_S=3,131,image_131.jpg,D: Toxic epidermal necrolysis,Toxic shock syndrome
nejm,all_T=ocr_S=3,132,image_132.jpg,C: Epiglottitis,Epiglottitis
nejm,all_T=ocr_S=3,133,image_133.jpg,A: Chronic renal failure,Chemotherapy treatment
nejm,all_T=ocr_S=3,134,image_134.jpg,A: Air embolism,Air embolism
nejm,all_T=ocr_S=3,135,image_135.jpg,A: Sjögren's syndrome,Vitamin A deficiency
nejm,all_T=ocr_S=3,136,image_136.jpg,D: Orf,Anthrax
nejm,all_T=ocr_S=3,137,image_137.jpg,C: Pulmonary sarcoidosis,Eosinophilic bronchitis
nejm,all_T=ocr_S=3,138,image_138.jpg,E: MYC,JAK2
nejm,all_T=ocr_S=3,139,image_139.jpg,A: Bullous pemphigoid,Scleroderma
nejm,all_T=ocr_S=3,140,image_140.jpg,D: Emphysematous prostatitis,Emphysematous prostatitis
nejm,all_T=ocr_S=3,141,image_141.jpg,C,Nitrous oxide
nejm,all_T=ocr_S=3,142,image_142.jpg,C: Diabetes mellitus,Malignant hypertension
nejm,all_T=ocr_S=3,143,image_143.jpg,Nocardiosis,Actinomycosis
nejm,all_T=ocr_S=3,144,image_144.jpg,D: Small-bowel obstruction,Sigmoid volvulus
nejm,all_T=ocr_S=3,145,image_145.jpg,A: Hirschsprung's disease,Gastric pneumatosis
nejm,all_T=ocr_S=3,146,image_146.jpg,A: Conjunctival squamous-cell carcinoma,Conjunctival squamous-cell carcinoma
nejm,all_T=ocr_S=3,147,image_147.jpg,D: Herpes gestationis,Herpes gestationis
nejm,all_T=ocr_S=3,148,image_148.jpg,B: Aquagenic keratoderma,Aquagenic keratoderma
nejm,all_T=ocr_S=3,149,image_149.jpg,C: Keloid,Scrotal calcinosis
nejm,all_T=ocr_S=3,150,image_150.jpg,A,Carcinoma
nejm,all_T=ocr_S=3,151,image_151.jpg,C: Central retinal vein occlusion,Lipemia retinalis
nejm,all_T=ocr_S=3,152,image_152.jpg,B: Familial Mediterranean fever,Lead poisoning
nejm,all_T=ocr_S=3,153,image_153.jpg,A: Tetracyclines,Tetracyclines
nejm,all_T=ocr_S=3,154,image_154.jpg,A: Recurrent pulmonary emboli,Thoracic endometriosis
nejm,all_T=ocr_S=3,155,image_155.jpg,C: Calcium oxalate,Calcium phosphate
nejm,all_T=ocr_S=3,156,image_156.jpg,B: Corneal ulcer,Keratoconus
nejm,all_T=ocr_S=3,157,image_157.jpg,B: Rheumatoid arthritis,Gout
nejm,all_T=ocr_S=3,158,image_158.jpg,B: Left glossopharyngeal nerve,Left hypoglossal nerve
nejm,all_T=ocr_S=3,159,image_159.jpg,Erythrasma,Tinea imbricata
nejm,all_T=ocr_S=3,160,image_160.jpg,Mosquito,Mosquito
nejm,all_T=ocr_S=3,161,image_161.jpg,C: Pellagra,Treatment with bleomycin
nejm,all_T=ocr_S=3,162,image_162.jpg,C: Langerhans-cell histiocytosis,Langerhans-cell histiocytosis
nejm,all_T=ocr_S=3,163,image_163.jpg,A: Central retinal vein occlusion,Cholesterol embolism
nejm,all_T=ocr_S=3,164,image_164.jpg,D: Onychomycosis,Squamous-cell carcinoma
nejm,all_T=ocr_S=3,165,image_165.jpg,E,Renal cryptococcosis
nejm,all_T=ocr_S=3,166,image_166.jpg,C: Leptospirosis,Tungiasis
nejm,all_T=ocr_S=3,167,image_167.jpg,D: Hemorrhagic stroke,Coronary artery disease
nejm,all_T=ocr_S=3,168,image_168.jpg,D: Liver abscess,Liver abscess
nejm,all_T=ocr_S=3,169,image_169.jpg,C: Interlabial cyst,Hydrocolpos
nejm,all_T=ocr_S=3,170,image_170.jpg,D: Hemianopia,Hemiparesis
nejm,all_T=ocr_S=3,171,image_171.jpg,D: Punctate psoriasis,Keratoderma
nejm,all_T=ocr_S=3,172,image_172.jpg,A: Chronic lung allograft dysfunction,Parvovirus B19 infection
nejm,all_T=ocr_S=3,173,image_173.jpg,D: Systemic lupus erythematosus,Polyarteritis nodosa
nejm,all_T=ocr_S=3,174,image_174.jpg,D: Intestinal malrotation,Pyloric stenosis
nejm,all_T=ocr_S=3,175,image_175.jpg,B: HIV IgM antibody,HIV nucleic acid test
nejm,all_T=ocr_S=3,176,image_176.jpg,A: Urate,Oxalate
nejm,all_T=ocr_S=3,177,image_177.jpg,E: Varicella-zoster infection,Pemphigus vulgaris
nejm,all_T=ocr_S=3,178,image_178.jpg,Toxoplasma gondii,Trypanosoma brucei
nejm,all_T=ocr_S=3,179,image_179.jpg,C: Drug-Eluting Bead Embolism,Drug-Eluting Bead Embolism
nejm,all_T=ocr_S=3,180,image_180.jpg,D: Toxocara canis,Dirofilaria repens
nejm,all_T=ocr_S=3,181,image_181.jpg,A,Giant-cell arteritis
nejm,all_T=ocr_S=3,182,image_182.jpg,C: Pillar fracture,Atlanto-occipital dislocation
nejm,all_T=ocr_S=3,183,image_183.jpg,A: Scrub typhus,Chickenpox
nejm,all_T=ocr_S=3,184,image_184.jpg,B: Aspiration pneumonia,Bronchoesophageal fistula
nejm,all_T=ocr_S=3,185,image_185.jpg,E: Williams syndrome,Turner syndrome
nejm,all_T=ocr_S=3,186,image_186.jpg,B: Osteosarcoma,Paget's disease
nejm,all_T=ocr_S=3,187,image_187.jpg,A: Aphthous stomatitis,Squamous-cell carcinoma
nejm,all_T=ocr_S=3,188,image_188.jpg,C,Mycobacterial tenosynovitis due to Mycobacterium avium complex
nejm,all_T=ocr_S=3,189,image_189.jpg,B: Osteitis fibrosa,Calcinos
nejm,all_T=ocr_S=3,190,image_190.jpg,Cavernous hemangioma,Lipoma
nejm,all_T=ocr_S=3,191,image_191.jpg,D: Familial hypercholesterolemia,Kawasaki's disease
nejm,all_T=ocr_S=3,192,image_192.jpg,C: Pulmonary silicosis,Multiple bacterial abscesses
nejm,all_T=ocr_S=3,193,image_193.jpg,Lymphogranuloma venereum,Hidradenitis suppurativa
nejm,all_T=ocr_S=3,194,image_194.jpg,D: Thyroid peroxidase antibodies,Thyrotropin receptor antibodies
nejm,all_T=ocr_S=3,195,image_195.jpg,A: Pterygium,Loa loa
nejm,all_T=ocr_S=3,196,image_196.jpg,A: Achalasia,Pneumopericardium
nejm,all_T=ocr_S=3,197,image_197.jpg,Erythema marginatum,Erythema marginatum
nejm,all_T=ocr_S=3,198,image_198.jpg,D,Serpentine supravenous hyperpigmentation
nejm,all_T=ocr_S=3,199,image_199.jpg,D: Psoriasis,Tinea
nejm,all_T=ocr_S=3,200,image_200.jpg,B,Light-near dissociation
nejm,all_T=ocr_S=3,201,image_201.jpg,C: Rib metastases,Supernumerary rib
nejm,all_T=ocr_S=3,202,image_202.jpg,D: Takayasu arteritis,Polychondritis
nejm,all_T=ocr_S=3,203,image_203.jpg,D: Hemophagocytosis of sickle cells,Hemophagocytosis of sickle cells
nejm,all_T=ocr_S=3,204,image_204.jpg,B: Addison's disease,Hypogonadism
nejm,all_T=ocr_S=3,205,image_205.jpg,A: Aortic aneurysm,Esophageal diverticulum
nejm,all_T=ocr_S=3,206,image_206.jpg,Ehlers-Danlos syndrome,Pseudoxanthoma elasticum
nejm,all_T=ocr_S=3,207,image_207.jpg,A: Infective endocarditis,Hereditary hemorrhagic telangiectasia
nejm,all_T=ocr_S=3,208,image_208.jpg,A: Aortic and mitral valves,Aortic and mitral valves
nejm,all_T=ocr_S=3,209,image_209.jpg,D: Osteoarthritis,Albright's hereditary osteodystrophy
nejm,all_T=ocr_S=3,210,image_210.jpg,D: Herpetic whitlow,Polyarteritis nodosa
nejm,all_T=ocr_S=3,211,image_211.jpg,C: Osteogenesis imperfecta,Osteogenesis imperfecta
nejm,all_T=ocr_S=3,212,image_212.jpg,B: Alzheimer's disease,Normal-pressure hydrocephalus
nejm,all_T=ocr_S=3,213,image_213.jpg,E: Xanthochromia,Elevated opening pressure
nejm,all_T=ocr_S=3,214,image_214.jpg,Insulin resistance,Insulin resistance
nejm,all_T=ocr_S=3,215,image_215.jpg,A: Cushing's syndrome,Electrocution
nejm,all_T=ocr_S=3,216,image_216.jpg,D: Cysticercosis,Cysticercosis
nejm,all_T=ocr_S=3,217,image_217.jpg,D: Leptospirosis,Leptospirosis
nejm,all_T=ocr_S=3,218,image_218.jpg,C: Necrobiosis lipoidica diabeticorum,Ischemic gangrene
nejm,all_T=ocr_S=3,219,image_219.jpg,C,Carcinoma en cuirasse
nejm,all_T=ocr_S=3,220,image_220.jpg,C: Impetigo,Scabies
nejm,all_T=ocr_S=3,221,image_221.jpg,C: Ground-glass opacity,Air bronchogram
nejm,all_T=ocr_S=3,222,image_222.jpg,E: Ganglion cysts,Echinococcal cysts
nejm,all_T=ocr_S=3,223,image_223.jpg,D: Chondrocalcinosis,Chondrocalcinosis
nejm,all_T=ocr_S=3,224,image_224.jpg,B: Myocarditis,Stenosis of the left anterior descending artery
nejm,all_T=ocr_S=3,225,image_225.jpg,A: African trypanosomiasis,Papillomatosis cutis lymphostatica
nejm,all_T=ocr_S=3,226,image_226.jpg,A: Ovarian torsion,Fallopian tube torsion
nejm,all_T=ocr_S=3,227,image_227.jpg,A: Rhinophyma,Rhinophyma
nejm,all_T=ocr_S=3,228,image_228.jpg,B: Dermoid,Dermoid
nejm,all_T=ocr_S=3,229,image_229.jpg,D: Erythrodermic psoriasis,Erythrodermic psoriasis
nejm,all_T=ocr_S=3,230,image_230.jpg,A: Prolapse of orbital fat,Prolapse of orbital fat
nejm,all_T=ocr_S=3,231,image_231.jpg,B: Poland syndrome,Poland syndrome
nejm,all_T=ocr_S=3,232,image_232.jpg,E: Lingua villosa nigra,Lingua villosa nigra
nejm,all_T=ocr_S=3,233,image_233.jpg,E: Pericardium,Intercostal muscle
nejm,all_T=ocr_S=3,234,image_234.jpg,C,Gastric cancer
nejm,all_T=ocr_S=3,235,image_235.jpg,C: Nelson’s syndrome,Somatotropic pituitary adenoma
nejm,all_T=ocr_S=3,236,image_236.jpg,C: Measles,Treponema pallidum
nejm,all_T=ocr_S=3,237,image_237.jpg,B,Leukemic infiltration of the gingiva
nejm,all_T=ocr_S=3,238,image_238.jpg,B: Necrobiosis lipoidica diabeticorum,Necrolytic migratory erythema
nejm,all_T=ocr_S=3,239,image_239.jpg,C: Closed-angle glaucoma,Waldenström’s macroglobulinemia
nejm,all_T=ocr_S=3,240,image_240.jpg,B: Straddle pelvic fracture,Open-book fracture
nejm,all_T=ocr_S=3,241,image_241.jpg,A: Tinea barbae,Tinea barbae
nejm,all_T=ocr_S=3,242,image_242.jpg,D: Herpetic whitlow,Herpetic whitlow
nejm,all_T=ocr_S=3,243,image_243.jpg,A: Uterine fibroid,Urinary retention
nejm,all_T=ocr_S=3,244,image_244.jpg,D: Pneumothorax,Pneumothorax
nejm,all_T=ocr_S=3,245,image_245.jpg,E,Persistent pupillary membranes
nejm,all_T=ocr_S=3,246,image_246.jpg,A,Odontogenic cutaneous fistula
nejm,all_T=ocr_S=3,247,image_247.jpg,D: Lipodermatosclerosis,Superficial thrombophlebitis
nejm,all_T=ocr_S=3,248,image_248.jpg,Cryptococcosis,Molluscum contagiosum
nejm,all_T=ocr_S=3,249,image_249.jpg,A: Cutaneous leishmaniasis,Cutaneous leishmaniasis
nejm,all_T=ocr_S=3,250,image_250.jpg,D: Takayasu arteritis,Giant-cell arteritis
nejm,all_T=ocr_S=3,251,image_251.jpg,A: Psoriasis,Antisynthetase syndrome
nejm,all_T=ocr_S=3,252,image_252.jpg,E: Tinea corporis,Nummular eczema
nejm,all_T=ocr_S=3,253,image_253.jpg,B: Cellulitis,Acute lymphangitis
nejm,all_T=ocr_S=3,254,image_254.jpg,A: Cavernous sinus thrombosis,Rheumatoid arthritis
nejm,all_T=ocr_S=3,255,image_255.jpg,B: Carcinoma of the tongue,Sublingual epidermoid cyst
nejm,all_T=ocr_S=3,256,image_256.jpg,A: Miliary tuberculosis,Sarcoidosis
nejm,all_T=ocr_S=3,257,image_257.jpg,B: Herpes simplex,Syphilis
nejm,all_T=ocr_S=3,258,image_258.jpg,"B: Small coins (e.g., a penny)",Foreign bodies that have been present for longer than 24 hours
nejm,all_T=ocr_S=3,259,image_259.jpg,A: Digitalis intoxication,Cardiac allograft
nejm,all_T=ocr_S=3,260,image_260.jpg,C: Phlegmasia cerulea dolens,Phlegmasia cerulea dolens
nejm,all_T=ocr_S=3,261,image_261.jpg,E: Coxsackie viral infection,Measles
nejm,all_T=ocr_S=3,262,image_262.jpg,C: Herpetic keratitis,Vernal conjunctivitis
nejm,all_T=ocr_S=3,263,image_263.jpg,E: Pericardial space,Left ventricle
nejm,all_T=ocr_S=3,264,image_264.jpg,B: Bilirubin,Bilirubin
nejm,all_T=ocr_S=3,265,image_265.jpg,E: Ulcerative colitis,Eisenmenger's syndrome
nejm,all_T=ocr_S=3,266,image_266.jpg,Atherosclerotic renal artery stenosis,Page kidney
nejm,all_T=ocr_S=3,267,image_267.jpg,A: Gastric outlet obstruction,Ulcerative colitis
nejm,all_T=ocr_S=3,268,image_268.jpg,A: Geographic tongue,Geographic tongue
nejm,all_T=ocr_S=3,269,image_269.jpg,D: Multiple Myeloma,Bone marrow necrosis
nejm,all_T=ocr_S=3,270,image_270.jpg,D: Permethrin,Permethrin
nejm,all_T=ocr_S=3,271,image_271.jpg,C: Hypothyroidism,Hypothyroidism
nejm,all_T=ocr_S=3,272,image_272.jpg,E: Preeclampsia,Preeclampsia
nejm,all_T=ocr_S=3,273,image_273.jpg,B: Senile ileus,Intestinal lipomatosis
nejm,all_T=ocr_S=3,274,image_274.jpg,A: Papilledema,Cholesterol emboli
nejm,all_T=ocr_S=3,275,image_275.jpg,A: Aphthous stomatitis,Herpes zoster
nejm,all_T=ocr_S=3,276,image_276.jpg,D: Tinea versicolor,Sporotrichosis
nejm,all_T=ocr_S=3,277,image_277.jpg,A: Central retinal artery occlusion,Central retinal artery occlusion
nejm,all_T=ocr_S=3,278,image_278.jpg,D: Uterine fibroids,Hematometrocolpos
nejm,all_T=ocr_S=3,279,image_279.jpg,C: Chronic obstructive airways disease,Superior vena cava syndrome
nejm,all_T=ocr_S=3,280,image_280.jpg,A: Cirrhosis,Cirrhosis
nejm,all_T=ocr_S=3,281,image_281.jpg,A: Hyperplastic polyps,Ménétrier’s disease
nejm,all_T=ocr_S=3,282,image_282.jpg,B: Pseudothrombocytopenia due to plate clumping associated with EDTA,Pseudothrombocytosis due to red cell fragments
nejm,all_T=ocr_S=3,283,image_283.jpg,A: Anterior uveitis,Carotid cavernous sinus fistula
nejm,all_T=ocr_S=3,284,image_284.jpg,B,Plastic bronchitis
nejm,all_T=ocr_S=3,285,image_285.jpg,A: Endometrioma,Intraabdominal cancer
nejm,all_T=ocr_S=3,286,image_286.jpg,D: Anterior uveitis,Rosacea
nejm,all_T=ocr_S=3,287,image_287.jpg,A: Abdominal aortic aneurysm,Urachal mucinous cystic tumor
nejm,all_T=ocr_S=3,288,image_288.jpg,A: Asymmetrical mydriasis,Quadriplegia
nejm,all_T=ocr_S=3,289,image_289.jpg,D: Retinitis pigmentosa,Marfan’s syndrome
nejm,all_T=ocr_S=3,290,image_290.jpg,A: Adenoid cystic carcinoma,Sclerosing sialadenitis
nejm,all_T=ocr_S=3,291,image_291.jpg,E: Cardiac amyloidosis,Angiosarcoma
nejm,all_T=ocr_S=3,292,image_292.jpg,A: Chronic venous insufficiency,Chronic venous insufficiency
nejm,all_T=ocr_S=3,293,image_293.jpg,A: Parulis,Torus mandibularis
nejm,all_T=ocr_S=3,294,image_294.jpg,B: Oral candidiasis,Spindle-cell sarcoma
nejm,all_T=ocr_S=3,295,image_295.jpg,Spleen,Stomach
nejm,all_T=ocr_S=3,296,image_296.jpg,D: Cogan’s syndrome,Cogan’s syndrome
nejm,all_T=ocr_S=3,297,image_297.jpg,D: Salbutamol,Ipratropium
nejm,all_T=ocr_S=3,298,image_298.jpg,A: Diabetic bullae,Eruptive xanthomas
nejm,all_T=ocr_S=3,299,image_299.jpg,B,Iodide-associated sialadenitis
nejm,all_T=ocr_S=3,300,image_300.jpg,E,Encapsulating peritoneal sclerosis
nejm,all_T=ocr_S=3,301,image_301.jpg,Beta2-microglobulin,Calcitonin
nejm,all_T=ocr_S=3,302,image_302.jpg,B: Osteopetrosis,Primary hypertrophic osteoarthropathy
nejm,all_T=ocr_S=3,303,image_303.jpg,A: Congenital cytomegalovirus infection,Congenital cytomegalovirus infection
nejm,all_T=ocr_S=3,304,image_304.jpg,A: Cardiac tamponade,Right coronary artery occlusion
nejm,all_T=ocr_S=3,305,image_305.jpg,E: Laryngotracheoesophageal cleft,Tracheal agenesis with bronchoesophageal fistula
nejm,all_T=ocr_S=3,306,image_306.jpg,A: 17-hydroxyprogesterone,Angiotensin-converting enzyme
nejm,all_T=ocr_S=3,307,image_307.jpg,D: Shingles,Neurofibromatosis
nejm,all_T=ocr_S=3,308,image_308.jpg,E: Systemic lupus erythematosus,Systemic lupus erythematosus
nejm,all_T=ocr_S=3,309,image_309.jpg,D: Granulomatosis with polyangiitis,Granulomatosis with polyangiitis
nejm,all_T=ocr_S=3,310,image_310.jpg,C: Rhabdomyolysis,Ethylene glycol poisoning
nejm,all_T=ocr_S=3,311,image_311.jpg,E: Trichobezoar,Ascariasis
nejm,all_T=ocr_S=3,312,image_312.jpg,A: Group A streptococcus,Group A streptococcus
nejm,all_T=ocr_S=3,313,image_313.jpg,D: Retinoblastoma,Shaken-baby syndrome
nejm,all_T=ocr_S=3,314,image_314.jpg,E: Sweet’s syndrome,Exanthematous pustulosis
nejm,all_T=ocr_S=3,315,image_315.jpg,B: Infectious mononucleosis,Rubella
nejm,all_T=ocr_S=3,316,image_316.jpg,B: Cutaneous leishmaniasis,Cutaneous leishmaniasis
nejm,all_T=ocr_S=3,317,image_317.jpg,A: Chemical burn,Thrombotic vasculopathy
nejm,all_T=ocr_S=3,318,image_318.jpg,D: Folliculitis,Herpes simplex virus infection
nejm,all_T=ocr_S=3,319,image_319.jpg,D: Eosinophilic esophagitis,Eosinophilic esophagitis
nejm,all_T=ocr_S=3,320,image_320.jpg,D: Pharyngeal foreign body,Prevertebral air
nejm,all_T=ocr_S=3,321,image_321.jpg,A: Cows,Cats
nejm,all_T=ocr_S=3,322,image_322.jpg,D: Lymphoma,Histoplasmosis
nejm,all_T=ocr_S=3,323,image_323.jpg,Aspergillosis,Paragonimiasis
nejm,all_T=ocr_S=3,324,image_324.jpg,C: Brachial artery stenosis,Fibromuscular dysplasia
nejm,all_T=ocr_S=3,325,image_325.jpg,A: Condylomata acuminata,Condylomata lata
nejm,all_T=ocr_S=3,326,image_326.jpg,E: Paget's disease,Adrenal insufficiency
nejm,all_T=ocr_S=3,327,image_327.jpg,E,Vitamin B12 deficiency
nejm,all_T=ocr_S=3,328,image_328.jpg,A: Lichen planus,Ostraceous psoriasis
nejm,all_T=ocr_S=3,329,image_329.jpg,E: Kaposi’s sarcoma,Squamous-cell carcinoma
nejm,all_T=ocr_S=3,330,image_330.jpg,E: Conn’s syndrome,Primary adrenal lymphoma
nejm,all_T=ocr_S=3,331,image_331.jpg,A: Spider angioma,Spider angioma
nejm,all_T=ocr_S=3,332,image_332.jpg,A: Actinomycetoma,Actinomycetoma
nejm,all_T=ocr_S=3,333,image_333.jpg,D: Malignant melanoma,Halo nevus
nejm,all_T=ocr_S=3,334,image_334.jpg,D: Amiodarone-induced skin discoloration,Amiodarone-induced skin discoloration
nejm,all_T=ocr_S=3,335,image_335.jpg,A: Leukemia,Leukemia
nejm,all_T=ocr_S=3,336,image_336.jpg,D: Rocky Mountain spotted fever,Tickborne relapsing fever
nejm,all_T=ocr_S=3,337,image_337.jpg,D: Tinea versicolor,Erythema gyratum repens
nejm,all_T=ocr_S=3,338,image_338.jpg,C: Deep venous thrombosis,Deep venous thrombosis
nejm,all_T=ocr_S=3,339,image_339.jpg,D: Bronchiolitis,Bordetella pertussis
nejm,all_T=ocr_S=3,340,image_340.jpg,D: Ischemic colitis,Ingestion of a heavy metal
nejm,all_T=ocr_S=3,341,image_341.jpg,E: Tophaceous gout,Tophaceous gout
nejm,all_T=ocr_S=3,342,image_342.jpg,D: Dumping syndrome,Internal hernia
nejm,all_T=ocr_S=3,343,image_343.jpg,B: Colocolonic intussusception,Colocolonic intussusception
nejm,all_T=ocr_S=3,344,image_344.jpg,D: Renal cortical necrosis,Cholesterol crystals
nejm,all_T=ocr_S=3,345,image_345.jpg,A: Aortic dissection,Pulmonary-artery dissection
nejm,all_T=ocr_S=3,346,image_346.jpg,Scleroderma,Beta-thalassemia
nejm,all_T=ocr_S=3,347,image_347.jpg,"C: Consumption of undercooked, infected fish","Consumption of undercooked, infected beef"
nejm,all_T=ocr_S=3,348,image_348.jpg,D: Pemphigus vulgaris,Neutrophilic dermatosis
nejm,all_T=ocr_S=3,349,image_349.jpg,E: 25-hydroxy-vitamin D,Alkaline phosphatase
nejm,all_T=ocr_S=3,350,image_350.jpg,A: Gastric volvulus,Ogilvie’s syndrome
nejm,all_T=ocr_S=3,351,image_351.jpg,A: Age-related macular degeneration,Toxoplasmosis
nejm,all_T=ocr_S=3,352,image_352.jpg,Melasma,Fluorouracil side effect
nejm,all_T=ocr_S=3,353,image_353.jpg,A: Cutaneous leishmaniasis,Furuncular myiasis
nejm,all_T=ocr_S=3,354,image_354.jpg,C: Sarcoidosis,Sarcoidosis
nejm,all_T=ocr_S=3,355,image_355.jpg,A: Herpes simplex keratitis,Radial keratotomy
nejm,all_T=ocr_S=3,356,image_356.jpg,B: Uterine perforation,Uterine perforation
nejm,all_T=ocr_S=3,357,image_357.jpg,A: Dementia with Lewy bodies,Creutzfeld-Jakob disease
nejm,all_T=ocr_S=3,358,image_358.jpg,Pneumoconiosis,Tobacco
nejm,all_T=ocr_S=3,359,image_359.jpg,C: Metastatic lung cancer,Metastatic lung cancer
nejm,all_T=ocr_S=3,360,image_360.jpg,A: Inflammatory breast cancer,Radiation-induced angiosarcoma
nejm,all_T=ocr_S=3,361,image_361.jpg,D,Atopic eruption of pregnancy
nejm,all_T=ocr_S=3,362,image_362.jpg,D: Riboflavin,Niacin
nejm,all_T=ocr_S=3,363,image_363.jpg,D,Spur-cell hemolytic anemia
nejm,all_T=ocr_S=3,364,image_364.jpg,A: Cutaneous larva migrans,Cutaneous larva migrans
nejm,all_T=ocr_S=3,365,image_365.jpg,A: Herpes simplex virus infection,Treponema pallidum infection
nejm,all_T=ocr_S=3,366,image_366.jpg,E: Tinea corporis,Insect bite
nejm,all_T=ocr_S=3,367,image_367.jpg,A: Aorta,Diaphragm
nejm,all_T=ocr_S=3,368,image_368.jpg,Pneumothorax,Lung herniation
nejm,all_T=ocr_S=3,369,image_369.jpg,A: Congenital adrenal hyperplasia,Spinal dysraphism
nejm,all_T=ocr_S=3,370,image_370.jpg,A: Nascent hemangioma of infancy,Infant harlequin syndrome
nejm,all_T=ocr_S=3,371,image_371.jpg,A: Dental abscess,Mandibular fracture
nejm,all_T=ocr_S=3,372,image_372.jpg,D: Panniculitis,Panniculitis
nejm,all_T=ocr_S=3,373,image_373.jpg,B: Henoch–Schönlein purpura,Peutz–Jeghers syndrome
nejm,all_T=ocr_S=3,374,image_374.jpg,D: Candida,Secondary syphilis
nejm,all_T=ocr_S=3,375,image_375.jpg,D: Inverted Q wave,Osborn wave
nejm,all_T=ocr_S=3,376,image_376.jpg,B: Staphylococcal scalded skin,Staphylococcal scalded skin
nejm,all_T=ocr_S=3,377,image_377.jpg,D: Insulin lipohypertrophy,Insulin lipohypertrophy
nejm,all_T=ocr_S=3,378,image_378.jpg,B,Actinic granuloma
nejm,all_T=ocr_S=3,379,image_379.jpg,D: Neurocysticercosis,Cystic echinococcosis
nejm,all_T=ocr_S=3,380,image_380.jpg,D: Rheumatoid arthritis,Alcohol dependency
nejm,all_T=ocr_S=3,381,image_381.jpg,D: Multiple iris nevi,Lisch nodules
nejm,all_T=ocr_S=3,382,image_382.jpg,C: Manganese,Zinc
nejm,all_T=ocr_S=3,383,image_383.jpg,E: Monocytosis,Eosinophilia
nejm,all_T=ocr_S=3,384,image_384.jpg,E,Antiphospholipid syndrome
nejm,all_T=ocr_S=3,385,image_385.jpg,D: Subarachnoid hemorrhage,Epidural hematoma
nejm,all_T=ocr_S=3,386,image_386.jpg,D: Subphrenic abscess,Trichobezoar
nejm,all_T=ocr_S=3,387,image_387.jpg,Bowel obstruction,Osteomalacia
nejm,all_T=ocr_S=3,388,image_388.jpg,C: Ecthyma gangrenosum,Lymphoma
nejm,all_T=ocr_S=3,389,image_389.jpg,C: Serum calcium,Bone scan
nejm,all_T=ocr_S=3,390,image_390.jpg,B: Lung cancer,Gastric cancer
nejm,all_T=ocr_S=3,391,image_391.jpg,A: Drug-induced reaction,Malakoplakia
nejm,all_T=ocr_S=3,392,image_392.jpg,D: Prolactinoma,Prolactinoma
nejm,all_T=ocr_S=3,393,image_393.jpg,C,Systemic lupus erythematosus
nejm,all_T=ocr_S=3,394,image_394.jpg,B: Intravitreal hemorrhage,Traumatic bleb
nejm,all_T=ocr_S=3,395,image_395.jpg,A: Soft-tissue calcinosis,Soft-tissue calcinosis
nejm,all_T=ocr_S=3,396,image_396.jpg,D: Epidermodysplasia verruciformis,Chromoblastomycosis
nejm,all_T=ocr_S=3,397,image_397.jpg,D: Pectus excavatum,Pectus excavatum
nejm,all_T=ocr_S=3,398,image_398.jpg,E: Tuberculosis,Tuberculosis
nejm,all_T=ocr_S=3,399,image_399.jpg,A: Alopecia areata,Fibrosing alopecia
nejm,all_T=ocr_S=3,400,image_400.jpg,C: Ludwig’s angina,Ludwig’s angina
nejm,all_T=ocr_S=3,401,image_401.jpg,C: Nephrogenic fibrosing dermopathy,Nephrogenic fibrosing dermopathy
nejm,all_T=ocr_S=3,402,image_402.jpg,C: Lingual carcinoma,Hypoglossal nerve injury
nejm,all_T=ocr_S=3,403,image_403.jpg,E,Cystic echinococcosis
nejm,all_T=ocr_S=3,404,image_404.jpg,A: Congestive heart failure,Congestive heart failure
nejm,all_T=ocr_S=3,405,image_405.jpg,D: Scleroderma,Scleroderma
nejm,all_T=ocr_S=3,406,image_406.jpg,C: Malassezia furfur,Corynebacterium minutissimum
nejm,all_T=ocr_S=3,407,image_407.jpg,A: Esophageal rupture,Hydropneumothorax
nejm,all_T=ocr_S=3,408,image_408.jpg,D: Calciphylaxis,Gout
nejm,all_T=ocr_S=3,409,image_409.jpg,B: Drug reaction with eosinophilia and systemic symptoms,Drug reaction with eosinophilia and systemic symptoms
nejm,all_T=ocr_S=3,410,image_410.jpg,A: Angioedema,Subclavian vein thrombosis
nejm,all_T=ocr_S=3,411,image_411.jpg,D: Infantile hepatic hemangiomas,Infantile hepatic hemangiomas
nejm,all_T=ocr_S=3,412,image_412.jpg,C: Cryptococcus neoformans,Histoplasma capsulatum
nejm,all_T=ocr_S=3,413,image_413.jpg,A: Cerebriform nevus sebaceous,Cerebriform nevus sebaceous
nejm,all_T=ocr_S=3,414,image_414.jpg,D: Liver cirrhosis,Metastatic colon cancer
nejm,all_T=ocr_S=3,415,image_415.jpg,B: Melanoma,Vitiligo
nejm,all_T=ocr_S=3,416,image_416.jpg,Pheochromocytoma,Carcinoid syndrome
nejm,all_T=ocr_S=3,417,image_417.jpg,A: Congenital melanocytic nevus,Congenital melanocytic nevus
nejm,all_T=ocr_S=3,418,image_418.jpg,E,Multiple endocrine neoplasia type 2B
nejm,all_T=ocr_S=3,419,image_419.jpg,C: Scrofula,Peripancreatic malignancy
nejm,all_T=ocr_S=3,420,image_420.jpg,B: Immature cataract,Intraocular tumor
nejm,all_T=ocr_S=3,421,image_421.jpg,B: Cryptococcal meningitis,Cryptococcal meningitis
nejm,all_T=ocr_S=3,422,image_422.jpg,D: Angiotensin converting-enzyme inhibitor,Angiotensin converting-enzyme inhibitor
nejm,all_T=ocr_S=3,423,image_423.jpg,D: Plantar warts,Plantar warts
nejm,all_T=ocr_S=3,424,image_424.jpg,A: Acromegaly,Diabetes mellitus
nejm,all_T=ocr_S=3,425,image_425.jpg,Celiac disease,Nodular lymphoid hyperplasia
nejm,all_T=ocr_S=3,426,image_426.jpg,B,Retropharyngeal abscess
nejm,all_T=ocr_S=3,427,image_427.jpg,C: Danazol,Chloroquine
nejm,all_T=ocr_S=3,428,image_428.jpg,D: Subacute cutaneous lupus erythematosus,Diffuse cutaneous systemic sclerosis
nejm,all_T=ocr_S=3,429,image_429.jpg,C: Chronic renal insufficiency,Diabetes mellitus
nejm,all_T=ocr_S=3,430,image_430.jpg,C,Leave the foreign object in place
nejm,all_T=ocr_S=3,431,image_431.jpg,E: Thromboangiitis obliterans,Ergotism
nejm,all_T=ocr_S=3,432,image_432.jpg,C: Metastatic prostate cancer,Ankylosing spondylitis
nejm,all_T=ocr_S=3,433,image_433.jpg,E: Respiratory system,Respiratory system
nejm,all_T=ocr_S=3,434,image_434.jpg,B: Collodion baby,Harlequin color change
nejm,all_T=ocr_S=3,435,image_435.jpg,E,Tonsillar cancer
nejm,all_T=ocr_S=3,436,image_436.jpg,A: Acute pulmonary embolism,Ascending aortic aneurysm
nejm,all_T=ocr_S=3,437,image_437.jpg,D: Vitiligo,Congenital nevus
nejm,all_T=ocr_S=3,438,image_438.jpg,D: Vibrio vulnificus,Vibrio vulnificus
nejm,all_T=ocr_S=3,439,image_439.jpg,A: Atypical antipsychotic,Protease inhibitor
nejm,all_T=ocr_S=3,440,image_440.jpg,C,Wernicke’s encephalopathy
nejm,all_T=ocr_S=3,441,image_441.jpg,B: Gastric tuberculosis,Superior mesenteric artery syndrome
nejm,all_T=ocr_S=3,442,image_442.jpg,A: Dermoid cyst,Mucocele
nejm,all_T=ocr_S=3,443,image_443.jpg,A: Herpes simplex virus,Varicella-zoster virus
nejm,all_T=ocr_S=3,444,image_444.jpg,E: Myasthenia gravis,Myasthenia gravis
nejm,all_T=ocr_S=3,445,image_445.jpg,A: Aspiration pneumonia,Pleural perforation
nejm,all_T=ocr_S=3,446,image_446.jpg,E: Lactational mastitis,Polymastia
nejm,all_T=ocr_S=3,447,image_447.jpg,A: Digital pilonidal sinus,Gout
nejm,all_T=ocr_S=3,448,image_448.jpg,D: Intravenous valacyclovir,Aspirin and intravenous immune globulin
nejm,all_T=ocr_S=3,449,image_449.jpg,B,Extranodal natural killer T-cell lymphoma
nejm,all_T=ocr_S=3,450,image_450.jpg,A: Amyloidosis,Celiac disease
nejm,all_T=ocr_S=3,451,image_451.jpg,D: Pernicious anemia,Amyotrophic lateral sclerosis
nejm,all_T=ocr_S=3,452,image_452.jpg,C: Sjogren's syndrome,Uveoparotid fever
nejm,all_T=ocr_S=3,453,image_453.jpg,C: Pyoderma gangrenosum,Anti-MDA5 dermatomyositis
nejm,all_T=ocr_S=3,454,image_454.jpg,B: Recurrent breast cancer,Cellulitis
nejm,all_T=ocr_S=3,455,image_455.jpg,A: Acute mesenteric ischemia,Intraabdominal hernia
nejm,all_T=ocr_S=3,456,image_456.jpg,E,Acute dacryocystitis
nejm,all_T=ocr_S=3,457,image_457.jpg,E: Anti-Hu antibody,Anti-Hu antibody
nejm,all_T=ocr_S=3,458,image_458.jpg,A: Crusted scabies,Crusted scabies
nejm,all_T=ocr_S=3,459,image_459.jpg,B: Schistosoma hematobium,Schistosoma hematobium
nejm,all_T=ocr_S=3,460,image_460.jpg,C: Epiglottitis,Epiglottitis
nejm,all_T=ocr_S=3,461,image_461.jpg,Erythema multiforme,Urticaria multiforme
nejm,all_T=ocr_S=3,462,image_462.jpg,C: Observation,Tetracycline
nejm,all_T=ocr_S=3,463,image_463.jpg,C: Cortisol,Alkaline phosphatase
nejm,all_T=ocr_S=3,464,image_464.jpg,E,Neutrophilic eccrine hidradenitis
nejm,all_T=ocr_S=3,465,image_465.jpg,"B: Left hemiparesis, gaze deviated to the left","Left hemiparesis, gaze deviated to the right"
nejm,all_T=ocr_S=3,466,image_466.jpg,C: Hyperparathyroidism,Lead exposure
nejm,all_T=ocr_S=3,467,image_467.jpg,C,Necrolytic migratory erythema
nejm,all_T=ocr_S=3,468,image_468.jpg,E: Livedo reticularis,Erythema ab igne
nejm,all_T=ocr_S=3,469,image_469.jpg,A: Lupus pernio,Phototoxic dermatitis
nejm,all_T=ocr_S=3,470,image_470.jpg,D: Leukoplakia,Laryngeal candidiasis
nejm,all_T=ocr_S=3,471,image_471.jpg,B: Esophageal carcinoma,Zenker's diverticulum
nejm,all_T=ocr_S=3,472,image_472.jpg,B: Mondor's disease,Mondor’s disease
nejm,all_T=ocr_S=3,473,image_473.jpg,D: Posterior reversible encephalopathy syndrome,Posterior reversible encephalopathy syndrome
nejm,all_T=ocr_S=3,474,image_474.jpg,A: Carpal tunnel syndrome,Systemic sclerosis
nejm,all_T=ocr_S=3,475,image_475.jpg,E,"Hypocalcemia, hypophosphatemia, and hyperkalemia"
nejm,all_T=ocr_S=3,476,image_476.jpg,B: Juvenile idiopathic arthritis,Legg–Calvé–Perthes disease
nejm,all_T=ocr_S=3,477,image_477.jpg,A: Decompression sickness,Decompression sickness
nejm,all_T=ocr_S=3,478,image_478.jpg,A: Buruli ulcers,Porphyria cutanea tarda
nejm,all_T=ocr_S=3,479,image_479.jpg,C: Hashimoto's thyroiditis,Graves' disease
nejm,all_T=ocr_S=3,480,image_480.jpg,D: Turner syndrome,Congenital adrenal hyperplasia
nejm,all_T=ocr_S=3,481,image_481.jpg,C: Cutaneous metastases,Cutaneous metastases
nejm,all_T=ocr_S=3,482,image_482.jpg,D: Brachial entrapment syndrome,Thromboangiitis obliterans
nejm,all_T=ocr_S=3,483,image_483.jpg,C: Melanoma,Cataract
nejm,all_T=ocr_S=3,484,image_484.jpg,Atherosclerosis,Atherosclerosis
nejm,all_T=ocr_S=3,485,image_485.jpg,Sarcoidosis,Situs inversus totalis
nejm,all_T=ocr_S=3,486,image_486.jpg,C: Optic atrophy,Hypertriglyceridemia
nejm,all_T=ocr_S=3,487,image_487.jpg,B: Dental abscess,Obstructive parotitis
nejm,all_T=ocr_S=3,488,image_488.jpg,B: Ischemic colitis,Ischemic colitis
nejm,all_T=ocr_S=3,489,image_489.jpg,E: Small-cell lung cancer,Small-cell lung cancer
nejm,all_T=ocr_S=3,490,image_490.jpg,A: Taenia solium,Strongyloides stercoralis
nejm,all_T=ocr_S=3,491,image_491.jpg,C: Methamphetamine,Xylazine
nejm,all_T=ocr_S=3,492,image_492.jpg,C: Parathyroid carcinoma,Hodgkin's lymphoma
nejm,all_T=ocr_S=3,493,image_493.jpg,C: Brucellosis,Brucellosis
nejm,all_T=ocr_S=3,494,image_494.jpg,D: Tuberculosis-related dacryoadenitis,IgG4-related ophthalmic disease
nejm,all_T=ocr_S=3,495,image_495.jpg,B: Dermatomyositis,Dermatomyositis
nejm,all_T=ocr_S=3,496,image_496.jpg,A: Mucormycosis,Curvularia alcornii
nejm,all_T=ocr_S=3,497,image_497.jpg,A: Bulbar palsy,Romberg's sign
nejm,all_T=ocr_S=3,498,image_498.jpg,C: Acinetobacter baumannii,Klebsiella rhinoscleromatis
nejm,all_T=ocr_S=3,499,image_499.jpg,B: Lingual artery thrombosis,Tissue plasminogen activator-associated angioedema
nejm,all_T=ocr_S=3,500,image_500.jpg,B: Temporal quadrantanopsia,Inferior hemifield loss
nejm,all_T=ocr_S=3,501,image_501.jpg,D: Systemic lupus erythematosus,Infective endocarditis
nejm,all_T=ocr_S=3,502,image_502.jpg,E: Uremic frost,Nephrogenic systemic fibrosis
nejm,all_T=ocr_S=3,503,image_503.jpg,D: Janeway lesion,Splinter hemorrhages
nejm,all_T=ocr_S=3,504,image_504.jpg,C: Leprosy,Leprosy
nejm,all_T=ocr_S=3,505,image_505.jpg,B: Baker's cyst,Abscess
nejm,all_T=ocr_S=3,506,image_506.jpg,D: Dirofilaria repens infection,Dirofilaria repens infection
nejm,all_T=ocr_S=3,507,image_507.jpg,A: Cushing's syndrome,Paraneoplastic disorder
nejm,all_T=ocr_S=3,508,image_508.jpg,D,Perirenal extramedullary hematopoiesis
nejm,all_T=ocr_S=3,509,image_509.jpg,C: Crohn's disease,Bulimia nervosa
nejm,all_T=ocr_S=3,510,image_510.jpg,B: Pyogenic granuloma,Iododerma
nejm,all_T=ocr_S=3,511,image_511.jpg,E: Retinoblastoma,Retinoblastoma
nejm,all_T=ocr_S=3,512,image_512.jpg,E: Perforation of a viscus,Perforation of a viscus
nejm,all_T=ocr_S=3,513,image_513.jpg,A: Polymyositis,Dermatomyositis
nejm,all_T=ocr_S=3,514,image_514.jpg,A: Acromegaly,Lipomatosis
nejm,all_T=ocr_S=3,515,image_515.jpg,E: Nevus comedonicus,Nevus comedonicus
nejm,all_T=ocr_S=3,516,image_516.jpg,E: Uremic stomatitis,Uremic stomatitis
nejm,all_T=ocr_S=3,517,image_517.jpg,A: Osgood-Schlatter disease,Systemic sclerosis
nejm,all_T=ocr_S=3,518,image_518.jpg,Asteatotic eczema,Chronic venous stasis
nejm,all_T=ocr_S=3,519,image_519.jpg,E: Sjögren's syndrome,Sjögren's syndrome
nejm,all_T=ocr_S=3,520,image_520.jpg,A: Pharyngeal abscess,Thyroglossal duct cyst
nejm,all_T=ocr_S=3,521,image_521.jpg,D: Sarcoidosis,Wegener's granulomatosis
nejm,all_T=ocr_S=3,522,image_522.jpg,Erythema nodosum,Necrobiosis lipoidica
nejm,all_T=ocr_S=3,523,image_523.jpg,E: Lingual artery,Lingual artery
nejm,all_T=ocr_S=3,524,image_524.jpg,B: Cerebral toxoplasmosis,Nocardia asteroides infection
nejm,all_T=ocr_S=3,525,image_525.jpg,D: Raynaud syndrome,Achenbach’s syndrome
nejm,all_T=ocr_S=3,526,image_526.jpg,A,Herpes vegetans
nejm,all_T=ocr_S=3,527,image_527.jpg,E: Thrombosis of the inferior vena cava,Thrombosis of the inferior vena cava
nejm,all_T=ocr_S=3,528,image_528.jpg,D: Verrucous carcinoma,Human papillomavirus
nejm,all_T=ocr_S=3,529,image_529.jpg,D: Spinal muscular atrophy,Tay-Sachs disease
nejm,all_T=ocr_S=3,530,image_530.jpg,C: Pneumothorax,Intrathoracic localized obstruction
nejm,all_T=ocr_S=3,531,image_531.jpg,C: Hematoma,Thromboembolism
nejm,all_T=ocr_S=3,532,image_532.jpg,A: Acute pancreatitis,Pneumoperitoneum
nejm,all_T=ocr_S=3,533,image_533.jpg,A: Heberden’s nodes,Jaccoud’s arthropathy
nejm,all_T=ocr_S=3,534,image_534.jpg,E: Eosinophilic ulcer,Cytomegalovirus infection
nejm,all_T=ocr_S=3,535,image_535.jpg,E: Paget's disease,Renal tubular acidosis
nejm,all_T=ocr_S=3,536,image_536.jpg,Thiamine,Zinc
nejm,all_T=ocr_S=3,537,image_537.jpg,C: Multiple myeloma,Cold agglutinins
nejm,all_T=ocr_S=3,538,image_538.jpg,A: Hemorrhoids,Enterobiasis
nejm,all_T=ocr_S=3,539,image_539.jpg,A: Deep venous thrombosis,Digital ischemia
nejm,all_T=ocr_S=3,540,image_540.jpg,B: Esophageal obstruction,Croup
nejm,all_T=ocr_S=3,541,image_541.jpg,D: Disseminated cutaneous blastomycosis,Disseminated cutaneous blastomycosis
nejm,all_T=ocr_S=3,542,image_542.jpg,A: Parotitis,Frey's syndrome
nejm,all_T=ocr_S=3,543,image_543.jpg,C: Hemorrhagic cerebral metastasis,Cerebral cavernous malformations
nejm,all_T=ocr_S=3,544,image_544.jpg,D: Prescribe nystatin,Counsel patient to stop smoking
nejm,all_T=ocr_S=3,545,image_545.jpg,A: Leukocytoclastic vasculitis,Multiple myeloma
nejm,all_T=ocr_S=3,546,image_546.jpg,B: Defect in glucuronidation leading to hyperbilirubinemia,About 50% of the serum bilirubin is conjugated
nejm,all_T=ocr_S=3,547,image_547.jpg,A: Fleischner sign,Hampton’s hump
nejm,all_T=ocr_S=3,548,image_548.jpg,D: Leukemia cutis,Cryoglobulinemic vasculitis
nejm,all_T=ocr_S=3,549,image_549.jpg,A: Branchial cleft cyst,Ectopic thyroid
nejm,all_T=ocr_S=3,550,image_550.jpg,B: Acute angle-closure glaucoma,Acute angle-closure glaucoma
nejm,all_T=ocr_S=3,551,image_551.jpg,D: Plasmodium vivax,Plasmodium vivax
nejm,all_T=ocr_S=3,552,image_552.jpg,A: Insulinoma,Glucagonoma
nejm,all_T=ocr_S=3,553,image_553.jpg,C: Langerhans cell histiocytosis,Erdheim–Chester disease
nejm,all_T=ocr_S=3,554,image_554.jpg,E: Splenic cyst,Splenic cyst
nejm,all_T=ocr_S=3,555,image_555.jpg,A: Tinea versicolor,Tinea versicolor
nejm,all_T=ocr_S=3,556,image_556.jpg,C: Phytophotodermatitis,Pellagra
nejm,all_T=ocr_S=3,557,image_557.jpg,D: Pthirus pubis,Pthirus pubis
nejm,all_T=ocr_S=3,558,image_558.jpg,C: Pulmonary edema,Pulmonary alveolar microlithiasis
nejm,all_T=ocr_S=3,559,image_559.jpg,D: Trichophyton rubrum infection,Pseudomonas aeruginosa infection
nejm,all_T=ocr_S=3,560,image_560.jpg,A: Penile contusion,Penile fracture
nejm,all_T=ocr_S=3,561,image_561.jpg,A: HIV-associated diffuse large B-cell lymphoma,Disseminated Mycobacterium avium–intracellulare infection
nejm,all_T=ocr_S=3,562,image_562.jpg,E: Psoralen,Erlotinib
nejm,all_T=ocr_S=3,563,image_563.jpg,D: Schatzki ring,Adenocarcinoma
nejm,all_T=ocr_S=3,564,image_564.jpg,D: Hemangioma,Melanoma
nejm,all_T=ocr_S=3,565,image_565.jpg,B: Umbilical hernia,Sister Mary Joseph's nodule
nejm,all_T=ocr_S=3,566,image_566.jpg,B: Methemoglobinemia,Fluorescent dye
nejm,all_T=ocr_S=3,567,image_567.jpg,A: Coarctation of the aorta,Pulmonary embolism
nejm,all_T=ocr_S=3,568,image_568.jpg,E: Osgood–Schlatter disease,Osgood–Schlatter disease
nejm,all_T=ocr_S=3,569,image_569.jpg,C: Pneumomediastinum,Pneumomediastinum
nejm,all_T=ocr_S=3,570,image_570.jpg,D: Granulomatous iritis,Prominent iris collarette
nejm,all_T=ocr_S=3,571,image_571.jpg,C,Malignant acanthosis nigricans
nejm,all_T=ocr_S=3,572,image_572.jpg,A: Neurofibromatosis,Tuberous sclerosis
nejm,all_T=ocr_S=3,573,image_573.jpg,E: Elevated protein,Elevated protein
nejm,all_T=ocr_S=3,574,image_574.jpg,B,Malignant syphilis
nejm,all_T=ocr_S=3,575,image_575.jpg,C,Diphyllobothrium latum
nejm,all_T=ocr_S=3,576,image_576.jpg,A: Squamous-cell carcinoma,Mycobacterium marinum
nejm,all_T=ocr_S=3,577,image_577.jpg,D: Right upper lobe,Left upper lobe
nejm,all_T=ocr_S=3,578,image_578.jpg,Candidiasis,Herpes zoster
nejm,all_T=ocr_S=3,579,image_579.jpg,Eales disease,X-linked retinoschisis
nejm,all_T=ocr_S=3,580,image_580.jpg,A: Paget's disease,Pneumocephalus
nejm,all_T=ocr_S=3,581,image_581.jpg,E: Pseudohypoparathyroidism,Albright's hereditary osteodystrophy
nejm,all_T=ocr_S=3,582,image_582.jpg,A: Acromegaly,Fluorosis
nejm,all_T=ocr_S=3,583,image_583.jpg,D: Fusobacterium necrophorum,Fusobacterium necrophorum
nejm,all_T=ocr_S=3,584,image_584.jpg,A: Carpal tunnel syndrome,Dupuyten's contracture
nejm,all_T=ocr_S=3,585,image_585.jpg,A: Arcus senilis,Wilson's disease
nejm,all_T=ocr_S=3,586,image_586.jpg,C,Infective endocarditis
nejm,all_T=ocr_S=3,587,image_587.jpg,D: Contrast allergy,Cholesterol emboli
nejm,all_T=ocr_S=3,588,image_588.jpg,B: Hemothorax,Oleothorax
nejm,all_T=ocr_S=3,589,image_589.jpg,E: Slipped capital femoral epiphysis,Slipped capital femoral epiphysis
nejm,all_T=ocr_S=3,590,image_590.jpg,B: Mosquito,Chrysops fly
nejm,all_T=ocr_S=3,591,image_591.jpg,Cushing’s disease,Diffuse melanosis cutis
nejm,all_T=ocr_S=3,592,image_592.jpg,E,Cystine and triple phosphate (struvite) crystals
nejm,all_T=ocr_S=3,593,image_593.jpg,B: Cicatricial pemphigoid,Herpes zoster
nejm,all_T=ocr_S=3,594,image_594.jpg,E: Streptococcal pharyngitis,Streptococcal pharyngitis
nejm,all_T=ocr_S=3,595,image_595.jpg,A: Coarctation of the aorta,Substernal goiter
nejm,all_T=ocr_S=3,596,image_596.jpg,A: Becker’s nevus,Becker’s nevus
nejm,all_T=ocr_S=3,597,image_597.jpg,C,Paternal uniparental disomy 14 (UDP 14 pat) thoracic dysplasia
nejm,all_T=ocr_S=3,598,image_598.jpg,C: Mesenteric ischemia,Small-bowel obstruction
nejm,all_T=ocr_S=3,599,image_599.jpg,B: Fetal alcohol syndrome,Neonatal thyrotoxicosis
nejm,all_T=ocr_S=3,600,image_600.jpg,Lichen planus,Bulimia nervosa
nejm,all_T=ocr_S=3,601,image_601.jpg,E: Neurocysticercosis,Neurocysticercosis
nejm,all_T=ocr_S=3,602,image_602.jpg,A: Chalazion,Papilloma
nejm,all_T=ocr_S=3,603,image_603.jpg,B: Fordyce's angiokeratomas,Fordyce's angiokeratomas
nejm,all_T=ocr_S=3,604,image_604.jpg,C,Cutaneous diphtheria
nejm,all_T=ocr_S=3,605,image_605.jpg,A: Trichuris trichiura,Enterobius vermicularis
nejm,all_T=ocr_S=3,606,image_606.jpg,D: Human botfly,Tumbu fly
nejm,all_T=ocr_S=3,607,image_607.jpg,D,Neonatal herpes simplex virus
nejm,all_T=ocr_S=3,608,image_608.jpg,Erythrasma,Erythrasma
nejm,all_T=ocr_S=3,609,image_609.jpg,A: Glucocorticoids,Bisphosphonates
nejm,all_T=ocr_S=3,610,image_610.jpg,D: Livedo reticularis,Livedo reticularis
nejm,all_T=ocr_S=3,611,image_611.jpg,A: Bullous pemphigoid,Varicella
nejm,all_T=ocr_S=3,612,image_612.jpg,D: Talaromyces marneffei,Talaromyces marneffei
nejm,all_T=ocr_S=3,613,image_613.jpg,C: Syphilis,Leishmaniasis
nejm,all_T=ocr_S=3,614,image_614.jpg,C: Group A streptococcus,Coxsackie virus type A16
nejm,all_T=ocr_S=3,615,image_615.jpg,A: Retrobulbar abscess,Hydatid cyst
nejm,all_T=ocr_S=3,616,image_616.jpg,C: Condyloma acuminatum,Vestibular papillomatosis
nejm,all_T=ocr_S=3,617,image_617.jpg,A: Central retinal artery occlusion,Dislocation of the lens
nejm,all_T=ocr_S=3,618,image_618.jpg,C: Normal pregnancy,Raynaud's phenomenon
nejm,all_T=ocr_S=3,619,image_619.jpg,D: Tungiasis,Tungiasis
nejm,all_T=ocr_S=3,620,image_620.jpg,A: Subcutaneous metastases,Caput Medusae
nejm,all_T=ocr_S=3,621,image_621.jpg,A: Left anterior descending,Left main stem
nejm,all_T=ocr_S=3,622,image_622.jpg,C,"Hand, foot, and mouth disease"
nejm,all_T=ocr_S=3,623,image_623.jpg,A: Serous otitis media,Cholesteatoma
nejm,all_T=ocr_S=3,624,image_624.jpg,B,Gartner duct cyst
nejm,all_T=ocr_S=3,625,image_625.jpg,C,Palmar erythema of pregnancy
nejm,all_T=ocr_S=3,626,image_626.jpg,A: Intestinal malrotation,Mesenteric ischemia
nejm,all_T=ocr_S=3,627,image_627.jpg,A: Cutaneous larva migrans,Cutaneous larva migrans
nejm,all_T=ocr_S=3,628,image_628.jpg,E: Superficial punctate keratitis,Ophthalmomyiasis
nejm,all_T=ocr_S=3,629,image_629.jpg,E: Right ventricle,Left atrium
nejm,all_T=ocr_S=3,630,image_630.jpg,E: Traumatic diaphragmatic hernia,Tension pneumothorax
nejm,all_T=ocr_S=3,631,image_631.jpg,B: Esophageal cancer,Nutcracker esophagus
nejm,all_T=ocr_S=3,632,image_632.jpg,D: Vitreous hemorrhage,Uveal melanoma
nejm,all_T=ocr_S=3,633,image_633.jpg,B: Proliferative diabetic retinopathy,Proliferative diabetic retinopathy
nejm,all_T=ocr_S=3,634,image_634.jpg,A: Digoxin poisoning,Hyperkalemia
nejm,all_T=ocr_S=3,635,image_635.jpg,B: Triatomine bug,Triatomine bug
nejm,all_T=ocr_S=3,636,image_636.jpg,D: Hemothorax,Reexpansion pulmonary edema
nejm,all_T=ocr_S=3,637,image_637.jpg,C: Amelanotic melanoma,Amelanotic melanoma
nejm,all_T=ocr_S=3,638,image_638.jpg,D: Scleroderma,Eosinophilic fasciitis
nejm,all_T=ocr_S=3,639,image_639.jpg,B: Flour,Sugar
nejm,all_T=ocr_S=3,640,image_640.jpg,B: Scalocephaly,Sickle cell disease
nejm,all_T=ocr_S=3,641,image_641.jpg,B,Emphysematous aortitis due to Clostridium septicum
nejm,all_T=ocr_S=3,642,image_642.jpg,A: Cutaneous larva migrans,Lung cancer
nejm,all_T=ocr_S=3,643,image_643.jpg,C: Chronic urticaria,Herpes simplex virus infection
nejm,all_T=ocr_S=3,644,image_644.jpg,C: Lithium,Palifermin
nejm,all_T=ocr_S=3,645,image_645.jpg,A: Radiation recall,Radiation recall
nejm,all_T=ocr_S=3,646,image_646.jpg,E,Scurvy
nejm,all_T=ocr_S=3,647,image_647.jpg,C: Psoriasis,Keratoderma blennorrhagicum
nejm,all_T=ocr_S=3,648,image_648.jpg,E: Tinea faciei,Tinea faciei
nejm,all_T=ocr_S=3,649,image_649.jpg,A: Herpes simplex infection,Inflammatory bowel disease
nejm,all_T=ocr_S=3,650,image_650.jpg,C: Autosomal dominant polycystic kidney disease,Autosomal dominant polycystic kidney disease
nejm,all_T=ocr_S=3,651,image_651.jpg,A: Pulmonary embolism,Azygous vein
nejm,all_T=ocr_S=3,652,image_652.jpg,D: Pustular rosacea,Subcorneal pustular dermatosis
nejm,all_T=ocr_S=3,653,image_653.jpg,D: Paget’s disease,Multiple myeloma
nejm,all_T=ocr_S=3,654,image_654.jpg,A: Acute myelogenous leukemia,Chronic lead poisoning
nejm,all_T=ocr_S=3,655,image_655.jpg,C: Cutaneous horn,Periungual fibroma
nejm,all_T=ocr_S=3,656,image_656.jpg,C: Herpes zoster due to virus reactivation,Miliaria crystallina
nejm,all_T=ocr_S=3,657,image_657.jpg,E: Zenker's diverticulum,Graves' disease
nejm,all_T=ocr_S=3,658,image_658.jpg,D: Paget's disease of bone,Langerhans'-cell histiocytosis
nejm,all_T=ocr_S=3,659,image_659.jpg,E,Gaucher’s disease
nejm,all_T=ocr_S=3,660,image_660.jpg,D: Psoriasis,Chemotherapy
nejm,all_T=ocr_S=3,661,image_661.jpg,B,Leukoplakia
nejm,all_T=ocr_S=3,662,image_662.jpg,Thalassemia minor,Glucose-6-phosphate dehydrogenase deficiency
nejm,all_T=ocr_S=3,663,image_663.jpg,A: Oral lichen planus,Verrucous carcinoma
nejm,all_T=ocr_S=3,664,image_664.jpg,D: Leukemia cutis,Fusariosis
nejm,all_T=ocr_S=3,665,image_665.jpg,A: Hyphema,Hyphema
nejm,all_T=ocr_S=3,666,image_666.jpg,A: Cellulitis,Herpes zoster
nejm,all_T=ocr_S=3,667,image_667.jpg,E: Takayasu's arteritis,Systemic sclerosis
nejm,all_T=ocr_S=3,668,image_668.jpg,C,Hirschsprung’s disease
nejm,all_T=ocr_S=3,669,image_669.jpg,E: Guttate psoriasis,Seborrheic keratoses
nejm,all_T=ocr_S=3,670,image_670.jpg,B: Non-small-cell lung cancer,Sarcoidosis
nejm,all_T=ocr_S=3,671,image_671.jpg,C,Tinea capitis
nejm,all_T=ocr_S=3,672,image_672.jpg,D: Rheumatic heart disease,Rheumatic heart disease
nejm,all_T=ocr_S=3,673,image_673.jpg,C: Multiple myeloma (MM),Acute promyelocytic leukemia (APL)
nejm,all_T=ocr_S=3,674,image_674.jpg,Erythema migrans (Lyme disease),Malignant syphilis
nejm,all_T=ocr_S=3,675,image_675.jpg,D: Umbilical hernia,Endometrioma
nejm,all_T=ocr_S=3,676,image_676.jpg,D: Hydrocele,Varicocele
nejm,all_T=ocr_S=3,677,image_677.jpg,C,Keratoderma blenorrhagicum
nejm,all_T=ocr_S=3,678,image_678.jpg,Erythema ab igne,Onchocerciasis
nejm,all_T=ocr_S=3,679,image_679.jpg,A: Orbital wall fracture,Intraocular lens dislocation
nejm,all_T=ocr_S=3,680,image_680.jpg,C: Leukemia,Neuroblastoma
nejm,all_T=ocr_S=3,681,image_681.jpg,A: Periorbital cellulitis,Lyme disease
nejm,all_T=ocr_S=3,682,image_682.jpg,E: Iridodialysis,Silicone oil hyperoleon
nejm,all_T=ocr_S=3,683,image_683.jpg,E: Osteoporosis,Osteoporosis
nejm,all_T=ocr_S=3,684,image_684.jpg,B: Onychomycosis,Metastasis
nejm,all_T=ocr_S=3,685,image_685.jpg,C: Neurocysticercosis,Neurocysticercosis
nejm,all_T=ocr_S=3,686,image_686.jpg,B: IgG4-related disease arteritis,IgG4-related disease arteritis
nejm,all_T=ocr_S=3,687,image_687.jpg,A: Nocardiosis,Adenocarcinoma
nejm,all_T=ocr_S=3,688,image_688.jpg,A: Ankylosing spondylitis,Diabetes mellitus
nejm,all_T=ocr_S=3,689,image_689.jpg,A: Grave’s sign,Pemberton’s sign
nejm,all_T=ocr_S=3,690,image_690.jpg,C: Neuralgic amyotrophy,Palsy of the long thoracic nerve
nejm,all_T=ocr_S=3,691,image_691.jpg,C,Purpura fulminans
nejm,all_T=ocr_S=3,692,image_692.jpg,E: Perform a thoracentesis,Diurese the patient and then obtain a repeat chest radiograph
nejm,all_T=ocr_S=3,693,image_693.jpg,Erysipeloid,Seborrheic dermatitis
nejm,all_T=ocr_S=3,694,image_694.jpg,E: Antineutrophil cytoplasmic autoantibody,Antineutrophil cytoplasmic autoantibody
nejm,all_T=ocr_S=3,695,image_695.jpg,D,Eruptive xanthomas
nejm,all_T=ocr_S=3,696,image_696.jpg,A: Acoustic neuroma,Glomus tympanicum
nejm,all_T=ocr_S=3,697,image_697.jpg,Crohn’s disease,Gastrointestinal amyloidosis
nejm,all_T=ocr_S=3,698,image_698.jpg,A: Aspergillosis,Plombage
nejm,all_T=ocr_S=3,699,image_699.jpg,C: Measles,Measles
nejm,all_T=ocr_S=3,700,image_700.jpg,E: Bullous impetigo,Linear IgA bullous dermatosis
nejm,all_T=ocr_S=3,701,image_701.jpg,D: Bilateral peritonsillar abscesses,Bilateral peritonsillar abscesses
nejm,all_T=ocr_S=3,702,image_702.jpg,Sarcoidosis,Sarcoidosis
nejm,all_T=ocr_S=3,703,image_703.jpg,Pneumonia,Pulmonary embolism
nejm,all_T=ocr_S=3,704,image_704.jpg,D: Disseminated aspergillosis,Disseminated coccidioidomycosis
nejm,all_T=ocr_S=3,705,image_705.jpg,D: Amyloid purpura,Amyloid purpura
nejm,all_T=ocr_S=3,706,image_706.jpg,E: Tuberculosis,Tuberculosis
nejm,all_T=ocr_S=3,707,image_707.jpg,B: Pneumocystis pneumonia,Lymphangioleiomyomatosis
nejm,all_T=ocr_S=3,708,image_708.jpg,Cocaine,Cocaine
nejm,all_T=ocr_S=3,709,image_709.jpg,E: Pontine stroke,Basilar artery aneurysm
nejm,all_T=ocr_S=3,710,image_710.jpg,Bismuth poisoning,Lead poisoning
nejm,all_T=ocr_S=3,711,image_711.jpg,D: Carpal tunnel syndrome,Radial artery thrombosis
nejm,all_T=ocr_S=3,712,image_712.jpg,C: Titanium,Gold
nejm,all_T=ocr_S=3,713,image_713.jpg,E: Quadriceps tendon ruptures,Quadriceps tendon ruptures
nejm,all_T=ocr_S=3,714,image_714.jpg,B: Right staghorn calculus,Right ureterovesical calculus
nejm,all_T=ocr_S=3,715,image_715.jpg,B: Congenital asplenia,Retroperitoneal hemorrhage
nejm,all_T=ocr_S=3,716,image_716.jpg,C: Benign essential blepharospasm,Myasthenia gravis
nejm,all_T=ocr_S=3,717,image_717.jpg,D: Ecthyma gangrenosum,Pyoderma gangrenosum
nejm,all_T=ocr_S=3,718,image_718.jpg,D: Median rhomboid glossitis,Median rhomboid glossitis
nejm,all_T=ocr_S=3,719,image_719.jpg,C,Spider bite
nejm,all_T=ocr_S=3,720,image_720.jpg,Crohn's disease,Bowel infarction
nejm,all_T=ocr_S=3,721,image_721.jpg,A: Vitreous hemorrhage,Narrow angle glaucoma
nejm,all_T=ocr_S=3,722,image_722.jpg,B: Pseudomelanosis duodeni,Pseudomelanosis duodeni
nejm,all_T=ocr_S=3,723,image_723.jpg,B: Glaucoma,Ocular myiasis
nejm,all_T=ocr_S=3,724,image_724.jpg,D: Osteosarcoma,Colon cancer
nejm,all_T=ocr_S=3,725,image_725.jpg,D: Calcium pyrophosphate dihydrate,Cholesterol
nejm,all_T=ocr_S=3,726,image_726.jpg,A,Tripe palms
nejm,all_T=ocr_S=3,727,image_727.jpg,C: Leukotriene receptor antagonist,Fluoroquinolone antibiotic
nejm,all_T=ocr_S=3,728,image_728.jpg,E: Total hip replacement,Mitral-valve repair
nejm,all_T=ocr_S=3,729,image_729.jpg,A: Non–small-cell lung cancer,Non–small-cell lung cancer
nejm,all_T=ocr_S=3,730,image_730.jpg,E: Trimethoprim,Minocycline
nejm,all_T=ocr_S=3,731,image_731.jpg,D: Falciform ligament,Falciform ligament
nejm,all_T=ocr_S=3,732,image_732.jpg,E: Skin biopsy,Chest imaging
nejm,all_T=ocr_S=3,733,image_733.jpg,B: Basal cell carcinoma,Lentigo maligna
nejm,all_T=ocr_S=3,734,image_734.jpg,D: Otitis media,Herpes zoster
nejm,all_T=ocr_S=3,735,image_735.jpg,A: Multiple sclerosis,Tabes dorsalis
nejm,all_T=ocr_S=3,736,image_736.jpg,Therapeutic Phlebotomy,Chelation Therapy
nejm,all_T=ocr_S=3,737,image_737.jpg,D: Pyloric outlet obstruction,Meckel's diverticulum
nejm,all_T=ocr_S=3,738,image_738.jpg,B: Gingival melanoma,Gingival melanoma
nejm,all_T=ocr_S=3,739,image_739.jpg,A: Cellulitis,Gout
nejm,all_T=ocr_S=3,740,image_740.jpg,D: Mastectomy,Penicillin
nejm,all_T=ocr_S=3,741,image_741.jpg,E: Meconium ileus,Hirschsprung’s disease
nejm,all_T=ocr_S=3,742,image_742.jpg,E: Esophageal carcinoma,Diffuse esophageal spasm
nejm,all_T=ocr_S=3,743,image_743.jpg,C: Esophageal stricture,Diffuse esophageal spasm
nejm,all_T=ocr_S=3,744,image_744.jpg,C: Hypoplastic right heart syndrome,Superior vena caval obstruction
nejm,all_T=ocr_S=3,745,image_745.jpg,E,Redundant mitral valve
nejm,all_T=ocr_S=3,746,image_746.jpg,B: Pericardial effusion,Bezoar
nejm,all_T=ocr_S=3,747,image_747.jpg,A: Chlamydial cervicitis,Squamous-cell carcinoma
nejm,all_T=ocr_S=3,748,image_748.jpg,D: Intra-abdominal abscess,Bowel ischemia
nejm,all_T=ocr_S=3,749,image_749.jpg,A: Pericardial hydatid cysts,Pericardial metastases
nejm,all_T=ocr_S=3,750,image_750.jpg,C,Molluscum contagiosum
nejm,all_T=ocr_S=3,751,image_751.jpg,C: Scleredema,Scleromyxedema
nejm,all_T=ocr_S=3,752,image_752.jpg,B: Cutaneous larva migrans,Portal hypertension
nejm,all_T=ocr_S=3,753,image_753.jpg,A: Klippel-Trénaunay-Weber syndrome,Neurofibromatosis
nejm,all_T=ocr_S=3,754,image_754.jpg,D: Paraesophageal hernia,Paraesophageal hernia
nejm,all_T=ocr_S=3,755,image_755.jpg,C: Malignant melanoma,Pyogenic granuloma
nejm,all_T=ocr_S=3,756,image_756.jpg,A: Meningioma,Plasmacytoma
nejm,all_T=ocr_S=3,757,image_757.jpg,D: Oral candidiasis,Pyostomatitis vegetans
nejm,all_T=ocr_S=3,758,image_758.jpg,Amebic liver abscess,Echinococcosis
nejm,all_T=ocr_S=3,759,image_759.jpg,B: Psoriasis,Malignancy
nejm,all_T=ocr_S=3,760,image_760.jpg,D: Cutaneous lymphoblastic T-cell lymphoma,Blastic plasmacytoid dendritic-cell neoplasm
nejm,all_T=ocr_S=3,761,image_761.jpg,D: Emphysematous pyelonephritis,Emphysematous pyelonephritis
nejm,all_T=ocr_S=3,762,image_762.jpg,B: Discoid lupus,Syphilis
nejm,all_T=ocr_S=3,763,image_763.jpg,C: Perianal hamartomatous polyps,Congenital syphilis
nejm,all_T=ocr_S=3,764,image_764.jpg,D: Polyostotic fibrous dysplasia,Marrow hyperplasia
nejm,all_T=ocr_S=3,765,image_765.jpg,Hodgkin's lymphoma,Hairy-cell leukemia
nejm,all_T=ocr_S=3,766,image_766.jpg,A: Portal vein,Right bronchial tree
nejm,all_T=ocr_S=3,767,image_767.jpg,B: Osteonecrosis,Osteonecrosis
nejm,all_T=ocr_S=3,768,image_768.jpg,A: Thyrohyoid membrane,Killian’s triangle
nejm,all_T=ocr_S=3,769,image_769.jpg,D: Primary Pericardial Mesothelioma,Constrictive Pericarditis
nejm,all_T=ocr_S=3,770,image_770.jpg,C: Amiodarone,Amiodarone
nejm,all_T=ocr_S=3,771,image_771.jpg,D: Rheumatic fever,Henoch-Schönlein purpura
nejm,all_T=ocr_S=3,772,image_772.jpg,A: Bladder perforation,Neurogenic megacolon
nejm,all_T=ocr_S=3,773,image_773.jpg,A: Bismuth Salicylate,Bismuth Salicylate
nejm,all_T=ocr_S=3,774,image_774.jpg,B: Cutaneous leishmaniasis,Bot fly
nejm,all_T=ocr_S=3,775,image_775.jpg,A: Calcified polyp,Tooth
nejm,all_T=ocr_S=3,776,image_776.jpg,D: Madura foot,Chromoblastomycosis
nejm,all_T=ocr_S=3,777,image_777.jpg,A: Pancreatitis,Pylephlebitis
nejm,all_T=ocr_S=3,778,image_778.jpg,A: Omeprazole,Propofol
nejm,all_T=ocr_S=3,779,image_779.jpg,E: Tabes dorsalis,Central pontine myelinolysis
nejm,all_T=ocr_S=3,780,image_780.jpg,A: Bezoar,Intussusception
nejm,all_T=ocr_S=3,781,image_781.jpg,A: Alopecia areata,Alopecia areata
nejm,all_T=ocr_S=3,782,image_782.jpg,D: Furuncle,Merkel-cell carcinoma
nejm,all_T=ocr_S=3,783,image_783.jpg,A: Bulimia,Candida albicans infection
nejm,all_T=ocr_S=3,784,image_784.jpg,A: Pilonidal sinus,Keratoacanthoma
nejm,all_T=ocr_S=3,785,image_785.jpg,Laryngocele,Laryngocele
nejm,all_T=ocr_S=3,786,image_786.jpg,A: Fabry's disease,Peutz-Jeghers's syndrome
nejm,all_T=ocr_S=3,787,image_787.jpg,D: Ecthyma gangrenosum,Ecthyma gangrenosum
nejm,all_T=ocr_S=3,788,image_788.jpg,B: Cutaneous small vessel vasculitis,Intravascular lymphoma
nejm,all_T=ocr_S=3,789,image_789.jpg,A: Acanthosis nigricans,Crusted scabies
nejm,all_T=ocr_S=3,790,image_790.jpg,D: Eggs hatch in the small intestine,Larvae penetrate the lungs
nejm,all_T=ocr_S=3,791,image_791.jpg,C,Autoimmune keratitis
nejm,all_T=ocr_S=3,792,image_792.jpg,Pancreatic pseudocyst,Enteric duplication cyst
nejm,all_T=ocr_S=3,793,image_793.jpg,D: Hypoglossal nerve palsy,Hypoglossal nerve palsy
nejm,all_T=ocr_S=3,794,image_794.jpg,D: Melanoma,Melanoma
nejm,all_T=ocr_S=3,795,image_795.jpg,B,Voriconazole-induced periostitis
nejm,all_T=ocr_S=3,796,image_796.jpg,D: Gallbladder lipomatosis,Emphysematous cholecystitis
nejm,all_T=ocr_S=3,797,image_797.jpg,B: Clomiphene,Bicalutamide
nejm,all_T=ocr_S=3,798,image_798.jpg,C,Neurofibromatosis type 2
nejm,all_T=ocr_S=3,799,image_799.jpg,A: Rocky mountain spotted fever,Secondary syphilis
nejm,all_T=ocr_S=3,800,image_800.jpg,C: Tuberous sclerosis,Cowden syndrome
nejm,all_T=ocr_S=3,801,image_801.jpg,D: Toxicodendron radicans (poison ivy),Shiitake mushrooms
nejm,all_T=ocr_S=3,802,image_802.jpg,C: Graves' disease,Graves' disease
nejm,all_T=ocr_S=3,803,image_803.jpg,B,Acute mesenteric ischemia
nejm,all_T=ocr_S=3,804,image_804.jpg,D: Lead toxicity,Arsenic toxicity
nejm,all_T=ocr_S=3,805,image_805.jpg,Pneumothorax,Pectus excavatum
nejm,all_T=ocr_S=3,806,image_806.jpg,B: Listeriosis,Nocardiosis
nejm,all_T=ocr_S=3,807,image_807.jpg,D: Metastatic melanoma,Laxative use
nejm,all_T=ocr_S=3,808,image_808.jpg,D: Facial trauma,Dermatomyositis
nejm,all_T=ocr_S=3,809,image_809.jpg,D: Familial trichomegaly,EGFR inhibition
nejm,all_T=ocr_S=3,810,image_810.jpg,A: Amelanotic melanoma,Keratoacanthoma
nejm,all_T=ocr_S=3,811,image_811.jpg,E: Tinea circinata,Tinea circinata
nejm,all_T=ocr_S=3,812,image_812.jpg,A: Diphtheria,Diphtheria
nejm,all_T=ocr_S=3,813,image_813.jpg,A: Oral lichen planus,Pernicious anemia
nejm,all_T=ocr_S=3,814,image_814.jpg,C: Echinococcosis,Cirrhosis
nejm,all_T=ocr_S=3,815,image_815.jpg,E: Parotitis,Angioedema
nejm,all_T=ocr_S=3,816,image_816.jpg,C,Chemotherapy
nejm,all_T=ocr_S=3,817,image_817.jpg,D: Obturator hernia,Obturator hernia
nejm,all_T=ocr_S=3,818,image_818.jpg,E: Takotsubo cardiomyopathy,Takotsubo cardiomyopathy
nejm,all_T=ocr_S=3,819,image_819.jpg,A: Intravitreal antimicrobial injections,Intravitreal antimicrobial injections
nejm,all_T=ocr_S=3,820,image_820.jpg,D: Herpes zoster ophthalmicus,Herpes zoster ophthalmicus
nejm,all_T=ocr_S=3,821,image_821.jpg,B: Nephrogenic fibrosing dermopathy,Nephrogenic fibrosing dermopathy
nejm,all_T=ocr_S=3,822,image_822.jpg,E: Fixed drug eruption,Cutaneous lupus
nejm,all_T=ocr_S=3,823,image_823.jpg,A: Acral lentiginous melanoma,Tinea nigra
nejm,all_T=ocr_S=3,824,image_824.jpg,C: Cobalamin deficiency,Osmotic demyelination syndrome
nejm,all_T=ocr_S=3,825,image_825.jpg,D: Pyogenic liver abscess,Emphysematous hepatitis
nejm,all_T=ocr_S=3,826,image_826.jpg,A: Acanthosis nigricans,Bowenoid papulosis
nejm,all_T=ocr_S=3,827,image_827.jpg,A: Skin wound culture,IgG and complement deposition at the dermis-epidermis junction
nejm,all_T=ocr_S=3,828,image_828.jpg,D: Behçet's disease,Sjögren's syndrome
nejm,all_T=ocr_S=3,829,image_829.jpg,Cytomegalovirus retinitis,Herpes simplex virus infection
nejm,all_T=ocr_S=3,830,image_830.jpg,B: Erysipelas,Herpetic whitlow
nejm,all_T=ocr_S=3,831,image_831.jpg,D: Anti-Ro antibody,Anticentromere antibody
nejm,all_T=ocr_S=3,832,image_832.jpg,B,Calcinosis
nejm,all_T=ocr_S=3,833,image_833.jpg,A: Graves' ophthalmopathy,Retinal detachment
nejm,all_T=ocr_S=3,834,image_834.jpg,A: Binocular visual loss,Binocular visual loss
nejm,all_T=ocr_S=3,835,image_835.jpg,D: Trichotillomania,Syphilitic alopecia
nejm,all_T=ocr_S=3,836,image_836.jpg,C: Constrictive pericarditis,Constrictive pericarditis
nejm,all_T=ocr_S=3,837,image_837.jpg,C: Pills in the nasal cavity,Button magnets in the nasal cavity
nejm,all_T=ocr_S=3,838,image_838.jpg,D: Testing for bacterial and viral respiratory pathogens,Testing for bacterial and viral respiratory pathogens
nejm,all_T=ocr_S=3,839,image_839.jpg,A: Paget's disease,Bone marrow hyperplasia
nejm,all_T=ocr_S=3,840,image_840.jpg,C: Molluscum contagiosum,Condyloma acuminatum
nejm,all_T=ocr_S=3,841,image_841.jpg,B,Emphysematous pyelonephritis
nejm,all_T=ocr_S=3,842,image_842.jpg,B: Involvement of the upper extremity,Delay in surgical intervention >24 hours
nejm,all_T=ocr_S=3,843,image_843.jpg,C: Primary hyperaldosteronism,Pheochromocytoma
nejm,all_T=ocr_S=3,844,image_844.jpg,C: Histoplasma capsulatum,Cryptococcus neoformans
nejm,all_T=ocr_S=3,845,image_845.jpg,B: Clavicular fracture,Lipodystrophy
nejm,all_T=ocr_S=3,846,image_846.jpg,D: Infection may travel along the lymphatic system leading to lymphangitis.,Transmission is associated with aerosolized contaminated soil exposure.
nejm,all_T=ocr_S=3,847,image_847.jpg,A: Atopic dermatitis,Zinc deficiency
nejm,all_T=ocr_S=3,848,image_848.jpg,D: Rheumatoid arthritis,Psoriasis
nejm,all_T=ocr_S=3,849,image_849.jpg,A: Cutaneous leishmaniasis,Cutaneous leishmaniasis
nejm,all_T=ocr_S=3,850,image_850.jpg,B: Retinal ischemia,Retinal ischemia
nejm,all_T=ocr_S=3,851,image_851.jpg,C: Leptospirosis,Rat bite fever
nejm,all_T=ocr_S=3,852,image_852.jpg,A: Angioneurotic edema,Arterial insufficiency
nejm,all_T=ocr_S=3,853,image_853.jpg,Glaucoma,Ochronosis
nejm,all_T=ocr_S=3,854,image_854.jpg,E: Retrograde epistaxis,Adverse reaction to systemic antibiotics
nejm,all_T=ocr_S=3,855,image_855.jpg,Erythema nodosum,Necrobiosis lipoidica diabeticorum
nejm,all_T=ocr_S=3,856,image_856.jpg,D: Invasive ductal carcinoma,Invasive ductal carcinoma
nejm,all_T=ocr_S=3,857,image_857.jpg,D: Reactive perforating collagenosis,Reactive perforating collagenosis
nejm,all_T=ocr_S=3,858,image_858.jpg,A: Skull fracture,Skull fracture
nejm,all_T=ocr_S=3,859,image_859.jpg,A: Aphthous stomatitis,Herpes zoster
nejm,all_T=ocr_S=3,860,image_860.jpg,B: Lichen planus,Lichen planus
nejm,all_T=ocr_S=3,861,image_861.jpg,D: Multiple endocrine neoplasia type 2B,Multiple endocrine neoplasia type 1
nejm,all_T=ocr_S=3,862,image_862.jpg,D: Scleredema of diabetes,Necrolytic migratory erythema
nejm,all_T=ocr_S=3,863,image_863.jpg,C,Thoracic endometriosis
nejm,all_T=ocr_S=3,864,image_864.jpg,A: Lipoatrophy,Lipoatrophy
nejm,all_T=ocr_S=3,865,image_865.jpg,A: Hemoglobin A1c,Wound culture
nejm,all_T=ocr_S=3,866,image_866.jpg,B: Posterior scleritis,Necrotizing anterior scleritis
nejm,all_T=ocr_S=3,867,image_867.jpg,Lymphoma,Lymphoma
nejm,all_T=ocr_S=3,868,image_868.jpg,D: Periorbital cellulitis,Carotid cavernous fistula
nejm,all_T=ocr_S=3,869,image_869.jpg,A: Familial Mediterranean fever,Henoch-Schönlein purpura
nejm,all_T=ocr_S=3,870,image_870.jpg,E: Acral lentiginous melanoma,Acral lentiginous melanoma
nejm,all_T=ocr_S=3,871,image_871.jpg,E: Ferrous sulfate,Doxorubicin
nejm,all_T=ocr_S=3,872,image_872.jpg,A,Generalized granuloma annulare
nejm,all_T=ocr_S=3,873,image_873.jpg,A,Arrhythmogenic right ventricular cardiomyopathy
nejm,all_T=ocr_S=3,874,image_874.jpg,E: Tuberculosis,Tuberculosis
nejm,all_T=ocr_S=3,875,image_875.jpg,A: Amoxicillin rash in infectious mononucleosis,Amoxicillin rash in infectious mononucleosis
nejm,all_T=ocr_S=3,876,image_876.jpg,A: Baker's cyst,Baker's cyst
nejm,all_T=ocr_S=3,877,image_877.jpg,C: Asymptomatic cortical infarct,Arachnoid cyst
nejm,all_T=ocr_S=3,878,image_878.jpg,C: Legionella pneumophila,Naegleria fowleri
nejm,all_T=ocr_S=3,879,image_879.jpg,Toxoplasma gondii,Strongyloides stercoralis
nejm,all_T=ocr_S=3,880,image_880.jpg,A: Aerophagia,Duodenal atresia
nejm,all_T=ocr_S=3,881,image_881.jpg,A: Cholesteatoma,Tympanic hyperectasis
nejm,all_T=ocr_S=3,882,image_882.jpg,D,Disseminated varicella infection
nejm,all_T=ocr_S=3,883,image_883.jpg,Ehlers-Danlos syndrome,Ehlers-Danlos syndrome
nejm,all_T=ocr_S=3,884,image_884.jpg,D: Guttate psoriasis,Bedbug bites
nejm,all_T=ocr_S=3,885,image_885.jpg,Aspergillosis,Actinomycosis
nejm,all_T=ocr_S=3,886,image_886.jpg,A: Cardiac tamponade,Cardiac tamponade
nejm,all_T=ocr_S=3,887,image_887.jpg,B: Retinal detachment,Ectopia lentis
nejm,all_T=ocr_S=3,888,image_888.jpg,E,Polysomnography
nejm,all_T=ocr_S=3,889,image_889.jpg,C: Calcium pyrophosphate dihydrate,Monosodium urate
nejm,all_T=ocr_S=3,890,image_890.jpg,D: Cholesterol embolization,Cholesterol embolization
nejm,all_T=ocr_S=3,891,image_891.jpg,B: Left Atrial Appendage Thrombus,Giant Coronary Aneurysm
nejm,all_T=ocr_S=3,892,image_892.jpg,C: Rheumatoid factor,Creatine kinase
nejm,all_T=ocr_S=3,893,image_893.jpg,D: Kaposi’s sarcoma,Kaposi’s sarcoma
nejm,all_T=ocr_S=3,894,image_894.jpg,A: Alendronate,Zidovudine
nejm,all_T=ocr_S=3,895,image_895.jpg,A: Chronic liver disease,Hemophilia A
nejm,all_T=ocr_S=3,896,image_896.jpg,B: Capnocytophaga canimorsus,Capnocytophaga canimorsus
nejm,all_T=ocr_S=3,897,image_897.jpg,A: Aspiration pneumonia,Idiopathic pulmonary fibrosis
nejm,all_T=ocr_S=3,898,image_898.jpg,A: Angioedema,Superior vena cava syndrome
nejm,all_T=ocr_S=3,899,image_899.jpg,Gout nodulosis,Gout nodulosis
nejm,all_T=ocr_S=3,900,image_900.jpg,A: Orbital metastasis,Orbital metastasis
nejm,all_T=ocr_S=3,901,image_901.jpg,A: Herpetic glossitis,Herpetic glossitis
nejm,all_T=ocr_S=3,902,image_902.jpg,D: Otomycosis,Fracture of the temporal bone
nejm,all_T=ocr_S=3,903,image_903.jpg,B: Flare of systemic lupus erythematosus,Extrapulmonary manifestation of tuberculosis
nejm,all_T=ocr_S=3,904,image_904.jpg,A: Cytomegalovirus retinitis,Papilledema
nejm,all_T=ocr_S=3,905,image_905.jpg,B: Bacterial uveitis,Intraocular parasite infection
nejm,all_T=ocr_S=3,906,image_906.jpg,Rifampin,Voriconazole
nejm,all_T=ocr_S=3,907,image_907.jpg,D: Porphyria cutanea tarda,Porphyria cutanea tarda
nejm,all_T=ocr_S=3,908,image_908.jpg,E: Plasmodium vivax,Plasmodium vivax
nejm,all_T=ocr_S=3,909,image_909.jpg,E: Left anterior descending artery,Left anterior descending artery
nejm,all_T=ocr_S=3,910,image_910.jpg,E: Pompe disease,Lead poisoning
nejm,all_T=ocr_S=3,911,image_911.jpg,A: Conjunctivitis,Symblepharon
nejm,all_T=ocr_S=3,912,image_912.jpg,A: Hemochromatosis,Pelvic spleen
nejm,all_T=ocr_S=3,913,image_913.jpg,COPD,COPD
nejm,all_T=ocr_S=3,914,image_914.jpg,B: Gliomatosis cerebri,Granulomatous amebic encephalitis
nejm,all_T=ocr_S=3,915,image_915.jpg,B: Neurofibromatosis type 1,Tuberous sclerosis
nejm,all_T=ocr_S=3,916,image_916.jpg,"D: Neurofibromatosis, type 1",Familial multiple lipomatosis
nejm,all_T=ocr_S=3,917,image_917.jpg,Hypertrophic cardiomyopathy,Uremic pericarditis
nejm,all_T=ocr_S=3,918,image_918.jpg,Erythema infectiosum,Cold agglutinin disease
nejm,all_T=ocr_S=3,919,image_919.jpg,A: Scleroderma,Calciphylaxis
nejm,all_T=ocr_S=3,920,image_920.jpg,Cushing's syndrome,Pigmentary mosaicism
nejm,all_T=ocr_S=3,921,image_921.jpg,D: Mucocutaneous Epstein–Barr virus,Mycoplasma pneumoniae-associated mucositis
nejm,all_T=ocr_S=3,922,image_922.jpg,B: Plantar wart,Malignant melanoma
nejm,all_T=ocr_S=3,923,image_923.jpg,B: Oropharyngeal fish bone foreign body,Cervical spondyloarthropathy
nejm,all_T=ocr_S=3,924,image_924.jpg,A: Allergic bronchopulmonary aspergillosis,Chronic eosinophilic pneumonia
nejm,all_T=ocr_S=3,925,image_925.jpg,A: Melanoma,Yellow-nail syndrome
nejm,all_T=ocr_S=3,926,image_926.jpg,B: Streptococcal cellulitis with lymphangitis,Streptococcal cellulitis with lymphangitis
nejm,all_T=ocr_S=3,927,image_927.jpg,A: Cauliflower ear,Lepromatous Leprosy
nejm,all_T=ocr_S=3,928,image_928.jpg,B: Hashimoto thyroiditis,Ectopic thyroid
nejm,all_T=ocr_S=3,929,image_929.jpg,C: Immune thrombocytopenia purpura (ITP),Leukemia cutis
nejm,all_T=ocr_S=3,930,image_930.jpg,A: Nasal foreign body,Pituitary tumor
nejm,all_T=ocr_S=3,931,image_931.jpg,B: Median nerve compression,Coronary angiography
nejm,all_T=ocr_S=3,932,image_932.jpg,D: Pityriasis rosea,Secondary syphilis
nejm,all_T=ocr_S=3,933,image_933.jpg,A: Asbestosis,Pneumopericardium
nejm,all_T=ocr_S=3,934,image_934.jpg,D: Stroke,Stroke
nejm,all_T=ocr_S=3,935,image_935.jpg,D: Porphyria cutanea tarda,Porphyria cutanea tarda
nejm,all_T=ocr_S=3,936,image_936.jpg,C,Synovial chondromatosis
nejm,all_T=ocr_S=3,937,image_937.jpg,A: Rheumatoid arthritis,Endocarditis
nejm,all_T=ocr_S=3,938,image_938.jpg,A: Bacterial dermatitis,Bacterial dermatitis
nejm,all_T=ocr_S=3,939,image_939.jpg,A: Androgenic alopecia,Hypothyroidism
nejm,all_T=ocr_S=3,940,image_940.jpg,A: Diabetes mellitus,Diabetes mellitus
nejm,all_T=ocr_S=3,941,image_941.jpg,B: Esophageal acanthosis nigricans,Acute esophageal necrosis
nejm,all_T=ocr_S=3,942,image_942.jpg,D: Manganese repletion,Chelation therapy
nejm,all_T=ocr_S=3,943,image_943.jpg,B: Lung abscess,Diaphragmatic rupture
nejm,all_T=ocr_S=3,944,image_944.jpg,B,Placenta increta
nejm,all_T=ocr_S=3,945,image_945.jpg,C: Erythema ab igne,Erythema ab igne
nejm,all_T=ocr_S=3,946,image_946.jpg,D: Raynaud phenomenon,Erythromelalgia
nejm,all_T=ocr_S=3,947,image_947.jpg,D: Pearly penile papules,Pearly penile papules
