dataset,split,sample_id,file,prediction,label
nejm,all_I=gaussian_noise_S=3,1,image_1.jpg,"Hand, foot, and mouth disease","Hand, foot, and mouth disease"
nejm,all_I=gaussian_noise_S=3,2,image_2.jpg,Lyme disease,Tularemia
nejm,all_I=gaussian_noise_S=3,3,image_3.jpg,Porphyria,Dermatomyositis
nejm,all_I=gaussian_noise_S=3,4,image_4.jpg,Retropharyngeal abscess,Epiglottitis
nejm,all_I=gaussian_noise_S=3,5,image_5.jpg,Food allergy,Frey’s syndrome
nejm,all_I=gaussian_noise_S=3,6,image_6.jpg,Hemiplegia,Hemiplegia
nejm,all_I=gaussian_noise_S=3,7,image_7.jpg,Pericardial effusion,Paraesophageal hernia
nejm,all_I=gaussian_noise_S=3,8,image_8.jpg,Pneumatosis intestinalis,Pneumatosis intestinalis
nejm,all_I=gaussian_noise_S=3,9,image_9.jpg,Separation of the iris,Separation of the iris
nejm,all_I=gaussian_noise_S=3,10,image_10.jpg,Polycystic liver disease,Polycystic liver disease
nejm,all_I=gaussian_noise_S=3,11,image_11.jpg,Lepromatous leprosy,Lepromatous leprosy
nejm,all_I=gaussian_noise_S=3,12,image_12.jpg,Pulmonary embolism,Chondroblastic osteosarcoma
nejm,all_I=gaussian_noise_S=3,13,image_13.jpg,Pseudoclubbing,Pseudoclubbing
nejm,all_I=gaussian_noise_S=3,14,image_14.jpg,Primary hyperoxaluria,Primary hyperoxaluria
nejm,all_I=gaussian_noise_S=3,15,image_15.jpg,Ogilvie’s Syndrome (acute colonic pseudo-obstruction),Cecal volvulus
nejm,all_I=gaussian_noise_S=3,16,image_16.jpg,Varicella,Varicella
nejm,all_I=gaussian_noise_S=3,17,image_17.jpg,Middle cerebral artery stroke,Metronidazole-associated encephalopathy
nejm,all_I=gaussian_noise_S=3,18,image_18.jpg,Knife-cut ulcers from Crohn’s disease,Knife-cut ulcers from Crohn’s disease
nejm,all_I=gaussian_noise_S=3,19,image_19.jpg,Right sixth cranial nerve palsy,Right sixth cranial nerve palsy
nejm,all_I=gaussian_noise_S=3,20,image_20.jpg,Punctate palmoplantar keratoderma,Punctate palmoplantar keratoderma
nejm,all_I=gaussian_noise_S=3,21,image_21.jpg,Arc eye,Coloboma
nejm,all_I=gaussian_noise_S=3,22,image_22.jpg,Chemotherapy,Chemotherapy
nejm,all_I=gaussian_noise_S=3,23,image_23.jpg,Multiple biliary hamartomas,Multiple biliary hamartomas
nejm,all_I=gaussian_noise_S=3,24,image_24.jpg,Leukemia cutis,Graft-versus-host disease
nejm,all_I=gaussian_noise_S=3,25,image_25.jpg,Blastomycosis,Celiac disease
nejm,all_I=gaussian_noise_S=3,26,image_26.jpg,Pyogenic granuloma,Amelanotic melanoma
nejm,all_I=gaussian_noise_S=3,27,image_27.jpg,Thrombotic thrombocytopenic purpura,Thrombotic thrombocytopenic purpura
nejm,all_I=gaussian_noise_S=3,28,image_28.jpg,Intracranial hemorrhage,Meningioma
nejm,all_I=gaussian_noise_S=3,29,image_29.jpg,Inguinal hernia,Metastatic inguinal lymphadenopathy
nejm,all_I=gaussian_noise_S=3,30,image_30.jpg,Minocycline-induced pigmentation,Minocycline-induced pigmentation
nejm,all_I=gaussian_noise_S=3,31,image_31.jpg,Psoriasis,Scabies
nejm,all_I=gaussian_noise_S=3,32,image_32.jpg,Fibrous dysplasia,Osteopetrosis
nejm,all_I=gaussian_noise_S=3,33,image_33.jpg,Lipoid pneumonia,Desquamative interstitial pneumonia
nejm,all_I=gaussian_noise_S=3,34,image_34.jpg,Calciphylaxis,Waldenstrom's macroglobulinemia
nejm,all_I=gaussian_noise_S=3,35,image_35.jpg,Cutaneous leishmaniasis,Esophagogastric bypass
nejm,all_I=gaussian_noise_S=3,36,image_36.jpg,Scabies,Larva currens from Strongyloides
nejm,all_I=gaussian_noise_S=3,37,image_37.jpg,Emphysematous pyelonephritis,Duodenal perforation
nejm,all_I=gaussian_noise_S=3,38,image_38.jpg,Eclampsia,Adrenal mass
nejm,all_I=gaussian_noise_S=3,39,image_39.jpg,Epidermolysis bullosa,Hereditary hemorrhagic telangiectasia
nejm,all_I=gaussian_noise_S=3,40,image_40.jpg,Amiodarone-induced vortex keratopathy,Amiodarone-induced vortex keratopathy
nejm,all_I=gaussian_noise_S=3,41,image_41.jpg,Metastatic adenocarcinoma,Metastatic adenocarcinoma
nejm,all_I=gaussian_noise_S=3,42,image_42.jpg,Malaria,Babesiosis
nejm,all_I=gaussian_noise_S=3,43,image_43.jpg,Keratoconjunctivitis sicca,Vernal keratoconjunctivitis
nejm,all_I=gaussian_noise_S=3,44,image_44.jpg,Herpetic whitlow,Psoriasis
nejm,all_I=gaussian_noise_S=3,45,image_45.jpg,Age-related macular degeneration,Hydroxychloroquine toxicity
nejm,all_I=gaussian_noise_S=3,46,image_46.jpg,Torus palatinus,Torus palatinus
nejm,all_I=gaussian_noise_S=3,47,image_47.jpg,Temozolomide,Dexamethasone
nejm,all_I=gaussian_noise_S=3,48,image_48.jpg,Crohn’s disease,Acute pancreatitis
nejm,all_I=gaussian_noise_S=3,49,image_49.jpg,Follicular thyroid carcinoma,Bleeding into a thyroid nodule
nejm,all_I=gaussian_noise_S=3,50,image_50.jpg,Pyogenic granuloma,Pyogenic granuloma
nejm,all_I=gaussian_noise_S=3,51,image_51.jpg,Repetitive strain,Assault
nejm,all_I=gaussian_noise_S=3,52,image_52.jpg,Tinea versicolor,Tuberculoid leprosy
nejm,all_I=gaussian_noise_S=3,53,image_53.jpg,Thymoma,Vein-graft aneurysms
nejm,all_I=gaussian_noise_S=3,54,image_54.jpg,Mutton-fat keratic precipitates,Iris atrophy
nejm,all_I=gaussian_noise_S=3,55,image_55.jpg,Sarcoidosis,Iron deficiency
nejm,all_I=gaussian_noise_S=3,56,image_56.jpg,Staphylococcal scalded skin syndrome,Leprosy
nejm,all_I=gaussian_noise_S=3,57,image_57.jpg,Pompe's disease,Hypercholesterolemia
nejm,all_I=gaussian_noise_S=3,58,image_58.jpg,Systemic infection,Chronic kidney disease
nejm,all_I=gaussian_noise_S=3,59,image_59.jpg,Achalasia,Achalasia
nejm,all_I=gaussian_noise_S=3,60,image_60.jpg,Ocular toxoplasmosis,Malignant hypertension
nejm,all_I=gaussian_noise_S=3,61,image_61.jpg,Kaposi's sarcoma,Cryptococcosis
nejm,all_I=gaussian_noise_S=3,62,image_62.jpg,Lisch nodules,Lisch nodules
nejm,all_I=gaussian_noise_S=3,63,image_63.jpg,Acromegaly,Acromegaly
nejm,all_I=gaussian_noise_S=3,64,image_64.jpg,Left axillary vein,Left-sided superior vena cava
nejm,all_I=gaussian_noise_S=3,65,image_65.jpg,Escherichia coli,Blastomyces dermatitidis
nejm,all_I=gaussian_noise_S=3,66,image_66.jpg,Relapsing polychondritis,Relapsing polychondritis
nejm,all_I=gaussian_noise_S=3,67,image_67.jpg,Scrofula,Scrofula
nejm,all_I=gaussian_noise_S=3,68,image_68.jpg,Traumatic spondylolisthesis of the axis (hangman’s fracture),Traumatic spondylolisthesis of the axis (hangman’s fracture)
nejm,all_I=gaussian_noise_S=3,69,image_69.jpg,Handling feline waste,Gardening
nejm,all_I=gaussian_noise_S=3,70,image_70.jpg,Hematoma,Melanoma
nejm,all_I=gaussian_noise_S=3,71,image_71.jpg,Sporotrichosis,Actinomycosis
nejm,all_I=gaussian_noise_S=3,72,image_72.jpg,Itraconazole,Itraconazole
nejm,all_I=gaussian_noise_S=3,73,image_73.jpg,Cerebral aneurysm,Chiari I malformation
nejm,all_I=gaussian_noise_S=3,74,image_74.jpg,Primary adrenal insufficiency (Addison’s disease),Primary adrenal insufficiency (Addison’s disease)
nejm,all_I=gaussian_noise_S=3,75,image_75.jpg,Superficial pyoderma,Herpes zoster
nejm,all_I=gaussian_noise_S=3,76,image_76.jpg,Melanoma,Melanoma
nejm,all_I=gaussian_noise_S=3,77,image_77.jpg,Malignant optic nerve prolapse,Fungal endophthalmitis
nejm,all_I=gaussian_noise_S=3,78,image_78.jpg,Psoriasis,Urticaria
nejm,all_I=gaussian_noise_S=3,79,image_79.jpg,Gastrospenic fistulization,Gastrospenic fistulization
nejm,all_I=gaussian_noise_S=3,80,image_80.jpg,Dentinogenesis imperfecta,Neonatal hyperbilirubinemia
nejm,all_I=gaussian_noise_S=3,81,image_81.jpg,Drug eruption,Lichen planus
nejm,all_I=gaussian_noise_S=3,82,image_82.jpg,Elephantiasis,Inguinal hernia
nejm,all_I=gaussian_noise_S=3,83,image_83.jpg,Abscess,Insulin-induced lipohypertrophy
nejm,all_I=gaussian_noise_S=3,84,image_84.jpg,Scheduled nebulized bronchodilators,Cessation of nitrofurantoin
nejm,all_I=gaussian_noise_S=3,85,image_85.jpg,Drug-induced pemphigus,Fixed drug eruption
nejm,all_I=gaussian_noise_S=3,86,image_86.jpg,Cardiac tamponade,Giant right atrium
nejm,all_I=gaussian_noise_S=3,87,image_87.jpg,Rhinophyma,Lupus pernio
nejm,all_I=gaussian_noise_S=3,88,image_88.jpg,Von Hippel-Lindau disease,Von Hippel-Lindau disease
nejm,all_I=gaussian_noise_S=3,89,image_89.jpg,Tungiasis,Myiasis
nejm,all_I=gaussian_noise_S=3,90,image_90.jpg,Left testicular torsion,Left testicular torsion
nejm,all_I=gaussian_noise_S=3,91,image_91.jpg,Pulmonary hypertension,Pulmonary hypertension
nejm,all_I=gaussian_noise_S=3,92,image_92.jpg,Gingival hyperplasia secondary to chemotherapy,Metastasis of colorectal cancer
nejm,all_I=gaussian_noise_S=3,93,image_93.jpg,Pasteurella multocida,Mycobacterium marinum
nejm,all_I=gaussian_noise_S=3,94,image_94.jpg,Mucocele,Syphilitic gumma
nejm,all_I=gaussian_noise_S=3,95,image_95.jpg,Multiple myeloma,Gaucher's disease
nejm,all_I=gaussian_noise_S=3,96,image_96.jpg,Cholesterol crystal embolization,Cholesterol crystal embolization
nejm,all_I=gaussian_noise_S=3,97,image_97.jpg,Condyloma acuminatum,Pearly penile papules
nejm,all_I=gaussian_noise_S=3,98,image_98.jpg,Takayasu arteritis,Polyarteritis nodosa
nejm,all_I=gaussian_noise_S=3,99,image_99.jpg,End-stage renal disease,End-stage renal disease
nejm,all_I=gaussian_noise_S=3,100,image_100.jpg,Abscess,Abscess
nejm,all_I=gaussian_noise_S=3,101,image_101.jpg,Eczema herpeticum,Eczema herpeticum
nejm,all_I=gaussian_noise_S=3,102,image_102.jpg,Warm autoimmune hemolytic anemia,Cold agglutinin syndrome
nejm,all_I=gaussian_noise_S=3,103,image_103.jpg,Calciphylaxis,Scrotal calcinosis
nejm,all_I=gaussian_noise_S=3,104,image_104.jpg,Takayasu’s arteritis,Takayasu’s arteritis
nejm,all_I=gaussian_noise_S=3,105,image_105.jpg,Ectopic gallbladder,Gallbladder volvulus
nejm,all_I=gaussian_noise_S=3,106,image_106.jpg,Vesicolithiasis,Bladder diverticula
nejm,all_I=gaussian_noise_S=3,107,image_107.jpg,Gastrogastric intussusception,Gastrogastric intussusception
nejm,all_I=gaussian_noise_S=3,108,image_108.jpg,Diverticulosis,Pneumatosis cystoides coli
nejm,all_I=gaussian_noise_S=3,109,image_109.jpg,Prompt coronary revascularization,Pericardiocentesis
nejm,all_I=gaussian_noise_S=3,110,image_110.jpg,Poststreptococcal pustulosis,Poststreptococcal pustulosis
nejm,all_I=gaussian_noise_S=3,111,image_111.jpg,Osteoarthritis,Osteoarthritis
nejm,all_I=gaussian_noise_S=3,112,image_112.jpg,Palatine tonsillitis,Antrochoanal polyp
nejm,all_I=gaussian_noise_S=3,113,image_113.jpg,Trypanosomiasis,Trypanosomiasis
nejm,all_I=gaussian_noise_S=3,114,image_114.jpg,Ascending cholangitis,Emphysematous cholecystitis
nejm,all_I=gaussian_noise_S=3,115,image_115.jpg,Peutz-Jeghers syndrome,Peutz-Jeghers syndrome
nejm,all_I=gaussian_noise_S=3,116,image_116.jpg,Chronic granulomatous disease,Chronic granulomatous disease
nejm,all_I=gaussian_noise_S=3,117,image_117.jpg,Myelodysplastic syndrome,Decompensated cirrhosis
nejm,all_I=gaussian_noise_S=3,118,image_118.jpg,Gastric bypass,Gastric bypass
nejm,all_I=gaussian_noise_S=3,119,image_119.jpg,Drug eruption,Sweet’s syndrome
nejm,all_I=gaussian_noise_S=3,120,image_120.jpg,Type II hypersensitivity reaction,Type III hypersensitivity reaction
nejm,all_I=gaussian_noise_S=3,121,image_121.jpg,Sulfonylurea,Alpha-glucosidase inhibitor
nejm,all_I=gaussian_noise_S=3,122,image_122.jpg,Glioblastoma multiforme,Thrombosed intracranial aneurysm
nejm,all_I=gaussian_noise_S=3,123,image_123.jpg,Multiple sclerosis,Multiple sclerosis
nejm,all_I=gaussian_noise_S=3,124,image_124.jpg,Penicillin allergy,Ludwig's angina
nejm,all_I=gaussian_noise_S=3,125,image_125.jpg,Tinea corporis,Syphilis
nejm,all_I=gaussian_noise_S=3,126,image_126.jpg,Retinal vein thrombosis,Malignant hypertension
nejm,all_I=gaussian_noise_S=3,127,image_127.jpg,Praziquantel,Praziquantel
nejm,all_I=gaussian_noise_S=3,128,image_128.jpg,Pruritic urticarial papules and plaques of pregnancy (PUPPP),Pemphigoid gestationis
nejm,all_I=gaussian_noise_S=3,129,image_129.jpg,Basal-cell carcinoma,Squamous-cell carcinoma
nejm,all_I=gaussian_noise_S=3,130,image_130.jpg,Small-bowel volvulus,Small-bowel volvulus
nejm,all_I=gaussian_noise_S=3,131,image_131.jpg,Toxic shock syndrome,Toxic shock syndrome
nejm,all_I=gaussian_noise_S=3,132,image_132.jpg,Epiglottitis,Epiglottitis
nejm,all_I=gaussian_noise_S=3,133,image_133.jpg,Psoriasis,Chemotherapy treatment
nejm,all_I=gaussian_noise_S=3,134,image_134.jpg,Air embolism,Air embolism
nejm,all_I=gaussian_noise_S=3,135,image_135.jpg,Vitamin A deficiency,Vitamin A deficiency
nejm,all_I=gaussian_noise_S=3,136,image_136.jpg,Orf,Anthrax
nejm,all_I=gaussian_noise_S=3,137,image_137.jpg,Bronchial polyposis,Eosinophilic bronchitis
nejm,all_I=gaussian_noise_S=3,138,image_138.jpg,JAK2,JAK2
nejm,all_I=gaussian_noise_S=3,139,image_139.jpg,Osteosarcoma,Scleroderma
nejm,all_I=gaussian_noise_S=3,140,image_140.jpg,Colovesical fistula,Emphysematous prostatitis
nejm,all_I=gaussian_noise_S=3,141,image_141.jpg,Organophosphates,Nitrous oxide
nejm,all_I=gaussian_noise_S=3,142,image_142.jpg,Closed-angle glaucoma,Malignant hypertension
nejm,all_I=gaussian_noise_S=3,143,image_143.jpg,Nocardiosis,Actinomycosis
nejm,all_I=gaussian_noise_S=3,144,image_144.jpg,Small-bowel obstruction,Sigmoid volvulus
nejm,all_I=gaussian_noise_S=3,145,image_145.jpg,Gastric pneumatosis,Gastric pneumatosis
nejm,all_I=gaussian_noise_S=3,146,image_146.jpg,Conjunctival squamous-cell carcinoma,Conjunctival squamous-cell carcinoma
nejm,all_I=gaussian_noise_S=3,147,image_147.jpg,Pruritic plaques of pregnancy,Herpes gestationis
nejm,all_I=gaussian_noise_S=3,148,image_148.jpg,Aquagenic keratoderma,Aquagenic keratoderma
nejm,all_I=gaussian_noise_S=3,149,image_149.jpg,Keloid,Scrotal calcinosis
nejm,all_I=gaussian_noise_S=3,150,image_150.jpg,Vocal-cord granuloma,Carcinoma
nejm,all_I=gaussian_noise_S=3,151,image_151.jpg,Diabetic retinopathy,Lipemia retinalis
nejm,all_I=gaussian_noise_S=3,152,image_152.jpg,Lead poisoning,Lead poisoning
nejm,all_I=gaussian_noise_S=3,153,image_153.jpg,Tetracyclines,Tetracyclines
nejm,all_I=gaussian_noise_S=3,154,image_154.jpg,Meig's syndrome,Thoracic endometriosis
nejm,all_I=gaussian_noise_S=3,155,image_155.jpg,Struvite,Calcium phosphate
nejm,all_I=gaussian_noise_S=3,156,image_156.jpg,Keratoglobus,Keratoconus
nejm,all_I=gaussian_noise_S=3,157,image_157.jpg,Gout,Gout
nejm,all_I=gaussian_noise_S=3,158,image_158.jpg,Right hypoglossal nerve,Left hypoglossal nerve
nejm,all_I=gaussian_noise_S=3,159,image_159.jpg,Erythrasma,Tinea imbricata
nejm,all_I=gaussian_noise_S=3,160,image_160.jpg,Mosquito,Mosquito
nejm,all_I=gaussian_noise_S=3,161,image_161.jpg,Self-flagellation,Treatment with bleomycin
nejm,all_I=gaussian_noise_S=3,162,image_162.jpg,Langerhans-cell histiocytosis,Langerhans-cell histiocytosis
nejm,all_I=gaussian_noise_S=3,163,image_163.jpg,Central retinal vein occlusion,Cholesterol embolism
nejm,all_I=gaussian_noise_S=3,164,image_164.jpg,Onychomycosis,Squamous-cell carcinoma
nejm,all_I=gaussian_noise_S=3,165,image_165.jpg,Renal cryptococcosis,Renal cryptococcosis
nejm,all_I=gaussian_noise_S=3,166,image_166.jpg,Leptospirosis,Tungiasis
nejm,all_I=gaussian_noise_S=3,167,image_167.jpg,Hypothyroidism,Coronary artery disease
nejm,all_I=gaussian_noise_S=3,168,image_168.jpg,Liver abscess,Liver abscess
nejm,all_I=gaussian_noise_S=3,169,image_169.jpg,Interlabial cyst,Hydrocolpos
nejm,all_I=gaussian_noise_S=3,170,image_170.jpg,Hemianopia,Hemiparesis
nejm,all_I=gaussian_noise_S=3,171,image_171.jpg,Punctate psoriasis,Keratoderma
nejm,all_I=gaussian_noise_S=3,172,image_172.jpg,Chronic lung allograft dysfunction,Parvovirus B19 infection
nejm,all_I=gaussian_noise_S=3,173,image_173.jpg,Polyarteritis nodosa,Polyarteritis nodosa
nejm,all_I=gaussian_noise_S=3,174,image_174.jpg,Duodenal atresia,Pyloric stenosis
nejm,all_I=gaussian_noise_S=3,175,image_175.jpg,HIV IgM antibody,HIV nucleic acid test
nejm,all_I=gaussian_noise_S=3,176,image_176.jpg,Urate,Oxalate
nejm,all_I=gaussian_noise_S=3,177,image_177.jpg,Guttate psoriasis,Pemphigus vulgaris
nejm,all_I=gaussian_noise_S=3,178,image_178.jpg,Plasmodium falciparum,Trypanosoma brucei
nejm,all_I=gaussian_noise_S=3,179,image_179.jpg,Drug-Eluting Bead Embolism,Drug-Eluting Bead Embolism
nejm,all_I=gaussian_noise_S=3,180,image_180.jpg,Toxocara canis,Dirofilaria repens
nejm,all_I=gaussian_noise_S=3,181,image_181.jpg,Oral lichen planus,Giant-cell arteritis
nejm,all_I=gaussian_noise_S=3,182,image_182.jpg,Atlanto-axial subluxation,Atlanto-occipital dislocation
nejm,all_I=gaussian_noise_S=3,183,image_183.jpg,Chickenpox,Chickenpox
nejm,all_I=gaussian_noise_S=3,184,image_184.jpg,Aspiration pneumonia,Bronchoesophageal fistula
nejm,all_I=gaussian_noise_S=3,185,image_185.jpg,Williams syndrome,Turner syndrome
nejm,all_I=gaussian_noise_S=3,186,image_186.jpg,Rickets,Paget's disease
nejm,all_I=gaussian_noise_S=3,187,image_187.jpg,Traumatic fibroma,Squamous-cell carcinoma
nejm,all_I=gaussian_noise_S=3,188,image_188.jpg,Fibrolipomatous hamartoma of ulnar nerve,Mycobacterial tenosynovitis due to Mycobacterium avium complex
nejm,all_I=gaussian_noise_S=3,189,image_189.jpg,Osteitis fibrosa,Calcinos
nejm,all_I=gaussian_noise_S=3,190,image_190.jpg,Mucocele,Lipoma
nejm,all_I=gaussian_noise_S=3,191,image_191.jpg,Familial hypercholesterolemia,Kawasaki's disease
nejm,all_I=gaussian_noise_S=3,192,image_192.jpg,Pulmonary silicosis,Multiple bacterial abscesses
nejm,all_I=gaussian_noise_S=3,193,image_193.jpg,Lymphogranuloma venereum,Hidradenitis suppurativa
nejm,all_I=gaussian_noise_S=3,194,image_194.jpg,Thyrotropin receptor antibodies,Thyrotropin receptor antibodies
nejm,all_I=gaussian_noise_S=3,195,image_195.jpg,Pterygium,Loa loa
nejm,all_I=gaussian_noise_S=3,196,image_196.jpg,Pneumopericardium,Pneumopericardium
nejm,all_I=gaussian_noise_S=3,197,image_197.jpg,Erythema marginatum,Erythema marginatum
nejm,all_I=gaussian_noise_S=3,198,image_198.jpg,Serpentine supravenous hyperpigmentation,Serpentine supravenous hyperpigmentation
nejm,all_I=gaussian_noise_S=3,199,image_199.jpg,Psoriasis,Tinea
nejm,all_I=gaussian_noise_S=3,200,image_200.jpg,Light-near dissociation,Light-near dissociation
nejm,all_I=gaussian_noise_S=3,201,image_201.jpg,Rib metastases,Supernumerary rib
nejm,all_I=gaussian_noise_S=3,202,image_202.jpg,Polychondritis,Polychondritis
nejm,all_I=gaussian_noise_S=3,203,image_203.jpg,Hemophagocytosis of sickle cells,Hemophagocytosis of sickle cells
nejm,all_I=gaussian_noise_S=3,204,image_204.jpg,Cushing's syndrome,Hypogonadism
nejm,all_I=gaussian_noise_S=3,205,image_205.jpg,Pericardial effusion,Esophageal diverticulum
nejm,all_I=gaussian_noise_S=3,206,image_206.jpg,Hidradinitis suppurativa,Pseudoxanthoma elasticum
nejm,all_I=gaussian_noise_S=3,207,image_207.jpg,Amyloid angiopathy,Hereditary hemorrhagic telangiectasia
nejm,all_I=gaussian_noise_S=3,208,image_208.jpg,Mitral and tricuspid valves,Aortic and mitral valves
nejm,all_I=gaussian_noise_S=3,209,image_209.jpg,Median nerve palsy,Albright's hereditary osteodystrophy
nejm,all_I=gaussian_noise_S=3,210,image_210.jpg,Infection with Vibrio vulnificus,Polyarteritis nodosa
nejm,all_I=gaussian_noise_S=3,211,image_211.jpg,Osteogenesis imperfecta,Osteogenesis imperfecta
nejm,all_I=gaussian_noise_S=3,212,image_212.jpg,Alzheimer's disease,Normal-pressure hydrocephalus
nejm,all_I=gaussian_noise_S=3,213,image_213.jpg,Elevated opening pressure,Elevated opening pressure
nejm,all_I=gaussian_noise_S=3,214,image_214.jpg,Addison's disease,Insulin resistance
nejm,all_I=gaussian_noise_S=3,215,image_215.jpg,Lymphangitis,Electrocution
nejm,all_I=gaussian_noise_S=3,216,image_216.jpg,Myxoid sarcoma,Cysticercosis
nejm,all_I=gaussian_noise_S=3,217,image_217.jpg,Acute hemorrhagic conjunctivitis,Leptospirosis
nejm,all_I=gaussian_noise_S=3,218,image_218.jpg,Necrobiosis lipoidica diabeticorum,Ischemic gangrene
nejm,all_I=gaussian_noise_S=3,219,image_219.jpg,Inflammatory breast cancer,Carcinoma en cuirasse
nejm,all_I=gaussian_noise_S=3,220,image_220.jpg,Scabies,Scabies
nejm,all_I=gaussian_noise_S=3,221,image_221.jpg,Ground-glass opacity,Air bronchogram
nejm,all_I=gaussian_noise_S=3,222,image_222.jpg,Echinococcal cysts,Echinococcal cysts
nejm,all_I=gaussian_noise_S=3,223,image_223.jpg,Chondrocalcinosis,Chondrocalcinosis
nejm,all_I=gaussian_noise_S=3,224,image_224.jpg,Myocarditis,Stenosis of the left anterior descending artery
nejm,all_I=gaussian_noise_S=3,225,image_225.jpg,Papillomatosis cutis lymphostatica,Papillomatosis cutis lymphostatica
nejm,all_I=gaussian_noise_S=3,226,image_226.jpg,Ovarian torsion,Fallopian tube torsion
nejm,all_I=gaussian_noise_S=3,227,image_227.jpg,Rhinophyma,Rhinophyma
nejm,all_I=gaussian_noise_S=3,228,image_228.jpg,Dermoid,Dermoid
nejm,all_I=gaussian_noise_S=3,229,image_229.jpg,Erythrodermic psoriasis,Erythrodermic psoriasis
nejm,all_I=gaussian_noise_S=3,230,image_230.jpg,Prolapse of orbital fat,Prolapse of orbital fat
nejm,all_I=gaussian_noise_S=3,231,image_231.jpg,Poland syndrome,Poland syndrome
nejm,all_I=gaussian_noise_S=3,232,image_232.jpg,Lingua villosa nigra,Lingua villosa nigra
nejm,all_I=gaussian_noise_S=3,233,image_233.jpg,Interventricular septum,Intercostal muscle
nejm,all_I=gaussian_noise_S=3,234,image_234.jpg,Gastric bezoar,Gastric cancer
nejm,all_I=gaussian_noise_S=3,235,image_235.jpg,Somatotropic pituitary adenoma,Somatotropic pituitary adenoma
nejm,all_I=gaussian_noise_S=3,236,image_236.jpg,Parvovirus B19,Treponema pallidum
nejm,all_I=gaussian_noise_S=3,237,image_237.jpg,Leukemic infiltration of the gingiva,Leukemic infiltration of the gingiva
nejm,all_I=gaussian_noise_S=3,238,image_238.jpg,Necrobiosis lipoidica diabeticorum,Necrolytic migratory erythema
nejm,all_I=gaussian_noise_S=3,239,image_239.jpg,Closed-angle glaucoma,Waldenström’s macroglobulinemia
nejm,all_I=gaussian_noise_S=3,240,image_240.jpg,Straddle pelvic fracture,Open-book fracture
nejm,all_I=gaussian_noise_S=3,241,image_241.jpg,Tinea barbae,Tinea barbae
nejm,all_I=gaussian_noise_S=3,242,image_242.jpg,"Hand, foot, and mouth disease",Herpetic whitlow
nejm,all_I=gaussian_noise_S=3,243,image_243.jpg,Aortic aneurysm,Urinary retention
nejm,all_I=gaussian_noise_S=3,244,image_244.jpg,Pneumothorax,Pneumothorax
nejm,all_I=gaussian_noise_S=3,245,image_245.jpg,Juvenile xanthogranuloma,Persistent pupillary membranes
nejm,all_I=gaussian_noise_S=3,246,image_246.jpg,Odontogenic cutaneous fistula,Odontogenic cutaneous fistula
nejm,all_I=gaussian_noise_S=3,247,image_247.jpg,Lipodermatosclerosis,Superficial thrombophlebitis
nejm,all_I=gaussian_noise_S=3,248,image_248.jpg,Molluscum contagiosum,Molluscum contagiosum
nejm,all_I=gaussian_noise_S=3,249,image_249.jpg,Cutaneous leishmaniasis,Cutaneous leishmaniasis
nejm,all_I=gaussian_noise_S=3,250,image_250.jpg,Giant-cell arteritis,Giant-cell arteritis
nejm,all_I=gaussian_noise_S=3,251,image_251.jpg,Antisynthetase syndrome,Antisynthetase syndrome
nejm,all_I=gaussian_noise_S=3,252,image_252.jpg,Nummular eczema,Nummular eczema
nejm,all_I=gaussian_noise_S=3,253,image_253.jpg,Superficial thrombophlebitis,Acute lymphangitis
nejm,all_I=gaussian_noise_S=3,254,image_254.jpg,Graves' disease,Rheumatoid arthritis
nejm,all_I=gaussian_noise_S=3,255,image_255.jpg,Sublingual epidermoid cyst,Sublingual epidermoid cyst
nejm,all_I=gaussian_noise_S=3,256,image_256.jpg,Miliary tuberculosis,Sarcoidosis
nejm,all_I=gaussian_noise_S=3,257,image_257.jpg,Herpes simplex,Syphilis
nejm,all_I=gaussian_noise_S=3,258,image_258.jpg,"Small coins (e.g., a penny)",Foreign bodies that have been present for longer than 24 hours
nejm,all_I=gaussian_noise_S=3,259,image_259.jpg,Electrical alternans,Cardiac allograft
nejm,all_I=gaussian_noise_S=3,260,image_260.jpg,Phlegmasia cerulea dolens,Phlegmasia cerulea dolens
nejm,all_I=gaussian_noise_S=3,261,image_261.jpg,Measles,Measles
nejm,all_I=gaussian_noise_S=3,262,image_262.jpg,Calcific band keratopathy,Vernal conjunctivitis
nejm,all_I=gaussian_noise_S=3,263,image_263.jpg,Pericardial space,Left ventricle
nejm,all_I=gaussian_noise_S=3,264,image_264.jpg,Bilirubin,Bilirubin
nejm,all_I=gaussian_noise_S=3,265,image_265.jpg,Acromegaly,Eisenmenger's syndrome
nejm,all_I=gaussian_noise_S=3,266,image_266.jpg,Polycystic kidney disease,Page kidney
nejm,all_I=gaussian_noise_S=3,267,image_267.jpg,Ileal intussusception,Ulcerative colitis
nejm,all_I=gaussian_noise_S=3,268,image_268.jpg,Geographic tongue,Geographic tongue
nejm,all_I=gaussian_noise_S=3,269,image_269.jpg,Multiple Myeloma,Bone marrow necrosis
nejm,all_I=gaussian_noise_S=3,270,image_270.jpg,Permethrin,Permethrin
nejm,all_I=gaussian_noise_S=3,271,image_271.jpg,Hypothyroidism,Hypothyroidism
nejm,all_I=gaussian_noise_S=3,272,image_272.jpg,Preeclampsia,Preeclampsia
nejm,all_I=gaussian_noise_S=3,273,image_273.jpg,Senile ileus,Intestinal lipomatosis
nejm,all_I=gaussian_noise_S=3,274,image_274.jpg,Temporal arteritis,Cholesterol emboli
nejm,all_I=gaussian_noise_S=3,275,image_275.jpg,Aphthous stomatitis,Herpes zoster
nejm,all_I=gaussian_noise_S=3,276,image_276.jpg,Sporotrichosis,Sporotrichosis
nejm,all_I=gaussian_noise_S=3,277,image_277.jpg,Central retinal artery occlusion,Central retinal artery occlusion
nejm,all_I=gaussian_noise_S=3,278,image_278.jpg,Hematometrocolpos,Hematometrocolpos
nejm,all_I=gaussian_noise_S=3,279,image_279.jpg,Superior vena cava syndrome,Superior vena cava syndrome
nejm,all_I=gaussian_noise_S=3,280,image_280.jpg,Myeloma,Cirrhosis
nejm,all_I=gaussian_noise_S=3,281,image_281.jpg,Ménétrier’s disease,Ménétrier’s disease
nejm,all_I=gaussian_noise_S=3,282,image_282.jpg,Pseudothrombocytopenia due to plate clumping associated with EDTA,Pseudothrombocytosis due to red cell fragments
nejm,all_I=gaussian_noise_S=3,283,image_283.jpg,Anterior uveitis,Carotid cavernous sinus fistula
nejm,all_I=gaussian_noise_S=3,284,image_284.jpg,Plastic bronchitis,Plastic bronchitis
nejm,all_I=gaussian_noise_S=3,285,image_285.jpg,Hernia,Intraabdominal cancer
nejm,all_I=gaussian_noise_S=3,286,image_286.jpg,Rosacea,Rosacea
nejm,all_I=gaussian_noise_S=3,287,image_287.jpg,Abdominal aortic aneurysm,Urachal mucinous cystic tumor
nejm,all_I=gaussian_noise_S=3,288,image_288.jpg,Quadriplegia,Quadriplegia
nejm,all_I=gaussian_noise_S=3,289,image_289.jpg,Retinitis pigmentosa,Marfan’s syndrome
nejm,all_I=gaussian_noise_S=3,290,image_290.jpg,Sclerosing sialadenitis,Sclerosing sialadenitis
nejm,all_I=gaussian_noise_S=3,291,image_291.jpg,Cardiac amyloidosis,Angiosarcoma
nejm,all_I=gaussian_noise_S=3,292,image_292.jpg,Chronic venous insufficiency,Chronic venous insufficiency
nejm,all_I=gaussian_noise_S=3,293,image_293.jpg,Pyogenic granuloma,Torus mandibularis
nejm,all_I=gaussian_noise_S=3,294,image_294.jpg,Spindle-cell sarcoma,Spindle-cell sarcoma
nejm,all_I=gaussian_noise_S=3,295,image_295.jpg,Spleen,Stomach
nejm,all_I=gaussian_noise_S=3,296,image_296.jpg,Cogan’s syndrome,Cogan’s syndrome
nejm,all_I=gaussian_noise_S=3,297,image_297.jpg,Salbutamol,Ipratropium
nejm,all_I=gaussian_noise_S=3,298,image_298.jpg,Diabetic bullae,Eruptive xanthomas
nejm,all_I=gaussian_noise_S=3,299,image_299.jpg,Sialolithiasis,Iodide-associated sialadenitis
nejm,all_I=gaussian_noise_S=3,300,image_300.jpg,Peritoneal carcinomatosis,Encapsulating peritoneal sclerosis
nejm,all_I=gaussian_noise_S=3,301,image_301.jpg,Beta2-microglobulin,Calcitonin
nejm,all_I=gaussian_noise_S=3,302,image_302.jpg,Acromegaly,Primary hypertrophic osteoarthropathy
nejm,all_I=gaussian_noise_S=3,303,image_303.jpg,Congenital cytomegalovirus infection,Congenital cytomegalovirus infection
nejm,all_I=gaussian_noise_S=3,304,image_304.jpg,Left anterior descending artery occlusion,Right coronary artery occlusion
nejm,all_I=gaussian_noise_S=3,305,image_305.jpg,Tracheal agenesis with bronchoesophageal fistula,Tracheal agenesis with bronchoesophageal fistula
nejm,all_I=gaussian_noise_S=3,306,image_306.jpg,Prolactin,Angiotensin-converting enzyme
nejm,all_I=gaussian_noise_S=3,307,image_307.jpg,Shingles,Neurofibromatosis
nejm,all_I=gaussian_noise_S=3,308,image_308.jpg,Polyarteritis nodosa,Systemic lupus erythematosus
nejm,all_I=gaussian_noise_S=3,309,image_309.jpg,Granulomatosis with polyangiitis,Granulomatosis with polyangiitis
nejm,all_I=gaussian_noise_S=3,310,image_310.jpg,Cisplatin overdose,Ethylene glycol poisoning
nejm,all_I=gaussian_noise_S=3,311,image_311.jpg,Trichobezoar,Ascariasis
nejm,all_I=gaussian_noise_S=3,312,image_312.jpg,Epstein-Barr virus,Group A streptococcus
nejm,all_I=gaussian_noise_S=3,313,image_313.jpg,Retinopathy of prematurity,Shaken-baby syndrome
nejm,all_I=gaussian_noise_S=3,314,image_314.jpg,Sweet’s syndrome,Exanthematous pustulosis
nejm,all_I=gaussian_noise_S=3,315,image_315.jpg,Infectious mononucleosis,Rubella
nejm,all_I=gaussian_noise_S=3,316,image_316.jpg,Tropical pyoderma,Cutaneous leishmaniasis
nejm,all_I=gaussian_noise_S=3,317,image_317.jpg,Thrombotic vasculopathy,Thrombotic vasculopathy
nejm,all_I=gaussian_noise_S=3,318,image_318.jpg,Scalded skin syndrome,Herpes simplex virus infection
nejm,all_I=gaussian_noise_S=3,319,image_319.jpg,Plummer Vinson syndrome,Eosinophilic esophagitis
nejm,all_I=gaussian_noise_S=3,320,image_320.jpg,Pharyngeal foreign body,Prevertebral air
nejm,all_I=gaussian_noise_S=3,321,image_321.jpg,Cows,Cats
nejm,all_I=gaussian_noise_S=3,322,image_322.jpg,Lymphoma,Histoplasmosis
nejm,all_I=gaussian_noise_S=3,323,image_323.jpg,Paragonimiasis,Paragonimiasis
nejm,all_I=gaussian_noise_S=3,324,image_324.jpg,Brachial artery stenosis,Fibromuscular dysplasia
nejm,all_I=gaussian_noise_S=3,325,image_325.jpg,Condylomata acuminata,Condylomata lata
nejm,all_I=gaussian_noise_S=3,326,image_326.jpg,Paget's disease,Adrenal insufficiency
nejm,all_I=gaussian_noise_S=3,327,image_327.jpg,Vitamin B12 deficiency,Vitamin B12 deficiency
nejm,all_I=gaussian_noise_S=3,328,image_328.jpg,Ostraceous psoriasis,Ostraceous psoriasis
nejm,all_I=gaussian_noise_S=3,329,image_329.jpg,Squamous-cell carcinoma,Squamous-cell carcinoma
nejm,all_I=gaussian_noise_S=3,330,image_330.jpg,Conn’s syndrome,Primary adrenal lymphoma
nejm,all_I=gaussian_noise_S=3,331,image_331.jpg,Spider angioma,Spider angioma
nejm,all_I=gaussian_noise_S=3,332,image_332.jpg,Yaws,Actinomycetoma
nejm,all_I=gaussian_noise_S=3,333,image_333.jpg,Malignant melanoma,Halo nevus
nejm,all_I=gaussian_noise_S=3,334,image_334.jpg,Amiodarone-induced skin discoloration,Amiodarone-induced skin discoloration
nejm,all_I=gaussian_noise_S=3,335,image_335.jpg,Leukemia,Leukemia
nejm,all_I=gaussian_noise_S=3,336,image_336.jpg,Rocky Mountain spotted fever,Tickborne relapsing fever
nejm,all_I=gaussian_noise_S=3,337,image_337.jpg,Erythema gyratum repens,Erythema gyratum repens
nejm,all_I=gaussian_noise_S=3,338,image_338.jpg,Thromboangiitis obliterans,Deep venous thrombosis
nejm,all_I=gaussian_noise_S=3,339,image_339.jpg,Chlamydial pneumonia,Bordetella pertussis
nejm,all_I=gaussian_noise_S=3,340,image_340.jpg,Hyperparathyroidism,Ingestion of a heavy metal
nejm,all_I=gaussian_noise_S=3,341,image_341.jpg,Tophaceous gout,Tophaceous gout
nejm,all_I=gaussian_noise_S=3,342,image_342.jpg,Intussusception,Internal hernia
nejm,all_I=gaussian_noise_S=3,343,image_343.jpg,Colonic pseudo-obstruction,Colocolonic intussusception
nejm,all_I=gaussian_noise_S=3,344,image_344.jpg,Renal cortical necrosis,Cholesterol crystals
nejm,all_I=gaussian_noise_S=3,345,image_345.jpg,Pulmonary-artery dissection,Pulmonary-artery dissection
nejm,all_I=gaussian_noise_S=3,346,image_346.jpg,Metastatic small cell lung carcinoma,Beta-thalassemia
nejm,all_I=gaussian_noise_S=3,347,image_347.jpg,"Consumption of undercooked, infected fish","Consumption of undercooked, infected beef"
nejm,all_I=gaussian_noise_S=3,348,image_348.jpg,Pemphigus vulgaris,Neutrophilic dermatosis
nejm,all_I=gaussian_noise_S=3,349,image_349.jpg,Calcium,Alkaline phosphatase
nejm,all_I=gaussian_noise_S=3,350,image_350.jpg,Ogilvie’s syndrome,Ogilvie’s syndrome
nejm,all_I=gaussian_noise_S=3,351,image_351.jpg,Melanoma,Toxoplasmosis
nejm,all_I=gaussian_noise_S=3,352,image_352.jpg,Ochronosis,Fluorouracil side effect
nejm,all_I=gaussian_noise_S=3,353,image_353.jpg,Epidermoid cyst,Furuncular myiasis
nejm,all_I=gaussian_noise_S=3,354,image_354.jpg,Sarcoidosis,Sarcoidosis
nejm,all_I=gaussian_noise_S=3,355,image_355.jpg,Radial keratotomy,Radial keratotomy
nejm,all_I=gaussian_noise_S=3,356,image_356.jpg,Nephrostomy tube,Uterine perforation
nejm,all_I=gaussian_noise_S=3,357,image_357.jpg,Creutzfeld-Jakob disease,Creutzfeld-Jakob disease
nejm,all_I=gaussian_noise_S=3,358,image_358.jpg,Pneumoconiosis,Tobacco
nejm,all_I=gaussian_noise_S=3,359,image_359.jpg,Metastatic lung cancer,Metastatic lung cancer
nejm,all_I=gaussian_noise_S=3,360,image_360.jpg,Radiation-induced angiosarcoma,Radiation-induced angiosarcoma
nejm,all_I=gaussian_noise_S=3,361,image_361.jpg,Pemphigoid gestationis,Atopic eruption of pregnancy
nejm,all_I=gaussian_noise_S=3,362,image_362.jpg,Riboflavin,Niacin
nejm,all_I=gaussian_noise_S=3,363,image_363.jpg,Autoimmune hemolytic anemia,Spur-cell hemolytic anemia
nejm,all_I=gaussian_noise_S=3,364,image_364.jpg,Cutaneous larva migrans,Cutaneous larva migrans
nejm,all_I=gaussian_noise_S=3,365,image_365.jpg,Herpes simplex virus infection,Treponema pallidum infection
nejm,all_I=gaussian_noise_S=3,366,image_366.jpg,Erythema infectiosum,Insect bite
nejm,all_I=gaussian_noise_S=3,367,image_367.jpg,Diaphragm,Diaphragm
nejm,all_I=gaussian_noise_S=3,368,image_368.jpg,Pneumothorax,Lung herniation
nejm,all_I=gaussian_noise_S=3,369,image_369.jpg,Congenital adrenal hyperplasia,Spinal dysraphism
nejm,all_I=gaussian_noise_S=3,370,image_370.jpg,Klippel-Trénaunay syndrome,Infant harlequin syndrome
nejm,all_I=gaussian_noise_S=3,371,image_371.jpg,Dental abscess,Mandibular fracture
nejm,all_I=gaussian_noise_S=3,372,image_372.jpg,Panniculitis,Panniculitis
nejm,all_I=gaussian_noise_S=3,373,image_373.jpg,Peutz–Jeghers syndrome,Peutz–Jeghers syndrome
nejm,all_I=gaussian_noise_S=3,374,image_374.jpg,Candida,Secondary syphilis
nejm,all_I=gaussian_noise_S=3,375,image_375.jpg,Inverted Q wave,Osborn wave
nejm,all_I=gaussian_noise_S=3,376,image_376.jpg,Kawasaki disease,Staphylococcal scalded skin
nejm,all_I=gaussian_noise_S=3,377,image_377.jpg,Insulin lipohypertrophy,Insulin lipohypertrophy
nejm,all_I=gaussian_noise_S=3,378,image_378.jpg,Tinea capitis,Actinic granuloma
nejm,all_I=gaussian_noise_S=3,379,image_379.jpg,Neurocysticercosis,Cystic echinococcosis
nejm,all_I=gaussian_noise_S=3,380,image_380.jpg,Alcohol dependency,Alcohol dependency
nejm,all_I=gaussian_noise_S=3,381,image_381.jpg,Multiple iris nevi,Lisch nodules
nejm,all_I=gaussian_noise_S=3,382,image_382.jpg,Zinc,Zinc
nejm,all_I=gaussian_noise_S=3,383,image_383.jpg,Thrombocytosis,Eosinophilia
nejm,all_I=gaussian_noise_S=3,384,image_384.jpg,Lupus retinal vasculitis,Antiphospholipid syndrome
nejm,all_I=gaussian_noise_S=3,385,image_385.jpg,Subdural hematoma,Epidural hematoma
nejm,all_I=gaussian_noise_S=3,386,image_386.jpg,Pancreatic phlegmon,Trichobezoar
nejm,all_I=gaussian_noise_S=3,387,image_387.jpg,Osteitis fibrosa cystica,Osteomalacia
nejm,all_I=gaussian_noise_S=3,388,image_388.jpg,Polyarteritis nodosa vasculitis,Lymphoma
nejm,all_I=gaussian_noise_S=3,389,image_389.jpg,Bone scan,Bone scan
nejm,all_I=gaussian_noise_S=3,390,image_390.jpg,Thyroid cancer,Gastric cancer
nejm,all_I=gaussian_noise_S=3,391,image_391.jpg,Drug-induced reaction,Malakoplakia
nejm,all_I=gaussian_noise_S=3,392,image_392.jpg,Prolactinoma,Prolactinoma
nejm,all_I=gaussian_noise_S=3,393,image_393.jpg,Systemic lupus erythematosus,Systemic lupus erythematosus
nejm,all_I=gaussian_noise_S=3,394,image_394.jpg,Hemorrhagic episcleritis,Traumatic bleb
nejm,all_I=gaussian_noise_S=3,395,image_395.jpg,Soft-tissue calcinosis,Soft-tissue calcinosis
nejm,all_I=gaussian_noise_S=3,396,image_396.jpg,Epidermodysplasia verruciformis,Chromoblastomycosis
nejm,all_I=gaussian_noise_S=3,397,image_397.jpg,Flail chest,Pectus excavatum
nejm,all_I=gaussian_noise_S=3,398,image_398.jpg,Tuberculosis,Tuberculosis
nejm,all_I=gaussian_noise_S=3,399,image_399.jpg,Androgenic alopecia,Fibrosing alopecia
nejm,all_I=gaussian_noise_S=3,400,image_400.jpg,Ludwig’s angina,Ludwig’s angina
nejm,all_I=gaussian_noise_S=3,401,image_401.jpg,Nephrogenic fibrosing dermopathy,Nephrogenic fibrosing dermopathy
nejm,all_I=gaussian_noise_S=3,402,image_402.jpg,Lingual carcinoma,Hypoglossal nerve injury
nejm,all_I=gaussian_noise_S=3,403,image_403.jpg,Cystic echinococcosis,Cystic echinococcosis
nejm,all_I=gaussian_noise_S=3,404,image_404.jpg,Congestive heart failure,Congestive heart failure
nejm,all_I=gaussian_noise_S=3,405,image_405.jpg,Scleroderma,Scleroderma
nejm,all_I=gaussian_noise_S=3,406,image_406.jpg,Malassezia furfur,Corynebacterium minutissimum
nejm,all_I=gaussian_noise_S=3,407,image_407.jpg,Hydropneumothorax,Hydropneumothorax
nejm,all_I=gaussian_noise_S=3,408,image_408.jpg,Calcium pyrophosphate deposition disease,Gout
nejm,all_I=gaussian_noise_S=3,409,image_409.jpg,Drug reaction with eosinophilia and systemic symptoms,Drug reaction with eosinophilia and systemic symptoms
nejm,all_I=gaussian_noise_S=3,410,image_410.jpg,Raynaud disease,Subclavian vein thrombosis
nejm,all_I=gaussian_noise_S=3,411,image_411.jpg,Infantile hepatic hemangiomas,Infantile hepatic hemangiomas
nejm,all_I=gaussian_noise_S=3,412,image_412.jpg,Cryptococcus neoformans,Histoplasma capsulatum
nejm,all_I=gaussian_noise_S=3,413,image_413.jpg,Cerebriform nevus sebaceous,Cerebriform nevus sebaceous
nejm,all_I=gaussian_noise_S=3,414,image_414.jpg,Dubin-Johnson syndrome,Metastatic colon cancer
nejm,all_I=gaussian_noise_S=3,415,image_415.jpg,Psoriasis,Vitiligo
nejm,all_I=gaussian_noise_S=3,416,image_416.jpg,Pheochromocytoma,Carcinoid syndrome
nejm,all_I=gaussian_noise_S=3,417,image_417.jpg,Congenital melanocytic nevus,Congenital melanocytic nevus
nejm,all_I=gaussian_noise_S=3,418,image_418.jpg,Marfan’s syndrome,Multiple endocrine neoplasia type 2B
nejm,all_I=gaussian_noise_S=3,419,image_419.jpg,Scrofula,Peripancreatic malignancy
nejm,all_I=gaussian_noise_S=3,420,image_420.jpg,Immature cataract,Intraocular tumor
nejm,all_I=gaussian_noise_S=3,421,image_421.jpg,Cryptococcal meningitis,Cryptococcal meningitis
nejm,all_I=gaussian_noise_S=3,422,image_422.jpg,Beta-blocker,Angiotensin converting-enzyme inhibitor
nejm,all_I=gaussian_noise_S=3,423,image_423.jpg,Plantar warts,Plantar warts
nejm,all_I=gaussian_noise_S=3,424,image_424.jpg,Addison's disease,Diabetes mellitus
nejm,all_I=gaussian_noise_S=3,425,image_425.jpg,Glycogenic acanthosis,Nodular lymphoid hyperplasia
nejm,all_I=gaussian_noise_S=3,426,image_426.jpg,Peritonsillar abscess,Retropharyngeal abscess
nejm,all_I=gaussian_noise_S=3,427,image_427.jpg,Chloroquine,Chloroquine
nejm,all_I=gaussian_noise_S=3,428,image_428.jpg,Diffuse cutaneous systemic sclerosis,Diffuse cutaneous systemic sclerosis
nejm,all_I=gaussian_noise_S=3,429,image_429.jpg,Chronic constipation,Diabetes mellitus
nejm,all_I=gaussian_noise_S=3,430,image_430.jpg,Apply cervical collar to stabilize the neck,Leave the foreign object in place
nejm,all_I=gaussian_noise_S=3,431,image_431.jpg,Thromboangiitis obliterans,Ergotism
nejm,all_I=gaussian_noise_S=3,432,image_432.jpg,Osteopetrosis,Ankylosing spondylitis
nejm,all_I=gaussian_noise_S=3,433,image_433.jpg,Endocrine system,Respiratory system
nejm,all_I=gaussian_noise_S=3,434,image_434.jpg,Bullous ichthyosiform erythroderma,Harlequin color change
nejm,all_I=gaussian_noise_S=3,435,image_435.jpg,Benign tonsillar hypertrophy,Tonsillar cancer
nejm,all_I=gaussian_noise_S=3,436,image_436.jpg,Acute pulmonary embolism,Ascending aortic aneurysm
nejm,all_I=gaussian_noise_S=3,437,image_437.jpg,Congenital nevus,Congenital nevus
nejm,all_I=gaussian_noise_S=3,438,image_438.jpg,Vibrio vulnificus,Vibrio vulnificus
nejm,all_I=gaussian_noise_S=3,439,image_439.jpg,Atypical antipsychotic,Protease inhibitor
nejm,all_I=gaussian_noise_S=3,440,image_440.jpg,Wernicke’s encephalopathy,Wernicke’s encephalopathy
nejm,all_I=gaussian_noise_S=3,441,image_441.jpg,Gastrointestinal lymphoma,Superior mesenteric artery syndrome
nejm,all_I=gaussian_noise_S=3,442,image_442.jpg,Mucocele,Mucocele
nejm,all_I=gaussian_noise_S=3,443,image_443.jpg,Herpes simplex virus,Varicella-zoster virus
nejm,all_I=gaussian_noise_S=3,444,image_444.jpg,Myasthenia gravis,Myasthenia gravis
nejm,all_I=gaussian_noise_S=3,445,image_445.jpg,Aspiration pneumonia,Pleural perforation
nejm,all_I=gaussian_noise_S=3,446,image_446.jpg,Lactational mastitis,Polymastia
nejm,all_I=gaussian_noise_S=3,447,image_447.jpg,Paronychia,Gout
nejm,all_I=gaussian_noise_S=3,448,image_448.jpg,Penicillin or azithromycin,Aspirin and intravenous immune globulin
nejm,all_I=gaussian_noise_S=3,449,image_449.jpg,Glucocorticoid induced ulceration,Extranodal natural killer T-cell lymphoma
nejm,all_I=gaussian_noise_S=3,450,image_450.jpg,Amyloidosis,Celiac disease
nejm,all_I=gaussian_noise_S=3,451,image_451.jpg,Pellagra,Amyotrophic lateral sclerosis
nejm,all_I=gaussian_noise_S=3,452,image_452.jpg,Sjogren's syndrome,Uveoparotid fever
nejm,all_I=gaussian_noise_S=3,453,image_453.jpg,Pyoderma gangrenosum,Anti-MDA5 dermatomyositis
nejm,all_I=gaussian_noise_S=3,454,image_454.jpg,Recurrent breast cancer,Cellulitis
nejm,all_I=gaussian_noise_S=3,455,image_455.jpg,Acute mesenteric ischemia,Intraabdominal hernia
nejm,all_I=gaussian_noise_S=3,456,image_456.jpg,Acute dacryocystitis,Acute dacryocystitis
nejm,all_I=gaussian_noise_S=3,457,image_457.jpg,Anti-Hu antibody,Anti-Hu antibody
nejm,all_I=gaussian_noise_S=3,458,image_458.jpg,Crusted scabies,Crusted scabies
nejm,all_I=gaussian_noise_S=3,459,image_459.jpg,Schistosoma hematobium,Schistosoma hematobium
nejm,all_I=gaussian_noise_S=3,460,image_460.jpg,Atlantoaxial dislocation,Epiglottitis
nejm,all_I=gaussian_noise_S=3,461,image_461.jpg,Erythema multiforme,Urticaria multiforme
nejm,all_I=gaussian_noise_S=3,462,image_462.jpg,Tetracycline,Tetracycline
nejm,all_I=gaussian_noise_S=3,463,image_463.jpg,Cortisol,Alkaline phosphatase
nejm,all_I=gaussian_noise_S=3,464,image_464.jpg,Neutrophilic eccrine hidradenitis,Neutrophilic eccrine hidradenitis
nejm,all_I=gaussian_noise_S=3,465,image_465.jpg,"Right hemiparesis, gaze deviated to the right","Left hemiparesis, gaze deviated to the right"
nejm,all_I=gaussian_noise_S=3,466,image_466.jpg,Lead exposure,Lead exposure
nejm,all_I=gaussian_noise_S=3,467,image_467.jpg,Necrolytic migratory erythema,Necrolytic migratory erythema
nejm,all_I=gaussian_noise_S=3,468,image_468.jpg,Livedo reticularis,Erythema ab igne
nejm,all_I=gaussian_noise_S=3,469,image_469.jpg,Lupus pernio,Phototoxic dermatitis
nejm,all_I=gaussian_noise_S=3,470,image_470.jpg,Laryngeal candidiasis,Laryngeal candidiasis
nejm,all_I=gaussian_noise_S=3,471,image_471.jpg,Zenker's diverticulum,Zenker's diverticulum
nejm,all_I=gaussian_noise_S=3,472,image_472.jpg,Trousseau’s syndrome,Mondor’s disease
nejm,all_I=gaussian_noise_S=3,473,image_473.jpg,Posterior reversible encephalopathy syndrome,Posterior reversible encephalopathy syndrome
nejm,all_I=gaussian_noise_S=3,474,image_474.jpg,Carpal tunnel syndrome,Systemic sclerosis
nejm,all_I=gaussian_noise_S=3,475,image_475.jpg,"Hypercalcemia, hypophosphatemia, and hyperkalemia","Hypocalcemia, hypophosphatemia, and hyperkalemia"
nejm,all_I=gaussian_noise_S=3,476,image_476.jpg,Legg–Calvé–Perthes disease,Legg–Calvé–Perthes disease
nejm,all_I=gaussian_noise_S=3,477,image_477.jpg,Decompression sickness,Decompression sickness
nejm,all_I=gaussian_noise_S=3,478,image_478.jpg,Porphyria cutanea tarda,Porphyria cutanea tarda
nejm,all_I=gaussian_noise_S=3,479,image_479.jpg,Graves' disease,Graves' disease
nejm,all_I=gaussian_noise_S=3,480,image_480.jpg,Congenital adrenal hyperplasia,Congenital adrenal hyperplasia
nejm,all_I=gaussian_noise_S=3,481,image_481.jpg,Cutaneous metastases,Cutaneous metastases
nejm,all_I=gaussian_noise_S=3,482,image_482.jpg,Thromboangiitis obliterans,Thromboangiitis obliterans
nejm,all_I=gaussian_noise_S=3,483,image_483.jpg,Retinoblastoma,Cataract
nejm,all_I=gaussian_noise_S=3,484,image_484.jpg,Hashimoto's disease,Atherosclerosis
nejm,all_I=gaussian_noise_S=3,485,image_485.jpg,Tuberculosis,Situs inversus totalis
nejm,all_I=gaussian_noise_S=3,486,image_486.jpg,Hypertensive retinopathy,Hypertriglyceridemia
nejm,all_I=gaussian_noise_S=3,487,image_487.jpg,Peritonsillar abscess,Obstructive parotitis
nejm,all_I=gaussian_noise_S=3,488,image_488.jpg,Ischemic colitis,Ischemic colitis
nejm,all_I=gaussian_noise_S=3,489,image_489.jpg,Small-cell lung cancer,Small-cell lung cancer
nejm,all_I=gaussian_noise_S=3,490,image_490.jpg,Capillaria,Strongyloides stercoralis
nejm,all_I=gaussian_noise_S=3,491,image_491.jpg,Xylazine,Xylazine
nejm,all_I=gaussian_noise_S=3,492,image_492.jpg,Parathyroid carcinoma,Hodgkin's lymphoma
nejm,all_I=gaussian_noise_S=3,493,image_493.jpg,Hepatitis C virus infection,Brucellosis
nejm,all_I=gaussian_noise_S=3,494,image_494.jpg,Thyroid eye disease,IgG4-related ophthalmic disease
nejm,all_I=gaussian_noise_S=3,495,image_495.jpg,Periodontitis,Dermatomyositis
nejm,all_I=gaussian_noise_S=3,496,image_496.jpg,Mucormycosis,Curvularia alcornii
nejm,all_I=gaussian_noise_S=3,497,image_497.jpg,Bulbar palsy,Romberg's sign
nejm,all_I=gaussian_noise_S=3,498,image_498.jpg,Acinetobacter baumannii,Klebsiella rhinoscleromatis
nejm,all_I=gaussian_noise_S=3,499,image_499.jpg,Lingual artery thrombosis,Tissue plasminogen activator-associated angioedema
nejm,all_I=gaussian_noise_S=3,500,image_500.jpg,Temporal quadrantanopsia,Inferior hemifield loss
nejm,all_I=gaussian_noise_S=3,501,image_501.jpg,Systemic lupus erythematosus,Infective endocarditis
nejm,all_I=gaussian_noise_S=3,502,image_502.jpg,Nephrogenic systemic fibrosis,Nephrogenic systemic fibrosis
nejm,all_I=gaussian_noise_S=3,503,image_503.jpg,Ungal melanoma,Splinter hemorrhages
nejm,all_I=gaussian_noise_S=3,504,image_504.jpg,Leprosy,Leprosy
nejm,all_I=gaussian_noise_S=3,505,image_505.jpg,Baker's cyst,Abscess
nejm,all_I=gaussian_noise_S=3,506,image_506.jpg,Dirofilaria repens infection,Dirofilaria repens infection
nejm,all_I=gaussian_noise_S=3,507,image_507.jpg,Cushing's syndrome,Paraneoplastic disorder
nejm,all_I=gaussian_noise_S=3,508,image_508.jpg,Perirenal extramedullary hematopoiesis,Perirenal extramedullary hematopoiesis
nejm,all_I=gaussian_noise_S=3,509,image_509.jpg,Marfan's syndrome,Bulimia nervosa
nejm,all_I=gaussian_noise_S=3,510,image_510.jpg,Chromomycosis,Iododerma
nejm,all_I=gaussian_noise_S=3,511,image_511.jpg,Retinoblastoma,Retinoblastoma
nejm,all_I=gaussian_noise_S=3,512,image_512.jpg,Intestinal obstruction,Perforation of a viscus
nejm,all_I=gaussian_noise_S=3,513,image_513.jpg,Polymyositis,Dermatomyositis
nejm,all_I=gaussian_noise_S=3,514,image_514.jpg,Acromegaly,Lipomatosis
nejm,all_I=gaussian_noise_S=3,515,image_515.jpg,Nevus comedonicus,Nevus comedonicus
nejm,all_I=gaussian_noise_S=3,516,image_516.jpg,Oral hairy leukoplakia,Uremic stomatitis
nejm,all_I=gaussian_noise_S=3,517,image_517.jpg,Paget's disease,Systemic sclerosis
nejm,all_I=gaussian_noise_S=3,518,image_518.jpg,Chronic venous stasis,Chronic venous stasis
nejm,all_I=gaussian_noise_S=3,519,image_519.jpg,Sjögren's syndrome,Sjögren's syndrome
nejm,all_I=gaussian_noise_S=3,520,image_520.jpg,Thyroglossal duct cyst,Thyroglossal duct cyst
nejm,all_I=gaussian_noise_S=3,521,image_521.jpg,Sarcoidosis,Wegener's granulomatosis
nejm,all_I=gaussian_noise_S=3,522,image_522.jpg,Necrobiosis lipoidica,Necrobiosis lipoidica
nejm,all_I=gaussian_noise_S=3,523,image_523.jpg,Lingual artery,Lingual artery
nejm,all_I=gaussian_noise_S=3,524,image_524.jpg,Cerebral toxoplasmosis,Nocardia asteroides infection
nejm,all_I=gaussian_noise_S=3,525,image_525.jpg,Von Willebrand disease,Achenbach’s syndrome
nejm,all_I=gaussian_noise_S=3,526,image_526.jpg,Chancroid,Herpes vegetans
nejm,all_I=gaussian_noise_S=3,527,image_527.jpg,Cushing's syndrome,Thrombosis of the inferior vena cava
nejm,all_I=gaussian_noise_S=3,528,image_528.jpg,Verrucous carcinoma,Human papillomavirus
nejm,all_I=gaussian_noise_S=3,529,image_529.jpg,Spinal muscular atrophy,Tay-Sachs disease
nejm,all_I=gaussian_noise_S=3,530,image_530.jpg,Restrictive lung disease,Intrathoracic localized obstruction
nejm,all_I=gaussian_noise_S=3,531,image_531.jpg,Hereditary angioedema,Thromboembolism
nejm,all_I=gaussian_noise_S=3,532,image_532.jpg,Colonic volvulus,Pneumoperitoneum
nejm,all_I=gaussian_noise_S=3,533,image_533.jpg,Heberden’s nodes,Jaccoud’s arthropathy
nejm,all_I=gaussian_noise_S=3,534,image_534.jpg,Behçet’s disease,Cytomegalovirus infection
nejm,all_I=gaussian_noise_S=3,535,image_535.jpg,Paget's disease,Renal tubular acidosis
nejm,all_I=gaussian_noise_S=3,536,image_536.jpg,Vitamin B6,Zinc
nejm,all_I=gaussian_noise_S=3,537,image_537.jpg,Cold agglutinins,Cold agglutinins
nejm,all_I=gaussian_noise_S=3,538,image_538.jpg,Hemorrhoids,Enterobiasis
nejm,all_I=gaussian_noise_S=3,539,image_539.jpg,Digital ischemia,Digital ischemia
nejm,all_I=gaussian_noise_S=3,540,image_540.jpg,Croup,Croup
nejm,all_I=gaussian_noise_S=3,541,image_541.jpg,Disseminated cutaneous blastomycosis,Disseminated cutaneous blastomycosis
nejm,all_I=gaussian_noise_S=3,542,image_542.jpg,Otitis externa,Frey's syndrome
nejm,all_I=gaussian_noise_S=3,543,image_543.jpg,Hemorrhagic cerebral metastasis,Cerebral cavernous malformations
nejm,all_I=gaussian_noise_S=3,544,image_544.jpg,Prescribe nystatin,Counsel patient to stop smoking
nejm,all_I=gaussian_noise_S=3,545,image_545.jpg,Tolosa-Hunt syndrome,Multiple myeloma
nejm,all_I=gaussian_noise_S=3,546,image_546.jpg,Defect in glucuronidation leading to hyperbilirubinemia,About 50% of the serum bilirubin is conjugated
nejm,all_I=gaussian_noise_S=3,547,image_547.jpg,Hampton’s hump,Hampton’s hump
nejm,all_I=gaussian_noise_S=3,548,image_548.jpg,Leukemia cutis,Cryoglobulinemic vasculitis
nejm,all_I=gaussian_noise_S=3,549,image_549.jpg,Papillary thyroid cancer,Ectopic thyroid
nejm,all_I=gaussian_noise_S=3,550,image_550.jpg,Acute angle-closure glaucoma,Acute angle-closure glaucoma
nejm,all_I=gaussian_noise_S=3,551,image_551.jpg,Plasmodium vivax,Plasmodium vivax
nejm,all_I=gaussian_noise_S=3,552,image_552.jpg,Somatostatinoma,Glucagonoma
nejm,all_I=gaussian_noise_S=3,553,image_553.jpg,Langerhans cell histiocytosis,Erdheim–Chester disease
nejm,all_I=gaussian_noise_S=3,554,image_554.jpg,Pulmonary echinococcosis,Splenic cyst
nejm,all_I=gaussian_noise_S=3,555,image_555.jpg,Vitiligo,Tinea versicolor
nejm,all_I=gaussian_noise_S=3,556,image_556.jpg,Cobalamin (vitamin B12) deficiency,Pellagra
nejm,all_I=gaussian_noise_S=3,557,image_557.jpg,Pediculus humanus corporis,Pthirus pubis
nejm,all_I=gaussian_noise_S=3,558,image_558.jpg,Diffuse alveolar hemorrhage,Pulmonary alveolar microlithiasis
nejm,all_I=gaussian_noise_S=3,559,image_559.jpg,Trichophyton rubrum infection,Pseudomonas aeruginosa infection
nejm,all_I=gaussian_noise_S=3,560,image_560.jpg,Penile contusion,Penile fracture
nejm,all_I=gaussian_noise_S=3,561,image_561.jpg,HIV-associated diffuse large B-cell lymphoma,Disseminated Mycobacterium avium–intracellulare infection
nejm,all_I=gaussian_noise_S=3,562,image_562.jpg,Psoralen,Erlotinib
nejm,all_I=gaussian_noise_S=3,563,image_563.jpg,Schatzki ring,Adenocarcinoma
nejm,all_I=gaussian_noise_S=3,564,image_564.jpg,Melanoma,Melanoma
nejm,all_I=gaussian_noise_S=3,565,image_565.jpg,Umbilical hernia,Sister Mary Joseph's nodule
nejm,all_I=gaussian_noise_S=3,566,image_566.jpg,Methemoglobinemia,Fluorescent dye
nejm,all_I=gaussian_noise_S=3,567,image_567.jpg,Pulmonary embolism,Pulmonary embolism
nejm,all_I=gaussian_noise_S=3,568,image_568.jpg,Osgood–Schlatter disease,Osgood–Schlatter disease
nejm,all_I=gaussian_noise_S=3,569,image_569.jpg,Pneumomediastinum,Pneumomediastinum
nejm,all_I=gaussian_noise_S=3,570,image_570.jpg,Granulomatous iritis,Prominent iris collarette
nejm,all_I=gaussian_noise_S=3,571,image_571.jpg,Malignant acanthosis nigricans,Malignant acanthosis nigricans
nejm,all_I=gaussian_noise_S=3,572,image_572.jpg,Rhinophyma,Tuberous sclerosis
nejm,all_I=gaussian_noise_S=3,573,image_573.jpg,Bilirubin elevation,Elevated protein
nejm,all_I=gaussian_noise_S=3,574,image_574.jpg,Norwegian scabies,Malignant syphilis
nejm,all_I=gaussian_noise_S=3,575,image_575.jpg,Trichuris trichiura,Diphyllobothrium latum
nejm,all_I=gaussian_noise_S=3,576,image_576.jpg,Sarcoidosis,Mycobacterium marinum
nejm,all_I=gaussian_noise_S=3,577,image_577.jpg,Right lower lobe,Left upper lobe
nejm,all_I=gaussian_noise_S=3,578,image_578.jpg,Candidiasis,Herpes zoster
nejm,all_I=gaussian_noise_S=3,579,image_579.jpg,Familial exudative vitreoretinopathy,X-linked retinoschisis
nejm,all_I=gaussian_noise_S=3,580,image_580.jpg,Paget's disease,Pneumocephalus
nejm,all_I=gaussian_noise_S=3,581,image_581.jpg,Pseudohypoparathyroidism,Albright's hereditary osteodystrophy
nejm,all_I=gaussian_noise_S=3,582,image_582.jpg,Ankylosing spondylitis,Fluorosis
nejm,all_I=gaussian_noise_S=3,583,image_583.jpg,Nocardia asteroides,Fusobacterium necrophorum
nejm,all_I=gaussian_noise_S=3,584,image_584.jpg,Dupuytren's contracture,Dupuyten's contracture
nejm,all_I=gaussian_noise_S=3,585,image_585.jpg,Keratoconus,Wilson's disease
nejm,all_I=gaussian_noise_S=3,586,image_586.jpg,Infective endocarditis,Infective endocarditis
nejm,all_I=gaussian_noise_S=3,587,image_587.jpg,Cholesterol emboli,Cholesterol emboli
nejm,all_I=gaussian_noise_S=3,588,image_588.jpg,Non-small-cell lung cancer,Oleothorax
nejm,all_I=gaussian_noise_S=3,589,image_589.jpg,Slipped capital femoral epiphysis,Slipped capital femoral epiphysis
nejm,all_I=gaussian_noise_S=3,590,image_590.jpg,Tsetse fly,Chrysops fly
nejm,all_I=gaussian_noise_S=3,591,image_591.jpg,Hemochromatosis,Diffuse melanosis cutis
nejm,all_I=gaussian_noise_S=3,592,image_592.jpg,Calcium oxalate and triple phosphate (struvite) crystals,Cystine and triple phosphate (struvite) crystals
nejm,all_I=gaussian_noise_S=3,593,image_593.jpg,Cicatricial pemphigoid,Herpes zoster
nejm,all_I=gaussian_noise_S=3,594,image_594.jpg,Streptococcal pharyngitis,Streptococcal pharyngitis
nejm,all_I=gaussian_noise_S=3,595,image_595.jpg,Pneumothorax,Substernal goiter
nejm,all_I=gaussian_noise_S=3,596,image_596.jpg,Speckled lentiginous nevus,Becker’s nevus
nejm,all_I=gaussian_noise_S=3,597,image_597.jpg,Short rib polydactyly syndrome,Paternal uniparental disomy 14 (UDP 14 pat) thoracic dysplasia
nejm,all_I=gaussian_noise_S=3,598,image_598.jpg,Cecal volvulus,Small-bowel obstruction
nejm,all_I=gaussian_noise_S=3,599,image_599.jpg,Fetal alcohol syndrome,Neonatal thyrotoxicosis
nejm,all_I=gaussian_noise_S=3,600,image_600.jpg,Lichen planus,Bulimia nervosa
nejm,all_I=gaussian_noise_S=3,601,image_601.jpg,Neurocysticercosis,Neurocysticercosis
nejm,all_I=gaussian_noise_S=3,602,image_602.jpg,Pterygium,Papilloma
nejm,all_I=gaussian_noise_S=3,603,image_603.jpg,Scabies,Fordyce's angiokeratomas
nejm,all_I=gaussian_noise_S=3,604,image_604.jpg,Pyoderma gangrenosum,Cutaneous diphtheria
nejm,all_I=gaussian_noise_S=3,605,image_605.jpg,Trichuris trichiura,Enterobius vermicularis
nejm,all_I=gaussian_noise_S=3,606,image_606.jpg,Human botfly,Tumbu fly
nejm,all_I=gaussian_noise_S=3,607,image_607.jpg,Neonatal herpes simplex virus,Neonatal herpes simplex virus
nejm,all_I=gaussian_noise_S=3,608,image_608.jpg,Psoriasis,Erythrasma
nejm,all_I=gaussian_noise_S=3,609,image_609.jpg,Bisphosphonates,Bisphosphonates
nejm,all_I=gaussian_noise_S=3,610,image_610.jpg,Cutis marmorata,Livedo reticularis
nejm,all_I=gaussian_noise_S=3,611,image_611.jpg,Impetigo,Varicella
nejm,all_I=gaussian_noise_S=3,612,image_612.jpg,Talaromyces marneffei,Talaromyces marneffei
nejm,all_I=gaussian_noise_S=3,613,image_613.jpg,Leprosy,Leishmaniasis
nejm,all_I=gaussian_noise_S=3,614,image_614.jpg,Herpes simplex virus type 1,Coxsackie virus type A16
nejm,all_I=gaussian_noise_S=3,615,image_615.jpg,Retrobulbar abscess,Hydatid cyst
nejm,all_I=gaussian_noise_S=3,616,image_616.jpg,Condyloma acuminatum,Vestibular papillomatosis
nejm,all_I=gaussian_noise_S=3,617,image_617.jpg,Dislocation of the lens,Dislocation of the lens
nejm,all_I=gaussian_noise_S=3,618,image_618.jpg,Raynaud's phenomenon,Raynaud's phenomenon
nejm,all_I=gaussian_noise_S=3,619,image_619.jpg,Tungiasis,Tungiasis
nejm,all_I=gaussian_noise_S=3,620,image_620.jpg,Caput Medusae,Caput Medusae
nejm,all_I=gaussian_noise_S=3,621,image_621.jpg,Left anterior descending,Left main stem
nejm,all_I=gaussian_noise_S=3,622,image_622.jpg,"Hand, foot, and mouth disease","Hand, foot, and mouth disease"
nejm,all_I=gaussian_noise_S=3,623,image_623.jpg,Auditory polyp,Cholesteatoma
nejm,all_I=gaussian_noise_S=3,624,image_624.jpg,Bartholin gland cyst,Gartner duct cyst
nejm,all_I=gaussian_noise_S=3,625,image_625.jpg,Palmar erythema of pregnancy,Palmar erythema of pregnancy
nejm,all_I=gaussian_noise_S=3,626,image_626.jpg,Intestinal perforation,Mesenteric ischemia
nejm,all_I=gaussian_noise_S=3,627,image_627.jpg,Cutaneous larva migrans,Cutaneous larva migrans
nejm,all_I=gaussian_noise_S=3,628,image_628.jpg,Allergic conjunctivitis,Ophthalmomyiasis
nejm,all_I=gaussian_noise_S=3,629,image_629.jpg,Right ventricle,Left atrium
nejm,all_I=gaussian_noise_S=3,630,image_630.jpg,Tension pneumothorax,Tension pneumothorax
nejm,all_I=gaussian_noise_S=3,631,image_631.jpg,Achalasia,Nutcracker esophagus
nejm,all_I=gaussian_noise_S=3,632,image_632.jpg,Uveal melanoma,Uveal melanoma
nejm,all_I=gaussian_noise_S=3,633,image_633.jpg,Proliferative diabetic retinopathy,Proliferative diabetic retinopathy
nejm,all_I=gaussian_noise_S=3,634,image_634.jpg,Right fascicular block,Hyperkalemia
nejm,all_I=gaussian_noise_S=3,635,image_635.jpg,Triatomine bug,Triatomine bug
nejm,all_I=gaussian_noise_S=3,636,image_636.jpg,Reexpansion pulmonary edema,Reexpansion pulmonary edema
nejm,all_I=gaussian_noise_S=3,637,image_637.jpg,Ameelanotic melanoma,Amelanotic melanoma
nejm,all_I=gaussian_noise_S=3,638,image_638.jpg,Scleroderma,Eosinophilic fasciitis
nejm,all_I=gaussian_noise_S=3,639,image_639.jpg,Baking powder,Sugar
nejm,all_I=gaussian_noise_S=3,640,image_640.jpg,Calvarial osteomyelitis,Sickle cell disease
nejm,all_I=gaussian_noise_S=3,641,image_641.jpg,Pyogenic aortitis due to Salmonella enteritidis,Emphysematous aortitis due to Clostridium septicum
nejm,all_I=gaussian_noise_S=3,642,image_642.jpg,Cutaneous larva migrans,Lung cancer
nejm,all_I=gaussian_noise_S=3,643,image_643.jpg,Herpes simplex virus infection,Herpes simplex virus infection
nejm,all_I=gaussian_noise_S=3,644,image_644.jpg,Lithium,Palifermin
nejm,all_I=gaussian_noise_S=3,645,image_645.jpg,Radiation recall,Radiation recall
nejm,all_I=gaussian_noise_S=3,646,image_646.jpg,Immune thrombocytopenic purpura,Scurvy
nejm,all_I=gaussian_noise_S=3,647,image_647.jpg,Psoriasis,Keratoderma blennorrhagicum
nejm,all_I=gaussian_noise_S=3,648,image_648.jpg,Granuloma annulare,Tinea faciei
nejm,all_I=gaussian_noise_S=3,649,image_649.jpg,Herpes simplex infection,Inflammatory bowel disease
nejm,all_I=gaussian_noise_S=3,650,image_650.jpg,Autosomal dominant polycystic kidney disease,Autosomal dominant polycystic kidney disease
nejm,all_I=gaussian_noise_S=3,651,image_651.jpg,Pulmonary embolism,Azygous vein
nejm,all_I=gaussian_noise_S=3,652,image_652.jpg,Pustular rosacea,Subcorneal pustular dermatosis
nejm,all_I=gaussian_noise_S=3,653,image_653.jpg,Paget’s disease,Multiple myeloma
nejm,all_I=gaussian_noise_S=3,654,image_654.jpg,Megaloblastic anemia,Chronic lead poisoning
nejm,all_I=gaussian_noise_S=3,655,image_655.jpg,Verrucae vulgaris,Periungual fibroma
nejm,all_I=gaussian_noise_S=3,656,image_656.jpg,Herpes zoster due to virus reactivation,Miliaria crystallina
nejm,all_I=gaussian_noise_S=3,657,image_657.jpg,Graves' disease,Graves' disease
nejm,all_I=gaussian_noise_S=3,658,image_658.jpg,Vitamin D excess,Langerhans'-cell histiocytosis
nejm,all_I=gaussian_noise_S=3,659,image_659.jpg,Chronic lymphocytic leukemia,Gaucher’s disease
nejm,all_I=gaussian_noise_S=3,660,image_660.jpg,Psoriasis,Chemotherapy
nejm,all_I=gaussian_noise_S=3,661,image_661.jpg,Leukoplakia,Leukoplakia
nejm,all_I=gaussian_noise_S=3,662,image_662.jpg,Thalassemia minor,Glucose-6-phosphate dehydrogenase deficiency
nejm,all_I=gaussian_noise_S=3,663,image_663.jpg,Oral leukoplakia,Verrucous carcinoma
nejm,all_I=gaussian_noise_S=3,664,image_664.jpg,Leukemia cutis,Fusariosis
nejm,all_I=gaussian_noise_S=3,665,image_665.jpg,Hyphema,Hyphema
nejm,all_I=gaussian_noise_S=3,666,image_666.jpg,"Hand, foot, and mouth disease",Herpes zoster
nejm,all_I=gaussian_noise_S=3,667,image_667.jpg,Systemic sclerosis,Systemic sclerosis
nejm,all_I=gaussian_noise_S=3,668,image_668.jpg,Duodenal atresia,Hirschsprung’s disease
nejm,all_I=gaussian_noise_S=3,669,image_669.jpg,Melanocytic nevi,Seborrheic keratoses
nejm,all_I=gaussian_noise_S=3,670,image_670.jpg,Non-small-cell lung cancer,Sarcoidosis
nejm,all_I=gaussian_noise_S=3,671,image_671.jpg,Tinea capitis,Tinea capitis
nejm,all_I=gaussian_noise_S=3,672,image_672.jpg,Rheumatic heart disease,Rheumatic heart disease
nejm,all_I=gaussian_noise_S=3,673,image_673.jpg,Multiple myeloma (MM),Acute promyelocytic leukemia (APL)
nejm,all_I=gaussian_noise_S=3,674,image_674.jpg,Malignant syphilis,Malignant syphilis
nejm,all_I=gaussian_noise_S=3,675,image_675.jpg,Omphalith,Endometrioma
nejm,all_I=gaussian_noise_S=3,676,image_676.jpg,Varicocele,Varicocele
nejm,all_I=gaussian_noise_S=3,677,image_677.jpg,Pitted keratolysis,Keratoderma blenorrhagicum
nejm,all_I=gaussian_noise_S=3,678,image_678.jpg,Erythema ab igne,Onchocerciasis
nejm,all_I=gaussian_noise_S=3,679,image_679.jpg,Orbital wall fracture,Intraocular lens dislocation
nejm,all_I=gaussian_noise_S=3,680,image_680.jpg,Neuroblastoma,Neuroblastoma
nejm,all_I=gaussian_noise_S=3,681,image_681.jpg,Periocular atopic dermatitis,Lyme disease
nejm,all_I=gaussian_noise_S=3,682,image_682.jpg,Iridodialysis,Silicone oil hyperoleon
nejm,all_I=gaussian_noise_S=3,683,image_683.jpg,Takayasu's arteritis,Osteoporosis
nejm,all_I=gaussian_noise_S=3,684,image_684.jpg,Onychomycosis,Metastasis
nejm,all_I=gaussian_noise_S=3,685,image_685.jpg,Neurocysticercosis,Neurocysticercosis
nejm,all_I=gaussian_noise_S=3,686,image_686.jpg,IgG4-related disease arteritis,IgG4-related disease arteritis
nejm,all_I=gaussian_noise_S=3,687,image_687.jpg,Nocardiosis,Adenocarcinoma
nejm,all_I=gaussian_noise_S=3,688,image_688.jpg,Paget's disease,Diabetes mellitus
nejm,all_I=gaussian_noise_S=3,689,image_689.jpg,Flemingo’s flush sign,Pemberton’s sign
nejm,all_I=gaussian_noise_S=3,690,image_690.jpg,Scapular subluxation,Palsy of the long thoracic nerve
nejm,all_I=gaussian_noise_S=3,691,image_691.jpg,Purpura fulminans,Purpura fulminans
nejm,all_I=gaussian_noise_S=3,692,image_692.jpg,Diurese the patient and then obtain a repeat chest radiograph,Diurese the patient and then obtain a repeat chest radiograph
nejm,all_I=gaussian_noise_S=3,693,image_693.jpg,Rosacea,Seborrheic dermatitis
nejm,all_I=gaussian_noise_S=3,694,image_694.jpg,IgA anti-tissue transglutaminase,Antineutrophil cytoplasmic autoantibody
nejm,all_I=gaussian_noise_S=3,695,image_695.jpg,Eruptive xanthomas,Eruptive xanthomas
nejm,all_I=gaussian_noise_S=3,696,image_696.jpg,Glomus tympanicum,Glomus tympanicum
nejm,all_I=gaussian_noise_S=3,697,image_697.jpg,Gastrointestinal amyloidosis,Gastrointestinal amyloidosis
nejm,all_I=gaussian_noise_S=3,698,image_698.jpg,Aspergillosis,Plombage
nejm,all_I=gaussian_noise_S=3,699,image_699.jpg,Measles,Measles
nejm,all_I=gaussian_noise_S=3,700,image_700.jpg,Bullous impetigo,Linear IgA bullous dermatosis
nejm,all_I=gaussian_noise_S=3,701,image_701.jpg,Bilateral peritonsillar abscesses,Bilateral peritonsillar abscesses
nejm,all_I=gaussian_noise_S=3,702,image_702.jpg,Coccidioidomycosis,Sarcoidosis
nejm,all_I=gaussian_noise_S=3,703,image_703.jpg,Pneumonia,Pulmonary embolism
nejm,all_I=gaussian_noise_S=3,704,image_704.jpg,Disseminated aspergillosis,Disseminated coccidioidomycosis
nejm,all_I=gaussian_noise_S=3,705,image_705.jpg,Amyloid purpura,Amyloid purpura
nejm,all_I=gaussian_noise_S=3,706,image_706.jpg,Cat scratch disease,Tuberculosis
nejm,all_I=gaussian_noise_S=3,707,image_707.jpg,Lymphangioleiomyomatosis,Lymphangioleiomyomatosis
nejm,all_I=gaussian_noise_S=3,708,image_708.jpg,Ketamine,Cocaine
nejm,all_I=gaussian_noise_S=3,709,image_709.jpg,Pontine stroke,Basilar artery aneurysm
nejm,all_I=gaussian_noise_S=3,710,image_710.jpg,Bismuth poisoning,Lead poisoning
nejm,all_I=gaussian_noise_S=3,711,image_711.jpg,Carpal tunnel syndrome,Radial artery thrombosis
nejm,all_I=gaussian_noise_S=3,712,image_712.jpg,Copper,Gold
nejm,all_I=gaussian_noise_S=3,713,image_713.jpg,Quadriceps tendon ruptures,Quadriceps tendon ruptures
nejm,all_I=gaussian_noise_S=3,714,image_714.jpg,Right staghorn calculus,Right ureterovesical calculus
nejm,all_I=gaussian_noise_S=3,715,image_715.jpg,Bilateral cryptorchidism,Retroperitoneal hemorrhage
nejm,all_I=gaussian_noise_S=3,716,image_716.jpg,Benign essential blepharospasm,Myasthenia gravis
nejm,all_I=gaussian_noise_S=3,717,image_717.jpg,Pyoderma gangrenosum,Pyoderma gangrenosum
nejm,all_I=gaussian_noise_S=3,718,image_718.jpg,Median rhomboid glossitis,Median rhomboid glossitis
nejm,all_I=gaussian_noise_S=3,719,image_719.jpg,Herpetic whitlow,Spider bite
nejm,all_I=gaussian_noise_S=3,720,image_720.jpg,Bowel infarction,Bowel infarction
nejm,all_I=gaussian_noise_S=3,721,image_721.jpg,Narrow angle glaucoma,Narrow angle glaucoma
nejm,all_I=gaussian_noise_S=3,722,image_722.jpg,Pseudomelanosis duodeni,Pseudomelanosis duodeni
nejm,all_I=gaussian_noise_S=3,723,image_723.jpg,Macular degeneration,Ocular myiasis
nejm,all_I=gaussian_noise_S=3,724,image_724.jpg,Hypophosphatasia,Colon cancer
nejm,all_I=gaussian_noise_S=3,725,image_725.jpg,Calcium pyrophosphate dihydrate,Cholesterol
nejm,all_I=gaussian_noise_S=3,726,image_726.jpg,Palmoplantar keratoderma,Tripe palms
nejm,all_I=gaussian_noise_S=3,727,image_727.jpg,Fluoroquinolone antibiotic,Fluoroquinolone antibiotic
nejm,all_I=gaussian_noise_S=3,728,image_728.jpg,Mitral-valve repair,Mitral-valve repair
nejm,all_I=gaussian_noise_S=3,729,image_729.jpg,Sarcoidosis,Non–small-cell lung cancer
nejm,all_I=gaussian_noise_S=3,730,image_730.jpg,Trimethoprim,Minocycline
nejm,all_I=gaussian_noise_S=3,731,image_731.jpg,Hepatoduodenal ligament,Falciform ligament
nejm,all_I=gaussian_noise_S=3,732,image_732.jpg,Skin biopsy,Chest imaging
nejm,all_I=gaussian_noise_S=3,733,image_733.jpg,Basal cell carcinoma,Lentigo maligna
nejm,all_I=gaussian_noise_S=3,734,image_734.jpg,Herpes zoster,Herpes zoster
nejm,all_I=gaussian_noise_S=3,735,image_735.jpg,Horner’s syndrome,Tabes dorsalis
nejm,all_I=gaussian_noise_S=3,736,image_736.jpg,Therapeutic Phlebotomy,Chelation Therapy
nejm,all_I=gaussian_noise_S=3,737,image_737.jpg,Pyloric outlet obstruction,Meckel's diverticulum
nejm,all_I=gaussian_noise_S=3,738,image_738.jpg,Gingival melanoma,Gingival melanoma
nejm,all_I=gaussian_noise_S=3,739,image_739.jpg,Gout,Gout
nejm,all_I=gaussian_noise_S=3,740,image_740.jpg,Mastectomy,Penicillin
nejm,all_I=gaussian_noise_S=3,741,image_741.jpg,Meconium ileus,Hirschsprung’s disease
nejm,all_I=gaussian_noise_S=3,742,image_742.jpg,Esophageal carcinoma,Diffuse esophageal spasm
nejm,all_I=gaussian_noise_S=3,743,image_743.jpg,Hiatal hernia,Diffuse esophageal spasm
nejm,all_I=gaussian_noise_S=3,744,image_744.jpg,Cirrhosis,Superior vena caval obstruction
nejm,all_I=gaussian_noise_S=3,745,image_745.jpg,Papillary fibroelastoma,Redundant mitral valve
nejm,all_I=gaussian_noise_S=3,746,image_746.jpg,Pneumatosis coli,Bezoar
nejm,all_I=gaussian_noise_S=3,747,image_747.jpg,Syphilitic chancre,Squamous-cell carcinoma
nejm,all_I=gaussian_noise_S=3,748,image_748.jpg,Intra-abdominal abscess,Bowel ischemia
nejm,all_I=gaussian_noise_S=3,749,image_749.jpg,Pericardial hydatid cysts,Pericardial metastases
nejm,all_I=gaussian_noise_S=3,750,image_750.jpg,Papular acrodermatitis,Molluscum contagiosum
nejm,all_I=gaussian_noise_S=3,751,image_751.jpg,Systemic sclerosis,Scleromyxedema
nejm,all_I=gaussian_noise_S=3,752,image_752.jpg,Umbilical hernia,Portal hypertension
nejm,all_I=gaussian_noise_S=3,753,image_753.jpg,Proteus syndrome,Neurofibromatosis
nejm,all_I=gaussian_noise_S=3,754,image_754.jpg,Paraesophageal hernia,Paraesophageal hernia
nejm,all_I=gaussian_noise_S=3,755,image_755.jpg,Pyogenic granuloma,Pyogenic granuloma
nejm,all_I=gaussian_noise_S=3,756,image_756.jpg,Meningioma,Plasmacytoma
nejm,all_I=gaussian_noise_S=3,757,image_757.jpg,Pyostomatitis vegetans,Pyostomatitis vegetans
nejm,all_I=gaussian_noise_S=3,758,image_758.jpg,Amebic liver abscess,Echinococcosis
nejm,all_I=gaussian_noise_S=3,759,image_759.jpg,Psoriasis,Malignancy
nejm,all_I=gaussian_noise_S=3,760,image_760.jpg,Blastic plasmacytoid dendritic-cell neoplasm,Blastic plasmacytoid dendritic-cell neoplasm
nejm,all_I=gaussian_noise_S=3,761,image_761.jpg,Emphysematous pyelonephritis,Emphysematous pyelonephritis
nejm,all_I=gaussian_noise_S=3,762,image_762.jpg,Acne,Syphilis
nejm,all_I=gaussian_noise_S=3,763,image_763.jpg,Perianal rhabdomyosarcoma,Congenital syphilis
nejm,all_I=gaussian_noise_S=3,764,image_764.jpg,Polyostotic fibrous dysplasia,Marrow hyperplasia
nejm,all_I=gaussian_noise_S=3,765,image_765.jpg,Hairy-cell leukemia,Hairy-cell leukemia
nejm,all_I=gaussian_noise_S=3,766,image_766.jpg,Left bronchial tree,Right bronchial tree
nejm,all_I=gaussian_noise_S=3,767,image_767.jpg,Calciphylaxis,Osteonecrosis
nejm,all_I=gaussian_noise_S=3,768,image_768.jpg,Thyrohyoid membrane,Killian’s triangle
nejm,all_I=gaussian_noise_S=3,769,image_769.jpg,Primary Pericardial Mesothelioma,Constrictive Pericarditis
nejm,all_I=gaussian_noise_S=3,770,image_770.jpg,Hydralazine,Amiodarone
nejm,all_I=gaussian_noise_S=3,771,image_771.jpg,Henoch-Schönlein purpura,Henoch-Schönlein purpura
nejm,all_I=gaussian_noise_S=3,772,image_772.jpg,Bladder perforation,Neurogenic megacolon
nejm,all_I=gaussian_noise_S=3,773,image_773.jpg,Magnesium hydroxide,Bismuth Salicylate
nejm,all_I=gaussian_noise_S=3,774,image_774.jpg,Cutaneous leishmaniasis,Bot fly
nejm,all_I=gaussian_noise_S=3,775,image_775.jpg,Calcified polyp,Tooth
nejm,all_I=gaussian_noise_S=3,776,image_776.jpg,Madura foot,Chromoblastomycosis
nejm,all_I=gaussian_noise_S=3,777,image_777.jpg,Pancreatitis,Pylephlebitis
nejm,all_I=gaussian_noise_S=3,778,image_778.jpg,Propofol,Propofol
nejm,all_I=gaussian_noise_S=3,779,image_779.jpg,Tabes dorsalis,Central pontine myelinolysis
nejm,all_I=gaussian_noise_S=3,780,image_780.jpg,Diverticulitis,Intussusception
nejm,all_I=gaussian_noise_S=3,781,image_781.jpg,Telogen effluvium,Alopecia areata
nejm,all_I=gaussian_noise_S=3,782,image_782.jpg,Furuncle,Merkel-cell carcinoma
nejm,all_I=gaussian_noise_S=3,783,image_783.jpg,Candida albicans infection,Candida albicans infection
nejm,all_I=gaussian_noise_S=3,784,image_784.jpg,Pilonidal sinus,Keratoacanthoma
nejm,all_I=gaussian_noise_S=3,785,image_785.jpg,Laryngocele,Laryngocele
nejm,all_I=gaussian_noise_S=3,786,image_786.jpg,Peutz-Jeghers's syndrome,Peutz-Jeghers's syndrome
nejm,all_I=gaussian_noise_S=3,787,image_787.jpg,Pyoderma gangrenosum,Ecthyma gangrenosum
nejm,all_I=gaussian_noise_S=3,788,image_788.jpg,Cutaneous small vessel vasculitis,Intravascular lymphoma
nejm,all_I=gaussian_noise_S=3,789,image_789.jpg,Acanthosis nigricans,Crusted scabies
nejm,all_I=gaussian_noise_S=3,790,image_790.jpg,Larvae penetrate the lungs,Larvae penetrate the lungs
nejm,all_I=gaussian_noise_S=3,791,image_791.jpg,Bladder cancer metastases,Autoimmune keratitis
nejm,all_I=gaussian_noise_S=3,792,image_792.jpg,Pancreatic pseudocyst,Enteric duplication cyst
nejm,all_I=gaussian_noise_S=3,793,image_793.jpg,Ankyloglossia,Hypoglossal nerve palsy
nejm,all_I=gaussian_noise_S=3,794,image_794.jpg,Chewing tobacco,Melanoma
nejm,all_I=gaussian_noise_S=3,795,image_795.jpg,Voriconazole-induced periostitis,Voriconazole-induced periostitis
nejm,all_I=gaussian_noise_S=3,796,image_796.jpg,Pancreatic pseudocyst,Emphysematous cholecystitis
nejm,all_I=gaussian_noise_S=3,797,image_797.jpg,Clomiphene,Bicalutamide
nejm,all_I=gaussian_noise_S=3,798,image_798.jpg,Neurofibromatosis type 2,Neurofibromatosis type 2
nejm,all_I=gaussian_noise_S=3,799,image_799.jpg,Hand foot and mouth disease,Secondary syphilis
nejm,all_I=gaussian_noise_S=3,800,image_800.jpg,Peutz-Jeghers syndrome,Cowden syndrome
nejm,all_I=gaussian_noise_S=3,801,image_801.jpg,Toxicodendron radicans (poison ivy),Shiitake mushrooms
nejm,all_I=gaussian_noise_S=3,802,image_802.jpg,Type 1 diabetes,Graves' disease
nejm,all_I=gaussian_noise_S=3,803,image_803.jpg,Acute mesenteric ischemia,Acute mesenteric ischemia
nejm,all_I=gaussian_noise_S=3,804,image_804.jpg,Arsenic toxicity,Arsenic toxicity
nejm,all_I=gaussian_noise_S=3,805,image_805.jpg,Pneumothorax,Pectus excavatum
nejm,all_I=gaussian_noise_S=3,806,image_806.jpg,Nocardiosis,Nocardiosis
nejm,all_I=gaussian_noise_S=3,807,image_807.jpg,Metastatic melanoma,Laxative use
nejm,all_I=gaussian_noise_S=3,808,image_808.jpg,Sinusitis,Dermatomyositis
nejm,all_I=gaussian_noise_S=3,809,image_809.jpg,Familial trichomegaly,EGFR inhibition
nejm,all_I=gaussian_noise_S=3,810,image_810.jpg,Hidrocystoma,Keratoacanthoma
nejm,all_I=gaussian_noise_S=3,811,image_811.jpg,Tinea circinata,Tinea circinata
nejm,all_I=gaussian_noise_S=3,812,image_812.jpg,Diphtheria,Diphtheria
nejm,all_I=gaussian_noise_S=3,813,image_813.jpg,Oral lichen planus,Pernicious anemia
nejm,all_I=gaussian_noise_S=3,814,image_814.jpg,Hepatocellular carcinoma,Cirrhosis
nejm,all_I=gaussian_noise_S=3,815,image_815.jpg,Parotitis,Angioedema
nejm,all_I=gaussian_noise_S=3,816,image_816.jpg,Metastatic disease of the nail bed,Chemotherapy
nejm,all_I=gaussian_noise_S=3,817,image_817.jpg,Obturator hernia,Obturator hernia
nejm,all_I=gaussian_noise_S=3,818,image_818.jpg,Takotsubo cardiomyopathy,Takotsubo cardiomyopathy
nejm,all_I=gaussian_noise_S=3,819,image_819.jpg,Intravitreal antimicrobial injections,Intravitreal antimicrobial injections
nejm,all_I=gaussian_noise_S=3,820,image_820.jpg,Herpes zoster ophthalmicus,Herpes zoster ophthalmicus
nejm,all_I=gaussian_noise_S=3,821,image_821.jpg,Uremic arteriopathy,Nephrogenic fibrosing dermopathy
nejm,all_I=gaussian_noise_S=3,822,image_822.jpg,Rosacea,Cutaneous lupus
nejm,all_I=gaussian_noise_S=3,823,image_823.jpg,Acral lentiginous melanoma,Tinea nigra
nejm,all_I=gaussian_noise_S=3,824,image_824.jpg,Osmotic demyelination syndrome,Osmotic demyelination syndrome
nejm,all_I=gaussian_noise_S=3,825,image_825.jpg,Pyogenic liver abscess,Emphysematous hepatitis
nejm,all_I=gaussian_noise_S=3,826,image_826.jpg,Bowenoid papulosis,Bowenoid papulosis
nejm,all_I=gaussian_noise_S=3,827,image_827.jpg,Autoantibodies to desmosomes in the epidermis,IgG and complement deposition at the dermis-epidermis junction
nejm,all_I=gaussian_noise_S=3,828,image_828.jpg,Behçet's disease,Sjögren's syndrome
nejm,all_I=gaussian_noise_S=3,829,image_829.jpg,Anterior uveitis,Herpes simplex virus infection
nejm,all_I=gaussian_noise_S=3,830,image_830.jpg,Erysipelas,Herpetic whitlow
nejm,all_I=gaussian_noise_S=3,831,image_831.jpg,Anti-ribonucleoprotein antibody,Anticentromere antibody
nejm,all_I=gaussian_noise_S=3,832,image_832.jpg,Tophaceous gout,Calcinosis
nejm,all_I=gaussian_noise_S=3,833,image_833.jpg,Graves' ophthalmopathy,Retinal detachment
nejm,all_I=gaussian_noise_S=3,834,image_834.jpg,Hemineglect,Binocular visual loss
nejm,all_I=gaussian_noise_S=3,835,image_835.jpg,Trichotillomania,Syphilitic alopecia
nejm,all_I=gaussian_noise_S=3,836,image_836.jpg,Constrictive pericarditis,Constrictive pericarditis
nejm,all_I=gaussian_noise_S=3,837,image_837.jpg,Nasal septum fracture,Button magnets in the nasal cavity
nejm,all_I=gaussian_noise_S=3,838,image_838.jpg,Testing for herpes simplex virus,Testing for bacterial and viral respiratory pathogens
nejm,all_I=gaussian_noise_S=3,839,image_839.jpg,Paget's disease,Bone marrow hyperplasia
nejm,all_I=gaussian_noise_S=3,840,image_840.jpg,Condyloma acuminatum,Condyloma acuminatum
nejm,all_I=gaussian_noise_S=3,841,image_841.jpg,Emphysematous pyelonephritis,Emphysematous pyelonephritis
nejm,all_I=gaussian_noise_S=3,842,image_842.jpg,Presence of erythema,Delay in surgical intervention >24 hours
nejm,all_I=gaussian_noise_S=3,843,image_843.jpg,Primary hyperaldosteronism,Pheochromocytoma
nejm,all_I=gaussian_noise_S=3,844,image_844.jpg,Molluscum contagiosum,Cryptococcus neoformans
nejm,all_I=gaussian_noise_S=3,845,image_845.jpg,Rupture of the trapezius muscle,Lipodystrophy
nejm,all_I=gaussian_noise_S=3,846,image_846.jpg,Infection is typically localized to the site of inoculation.,Transmission is associated with aerosolized contaminated soil exposure.
nejm,all_I=gaussian_noise_S=3,847,image_847.jpg,Atopic dermatitis,Zinc deficiency
nejm,all_I=gaussian_noise_S=3,848,image_848.jpg,Chronic paronychia,Psoriasis
nejm,all_I=gaussian_noise_S=3,849,image_849.jpg,Paronychia,Cutaneous leishmaniasis
nejm,all_I=gaussian_noise_S=3,850,image_850.jpg,Retinal ischemia,Retinal ischemia
nejm,all_I=gaussian_noise_S=3,851,image_851.jpg,Rat bite fever,Rat bite fever
nejm,all_I=gaussian_noise_S=3,852,image_852.jpg,Erysipelas,Arterial insufficiency
nejm,all_I=gaussian_noise_S=3,853,image_853.jpg,Glaucoma,Ochronosis
nejm,all_I=gaussian_noise_S=3,854,image_854.jpg,Retrograde epistaxis,Adverse reaction to systemic antibiotics
nejm,all_I=gaussian_noise_S=3,855,image_855.jpg,Necrobiosis lipoidica diabeticorum,Necrobiosis lipoidica diabeticorum
nejm,all_I=gaussian_noise_S=3,856,image_856.jpg,Blue nevus,Invasive ductal carcinoma
nejm,all_I=gaussian_noise_S=3,857,image_857.jpg,Reactive perforating collagenosis,Reactive perforating collagenosis
nejm,all_I=gaussian_noise_S=3,858,image_858.jpg,Intraorbital foreign body,Skull fracture
nejm,all_I=gaussian_noise_S=3,859,image_859.jpg,Aphthous stomatitis,Herpes zoster
nejm,all_I=gaussian_noise_S=3,860,image_860.jpg,Lichen planus,Lichen planus
nejm,all_I=gaussian_noise_S=3,861,image_861.jpg,Multiple endocrine neoplasia type 2A,Multiple endocrine neoplasia type 1
nejm,all_I=gaussian_noise_S=3,862,image_862.jpg,Scleredema of diabetes,Necrolytic migratory erythema
nejm,all_I=gaussian_noise_S=3,863,image_863.jpg,Catamenial pneumothorax,Thoracic endometriosis
nejm,all_I=gaussian_noise_S=3,864,image_864.jpg,Lipoatrophy,Lipoatrophy
nejm,all_I=gaussian_noise_S=3,865,image_865.jpg,Wound culture,Wound culture
nejm,all_I=gaussian_noise_S=3,866,image_866.jpg,Necrotizing anterior scleritis,Necrotizing anterior scleritis
nejm,all_I=gaussian_noise_S=3,867,image_867.jpg,Lymphoma,Lymphoma
nejm,all_I=gaussian_noise_S=3,868,image_868.jpg,Periorbital cellulitis,Carotid cavernous fistula
nejm,all_I=gaussian_noise_S=3,869,image_869.jpg,Henoch-Schönlein purpura,Henoch-Schönlein purpura
nejm,all_I=gaussian_noise_S=3,870,image_870.jpg,Acral lentiginous melanoma,Acral lentiginous melanoma
nejm,all_I=gaussian_noise_S=3,871,image_871.jpg,Dexamethasone,Doxorubicin
nejm,all_I=gaussian_noise_S=3,872,image_872.jpg,Chronic urticaria,Generalized granuloma annulare
nejm,all_I=gaussian_noise_S=3,873,image_873.jpg,Arrhythmogenic right ventricular cardiomyopathy,Arrhythmogenic right ventricular cardiomyopathy
nejm,all_I=gaussian_noise_S=3,874,image_874.jpg,Tuberculosis,Tuberculosis
nejm,all_I=gaussian_noise_S=3,875,image_875.jpg,Amoxicillin rash in infectious mononucleosis,Amoxicillin rash in infectious mononucleosis
nejm,all_I=gaussian_noise_S=3,876,image_876.jpg,Baker's cyst,Baker's cyst
nejm,all_I=gaussian_noise_S=3,877,image_877.jpg,Aneurysm,Arachnoid cyst
nejm,all_I=gaussian_noise_S=3,878,image_878.jpg,Naegleria fowleri,Naegleria fowleri
nejm,all_I=gaussian_noise_S=3,879,image_879.jpg,Toxoplasma gondii,Strongyloides stercoralis
nejm,all_I=gaussian_noise_S=3,880,image_880.jpg,Congenital diaphragmatic hernia,Duodenal atresia
nejm,all_I=gaussian_noise_S=3,881,image_881.jpg,Suppurative otitis media,Tympanic hyperectasis
nejm,all_I=gaussian_noise_S=3,882,image_882.jpg,Drug-induced hypersensitivity syndrome,Disseminated varicella infection
nejm,all_I=gaussian_noise_S=3,883,image_883.jpg,Ehlers-Danlos syndrome,Ehlers-Danlos syndrome
nejm,all_I=gaussian_noise_S=3,884,image_884.jpg,Bedbug bites,Bedbug bites
nejm,all_I=gaussian_noise_S=3,885,image_885.jpg,Aspergillosis,Actinomycosis
nejm,all_I=gaussian_noise_S=3,886,image_886.jpg,Diaphragmatic eventeration,Cardiac tamponade
nejm,all_I=gaussian_noise_S=3,887,image_887.jpg,Ectopia lentis,Ectopia lentis
nejm,all_I=gaussian_noise_S=3,888,image_888.jpg,Polysomnography,Polysomnography
nejm,all_I=gaussian_noise_S=3,889,image_889.jpg,Calcium pyrophosphate dihydrate,Monosodium urate
nejm,all_I=gaussian_noise_S=3,890,image_890.jpg,Heparin-induced thrombocytopenia,Cholesterol embolization
nejm,all_I=gaussian_noise_S=3,891,image_891.jpg,Left Atrial Appendage Thrombus,Giant Coronary Aneurysm
nejm,all_I=gaussian_noise_S=3,892,image_892.jpg,Rheumatoid factor,Creatine kinase
nejm,all_I=gaussian_noise_S=3,893,image_893.jpg,Kaposi’s sarcoma,Kaposi’s sarcoma
nejm,all_I=gaussian_noise_S=3,894,image_894.jpg,Alendronate,Zidovudine
nejm,all_I=gaussian_noise_S=3,895,image_895.jpg,Hemophilia A,Hemophilia A
nejm,all_I=gaussian_noise_S=3,896,image_896.jpg,Babesia microti,Capnocytophaga canimorsus
nejm,all_I=gaussian_noise_S=3,897,image_897.jpg,Idiopathic pulmonary fibrosis,Idiopathic pulmonary fibrosis
nejm,all_I=gaussian_noise_S=3,898,image_898.jpg,Cardiac tamponade,Superior vena cava syndrome
nejm,all_I=gaussian_noise_S=3,899,image_899.jpg,Medial epicondylitis,Gout nodulosis
nejm,all_I=gaussian_noise_S=3,900,image_900.jpg,Orbital metastasis,Orbital metastasis
nejm,all_I=gaussian_noise_S=3,901,image_901.jpg,Oral candidiasis,Herpetic glossitis
nejm,all_I=gaussian_noise_S=3,902,image_902.jpg,Otomycosis,Fracture of the temporal bone
nejm,all_I=gaussian_noise_S=3,903,image_903.jpg,Flare of systemic lupus erythematosus,Extrapulmonary manifestation of tuberculosis
nejm,all_I=gaussian_noise_S=3,904,image_904.jpg,Hypertensive retinopathy,Papilledema
nejm,all_I=gaussian_noise_S=3,905,image_905.jpg,Intraocular parasite infection,Intraocular parasite infection
nejm,all_I=gaussian_noise_S=3,906,image_906.jpg,Rifampin,Voriconazole
nejm,all_I=gaussian_noise_S=3,907,image_907.jpg,Porphyria cutanea tarda,Porphyria cutanea tarda
nejm,all_I=gaussian_noise_S=3,908,image_908.jpg,Plasmodium vivax,Plasmodium vivax
nejm,all_I=gaussian_noise_S=3,909,image_909.jpg,Left anterior descending artery,Left anterior descending artery
nejm,all_I=gaussian_noise_S=3,910,image_910.jpg,Malaria,Lead poisoning
nejm,all_I=gaussian_noise_S=3,911,image_911.jpg,Symblepharon,Symblepharon
nejm,all_I=gaussian_noise_S=3,912,image_912.jpg,Hemochromatosis,Pelvic spleen
nejm,all_I=gaussian_noise_S=3,913,image_913.jpg,Phenytoin use,COPD
nejm,all_I=gaussian_noise_S=3,914,image_914.jpg,Creutzfeldt-Jakob disease,Granulomatous amebic encephalitis
nejm,all_I=gaussian_noise_S=3,915,image_915.jpg,Condylomata lata,Tuberous sclerosis
nejm,all_I=gaussian_noise_S=3,916,image_916.jpg,Familial multiple lipomatosis,Familial multiple lipomatosis
nejm,all_I=gaussian_noise_S=3,917,image_917.jpg,Hypertrophic cardiomyopathy,Uremic pericarditis
nejm,all_I=gaussian_noise_S=3,918,image_918.jpg,Erythema infectiosum,Cold agglutinin disease
nejm,all_I=gaussian_noise_S=3,919,image_919.jpg,Scleroderma,Calciphylaxis
nejm,all_I=gaussian_noise_S=3,920,image_920.jpg,Pigmentary mosaicism,Pigmentary mosaicism
nejm,all_I=gaussian_noise_S=3,921,image_921.jpg,Mucocutaneous Epstein–Barr virus,Mycoplasma pneumoniae-associated mucositis
nejm,all_I=gaussian_noise_S=3,922,image_922.jpg,Syphilis,Malignant melanoma
nejm,all_I=gaussian_noise_S=3,923,image_923.jpg,Eagle’s syndrome,Cervical spondyloarthropathy
nejm,all_I=gaussian_noise_S=3,924,image_924.jpg,Allergic bronchopulmonary aspergillosis,Chronic eosinophilic pneumonia
nejm,all_I=gaussian_noise_S=3,925,image_925.jpg,Onychomycosis,Yellow-nail syndrome
nejm,all_I=gaussian_noise_S=3,926,image_926.jpg,Streptococcal cellulitis with lymphangitis,Streptococcal cellulitis with lymphangitis
nejm,all_I=gaussian_noise_S=3,927,image_927.jpg,Cauliflower ear,Lepromatous Leprosy
nejm,all_I=gaussian_noise_S=3,928,image_928.jpg,Hashimoto thyroiditis,Ectopic thyroid
nejm,all_I=gaussian_noise_S=3,929,image_929.jpg,Immune thrombocytopenia purpura (ITP),Leukemia cutis
nejm,all_I=gaussian_noise_S=3,930,image_930.jpg,Nasal foreign body,Pituitary tumor
nejm,all_I=gaussian_noise_S=3,931,image_931.jpg,Bullous pemphigoid,Coronary angiography
nejm,all_I=gaussian_noise_S=3,932,image_932.jpg,Pityriasis rosea,Secondary syphilis
nejm,all_I=gaussian_noise_S=3,933,image_933.jpg,Pneumopericardium,Pneumopericardium
nejm,all_I=gaussian_noise_S=3,934,image_934.jpg,Stroke,Stroke
nejm,all_I=gaussian_noise_S=3,935,image_935.jpg,Porphyria cutanea tarda,Porphyria cutanea tarda
nejm,all_I=gaussian_noise_S=3,936,image_936.jpg,Synovial chondromatosis,Synovial chondromatosis
nejm,all_I=gaussian_noise_S=3,937,image_937.jpg,Psoriasis,Endocarditis
nejm,all_I=gaussian_noise_S=3,938,image_938.jpg,Psoriasis,Bacterial dermatitis
nejm,all_I=gaussian_noise_S=3,939,image_939.jpg,Androgenic alopecia,Hypothyroidism
nejm,all_I=gaussian_noise_S=3,940,image_940.jpg,Vitamin B12 deficiency,Diabetes mellitus
nejm,all_I=gaussian_noise_S=3,941,image_941.jpg,Acute esophageal necrosis,Acute esophageal necrosis
nejm,all_I=gaussian_noise_S=3,942,image_942.jpg,Chelation therapy,Chelation therapy
nejm,all_I=gaussian_noise_S=3,943,image_943.jpg,Lung abscess,Diaphragmatic rupture
nejm,all_I=gaussian_noise_S=3,944,image_944.jpg,Placenta increta,Placenta increta
nejm,all_I=gaussian_noise_S=3,945,image_945.jpg,Erythema ab igne,Erythema ab igne
nejm,all_I=gaussian_noise_S=3,946,image_946.jpg,Raynaud phenomenon,Erythromelalgia
nejm,all_I=gaussian_noise_S=3,947,image_947.jpg,Pearly penile papules,Pearly penile papules
nejm,all_I=jpeg_S=3,1,image_1.jpg,"Hand, foot, and mouth disease","Hand, foot, and mouth disease"
nejm,all_I=jpeg_S=3,2,image_2.jpg,Lyme disease,Tularemia
nejm,all_I=jpeg_S=3,3,image_3.jpg,Porphyria,Dermatomyositis
nejm,all_I=jpeg_S=3,4,image_4.jpg,Retropharyngeal abscess,Epiglottitis
nejm,all_I=jpeg_S=3,5,image_5.jpg,Food allergy,Frey’s syndrome
nejm,all_I=jpeg_S=3,6,image_6.jpg,Hemiplegia,Hemiplegia
nejm,all_I=jpeg_S=3,7,image_7.jpg,Pericardial effusion,Paraesophageal hernia
nejm,all_I=jpeg_S=3,8,image_8.jpg,Pneumatosis intestinalis,Pneumatosis intestinalis
nejm,all_I=jpeg_S=3,9,image_9.jpg,Separation of the iris,Separation of the iris
nejm,all_I=jpeg_S=3,10,image_10.jpg,Polycystic liver disease,Polycystic liver disease
nejm,all_I=jpeg_S=3,11,image_11.jpg,Lepromatous leprosy,Lepromatous leprosy
nejm,all_I=jpeg_S=3,12,image_12.jpg,Pulmonary embolism,Chondroblastic osteosarcoma
nejm,all_I=jpeg_S=3,13,image_13.jpg,Pseudoclubbing,Pseudoclubbing
nejm,all_I=jpeg_S=3,14,image_14.jpg,Primary hyperoxaluria,Primary hyperoxaluria
nejm,all_I=jpeg_S=3,15,image_15.jpg,Ogilvie’s Syndrome (acute colonic pseudo-obstruction),Cecal volvulus
nejm,all_I=jpeg_S=3,16,image_16.jpg,Varicella,Varicella
nejm,all_I=jpeg_S=3,17,image_17.jpg,Middle cerebral artery stroke,Metronidazole-associated encephalopathy
nejm,all_I=jpeg_S=3,18,image_18.jpg,Knife-cut ulcers from Crohn’s disease,Knife-cut ulcers from Crohn’s disease
nejm,all_I=jpeg_S=3,19,image_19.jpg,Right sixth cranial nerve palsy,Right sixth cranial nerve palsy
nejm,all_I=jpeg_S=3,20,image_20.jpg,Punctate palmoplantar keratoderma,Punctate palmoplantar keratoderma
nejm,all_I=jpeg_S=3,21,image_21.jpg,Arc eye,Coloboma
nejm,all_I=jpeg_S=3,22,image_22.jpg,Chemotherapy,Chemotherapy
nejm,all_I=jpeg_S=3,23,image_23.jpg,Multiple biliary hamartomas,Multiple biliary hamartomas
nejm,all_I=jpeg_S=3,24,image_24.jpg,Leukemia cutis,Graft-versus-host disease
nejm,all_I=jpeg_S=3,25,image_25.jpg,Blastomycosis,Celiac disease
nejm,all_I=jpeg_S=3,26,image_26.jpg,Pyogenic granuloma,Amelanotic melanoma
nejm,all_I=jpeg_S=3,27,image_27.jpg,Thrombotic thrombocytopenic purpura,Thrombotic thrombocytopenic purpura
nejm,all_I=jpeg_S=3,28,image_28.jpg,Intracranial hemorrhage,Meningioma
nejm,all_I=jpeg_S=3,29,image_29.jpg,Inguinal hernia,Metastatic inguinal lymphadenopathy
nejm,all_I=jpeg_S=3,30,image_30.jpg,Minocycline-induced pigmentation,Minocycline-induced pigmentation
nejm,all_I=jpeg_S=3,31,image_31.jpg,Scabies,Scabies
nejm,all_I=jpeg_S=3,32,image_32.jpg,Fibrous dysplasia,Osteopetrosis
nejm,all_I=jpeg_S=3,33,image_33.jpg,Lipoid pneumonia,Desquamative interstitial pneumonia
nejm,all_I=jpeg_S=3,34,image_34.jpg,Calciphylaxis,Waldenstrom's macroglobulinemia
nejm,all_I=jpeg_S=3,35,image_35.jpg,Cutaneous leishmaniasis,Esophagogastric bypass
nejm,all_I=jpeg_S=3,36,image_36.jpg,Larva currens from Strongyloides,Larva currens from Strongyloides
nejm,all_I=jpeg_S=3,37,image_37.jpg,Emphysematous pyelonephritis,Duodenal perforation
nejm,all_I=jpeg_S=3,38,image_38.jpg,Eclampsia,Adrenal mass
nejm,all_I=jpeg_S=3,39,image_39.jpg,Hereditary hemorrhagic telangiectasia,Hereditary hemorrhagic telangiectasia
nejm,all_I=jpeg_S=3,40,image_40.jpg,Amiodarone-induced vortex keratopathy,Amiodarone-induced vortex keratopathy
nejm,all_I=jpeg_S=3,41,image_41.jpg,Metastatic adenocarcinoma,Metastatic adenocarcinoma
nejm,all_I=jpeg_S=3,42,image_42.jpg,Iron deficiency anemia,Babesiosis
nejm,all_I=jpeg_S=3,43,image_43.jpg,Blepharitis,Vernal keratoconjunctivitis
nejm,all_I=jpeg_S=3,44,image_44.jpg,Herpetic whitlow,Psoriasis
nejm,all_I=jpeg_S=3,45,image_45.jpg,Age-related macular degeneration,Hydroxychloroquine toxicity
nejm,all_I=jpeg_S=3,46,image_46.jpg,Torus palatinus,Torus palatinus
nejm,all_I=jpeg_S=3,47,image_47.jpg,Temozolomide,Dexamethasone
nejm,all_I=jpeg_S=3,48,image_48.jpg,Crohn’s disease,Acute pancreatitis
nejm,all_I=jpeg_S=3,49,image_49.jpg,Follicular thyroid carcinoma,Bleeding into a thyroid nodule
nejm,all_I=jpeg_S=3,50,image_50.jpg,Pyogenic granuloma,Pyogenic granuloma
nejm,all_I=jpeg_S=3,51,image_51.jpg,Repetitive strain,Assault
nejm,all_I=jpeg_S=3,52,image_52.jpg,Tinea versicolor,Tuberculoid leprosy
nejm,all_I=jpeg_S=3,53,image_53.jpg,Vein-graft aneurysms,Vein-graft aneurysms
nejm,all_I=jpeg_S=3,54,image_54.jpg,Cornea verticillata,Iris atrophy
nejm,all_I=jpeg_S=3,55,image_55.jpg,Pseudohypoparathyroidism,Iron deficiency
nejm,all_I=jpeg_S=3,56,image_56.jpg,Staphylococcal scalded skin syndrome,Leprosy
nejm,all_I=jpeg_S=3,57,image_57.jpg,Psoriasis,Hypercholesterolemia
nejm,all_I=jpeg_S=3,58,image_58.jpg,Systemic infection,Chronic kidney disease
nejm,all_I=jpeg_S=3,59,image_59.jpg,Achalasia,Achalasia
nejm,all_I=jpeg_S=3,60,image_60.jpg,Ocular toxoplasmosis,Malignant hypertension
nejm,all_I=jpeg_S=3,61,image_61.jpg,Kaposi's sarcoma,Cryptococcosis
nejm,all_I=jpeg_S=3,62,image_62.jpg,Lisch nodules,Lisch nodules
nejm,all_I=jpeg_S=3,63,image_63.jpg,Acromegaly,Acromegaly
nejm,all_I=jpeg_S=3,64,image_64.jpg,Highest intercostal vein,Left-sided superior vena cava
nejm,all_I=jpeg_S=3,65,image_65.jpg,Escherichia coli,Blastomyces dermatitidis
nejm,all_I=jpeg_S=3,66,image_66.jpg,Relapsing polychondritis,Relapsing polychondritis
nejm,all_I=jpeg_S=3,67,image_67.jpg,Scrofula,Scrofula
nejm,all_I=jpeg_S=3,68,image_68.jpg,Traumatic spondylolisthesis of the axis (hangman’s fracture),Traumatic spondylolisthesis of the axis (hangman’s fracture)
nejm,all_I=jpeg_S=3,69,image_69.jpg,Handling feline waste,Gardening
nejm,all_I=jpeg_S=3,70,image_70.jpg,Hematoma,Melanoma
nejm,all_I=jpeg_S=3,71,image_71.jpg,Sporotrichosis,Actinomycosis
nejm,all_I=jpeg_S=3,72,image_72.jpg,Itraconazole,Itraconazole
nejm,all_I=jpeg_S=3,73,image_73.jpg,Chiari I malformation,Chiari I malformation
nejm,all_I=jpeg_S=3,74,image_74.jpg,Primary adrenal insufficiency (Addison’s disease),Primary adrenal insufficiency (Addison’s disease)
nejm,all_I=jpeg_S=3,75,image_75.jpg,Superficial pyoderma,Herpes zoster
nejm,all_I=jpeg_S=3,76,image_76.jpg,Conjunctival hemorrhage,Melanoma
nejm,all_I=jpeg_S=3,77,image_77.jpg,Malignant optic nerve prolapse,Fungal endophthalmitis
nejm,all_I=jpeg_S=3,78,image_78.jpg,Tinea corporis,Urticaria
nejm,all_I=jpeg_S=3,79,image_79.jpg,Gastrospenic fistulization,Gastrospenic fistulization
nejm,all_I=jpeg_S=3,80,image_80.jpg,Dentinogenesis imperfecta,Neonatal hyperbilirubinemia
nejm,all_I=jpeg_S=3,81,image_81.jpg,Drug eruption,Lichen planus
nejm,all_I=jpeg_S=3,82,image_82.jpg,Elephantiasis,Inguinal hernia
nejm,all_I=jpeg_S=3,83,image_83.jpg,Abscess,Insulin-induced lipohypertrophy
nejm,all_I=jpeg_S=3,84,image_84.jpg,Scheduled nebulized bronchodilators,Cessation of nitrofurantoin
nejm,all_I=jpeg_S=3,85,image_85.jpg,Drug-induced pemphigus,Fixed drug eruption
nejm,all_I=jpeg_S=3,86,image_86.jpg,Cardiac tamponade,Giant right atrium
nejm,all_I=jpeg_S=3,87,image_87.jpg,Rhinophyma,Lupus pernio
nejm,all_I=jpeg_S=3,88,image_88.jpg,Von Hippel-Lindau disease,Von Hippel-Lindau disease
nejm,all_I=jpeg_S=3,89,image_89.jpg,Tungiasis,Myiasis
nejm,all_I=jpeg_S=3,90,image_90.jpg,Left testicular torsion,Left testicular torsion
nejm,all_I=jpeg_S=3,91,image_91.jpg,Pulmonary hypertension,Pulmonary hypertension
nejm,all_I=jpeg_S=3,92,image_92.jpg,Gingival hyperplasia secondary to chemotherapy,Metastasis of colorectal cancer
nejm,all_I=jpeg_S=3,93,image_93.jpg,Pasteurella multocida,Mycobacterium marinum
nejm,all_I=jpeg_S=3,94,image_94.jpg,Mucocele,Syphilitic gumma
nejm,all_I=jpeg_S=3,95,image_95.jpg,Multiple myeloma,Gaucher's disease
nejm,all_I=jpeg_S=3,96,image_96.jpg,Cholesterol crystal embolization,Cholesterol crystal embolization
nejm,all_I=jpeg_S=3,97,image_97.jpg,Condyloma acuminatum,Pearly penile papules
nejm,all_I=jpeg_S=3,98,image_98.jpg,Takayasu arteritis,Polyarteritis nodosa
nejm,all_I=jpeg_S=3,99,image_99.jpg,End-stage renal disease,End-stage renal disease
nejm,all_I=jpeg_S=3,100,image_100.jpg,Abscess,Abscess
nejm,all_I=jpeg_S=3,101,image_101.jpg,Eczema herpeticum,Eczema herpeticum
nejm,all_I=jpeg_S=3,102,image_102.jpg,Warm autoimmune hemolytic anemia,Cold agglutinin syndrome
nejm,all_I=jpeg_S=3,103,image_103.jpg,Epidermoid cysts,Scrotal calcinosis
nejm,all_I=jpeg_S=3,104,image_104.jpg,Takayasu’s arteritis,Takayasu’s arteritis
nejm,all_I=jpeg_S=3,105,image_105.jpg,Gallbladder volvulus,Gallbladder volvulus
nejm,all_I=jpeg_S=3,106,image_106.jpg,Vesicolithiasis,Bladder diverticula
nejm,all_I=jpeg_S=3,107,image_107.jpg,Gastrogastric intussusception,Gastrogastric intussusception
nejm,all_I=jpeg_S=3,108,image_108.jpg,Diverticulosis,Pneumatosis cystoides coli
nejm,all_I=jpeg_S=3,109,image_109.jpg,Prompt coronary revascularization,Pericardiocentesis
nejm,all_I=jpeg_S=3,110,image_110.jpg,Poststreptococcal pustulosis,Poststreptococcal pustulosis
nejm,all_I=jpeg_S=3,111,image_111.jpg,Psoriatic arthropathy,Osteoarthritis
nejm,all_I=jpeg_S=3,112,image_112.jpg,Antrochoanal polyp,Antrochoanal polyp
nejm,all_I=jpeg_S=3,113,image_113.jpg,Trypanosomiasis,Trypanosomiasis
nejm,all_I=jpeg_S=3,114,image_114.jpg,Ascending cholangitis,Emphysematous cholecystitis
nejm,all_I=jpeg_S=3,115,image_115.jpg,Peutz-Jeghers syndrome,Peutz-Jeghers syndrome
nejm,all_I=jpeg_S=3,116,image_116.jpg,Chronic granulomatous disease,Chronic granulomatous disease
nejm,all_I=jpeg_S=3,117,image_117.jpg,Myelodysplastic syndrome,Decompensated cirrhosis
nejm,all_I=jpeg_S=3,118,image_118.jpg,Gastric bypass,Gastric bypass
nejm,all_I=jpeg_S=3,119,image_119.jpg,Drug eruption,Sweet’s syndrome
nejm,all_I=jpeg_S=3,120,image_120.jpg,Type II hypersensitivity reaction,Type III hypersensitivity reaction
nejm,all_I=jpeg_S=3,121,image_121.jpg,Biguanide,Alpha-glucosidase inhibitor
nejm,all_I=jpeg_S=3,122,image_122.jpg,Glioblastoma multiforme,Thrombosed intracranial aneurysm
nejm,all_I=jpeg_S=3,123,image_123.jpg,Multiple sclerosis,Multiple sclerosis
nejm,all_I=jpeg_S=3,124,image_124.jpg,Penicillin allergy,Ludwig's angina
nejm,all_I=jpeg_S=3,125,image_125.jpg,Tinea corporis,Syphilis
nejm,all_I=jpeg_S=3,126,image_126.jpg,Retinal vein thrombosis,Malignant hypertension
nejm,all_I=jpeg_S=3,127,image_127.jpg,Praziquantel,Praziquantel
nejm,all_I=jpeg_S=3,128,image_128.jpg,Pruritic urticarial papules and plaques of pregnancy (PUPPP),Pemphigoid gestationis
nejm,all_I=jpeg_S=3,129,image_129.jpg,Basal-cell carcinoma,Squamous-cell carcinoma
nejm,all_I=jpeg_S=3,130,image_130.jpg,Small-bowel volvulus,Small-bowel volvulus
nejm,all_I=jpeg_S=3,131,image_131.jpg,Toxic shock syndrome,Toxic shock syndrome
nejm,all_I=jpeg_S=3,132,image_132.jpg,Epiglottitis,Epiglottitis
nejm,all_I=jpeg_S=3,133,image_133.jpg,Psoriasis,Chemotherapy treatment
nejm,all_I=jpeg_S=3,134,image_134.jpg,Air embolism,Air embolism
nejm,all_I=jpeg_S=3,135,image_135.jpg,Vitamin A deficiency,Vitamin A deficiency
nejm,all_I=jpeg_S=3,136,image_136.jpg,Orf,Anthrax
nejm,all_I=jpeg_S=3,137,image_137.jpg,Pulmonary sarcoidosis,Eosinophilic bronchitis
nejm,all_I=jpeg_S=3,138,image_138.jpg,JAK2,JAK2
nejm,all_I=jpeg_S=3,139,image_139.jpg,Osteosarcoma,Scleroderma
nejm,all_I=jpeg_S=3,140,image_140.jpg,Emphysematous prostatitis,Emphysematous prostatitis
nejm,all_I=jpeg_S=3,141,image_141.jpg,Organophosphates,Nitrous oxide
nejm,all_I=jpeg_S=3,142,image_142.jpg,Diabetes mellitus,Malignant hypertension
nejm,all_I=jpeg_S=3,143,image_143.jpg,Nocardiosis,Actinomycosis
nejm,all_I=jpeg_S=3,144,image_144.jpg,Small-bowel obstruction,Sigmoid volvulus
nejm,all_I=jpeg_S=3,145,image_145.jpg,Gastric pneumatosis,Gastric pneumatosis
nejm,all_I=jpeg_S=3,146,image_146.jpg,Pyogenic granuloma,Conjunctival squamous-cell carcinoma
nejm,all_I=jpeg_S=3,147,image_147.jpg,Pruritic plaques of pregnancy,Herpes gestationis
nejm,all_I=jpeg_S=3,148,image_148.jpg,Aquagenic keratoderma,Aquagenic keratoderma
nejm,all_I=jpeg_S=3,149,image_149.jpg,Keloid,Scrotal calcinosis
nejm,all_I=jpeg_S=3,150,image_150.jpg,Vocal-cord granuloma,Carcinoma
nejm,all_I=jpeg_S=3,151,image_151.jpg,Diabetic retinopathy,Lipemia retinalis
nejm,all_I=jpeg_S=3,152,image_152.jpg,Lead poisoning,Lead poisoning
nejm,all_I=jpeg_S=3,153,image_153.jpg,Tetracyclines,Tetracyclines
nejm,all_I=jpeg_S=3,154,image_154.jpg,Meig's syndrome,Thoracic endometriosis
nejm,all_I=jpeg_S=3,155,image_155.jpg,Struvite,Calcium phosphate
nejm,all_I=jpeg_S=3,156,image_156.jpg,Keratoglobus,Keratoconus
nejm,all_I=jpeg_S=3,157,image_157.jpg,Gout,Gout
nejm,all_I=jpeg_S=3,158,image_158.jpg,Right hypoglossal nerve,Left hypoglossal nerve
nejm,all_I=jpeg_S=3,159,image_159.jpg,Erythrasma,Tinea imbricata
nejm,all_I=jpeg_S=3,160,image_160.jpg,Mosquito,Mosquito
nejm,all_I=jpeg_S=3,161,image_161.jpg,Self-flagellation,Treatment with bleomycin
nejm,all_I=jpeg_S=3,162,image_162.jpg,Langerhans-cell histiocytosis,Langerhans-cell histiocytosis
nejm,all_I=jpeg_S=3,163,image_163.jpg,Central retinal vein occlusion,Cholesterol embolism
nejm,all_I=jpeg_S=3,164,image_164.jpg,Onychomycosis,Squamous-cell carcinoma
nejm,all_I=jpeg_S=3,165,image_165.jpg,Renal cryptococcosis,Renal cryptococcosis
nejm,all_I=jpeg_S=3,166,image_166.jpg,Leptospirosis,Tungiasis
nejm,all_I=jpeg_S=3,167,image_167.jpg,Coronary artery disease,Coronary artery disease
nejm,all_I=jpeg_S=3,168,image_168.jpg,Liver abscess,Liver abscess
nejm,all_I=jpeg_S=3,169,image_169.jpg,Interlabial cyst,Hydrocolpos
nejm,all_I=jpeg_S=3,170,image_170.jpg,Hemianopia,Hemiparesis
nejm,all_I=jpeg_S=3,171,image_171.jpg,Punctate psoriasis,Keratoderma
nejm,all_I=jpeg_S=3,172,image_172.jpg,Chronic lung allograft dysfunction,Parvovirus B19 infection
nejm,all_I=jpeg_S=3,173,image_173.jpg,Polyarteritis nodosa,Polyarteritis nodosa
nejm,all_I=jpeg_S=3,174,image_174.jpg,Duodenal atresia,Pyloric stenosis
nejm,all_I=jpeg_S=3,175,image_175.jpg,HIV IgM antibody,HIV nucleic acid test
nejm,all_I=jpeg_S=3,176,image_176.jpg,Urate,Oxalate
nejm,all_I=jpeg_S=3,177,image_177.jpg,Guttate psoriasis,Pemphigus vulgaris
nejm,all_I=jpeg_S=3,178,image_178.jpg,Trypanosoma brucei,Trypanosoma brucei
nejm,all_I=jpeg_S=3,179,image_179.jpg,Drug-Eluting Bead Embolism,Drug-Eluting Bead Embolism
nejm,all_I=jpeg_S=3,180,image_180.jpg,Toxocara canis,Dirofilaria repens
nejm,all_I=jpeg_S=3,181,image_181.jpg,Oral lichen planus,Giant-cell arteritis
nejm,all_I=jpeg_S=3,182,image_182.jpg,Atlanto-axial subluxation,Atlanto-occipital dislocation
nejm,all_I=jpeg_S=3,183,image_183.jpg,Chickenpox,Chickenpox
nejm,all_I=jpeg_S=3,184,image_184.jpg,Aspiration pneumonia,Bronchoesophageal fistula
nejm,all_I=jpeg_S=3,185,image_185.jpg,Turner syndrome,Turner syndrome
nejm,all_I=jpeg_S=3,186,image_186.jpg,Paget's disease,Paget's disease
nejm,all_I=jpeg_S=3,187,image_187.jpg,Traumatic fibroma,Squamous-cell carcinoma
nejm,all_I=jpeg_S=3,188,image_188.jpg,Fibrolipomatous hamartoma of ulnar nerve,Mycobacterial tenosynovitis due to Mycobacterium avium complex
nejm,all_I=jpeg_S=3,189,image_189.jpg,Osteitis fibrosa,Calcinos
nejm,all_I=jpeg_S=3,190,image_190.jpg,Mucocele,Lipoma
nejm,all_I=jpeg_S=3,191,image_191.jpg,Familial hypercholesterolemia,Kawasaki's disease
nejm,all_I=jpeg_S=3,192,image_192.jpg,Pulmonary silicosis,Multiple bacterial abscesses
nejm,all_I=jpeg_S=3,193,image_193.jpg,Lymphogranuloma venereum,Hidradenitis suppurativa
nejm,all_I=jpeg_S=3,194,image_194.jpg,Thyrotropin receptor antibodies,Thyrotropin receptor antibodies
nejm,all_I=jpeg_S=3,195,image_195.jpg,Retained suture,Loa loa
nejm,all_I=jpeg_S=3,196,image_196.jpg,Pneumopericardium,Pneumopericardium
nejm,all_I=jpeg_S=3,197,image_197.jpg,Erythema marginatum,Erythema marginatum
nejm,all_I=jpeg_S=3,198,image_198.jpg,Serpentine supravenous hyperpigmentation,Serpentine supravenous hyperpigmentation
nejm,all_I=jpeg_S=3,199,image_199.jpg,Psoriasis,Tinea
nejm,all_I=jpeg_S=3,200,image_200.jpg,Light-near dissociation,Light-near dissociation
nejm,all_I=jpeg_S=3,201,image_201.jpg,Rib metastases,Supernumerary rib
nejm,all_I=jpeg_S=3,202,image_202.jpg,Polychondritis,Polychondritis
nejm,all_I=jpeg_S=3,203,image_203.jpg,Hemophagocytosis of sickle cells,Hemophagocytosis of sickle cells
nejm,all_I=jpeg_S=3,204,image_204.jpg,Cushing's syndrome,Hypogonadism
nejm,all_I=jpeg_S=3,205,image_205.jpg,Pericardial effusion,Esophageal diverticulum
nejm,all_I=jpeg_S=3,206,image_206.jpg,Hidradinitis suppurativa,Pseudoxanthoma elasticum
nejm,all_I=jpeg_S=3,207,image_207.jpg,Amyloid angiopathy,Hereditary hemorrhagic telangiectasia
nejm,all_I=jpeg_S=3,208,image_208.jpg,Aortic and tricuspid valves,Aortic and mitral valves
nejm,all_I=jpeg_S=3,209,image_209.jpg,Median nerve palsy,Albright's hereditary osteodystrophy
nejm,all_I=jpeg_S=3,210,image_210.jpg,Arterial embolism,Polyarteritis nodosa
nejm,all_I=jpeg_S=3,211,image_211.jpg,Osteogenesis imperfecta,Osteogenesis imperfecta
nejm,all_I=jpeg_S=3,212,image_212.jpg,Alzheimer's disease,Normal-pressure hydrocephalus
nejm,all_I=jpeg_S=3,213,image_213.jpg,Elevated opening pressure,Elevated opening pressure
nejm,all_I=jpeg_S=3,214,image_214.jpg,Addison's disease,Insulin resistance
nejm,all_I=jpeg_S=3,215,image_215.jpg,Lymphangitis,Electrocution
nejm,all_I=jpeg_S=3,216,image_216.jpg,Myxoid sarcoma,Cysticercosis
nejm,all_I=jpeg_S=3,217,image_217.jpg,Acute hemorrhagic conjunctivitis,Leptospirosis
nejm,all_I=jpeg_S=3,218,image_218.jpg,Necrobiosis lipoidica diabeticorum,Ischemic gangrene
nejm,all_I=jpeg_S=3,219,image_219.jpg,Inflammatory breast cancer,Carcinoma en cuirasse
nejm,all_I=jpeg_S=3,220,image_220.jpg,Impetigo,Scabies
nejm,all_I=jpeg_S=3,221,image_221.jpg,Kerley’s B lines,Air bronchogram
nejm,all_I=jpeg_S=3,222,image_222.jpg,Echinococcal cysts,Echinococcal cysts
nejm,all_I=jpeg_S=3,223,image_223.jpg,Rickets,Chondrocalcinosis
nejm,all_I=jpeg_S=3,224,image_224.jpg,Myocarditis,Stenosis of the left anterior descending artery
nejm,all_I=jpeg_S=3,225,image_225.jpg,Papillomatosis cutis lymphostatica,Papillomatosis cutis lymphostatica
nejm,all_I=jpeg_S=3,226,image_226.jpg,Ovarian torsion,Fallopian tube torsion
nejm,all_I=jpeg_S=3,227,image_227.jpg,Rhinophyma,Rhinophyma
nejm,all_I=jpeg_S=3,228,image_228.jpg,Dermoid,Dermoid
nejm,all_I=jpeg_S=3,229,image_229.jpg,Erythrodermic psoriasis,Erythrodermic psoriasis
nejm,all_I=jpeg_S=3,230,image_230.jpg,Graves' disease,Prolapse of orbital fat
nejm,all_I=jpeg_S=3,231,image_231.jpg,Poland syndrome,Poland syndrome
nejm,all_I=jpeg_S=3,232,image_232.jpg,Lingua villosa nigra,Lingua villosa nigra
nejm,all_I=jpeg_S=3,233,image_233.jpg,Interventricular septum,Intercostal muscle
nejm,all_I=jpeg_S=3,234,image_234.jpg,Gastric cancer,Gastric cancer
nejm,all_I=jpeg_S=3,235,image_235.jpg,Nelson’s syndrome,Somatotropic pituitary adenoma
nejm,all_I=jpeg_S=3,236,image_236.jpg,Parvovirus B19,Treponema pallidum
nejm,all_I=jpeg_S=3,237,image_237.jpg,Leukemic infiltration of the gingiva,Leukemic infiltration of the gingiva
nejm,all_I=jpeg_S=3,238,image_238.jpg,Necrobiosis lipoidica diabeticorum,Necrolytic migratory erythema
nejm,all_I=jpeg_S=3,239,image_239.jpg,Closed-angle glaucoma,Waldenström’s macroglobulinemia
nejm,all_I=jpeg_S=3,240,image_240.jpg,Straddle pelvic fracture,Open-book fracture
nejm,all_I=jpeg_S=3,241,image_241.jpg,Tinea barbae,Tinea barbae
nejm,all_I=jpeg_S=3,242,image_242.jpg,"Hand, foot, and mouth disease",Herpetic whitlow
nejm,all_I=jpeg_S=3,243,image_243.jpg,Aortic aneurysm,Urinary retention
nejm,all_I=jpeg_S=3,244,image_244.jpg,Pneumothorax,Pneumothorax
nejm,all_I=jpeg_S=3,245,image_245.jpg,Juvenile xanthogranuloma,Persistent pupillary membranes
nejm,all_I=jpeg_S=3,246,image_246.jpg,Odontogenic cutaneous fistula,Odontogenic cutaneous fistula
nejm,all_I=jpeg_S=3,247,image_247.jpg,Lipodermatosclerosis,Superficial thrombophlebitis
nejm,all_I=jpeg_S=3,248,image_248.jpg,Molluscum contagiosum,Molluscum contagiosum
nejm,all_I=jpeg_S=3,249,image_249.jpg,Cutaneous leishmaniasis,Cutaneous leishmaniasis
nejm,all_I=jpeg_S=3,250,image_250.jpg,Giant-cell arteritis,Giant-cell arteritis
nejm,all_I=jpeg_S=3,251,image_251.jpg,Overuse from manual labor,Antisynthetase syndrome
nejm,all_I=jpeg_S=3,252,image_252.jpg,Nummular eczema,Nummular eczema
nejm,all_I=jpeg_S=3,253,image_253.jpg,Cellulitis,Acute lymphangitis
nejm,all_I=jpeg_S=3,254,image_254.jpg,Cavernous sinus thrombosis,Rheumatoid arthritis
nejm,all_I=jpeg_S=3,255,image_255.jpg,Sublingual epidermoid cyst,Sublingual epidermoid cyst
nejm,all_I=jpeg_S=3,256,image_256.jpg,Miliary tuberculosis,Sarcoidosis
nejm,all_I=jpeg_S=3,257,image_257.jpg,Herpes simplex,Syphilis
nejm,all_I=jpeg_S=3,258,image_258.jpg,"Small coins (e.g., a penny)",Foreign bodies that have been present for longer than 24 hours
nejm,all_I=jpeg_S=3,259,image_259.jpg,Electrical alternans,Cardiac allograft
nejm,all_I=jpeg_S=3,260,image_260.jpg,Phlegmasia cerulea dolens,Phlegmasia cerulea dolens
nejm,all_I=jpeg_S=3,261,image_261.jpg,Measles,Measles
nejm,all_I=jpeg_S=3,262,image_262.jpg,Herpetic keratitis,Vernal conjunctivitis
nejm,all_I=jpeg_S=3,263,image_263.jpg,Pericardial space,Left ventricle
nejm,all_I=jpeg_S=3,264,image_264.jpg,Bilirubin,Bilirubin
nejm,all_I=jpeg_S=3,265,image_265.jpg,Acromegaly,Eisenmenger's syndrome
nejm,all_I=jpeg_S=3,266,image_266.jpg,Polycystic kidney disease,Page kidney
nejm,all_I=jpeg_S=3,267,image_267.jpg,Gastric outlet obstruction,Ulcerative colitis
nejm,all_I=jpeg_S=3,268,image_268.jpg,Geographic tongue,Geographic tongue
nejm,all_I=jpeg_S=3,269,image_269.jpg,Multiple Myeloma,Bone marrow necrosis
nejm,all_I=jpeg_S=3,270,image_270.jpg,Permethrin,Permethrin
nejm,all_I=jpeg_S=3,271,image_271.jpg,Hypothyroidism,Hypothyroidism
nejm,all_I=jpeg_S=3,272,image_272.jpg,Preeclampsia,Preeclampsia
nejm,all_I=jpeg_S=3,273,image_273.jpg,Senile ileus,Intestinal lipomatosis
nejm,all_I=jpeg_S=3,274,image_274.jpg,Temporal arteritis,Cholesterol emboli
nejm,all_I=jpeg_S=3,275,image_275.jpg,Aphthous stomatitis,Herpes zoster
nejm,all_I=jpeg_S=3,276,image_276.jpg,Sporotrichosis,Sporotrichosis
nejm,all_I=jpeg_S=3,277,image_277.jpg,Central retinal artery occlusion,Central retinal artery occlusion
nejm,all_I=jpeg_S=3,278,image_278.jpg,Hematometrocolpos,Hematometrocolpos
nejm,all_I=jpeg_S=3,279,image_279.jpg,Systemic lupus erythematosus,Superior vena cava syndrome
nejm,all_I=jpeg_S=3,280,image_280.jpg,Sickle cell disease,Cirrhosis
nejm,all_I=jpeg_S=3,281,image_281.jpg,Ménétrier’s disease,Ménétrier’s disease
nejm,all_I=jpeg_S=3,282,image_282.jpg,Pseudothrombocytopenia due to plate clumping associated with EDTA,Pseudothrombocytosis due to red cell fragments
nejm,all_I=jpeg_S=3,283,image_283.jpg,Anterior uveitis,Carotid cavernous sinus fistula
nejm,all_I=jpeg_S=3,284,image_284.jpg,Plastic bronchitis,Plastic bronchitis
nejm,all_I=jpeg_S=3,285,image_285.jpg,Hernia,Intraabdominal cancer
nejm,all_I=jpeg_S=3,286,image_286.jpg,Rosacea,Rosacea
nejm,all_I=jpeg_S=3,287,image_287.jpg,Abdominal aortic aneurysm,Urachal mucinous cystic tumor
nejm,all_I=jpeg_S=3,288,image_288.jpg,Quadriplegia,Quadriplegia
nejm,all_I=jpeg_S=3,289,image_289.jpg,Retinitis pigmentosa,Marfan’s syndrome
nejm,all_I=jpeg_S=3,290,image_290.jpg,Sclerosing sialadenitis,Sclerosing sialadenitis
nejm,all_I=jpeg_S=3,291,image_291.jpg,Cardiac amyloidosis,Angiosarcoma
nejm,all_I=jpeg_S=3,292,image_292.jpg,Chronic venous insufficiency,Chronic venous insufficiency
nejm,all_I=jpeg_S=3,293,image_293.jpg,Retrocuspid papillae,Torus mandibularis
nejm,all_I=jpeg_S=3,294,image_294.jpg,Spindle-cell sarcoma,Spindle-cell sarcoma
nejm,all_I=jpeg_S=3,295,image_295.jpg,Spleen,Stomach
nejm,all_I=jpeg_S=3,296,image_296.jpg,Cogan’s syndrome,Cogan’s syndrome
nejm,all_I=jpeg_S=3,297,image_297.jpg,Salbutamol,Ipratropium
nejm,all_I=jpeg_S=3,298,image_298.jpg,Diabetic bullae,Eruptive xanthomas
nejm,all_I=jpeg_S=3,299,image_299.jpg,Sialolithiasis,Iodide-associated sialadenitis
nejm,all_I=jpeg_S=3,300,image_300.jpg,Peritoneal carcinomatosis,Encapsulating peritoneal sclerosis
nejm,all_I=jpeg_S=3,301,image_301.jpg,Beta2-microglobulin,Calcitonin
nejm,all_I=jpeg_S=3,302,image_302.jpg,Acromegaly,Primary hypertrophic osteoarthropathy
nejm,all_I=jpeg_S=3,303,image_303.jpg,Congenital cytomegalovirus infection,Congenital cytomegalovirus infection
nejm,all_I=jpeg_S=3,304,image_304.jpg,Left anterior descending artery occlusion,Right coronary artery occlusion
nejm,all_I=jpeg_S=3,305,image_305.jpg,Tracheal agenesis with bronchoesophageal fistula,Tracheal agenesis with bronchoesophageal fistula
nejm,all_I=jpeg_S=3,306,image_306.jpg,Anti-tissue transglutaminase antibody,Angiotensin-converting enzyme
nejm,all_I=jpeg_S=3,307,image_307.jpg,Speckled lentiginous naevi,Neurofibromatosis
nejm,all_I=jpeg_S=3,308,image_308.jpg,Polyarteritis nodosa,Systemic lupus erythematosus
nejm,all_I=jpeg_S=3,309,image_309.jpg,Granulomatosis with polyangiitis,Granulomatosis with polyangiitis
nejm,all_I=jpeg_S=3,310,image_310.jpg,Cisplatin overdose,Ethylene glycol poisoning
nejm,all_I=jpeg_S=3,311,image_311.jpg,Trichobezoar,Ascariasis
nejm,all_I=jpeg_S=3,312,image_312.jpg,Epstein-Barr virus,Group A streptococcus
nejm,all_I=jpeg_S=3,313,image_313.jpg,Retinoblastoma,Shaken-baby syndrome
nejm,all_I=jpeg_S=3,314,image_314.jpg,Sweet’s syndrome,Exanthematous pustulosis
nejm,all_I=jpeg_S=3,315,image_315.jpg,Infectious mononucleosis,Rubella
nejm,all_I=jpeg_S=3,316,image_316.jpg,Tropical pyoderma,Cutaneous leishmaniasis
nejm,all_I=jpeg_S=3,317,image_317.jpg,Thrombotic vasculopathy,Thrombotic vasculopathy
nejm,all_I=jpeg_S=3,318,image_318.jpg,Scalded skin syndrome,Herpes simplex virus infection
nejm,all_I=jpeg_S=3,319,image_319.jpg,Plummer Vinson syndrome,Eosinophilic esophagitis
nejm,all_I=jpeg_S=3,320,image_320.jpg,Pharyngeal foreign body,Prevertebral air
nejm,all_I=jpeg_S=3,321,image_321.jpg,Cows,Cats
nejm,all_I=jpeg_S=3,322,image_322.jpg,Lymphoma,Histoplasmosis
nejm,all_I=jpeg_S=3,323,image_323.jpg,Paragonimiasis,Paragonimiasis
nejm,all_I=jpeg_S=3,324,image_324.jpg,Brachial artery stenosis,Fibromuscular dysplasia
nejm,all_I=jpeg_S=3,325,image_325.jpg,Condylomata acuminata,Condylomata lata
nejm,all_I=jpeg_S=3,326,image_326.jpg,Paget's disease,Adrenal insufficiency
nejm,all_I=jpeg_S=3,327,image_327.jpg,Vitamin B12 deficiency,Vitamin B12 deficiency
nejm,all_I=jpeg_S=3,328,image_328.jpg,Staphylococcal scalded skin syndrome,Ostraceous psoriasis
nejm,all_I=jpeg_S=3,329,image_329.jpg,Squamous-cell carcinoma,Squamous-cell carcinoma
nejm,all_I=jpeg_S=3,330,image_330.jpg,Conn’s syndrome,Primary adrenal lymphoma
nejm,all_I=jpeg_S=3,331,image_331.jpg,Spider angioma,Spider angioma
nejm,all_I=jpeg_S=3,332,image_332.jpg,Yaws,Actinomycetoma
nejm,all_I=jpeg_S=3,333,image_333.jpg,Malignant melanoma,Halo nevus
nejm,all_I=jpeg_S=3,334,image_334.jpg,Amiodarone-induced skin discoloration,Amiodarone-induced skin discoloration
nejm,all_I=jpeg_S=3,335,image_335.jpg,Leukemia,Leukemia
nejm,all_I=jpeg_S=3,336,image_336.jpg,Babesiosis,Tickborne relapsing fever
nejm,all_I=jpeg_S=3,337,image_337.jpg,Necrolytic migratory erythema,Erythema gyratum repens
nejm,all_I=jpeg_S=3,338,image_338.jpg,Thromboangiitis obliterans,Deep venous thrombosis
nejm,all_I=jpeg_S=3,339,image_339.jpg,Chlamydial pneumonia,Bordetella pertussis
nejm,all_I=jpeg_S=3,340,image_340.jpg,Chronic laxative use,Ingestion of a heavy metal
nejm,all_I=jpeg_S=3,341,image_341.jpg,Tophaceous gout,Tophaceous gout
nejm,all_I=jpeg_S=3,342,image_342.jpg,Intussusception,Internal hernia
nejm,all_I=jpeg_S=3,343,image_343.jpg,Colonic pseudo-obstruction,Colocolonic intussusception
nejm,all_I=jpeg_S=3,344,image_344.jpg,Renal cortical necrosis,Cholesterol crystals
nejm,all_I=jpeg_S=3,345,image_345.jpg,Pulmonary-artery dissection,Pulmonary-artery dissection
nejm,all_I=jpeg_S=3,346,image_346.jpg,Metastatic small cell lung carcinoma,Beta-thalassemia
nejm,all_I=jpeg_S=3,347,image_347.jpg,"Consumption of undercooked, infected fish","Consumption of undercooked, infected beef"
nejm,all_I=jpeg_S=3,348,image_348.jpg,Pemphigus vulgaris,Neutrophilic dermatosis
nejm,all_I=jpeg_S=3,349,image_349.jpg,Alkaline phosphatase,Alkaline phosphatase
nejm,all_I=jpeg_S=3,350,image_350.jpg,Ogilvie’s syndrome,Ogilvie’s syndrome
nejm,all_I=jpeg_S=3,351,image_351.jpg,Toxoplasmosis,Toxoplasmosis
nejm,all_I=jpeg_S=3,352,image_352.jpg,Melasma,Fluorouracil side effect
nejm,all_I=jpeg_S=3,353,image_353.jpg,Furuncular myiasis,Furuncular myiasis
nejm,all_I=jpeg_S=3,354,image_354.jpg,Paget's disease,Sarcoidosis
nejm,all_I=jpeg_S=3,355,image_355.jpg,Radial keratotomy,Radial keratotomy
nejm,all_I=jpeg_S=3,356,image_356.jpg,Nephrostomy tube,Uterine perforation
nejm,all_I=jpeg_S=3,357,image_357.jpg,Lyme neuroborreliosis,Creutzfeld-Jakob disease
nejm,all_I=jpeg_S=3,358,image_358.jpg,Pneumoconiosis,Tobacco
nejm,all_I=jpeg_S=3,359,image_359.jpg,Metastatic lung cancer,Metastatic lung cancer
nejm,all_I=jpeg_S=3,360,image_360.jpg,Radiation-induced angiosarcoma,Radiation-induced angiosarcoma
nejm,all_I=jpeg_S=3,361,image_361.jpg,Pemphigoid gestationis,Atopic eruption of pregnancy
nejm,all_I=jpeg_S=3,362,image_362.jpg,Riboflavin,Niacin
nejm,all_I=jpeg_S=3,363,image_363.jpg,Autoimmune hemolytic anemia,Spur-cell hemolytic anemia
nejm,all_I=jpeg_S=3,364,image_364.jpg,Cutaneous larva migrans,Cutaneous larva migrans
nejm,all_I=jpeg_S=3,365,image_365.jpg,Herpes simplex virus infection,Treponema pallidum infection
nejm,all_I=jpeg_S=3,366,image_366.jpg,Erythema infectiosum,Insect bite
nejm,all_I=jpeg_S=3,367,image_367.jpg,Diaphragm,Diaphragm
nejm,all_I=jpeg_S=3,368,image_368.jpg,Pneumothorax,Lung herniation
nejm,all_I=jpeg_S=3,369,image_369.jpg,Situs inversus,Spinal dysraphism
nejm,all_I=jpeg_S=3,370,image_370.jpg,Klippel-Trénaunay syndrome,Infant harlequin syndrome
nejm,all_I=jpeg_S=3,371,image_371.jpg,Cleft jaw,Mandibular fracture
nejm,all_I=jpeg_S=3,372,image_372.jpg,Panniculitis,Panniculitis
nejm,all_I=jpeg_S=3,373,image_373.jpg,Peutz–Jeghers syndrome,Peutz–Jeghers syndrome
nejm,all_I=jpeg_S=3,374,image_374.jpg,Candida,Secondary syphilis
nejm,all_I=jpeg_S=3,375,image_375.jpg,Osborn wave,Osborn wave
nejm,all_I=jpeg_S=3,376,image_376.jpg,Staphylococcal scalded skin syndrome,Staphylococcal scalded skin
nejm,all_I=jpeg_S=3,377,image_377.jpg,Divarication of the rectus abdominis,Insulin lipohypertrophy
nejm,all_I=jpeg_S=3,378,image_378.jpg,Tinea capitis,Actinic granuloma
nejm,all_I=jpeg_S=3,379,image_379.jpg,Neurocysticercosis,Cystic echinococcosis
nejm,all_I=jpeg_S=3,380,image_380.jpg,Alcohol dependency,Alcohol dependency
nejm,all_I=jpeg_S=3,381,image_381.jpg,Multiple iris nevi,Lisch nodules
nejm,all_I=jpeg_S=3,382,image_382.jpg,Zinc,Zinc
nejm,all_I=jpeg_S=3,383,image_383.jpg,Thrombocytosis,Eosinophilia
nejm,all_I=jpeg_S=3,384,image_384.jpg,Lupus retinal vasculitis,Antiphospholipid syndrome
nejm,all_I=jpeg_S=3,385,image_385.jpg,Subdural hematoma,Epidural hematoma
nejm,all_I=jpeg_S=3,386,image_386.jpg,Pancreatic phlegmon,Trichobezoar
nejm,all_I=jpeg_S=3,387,image_387.jpg,Osteitis fibrosa cystica,Osteomalacia
nejm,all_I=jpeg_S=3,388,image_388.jpg,Polyarteritis nodosa vasculitis,Lymphoma
nejm,all_I=jpeg_S=3,389,image_389.jpg,Bone scan,Bone scan
nejm,all_I=jpeg_S=3,390,image_390.jpg,Thyroid cancer,Gastric cancer
nejm,all_I=jpeg_S=3,391,image_391.jpg,Drug-induced reaction,Malakoplakia
nejm,all_I=jpeg_S=3,392,image_392.jpg,Prolactinoma,Prolactinoma
nejm,all_I=jpeg_S=3,393,image_393.jpg,Systemic lupus erythematosus,Systemic lupus erythematosus
nejm,all_I=jpeg_S=3,394,image_394.jpg,Intravitreal hemorrhage,Traumatic bleb
nejm,all_I=jpeg_S=3,395,image_395.jpg,Leukemia cutis,Soft-tissue calcinosis
nejm,all_I=jpeg_S=3,396,image_396.jpg,Epidermodysplasia verruciformis,Chromoblastomycosis
nejm,all_I=jpeg_S=3,397,image_397.jpg,Pectus excavatum,Pectus excavatum
nejm,all_I=jpeg_S=3,398,image_398.jpg,Tuberculosis,Tuberculosis
nejm,all_I=jpeg_S=3,399,image_399.jpg,Discoid lupus,Fibrosing alopecia
nejm,all_I=jpeg_S=3,400,image_400.jpg,Ludwig’s angina,Ludwig’s angina
nejm,all_I=jpeg_S=3,401,image_401.jpg,Nephrogenic fibrosing dermopathy,Nephrogenic fibrosing dermopathy
nejm,all_I=jpeg_S=3,402,image_402.jpg,Lingual carcinoma,Hypoglossal nerve injury
nejm,all_I=jpeg_S=3,403,image_403.jpg,Cystic echinococcosis,Cystic echinococcosis
nejm,all_I=jpeg_S=3,404,image_404.jpg,Congestive heart failure,Congestive heart failure
nejm,all_I=jpeg_S=3,405,image_405.jpg,Systemic lupus erythematosus,Scleroderma
nejm,all_I=jpeg_S=3,406,image_406.jpg,Candida albicans,Corynebacterium minutissimum
nejm,all_I=jpeg_S=3,407,image_407.jpg,Hydropneumothorax,Hydropneumothorax
nejm,all_I=jpeg_S=3,408,image_408.jpg,Calcium pyrophosphate deposition disease,Gout
nejm,all_I=jpeg_S=3,409,image_409.jpg,Drug reaction with eosinophilia and systemic symptoms,Drug reaction with eosinophilia and systemic symptoms
nejm,all_I=jpeg_S=3,410,image_410.jpg,Raynaud disease,Subclavian vein thrombosis
nejm,all_I=jpeg_S=3,411,image_411.jpg,Infantile hepatic hemangiomas,Infantile hepatic hemangiomas
nejm,all_I=jpeg_S=3,412,image_412.jpg,Cryptococcus neoformans,Histoplasma capsulatum
nejm,all_I=jpeg_S=3,413,image_413.jpg,Cerebriform nevus sebaceous,Cerebriform nevus sebaceous
nejm,all_I=jpeg_S=3,414,image_414.jpg,Dubin-Johnson syndrome,Metastatic colon cancer
nejm,all_I=jpeg_S=3,415,image_415.jpg,Vitiligo,Vitiligo
nejm,all_I=jpeg_S=3,416,image_416.jpg,Pheochromocytoma,Carcinoid syndrome
nejm,all_I=jpeg_S=3,417,image_417.jpg,Congenital melanocytic nevus,Congenital melanocytic nevus
nejm,all_I=jpeg_S=3,418,image_418.jpg,Marfan’s syndrome,Multiple endocrine neoplasia type 2B
nejm,all_I=jpeg_S=3,419,image_419.jpg,Medullary carcinoma of the thyroid,Peripancreatic malignancy
nejm,all_I=jpeg_S=3,420,image_420.jpg,Convergent strabismus,Intraocular tumor
nejm,all_I=jpeg_S=3,421,image_421.jpg,Cryptococcal meningitis,Cryptococcal meningitis
nejm,all_I=jpeg_S=3,422,image_422.jpg,Beta-blocker,Angiotensin converting-enzyme inhibitor
nejm,all_I=jpeg_S=3,423,image_423.jpg,Plantar warts,Plantar warts
nejm,all_I=jpeg_S=3,424,image_424.jpg,Addison's disease,Diabetes mellitus
nejm,all_I=jpeg_S=3,425,image_425.jpg,Glycogenic acanthosis,Nodular lymphoid hyperplasia
nejm,all_I=jpeg_S=3,426,image_426.jpg,Peritonsillar abscess,Retropharyngeal abscess
nejm,all_I=jpeg_S=3,427,image_427.jpg,Chloroquine,Chloroquine
nejm,all_I=jpeg_S=3,428,image_428.jpg,Diffuse cutaneous systemic sclerosis,Diffuse cutaneous systemic sclerosis
nejm,all_I=jpeg_S=3,429,image_429.jpg,Chronic constipation,Diabetes mellitus
nejm,all_I=jpeg_S=3,430,image_430.jpg,Apply cervical collar to stabilize the neck,Leave the foreign object in place
nejm,all_I=jpeg_S=3,431,image_431.jpg,Thromboangiitis obliterans,Ergotism
nejm,all_I=jpeg_S=3,432,image_432.jpg,Osteopetrosis,Ankylosing spondylitis
nejm,all_I=jpeg_S=3,433,image_433.jpg,Endocrine system,Respiratory system
nejm,all_I=jpeg_S=3,434,image_434.jpg,Bullous ichthyosiform erythroderma,Harlequin color change
nejm,all_I=jpeg_S=3,435,image_435.jpg,Tonsillar cancer,Tonsillar cancer
nejm,all_I=jpeg_S=3,436,image_436.jpg,Acute pulmonary embolism,Ascending aortic aneurysm
nejm,all_I=jpeg_S=3,437,image_437.jpg,Vitiligo,Congenital nevus
nejm,all_I=jpeg_S=3,438,image_438.jpg,Vibrio vulnificus,Vibrio vulnificus
nejm,all_I=jpeg_S=3,439,image_439.jpg,Atypical antipsychotic,Protease inhibitor
nejm,all_I=jpeg_S=3,440,image_440.jpg,Wernicke’s encephalopathy,Wernicke’s encephalopathy
nejm,all_I=jpeg_S=3,441,image_441.jpg,Gastrointestinal lymphoma,Superior mesenteric artery syndrome
nejm,all_I=jpeg_S=3,442,image_442.jpg,Mucocele,Mucocele
nejm,all_I=jpeg_S=3,443,image_443.jpg,Herpes simplex virus,Varicella-zoster virus
nejm,all_I=jpeg_S=3,444,image_444.jpg,Myasthenia gravis,Myasthenia gravis
nejm,all_I=jpeg_S=3,445,image_445.jpg,Pleural perforation,Pleural perforation
nejm,all_I=jpeg_S=3,446,image_446.jpg,Lactational mastitis,Polymastia
nejm,all_I=jpeg_S=3,447,image_447.jpg,Paronychia,Gout
nejm,all_I=jpeg_S=3,448,image_448.jpg,Penicillin or azithromycin,Aspirin and intravenous immune globulin
nejm,all_I=jpeg_S=3,449,image_449.jpg,Glucocorticoid induced ulceration,Extranodal natural killer T-cell lymphoma
nejm,all_I=jpeg_S=3,450,image_450.jpg,Amyloidosis,Celiac disease
nejm,all_I=jpeg_S=3,451,image_451.jpg,Pellagra,Amyotrophic lateral sclerosis
nejm,all_I=jpeg_S=3,452,image_452.jpg,Sjogren's syndrome,Uveoparotid fever
nejm,all_I=jpeg_S=3,453,image_453.jpg,Pyoderma gangrenosum,Anti-MDA5 dermatomyositis
nejm,all_I=jpeg_S=3,454,image_454.jpg,Recurrent breast cancer,Cellulitis
nejm,all_I=jpeg_S=3,455,image_455.jpg,Acute mesenteric ischemia,Intraabdominal hernia
nejm,all_I=jpeg_S=3,456,image_456.jpg,Acute dacryocystitis,Acute dacryocystitis
nejm,all_I=jpeg_S=3,457,image_457.jpg,Anti-Hu antibody,Anti-Hu antibody
nejm,all_I=jpeg_S=3,458,image_458.jpg,Crusted scabies,Crusted scabies
nejm,all_I=jpeg_S=3,459,image_459.jpg,Schistosoma hematobium,Schistosoma hematobium
nejm,all_I=jpeg_S=3,460,image_460.jpg,Atlantoaxial dislocation,Epiglottitis
nejm,all_I=jpeg_S=3,461,image_461.jpg,Erythema multiforme,Urticaria multiforme
nejm,all_I=jpeg_S=3,462,image_462.jpg,Tetracycline,Tetracycline
nejm,all_I=jpeg_S=3,463,image_463.jpg,Cortisol,Alkaline phosphatase
nejm,all_I=jpeg_S=3,464,image_464.jpg,Neutrophilic eccrine hidradenitis,Neutrophilic eccrine hidradenitis
nejm,all_I=jpeg_S=3,465,image_465.jpg,"Right hemiparesis, gaze deviated to the right","Left hemiparesis, gaze deviated to the right"
nejm,all_I=jpeg_S=3,466,image_466.jpg,Lead exposure,Lead exposure
nejm,all_I=jpeg_S=3,467,image_467.jpg,Paraneoplastic pemphigus,Necrolytic migratory erythema
nejm,all_I=jpeg_S=3,468,image_468.jpg,Livedo reticularis,Erythema ab igne
nejm,all_I=jpeg_S=3,469,image_469.jpg,Melasma,Phototoxic dermatitis
nejm,all_I=jpeg_S=3,470,image_470.jpg,Laryngeal candidiasis,Laryngeal candidiasis
nejm,all_I=jpeg_S=3,471,image_471.jpg,Zenker's diverticulum,Zenker's diverticulum
nejm,all_I=jpeg_S=3,472,image_472.jpg,Paget-Schroetter disease,Mondor’s disease
nejm,all_I=jpeg_S=3,473,image_473.jpg,Posterior reversible encephalopathy syndrome,Posterior reversible encephalopathy syndrome
nejm,all_I=jpeg_S=3,474,image_474.jpg,Systemic sclerosis,Systemic sclerosis
nejm,all_I=jpeg_S=3,475,image_475.jpg,"Hypercalcemia, hypophosphatemia, and hyperkalemia","Hypocalcemia, hypophosphatemia, and hyperkalemia"
nejm,all_I=jpeg_S=3,476,image_476.jpg,Slipped capital femoral epiphysis,Legg–Calvé–Perthes disease
nejm,all_I=jpeg_S=3,477,image_477.jpg,Decompression sickness,Decompression sickness
nejm,all_I=jpeg_S=3,478,image_478.jpg,Porphyria cutanea tarda,Porphyria cutanea tarda
nejm,all_I=jpeg_S=3,479,image_479.jpg,Graves' disease,Graves' disease
nejm,all_I=jpeg_S=3,480,image_480.jpg,Congenital adrenal hyperplasia,Congenital adrenal hyperplasia
nejm,all_I=jpeg_S=3,481,image_481.jpg,Cutaneous metastases,Cutaneous metastases
nejm,all_I=jpeg_S=3,482,image_482.jpg,Thromboangiitis obliterans,Thromboangiitis obliterans
nejm,all_I=jpeg_S=3,483,image_483.jpg,Cataract,Cataract
nejm,all_I=jpeg_S=3,484,image_484.jpg,Fabry's disease,Atherosclerosis
nejm,all_I=jpeg_S=3,485,image_485.jpg,Sarcoidosis,Situs inversus totalis
nejm,all_I=jpeg_S=3,486,image_486.jpg,Hypertensive retinopathy,Hypertriglyceridemia
nejm,all_I=jpeg_S=3,487,image_487.jpg,Peritonsillar abscess,Obstructive parotitis
nejm,all_I=jpeg_S=3,488,image_488.jpg,Ischemic colitis,Ischemic colitis
nejm,all_I=jpeg_S=3,489,image_489.jpg,Small-cell lung cancer,Small-cell lung cancer
nejm,all_I=jpeg_S=3,490,image_490.jpg,Taenia solium,Strongyloides stercoralis
nejm,all_I=jpeg_S=3,491,image_491.jpg,Levamisole,Xylazine
nejm,all_I=jpeg_S=3,492,image_492.jpg,Parathyroid carcinoma,Hodgkin's lymphoma
nejm,all_I=jpeg_S=3,493,image_493.jpg,Brucellosis,Brucellosis
nejm,all_I=jpeg_S=3,494,image_494.jpg,IgG4-related ophthalmic disease,IgG4-related ophthalmic disease
nejm,all_I=jpeg_S=3,495,image_495.jpg,Periodontitis,Dermatomyositis
nejm,all_I=jpeg_S=3,496,image_496.jpg,Mucormycosis,Curvularia alcornii
nejm,all_I=jpeg_S=3,497,image_497.jpg,Bulbar palsy,Romberg's sign
nejm,all_I=jpeg_S=3,498,image_498.jpg,Acinetobacter baumannii,Klebsiella rhinoscleromatis
nejm,all_I=jpeg_S=3,499,image_499.jpg,Lingual artery thrombosis,Tissue plasminogen activator-associated angioedema
nejm,all_I=jpeg_S=3,500,image_500.jpg,Macular sparing hemianopia,Inferior hemifield loss
nejm,all_I=jpeg_S=3,501,image_501.jpg,Syphilis,Infective endocarditis
nejm,all_I=jpeg_S=3,502,image_502.jpg,Nephrogenic systemic fibrosis,Nephrogenic systemic fibrosis
nejm,all_I=jpeg_S=3,503,image_503.jpg,Ungal melanoma,Splinter hemorrhages
nejm,all_I=jpeg_S=3,504,image_504.jpg,Leprosy,Leprosy
nejm,all_I=jpeg_S=3,505,image_505.jpg,Abscess,Abscess
nejm,all_I=jpeg_S=3,506,image_506.jpg,Dirofilaria repens infection,Dirofilaria repens infection
nejm,all_I=jpeg_S=3,507,image_507.jpg,Cushing's syndrome,Paraneoplastic disorder
nejm,all_I=jpeg_S=3,508,image_508.jpg,Perirenal extramedullary hematopoiesis,Perirenal extramedullary hematopoiesis
nejm,all_I=jpeg_S=3,509,image_509.jpg,Carcinoid tumor,Bulimia nervosa
nejm,all_I=jpeg_S=3,510,image_510.jpg,Chromomycosis,Iododerma
nejm,all_I=jpeg_S=3,511,image_511.jpg,Retinoblastoma,Retinoblastoma
nejm,all_I=jpeg_S=3,512,image_512.jpg,Intestinal obstruction,Perforation of a viscus
nejm,all_I=jpeg_S=3,513,image_513.jpg,Polymyositis,Dermatomyositis
nejm,all_I=jpeg_S=3,514,image_514.jpg,Acromegaly,Lipomatosis
nejm,all_I=jpeg_S=3,515,image_515.jpg,Nevus comedonicus,Nevus comedonicus
nejm,all_I=jpeg_S=3,516,image_516.jpg,Oral hairy leukoplakia,Uremic stomatitis
nejm,all_I=jpeg_S=3,517,image_517.jpg,Paget's disease,Systemic sclerosis
nejm,all_I=jpeg_S=3,518,image_518.jpg,Psoriasis,Chronic venous stasis
nejm,all_I=jpeg_S=3,519,image_519.jpg,Sjögren's syndrome,Sjögren's syndrome
nejm,all_I=jpeg_S=3,520,image_520.jpg,Thyroglossal duct cyst,Thyroglossal duct cyst
nejm,all_I=jpeg_S=3,521,image_521.jpg,Sarcoidosis,Wegener's granulomatosis
nejm,all_I=jpeg_S=3,522,image_522.jpg,Erythema nodosum,Necrobiosis lipoidica
nejm,all_I=jpeg_S=3,523,image_523.jpg,Lingual artery,Lingual artery
nejm,all_I=jpeg_S=3,524,image_524.jpg,Cerebral toxoplasmosis,Nocardia asteroides infection
nejm,all_I=jpeg_S=3,525,image_525.jpg,Raynaud syndrome,Achenbach’s syndrome
nejm,all_I=jpeg_S=3,526,image_526.jpg,Chancroid,Herpes vegetans
nejm,all_I=jpeg_S=3,527,image_527.jpg,Cushing's syndrome,Thrombosis of the inferior vena cava
nejm,all_I=jpeg_S=3,528,image_528.jpg,Molluscum contagiosum,Human papillomavirus
nejm,all_I=jpeg_S=3,529,image_529.jpg,Spinal muscular atrophy,Tay-Sachs disease
nejm,all_I=jpeg_S=3,530,image_530.jpg,Restrictive lung disease,Intrathoracic localized obstruction
nejm,all_I=jpeg_S=3,531,image_531.jpg,Hereditary angioedema,Thromboembolism
nejm,all_I=jpeg_S=3,532,image_532.jpg,Colonic volvulus,Pneumoperitoneum
nejm,all_I=jpeg_S=3,533,image_533.jpg,Heberden’s nodes,Jaccoud’s arthropathy
nejm,all_I=jpeg_S=3,534,image_534.jpg,Behçet’s disease,Cytomegalovirus infection
nejm,all_I=jpeg_S=3,535,image_535.jpg,Paget's disease,Renal tubular acidosis
nejm,all_I=jpeg_S=3,536,image_536.jpg,Vitamin B6,Zinc
nejm,all_I=jpeg_S=3,537,image_537.jpg,Cold agglutinins,Cold agglutinins
nejm,all_I=jpeg_S=3,538,image_538.jpg,Hemorrhoids,Enterobiasis
nejm,all_I=jpeg_S=3,539,image_539.jpg,Digital ischemia,Digital ischemia
nejm,all_I=jpeg_S=3,540,image_540.jpg,Croup,Croup
nejm,all_I=jpeg_S=3,541,image_541.jpg,Disseminated cutaneous blastomycosis,Disseminated cutaneous blastomycosis
nejm,all_I=jpeg_S=3,542,image_542.jpg,Otitis externa,Frey's syndrome
nejm,all_I=jpeg_S=3,543,image_543.jpg,Hemorrhagic cerebral metastasis,Cerebral cavernous malformations
nejm,all_I=jpeg_S=3,544,image_544.jpg,Prescribe nystatin,Counsel patient to stop smoking
nejm,all_I=jpeg_S=3,545,image_545.jpg,Tolosa-Hunt syndrome,Multiple myeloma
nejm,all_I=jpeg_S=3,546,image_546.jpg,Defect in glucuronidation leading to hyperbilirubinemia,About 50% of the serum bilirubin is conjugated
nejm,all_I=jpeg_S=3,547,image_547.jpg,Hampton’s hump,Hampton’s hump
nejm,all_I=jpeg_S=3,548,image_548.jpg,Leukemia cutis,Cryoglobulinemic vasculitis
nejm,all_I=jpeg_S=3,549,image_549.jpg,Papillary thyroid cancer,Ectopic thyroid
nejm,all_I=jpeg_S=3,550,image_550.jpg,Acute angle-closure glaucoma,Acute angle-closure glaucoma
nejm,all_I=jpeg_S=3,551,image_551.jpg,Trypanozoma cruzi,Plasmodium vivax
nejm,all_I=jpeg_S=3,552,image_552.jpg,Somatostatinoma,Glucagonoma
nejm,all_I=jpeg_S=3,553,image_553.jpg,Langerhans cell histiocytosis,Erdheim–Chester disease
nejm,all_I=jpeg_S=3,554,image_554.jpg,Gastric bezoar,Splenic cyst
nejm,all_I=jpeg_S=3,555,image_555.jpg,Vitiligo,Tinea versicolor
nejm,all_I=jpeg_S=3,556,image_556.jpg,Cobalamin (vitamin B12) deficiency,Pellagra
nejm,all_I=jpeg_S=3,557,image_557.jpg,Pthirus pubis,Pthirus pubis
nejm,all_I=jpeg_S=3,558,image_558.jpg,Diffuse alveolar hemorrhage,Pulmonary alveolar microlithiasis
nejm,all_I=jpeg_S=3,559,image_559.jpg,Trichophyton rubrum infection,Pseudomonas aeruginosa infection
nejm,all_I=jpeg_S=3,560,image_560.jpg,Penile contusion,Penile fracture
nejm,all_I=jpeg_S=3,561,image_561.jpg,HIV-associated diffuse large B-cell lymphoma,Disseminated Mycobacterium avium–intracellulare infection
nejm,all_I=jpeg_S=3,562,image_562.jpg,Psoralen,Erlotinib
nejm,all_I=jpeg_S=3,563,image_563.jpg,Schatzki ring,Adenocarcinoma
nejm,all_I=jpeg_S=3,564,image_564.jpg,Amalgam tattoo,Melanoma
nejm,all_I=jpeg_S=3,565,image_565.jpg,Umbilical hernia,Sister Mary Joseph's nodule
nejm,all_I=jpeg_S=3,566,image_566.jpg,Methemoglobinemia,Fluorescent dye
nejm,all_I=jpeg_S=3,567,image_567.jpg,Sarcoidosis,Pulmonary embolism
nejm,all_I=jpeg_S=3,568,image_568.jpg,Osgood–Schlatter disease,Osgood–Schlatter disease
nejm,all_I=jpeg_S=3,569,image_569.jpg,Pneumomediastinum,Pneumomediastinum
nejm,all_I=jpeg_S=3,570,image_570.jpg,Granulomatous iritis,Prominent iris collarette
nejm,all_I=jpeg_S=3,571,image_571.jpg,Malignant acanthosis nigricans,Malignant acanthosis nigricans
nejm,all_I=jpeg_S=3,572,image_572.jpg,Rhinophyma,Tuberous sclerosis
nejm,all_I=jpeg_S=3,573,image_573.jpg,Bilirubin elevation,Elevated protein
nejm,all_I=jpeg_S=3,574,image_574.jpg,Norwegian scabies,Malignant syphilis
nejm,all_I=jpeg_S=3,575,image_575.jpg,Trichuris trichiura,Diphyllobothrium latum
nejm,all_I=jpeg_S=3,576,image_576.jpg,Sarcoidosis,Mycobacterium marinum
nejm,all_I=jpeg_S=3,577,image_577.jpg,Right lower lobe,Left upper lobe
nejm,all_I=jpeg_S=3,578,image_578.jpg,Candidiasis,Herpes zoster
nejm,all_I=jpeg_S=3,579,image_579.jpg,Familial exudative vitreoretinopathy,X-linked retinoschisis
nejm,all_I=jpeg_S=3,580,image_580.jpg,Paget's disease,Pneumocephalus
nejm,all_I=jpeg_S=3,581,image_581.jpg,Pseudohypoparathyroidism,Albright's hereditary osteodystrophy
nejm,all_I=jpeg_S=3,582,image_582.jpg,Fluorosis,Fluorosis
nejm,all_I=jpeg_S=3,583,image_583.jpg,Staphylococcus aureus,Fusobacterium necrophorum
nejm,all_I=jpeg_S=3,584,image_584.jpg,Dupuytren's contracture,Dupuyten's contracture
nejm,all_I=jpeg_S=3,585,image_585.jpg,Wilson's disease,Wilson's disease
nejm,all_I=jpeg_S=3,586,image_586.jpg,Infective endocarditis,Infective endocarditis
nejm,all_I=jpeg_S=3,587,image_587.jpg,Cholesterol emboli,Cholesterol emboli
nejm,all_I=jpeg_S=3,588,image_588.jpg,Oleothorax,Oleothorax
nejm,all_I=jpeg_S=3,589,image_589.jpg,Slipped capital femoral epiphysis,Slipped capital femoral epiphysis
nejm,all_I=jpeg_S=3,590,image_590.jpg,Tsetse fly,Chrysops fly
nejm,all_I=jpeg_S=3,591,image_591.jpg,Hemochromatosis,Diffuse melanosis cutis
nejm,all_I=jpeg_S=3,592,image_592.jpg,Calcium oxalate and triple phosphate (struvite) crystals,Cystine and triple phosphate (struvite) crystals
nejm,all_I=jpeg_S=3,593,image_593.jpg,Epidermomycosis,Herpes zoster
nejm,all_I=jpeg_S=3,594,image_594.jpg,Streptococcal pharyngitis,Streptococcal pharyngitis
nejm,all_I=jpeg_S=3,595,image_595.jpg,Pneumothorax,Substernal goiter
nejm,all_I=jpeg_S=3,596,image_596.jpg,Speckled lentiginous nevus,Becker’s nevus
nejm,all_I=jpeg_S=3,597,image_597.jpg,Short rib polydactyly syndrome,Paternal uniparental disomy 14 (UDP 14 pat) thoracic dysplasia
nejm,all_I=jpeg_S=3,598,image_598.jpg,Cecal volvulus,Small-bowel obstruction
nejm,all_I=jpeg_S=3,599,image_599.jpg,Fetal alcohol syndrome,Neonatal thyrotoxicosis
nejm,all_I=jpeg_S=3,600,image_600.jpg,Lichen planus,Bulimia nervosa
nejm,all_I=jpeg_S=3,601,image_601.jpg,Neurocysticercosis,Neurocysticercosis
nejm,all_I=jpeg_S=3,602,image_602.jpg,Pterygium,Papilloma
nejm,all_I=jpeg_S=3,603,image_603.jpg,Scabies,Fordyce's angiokeratomas
nejm,all_I=jpeg_S=3,604,image_604.jpg,Pyoderma gangrenosum,Cutaneous diphtheria
nejm,all_I=jpeg_S=3,605,image_605.jpg,Trichuris trichiura,Enterobius vermicularis
nejm,all_I=jpeg_S=3,606,image_606.jpg,Human botfly,Tumbu fly
nejm,all_I=jpeg_S=3,607,image_607.jpg,Neonatal herpes simplex virus,Neonatal herpes simplex virus
nejm,all_I=jpeg_S=3,608,image_608.jpg,Psoriasis,Erythrasma
nejm,all_I=jpeg_S=3,609,image_609.jpg,Bisphosphonates,Bisphosphonates
nejm,all_I=jpeg_S=3,610,image_610.jpg,Harlequin syndrome,Livedo reticularis
nejm,all_I=jpeg_S=3,611,image_611.jpg,Impetigo,Varicella
nejm,all_I=jpeg_S=3,612,image_612.jpg,Talaromyces marneffei,Talaromyces marneffei
nejm,all_I=jpeg_S=3,613,image_613.jpg,Leprosy,Leishmaniasis
nejm,all_I=jpeg_S=3,614,image_614.jpg,Herpes simplex virus type 1,Coxsackie virus type A16
nejm,all_I=jpeg_S=3,615,image_615.jpg,Retrobulbar abscess,Hydatid cyst
nejm,all_I=jpeg_S=3,616,image_616.jpg,Condyloma acuminatum,Vestibular papillomatosis
nejm,all_I=jpeg_S=3,617,image_617.jpg,Dislocation of the lens,Dislocation of the lens
nejm,all_I=jpeg_S=3,618,image_618.jpg,Raynaud's phenomenon,Raynaud's phenomenon
nejm,all_I=jpeg_S=3,619,image_619.jpg,Tungiasis,Tungiasis
nejm,all_I=jpeg_S=3,620,image_620.jpg,Caput Medusae,Caput Medusae
nejm,all_I=jpeg_S=3,621,image_621.jpg,Left anterior descending,Left main stem
nejm,all_I=jpeg_S=3,622,image_622.jpg,"Hand, foot, and mouth disease","Hand, foot, and mouth disease"
nejm,all_I=jpeg_S=3,623,image_623.jpg,Auditory polyp,Cholesteatoma
nejm,all_I=jpeg_S=3,624,image_624.jpg,Bartholin gland cyst,Gartner duct cyst
nejm,all_I=jpeg_S=3,625,image_625.jpg,Palmar erythema of pregnancy,Palmar erythema of pregnancy
nejm,all_I=jpeg_S=3,626,image_626.jpg,Intestinal perforation,Mesenteric ischemia
nejm,all_I=jpeg_S=3,627,image_627.jpg,Cutaneous larva migrans,Cutaneous larva migrans
nejm,all_I=jpeg_S=3,628,image_628.jpg,Allergic conjunctivitis,Ophthalmomyiasis
nejm,all_I=jpeg_S=3,629,image_629.jpg,Right atrium,Left atrium
nejm,all_I=jpeg_S=3,630,image_630.jpg,Tension pneumothorax,Tension pneumothorax
nejm,all_I=jpeg_S=3,631,image_631.jpg,Esophageal web,Nutcracker esophagus
nejm,all_I=jpeg_S=3,632,image_632.jpg,Uveal melanoma,Uveal melanoma
nejm,all_I=jpeg_S=3,633,image_633.jpg,Proliferative diabetic retinopathy,Proliferative diabetic retinopathy
nejm,all_I=jpeg_S=3,634,image_634.jpg,Right fascicular block,Hyperkalemia
nejm,all_I=jpeg_S=3,635,image_635.jpg,Triatomine bug,Triatomine bug
nejm,all_I=jpeg_S=3,636,image_636.jpg,Reexpansion pulmonary edema,Reexpansion pulmonary edema
nejm,all_I=jpeg_S=3,637,image_637.jpg,Pyogenic granuloma,Amelanotic melanoma
nejm,all_I=jpeg_S=3,638,image_638.jpg,Scleroderma,Eosinophilic fasciitis
nejm,all_I=jpeg_S=3,639,image_639.jpg,Baking powder,Sugar
nejm,all_I=jpeg_S=3,640,image_640.jpg,Calvarial osteomyelitis,Sickle cell disease
nejm,all_I=jpeg_S=3,641,image_641.jpg,Pyogenic aortitis due to Salmonella enteritidis,Emphysematous aortitis due to Clostridium septicum
nejm,all_I=jpeg_S=3,642,image_642.jpg,Cutaneous larva migrans,Lung cancer
nejm,all_I=jpeg_S=3,643,image_643.jpg,Herpes simplex virus infection,Herpes simplex virus infection
nejm,all_I=jpeg_S=3,644,image_644.jpg,Lithium,Palifermin
nejm,all_I=jpeg_S=3,645,image_645.jpg,Radiation recall,Radiation recall
nejm,all_I=jpeg_S=3,646,image_646.jpg,Immune thrombocytopenic purpura,Scurvy
nejm,all_I=jpeg_S=3,647,image_647.jpg,Psoriasis,Keratoderma blennorrhagicum
nejm,all_I=jpeg_S=3,648,image_648.jpg,Granuloma annulare,Tinea faciei
nejm,all_I=jpeg_S=3,649,image_649.jpg,Herpes simplex infection,Inflammatory bowel disease
nejm,all_I=jpeg_S=3,650,image_650.jpg,Autosomal dominant polycystic kidney disease,Autosomal dominant polycystic kidney disease
nejm,all_I=jpeg_S=3,651,image_651.jpg,Pulmonary embolism,Azygous vein
nejm,all_I=jpeg_S=3,652,image_652.jpg,Pustular rosacea,Subcorneal pustular dermatosis
nejm,all_I=jpeg_S=3,653,image_653.jpg,Paget’s disease,Multiple myeloma
nejm,all_I=jpeg_S=3,654,image_654.jpg,Megaloblastic anemia,Chronic lead poisoning
nejm,all_I=jpeg_S=3,655,image_655.jpg,Verrucae vulgaris,Periungual fibroma
nejm,all_I=jpeg_S=3,656,image_656.jpg,Herpes zoster due to virus reactivation,Miliaria crystallina
nejm,all_I=jpeg_S=3,657,image_657.jpg,Graves' disease,Graves' disease
nejm,all_I=jpeg_S=3,658,image_658.jpg,Vitamin D excess,Langerhans'-cell histiocytosis
nejm,all_I=jpeg_S=3,659,image_659.jpg,Chronic lymphocytic leukemia,Gaucher’s disease
nejm,all_I=jpeg_S=3,660,image_660.jpg,Psoriasis,Chemotherapy
nejm,all_I=jpeg_S=3,661,image_661.jpg,Leukoplakia,Leukoplakia
nejm,all_I=jpeg_S=3,662,image_662.jpg,Thalassemia minor,Glucose-6-phosphate dehydrogenase deficiency
nejm,all_I=jpeg_S=3,663,image_663.jpg,Oral lichen planus,Verrucous carcinoma
nejm,all_I=jpeg_S=3,664,image_664.jpg,Leukemia cutis,Fusariosis
nejm,all_I=jpeg_S=3,665,image_665.jpg,Hypopyon,Hyphema
nejm,all_I=jpeg_S=3,666,image_666.jpg,"Hand, foot, and mouth disease",Herpes zoster
nejm,all_I=jpeg_S=3,667,image_667.jpg,Sarcoidosis,Systemic sclerosis
nejm,all_I=jpeg_S=3,668,image_668.jpg,Duodenal atresia,Hirschsprung’s disease
nejm,all_I=jpeg_S=3,669,image_669.jpg,Melanocytic nevi,Seborrheic keratoses
nejm,all_I=jpeg_S=3,670,image_670.jpg,Non-small-cell lung cancer,Sarcoidosis
nejm,all_I=jpeg_S=3,671,image_671.jpg,Tinea capitis,Tinea capitis
nejm,all_I=jpeg_S=3,672,image_672.jpg,Rheumatic heart disease,Rheumatic heart disease
nejm,all_I=jpeg_S=3,673,image_673.jpg,Multiple myeloma (MM),Acute promyelocytic leukemia (APL)
nejm,all_I=jpeg_S=3,674,image_674.jpg,Malignant syphilis,Malignant syphilis
nejm,all_I=jpeg_S=3,675,image_675.jpg,Omphalith,Endometrioma
nejm,all_I=jpeg_S=3,676,image_676.jpg,Varicocele,Varicocele
nejm,all_I=jpeg_S=3,677,image_677.jpg,Pustular psoriasis,Keratoderma blenorrhagicum
nejm,all_I=jpeg_S=3,678,image_678.jpg,Erythema ab igne,Onchocerciasis
nejm,all_I=jpeg_S=3,679,image_679.jpg,Orbital wall fracture,Intraocular lens dislocation
nejm,all_I=jpeg_S=3,680,image_680.jpg,Leukemia,Neuroblastoma
nejm,all_I=jpeg_S=3,681,image_681.jpg,Periorbital cellulitis,Lyme disease
nejm,all_I=jpeg_S=3,682,image_682.jpg,Iridodialysis,Silicone oil hyperoleon
nejm,all_I=jpeg_S=3,683,image_683.jpg,Takayasu's arteritis,Osteoporosis
nejm,all_I=jpeg_S=3,684,image_684.jpg,Onychomycosis,Metastasis
nejm,all_I=jpeg_S=3,685,image_685.jpg,Neurocysticercosis,Neurocysticercosis
nejm,all_I=jpeg_S=3,686,image_686.jpg,IgG4-related disease arteritis,IgG4-related disease arteritis
nejm,all_I=jpeg_S=3,687,image_687.jpg,Pulmonary hemosiderosis,Adenocarcinoma
nejm,all_I=jpeg_S=3,688,image_688.jpg,Paget's disease,Diabetes mellitus
nejm,all_I=jpeg_S=3,689,image_689.jpg,Flemingo’s flush sign,Pemberton’s sign
nejm,all_I=jpeg_S=3,690,image_690.jpg,Scapular subluxation,Palsy of the long thoracic nerve
nejm,all_I=jpeg_S=3,691,image_691.jpg,Purpura fulminans,Purpura fulminans
nejm,all_I=jpeg_S=3,692,image_692.jpg,Diurese the patient and then obtain a repeat chest radiograph,Diurese the patient and then obtain a repeat chest radiograph
nejm,all_I=jpeg_S=3,693,image_693.jpg,Rosacea,Seborrheic dermatitis
nejm,all_I=jpeg_S=3,694,image_694.jpg,Antineutrophil cytoplasmic autoantibody,Antineutrophil cytoplasmic autoantibody
nejm,all_I=jpeg_S=3,695,image_695.jpg,Eruptive xanthomas,Eruptive xanthomas
nejm,all_I=jpeg_S=3,696,image_696.jpg,Glomus tympanicum,Glomus tympanicum
nejm,all_I=jpeg_S=3,697,image_697.jpg,Gastrointestinal amyloidosis,Gastrointestinal amyloidosis
nejm,all_I=jpeg_S=3,698,image_698.jpg,Aspergillosis,Plombage
nejm,all_I=jpeg_S=3,699,image_699.jpg,Measles,Measles
nejm,all_I=jpeg_S=3,700,image_700.jpg,Bullous impetigo,Linear IgA bullous dermatosis
nejm,all_I=jpeg_S=3,701,image_701.jpg,Ludwig's angina,Bilateral peritonsillar abscesses
nejm,all_I=jpeg_S=3,702,image_702.jpg,Sarcoidosis,Sarcoidosis
nejm,all_I=jpeg_S=3,703,image_703.jpg,Pneumonia,Pulmonary embolism
nejm,all_I=jpeg_S=3,704,image_704.jpg,Disseminated aspergillosis,Disseminated coccidioidomycosis
nejm,all_I=jpeg_S=3,705,image_705.jpg,Amyloid purpura,Amyloid purpura
nejm,all_I=jpeg_S=3,706,image_706.jpg,Cat scratch disease,Tuberculosis
nejm,all_I=jpeg_S=3,707,image_707.jpg,Lymphangioleiomyomatosis,Lymphangioleiomyomatosis
nejm,all_I=jpeg_S=3,708,image_708.jpg,Ketamine,Cocaine
nejm,all_I=jpeg_S=3,709,image_709.jpg,Dandy-Walker malformation,Basilar artery aneurysm
nejm,all_I=jpeg_S=3,710,image_710.jpg,Bismuth poisoning,Lead poisoning
nejm,all_I=jpeg_S=3,711,image_711.jpg,Carpal tunnel syndrome,Radial artery thrombosis
nejm,all_I=jpeg_S=3,712,image_712.jpg,Copper,Gold
nejm,all_I=jpeg_S=3,713,image_713.jpg,Quadriceps tendon ruptures,Quadriceps tendon ruptures
nejm,all_I=jpeg_S=3,714,image_714.jpg,Right staghorn calculus,Right ureterovesical calculus
nejm,all_I=jpeg_S=3,715,image_715.jpg,Bilateral cryptorchidism,Retroperitoneal hemorrhage
nejm,all_I=jpeg_S=3,716,image_716.jpg,Benign essential blepharospasm,Myasthenia gravis
nejm,all_I=jpeg_S=3,717,image_717.jpg,Pyoderma gangrenosum,Pyoderma gangrenosum
nejm,all_I=jpeg_S=3,718,image_718.jpg,Median rhomboid glossitis,Median rhomboid glossitis
nejm,all_I=jpeg_S=3,719,image_719.jpg,Herpetic whitlow,Spider bite
nejm,all_I=jpeg_S=3,720,image_720.jpg,Bowel infarction,Bowel infarction
nejm,all_I=jpeg_S=3,721,image_721.jpg,Narrow angle glaucoma,Narrow angle glaucoma
nejm,all_I=jpeg_S=3,722,image_722.jpg,Pseudomelanosis duodeni,Pseudomelanosis duodeni
nejm,all_I=jpeg_S=3,723,image_723.jpg,Macular degeneration,Ocular myiasis
nejm,all_I=jpeg_S=3,724,image_724.jpg,Osteosarcoma,Colon cancer
nejm,all_I=jpeg_S=3,725,image_725.jpg,Calcium pyrophosphate dihydrate,Cholesterol
nejm,all_I=jpeg_S=3,726,image_726.jpg,Palmoplantar keratoderma,Tripe palms
nejm,all_I=jpeg_S=3,727,image_727.jpg,Fluoroquinolone antibiotic,Fluoroquinolone antibiotic
nejm,all_I=jpeg_S=3,728,image_728.jpg,Mitral-valve repair,Mitral-valve repair
nejm,all_I=jpeg_S=3,729,image_729.jpg,Sarcoidosis,Non–small-cell lung cancer
nejm,all_I=jpeg_S=3,730,image_730.jpg,Trimethoprim,Minocycline
nejm,all_I=jpeg_S=3,731,image_731.jpg,Hepatoduodenal ligament,Falciform ligament
nejm,all_I=jpeg_S=3,732,image_732.jpg,Skin biopsy,Chest imaging
nejm,all_I=jpeg_S=3,733,image_733.jpg,Systemic sclerosis,Lentigo maligna
nejm,all_I=jpeg_S=3,734,image_734.jpg,Cholesteatoma,Herpes zoster
nejm,all_I=jpeg_S=3,735,image_735.jpg,Horner’s syndrome,Tabes dorsalis
nejm,all_I=jpeg_S=3,736,image_736.jpg,Therapeutic Phlebotomy,Chelation Therapy
nejm,all_I=jpeg_S=3,737,image_737.jpg,Pyloric outlet obstruction,Meckel's diverticulum
nejm,all_I=jpeg_S=3,738,image_738.jpg,Gingival melanoma,Gingival melanoma
nejm,all_I=jpeg_S=3,739,image_739.jpg,Gout,Gout
nejm,all_I=jpeg_S=3,740,image_740.jpg,Mastectomy,Penicillin
nejm,all_I=jpeg_S=3,741,image_741.jpg,Meconium ileus,Hirschsprung’s disease
nejm,all_I=jpeg_S=3,742,image_742.jpg,Esophageal carcinoma,Diffuse esophageal spasm
nejm,all_I=jpeg_S=3,743,image_743.jpg,Hiatal hernia,Diffuse esophageal spasm
nejm,all_I=jpeg_S=3,744,image_744.jpg,Cirrhosis,Superior vena caval obstruction
nejm,all_I=jpeg_S=3,745,image_745.jpg,Papillary fibroelastoma,Redundant mitral valve
nejm,all_I=jpeg_S=3,746,image_746.jpg,Pneumatosis coli,Bezoar
nejm,all_I=jpeg_S=3,747,image_747.jpg,Syphilitic chancre,Squamous-cell carcinoma
nejm,all_I=jpeg_S=3,748,image_748.jpg,Intra-abdominal abscess,Bowel ischemia
nejm,all_I=jpeg_S=3,749,image_749.jpg,Pericardial hydatid cysts,Pericardial metastases
nejm,all_I=jpeg_S=3,750,image_750.jpg,Papular acrodermatitis,Molluscum contagiosum
nejm,all_I=jpeg_S=3,751,image_751.jpg,Scleromyxedema,Scleromyxedema
nejm,all_I=jpeg_S=3,752,image_752.jpg,Umbilical hernia,Portal hypertension
nejm,all_I=jpeg_S=3,753,image_753.jpg,Proteus syndrome,Neurofibromatosis
nejm,all_I=jpeg_S=3,754,image_754.jpg,Paraesophageal hernia,Paraesophageal hernia
nejm,all_I=jpeg_S=3,755,image_755.jpg,Cherry hemangioma,Pyogenic granuloma
nejm,all_I=jpeg_S=3,756,image_756.jpg,Meningioma,Plasmacytoma
nejm,all_I=jpeg_S=3,757,image_757.jpg,Pyostomatitis vegetans,Pyostomatitis vegetans
nejm,all_I=jpeg_S=3,758,image_758.jpg,Echinococcosis,Echinococcosis
nejm,all_I=jpeg_S=3,759,image_759.jpg,Psoriasis,Malignancy
nejm,all_I=jpeg_S=3,760,image_760.jpg,Blastic plasmacytoid dendritic-cell neoplasm,Blastic plasmacytoid dendritic-cell neoplasm
nejm,all_I=jpeg_S=3,761,image_761.jpg,Emphysematous pyelonephritis,Emphysematous pyelonephritis
nejm,all_I=jpeg_S=3,762,image_762.jpg,Syphilis,Syphilis
nejm,all_I=jpeg_S=3,763,image_763.jpg,Perianal rhabdomyosarcoma,Congenital syphilis
nejm,all_I=jpeg_S=3,764,image_764.jpg,Polyostotic fibrous dysplasia,Marrow hyperplasia
nejm,all_I=jpeg_S=3,765,image_765.jpg,Hairy-cell leukemia,Hairy-cell leukemia
nejm,all_I=jpeg_S=3,766,image_766.jpg,Left bronchial tree,Right bronchial tree
nejm,all_I=jpeg_S=3,767,image_767.jpg,Calciphylaxis,Osteonecrosis
nejm,all_I=jpeg_S=3,768,image_768.jpg,Thyrohyoid membrane,Killian’s triangle
nejm,all_I=jpeg_S=3,769,image_769.jpg,Primary Pericardial Mesothelioma,Constrictive Pericarditis
nejm,all_I=jpeg_S=3,770,image_770.jpg,Hydralazine,Amiodarone
nejm,all_I=jpeg_S=3,771,image_771.jpg,Henoch-Schönlein purpura,Henoch-Schönlein purpura
nejm,all_I=jpeg_S=3,772,image_772.jpg,Bladder perforation,Neurogenic megacolon
nejm,all_I=jpeg_S=3,773,image_773.jpg,Magnesium hydroxide,Bismuth Salicylate
nejm,all_I=jpeg_S=3,774,image_774.jpg,Cutaneous leishmaniasis,Bot fly
nejm,all_I=jpeg_S=3,775,image_775.jpg,Calcified polyp,Tooth
nejm,all_I=jpeg_S=3,776,image_776.jpg,Madura foot,Chromoblastomycosis
nejm,all_I=jpeg_S=3,777,image_777.jpg,Pancreatitis,Pylephlebitis
nejm,all_I=jpeg_S=3,778,image_778.jpg,Ipratropium bromide,Propofol
nejm,all_I=jpeg_S=3,779,image_779.jpg,Tabes dorsalis,Central pontine myelinolysis
nejm,all_I=jpeg_S=3,780,image_780.jpg,Diverticulitis,Intussusception
nejm,all_I=jpeg_S=3,781,image_781.jpg,Telogen effluvium,Alopecia areata
nejm,all_I=jpeg_S=3,782,image_782.jpg,Furuncle,Merkel-cell carcinoma
nejm,all_I=jpeg_S=3,783,image_783.jpg,Candida albicans infection,Candida albicans infection
nejm,all_I=jpeg_S=3,784,image_784.jpg,Pilonidal sinus,Keratoacanthoma
nejm,all_I=jpeg_S=3,785,image_785.jpg,Laryngocele,Laryngocele
nejm,all_I=jpeg_S=3,786,image_786.jpg,Discoid lupus,Peutz-Jeghers's syndrome
nejm,all_I=jpeg_S=3,787,image_787.jpg,Pyoderma gangrenosum,Ecthyma gangrenosum
nejm,all_I=jpeg_S=3,788,image_788.jpg,Cutaneous small vessel vasculitis,Intravascular lymphoma
nejm,all_I=jpeg_S=3,789,image_789.jpg,Crusted scabies,Crusted scabies
nejm,all_I=jpeg_S=3,790,image_790.jpg,Eggs hatch in the small intestine,Larvae penetrate the lungs
nejm,all_I=jpeg_S=3,791,image_791.jpg,Bladder cancer metastases,Autoimmune keratitis
nejm,all_I=jpeg_S=3,792,image_792.jpg,Pancreatic pseudocyst,Enteric duplication cyst
nejm,all_I=jpeg_S=3,793,image_793.jpg,Atrophic glossitis,Hypoglossal nerve palsy
nejm,all_I=jpeg_S=3,794,image_794.jpg,Chewing tobacco,Melanoma
nejm,all_I=jpeg_S=3,795,image_795.jpg,Voriconazole-induced periostitis,Voriconazole-induced periostitis
nejm,all_I=jpeg_S=3,796,image_796.jpg,Pancreatic pseudocyst,Emphysematous cholecystitis
nejm,all_I=jpeg_S=3,797,image_797.jpg,Bicalutamide,Bicalutamide
nejm,all_I=jpeg_S=3,798,image_798.jpg,Neurofibromatosis type 2,Neurofibromatosis type 2
nejm,all_I=jpeg_S=3,799,image_799.jpg,Hand foot and mouth disease,Secondary syphilis
nejm,all_I=jpeg_S=3,800,image_800.jpg,Cowden syndrome,Cowden syndrome
nejm,all_I=jpeg_S=3,801,image_801.jpg,Toxicodendron radicans (poison ivy),Shiitake mushrooms
nejm,all_I=jpeg_S=3,802,image_802.jpg,Type 1 diabetes,Graves' disease
nejm,all_I=jpeg_S=3,803,image_803.jpg,Acute mesenteric ischemia,Acute mesenteric ischemia
nejm,all_I=jpeg_S=3,804,image_804.jpg,Copper toxicity,Arsenic toxicity
nejm,all_I=jpeg_S=3,805,image_805.jpg,Pneumothorax,Pectus excavatum
nejm,all_I=jpeg_S=3,806,image_806.jpg,Nocardiosis,Nocardiosis
nejm,all_I=jpeg_S=3,807,image_807.jpg,Metastatic melanoma,Laxative use
nejm,all_I=jpeg_S=3,808,image_808.jpg,Sinusitis,Dermatomyositis
nejm,all_I=jpeg_S=3,809,image_809.jpg,Familial trichomegaly,EGFR inhibition
nejm,all_I=jpeg_S=3,810,image_810.jpg,Cicatricial pemphigoid,Keratoacanthoma
nejm,all_I=jpeg_S=3,811,image_811.jpg,Erythema chronicum migrans,Tinea circinata
nejm,all_I=jpeg_S=3,812,image_812.jpg,Diphtheria,Diphtheria
nejm,all_I=jpeg_S=3,813,image_813.jpg,Oral lichen planus,Pernicious anemia
nejm,all_I=jpeg_S=3,814,image_814.jpg,Hepatocellular carcinoma,Cirrhosis
nejm,all_I=jpeg_S=3,815,image_815.jpg,Facial palsy,Angioedema
nejm,all_I=jpeg_S=3,816,image_816.jpg,Metastatic disease of the nail bed,Chemotherapy
nejm,all_I=jpeg_S=3,817,image_817.jpg,Cecal volvulus,Obturator hernia
nejm,all_I=jpeg_S=3,818,image_818.jpg,Takotsubo cardiomyopathy,Takotsubo cardiomyopathy
nejm,all_I=jpeg_S=3,819,image_819.jpg,Intravitreal antimicrobial injections,Intravitreal antimicrobial injections
nejm,all_I=jpeg_S=3,820,image_820.jpg,Herpes zoster ophthalmicus,Herpes zoster ophthalmicus
nejm,all_I=jpeg_S=3,821,image_821.jpg,Uremic arteriopathy,Nephrogenic fibrosing dermopathy
nejm,all_I=jpeg_S=3,822,image_822.jpg,Erysipelas,Cutaneous lupus
nejm,all_I=jpeg_S=3,823,image_823.jpg,Acral lentiginous melanoma,Tinea nigra
nejm,all_I=jpeg_S=3,824,image_824.jpg,Osmotic demyelination syndrome,Osmotic demyelination syndrome
nejm,all_I=jpeg_S=3,825,image_825.jpg,Pyogenic liver abscess,Emphysematous hepatitis
nejm,all_I=jpeg_S=3,826,image_826.jpg,Acanthosis nigricans,Bowenoid papulosis
nejm,all_I=jpeg_S=3,827,image_827.jpg,HSV serology,IgG and complement deposition at the dermis-epidermis junction
nejm,all_I=jpeg_S=3,828,image_828.jpg,Behçet's disease,Sjögren's syndrome
nejm,all_I=jpeg_S=3,829,image_829.jpg,Anterior uveitis,Herpes simplex virus infection
nejm,all_I=jpeg_S=3,830,image_830.jpg,Bacterial felon,Herpetic whitlow
nejm,all_I=jpeg_S=3,831,image_831.jpg,Anti-ribonucleoprotein antibody,Anticentromere antibody
nejm,all_I=jpeg_S=3,832,image_832.jpg,Tophaceous gout,Calcinosis
nejm,all_I=jpeg_S=3,833,image_833.jpg,Graves' ophthalmopathy,Retinal detachment
nejm,all_I=jpeg_S=3,834,image_834.jpg,Hemineglect,Binocular visual loss
nejm,all_I=jpeg_S=3,835,image_835.jpg,Trichotillomania,Syphilitic alopecia
nejm,all_I=jpeg_S=3,836,image_836.jpg,Constrictive pericarditis,Constrictive pericarditis
nejm,all_I=jpeg_S=3,837,image_837.jpg,Nasal septum fracture,Button magnets in the nasal cavity
nejm,all_I=jpeg_S=3,838,image_838.jpg,Testing for herpes simplex virus,Testing for bacterial and viral respiratory pathogens
nejm,all_I=jpeg_S=3,839,image_839.jpg,Paget's disease,Bone marrow hyperplasia
nejm,all_I=jpeg_S=3,840,image_840.jpg,Condyloma acuminatum,Condyloma acuminatum
nejm,all_I=jpeg_S=3,841,image_841.jpg,Emphysematous pyelonephritis,Emphysematous pyelonephritis
nejm,all_I=jpeg_S=3,842,image_842.jpg,Presence of erythema,Delay in surgical intervention >24 hours
nejm,all_I=jpeg_S=3,843,image_843.jpg,Primary hyperaldosteronism,Pheochromocytoma
nejm,all_I=jpeg_S=3,844,image_844.jpg,Molluscum contagiosum,Cryptococcus neoformans
nejm,all_I=jpeg_S=3,845,image_845.jpg,Clavicular fracture,Lipodystrophy
nejm,all_I=jpeg_S=3,846,image_846.jpg,Infection is typically localized to the site of inoculation.,Transmission is associated with aerosolized contaminated soil exposure.
nejm,all_I=jpeg_S=3,847,image_847.jpg,Atopic dermatitis,Zinc deficiency
nejm,all_I=jpeg_S=3,848,image_848.jpg,Chronic paronychia,Psoriasis
nejm,all_I=jpeg_S=3,849,image_849.jpg,Paronychia,Cutaneous leishmaniasis
nejm,all_I=jpeg_S=3,850,image_850.jpg,Retinitis pigmentosa,Retinal ischemia
nejm,all_I=jpeg_S=3,851,image_851.jpg,Rat bite fever,Rat bite fever
nejm,all_I=jpeg_S=3,852,image_852.jpg,Arterial insufficiency,Arterial insufficiency
nejm,all_I=jpeg_S=3,853,image_853.jpg,Glaucoma,Ochronosis
nejm,all_I=jpeg_S=3,854,image_854.jpg,Retrograde epistaxis,Adverse reaction to systemic antibiotics
nejm,all_I=jpeg_S=3,855,image_855.jpg,Pyoderma gangrenosus,Necrobiosis lipoidica diabeticorum
nejm,all_I=jpeg_S=3,856,image_856.jpg,Blue nevus,Invasive ductal carcinoma
nejm,all_I=jpeg_S=3,857,image_857.jpg,Reactive perforating collagenosis,Reactive perforating collagenosis
nejm,all_I=jpeg_S=3,858,image_858.jpg,Intraorbital foreign body,Skull fracture
nejm,all_I=jpeg_S=3,859,image_859.jpg,Fordyce granules,Herpes zoster
nejm,all_I=jpeg_S=3,860,image_860.jpg,Lichen planus,Lichen planus
nejm,all_I=jpeg_S=3,861,image_861.jpg,Multiple endocrine neoplasia type 2A,Multiple endocrine neoplasia type 1
nejm,all_I=jpeg_S=3,862,image_862.jpg,Scleredema of diabetes,Necrolytic migratory erythema
nejm,all_I=jpeg_S=3,863,image_863.jpg,Catamenial pneumothorax,Thoracic endometriosis
nejm,all_I=jpeg_S=3,864,image_864.jpg,Lipoatrophy,Lipoatrophy
nejm,all_I=jpeg_S=3,865,image_865.jpg,Hemoglobin A1c,Wound culture
nejm,all_I=jpeg_S=3,866,image_866.jpg,Necrotizing anterior scleritis,Necrotizing anterior scleritis
nejm,all_I=jpeg_S=3,867,image_867.jpg,Lymphoma,Lymphoma
nejm,all_I=jpeg_S=3,868,image_868.jpg,Periorbital cellulitis,Carotid cavernous fistula
nejm,all_I=jpeg_S=3,869,image_869.jpg,Henoch-Schönlein purpura,Henoch-Schönlein purpura
nejm,all_I=jpeg_S=3,870,image_870.jpg,Acral lentiginous melanoma,Acral lentiginous melanoma
nejm,all_I=jpeg_S=3,871,image_871.jpg,Dexamethasone,Doxorubicin
nejm,all_I=jpeg_S=3,872,image_872.jpg,Generalized granuloma annulare,Generalized granuloma annulare
nejm,all_I=jpeg_S=3,873,image_873.jpg,Arrhythmogenic right ventricular cardiomyopathy,Arrhythmogenic right ventricular cardiomyopathy
nejm,all_I=jpeg_S=3,874,image_874.jpg,Tuberculosis,Tuberculosis
nejm,all_I=jpeg_S=3,875,image_875.jpg,Amoxicillin rash in infectious mononucleosis,Amoxicillin rash in infectious mononucleosis
nejm,all_I=jpeg_S=3,876,image_876.jpg,Baker's cyst,Baker's cyst
nejm,all_I=jpeg_S=3,877,image_877.jpg,Type 1 Chiari malformation,Arachnoid cyst
nejm,all_I=jpeg_S=3,878,image_878.jpg,Naegleria fowleri,Naegleria fowleri
nejm,all_I=jpeg_S=3,879,image_879.jpg,Toxoplasma gondii,Strongyloides stercoralis
nejm,all_I=jpeg_S=3,880,image_880.jpg,Congenital diaphragmatic hernia,Duodenal atresia
nejm,all_I=jpeg_S=3,881,image_881.jpg,Cholesteatoma,Tympanic hyperectasis
nejm,all_I=jpeg_S=3,882,image_882.jpg,Drug-induced hypersensitivity syndrome,Disseminated varicella infection
nejm,all_I=jpeg_S=3,883,image_883.jpg,Ehlers-Danlos syndrome,Ehlers-Danlos syndrome
nejm,all_I=jpeg_S=3,884,image_884.jpg,Bedbug bites,Bedbug bites
nejm,all_I=jpeg_S=3,885,image_885.jpg,Aspergillosis,Actinomycosis
nejm,all_I=jpeg_S=3,886,image_886.jpg,Diaphragmatic eventeration,Cardiac tamponade
nejm,all_I=jpeg_S=3,887,image_887.jpg,Ectopia lentis,Ectopia lentis
nejm,all_I=jpeg_S=3,888,image_888.jpg,Polysomnography,Polysomnography
nejm,all_I=jpeg_S=3,889,image_889.jpg,Calcium pyrophosphate dihydrate,Monosodium urate
nejm,all_I=jpeg_S=3,890,image_890.jpg,Heparin-induced thrombocytopenia,Cholesterol embolization
nejm,all_I=jpeg_S=3,891,image_891.jpg,Left Atrial Appendage Thrombus,Giant Coronary Aneurysm
nejm,all_I=jpeg_S=3,892,image_892.jpg,Rheumatoid factor,Creatine kinase
nejm,all_I=jpeg_S=3,893,image_893.jpg,Kaposi’s sarcoma,Kaposi’s sarcoma
nejm,all_I=jpeg_S=3,894,image_894.jpg,Zidovudine,Zidovudine
nejm,all_I=jpeg_S=3,895,image_895.jpg,Hemophilia A,Hemophilia A
nejm,all_I=jpeg_S=3,896,image_896.jpg,Babesia microti,Capnocytophaga canimorsus
nejm,all_I=jpeg_S=3,897,image_897.jpg,Idiopathic pulmonary fibrosis,Idiopathic pulmonary fibrosis
nejm,all_I=jpeg_S=3,898,image_898.jpg,Necrotizing fasciitis,Superior vena cava syndrome
nejm,all_I=jpeg_S=3,899,image_899.jpg,Medial epicondylitis,Gout nodulosis
nejm,all_I=jpeg_S=3,900,image_900.jpg,Orbital metastasis,Orbital metastasis
nejm,all_I=jpeg_S=3,901,image_901.jpg,Oral candidiasis,Herpetic glossitis
nejm,all_I=jpeg_S=3,902,image_902.jpg,Otomycosis,Fracture of the temporal bone
nejm,all_I=jpeg_S=3,903,image_903.jpg,Flare of systemic lupus erythematosus,Extrapulmonary manifestation of tuberculosis
nejm,all_I=jpeg_S=3,904,image_904.jpg,Hypertensive retinopathy,Papilledema
nejm,all_I=jpeg_S=3,905,image_905.jpg,Intraocular parasite infection,Intraocular parasite infection
nejm,all_I=jpeg_S=3,906,image_906.jpg,Rifampin,Voriconazole
nejm,all_I=jpeg_S=3,907,image_907.jpg,Porphyria cutanea tarda,Porphyria cutanea tarda
nejm,all_I=jpeg_S=3,908,image_908.jpg,Plasmodium vivax,Plasmodium vivax
nejm,all_I=jpeg_S=3,909,image_909.jpg,Left anterior descending artery,Left anterior descending artery
nejm,all_I=jpeg_S=3,910,image_910.jpg,Malaria,Lead poisoning
nejm,all_I=jpeg_S=3,911,image_911.jpg,Symblepharon,Symblepharon
nejm,all_I=jpeg_S=3,912,image_912.jpg,Hemochromatosis,Pelvic spleen
nejm,all_I=jpeg_S=3,913,image_913.jpg,Phenytoin use,COPD
nejm,all_I=jpeg_S=3,914,image_914.jpg,Creutzfeldt-Jakob disease,Granulomatous amebic encephalitis
nejm,all_I=jpeg_S=3,915,image_915.jpg,Condylomata lata,Tuberous sclerosis
nejm,all_I=jpeg_S=3,916,image_916.jpg,Familial multiple lipomatosis,Familial multiple lipomatosis
nejm,all_I=jpeg_S=3,917,image_917.jpg,Hypertrophic cardiomyopathy,Uremic pericarditis
nejm,all_I=jpeg_S=3,918,image_918.jpg,Erythema infectiosum,Cold agglutinin disease
nejm,all_I=jpeg_S=3,919,image_919.jpg,Scleroderma,Calciphylaxis
nejm,all_I=jpeg_S=3,920,image_920.jpg,von Hippel-Lindau disease,Pigmentary mosaicism
nejm,all_I=jpeg_S=3,921,image_921.jpg,Mucocutaneous Epstein–Barr virus,Mycoplasma pneumoniae-associated mucositis
nejm,all_I=jpeg_S=3,922,image_922.jpg,Syphilis,Malignant melanoma
nejm,all_I=jpeg_S=3,923,image_923.jpg,Eagle’s syndrome,Cervical spondyloarthropathy
nejm,all_I=jpeg_S=3,924,image_924.jpg,Allergic bronchopulmonary aspergillosis,Chronic eosinophilic pneumonia
nejm,all_I=jpeg_S=3,925,image_925.jpg,Onychomycosis,Yellow-nail syndrome
nejm,all_I=jpeg_S=3,926,image_926.jpg,Streptococcal cellulitis with lymphangitis,Streptococcal cellulitis with lymphangitis
nejm,all_I=jpeg_S=3,927,image_927.jpg,Cauliflower ear,Lepromatous Leprosy
nejm,all_I=jpeg_S=3,928,image_928.jpg,Hashimoto thyroiditis,Ectopic thyroid
nejm,all_I=jpeg_S=3,929,image_929.jpg,Immune thrombocytopenia purpura (ITP),Leukemia cutis
nejm,all_I=jpeg_S=3,930,image_930.jpg,Nasal foreign body,Pituitary tumor
nejm,all_I=jpeg_S=3,931,image_931.jpg,Bullous pemphigoid,Coronary angiography
nejm,all_I=jpeg_S=3,932,image_932.jpg,Erythema multiforme,Secondary syphilis
nejm,all_I=jpeg_S=3,933,image_933.jpg,Pneumopericardium,Pneumopericardium
nejm,all_I=jpeg_S=3,934,image_934.jpg,Subdural hemorrhage,Stroke
nejm,all_I=jpeg_S=3,935,image_935.jpg,Porphyria cutanea tarda,Porphyria cutanea tarda
nejm,all_I=jpeg_S=3,936,image_936.jpg,Pigmented villonodular synovitis,Synovial chondromatosis
nejm,all_I=jpeg_S=3,937,image_937.jpg,Psoriasis,Endocarditis
nejm,all_I=jpeg_S=3,938,image_938.jpg,Psoriasis,Bacterial dermatitis
nejm,all_I=jpeg_S=3,939,image_939.jpg,Androgenic alopecia,Hypothyroidism
nejm,all_I=jpeg_S=3,940,image_940.jpg,Vitamin B12 deficiency,Diabetes mellitus
nejm,all_I=jpeg_S=3,941,image_941.jpg,Acute esophageal necrosis,Acute esophageal necrosis
nejm,all_I=jpeg_S=3,942,image_942.jpg,Chelation therapy,Chelation therapy
nejm,all_I=jpeg_S=3,943,image_943.jpg,Lung abscess,Diaphragmatic rupture
nejm,all_I=jpeg_S=3,944,image_944.jpg,Placenta increta,Placenta increta
nejm,all_I=jpeg_S=3,945,image_945.jpg,Erythema ab igne,Erythema ab igne
nejm,all_I=jpeg_S=3,946,image_946.jpg,Brachial plexus injury,Erythromelalgia
nejm,all_I=jpeg_S=3,947,image_947.jpg,Pearly penile papules,Pearly penile papules
nejm,all_I=motion_blur_S=3,1,image_1.jpg,"Hand, foot, and mouth disease","Hand, foot, and mouth disease"
nejm,all_I=motion_blur_S=3,2,image_2.jpg,Lyme disease,Tularemia
nejm,all_I=motion_blur_S=3,3,image_3.jpg,Porphyria,Dermatomyositis
nejm,all_I=motion_blur_S=3,4,image_4.jpg,Retropharyngeal abscess,Epiglottitis
nejm,all_I=motion_blur_S=3,5,image_5.jpg,Food allergy,Frey’s syndrome
nejm,all_I=motion_blur_S=3,6,image_6.jpg,Hemiplegia,Hemiplegia
nejm,all_I=motion_blur_S=3,7,image_7.jpg,Paraesophageal hernia,Paraesophageal hernia
nejm,all_I=motion_blur_S=3,8,image_8.jpg,Pneumatosis intestinalis,Pneumatosis intestinalis
nejm,all_I=motion_blur_S=3,9,image_9.jpg,Separation of the iris,Separation of the iris
nejm,all_I=motion_blur_S=3,10,image_10.jpg,Polycystic liver disease,Polycystic liver disease
nejm,all_I=motion_blur_S=3,11,image_11.jpg,Lepromatous leprosy,Lepromatous leprosy
nejm,all_I=motion_blur_S=3,12,image_12.jpg,Pulmonary embolism,Chondroblastic osteosarcoma
nejm,all_I=motion_blur_S=3,13,image_13.jpg,Pseudoclubbing,Pseudoclubbing
nejm,all_I=motion_blur_S=3,14,image_14.jpg,Primary hyperoxaluria,Primary hyperoxaluria
nejm,all_I=motion_blur_S=3,15,image_15.jpg,Ogilvie’s Syndrome (acute colonic pseudo-obstruction),Cecal volvulus
nejm,all_I=motion_blur_S=3,16,image_16.jpg,Varicella,Varicella
nejm,all_I=motion_blur_S=3,17,image_17.jpg,Middle cerebral artery stroke,Metronidazole-associated encephalopathy
nejm,all_I=motion_blur_S=3,18,image_18.jpg,Knife-cut ulcers from Crohn’s disease,Knife-cut ulcers from Crohn’s disease
nejm,all_I=motion_blur_S=3,19,image_19.jpg,Right sixth cranial nerve palsy,Right sixth cranial nerve palsy
nejm,all_I=motion_blur_S=3,20,image_20.jpg,Punctate palmoplantar keratoderma,Punctate palmoplantar keratoderma
nejm,all_I=motion_blur_S=3,21,image_21.jpg,Corectopia,Coloboma
nejm,all_I=motion_blur_S=3,22,image_22.jpg,Chemotherapy,Chemotherapy
nejm,all_I=motion_blur_S=3,23,image_23.jpg,Multiple biliary hamartomas,Multiple biliary hamartomas
nejm,all_I=motion_blur_S=3,24,image_24.jpg,Leukemia cutis,Graft-versus-host disease
nejm,all_I=motion_blur_S=3,25,image_25.jpg,Blastomycosis,Celiac disease
nejm,all_I=motion_blur_S=3,26,image_26.jpg,Pyogenic granuloma,Amelanotic melanoma
nejm,all_I=motion_blur_S=3,27,image_27.jpg,Thrombotic thrombocytopenic purpura,Thrombotic thrombocytopenic purpura
nejm,all_I=motion_blur_S=3,28,image_28.jpg,Intracranial hemorrhage,Meningioma
nejm,all_I=motion_blur_S=3,29,image_29.jpg,Inguinal hernia,Metastatic inguinal lymphadenopathy
nejm,all_I=motion_blur_S=3,30,image_30.jpg,Minocycline-induced pigmentation,Minocycline-induced pigmentation
nejm,all_I=motion_blur_S=3,31,image_31.jpg,Scabies,Scabies
nejm,all_I=motion_blur_S=3,32,image_32.jpg,Fibrous dysplasia,Osteopetrosis
nejm,all_I=motion_blur_S=3,33,image_33.jpg,Lipoid pneumonia,Desquamative interstitial pneumonia
nejm,all_I=motion_blur_S=3,34,image_34.jpg,Calciphylaxis,Waldenstrom's macroglobulinemia
nejm,all_I=motion_blur_S=3,35,image_35.jpg,Cutaneous leishmaniasis,Esophagogastric bypass
nejm,all_I=motion_blur_S=3,36,image_36.jpg,Scabies,Larva currens from Strongyloides
nejm,all_I=motion_blur_S=3,37,image_37.jpg,Emphysematous pyelonephritis,Duodenal perforation
nejm,all_I=motion_blur_S=3,38,image_38.jpg,Eclampsia,Adrenal mass
nejm,all_I=motion_blur_S=3,39,image_39.jpg,Epidermolysis bullosa,Hereditary hemorrhagic telangiectasia
nejm,all_I=motion_blur_S=3,40,image_40.jpg,Amiodarone-induced vortex keratopathy,Amiodarone-induced vortex keratopathy
nejm,all_I=motion_blur_S=3,41,image_41.jpg,Metastatic adenocarcinoma,Metastatic adenocarcinoma
nejm,all_I=motion_blur_S=3,42,image_42.jpg,Iron deficiency anemia,Babesiosis
nejm,all_I=motion_blur_S=3,43,image_43.jpg,Eyelid wart,Vernal keratoconjunctivitis
nejm,all_I=motion_blur_S=3,44,image_44.jpg,Herpetic whitlow,Psoriasis
nejm,all_I=motion_blur_S=3,45,image_45.jpg,Age-related macular degeneration,Hydroxychloroquine toxicity
nejm,all_I=motion_blur_S=3,46,image_46.jpg,Torus palatinus,Torus palatinus
nejm,all_I=motion_blur_S=3,47,image_47.jpg,Temozolomide,Dexamethasone
nejm,all_I=motion_blur_S=3,48,image_48.jpg,Crohn’s disease,Acute pancreatitis
nejm,all_I=motion_blur_S=3,49,image_49.jpg,Follicular thyroid carcinoma,Bleeding into a thyroid nodule
nejm,all_I=motion_blur_S=3,50,image_50.jpg,Pyogenic granuloma,Pyogenic granuloma
nejm,all_I=motion_blur_S=3,51,image_51.jpg,Repetitive strain,Assault
nejm,all_I=motion_blur_S=3,52,image_52.jpg,Erythema multiforme,Tuberculoid leprosy
nejm,all_I=motion_blur_S=3,53,image_53.jpg,Thymoma,Vein-graft aneurysms
nejm,all_I=motion_blur_S=3,54,image_54.jpg,Cornea verticillata,Iris atrophy
nejm,all_I=motion_blur_S=3,55,image_55.jpg,Sarcoidosis,Iron deficiency
nejm,all_I=motion_blur_S=3,56,image_56.jpg,Staphylococcal scalded skin syndrome,Leprosy
nejm,all_I=motion_blur_S=3,57,image_57.jpg,Psoriasis,Hypercholesterolemia
nejm,all_I=motion_blur_S=3,58,image_58.jpg,Systemic infection,Chronic kidney disease
nejm,all_I=motion_blur_S=3,59,image_59.jpg,Achalasia,Achalasia
nejm,all_I=motion_blur_S=3,60,image_60.jpg,Ocular toxoplasmosis,Malignant hypertension
nejm,all_I=motion_blur_S=3,61,image_61.jpg,Kaposi's sarcoma,Cryptococcosis
nejm,all_I=motion_blur_S=3,62,image_62.jpg,Lisch nodules,Lisch nodules
nejm,all_I=motion_blur_S=3,63,image_63.jpg,Acromegaly,Acromegaly
nejm,all_I=motion_blur_S=3,64,image_64.jpg,Left internal mammary vein,Left-sided superior vena cava
nejm,all_I=motion_blur_S=3,65,image_65.jpg,Escherichia coli,Blastomyces dermatitidis
nejm,all_I=motion_blur_S=3,66,image_66.jpg,Relapsing polychondritis,Relapsing polychondritis
nejm,all_I=motion_blur_S=3,67,image_67.jpg,Scrofula,Scrofula
nejm,all_I=motion_blur_S=3,68,image_68.jpg,Traumatic spondylolisthesis of the axis (hangman’s fracture),Traumatic spondylolisthesis of the axis (hangman’s fracture)
nejm,all_I=motion_blur_S=3,69,image_69.jpg,Handling feline waste,Gardening
nejm,all_I=motion_blur_S=3,70,image_70.jpg,Hematoma,Melanoma
nejm,all_I=motion_blur_S=3,71,image_71.jpg,Sporotrichosis,Actinomycosis
nejm,all_I=motion_blur_S=3,72,image_72.jpg,Itraconazole,Itraconazole
nejm,all_I=motion_blur_S=3,73,image_73.jpg,Chiari I malformation,Chiari I malformation
nejm,all_I=motion_blur_S=3,74,image_74.jpg,Primary adrenal insufficiency (Addison’s disease),Primary adrenal insufficiency (Addison’s disease)
nejm,all_I=motion_blur_S=3,75,image_75.jpg,Herpes zoster,Herpes zoster
nejm,all_I=motion_blur_S=3,76,image_76.jpg,Conjunctival hemorrhage,Melanoma
nejm,all_I=motion_blur_S=3,77,image_77.jpg,Malignant optic nerve prolapse,Fungal endophthalmitis
nejm,all_I=motion_blur_S=3,78,image_78.jpg,Psoriasis,Urticaria
nejm,all_I=motion_blur_S=3,79,image_79.jpg,Gastrospenic fistulization,Gastrospenic fistulization
nejm,all_I=motion_blur_S=3,80,image_80.jpg,Dentinogenesis imperfecta,Neonatal hyperbilirubinemia
nejm,all_I=motion_blur_S=3,81,image_81.jpg,Drug eruption,Lichen planus
nejm,all_I=motion_blur_S=3,82,image_82.jpg,Elephantiasis,Inguinal hernia
nejm,all_I=motion_blur_S=3,83,image_83.jpg,Insulin-induced lipohypertrophy,Insulin-induced lipohypertrophy
nejm,all_I=motion_blur_S=3,84,image_84.jpg,Scheduled nebulized bronchodilators,Cessation of nitrofurantoin
nejm,all_I=motion_blur_S=3,85,image_85.jpg,Drug-induced pemphigus,Fixed drug eruption
nejm,all_I=motion_blur_S=3,86,image_86.jpg,Cardiac tamponade,Giant right atrium
nejm,all_I=motion_blur_S=3,87,image_87.jpg,Rhinophyma,Lupus pernio
nejm,all_I=motion_blur_S=3,88,image_88.jpg,Von Hippel-Lindau disease,Von Hippel-Lindau disease
nejm,all_I=motion_blur_S=3,89,image_89.jpg,Tungiasis,Myiasis
nejm,all_I=motion_blur_S=3,90,image_90.jpg,Left testicular torsion,Left testicular torsion
nejm,all_I=motion_blur_S=3,91,image_91.jpg,Pulmonary hypertension,Pulmonary hypertension
nejm,all_I=motion_blur_S=3,92,image_92.jpg,Gingival hyperplasia secondary to chemotherapy,Metastasis of colorectal cancer
nejm,all_I=motion_blur_S=3,93,image_93.jpg,Pasteurella multocida,Mycobacterium marinum
nejm,all_I=motion_blur_S=3,94,image_94.jpg,Mucocele,Syphilitic gumma
nejm,all_I=motion_blur_S=3,95,image_95.jpg,Multiple myeloma,Gaucher's disease
nejm,all_I=motion_blur_S=3,96,image_96.jpg,Cholesterol crystal embolization,Cholesterol crystal embolization
nejm,all_I=motion_blur_S=3,97,image_97.jpg,Condyloma acuminatum,Pearly penile papules
nejm,all_I=motion_blur_S=3,98,image_98.jpg,Takayasu arteritis,Polyarteritis nodosa
nejm,all_I=motion_blur_S=3,99,image_99.jpg,End-stage renal disease,End-stage renal disease
nejm,all_I=motion_blur_S=3,100,image_100.jpg,Abscess,Abscess
nejm,all_I=motion_blur_S=3,101,image_101.jpg,Eczema herpeticum,Eczema herpeticum
nejm,all_I=motion_blur_S=3,102,image_102.jpg,Warm autoimmune hemolytic anemia,Cold agglutinin syndrome
nejm,all_I=motion_blur_S=3,103,image_103.jpg,Epidermoid cysts,Scrotal calcinosis
nejm,all_I=motion_blur_S=3,104,image_104.jpg,Takayasu’s arteritis,Takayasu’s arteritis
nejm,all_I=motion_blur_S=3,105,image_105.jpg,Ectopic gallbladder,Gallbladder volvulus
nejm,all_I=motion_blur_S=3,106,image_106.jpg,Vesicolithiasis,Bladder diverticula
nejm,all_I=motion_blur_S=3,107,image_107.jpg,Gastrogastric intussusception,Gastrogastric intussusception
nejm,all_I=motion_blur_S=3,108,image_108.jpg,Pneumatosis cystoides coli,Pneumatosis cystoides coli
nejm,all_I=motion_blur_S=3,109,image_109.jpg,Prompt coronary revascularization,Pericardiocentesis
nejm,all_I=motion_blur_S=3,110,image_110.jpg,Poststreptococcal pustulosis,Poststreptococcal pustulosis
nejm,all_I=motion_blur_S=3,111,image_111.jpg,Osteoarthritis,Osteoarthritis
nejm,all_I=motion_blur_S=3,112,image_112.jpg,Palatine tonsillitis,Antrochoanal polyp
nejm,all_I=motion_blur_S=3,113,image_113.jpg,Trypanosomiasis,Trypanosomiasis
nejm,all_I=motion_blur_S=3,114,image_114.jpg,Ascending cholangitis,Emphysematous cholecystitis
nejm,all_I=motion_blur_S=3,115,image_115.jpg,Peutz-Jeghers syndrome,Peutz-Jeghers syndrome
nejm,all_I=motion_blur_S=3,116,image_116.jpg,Chronic granulomatous disease,Chronic granulomatous disease
nejm,all_I=motion_blur_S=3,117,image_117.jpg,Vitamin B12 deficiency,Decompensated cirrhosis
nejm,all_I=motion_blur_S=3,118,image_118.jpg,Liposuction,Gastric bypass
nejm,all_I=motion_blur_S=3,119,image_119.jpg,Drug eruption,Sweet’s syndrome
nejm,all_I=motion_blur_S=3,120,image_120.jpg,Type II hypersensitivity reaction,Type III hypersensitivity reaction
nejm,all_I=motion_blur_S=3,121,image_121.jpg,Biguanide,Alpha-glucosidase inhibitor
nejm,all_I=motion_blur_S=3,122,image_122.jpg,Glioblastoma multiforme,Thrombosed intracranial aneurysm
nejm,all_I=motion_blur_S=3,123,image_123.jpg,Multiple sclerosis,Multiple sclerosis
nejm,all_I=motion_blur_S=3,124,image_124.jpg,Penicillin allergy,Ludwig's angina
nejm,all_I=motion_blur_S=3,125,image_125.jpg,Tinea corporis,Syphilis
nejm,all_I=motion_blur_S=3,126,image_126.jpg,Cytomegalovirus retinitis,Malignant hypertension
nejm,all_I=motion_blur_S=3,127,image_127.jpg,Praziquantel,Praziquantel
nejm,all_I=motion_blur_S=3,128,image_128.jpg,Pruritic urticarial papules and plaques of pregnancy (PUPPP),Pemphigoid gestationis
nejm,all_I=motion_blur_S=3,129,image_129.jpg,Granuloma fissuratum,Squamous-cell carcinoma
nejm,all_I=motion_blur_S=3,130,image_130.jpg,Small-bowel volvulus,Small-bowel volvulus
nejm,all_I=motion_blur_S=3,131,image_131.jpg,Toxic shock syndrome,Toxic shock syndrome
nejm,all_I=motion_blur_S=3,132,image_132.jpg,Epiglottitis,Epiglottitis
nejm,all_I=motion_blur_S=3,133,image_133.jpg,Psoriasis,Chemotherapy treatment
nejm,all_I=motion_blur_S=3,134,image_134.jpg,Air embolism,Air embolism
nejm,all_I=motion_blur_S=3,135,image_135.jpg,Vitamin A deficiency,Vitamin A deficiency
nejm,all_I=motion_blur_S=3,136,image_136.jpg,Orf,Anthrax
nejm,all_I=motion_blur_S=3,137,image_137.jpg,Pulmonary sarcoidosis,Eosinophilic bronchitis
nejm,all_I=motion_blur_S=3,138,image_138.jpg,JAK2,JAK2
nejm,all_I=motion_blur_S=3,139,image_139.jpg,Osteosarcoma,Scleroderma
nejm,all_I=motion_blur_S=3,140,image_140.jpg,Colovesical fistula,Emphysematous prostatitis
nejm,all_I=motion_blur_S=3,141,image_141.jpg,Organophosphates,Nitrous oxide
nejm,all_I=motion_blur_S=3,142,image_142.jpg,Closed-angle glaucoma,Malignant hypertension
nejm,all_I=motion_blur_S=3,143,image_143.jpg,Nocardiosis,Actinomycosis
nejm,all_I=motion_blur_S=3,144,image_144.jpg,Small-bowel obstruction,Sigmoid volvulus
nejm,all_I=motion_blur_S=3,145,image_145.jpg,Gastric pneumatosis,Gastric pneumatosis
nejm,all_I=motion_blur_S=3,146,image_146.jpg,Pyogenic granuloma,Conjunctival squamous-cell carcinoma
nejm,all_I=motion_blur_S=3,147,image_147.jpg,Pruritic plaques of pregnancy,Herpes gestationis
nejm,all_I=motion_blur_S=3,148,image_148.jpg,Aquagenic keratoderma,Aquagenic keratoderma
nejm,all_I=motion_blur_S=3,149,image_149.jpg,Keloid,Scrotal calcinosis
nejm,all_I=motion_blur_S=3,150,image_150.jpg,Vocal-cord granuloma,Carcinoma
nejm,all_I=motion_blur_S=3,151,image_151.jpg,Diabetic retinopathy,Lipemia retinalis
nejm,all_I=motion_blur_S=3,152,image_152.jpg,Lead poisoning,Lead poisoning
nejm,all_I=motion_blur_S=3,153,image_153.jpg,Tetracyclines,Tetracyclines
nejm,all_I=motion_blur_S=3,154,image_154.jpg,Meig's syndrome,Thoracic endometriosis
nejm,all_I=motion_blur_S=3,155,image_155.jpg,Struvite,Calcium phosphate
nejm,all_I=motion_blur_S=3,156,image_156.jpg,Keratoglobus,Keratoconus
nejm,all_I=motion_blur_S=3,157,image_157.jpg,Gout,Gout
nejm,all_I=motion_blur_S=3,158,image_158.jpg,Right hypoglossal nerve,Left hypoglossal nerve
nejm,all_I=motion_blur_S=3,159,image_159.jpg,Erythema gyratum repens,Tinea imbricata
nejm,all_I=motion_blur_S=3,160,image_160.jpg,Mosquito,Mosquito
nejm,all_I=motion_blur_S=3,161,image_161.jpg,Cushing's syndrome,Treatment with bleomycin
nejm,all_I=motion_blur_S=3,162,image_162.jpg,Langerhans-cell histiocytosis,Langerhans-cell histiocytosis
nejm,all_I=motion_blur_S=3,163,image_163.jpg,Central retinal vein occlusion,Cholesterol embolism
nejm,all_I=motion_blur_S=3,164,image_164.jpg,Onychomycosis,Squamous-cell carcinoma
nejm,all_I=motion_blur_S=3,165,image_165.jpg,Renal cryptococcosis,Renal cryptococcosis
nejm,all_I=motion_blur_S=3,166,image_166.jpg,Leptospirosis,Tungiasis
nejm,all_I=motion_blur_S=3,167,image_167.jpg,Hypothyroidism,Coronary artery disease
nejm,all_I=motion_blur_S=3,168,image_168.jpg,Liver abscess,Liver abscess
nejm,all_I=motion_blur_S=3,169,image_169.jpg,Interlabial cyst,Hydrocolpos
nejm,all_I=motion_blur_S=3,170,image_170.jpg,Hemianopia,Hemiparesis
nejm,all_I=motion_blur_S=3,171,image_171.jpg,Punctate psoriasis,Keratoderma
nejm,all_I=motion_blur_S=3,172,image_172.jpg,Chronic lung allograft dysfunction,Parvovirus B19 infection
nejm,all_I=motion_blur_S=3,173,image_173.jpg,Polyarteritis nodosa,Polyarteritis nodosa
nejm,all_I=motion_blur_S=3,174,image_174.jpg,Pyloric stenosis,Pyloric stenosis
nejm,all_I=motion_blur_S=3,175,image_175.jpg,HIV IgM antibody,HIV nucleic acid test
nejm,all_I=motion_blur_S=3,176,image_176.jpg,Urate,Oxalate
nejm,all_I=motion_blur_S=3,177,image_177.jpg,Guttate psoriasis,Pemphigus vulgaris
nejm,all_I=motion_blur_S=3,178,image_178.jpg,Plasmodium falciparum,Trypanosoma brucei
nejm,all_I=motion_blur_S=3,179,image_179.jpg,Drug-Eluting Bead Embolism,Drug-Eluting Bead Embolism
nejm,all_I=motion_blur_S=3,180,image_180.jpg,Toxocara canis,Dirofilaria repens
nejm,all_I=motion_blur_S=3,181,image_181.jpg,Carcinoma of the tongue,Giant-cell arteritis
nejm,all_I=motion_blur_S=3,182,image_182.jpg,Atlanto-axial subluxation,Atlanto-occipital dislocation
nejm,all_I=motion_blur_S=3,183,image_183.jpg,Chickenpox,Chickenpox
nejm,all_I=motion_blur_S=3,184,image_184.jpg,Aspiration pneumonia,Bronchoesophageal fistula
nejm,all_I=motion_blur_S=3,185,image_185.jpg,Williams syndrome,Turner syndrome
nejm,all_I=motion_blur_S=3,186,image_186.jpg,Rickets,Paget's disease
nejm,all_I=motion_blur_S=3,187,image_187.jpg,Squamous-cell carcinoma,Squamous-cell carcinoma
nejm,all_I=motion_blur_S=3,188,image_188.jpg,Fibrolipomatous hamartoma of ulnar nerve,Mycobacterial tenosynovitis due to Mycobacterium avium complex
nejm,all_I=motion_blur_S=3,189,image_189.jpg,Osteitis fibrosa,Calcinos
nejm,all_I=motion_blur_S=3,190,image_190.jpg,Mucocele,Lipoma
nejm,all_I=motion_blur_S=3,191,image_191.jpg,Familial hypercholesterolemia,Kawasaki's disease
nejm,all_I=motion_blur_S=3,192,image_192.jpg,Multiple bacterial abscesses,Multiple bacterial abscesses
nejm,all_I=motion_blur_S=3,193,image_193.jpg,Hidradenitis suppurativa,Hidradenitis suppurativa
nejm,all_I=motion_blur_S=3,194,image_194.jpg,Thyrotropin receptor antibodies,Thyrotropin receptor antibodies
nejm,all_I=motion_blur_S=3,195,image_195.jpg,Retained suture,Loa loa
nejm,all_I=motion_blur_S=3,196,image_196.jpg,Pneumopericardium,Pneumopericardium
nejm,all_I=motion_blur_S=3,197,image_197.jpg,Erythema marginatum,Erythema marginatum
nejm,all_I=motion_blur_S=3,198,image_198.jpg,Serpentine supravenous hyperpigmentation,Serpentine supravenous hyperpigmentation
nejm,all_I=motion_blur_S=3,199,image_199.jpg,Psoriasis,Tinea
nejm,all_I=motion_blur_S=3,200,image_200.jpg,Light-near dissociation,Light-near dissociation
nejm,all_I=motion_blur_S=3,201,image_201.jpg,Rib metastases,Supernumerary rib
nejm,all_I=motion_blur_S=3,202,image_202.jpg,Polychondritis,Polychondritis
nejm,all_I=motion_blur_S=3,203,image_203.jpg,Hemophagocytosis of sickle cells,Hemophagocytosis of sickle cells
nejm,all_I=motion_blur_S=3,204,image_204.jpg,Cushing's syndrome,Hypogonadism
nejm,all_I=motion_blur_S=3,205,image_205.jpg,Pericardial effusion,Esophageal diverticulum
nejm,all_I=motion_blur_S=3,206,image_206.jpg,Hidradinitis suppurativa,Pseudoxanthoma elasticum
nejm,all_I=motion_blur_S=3,207,image_207.jpg,Amyloid angiopathy,Hereditary hemorrhagic telangiectasia
nejm,all_I=motion_blur_S=3,208,image_208.jpg,Aortic and tricuspid valves,Aortic and mitral valves
nejm,all_I=motion_blur_S=3,209,image_209.jpg,Median nerve palsy,Albright's hereditary osteodystrophy
nejm,all_I=motion_blur_S=3,210,image_210.jpg,Infection with Vibrio vulnificus,Polyarteritis nodosa
nejm,all_I=motion_blur_S=3,211,image_211.jpg,Osteogenesis imperfecta,Osteogenesis imperfecta
nejm,all_I=motion_blur_S=3,212,image_212.jpg,Normal-pressure hydrocephalus,Normal-pressure hydrocephalus
nejm,all_I=motion_blur_S=3,213,image_213.jpg,Elevated opening pressure,Elevated opening pressure
nejm,all_I=motion_blur_S=3,214,image_214.jpg,Addison's disease,Insulin resistance
nejm,all_I=motion_blur_S=3,215,image_215.jpg,Lymphangitis,Electrocution
nejm,all_I=motion_blur_S=3,216,image_216.jpg,Myxoid sarcoma,Cysticercosis
nejm,all_I=motion_blur_S=3,217,image_217.jpg,Acute hemorrhagic conjunctivitis,Leptospirosis
nejm,all_I=motion_blur_S=3,218,image_218.jpg,Necrobiosis lipoidica diabeticorum,Ischemic gangrene
nejm,all_I=motion_blur_S=3,219,image_219.jpg,Carcinoma en cuirasse,Carcinoma en cuirasse
nejm,all_I=motion_blur_S=3,220,image_220.jpg,Herpetic whitlow,Scabies
nejm,all_I=motion_blur_S=3,221,image_221.jpg,Air bronchogram,Air bronchogram
nejm,all_I=motion_blur_S=3,222,image_222.jpg,Echinococcal cysts,Echinococcal cysts
nejm,all_I=motion_blur_S=3,223,image_223.jpg,Rickets,Chondrocalcinosis
nejm,all_I=motion_blur_S=3,224,image_224.jpg,Myocarditis,Stenosis of the left anterior descending artery
nejm,all_I=motion_blur_S=3,225,image_225.jpg,Papillomatosis cutis lymphostatica,Papillomatosis cutis lymphostatica
nejm,all_I=motion_blur_S=3,226,image_226.jpg,Ovarian torsion,Fallopian tube torsion
nejm,all_I=motion_blur_S=3,227,image_227.jpg,Rhinophyma,Rhinophyma
nejm,all_I=motion_blur_S=3,228,image_228.jpg,Dermoid,Dermoid
nejm,all_I=motion_blur_S=3,229,image_229.jpg,Erythrodermic psoriasis,Erythrodermic psoriasis
nejm,all_I=motion_blur_S=3,230,image_230.jpg,Graves' disease,Prolapse of orbital fat
nejm,all_I=motion_blur_S=3,231,image_231.jpg,Poland syndrome,Poland syndrome
nejm,all_I=motion_blur_S=3,232,image_232.jpg,Lingua villosa nigra,Lingua villosa nigra
nejm,all_I=motion_blur_S=3,233,image_233.jpg,Interventricular septum,Intercostal muscle
nejm,all_I=motion_blur_S=3,234,image_234.jpg,Gastric bezoar,Gastric cancer
nejm,all_I=motion_blur_S=3,235,image_235.jpg,Nelson’s syndrome,Somatotropic pituitary adenoma
nejm,all_I=motion_blur_S=3,236,image_236.jpg,Parvovirus B19,Treponema pallidum
nejm,all_I=motion_blur_S=3,237,image_237.jpg,Leukemic infiltration of the gingiva,Leukemic infiltration of the gingiva
nejm,all_I=motion_blur_S=3,238,image_238.jpg,Necrobiosis lipoidica diabeticorum,Necrolytic migratory erythema
nejm,all_I=motion_blur_S=3,239,image_239.jpg,Closed-angle glaucoma,Waldenström’s macroglobulinemia
nejm,all_I=motion_blur_S=3,240,image_240.jpg,Straddle pelvic fracture,Open-book fracture
nejm,all_I=motion_blur_S=3,241,image_241.jpg,Tinea barbae,Tinea barbae
nejm,all_I=motion_blur_S=3,242,image_242.jpg,"Hand, foot, and mouth disease",Herpetic whitlow
nejm,all_I=motion_blur_S=3,243,image_243.jpg,Aortic aneurysm,Urinary retention
nejm,all_I=motion_blur_S=3,244,image_244.jpg,Pneumothorax,Pneumothorax
nejm,all_I=motion_blur_S=3,245,image_245.jpg,Persistent hyperplastic primary vitreous,Persistent pupillary membranes
nejm,all_I=motion_blur_S=3,246,image_246.jpg,Odontogenic cutaneous fistula,Odontogenic cutaneous fistula
nejm,all_I=motion_blur_S=3,247,image_247.jpg,Lipodermatosclerosis,Superficial thrombophlebitis
nejm,all_I=motion_blur_S=3,248,image_248.jpg,Molluscum contagiosum,Molluscum contagiosum
nejm,all_I=motion_blur_S=3,249,image_249.jpg,Cutaneous leishmaniasis,Cutaneous leishmaniasis
nejm,all_I=motion_blur_S=3,250,image_250.jpg,Giant-cell arteritis,Giant-cell arteritis
nejm,all_I=motion_blur_S=3,251,image_251.jpg,Psoriasis,Antisynthetase syndrome
nejm,all_I=motion_blur_S=3,252,image_252.jpg,Nummular eczema,Nummular eczema
nejm,all_I=motion_blur_S=3,253,image_253.jpg,Cellulitis,Acute lymphangitis
nejm,all_I=motion_blur_S=3,254,image_254.jpg,Graves' disease,Rheumatoid arthritis
nejm,all_I=motion_blur_S=3,255,image_255.jpg,Sublingual epidermoid cyst,Sublingual epidermoid cyst
nejm,all_I=motion_blur_S=3,256,image_256.jpg,Sarcoidosis,Sarcoidosis
nejm,all_I=motion_blur_S=3,257,image_257.jpg,Herpes simplex,Syphilis
nejm,all_I=motion_blur_S=3,258,image_258.jpg,Foreign bodies that have been present for longer than 24 hours,Foreign bodies that have been present for longer than 24 hours
nejm,all_I=motion_blur_S=3,259,image_259.jpg,Electrical alternans,Cardiac allograft
nejm,all_I=motion_blur_S=3,260,image_260.jpg,Phlegmasia cerulea dolens,Phlegmasia cerulea dolens
nejm,all_I=motion_blur_S=3,261,image_261.jpg,Coxsackie viral infection,Measles
nejm,all_I=motion_blur_S=3,262,image_262.jpg,Herpetic keratitis,Vernal conjunctivitis
nejm,all_I=motion_blur_S=3,263,image_263.jpg,Pericardial space,Left ventricle
nejm,all_I=motion_blur_S=3,264,image_264.jpg,Bilirubin,Bilirubin
nejm,all_I=motion_blur_S=3,265,image_265.jpg,Acromegaly,Eisenmenger's syndrome
nejm,all_I=motion_blur_S=3,266,image_266.jpg,Polycystic kidney disease,Page kidney
nejm,all_I=motion_blur_S=3,267,image_267.jpg,Gastric outlet obstruction,Ulcerative colitis
nejm,all_I=motion_blur_S=3,268,image_268.jpg,Geographic tongue,Geographic tongue
nejm,all_I=motion_blur_S=3,269,image_269.jpg,Multiple Myeloma,Bone marrow necrosis
nejm,all_I=motion_blur_S=3,270,image_270.jpg,Permethrin,Permethrin
nejm,all_I=motion_blur_S=3,271,image_271.jpg,Hypothyroidism,Hypothyroidism
nejm,all_I=motion_blur_S=3,272,image_272.jpg,Preeclampsia,Preeclampsia
nejm,all_I=motion_blur_S=3,273,image_273.jpg,Senile ileus,Intestinal lipomatosis
nejm,all_I=motion_blur_S=3,274,image_274.jpg,Temporal arteritis,Cholesterol emboli
nejm,all_I=motion_blur_S=3,275,image_275.jpg,Aphthous stomatitis,Herpes zoster
nejm,all_I=motion_blur_S=3,276,image_276.jpg,Sporotrichosis,Sporotrichosis
nejm,all_I=motion_blur_S=3,277,image_277.jpg,Central retinal artery occlusion,Central retinal artery occlusion
nejm,all_I=motion_blur_S=3,278,image_278.jpg,Hematometrocolpos,Hematometrocolpos
nejm,all_I=motion_blur_S=3,279,image_279.jpg,Systemic lupus erythematosus,Superior vena cava syndrome
nejm,all_I=motion_blur_S=3,280,image_280.jpg,Myeloma,Cirrhosis
nejm,all_I=motion_blur_S=3,281,image_281.jpg,Ménétrier’s disease,Ménétrier’s disease
nejm,all_I=motion_blur_S=3,282,image_282.jpg,Pseudothrombocytopenia due to plate clumping associated with EDTA,Pseudothrombocytosis due to red cell fragments
nejm,all_I=motion_blur_S=3,283,image_283.jpg,Anterior uveitis,Carotid cavernous sinus fistula
nejm,all_I=motion_blur_S=3,284,image_284.jpg,Plastic bronchitis,Plastic bronchitis
nejm,all_I=motion_blur_S=3,285,image_285.jpg,Hernia,Intraabdominal cancer
nejm,all_I=motion_blur_S=3,286,image_286.jpg,Rosacea,Rosacea
nejm,all_I=motion_blur_S=3,287,image_287.jpg,Abdominal aortic aneurysm,Urachal mucinous cystic tumor
nejm,all_I=motion_blur_S=3,288,image_288.jpg,Quadriplegia,Quadriplegia
nejm,all_I=motion_blur_S=3,289,image_289.jpg,Retinitis pigmentosa,Marfan’s syndrome
nejm,all_I=motion_blur_S=3,290,image_290.jpg,Sclerosing sialadenitis,Sclerosing sialadenitis
nejm,all_I=motion_blur_S=3,291,image_291.jpg,Cardiac amyloidosis,Angiosarcoma
nejm,all_I=motion_blur_S=3,292,image_292.jpg,Gunshot wound,Chronic venous insufficiency
nejm,all_I=motion_blur_S=3,293,image_293.jpg,Pyogenic granuloma,Torus mandibularis
nejm,all_I=motion_blur_S=3,294,image_294.jpg,Spindle-cell sarcoma,Spindle-cell sarcoma
nejm,all_I=motion_blur_S=3,295,image_295.jpg,Spleen,Stomach
nejm,all_I=motion_blur_S=3,296,image_296.jpg,Cogan’s syndrome,Cogan’s syndrome
nejm,all_I=motion_blur_S=3,297,image_297.jpg,Salbutamol,Ipratropium
nejm,all_I=motion_blur_S=3,298,image_298.jpg,Diabetic bullae,Eruptive xanthomas
nejm,all_I=motion_blur_S=3,299,image_299.jpg,Sialolithiasis,Iodide-associated sialadenitis
nejm,all_I=motion_blur_S=3,300,image_300.jpg,Peritoneal carcinomatosis,Encapsulating peritoneal sclerosis
nejm,all_I=motion_blur_S=3,301,image_301.jpg,Beta2-microglobulin,Calcitonin
nejm,all_I=motion_blur_S=3,302,image_302.jpg,Acromegaly,Primary hypertrophic osteoarthropathy
nejm,all_I=motion_blur_S=3,303,image_303.jpg,Congenital cytomegalovirus infection,Congenital cytomegalovirus infection
nejm,all_I=motion_blur_S=3,304,image_304.jpg,Left anterior descending artery occlusion,Right coronary artery occlusion
nejm,all_I=motion_blur_S=3,305,image_305.jpg,Tracheal agenesis with bronchoesophageal fistula,Tracheal agenesis with bronchoesophageal fistula
nejm,all_I=motion_blur_S=3,306,image_306.jpg,Prolactin,Angiotensin-converting enzyme
nejm,all_I=motion_blur_S=3,307,image_307.jpg,Shingles,Neurofibromatosis
nejm,all_I=motion_blur_S=3,308,image_308.jpg,Measles,Systemic lupus erythematosus
nejm,all_I=motion_blur_S=3,309,image_309.jpg,Granulomatosis with polyangiitis,Granulomatosis with polyangiitis
nejm,all_I=motion_blur_S=3,310,image_310.jpg,Cisplatin overdose,Ethylene glycol poisoning
nejm,all_I=motion_blur_S=3,311,image_311.jpg,Trichobezoar,Ascariasis
nejm,all_I=motion_blur_S=3,312,image_312.jpg,Epstein-Barr virus,Group A streptococcus
nejm,all_I=motion_blur_S=3,313,image_313.jpg,Retinoblastoma,Shaken-baby syndrome
nejm,all_I=motion_blur_S=3,314,image_314.jpg,Sweet’s syndrome,Exanthematous pustulosis
nejm,all_I=motion_blur_S=3,315,image_315.jpg,Infectious mononucleosis,Rubella
nejm,all_I=motion_blur_S=3,316,image_316.jpg,Tropical pyoderma,Cutaneous leishmaniasis
nejm,all_I=motion_blur_S=3,317,image_317.jpg,Thrombotic vasculopathy,Thrombotic vasculopathy
nejm,all_I=motion_blur_S=3,318,image_318.jpg,Scalded skin syndrome,Herpes simplex virus infection
nejm,all_I=motion_blur_S=3,319,image_319.jpg,Plummer Vinson syndrome,Eosinophilic esophagitis
nejm,all_I=motion_blur_S=3,320,image_320.jpg,Pharyngeal foreign body,Prevertebral air
nejm,all_I=motion_blur_S=3,321,image_321.jpg,Cows,Cats
nejm,all_I=motion_blur_S=3,322,image_322.jpg,Lymphoma,Histoplasmosis
nejm,all_I=motion_blur_S=3,323,image_323.jpg,Paragonimiasis,Paragonimiasis
nejm,all_I=motion_blur_S=3,324,image_324.jpg,Brachial artery stenosis,Fibromuscular dysplasia
nejm,all_I=motion_blur_S=3,325,image_325.jpg,Condylomata acuminata,Condylomata lata
nejm,all_I=motion_blur_S=3,326,image_326.jpg,Paget's disease,Adrenal insufficiency
nejm,all_I=motion_blur_S=3,327,image_327.jpg,Vitamin B12 deficiency,Vitamin B12 deficiency
nejm,all_I=motion_blur_S=3,328,image_328.jpg,Staphylococcal scalded skin syndrome,Ostraceous psoriasis
nejm,all_I=motion_blur_S=3,329,image_329.jpg,Condyloma acuminatum,Squamous-cell carcinoma
nejm,all_I=motion_blur_S=3,330,image_330.jpg,Conn’s syndrome,Primary adrenal lymphoma
nejm,all_I=motion_blur_S=3,331,image_331.jpg,Spider angioma,Spider angioma
nejm,all_I=motion_blur_S=3,332,image_332.jpg,Yaws,Actinomycetoma
nejm,all_I=motion_blur_S=3,333,image_333.jpg,Malignant melanoma,Halo nevus
nejm,all_I=motion_blur_S=3,334,image_334.jpg,Amiodarone-induced skin discoloration,Amiodarone-induced skin discoloration
nejm,all_I=motion_blur_S=3,335,image_335.jpg,Acquired immunodeficiency syndrome,Leukemia
nejm,all_I=motion_blur_S=3,336,image_336.jpg,Babesiosis,Tickborne relapsing fever
nejm,all_I=motion_blur_S=3,337,image_337.jpg,Erythema gyratum repens,Erythema gyratum repens
nejm,all_I=motion_blur_S=3,338,image_338.jpg,Thromboangiitis obliterans,Deep venous thrombosis
nejm,all_I=motion_blur_S=3,339,image_339.jpg,Chlamydial pneumonia,Bordetella pertussis
nejm,all_I=motion_blur_S=3,340,image_340.jpg,Hyperparathyroidism,Ingestion of a heavy metal
nejm,all_I=motion_blur_S=3,341,image_341.jpg,Tophaceous gout,Tophaceous gout
nejm,all_I=motion_blur_S=3,342,image_342.jpg,Intussusception,Internal hernia
nejm,all_I=motion_blur_S=3,343,image_343.jpg,Colonic pseudo-obstruction,Colocolonic intussusception
nejm,all_I=motion_blur_S=3,344,image_344.jpg,Renal cortical necrosis,Cholesterol crystals
nejm,all_I=motion_blur_S=3,345,image_345.jpg,Pulmonary-artery dissection,Pulmonary-artery dissection
nejm,all_I=motion_blur_S=3,346,image_346.jpg,Scleroderma,Beta-thalassemia
nejm,all_I=motion_blur_S=3,347,image_347.jpg,"Consumption of undercooked, infected fish","Consumption of undercooked, infected beef"
nejm,all_I=motion_blur_S=3,348,image_348.jpg,Pemphigus vulgaris,Neutrophilic dermatosis
nejm,all_I=motion_blur_S=3,349,image_349.jpg,Alkaline phosphatase,Alkaline phosphatase
nejm,all_I=motion_blur_S=3,350,image_350.jpg,Ogilvie’s syndrome,Ogilvie’s syndrome
nejm,all_I=motion_blur_S=3,351,image_351.jpg,Melanoma,Toxoplasmosis
nejm,all_I=motion_blur_S=3,352,image_352.jpg,Ochronosis,Fluorouracil side effect
nejm,all_I=motion_blur_S=3,353,image_353.jpg,Furuncular myiasis,Furuncular myiasis
nejm,all_I=motion_blur_S=3,354,image_354.jpg,Sarcoidosis,Sarcoidosis
nejm,all_I=motion_blur_S=3,355,image_355.jpg,Herpes simplex keratitis,Radial keratotomy
nejm,all_I=motion_blur_S=3,356,image_356.jpg,Nephrostomy tube,Uterine perforation
nejm,all_I=motion_blur_S=3,357,image_357.jpg,Creutzfeld-Jakob disease,Creutzfeld-Jakob disease
nejm,all_I=motion_blur_S=3,358,image_358.jpg,Pneumoconiosis,Tobacco
nejm,all_I=motion_blur_S=3,359,image_359.jpg,Metastatic lung cancer,Metastatic lung cancer
nejm,all_I=motion_blur_S=3,360,image_360.jpg,Radiation-induced angiosarcoma,Radiation-induced angiosarcoma
nejm,all_I=motion_blur_S=3,361,image_361.jpg,Pemphigoid gestationis,Atopic eruption of pregnancy
nejm,all_I=motion_blur_S=3,362,image_362.jpg,Riboflavin,Niacin
nejm,all_I=motion_blur_S=3,363,image_363.jpg,Autoimmune hemolytic anemia,Spur-cell hemolytic anemia
nejm,all_I=motion_blur_S=3,364,image_364.jpg,Cutaneous larva migrans,Cutaneous larva migrans
nejm,all_I=motion_blur_S=3,365,image_365.jpg,Herpes simplex virus infection,Treponema pallidum infection
nejm,all_I=motion_blur_S=3,366,image_366.jpg,Erythema infectiosum,Insect bite
nejm,all_I=motion_blur_S=3,367,image_367.jpg,Diaphragm,Diaphragm
nejm,all_I=motion_blur_S=3,368,image_368.jpg,Pneumothorax,Lung herniation
nejm,all_I=motion_blur_S=3,369,image_369.jpg,Congenital adrenal hyperplasia,Spinal dysraphism
nejm,all_I=motion_blur_S=3,370,image_370.jpg,Klippel-Trénaunay syndrome,Infant harlequin syndrome
nejm,all_I=motion_blur_S=3,371,image_371.jpg,Cleft jaw,Mandibular fracture
nejm,all_I=motion_blur_S=3,372,image_372.jpg,Panniculitis,Panniculitis
nejm,all_I=motion_blur_S=3,373,image_373.jpg,Peutz–Jeghers syndrome,Peutz–Jeghers syndrome
nejm,all_I=motion_blur_S=3,374,image_374.jpg,Candida,Secondary syphilis
nejm,all_I=motion_blur_S=3,375,image_375.jpg,Inverted Q wave,Osborn wave
nejm,all_I=motion_blur_S=3,376,image_376.jpg,Staphylococcal scalded skin syndrome,Staphylococcal scalded skin
nejm,all_I=motion_blur_S=3,377,image_377.jpg,Familial partial lipodystrophy of the Dunnigan type,Insulin lipohypertrophy
nejm,all_I=motion_blur_S=3,378,image_378.jpg,Tinea capitis,Actinic granuloma
nejm,all_I=motion_blur_S=3,379,image_379.jpg,Neurocysticercosis,Cystic echinococcosis
nejm,all_I=motion_blur_S=3,380,image_380.jpg,Alcohol dependency,Alcohol dependency
nejm,all_I=motion_blur_S=3,381,image_381.jpg,Lisch nodules,Lisch nodules
nejm,all_I=motion_blur_S=3,382,image_382.jpg,Zinc,Zinc
nejm,all_I=motion_blur_S=3,383,image_383.jpg,Thrombocytosis,Eosinophilia
nejm,all_I=motion_blur_S=3,384,image_384.jpg,Lupus retinal vasculitis,Antiphospholipid syndrome
nejm,all_I=motion_blur_S=3,385,image_385.jpg,Subdural hematoma,Epidural hematoma
nejm,all_I=motion_blur_S=3,386,image_386.jpg,Pancreatic phlegmon,Trichobezoar
nejm,all_I=motion_blur_S=3,387,image_387.jpg,Osteitis fibrosa cystica,Osteomalacia
nejm,all_I=motion_blur_S=3,388,image_388.jpg,Polyarteritis nodosa vasculitis,Lymphoma
nejm,all_I=motion_blur_S=3,389,image_389.jpg,Bone scan,Bone scan
nejm,all_I=motion_blur_S=3,390,image_390.jpg,Thyroid cancer,Gastric cancer
nejm,all_I=motion_blur_S=3,391,image_391.jpg,Drug-induced reaction,Malakoplakia
nejm,all_I=motion_blur_S=3,392,image_392.jpg,Prolactinoma,Prolactinoma
nejm,all_I=motion_blur_S=3,393,image_393.jpg,Systemic lupus erythematosus,Systemic lupus erythematosus
nejm,all_I=motion_blur_S=3,394,image_394.jpg,Hemorrhagic episcleritis,Traumatic bleb
nejm,all_I=motion_blur_S=3,395,image_395.jpg,Soft-tissue calcinosis,Soft-tissue calcinosis
nejm,all_I=motion_blur_S=3,396,image_396.jpg,Epidermodysplasia verruciformis,Chromoblastomycosis
nejm,all_I=motion_blur_S=3,397,image_397.jpg,Pectus excavatum,Pectus excavatum
nejm,all_I=motion_blur_S=3,398,image_398.jpg,Tuberculosis,Tuberculosis
nejm,all_I=motion_blur_S=3,399,image_399.jpg,Androgenic alopecia,Fibrosing alopecia
nejm,all_I=motion_blur_S=3,400,image_400.jpg,Ludwig’s angina,Ludwig’s angina
nejm,all_I=motion_blur_S=3,401,image_401.jpg,Nephrogenic fibrosing dermopathy,Nephrogenic fibrosing dermopathy
nejm,all_I=motion_blur_S=3,402,image_402.jpg,Lingual carcinoma,Hypoglossal nerve injury
nejm,all_I=motion_blur_S=3,403,image_403.jpg,Cystic echinococcosis,Cystic echinococcosis
nejm,all_I=motion_blur_S=3,404,image_404.jpg,Congestive heart failure,Congestive heart failure
nejm,all_I=motion_blur_S=3,405,image_405.jpg,Scleroderma,Scleroderma
nejm,all_I=motion_blur_S=3,406,image_406.jpg,Malassezia furfur,Corynebacterium minutissimum
nejm,all_I=motion_blur_S=3,407,image_407.jpg,Hydropneumothorax,Hydropneumothorax
nejm,all_I=motion_blur_S=3,408,image_408.jpg,Calcium pyrophosphate deposition disease,Gout
nejm,all_I=motion_blur_S=3,409,image_409.jpg,Drug reaction with eosinophilia and systemic symptoms,Drug reaction with eosinophilia and systemic symptoms
nejm,all_I=motion_blur_S=3,410,image_410.jpg,Raynaud disease,Subclavian vein thrombosis
nejm,all_I=motion_blur_S=3,411,image_411.jpg,Infantile hepatic hemangiomas,Infantile hepatic hemangiomas
nejm,all_I=motion_blur_S=3,412,image_412.jpg,Cryptococcus neoformans,Histoplasma capsulatum
nejm,all_I=motion_blur_S=3,413,image_413.jpg,Cerebriform nevus sebaceous,Cerebriform nevus sebaceous
nejm,all_I=motion_blur_S=3,414,image_414.jpg,Dubin-Johnson syndrome,Metastatic colon cancer
nejm,all_I=motion_blur_S=3,415,image_415.jpg,Vitiligo,Vitiligo
nejm,all_I=motion_blur_S=3,416,image_416.jpg,Pheochromocytoma,Carcinoid syndrome
nejm,all_I=motion_blur_S=3,417,image_417.jpg,Congenital melanocytic nevus,Congenital melanocytic nevus
nejm,all_I=motion_blur_S=3,418,image_418.jpg,Tuberous sclerosis,Multiple endocrine neoplasia type 2B
nejm,all_I=motion_blur_S=3,419,image_419.jpg,Medullary carcinoma of the thyroid,Peripancreatic malignancy
nejm,all_I=motion_blur_S=3,420,image_420.jpg,Immature cataract,Intraocular tumor
nejm,all_I=motion_blur_S=3,421,image_421.jpg,Cryptococcal meningitis,Cryptococcal meningitis
nejm,all_I=motion_blur_S=3,422,image_422.jpg,Beta-blocker,Angiotensin converting-enzyme inhibitor
nejm,all_I=motion_blur_S=3,423,image_423.jpg,Plantar warts,Plantar warts
nejm,all_I=motion_blur_S=3,424,image_424.jpg,Addison's disease,Diabetes mellitus
nejm,all_I=motion_blur_S=3,425,image_425.jpg,Glycogenic acanthosis,Nodular lymphoid hyperplasia
nejm,all_I=motion_blur_S=3,426,image_426.jpg,Peritonsillar abscess,Retropharyngeal abscess
nejm,all_I=motion_blur_S=3,427,image_427.jpg,Chloroquine,Chloroquine
nejm,all_I=motion_blur_S=3,428,image_428.jpg,Diffuse cutaneous systemic sclerosis,Diffuse cutaneous systemic sclerosis
nejm,all_I=motion_blur_S=3,429,image_429.jpg,Chronic constipation,Diabetes mellitus
nejm,all_I=motion_blur_S=3,430,image_430.jpg,Apply cervical collar to stabilize the neck,Leave the foreign object in place
nejm,all_I=motion_blur_S=3,431,image_431.jpg,Thromboangiitis obliterans,Ergotism
nejm,all_I=motion_blur_S=3,432,image_432.jpg,Osteopetrosis,Ankylosing spondylitis
nejm,all_I=motion_blur_S=3,433,image_433.jpg,Hematopoietic system,Respiratory system
nejm,all_I=motion_blur_S=3,434,image_434.jpg,Collodion baby,Harlequin color change
nejm,all_I=motion_blur_S=3,435,image_435.jpg,Tonsillar cancer,Tonsillar cancer
nejm,all_I=motion_blur_S=3,436,image_436.jpg,Acute pulmonary embolism,Ascending aortic aneurysm
nejm,all_I=motion_blur_S=3,437,image_437.jpg,Congenital nevus,Congenital nevus
nejm,all_I=motion_blur_S=3,438,image_438.jpg,Vibrio vulnificus,Vibrio vulnificus
nejm,all_I=motion_blur_S=3,439,image_439.jpg,Glucocorticoid,Protease inhibitor
nejm,all_I=motion_blur_S=3,440,image_440.jpg,Wernicke’s encephalopathy,Wernicke’s encephalopathy
nejm,all_I=motion_blur_S=3,441,image_441.jpg,Gastrointestinal lymphoma,Superior mesenteric artery syndrome
nejm,all_I=motion_blur_S=3,442,image_442.jpg,Mucocele,Mucocele
nejm,all_I=motion_blur_S=3,443,image_443.jpg,Herpes simplex virus,Varicella-zoster virus
nejm,all_I=motion_blur_S=3,444,image_444.jpg,Myasthenia gravis,Myasthenia gravis
nejm,all_I=motion_blur_S=3,445,image_445.jpg,Pleural perforation,Pleural perforation
nejm,all_I=motion_blur_S=3,446,image_446.jpg,Lactational mastitis,Polymastia
nejm,all_I=motion_blur_S=3,447,image_447.jpg,Paronychia,Gout
nejm,all_I=motion_blur_S=3,448,image_448.jpg,Aspirin and intravenous immune globulin,Aspirin and intravenous immune globulin
nejm,all_I=motion_blur_S=3,449,image_449.jpg,Glucocorticoid induced ulceration,Extranodal natural killer T-cell lymphoma
nejm,all_I=motion_blur_S=3,450,image_450.jpg,Celiac disease,Celiac disease
nejm,all_I=motion_blur_S=3,451,image_451.jpg,Pellagra,Amyotrophic lateral sclerosis
nejm,all_I=motion_blur_S=3,452,image_452.jpg,Sjogren's syndrome,Uveoparotid fever
nejm,all_I=motion_blur_S=3,453,image_453.jpg,Pyoderma gangrenosum,Anti-MDA5 dermatomyositis
nejm,all_I=motion_blur_S=3,454,image_454.jpg,Recurrent breast cancer,Cellulitis
nejm,all_I=motion_blur_S=3,455,image_455.jpg,Acute mesenteric ischemia,Intraabdominal hernia
nejm,all_I=motion_blur_S=3,456,image_456.jpg,Acute dacryocystitis,Acute dacryocystitis
nejm,all_I=motion_blur_S=3,457,image_457.jpg,Anti-Hu antibody,Anti-Hu antibody
nejm,all_I=motion_blur_S=3,458,image_458.jpg,Psoriasis,Crusted scabies
nejm,all_I=motion_blur_S=3,459,image_459.jpg,Schistosoma hematobium,Schistosoma hematobium
nejm,all_I=motion_blur_S=3,460,image_460.jpg,Atlantoaxial dislocation,Epiglottitis
nejm,all_I=motion_blur_S=3,461,image_461.jpg,Erythema multiforme,Urticaria multiforme
nejm,all_I=motion_blur_S=3,462,image_462.jpg,Tetracycline,Tetracycline
nejm,all_I=motion_blur_S=3,463,image_463.jpg,Cortisol,Alkaline phosphatase
nejm,all_I=motion_blur_S=3,464,image_464.jpg,Neutrophilic eccrine hidradenitis,Neutrophilic eccrine hidradenitis
nejm,all_I=motion_blur_S=3,465,image_465.jpg,"Right hemiparesis, gaze deviated to the right","Left hemiparesis, gaze deviated to the right"
nejm,all_I=motion_blur_S=3,466,image_466.jpg,Lead exposure,Lead exposure
nejm,all_I=motion_blur_S=3,467,image_467.jpg,Paraneoplastic pemphigus,Necrolytic migratory erythema
nejm,all_I=motion_blur_S=3,468,image_468.jpg,Livedo reticularis,Erythema ab igne
nejm,all_I=motion_blur_S=3,469,image_469.jpg,Melasma,Phototoxic dermatitis
nejm,all_I=motion_blur_S=3,470,image_470.jpg,Laryngeal candidiasis,Laryngeal candidiasis
nejm,all_I=motion_blur_S=3,471,image_471.jpg,Esophageal stricture,Zenker's diverticulum
nejm,all_I=motion_blur_S=3,472,image_472.jpg,Paget-Schroetter disease,Mondor’s disease
nejm,all_I=motion_blur_S=3,473,image_473.jpg,Posterior reversible encephalopathy syndrome,Posterior reversible encephalopathy syndrome
nejm,all_I=motion_blur_S=3,474,image_474.jpg,Systemic sclerosis,Systemic sclerosis
nejm,all_I=motion_blur_S=3,475,image_475.jpg,"Hypercalcemia, hypophosphatemia, and hyperkalemia","Hypocalcemia, hypophosphatemia, and hyperkalemia"
nejm,all_I=motion_blur_S=3,476,image_476.jpg,Legg–Calvé–Perthes disease,Legg–Calvé–Perthes disease
nejm,all_I=motion_blur_S=3,477,image_477.jpg,Decompression sickness,Decompression sickness
nejm,all_I=motion_blur_S=3,478,image_478.jpg,Porphyria cutanea tarda,Porphyria cutanea tarda
nejm,all_I=motion_blur_S=3,479,image_479.jpg,Graves' disease,Graves' disease
nejm,all_I=motion_blur_S=3,480,image_480.jpg,Congenital adrenal hyperplasia,Congenital adrenal hyperplasia
nejm,all_I=motion_blur_S=3,481,image_481.jpg,Cutaneous metastases,Cutaneous metastases
nejm,all_I=motion_blur_S=3,482,image_482.jpg,Thromboangiitis obliterans,Thromboangiitis obliterans
nejm,all_I=motion_blur_S=3,483,image_483.jpg,Cataract,Cataract
nejm,all_I=motion_blur_S=3,484,image_484.jpg,Atherosclerosis,Atherosclerosis
nejm,all_I=motion_blur_S=3,485,image_485.jpg,Situs inversus totalis,Situs inversus totalis
nejm,all_I=motion_blur_S=3,486,image_486.jpg,Cytomegalovirus retinitis,Hypertriglyceridemia
nejm,all_I=motion_blur_S=3,487,image_487.jpg,Peritonsillar abscess,Obstructive parotitis
nejm,all_I=motion_blur_S=3,488,image_488.jpg,Ischemic colitis,Ischemic colitis
nejm,all_I=motion_blur_S=3,489,image_489.jpg,Disseminated leishmaniasis,Small-cell lung cancer
nejm,all_I=motion_blur_S=3,490,image_490.jpg,Taenia solium,Strongyloides stercoralis
nejm,all_I=motion_blur_S=3,491,image_491.jpg,Levamisole,Xylazine
nejm,all_I=motion_blur_S=3,492,image_492.jpg,Parathyroid carcinoma,Hodgkin's lymphoma
nejm,all_I=motion_blur_S=3,493,image_493.jpg,Hepatitis C virus infection,Brucellosis
nejm,all_I=motion_blur_S=3,494,image_494.jpg,IgG4-related ophthalmic disease,IgG4-related ophthalmic disease
nejm,all_I=motion_blur_S=3,495,image_495.jpg,Periodontitis,Dermatomyositis
nejm,all_I=motion_blur_S=3,496,image_496.jpg,Mucormycosis,Curvularia alcornii
nejm,all_I=motion_blur_S=3,497,image_497.jpg,Bulbar palsy,Romberg's sign
nejm,all_I=motion_blur_S=3,498,image_498.jpg,Klebsiella rhinoscleromatis,Klebsiella rhinoscleromatis
nejm,all_I=motion_blur_S=3,499,image_499.jpg,Lingual artery thrombosis,Tissue plasminogen activator-associated angioedema
nejm,all_I=motion_blur_S=3,500,image_500.jpg,Temporal quadrantanopsia,Inferior hemifield loss
nejm,all_I=motion_blur_S=3,501,image_501.jpg,Infective endocarditis,Infective endocarditis
nejm,all_I=motion_blur_S=3,502,image_502.jpg,Nephrogenic systemic fibrosis,Nephrogenic systemic fibrosis
nejm,all_I=motion_blur_S=3,503,image_503.jpg,Onycholysis,Splinter hemorrhages
nejm,all_I=motion_blur_S=3,504,image_504.jpg,Tinea corporis,Leprosy
nejm,all_I=motion_blur_S=3,505,image_505.jpg,Baker's cyst,Abscess
nejm,all_I=motion_blur_S=3,506,image_506.jpg,Dirofilaria repens infection,Dirofilaria repens infection
nejm,all_I=motion_blur_S=3,507,image_507.jpg,Cushing's syndrome,Paraneoplastic disorder
nejm,all_I=motion_blur_S=3,508,image_508.jpg,Perirenal extramedullary hematopoiesis,Perirenal extramedullary hematopoiesis
nejm,all_I=motion_blur_S=3,509,image_509.jpg,Marfan's syndrome,Bulimia nervosa
nejm,all_I=motion_blur_S=3,510,image_510.jpg,Chromomycosis,Iododerma
nejm,all_I=motion_blur_S=3,511,image_511.jpg,Retinoblastoma,Retinoblastoma
nejm,all_I=motion_blur_S=3,512,image_512.jpg,Intestinal obstruction,Perforation of a viscus
nejm,all_I=motion_blur_S=3,513,image_513.jpg,Polymyositis,Dermatomyositis
nejm,all_I=motion_blur_S=3,514,image_514.jpg,Lipomatosis,Lipomatosis
nejm,all_I=motion_blur_S=3,515,image_515.jpg,Nevus comedonicus,Nevus comedonicus
nejm,all_I=motion_blur_S=3,516,image_516.jpg,Oral hairy leukoplakia,Uremic stomatitis
nejm,all_I=motion_blur_S=3,517,image_517.jpg,Paget's disease,Systemic sclerosis
nejm,all_I=motion_blur_S=3,518,image_518.jpg,Psoriasis,Chronic venous stasis
nejm,all_I=motion_blur_S=3,519,image_519.jpg,Sjögren's syndrome,Sjögren's syndrome
nejm,all_I=motion_blur_S=3,520,image_520.jpg,Thyroglossal duct cyst,Thyroglossal duct cyst
nejm,all_I=motion_blur_S=3,521,image_521.jpg,Sarcoidosis,Wegener's granulomatosis
nejm,all_I=motion_blur_S=3,522,image_522.jpg,Necrobiosis lipoidica,Necrobiosis lipoidica
nejm,all_I=motion_blur_S=3,523,image_523.jpg,Lingual artery,Lingual artery
nejm,all_I=motion_blur_S=3,524,image_524.jpg,Cerebral toxoplasmosis,Nocardia asteroides infection
nejm,all_I=motion_blur_S=3,525,image_525.jpg,Raynaud syndrome,Achenbach’s syndrome
nejm,all_I=motion_blur_S=3,526,image_526.jpg,Chancroid,Herpes vegetans
nejm,all_I=motion_blur_S=3,527,image_527.jpg,Cushing's syndrome,Thrombosis of the inferior vena cava
nejm,all_I=motion_blur_S=3,528,image_528.jpg,Human papillomavirus,Human papillomavirus
nejm,all_I=motion_blur_S=3,529,image_529.jpg,Spinal muscular atrophy,Tay-Sachs disease
nejm,all_I=motion_blur_S=3,530,image_530.jpg,Restrictive lung disease,Intrathoracic localized obstruction
nejm,all_I=motion_blur_S=3,531,image_531.jpg,Hereditary angioedema,Thromboembolism
nejm,all_I=motion_blur_S=3,532,image_532.jpg,Colonic volvulus,Pneumoperitoneum
nejm,all_I=motion_blur_S=3,533,image_533.jpg,Heberden’s nodes,Jaccoud’s arthropathy
nejm,all_I=motion_blur_S=3,534,image_534.jpg,Behçet’s disease,Cytomegalovirus infection
nejm,all_I=motion_blur_S=3,535,image_535.jpg,Paget's disease,Renal tubular acidosis
nejm,all_I=motion_blur_S=3,536,image_536.jpg,Vitamin B6,Zinc
nejm,all_I=motion_blur_S=3,537,image_537.jpg,Cold agglutinins,Cold agglutinins
nejm,all_I=motion_blur_S=3,538,image_538.jpg,Hemorrhoids,Enterobiasis
nejm,all_I=motion_blur_S=3,539,image_539.jpg,Digital ischemia,Digital ischemia
nejm,all_I=motion_blur_S=3,540,image_540.jpg,Croup,Croup
nejm,all_I=motion_blur_S=3,541,image_541.jpg,Disseminated cutaneous blastomycosis,Disseminated cutaneous blastomycosis
nejm,all_I=motion_blur_S=3,542,image_542.jpg,Otitis externa,Frey's syndrome
nejm,all_I=motion_blur_S=3,543,image_543.jpg,Cerebral air embolisms,Cerebral cavernous malformations
nejm,all_I=motion_blur_S=3,544,image_544.jpg,Prescribe nystatin,Counsel patient to stop smoking
nejm,all_I=motion_blur_S=3,545,image_545.jpg,Tolosa-Hunt syndrome,Multiple myeloma
nejm,all_I=motion_blur_S=3,546,image_546.jpg,Defect in glucuronidation leading to hyperbilirubinemia,About 50% of the serum bilirubin is conjugated
nejm,all_I=motion_blur_S=3,547,image_547.jpg,Hampton’s hump,Hampton’s hump
nejm,all_I=motion_blur_S=3,548,image_548.jpg,Leukemia cutis,Cryoglobulinemic vasculitis
nejm,all_I=motion_blur_S=3,549,image_549.jpg,Papillary thyroid cancer,Ectopic thyroid
nejm,all_I=motion_blur_S=3,550,image_550.jpg,Acute angle-closure glaucoma,Acute angle-closure glaucoma
nejm,all_I=motion_blur_S=3,551,image_551.jpg,Plasmodium vivax,Plasmodium vivax
nejm,all_I=motion_blur_S=3,552,image_552.jpg,Somatostatinoma,Glucagonoma
nejm,all_I=motion_blur_S=3,553,image_553.jpg,Langerhans cell histiocytosis,Erdheim–Chester disease
nejm,all_I=motion_blur_S=3,554,image_554.jpg,Gastric bezoar,Splenic cyst
nejm,all_I=motion_blur_S=3,555,image_555.jpg,Vitiligo,Tinea versicolor
nejm,all_I=motion_blur_S=3,556,image_556.jpg,Cobalamin (vitamin B12) deficiency,Pellagra
nejm,all_I=motion_blur_S=3,557,image_557.jpg,Pediculus humanus corporis,Pthirus pubis
nejm,all_I=motion_blur_S=3,558,image_558.jpg,Diffuse alveolar hemorrhage,Pulmonary alveolar microlithiasis
nejm,all_I=motion_blur_S=3,559,image_559.jpg,Hyperbilirubinemia,Pseudomonas aeruginosa infection
nejm,all_I=motion_blur_S=3,560,image_560.jpg,Penile contusion,Penile fracture
nejm,all_I=motion_blur_S=3,561,image_561.jpg,HIV-associated diffuse large B-cell lymphoma,Disseminated Mycobacterium avium–intracellulare infection
nejm,all_I=motion_blur_S=3,562,image_562.jpg,Psoralen,Erlotinib
nejm,all_I=motion_blur_S=3,563,image_563.jpg,Schatzki ring,Adenocarcinoma
nejm,all_I=motion_blur_S=3,564,image_564.jpg,Melanoma,Melanoma
nejm,all_I=motion_blur_S=3,565,image_565.jpg,Umbilical hernia,Sister Mary Joseph's nodule
nejm,all_I=motion_blur_S=3,566,image_566.jpg,Methemoglobinemia,Fluorescent dye
nejm,all_I=motion_blur_S=3,567,image_567.jpg,Pulmonary embolism,Pulmonary embolism
nejm,all_I=motion_blur_S=3,568,image_568.jpg,Osgood–Schlatter disease,Osgood–Schlatter disease
nejm,all_I=motion_blur_S=3,569,image_569.jpg,Pneumomediastinum,Pneumomediastinum
nejm,all_I=motion_blur_S=3,570,image_570.jpg,Prominent iris collarette,Prominent iris collarette
nejm,all_I=motion_blur_S=3,571,image_571.jpg,Malignant acanthosis nigricans,Malignant acanthosis nigricans
nejm,all_I=motion_blur_S=3,572,image_572.jpg,Rosacea,Tuberous sclerosis
nejm,all_I=motion_blur_S=3,573,image_573.jpg,Bilirubin elevation,Elevated protein
nejm,all_I=motion_blur_S=3,574,image_574.jpg,Norwegian scabies,Malignant syphilis
nejm,all_I=motion_blur_S=3,575,image_575.jpg,Trichuris trichiura,Diphyllobothrium latum
nejm,all_I=motion_blur_S=3,576,image_576.jpg,Sarcoidosis,Mycobacterium marinum
nejm,all_I=motion_blur_S=3,577,image_577.jpg,Right upper lobe,Left upper lobe
nejm,all_I=motion_blur_S=3,578,image_578.jpg,Candidiasis,Herpes zoster
nejm,all_I=motion_blur_S=3,579,image_579.jpg,Familial exudative vitreoretinopathy,X-linked retinoschisis
nejm,all_I=motion_blur_S=3,580,image_580.jpg,Paget's disease,Pneumocephalus
nejm,all_I=motion_blur_S=3,581,image_581.jpg,Pseudohypoparathyroidism,Albright's hereditary osteodystrophy
nejm,all_I=motion_blur_S=3,582,image_582.jpg,Fluorosis,Fluorosis
nejm,all_I=motion_blur_S=3,583,image_583.jpg,Staphylococcus aureus,Fusobacterium necrophorum
nejm,all_I=motion_blur_S=3,584,image_584.jpg,Dupuytren's contracture,Dupuyten's contracture
nejm,all_I=motion_blur_S=3,585,image_585.jpg,Keratoconus,Wilson's disease
nejm,all_I=motion_blur_S=3,586,image_586.jpg,Infective endocarditis,Infective endocarditis
nejm,all_I=motion_blur_S=3,587,image_587.jpg,Cholesterol emboli,Cholesterol emboli
nejm,all_I=motion_blur_S=3,588,image_588.jpg,Oleothorax,Oleothorax
nejm,all_I=motion_blur_S=3,589,image_589.jpg,Slipped capital femoral epiphysis,Slipped capital femoral epiphysis
nejm,all_I=motion_blur_S=3,590,image_590.jpg,Tsetse fly,Chrysops fly
nejm,all_I=motion_blur_S=3,591,image_591.jpg,Hemochromatosis,Diffuse melanosis cutis
nejm,all_I=motion_blur_S=3,592,image_592.jpg,Calcium oxalate and triple phosphate (struvite) crystals,Cystine and triple phosphate (struvite) crystals
nejm,all_I=motion_blur_S=3,593,image_593.jpg,Cicatricial pemphigoid,Herpes zoster
nejm,all_I=motion_blur_S=3,594,image_594.jpg,Streptococcal pharyngitis,Streptococcal pharyngitis
nejm,all_I=motion_blur_S=3,595,image_595.jpg,Pneumothorax,Substernal goiter
nejm,all_I=motion_blur_S=3,596,image_596.jpg,Speckled lentiginous nevus,Becker’s nevus
nejm,all_I=motion_blur_S=3,597,image_597.jpg,Jeune syndrome asphyxiating thoracic dystrophy,Paternal uniparental disomy 14 (UDP 14 pat) thoracic dysplasia
nejm,all_I=motion_blur_S=3,598,image_598.jpg,Cecal volvulus,Small-bowel obstruction
nejm,all_I=motion_blur_S=3,599,image_599.jpg,Fetal alcohol syndrome,Neonatal thyrotoxicosis
nejm,all_I=motion_blur_S=3,600,image_600.jpg,Lichen planus,Bulimia nervosa
nejm,all_I=motion_blur_S=3,601,image_601.jpg,Neurocysticercosis,Neurocysticercosis
nejm,all_I=motion_blur_S=3,602,image_602.jpg,Pterygium,Papilloma
nejm,all_I=motion_blur_S=3,603,image_603.jpg,Scabies,Fordyce's angiokeratomas
nejm,all_I=motion_blur_S=3,604,image_604.jpg,Pyoderma gangrenosum,Cutaneous diphtheria
nejm,all_I=motion_blur_S=3,605,image_605.jpg,Trichuris trichiura,Enterobius vermicularis
nejm,all_I=motion_blur_S=3,606,image_606.jpg,Human botfly,Tumbu fly
nejm,all_I=motion_blur_S=3,607,image_607.jpg,Neonatal herpes simplex virus,Neonatal herpes simplex virus
nejm,all_I=motion_blur_S=3,608,image_608.jpg,Psoriasis,Erythrasma
nejm,all_I=motion_blur_S=3,609,image_609.jpg,Bisphosphonates,Bisphosphonates
nejm,all_I=motion_blur_S=3,610,image_610.jpg,Telangiectasia,Livedo reticularis
nejm,all_I=motion_blur_S=3,611,image_611.jpg,Impetigo,Varicella
nejm,all_I=motion_blur_S=3,612,image_612.jpg,Talaromyces marneffei,Talaromyces marneffei
nejm,all_I=motion_blur_S=3,613,image_613.jpg,Leprosy,Leishmaniasis
nejm,all_I=motion_blur_S=3,614,image_614.jpg,Herpes simplex virus type 1,Coxsackie virus type A16
nejm,all_I=motion_blur_S=3,615,image_615.jpg,Retrobulbar abscess,Hydatid cyst
nejm,all_I=motion_blur_S=3,616,image_616.jpg,Condyloma acuminatum,Vestibular papillomatosis
nejm,all_I=motion_blur_S=3,617,image_617.jpg,Dislocation of the lens,Dislocation of the lens
nejm,all_I=motion_blur_S=3,618,image_618.jpg,Raynaud's phenomenon,Raynaud's phenomenon
nejm,all_I=motion_blur_S=3,619,image_619.jpg,Tungiasis,Tungiasis
nejm,all_I=motion_blur_S=3,620,image_620.jpg,Caput Medusae,Caput Medusae
nejm,all_I=motion_blur_S=3,621,image_621.jpg,Left anterior descending,Left main stem
nejm,all_I=motion_blur_S=3,622,image_622.jpg,"Hand, foot, and mouth disease","Hand, foot, and mouth disease"
nejm,all_I=motion_blur_S=3,623,image_623.jpg,Auditory polyp,Cholesteatoma
nejm,all_I=motion_blur_S=3,624,image_624.jpg,Bartholin gland cyst,Gartner duct cyst
nejm,all_I=motion_blur_S=3,625,image_625.jpg,Palmar erythema of pregnancy,Palmar erythema of pregnancy
nejm,all_I=motion_blur_S=3,626,image_626.jpg,Intestinal perforation,Mesenteric ischemia
nejm,all_I=motion_blur_S=3,627,image_627.jpg,Cutaneous larva migrans,Cutaneous larva migrans
nejm,all_I=motion_blur_S=3,628,image_628.jpg,Allergic conjunctivitis,Ophthalmomyiasis
nejm,all_I=motion_blur_S=3,629,image_629.jpg,Right atrium,Left atrium
nejm,all_I=motion_blur_S=3,630,image_630.jpg,Tension pneumothorax,Tension pneumothorax
nejm,all_I=motion_blur_S=3,631,image_631.jpg,Achalasia,Nutcracker esophagus
nejm,all_I=motion_blur_S=3,632,image_632.jpg,Uveal melanoma,Uveal melanoma
nejm,all_I=motion_blur_S=3,633,image_633.jpg,Proliferative diabetic retinopathy,Proliferative diabetic retinopathy
nejm,all_I=motion_blur_S=3,634,image_634.jpg,Right fascicular block,Hyperkalemia
nejm,all_I=motion_blur_S=3,635,image_635.jpg,Triatomine bug,Triatomine bug
nejm,all_I=motion_blur_S=3,636,image_636.jpg,Hemothorax,Reexpansion pulmonary edema
nejm,all_I=motion_blur_S=3,637,image_637.jpg,Ameelanotic melanoma,Amelanotic melanoma
nejm,all_I=motion_blur_S=3,638,image_638.jpg,Scleroderma,Eosinophilic fasciitis
nejm,all_I=motion_blur_S=3,639,image_639.jpg,Baking powder,Sugar
nejm,all_I=motion_blur_S=3,640,image_640.jpg,Calvarial osteomyelitis,Sickle cell disease
nejm,all_I=motion_blur_S=3,641,image_641.jpg,Pyogenic aortitis due to Salmonella enteritidis,Emphysematous aortitis due to Clostridium septicum
nejm,all_I=motion_blur_S=3,642,image_642.jpg,Cutaneous larva migrans,Lung cancer
nejm,all_I=motion_blur_S=3,643,image_643.jpg,Herpes simplex virus infection,Herpes simplex virus infection
nejm,all_I=motion_blur_S=3,644,image_644.jpg,Lithium,Palifermin
nejm,all_I=motion_blur_S=3,645,image_645.jpg,Radiation recall,Radiation recall
nejm,all_I=motion_blur_S=3,646,image_646.jpg,Immune thrombocytopenic purpura,Scurvy
nejm,all_I=motion_blur_S=3,647,image_647.jpg,Psoriasis,Keratoderma blennorrhagicum
nejm,all_I=motion_blur_S=3,648,image_648.jpg,Granuloma annulare,Tinea faciei
nejm,all_I=motion_blur_S=3,649,image_649.jpg,Herpes simplex infection,Inflammatory bowel disease
nejm,all_I=motion_blur_S=3,650,image_650.jpg,Autosomal dominant polycystic kidney disease,Autosomal dominant polycystic kidney disease
nejm,all_I=motion_blur_S=3,651,image_651.jpg,Pulmonary embolism,Azygous vein
nejm,all_I=motion_blur_S=3,652,image_652.jpg,Pustular rosacea,Subcorneal pustular dermatosis
nejm,all_I=motion_blur_S=3,653,image_653.jpg,Paget’s disease,Multiple myeloma
nejm,all_I=motion_blur_S=3,654,image_654.jpg,Megaloblastic anemia,Chronic lead poisoning
nejm,all_I=motion_blur_S=3,655,image_655.jpg,Verrucae vulgaris,Periungual fibroma
nejm,all_I=motion_blur_S=3,656,image_656.jpg,Herpes zoster due to virus reactivation,Miliaria crystallina
nejm,all_I=motion_blur_S=3,657,image_657.jpg,Graves' disease,Graves' disease
nejm,all_I=motion_blur_S=3,658,image_658.jpg,Vitamin D excess,Langerhans'-cell histiocytosis
nejm,all_I=motion_blur_S=3,659,image_659.jpg,Chronic lymphocytic leukemia,Gaucher’s disease
nejm,all_I=motion_blur_S=3,660,image_660.jpg,Psoriasis,Chemotherapy
nejm,all_I=motion_blur_S=3,661,image_661.jpg,Leukoplakia,Leukoplakia
nejm,all_I=motion_blur_S=3,662,image_662.jpg,Thalassemia minor,Glucose-6-phosphate dehydrogenase deficiency
nejm,all_I=motion_blur_S=3,663,image_663.jpg,Verrucous carcinoma,Verrucous carcinoma
nejm,all_I=motion_blur_S=3,664,image_664.jpg,Leukemia cutis,Fusariosis
nejm,all_I=motion_blur_S=3,665,image_665.jpg,Hyphema,Hyphema
nejm,all_I=motion_blur_S=3,666,image_666.jpg,"Hand, foot, and mouth disease",Herpes zoster
nejm,all_I=motion_blur_S=3,667,image_667.jpg,Sarcoidosis,Systemic sclerosis
nejm,all_I=motion_blur_S=3,668,image_668.jpg,Duodenal atresia,Hirschsprung’s disease
nejm,all_I=motion_blur_S=3,669,image_669.jpg,Melanocytic nevi,Seborrheic keratoses
nejm,all_I=motion_blur_S=3,670,image_670.jpg,Non-small-cell lung cancer,Sarcoidosis
nejm,all_I=motion_blur_S=3,671,image_671.jpg,Tinea capitis,Tinea capitis
nejm,all_I=motion_blur_S=3,672,image_672.jpg,Rheumatic heart disease,Rheumatic heart disease
nejm,all_I=motion_blur_S=3,673,image_673.jpg,Chronic lymphocytic leukemia (CLL),Acute promyelocytic leukemia (APL)
nejm,all_I=motion_blur_S=3,674,image_674.jpg,Malignant syphilis,Malignant syphilis
nejm,all_I=motion_blur_S=3,675,image_675.jpg,Omphalith,Endometrioma
nejm,all_I=motion_blur_S=3,676,image_676.jpg,Varicocele,Varicocele
nejm,all_I=motion_blur_S=3,677,image_677.jpg,Palmoplantar keratoderma,Keratoderma blenorrhagicum
nejm,all_I=motion_blur_S=3,678,image_678.jpg,Erythema ab igne,Onchocerciasis
nejm,all_I=motion_blur_S=3,679,image_679.jpg,Orbital wall fracture,Intraocular lens dislocation
nejm,all_I=motion_blur_S=3,680,image_680.jpg,Neuroblastoma,Neuroblastoma
nejm,all_I=motion_blur_S=3,681,image_681.jpg,Periorbital cellulitis,Lyme disease
nejm,all_I=motion_blur_S=3,682,image_682.jpg,Iridodialysis,Silicone oil hyperoleon
nejm,all_I=motion_blur_S=3,683,image_683.jpg,Takayasu's arteritis,Osteoporosis
nejm,all_I=motion_blur_S=3,684,image_684.jpg,Onychomycosis,Metastasis
nejm,all_I=motion_blur_S=3,685,image_685.jpg,Neurocysticercosis,Neurocysticercosis
nejm,all_I=motion_blur_S=3,686,image_686.jpg,IgG4-related disease arteritis,IgG4-related disease arteritis
nejm,all_I=motion_blur_S=3,687,image_687.jpg,Pulmonary hemosiderosis,Adenocarcinoma
nejm,all_I=motion_blur_S=3,688,image_688.jpg,Ankylosing spondylitis,Diabetes mellitus
nejm,all_I=motion_blur_S=3,689,image_689.jpg,Flemingo’s flush sign,Pemberton’s sign
nejm,all_I=motion_blur_S=3,690,image_690.jpg,Scapular subluxation,Palsy of the long thoracic nerve
nejm,all_I=motion_blur_S=3,691,image_691.jpg,Purpura fulminans,Purpura fulminans
nejm,all_I=motion_blur_S=3,692,image_692.jpg,Diurese the patient and then obtain a repeat chest radiograph,Diurese the patient and then obtain a repeat chest radiograph
nejm,all_I=motion_blur_S=3,693,image_693.jpg,Rosacea,Seborrheic dermatitis
nejm,all_I=motion_blur_S=3,694,image_694.jpg,Antineutrophil cytoplasmic autoantibody,Antineutrophil cytoplasmic autoantibody
nejm,all_I=motion_blur_S=3,695,image_695.jpg,Eruptive xanthomas,Eruptive xanthomas
nejm,all_I=motion_blur_S=3,696,image_696.jpg,Glomus tympanicum,Glomus tympanicum
nejm,all_I=motion_blur_S=3,697,image_697.jpg,Gastrointestinal amyloidosis,Gastrointestinal amyloidosis
nejm,all_I=motion_blur_S=3,698,image_698.jpg,Aspergillosis,Plombage
nejm,all_I=motion_blur_S=3,699,image_699.jpg,Measles,Measles
nejm,all_I=motion_blur_S=3,700,image_700.jpg,Bullous impetigo,Linear IgA bullous dermatosis
nejm,all_I=motion_blur_S=3,701,image_701.jpg,Bilateral peritonsillar abscesses,Bilateral peritonsillar abscesses
nejm,all_I=motion_blur_S=3,702,image_702.jpg,Sarcoidosis,Sarcoidosis
nejm,all_I=motion_blur_S=3,703,image_703.jpg,Pneumonia,Pulmonary embolism
nejm,all_I=motion_blur_S=3,704,image_704.jpg,Lingual tuberculosis,Disseminated coccidioidomycosis
nejm,all_I=motion_blur_S=3,705,image_705.jpg,Amyloid purpura,Amyloid purpura
nejm,all_I=motion_blur_S=3,706,image_706.jpg,Cat scratch disease,Tuberculosis
nejm,all_I=motion_blur_S=3,707,image_707.jpg,Lymphangioleiomyomatosis,Lymphangioleiomyomatosis
nejm,all_I=motion_blur_S=3,708,image_708.jpg,Ketamine,Cocaine
nejm,all_I=motion_blur_S=3,709,image_709.jpg,Basilar artery aneurysm,Basilar artery aneurysm
nejm,all_I=motion_blur_S=3,710,image_710.jpg,Bismuth poisoning,Lead poisoning
nejm,all_I=motion_blur_S=3,711,image_711.jpg,Carpal tunnel syndrome,Radial artery thrombosis
nejm,all_I=motion_blur_S=3,712,image_712.jpg,Copper,Gold
nejm,all_I=motion_blur_S=3,713,image_713.jpg,Quadriceps tendon ruptures,Quadriceps tendon ruptures
nejm,all_I=motion_blur_S=3,714,image_714.jpg,Right staghorn calculus,Right ureterovesical calculus
nejm,all_I=motion_blur_S=3,715,image_715.jpg,Congenital toxoplasmosis,Retroperitoneal hemorrhage
nejm,all_I=motion_blur_S=3,716,image_716.jpg,Benign essential blepharospasm,Myasthenia gravis
nejm,all_I=motion_blur_S=3,717,image_717.jpg,Pyoderma gangrenosum,Pyoderma gangrenosum
nejm,all_I=motion_blur_S=3,718,image_718.jpg,Median rhomboid glossitis,Median rhomboid glossitis
nejm,all_I=motion_blur_S=3,719,image_719.jpg,Dactylitis,Spider bite
nejm,all_I=motion_blur_S=3,720,image_720.jpg,Bowel infarction,Bowel infarction
nejm,all_I=motion_blur_S=3,721,image_721.jpg,Narrow angle glaucoma,Narrow angle glaucoma
nejm,all_I=motion_blur_S=3,722,image_722.jpg,Pseudomelanosis duodeni,Pseudomelanosis duodeni
nejm,all_I=motion_blur_S=3,723,image_723.jpg,Macular degeneration,Ocular myiasis
nejm,all_I=motion_blur_S=3,724,image_724.jpg,Osteosarcoma,Colon cancer
nejm,all_I=motion_blur_S=3,725,image_725.jpg,Calcium pyrophosphate dihydrate,Cholesterol
nejm,all_I=motion_blur_S=3,726,image_726.jpg,Palmoplantar keratoderma,Tripe palms
nejm,all_I=motion_blur_S=3,727,image_727.jpg,Fluoroquinolone antibiotic,Fluoroquinolone antibiotic
nejm,all_I=motion_blur_S=3,728,image_728.jpg,Mitral-valve repair,Mitral-valve repair
nejm,all_I=motion_blur_S=3,729,image_729.jpg,Sarcoidosis,Non–small-cell lung cancer
nejm,all_I=motion_blur_S=3,730,image_730.jpg,Trimethoprim,Minocycline
nejm,all_I=motion_blur_S=3,731,image_731.jpg,Hepatoduodenal ligament,Falciform ligament
nejm,all_I=motion_blur_S=3,732,image_732.jpg,Chest imaging,Chest imaging
nejm,all_I=motion_blur_S=3,733,image_733.jpg,Basal cell carcinoma,Lentigo maligna
nejm,all_I=motion_blur_S=3,734,image_734.jpg,Otitis media,Herpes zoster
nejm,all_I=motion_blur_S=3,735,image_735.jpg,Horner’s syndrome,Tabes dorsalis
nejm,all_I=motion_blur_S=3,736,image_736.jpg,Therapeutic Phlebotomy,Chelation Therapy
nejm,all_I=motion_blur_S=3,737,image_737.jpg,Pyloric outlet obstruction,Meckel's diverticulum
nejm,all_I=motion_blur_S=3,738,image_738.jpg,Gingival melanoma,Gingival melanoma
nejm,all_I=motion_blur_S=3,739,image_739.jpg,Gout,Gout
nejm,all_I=motion_blur_S=3,740,image_740.jpg,Mastectomy,Penicillin
nejm,all_I=motion_blur_S=3,741,image_741.jpg,Meconium ileus,Hirschsprung’s disease
nejm,all_I=motion_blur_S=3,742,image_742.jpg,Esophageal carcinoma,Diffuse esophageal spasm
nejm,all_I=motion_blur_S=3,743,image_743.jpg,Esophageal stricture,Diffuse esophageal spasm
nejm,all_I=motion_blur_S=3,744,image_744.jpg,Cirrhosis,Superior vena caval obstruction
nejm,all_I=motion_blur_S=3,745,image_745.jpg,Papillary fibroelastoma,Redundant mitral valve
nejm,all_I=motion_blur_S=3,746,image_746.jpg,Pneumatosis coli,Bezoar
nejm,all_I=motion_blur_S=3,747,image_747.jpg,Chlamydial cervicitis,Squamous-cell carcinoma
nejm,all_I=motion_blur_S=3,748,image_748.jpg,Intra-abdominal abscess,Bowel ischemia
nejm,all_I=motion_blur_S=3,749,image_749.jpg,Pericardial hydatid cysts,Pericardial metastases
nejm,all_I=motion_blur_S=3,750,image_750.jpg,Papular acrodermatitis,Molluscum contagiosum
nejm,all_I=motion_blur_S=3,751,image_751.jpg,Systemic sclerosis,Scleromyxedema
nejm,all_I=motion_blur_S=3,752,image_752.jpg,Umbilical hernia,Portal hypertension
nejm,all_I=motion_blur_S=3,753,image_753.jpg,Proteus syndrome,Neurofibromatosis
nejm,all_I=motion_blur_S=3,754,image_754.jpg,Paraesophageal hernia,Paraesophageal hernia
nejm,all_I=motion_blur_S=3,755,image_755.jpg,Pyogenic granuloma,Pyogenic granuloma
nejm,all_I=motion_blur_S=3,756,image_756.jpg,Meningioma,Plasmacytoma
nejm,all_I=motion_blur_S=3,757,image_757.jpg,Pyostomatitis vegetans,Pyostomatitis vegetans
nejm,all_I=motion_blur_S=3,758,image_758.jpg,Polycystic liver disease,Echinococcosis
nejm,all_I=motion_blur_S=3,759,image_759.jpg,Psoriasis,Malignancy
nejm,all_I=motion_blur_S=3,760,image_760.jpg,Blastic plasmacytoid dendritic-cell neoplasm,Blastic plasmacytoid dendritic-cell neoplasm
nejm,all_I=motion_blur_S=3,761,image_761.jpg,Emphysematous pyelonephritis,Emphysematous pyelonephritis
nejm,all_I=motion_blur_S=3,762,image_762.jpg,Syphilis,Syphilis
nejm,all_I=motion_blur_S=3,763,image_763.jpg,Congenital syphilis,Congenital syphilis
nejm,all_I=motion_blur_S=3,764,image_764.jpg,Polyostotic fibrous dysplasia,Marrow hyperplasia
nejm,all_I=motion_blur_S=3,765,image_765.jpg,Hairy-cell leukemia,Hairy-cell leukemia
nejm,all_I=motion_blur_S=3,766,image_766.jpg,Left bronchial tree,Right bronchial tree
nejm,all_I=motion_blur_S=3,767,image_767.jpg,Calciphylaxis,Osteonecrosis
nejm,all_I=motion_blur_S=3,768,image_768.jpg,Thyrohyoid membrane,Killian’s triangle
nejm,all_I=motion_blur_S=3,769,image_769.jpg,Primary Pericardial Mesothelioma,Constrictive Pericarditis
nejm,all_I=motion_blur_S=3,770,image_770.jpg,Hydralazine,Amiodarone
nejm,all_I=motion_blur_S=3,771,image_771.jpg,Henoch-Schönlein purpura,Henoch-Schönlein purpura
nejm,all_I=motion_blur_S=3,772,image_772.jpg,Bladder perforation,Neurogenic megacolon
nejm,all_I=motion_blur_S=3,773,image_773.jpg,Magnesium hydroxide,Bismuth Salicylate
nejm,all_I=motion_blur_S=3,774,image_774.jpg,Cutaneous leishmaniasis,Bot fly
nejm,all_I=motion_blur_S=3,775,image_775.jpg,Calcified polyp,Tooth
nejm,all_I=motion_blur_S=3,776,image_776.jpg,Madura foot,Chromoblastomycosis
nejm,all_I=motion_blur_S=3,777,image_777.jpg,Pancreatitis,Pylephlebitis
nejm,all_I=motion_blur_S=3,778,image_778.jpg,Ipratropium bromide,Propofol
nejm,all_I=motion_blur_S=3,779,image_779.jpg,Tabes dorsalis,Central pontine myelinolysis
nejm,all_I=motion_blur_S=3,780,image_780.jpg,Diverticulitis,Intussusception
nejm,all_I=motion_blur_S=3,781,image_781.jpg,Telogen effluvium,Alopecia areata
nejm,all_I=motion_blur_S=3,782,image_782.jpg,Furuncle,Merkel-cell carcinoma
nejm,all_I=motion_blur_S=3,783,image_783.jpg,Candida albicans infection,Candida albicans infection
nejm,all_I=motion_blur_S=3,784,image_784.jpg,Pilonidal sinus,Keratoacanthoma
nejm,all_I=motion_blur_S=3,785,image_785.jpg,Laryngocele,Laryngocele
nejm,all_I=motion_blur_S=3,786,image_786.jpg,Discoid lupus,Peutz-Jeghers's syndrome
nejm,all_I=motion_blur_S=3,787,image_787.jpg,Pyoderma gangrenosum,Ecthyma gangrenosum
nejm,all_I=motion_blur_S=3,788,image_788.jpg,Cutaneous small vessel vasculitis,Intravascular lymphoma
nejm,all_I=motion_blur_S=3,789,image_789.jpg,Acanthosis nigricans,Crusted scabies
nejm,all_I=motion_blur_S=3,790,image_790.jpg,Eggs hatch in the small intestine,Larvae penetrate the lungs
nejm,all_I=motion_blur_S=3,791,image_791.jpg,Bladder cancer metastases,Autoimmune keratitis
nejm,all_I=motion_blur_S=3,792,image_792.jpg,Pancreatic pseudocyst,Enteric duplication cyst
nejm,all_I=motion_blur_S=3,793,image_793.jpg,Ankyloglossia,Hypoglossal nerve palsy
nejm,all_I=motion_blur_S=3,794,image_794.jpg,Chewing tobacco,Melanoma
nejm,all_I=motion_blur_S=3,795,image_795.jpg,Voriconazole-induced periostitis,Voriconazole-induced periostitis
nejm,all_I=motion_blur_S=3,796,image_796.jpg,Pancreatic pseudocyst,Emphysematous cholecystitis
nejm,all_I=motion_blur_S=3,797,image_797.jpg,Clomiphene,Bicalutamide
nejm,all_I=motion_blur_S=3,798,image_798.jpg,Neurofibromatosis type 2,Neurofibromatosis type 2
nejm,all_I=motion_blur_S=3,799,image_799.jpg,Hand foot and mouth disease,Secondary syphilis
nejm,all_I=motion_blur_S=3,800,image_800.jpg,Peutz-Jeghers syndrome,Cowden syndrome
nejm,all_I=motion_blur_S=3,801,image_801.jpg,Toxicodendron radicans (poison ivy),Shiitake mushrooms
nejm,all_I=motion_blur_S=3,802,image_802.jpg,Type 1 diabetes,Graves' disease
nejm,all_I=motion_blur_S=3,803,image_803.jpg,Acute mesenteric ischemia,Acute mesenteric ischemia
nejm,all_I=motion_blur_S=3,804,image_804.jpg,Arsenic toxicity,Arsenic toxicity
nejm,all_I=motion_blur_S=3,805,image_805.jpg,Pneumothorax,Pectus excavatum
nejm,all_I=motion_blur_S=3,806,image_806.jpg,Nocardiosis,Nocardiosis
nejm,all_I=motion_blur_S=3,807,image_807.jpg,Metastatic melanoma,Laxative use
nejm,all_I=motion_blur_S=3,808,image_808.jpg,Sinusitis,Dermatomyositis
nejm,all_I=motion_blur_S=3,809,image_809.jpg,Familial trichomegaly,EGFR inhibition
nejm,all_I=motion_blur_S=3,810,image_810.jpg,Hidrocystoma,Keratoacanthoma
nejm,all_I=motion_blur_S=3,811,image_811.jpg,Tinea circinata,Tinea circinata
nejm,all_I=motion_blur_S=3,812,image_812.jpg,Diphtheria,Diphtheria
nejm,all_I=motion_blur_S=3,813,image_813.jpg,Oral lichen planus,Pernicious anemia
nejm,all_I=motion_blur_S=3,814,image_814.jpg,Hepatocellular carcinoma,Cirrhosis
nejm,all_I=motion_blur_S=3,815,image_815.jpg,Frey's syndrome,Angioedema
nejm,all_I=motion_blur_S=3,816,image_816.jpg,Metastatic disease of the nail bed,Chemotherapy
nejm,all_I=motion_blur_S=3,817,image_817.jpg,Obturator hernia,Obturator hernia
nejm,all_I=motion_blur_S=3,818,image_818.jpg,Takotsubo cardiomyopathy,Takotsubo cardiomyopathy
nejm,all_I=motion_blur_S=3,819,image_819.jpg,Intravitreal antimicrobial injections,Intravitreal antimicrobial injections
nejm,all_I=motion_blur_S=3,820,image_820.jpg,Orbital lymphoma,Herpes zoster ophthalmicus
nejm,all_I=motion_blur_S=3,821,image_821.jpg,Uremic arteriopathy,Nephrogenic fibrosing dermopathy
nejm,all_I=motion_blur_S=3,822,image_822.jpg,Rosacea,Cutaneous lupus
nejm,all_I=motion_blur_S=3,823,image_823.jpg,Acral lentiginous melanoma,Tinea nigra
nejm,all_I=motion_blur_S=3,824,image_824.jpg,Cerebral edema,Osmotic demyelination syndrome
nejm,all_I=motion_blur_S=3,825,image_825.jpg,Pyogenic liver abscess,Emphysematous hepatitis
nejm,all_I=motion_blur_S=3,826,image_826.jpg,Acanthosis nigricans,Bowenoid papulosis
nejm,all_I=motion_blur_S=3,827,image_827.jpg,HSV serology,IgG and complement deposition at the dermis-epidermis junction
nejm,all_I=motion_blur_S=3,828,image_828.jpg,Behçet's disease,Sjögren's syndrome
nejm,all_I=motion_blur_S=3,829,image_829.jpg,Anterior uveitis,Herpes simplex virus infection
nejm,all_I=motion_blur_S=3,830,image_830.jpg,Bacterial felon,Herpetic whitlow
nejm,all_I=motion_blur_S=3,831,image_831.jpg,Anti-ribonucleoprotein antibody,Anticentromere antibody
nejm,all_I=motion_blur_S=3,832,image_832.jpg,Tophaceous gout,Calcinosis
nejm,all_I=motion_blur_S=3,833,image_833.jpg,Graves' ophthalmopathy,Retinal detachment
nejm,all_I=motion_blur_S=3,834,image_834.jpg,Binocular visual loss,Binocular visual loss
nejm,all_I=motion_blur_S=3,835,image_835.jpg,Trichotillomania,Syphilitic alopecia
nejm,all_I=motion_blur_S=3,836,image_836.jpg,Constrictive pericarditis,Constrictive pericarditis
nejm,all_I=motion_blur_S=3,837,image_837.jpg,Coins in the nasal cavity,Button magnets in the nasal cavity
nejm,all_I=motion_blur_S=3,838,image_838.jpg,Testing for herpes simplex virus,Testing for bacterial and viral respiratory pathogens
nejm,all_I=motion_blur_S=3,839,image_839.jpg,Paget's disease,Bone marrow hyperplasia
nejm,all_I=motion_blur_S=3,840,image_840.jpg,Verrucous carcinoma,Condyloma acuminatum
nejm,all_I=motion_blur_S=3,841,image_841.jpg,Emphysematous pyelonephritis,Emphysematous pyelonephritis
nejm,all_I=motion_blur_S=3,842,image_842.jpg,Presence of erythema,Delay in surgical intervention >24 hours
nejm,all_I=motion_blur_S=3,843,image_843.jpg,Primary hyperaldosteronism,Pheochromocytoma
nejm,all_I=motion_blur_S=3,844,image_844.jpg,Molluscum contagiosum,Cryptococcus neoformans
nejm,all_I=motion_blur_S=3,845,image_845.jpg,Clavicular fracture,Lipodystrophy
nejm,all_I=motion_blur_S=3,846,image_846.jpg,Infection is typically localized to the site of inoculation.,Transmission is associated with aerosolized contaminated soil exposure.
nejm,all_I=motion_blur_S=3,847,image_847.jpg,Atopic dermatitis,Zinc deficiency
nejm,all_I=motion_blur_S=3,848,image_848.jpg,Chronic paronychia,Psoriasis
nejm,all_I=motion_blur_S=3,849,image_849.jpg,Paronychia,Cutaneous leishmaniasis
nejm,all_I=motion_blur_S=3,850,image_850.jpg,Retinal ischemia,Retinal ischemia
nejm,all_I=motion_blur_S=3,851,image_851.jpg,Rat bite fever,Rat bite fever
nejm,all_I=motion_blur_S=3,852,image_852.jpg,Arterial insufficiency,Arterial insufficiency
nejm,all_I=motion_blur_S=3,853,image_853.jpg,Glaucoma,Ochronosis
nejm,all_I=motion_blur_S=3,854,image_854.jpg,Retrograde epistaxis,Adverse reaction to systemic antibiotics
nejm,all_I=motion_blur_S=3,855,image_855.jpg,Necrobiosis lipoidica diabeticorum,Necrobiosis lipoidica diabeticorum
nejm,all_I=motion_blur_S=3,856,image_856.jpg,Cutaneous malignant melanoma,Invasive ductal carcinoma
nejm,all_I=motion_blur_S=3,857,image_857.jpg,Reactive perforating collagenosis,Reactive perforating collagenosis
nejm,all_I=motion_blur_S=3,858,image_858.jpg,Intraorbital foreign body,Skull fracture
nejm,all_I=motion_blur_S=3,859,image_859.jpg,Fordyce granules,Herpes zoster
nejm,all_I=motion_blur_S=3,860,image_860.jpg,Lichen planus,Lichen planus
nejm,all_I=motion_blur_S=3,861,image_861.jpg,Multiple endocrine neoplasia type 2A,Multiple endocrine neoplasia type 1
nejm,all_I=motion_blur_S=3,862,image_862.jpg,Scleredema of diabetes,Necrolytic migratory erythema
nejm,all_I=motion_blur_S=3,863,image_863.jpg,Catamenial pneumothorax,Thoracic endometriosis
nejm,all_I=motion_blur_S=3,864,image_864.jpg,Lipoatrophy,Lipoatrophy
nejm,all_I=motion_blur_S=3,865,image_865.jpg,Hemoglobin A1c,Wound culture
nejm,all_I=motion_blur_S=3,866,image_866.jpg,Necrotizing anterior scleritis,Necrotizing anterior scleritis
nejm,all_I=motion_blur_S=3,867,image_867.jpg,Lymphoma,Lymphoma
nejm,all_I=motion_blur_S=3,868,image_868.jpg,Periorbital cellulitis,Carotid cavernous fistula
nejm,all_I=motion_blur_S=3,869,image_869.jpg,Henoch-Schönlein purpura,Henoch-Schönlein purpura
nejm,all_I=motion_blur_S=3,870,image_870.jpg,Acral lentiginous melanoma,Acral lentiginous melanoma
nejm,all_I=motion_blur_S=3,871,image_871.jpg,Dexamethasone,Doxorubicin
nejm,all_I=motion_blur_S=3,872,image_872.jpg,Chronic urticaria,Generalized granuloma annulare
nejm,all_I=motion_blur_S=3,873,image_873.jpg,Arrhythmogenic right ventricular cardiomyopathy,Arrhythmogenic right ventricular cardiomyopathy
nejm,all_I=motion_blur_S=3,874,image_874.jpg,Tuberculosis,Tuberculosis
nejm,all_I=motion_blur_S=3,875,image_875.jpg,Amoxicillin rash in infectious mononucleosis,Amoxicillin rash in infectious mononucleosis
nejm,all_I=motion_blur_S=3,876,image_876.jpg,Baker's cyst,Baker's cyst
nejm,all_I=motion_blur_S=3,877,image_877.jpg,Cavernous angioma,Arachnoid cyst
nejm,all_I=motion_blur_S=3,878,image_878.jpg,Naegleria fowleri,Naegleria fowleri
nejm,all_I=motion_blur_S=3,879,image_879.jpg,Strongyloides stercoralis,Strongyloides stercoralis
nejm,all_I=motion_blur_S=3,880,image_880.jpg,Congenital diaphragmatic hernia,Duodenal atresia
nejm,all_I=motion_blur_S=3,881,image_881.jpg,Cholesteatoma,Tympanic hyperectasis
nejm,all_I=motion_blur_S=3,882,image_882.jpg,Drug-induced hypersensitivity syndrome,Disseminated varicella infection
nejm,all_I=motion_blur_S=3,883,image_883.jpg,Ehlers-Danlos syndrome,Ehlers-Danlos syndrome
nejm,all_I=motion_blur_S=3,884,image_884.jpg,Guttate psoriasis,Bedbug bites
nejm,all_I=motion_blur_S=3,885,image_885.jpg,Aspergillosis,Actinomycosis
nejm,all_I=motion_blur_S=3,886,image_886.jpg,Tension hydrothorax,Cardiac tamponade
nejm,all_I=motion_blur_S=3,887,image_887.jpg,Ectopia lentis,Ectopia lentis
nejm,all_I=motion_blur_S=3,888,image_888.jpg,Polysomnography,Polysomnography
nejm,all_I=motion_blur_S=3,889,image_889.jpg,Calcium pyrophosphate dihydrate,Monosodium urate
nejm,all_I=motion_blur_S=3,890,image_890.jpg,Warfarin necrosis,Cholesterol embolization
nejm,all_I=motion_blur_S=3,891,image_891.jpg,Left Atrial Appendage Thrombus,Giant Coronary Aneurysm
nejm,all_I=motion_blur_S=3,892,image_892.jpg,Rheumatoid factor,Creatine kinase
nejm,all_I=motion_blur_S=3,893,image_893.jpg,Kaposi’s sarcoma,Kaposi’s sarcoma
nejm,all_I=motion_blur_S=3,894,image_894.jpg,Zidovudine,Zidovudine
nejm,all_I=motion_blur_S=3,895,image_895.jpg,Hemophilia A,Hemophilia A
nejm,all_I=motion_blur_S=3,896,image_896.jpg,Babesia microti,Capnocytophaga canimorsus
nejm,all_I=motion_blur_S=3,897,image_897.jpg,Idiopathic pulmonary fibrosis,Idiopathic pulmonary fibrosis
nejm,all_I=motion_blur_S=3,898,image_898.jpg,Cardiac tamponade,Superior vena cava syndrome
nejm,all_I=motion_blur_S=3,899,image_899.jpg,Medial epicondylitis,Gout nodulosis
nejm,all_I=motion_blur_S=3,900,image_900.jpg,Orbital metastasis,Orbital metastasis
nejm,all_I=motion_blur_S=3,901,image_901.jpg,Oral candidiasis,Herpetic glossitis
nejm,all_I=motion_blur_S=3,902,image_902.jpg,Otomycosis,Fracture of the temporal bone
nejm,all_I=motion_blur_S=3,903,image_903.jpg,Flare of systemic lupus erythematosus,Extrapulmonary manifestation of tuberculosis
nejm,all_I=motion_blur_S=3,904,image_904.jpg,Hypertensive retinopathy,Papilledema
nejm,all_I=motion_blur_S=3,905,image_905.jpg,Intraocular parasite infection,Intraocular parasite infection
nejm,all_I=motion_blur_S=3,906,image_906.jpg,Rifampin,Voriconazole
nejm,all_I=motion_blur_S=3,907,image_907.jpg,Porphyria cutanea tarda,Porphyria cutanea tarda
nejm,all_I=motion_blur_S=3,908,image_908.jpg,Plasmodium vivax,Plasmodium vivax
nejm,all_I=motion_blur_S=3,909,image_909.jpg,Left anterior descending artery,Left anterior descending artery
nejm,all_I=motion_blur_S=3,910,image_910.jpg,Malaria,Lead poisoning
nejm,all_I=motion_blur_S=3,911,image_911.jpg,Symblepharon,Symblepharon
nejm,all_I=motion_blur_S=3,912,image_912.jpg,Hemochromatosis,Pelvic spleen
nejm,all_I=motion_blur_S=3,913,image_913.jpg,Phenytoin use,COPD
nejm,all_I=motion_blur_S=3,914,image_914.jpg,Creutzfeldt-Jakob disease,Granulomatous amebic encephalitis
nejm,all_I=motion_blur_S=3,915,image_915.jpg,Condylomata lata,Tuberous sclerosis
nejm,all_I=motion_blur_S=3,916,image_916.jpg,Familial multiple lipomatosis,Familial multiple lipomatosis
nejm,all_I=motion_blur_S=3,917,image_917.jpg,Hypertrophic cardiomyopathy,Uremic pericarditis
nejm,all_I=motion_blur_S=3,918,image_918.jpg,Erythema infectiosum,Cold agglutinin disease
nejm,all_I=motion_blur_S=3,919,image_919.jpg,Scleroderma,Calciphylaxis
nejm,all_I=motion_blur_S=3,920,image_920.jpg,Pigmentary mosaicism,Pigmentary mosaicism
nejm,all_I=motion_blur_S=3,921,image_921.jpg,Mucocutaneous Epstein–Barr virus,Mycoplasma pneumoniae-associated mucositis
nejm,all_I=motion_blur_S=3,922,image_922.jpg,Syphilis,Malignant melanoma
nejm,all_I=motion_blur_S=3,923,image_923.jpg,Eagle’s syndrome,Cervical spondyloarthropathy
nejm,all_I=motion_blur_S=3,924,image_924.jpg,Allergic bronchopulmonary aspergillosis,Chronic eosinophilic pneumonia
nejm,all_I=motion_blur_S=3,925,image_925.jpg,Onychomycosis,Yellow-nail syndrome
nejm,all_I=motion_blur_S=3,926,image_926.jpg,Streptococcal cellulitis with lymphangitis,Streptococcal cellulitis with lymphangitis
nejm,all_I=motion_blur_S=3,927,image_927.jpg,Cauliflower ear,Lepromatous Leprosy
nejm,all_I=motion_blur_S=3,928,image_928.jpg,Hashimoto thyroiditis,Ectopic thyroid
nejm,all_I=motion_blur_S=3,929,image_929.jpg,Immune thrombocytopenia purpura (ITP),Leukemia cutis
nejm,all_I=motion_blur_S=3,930,image_930.jpg,Nasal foreign body,Pituitary tumor
nejm,all_I=motion_blur_S=3,931,image_931.jpg,Bullous pemphigoid,Coronary angiography
nejm,all_I=motion_blur_S=3,932,image_932.jpg,Pityriasis rosea,Secondary syphilis
nejm,all_I=motion_blur_S=3,933,image_933.jpg,Pneumopericardium,Pneumopericardium
nejm,all_I=motion_blur_S=3,934,image_934.jpg,Stroke,Stroke
nejm,all_I=motion_blur_S=3,935,image_935.jpg,Porphyria cutanea tarda,Porphyria cutanea tarda
nejm,all_I=motion_blur_S=3,936,image_936.jpg,Synovial chondromatosis,Synovial chondromatosis
nejm,all_I=motion_blur_S=3,937,image_937.jpg,Psoriasis,Endocarditis
nejm,all_I=motion_blur_S=3,938,image_938.jpg,Psoriasis,Bacterial dermatitis
nejm,all_I=motion_blur_S=3,939,image_939.jpg,Androgenic alopecia,Hypothyroidism
nejm,all_I=motion_blur_S=3,940,image_940.jpg,Vitamin B12 deficiency,Diabetes mellitus
nejm,all_I=motion_blur_S=3,941,image_941.jpg,Acute esophageal necrosis,Acute esophageal necrosis
nejm,all_I=motion_blur_S=3,942,image_942.jpg,Chelation therapy,Chelation therapy
nejm,all_I=motion_blur_S=3,943,image_943.jpg,Lung abscess,Diaphragmatic rupture
nejm,all_I=motion_blur_S=3,944,image_944.jpg,Placenta increta,Placenta increta
nejm,all_I=motion_blur_S=3,945,image_945.jpg,Erythema ab igne,Erythema ab igne
nejm,all_I=motion_blur_S=3,946,image_946.jpg,Erythromelalgia,Erythromelalgia
nejm,all_I=motion_blur_S=3,947,image_947.jpg,Pearly penile papules,Pearly penile papules
nejm,all_I=occlusion_S=3,1,image_1.jpg,"Hand, foot, and mouth disease","Hand, foot, and mouth disease"
nejm,all_I=occlusion_S=3,2,image_2.jpg,Lyme disease,Tularemia
nejm,all_I=occlusion_S=3,3,image_3.jpg,Porphyria,Dermatomyositis
nejm,all_I=occlusion_S=3,4,image_4.jpg,Peritonsillar abscess,Epiglottitis
nejm,all_I=occlusion_S=3,5,image_5.jpg,Food allergy,Frey’s syndrome
nejm,all_I=occlusion_S=3,6,image_6.jpg,Hemiplegia,Hemiplegia
nejm,all_I=occlusion_S=3,7,image_7.jpg,Pericardial effusion,Paraesophageal hernia
nejm,all_I=occlusion_S=3,8,image_8.jpg,Pneumatosis intestinalis,Pneumatosis intestinalis
nejm,all_I=occlusion_S=3,9,image_9.jpg,Separation of the iris,Separation of the iris
nejm,all_I=occlusion_S=3,10,image_10.jpg,Polycystic liver disease,Polycystic liver disease
nejm,all_I=occlusion_S=3,11,image_11.jpg,Lepromatous leprosy,Lepromatous leprosy
nejm,all_I=occlusion_S=3,12,image_12.jpg,Pulmonary embolism,Chondroblastic osteosarcoma
nejm,all_I=occlusion_S=3,13,image_13.jpg,Pseudoclubbing,Pseudoclubbing
nejm,all_I=occlusion_S=3,14,image_14.jpg,Primary hyperoxaluria,Primary hyperoxaluria
nejm,all_I=occlusion_S=3,15,image_15.jpg,Ogilvie’s Syndrome (acute colonic pseudo-obstruction),Cecal volvulus
nejm,all_I=occlusion_S=3,16,image_16.jpg,Varicella,Varicella
nejm,all_I=occlusion_S=3,17,image_17.jpg,Middle cerebral artery stroke,Metronidazole-associated encephalopathy
nejm,all_I=occlusion_S=3,18,image_18.jpg,Knife-cut ulcers from Crohn’s disease,Knife-cut ulcers from Crohn’s disease
nejm,all_I=occlusion_S=3,19,image_19.jpg,Right sixth cranial nerve palsy,Right sixth cranial nerve palsy
nejm,all_I=occlusion_S=3,20,image_20.jpg,Punctate palmoplantar keratoderma,Punctate palmoplantar keratoderma
nejm,all_I=occlusion_S=3,21,image_21.jpg,Arc eye,Coloboma
nejm,all_I=occlusion_S=3,22,image_22.jpg,Chemotherapy,Chemotherapy
nejm,all_I=occlusion_S=3,23,image_23.jpg,Multiple biliary hamartomas,Multiple biliary hamartomas
nejm,all_I=occlusion_S=3,24,image_24.jpg,Leukemia cutis,Graft-versus-host disease
nejm,all_I=occlusion_S=3,25,image_25.jpg,Blastomycosis,Celiac disease
nejm,all_I=occlusion_S=3,26,image_26.jpg,Wart,Amelanotic melanoma
nejm,all_I=occlusion_S=3,27,image_27.jpg,Thrombotic thrombocytopenic purpura,Thrombotic thrombocytopenic purpura
nejm,all_I=occlusion_S=3,28,image_28.jpg,Intracranial hemorrhage,Meningioma
nejm,all_I=occlusion_S=3,29,image_29.jpg,Inguinal hernia,Metastatic inguinal lymphadenopathy
nejm,all_I=occlusion_S=3,30,image_30.jpg,Minocycline-induced pigmentation,Minocycline-induced pigmentation
nejm,all_I=occlusion_S=3,31,image_31.jpg,Scabies,Scabies
nejm,all_I=occlusion_S=3,32,image_32.jpg,Fibrous dysplasia,Osteopetrosis
nejm,all_I=occlusion_S=3,33,image_33.jpg,Lipoid pneumonia,Desquamative interstitial pneumonia
nejm,all_I=occlusion_S=3,34,image_34.jpg,Calciphylaxis,Waldenstrom's macroglobulinemia
nejm,all_I=occlusion_S=3,35,image_35.jpg,Cutaneous leishmaniasis,Esophagogastric bypass
nejm,all_I=occlusion_S=3,36,image_36.jpg,Scabies,Larva currens from Strongyloides
nejm,all_I=occlusion_S=3,37,image_37.jpg,Duodenal perforation,Duodenal perforation
nejm,all_I=occlusion_S=3,38,image_38.jpg,Eclampsia,Adrenal mass
nejm,all_I=occlusion_S=3,39,image_39.jpg,Peutz-Jeghers syndrome,Hereditary hemorrhagic telangiectasia
nejm,all_I=occlusion_S=3,40,image_40.jpg,Amiodarone-induced vortex keratopathy,Amiodarone-induced vortex keratopathy
nejm,all_I=occlusion_S=3,41,image_41.jpg,Metastatic adenocarcinoma,Metastatic adenocarcinoma
nejm,all_I=occlusion_S=3,42,image_42.jpg,Iron deficiency anemia,Babesiosis
nejm,all_I=occlusion_S=3,43,image_43.jpg,Eyelid wart,Vernal keratoconjunctivitis
nejm,all_I=occlusion_S=3,44,image_44.jpg,Herpetic whitlow,Psoriasis
nejm,all_I=occlusion_S=3,45,image_45.jpg,Age-related macular degeneration,Hydroxychloroquine toxicity
nejm,all_I=occlusion_S=3,46,image_46.jpg,Torus palatinus,Torus palatinus
nejm,all_I=occlusion_S=3,47,image_47.jpg,Temozolomide,Dexamethasone
nejm,all_I=occlusion_S=3,48,image_48.jpg,Crohn’s disease,Acute pancreatitis
nejm,all_I=occlusion_S=3,49,image_49.jpg,Follicular thyroid carcinoma,Bleeding into a thyroid nodule
nejm,all_I=occlusion_S=3,50,image_50.jpg,Pyogenic granuloma,Pyogenic granuloma
nejm,all_I=occlusion_S=3,51,image_51.jpg,Repetitive strain,Assault
nejm,all_I=occlusion_S=3,52,image_52.jpg,Erythema multiforme,Tuberculoid leprosy
nejm,all_I=occlusion_S=3,53,image_53.jpg,Thymoma,Vein-graft aneurysms
nejm,all_I=occlusion_S=3,54,image_54.jpg,Cornea verticillata,Iris atrophy
nejm,all_I=occlusion_S=3,55,image_55.jpg,Pseudohypoparathyroidism,Iron deficiency
nejm,all_I=occlusion_S=3,56,image_56.jpg,Staphylococcal scalded skin syndrome,Leprosy
nejm,all_I=occlusion_S=3,57,image_57.jpg,Psoriasis,Hypercholesterolemia
nejm,all_I=occlusion_S=3,58,image_58.jpg,Systemic infection,Chronic kidney disease
nejm,all_I=occlusion_S=3,59,image_59.jpg,Achalasia,Achalasia
nejm,all_I=occlusion_S=3,60,image_60.jpg,Ocular toxoplasmosis,Malignant hypertension
nejm,all_I=occlusion_S=3,61,image_61.jpg,Kaposi's sarcoma,Cryptococcosis
nejm,all_I=occlusion_S=3,62,image_62.jpg,Lisch nodules,Lisch nodules
nejm,all_I=occlusion_S=3,63,image_63.jpg,Acromegaly,Acromegaly
nejm,all_I=occlusion_S=3,64,image_64.jpg,Left internal mammary vein,Left-sided superior vena cava
nejm,all_I=occlusion_S=3,65,image_65.jpg,Escherichia coli,Blastomyces dermatitidis
nejm,all_I=occlusion_S=3,66,image_66.jpg,Relapsing polychondritis,Relapsing polychondritis
nejm,all_I=occlusion_S=3,67,image_67.jpg,Scrofula,Scrofula
nejm,all_I=occlusion_S=3,68,image_68.jpg,Traumatic spondylolisthesis of the axis (hangman’s fracture),Traumatic spondylolisthesis of the axis (hangman’s fracture)
nejm,all_I=occlusion_S=3,69,image_69.jpg,Handling feline waste,Gardening
nejm,all_I=occlusion_S=3,70,image_70.jpg,Hematoma,Melanoma
nejm,all_I=occlusion_S=3,71,image_71.jpg,Sporotrichosis,Actinomycosis
nejm,all_I=occlusion_S=3,72,image_72.jpg,Itraconazole,Itraconazole
nejm,all_I=occlusion_S=3,73,image_73.jpg,Cerebral aneurysm,Chiari I malformation
nejm,all_I=occlusion_S=3,74,image_74.jpg,Primary adrenal insufficiency (Addison’s disease),Primary adrenal insufficiency (Addison’s disease)
nejm,all_I=occlusion_S=3,75,image_75.jpg,Herpes zoster,Herpes zoster
nejm,all_I=occlusion_S=3,76,image_76.jpg,Staphyloma,Melanoma
nejm,all_I=occlusion_S=3,77,image_77.jpg,Malignant optic nerve prolapse,Fungal endophthalmitis
nejm,all_I=occlusion_S=3,78,image_78.jpg,Psoriasis,Urticaria
nejm,all_I=occlusion_S=3,79,image_79.jpg,Gastrospenic fistulization,Gastrospenic fistulization
nejm,all_I=occlusion_S=3,80,image_80.jpg,Dentinogenesis imperfecta,Neonatal hyperbilirubinemia
nejm,all_I=occlusion_S=3,81,image_81.jpg,Drug eruption,Lichen planus
nejm,all_I=occlusion_S=3,82,image_82.jpg,Inguinal hernia,Inguinal hernia
nejm,all_I=occlusion_S=3,83,image_83.jpg,Abscess,Insulin-induced lipohypertrophy
nejm,all_I=occlusion_S=3,84,image_84.jpg,Scheduled nebulized bronchodilators,Cessation of nitrofurantoin
nejm,all_I=occlusion_S=3,85,image_85.jpg,Drug-induced pemphigus,Fixed drug eruption
nejm,all_I=occlusion_S=3,86,image_86.jpg,Cardiac tamponade,Giant right atrium
nejm,all_I=occlusion_S=3,87,image_87.jpg,Rhinophyma,Lupus pernio
nejm,all_I=occlusion_S=3,88,image_88.jpg,Von Hippel-Lindau disease,Von Hippel-Lindau disease
nejm,all_I=occlusion_S=3,89,image_89.jpg,Tungiasis,Myiasis
nejm,all_I=occlusion_S=3,90,image_90.jpg,Left testicular torsion,Left testicular torsion
nejm,all_I=occlusion_S=3,91,image_91.jpg,Pulmonary hypertension,Pulmonary hypertension
nejm,all_I=occlusion_S=3,92,image_92.jpg,Gingival hyperplasia secondary to chemotherapy,Metastasis of colorectal cancer
nejm,all_I=occlusion_S=3,93,image_93.jpg,Pasteurella multocida,Mycobacterium marinum
nejm,all_I=occlusion_S=3,94,image_94.jpg,Mucocele,Syphilitic gumma
nejm,all_I=occlusion_S=3,95,image_95.jpg,Multiple myeloma,Gaucher's disease
nejm,all_I=occlusion_S=3,96,image_96.jpg,Cholesterol crystal embolization,Cholesterol crystal embolization
nejm,all_I=occlusion_S=3,97,image_97.jpg,Condyloma acuminatum,Pearly penile papules
nejm,all_I=occlusion_S=3,98,image_98.jpg,Takayasu arteritis,Polyarteritis nodosa
nejm,all_I=occlusion_S=3,99,image_99.jpg,End-stage renal disease,End-stage renal disease
nejm,all_I=occlusion_S=3,100,image_100.jpg,Abscess,Abscess
nejm,all_I=occlusion_S=3,101,image_101.jpg,Eczema herpeticum,Eczema herpeticum
nejm,all_I=occlusion_S=3,102,image_102.jpg,Warm autoimmune hemolytic anemia,Cold agglutinin syndrome
nejm,all_I=occlusion_S=3,103,image_103.jpg,Scrotal calcinosis,Scrotal calcinosis
nejm,all_I=occlusion_S=3,104,image_104.jpg,Takayasu’s arteritis,Takayasu’s arteritis
nejm,all_I=occlusion_S=3,105,image_105.jpg,Ectopic gallbladder,Gallbladder volvulus
nejm,all_I=occlusion_S=3,106,image_106.jpg,Vesicolithiasis,Bladder diverticula
nejm,all_I=occlusion_S=3,107,image_107.jpg,Gastrogastric intussusception,Gastrogastric intussusception
nejm,all_I=occlusion_S=3,108,image_108.jpg,Pneumatosis cystoides coli,Pneumatosis cystoides coli
nejm,all_I=occlusion_S=3,109,image_109.jpg,Prompt coronary revascularization,Pericardiocentesis
nejm,all_I=occlusion_S=3,110,image_110.jpg,Poststreptococcal pustulosis,Poststreptococcal pustulosis
nejm,all_I=occlusion_S=3,111,image_111.jpg,Psoriatic arthropathy,Osteoarthritis
nejm,all_I=occlusion_S=3,112,image_112.jpg,Palatine tonsillitis,Antrochoanal polyp
nejm,all_I=occlusion_S=3,113,image_113.jpg,Trypanosomiasis,Trypanosomiasis
nejm,all_I=occlusion_S=3,114,image_114.jpg,Ascending cholangitis,Emphysematous cholecystitis
nejm,all_I=occlusion_S=3,115,image_115.jpg,Peutz-Jeghers syndrome,Peutz-Jeghers syndrome
nejm,all_I=occlusion_S=3,116,image_116.jpg,Chronic granulomatous disease,Chronic granulomatous disease
nejm,all_I=occlusion_S=3,117,image_117.jpg,Myelodysplastic syndrome,Decompensated cirrhosis
nejm,all_I=occlusion_S=3,118,image_118.jpg,Liposuction,Gastric bypass
nejm,all_I=occlusion_S=3,119,image_119.jpg,Drug eruption,Sweet’s syndrome
nejm,all_I=occlusion_S=3,120,image_120.jpg,Type II hypersensitivity reaction,Type III hypersensitivity reaction
nejm,all_I=occlusion_S=3,121,image_121.jpg,Biguanide,Alpha-glucosidase inhibitor
nejm,all_I=occlusion_S=3,122,image_122.jpg,Glioblastoma multiforme,Thrombosed intracranial aneurysm
nejm,all_I=occlusion_S=3,123,image_123.jpg,Multiple sclerosis,Multiple sclerosis
nejm,all_I=occlusion_S=3,124,image_124.jpg,Penicillin allergy,Ludwig's angina
nejm,all_I=occlusion_S=3,125,image_125.jpg,Tinea corporis,Syphilis
nejm,all_I=occlusion_S=3,126,image_126.jpg,Cytomegalovirus retinitis,Malignant hypertension
nejm,all_I=occlusion_S=3,127,image_127.jpg,Praziquantel,Praziquantel
nejm,all_I=occlusion_S=3,128,image_128.jpg,Pruritic urticarial papules and plaques of pregnancy (PUPPP),Pemphigoid gestationis
nejm,all_I=occlusion_S=3,129,image_129.jpg,Melanoma,Squamous-cell carcinoma
nejm,all_I=occlusion_S=3,130,image_130.jpg,Pancreatic phlegmon,Small-bowel volvulus
nejm,all_I=occlusion_S=3,131,image_131.jpg,Toxic shock syndrome,Toxic shock syndrome
nejm,all_I=occlusion_S=3,132,image_132.jpg,Epiglottitis,Epiglottitis
nejm,all_I=occlusion_S=3,133,image_133.jpg,Iron deficiency,Chemotherapy treatment
nejm,all_I=occlusion_S=3,134,image_134.jpg,Air embolism,Air embolism
nejm,all_I=occlusion_S=3,135,image_135.jpg,Vitamin A deficiency,Vitamin A deficiency
nejm,all_I=occlusion_S=3,136,image_136.jpg,Orf,Anthrax
nejm,all_I=occlusion_S=3,137,image_137.jpg,Pulmonary sarcoidosis,Eosinophilic bronchitis
nejm,all_I=occlusion_S=3,138,image_138.jpg,JAK2,JAK2
nejm,all_I=occlusion_S=3,139,image_139.jpg,Osteosarcoma,Scleroderma
nejm,all_I=occlusion_S=3,140,image_140.jpg,Emphysematous prostatitis,Emphysematous prostatitis
nejm,all_I=occlusion_S=3,141,image_141.jpg,Organophosphates,Nitrous oxide
nejm,all_I=occlusion_S=3,142,image_142.jpg,Diabetes mellitus,Malignant hypertension
nejm,all_I=occlusion_S=3,143,image_143.jpg,Nocardiosis,Actinomycosis
nejm,all_I=occlusion_S=3,144,image_144.jpg,Small-bowel obstruction,Sigmoid volvulus
nejm,all_I=occlusion_S=3,145,image_145.jpg,Intussusception,Gastric pneumatosis
nejm,all_I=occlusion_S=3,146,image_146.jpg,Conjunctival squamous-cell carcinoma,Conjunctival squamous-cell carcinoma
nejm,all_I=occlusion_S=3,147,image_147.jpg,Pruritic plaques of pregnancy,Herpes gestationis
nejm,all_I=occlusion_S=3,148,image_148.jpg,Aquagenic keratoderma,Aquagenic keratoderma
nejm,all_I=occlusion_S=3,149,image_149.jpg,Keloid,Scrotal calcinosis
nejm,all_I=occlusion_S=3,150,image_150.jpg,Vocal-cord granuloma,Carcinoma
nejm,all_I=occlusion_S=3,151,image_151.jpg,Diabetic retinopathy,Lipemia retinalis
nejm,all_I=occlusion_S=3,152,image_152.jpg,Lead poisoning,Lead poisoning
nejm,all_I=occlusion_S=3,153,image_153.jpg,Tetracyclines,Tetracyclines
nejm,all_I=occlusion_S=3,154,image_154.jpg,Meig's syndrome,Thoracic endometriosis
nejm,all_I=occlusion_S=3,155,image_155.jpg,Struvite,Calcium phosphate
nejm,all_I=occlusion_S=3,156,image_156.jpg,Keratoglobus,Keratoconus
nejm,all_I=occlusion_S=3,157,image_157.jpg,Gout,Gout
nejm,all_I=occlusion_S=3,158,image_158.jpg,Right hypoglossal nerve,Left hypoglossal nerve
nejm,all_I=occlusion_S=3,159,image_159.jpg,Erythrasma,Tinea imbricata
nejm,all_I=occlusion_S=3,160,image_160.jpg,Mosquito,Mosquito
nejm,all_I=occlusion_S=3,161,image_161.jpg,Self-flagellation,Treatment with bleomycin
nejm,all_I=occlusion_S=3,162,image_162.jpg,Langerhans-cell histiocytosis,Langerhans-cell histiocytosis
nejm,all_I=occlusion_S=3,163,image_163.jpg,Central retinal vein occlusion,Cholesterol embolism
nejm,all_I=occlusion_S=3,164,image_164.jpg,Paronychia,Squamous-cell carcinoma
nejm,all_I=occlusion_S=3,165,image_165.jpg,Renal cryptococcosis,Renal cryptococcosis
nejm,all_I=occlusion_S=3,166,image_166.jpg,Leptospirosis,Tungiasis
nejm,all_I=occlusion_S=3,167,image_167.jpg,Hypothyroidism,Coronary artery disease
nejm,all_I=occlusion_S=3,168,image_168.jpg,Liver abscess,Liver abscess
nejm,all_I=occlusion_S=3,169,image_169.jpg,Hydrocolpos,Hydrocolpos
nejm,all_I=occlusion_S=3,170,image_170.jpg,Hemiparesis,Hemiparesis
nejm,all_I=occlusion_S=3,171,image_171.jpg,Keratoderma,Keratoderma
nejm,all_I=occlusion_S=3,172,image_172.jpg,Chronic lung allograft dysfunction,Parvovirus B19 infection
nejm,all_I=occlusion_S=3,173,image_173.jpg,Polyarteritis nodosa,Polyarteritis nodosa
nejm,all_I=occlusion_S=3,174,image_174.jpg,Pyloric stenosis,Pyloric stenosis
nejm,all_I=occlusion_S=3,175,image_175.jpg,HIV IgM antibody,HIV nucleic acid test
nejm,all_I=occlusion_S=3,176,image_176.jpg,Urate,Oxalate
nejm,all_I=occlusion_S=3,177,image_177.jpg,Guttate psoriasis,Pemphigus vulgaris
nejm,all_I=occlusion_S=3,178,image_178.jpg,Plasmodium falciparum,Trypanosoma brucei
nejm,all_I=occlusion_S=3,179,image_179.jpg,Drug-Eluting Bead Embolism,Drug-Eluting Bead Embolism
nejm,all_I=occlusion_S=3,180,image_180.jpg,Toxocara canis,Dirofilaria repens
nejm,all_I=occlusion_S=3,181,image_181.jpg,Oral lichen planus,Giant-cell arteritis
nejm,all_I=occlusion_S=3,182,image_182.jpg,Atlanto-axial subluxation,Atlanto-occipital dislocation
nejm,all_I=occlusion_S=3,183,image_183.jpg,Chickenpox,Chickenpox
nejm,all_I=occlusion_S=3,184,image_184.jpg,Aspiration pneumonia,Bronchoesophageal fistula
nejm,all_I=occlusion_S=3,185,image_185.jpg,Williams syndrome,Turner syndrome
nejm,all_I=occlusion_S=3,186,image_186.jpg,Rickets,Paget's disease
nejm,all_I=occlusion_S=3,187,image_187.jpg,Traumatic fibroma,Squamous-cell carcinoma
nejm,all_I=occlusion_S=3,188,image_188.jpg,Fibrolipomatous hamartoma of ulnar nerve,Mycobacterial tenosynovitis due to Mycobacterium avium complex
nejm,all_I=occlusion_S=3,189,image_189.jpg,Osteitis fibrosa,Calcinos
nejm,all_I=occlusion_S=3,190,image_190.jpg,Mucocele,Lipoma
nejm,all_I=occlusion_S=3,191,image_191.jpg,Familial hypercholesterolemia,Kawasaki's disease
nejm,all_I=occlusion_S=3,192,image_192.jpg,Pulmonary silicosis,Multiple bacterial abscesses
nejm,all_I=occlusion_S=3,193,image_193.jpg,Hidradenitis suppurativa,Hidradenitis suppurativa
nejm,all_I=occlusion_S=3,194,image_194.jpg,Thyrotropin receptor antibodies,Thyrotropin receptor antibodies
nejm,all_I=occlusion_S=3,195,image_195.jpg,Pterygium,Loa loa
nejm,all_I=occlusion_S=3,196,image_196.jpg,Pneumopericardium,Pneumopericardium
nejm,all_I=occlusion_S=3,197,image_197.jpg,Erythema marginatum,Erythema marginatum
nejm,all_I=occlusion_S=3,198,image_198.jpg,Serpentine supravenous hyperpigmentation,Serpentine supravenous hyperpigmentation
nejm,all_I=occlusion_S=3,199,image_199.jpg,Cellulitis,Tinea
nejm,all_I=occlusion_S=3,200,image_200.jpg,Light-near dissociation,Light-near dissociation
nejm,all_I=occlusion_S=3,201,image_201.jpg,Rib metastases,Supernumerary rib
nejm,all_I=occlusion_S=3,202,image_202.jpg,Polychondritis,Polychondritis
nejm,all_I=occlusion_S=3,203,image_203.jpg,Hemophagocytosis of sickle cells,Hemophagocytosis of sickle cells
nejm,all_I=occlusion_S=3,204,image_204.jpg,Cushing's syndrome,Hypogonadism
nejm,all_I=occlusion_S=3,205,image_205.jpg,Pericardial effusion,Esophageal diverticulum
nejm,all_I=occlusion_S=3,206,image_206.jpg,Hidradinitis suppurativa,Pseudoxanthoma elasticum
nejm,all_I=occlusion_S=3,207,image_207.jpg,Hereditary hemorrhagic telangiectasia,Hereditary hemorrhagic telangiectasia
nejm,all_I=occlusion_S=3,208,image_208.jpg,Mitral and tricuspid valves,Aortic and mitral valves
nejm,all_I=occlusion_S=3,209,image_209.jpg,Median nerve palsy,Albright's hereditary osteodystrophy
nejm,all_I=occlusion_S=3,210,image_210.jpg,Arterial embolism,Polyarteritis nodosa
nejm,all_I=occlusion_S=3,211,image_211.jpg,Osteogenesis imperfecta,Osteogenesis imperfecta
nejm,all_I=occlusion_S=3,212,image_212.jpg,Alzheimer's disease,Normal-pressure hydrocephalus
nejm,all_I=occlusion_S=3,213,image_213.jpg,Elevated opening pressure,Elevated opening pressure
nejm,all_I=occlusion_S=3,214,image_214.jpg,Addison's disease,Insulin resistance
nejm,all_I=occlusion_S=3,215,image_215.jpg,Lymphangitis,Electrocution
nejm,all_I=occlusion_S=3,216,image_216.jpg,Myxoid sarcoma,Cysticercosis
nejm,all_I=occlusion_S=3,217,image_217.jpg,Acute hemorrhagic conjunctivitis,Leptospirosis
nejm,all_I=occlusion_S=3,218,image_218.jpg,Necrobiosis lipoidica diabeticorum,Ischemic gangrene
nejm,all_I=occlusion_S=3,219,image_219.jpg,Carcinoma en cuirasse,Carcinoma en cuirasse
nejm,all_I=occlusion_S=3,220,image_220.jpg,Eczema,Scabies
nejm,all_I=occlusion_S=3,221,image_221.jpg,Ground-glass opacity,Air bronchogram
nejm,all_I=occlusion_S=3,222,image_222.jpg,Echinococcal cysts,Echinococcal cysts
nejm,all_I=occlusion_S=3,223,image_223.jpg,Chondrocalcinosis,Chondrocalcinosis
nejm,all_I=occlusion_S=3,224,image_224.jpg,Myocarditis,Stenosis of the left anterior descending artery
nejm,all_I=occlusion_S=3,225,image_225.jpg,Papillomatosis cutis lymphostatica,Papillomatosis cutis lymphostatica
nejm,all_I=occlusion_S=3,226,image_226.jpg,Ovarian torsion,Fallopian tube torsion
nejm,all_I=occlusion_S=3,227,image_227.jpg,Rhinophyma,Rhinophyma
nejm,all_I=occlusion_S=3,228,image_228.jpg,Dermoid,Dermoid
nejm,all_I=occlusion_S=3,229,image_229.jpg,Erythrodermic psoriasis,Erythrodermic psoriasis
nejm,all_I=occlusion_S=3,230,image_230.jpg,Prolapse of orbital fat,Prolapse of orbital fat
nejm,all_I=occlusion_S=3,231,image_231.jpg,Poland syndrome,Poland syndrome
nejm,all_I=occlusion_S=3,232,image_232.jpg,Lingua villosa nigra,Lingua villosa nigra
nejm,all_I=occlusion_S=3,233,image_233.jpg,Interventricular septum,Intercostal muscle
nejm,all_I=occlusion_S=3,234,image_234.jpg,Gastric bezoar,Gastric cancer
nejm,all_I=occlusion_S=3,235,image_235.jpg,Somatotropic pituitary adenoma,Somatotropic pituitary adenoma
nejm,all_I=occlusion_S=3,236,image_236.jpg,Parvovirus B19,Treponema pallidum
nejm,all_I=occlusion_S=3,237,image_237.jpg,Leukemic infiltration of the gingiva,Leukemic infiltration of the gingiva
nejm,all_I=occlusion_S=3,238,image_238.jpg,Necrobiosis lipoidica diabeticorum,Necrolytic migratory erythema
nejm,all_I=occlusion_S=3,239,image_239.jpg,Closed-angle glaucoma,Waldenström’s macroglobulinemia
nejm,all_I=occlusion_S=3,240,image_240.jpg,Straddle pelvic fracture,Open-book fracture
nejm,all_I=occlusion_S=3,241,image_241.jpg,Tinea barbae,Tinea barbae
nejm,all_I=occlusion_S=3,242,image_242.jpg,"Hand, foot, and mouth disease",Herpetic whitlow
nejm,all_I=occlusion_S=3,243,image_243.jpg,Aortic aneurysm,Urinary retention
nejm,all_I=occlusion_S=3,244,image_244.jpg,Pneumothorax,Pneumothorax
nejm,all_I=occlusion_S=3,245,image_245.jpg,Persistent hyperplastic primary vitreous,Persistent pupillary membranes
nejm,all_I=occlusion_S=3,246,image_246.jpg,Odontogenic cutaneous fistula,Odontogenic cutaneous fistula
nejm,all_I=occlusion_S=3,247,image_247.jpg,Lipodermatosclerosis,Superficial thrombophlebitis
nejm,all_I=occlusion_S=3,248,image_248.jpg,Molluscum contagiosum,Molluscum contagiosum
nejm,all_I=occlusion_S=3,249,image_249.jpg,Cutaneous leishmaniasis,Cutaneous leishmaniasis
nejm,all_I=occlusion_S=3,250,image_250.jpg,Giant-cell arteritis,Giant-cell arteritis
nejm,all_I=occlusion_S=3,251,image_251.jpg,Antisynthetase syndrome,Antisynthetase syndrome
nejm,all_I=occlusion_S=3,252,image_252.jpg,Nummular eczema,Nummular eczema
nejm,all_I=occlusion_S=3,253,image_253.jpg,Cellulitis,Acute lymphangitis
nejm,all_I=occlusion_S=3,254,image_254.jpg,Graves' disease,Rheumatoid arthritis
nejm,all_I=occlusion_S=3,255,image_255.jpg,Sublingual epidermoid cyst,Sublingual epidermoid cyst
nejm,all_I=occlusion_S=3,256,image_256.jpg,Miliary tuberculosis,Sarcoidosis
nejm,all_I=occlusion_S=3,257,image_257.jpg,Herpes simplex,Syphilis
nejm,all_I=occlusion_S=3,258,image_258.jpg,Foreign bodies that have been present for longer than 24 hours,Foreign bodies that have been present for longer than 24 hours
nejm,all_I=occlusion_S=3,259,image_259.jpg,Electrical alternans,Cardiac allograft
nejm,all_I=occlusion_S=3,260,image_260.jpg,Phlegmasia cerulea dolens,Phlegmasia cerulea dolens
nejm,all_I=occlusion_S=3,261,image_261.jpg,Measles,Measles
nejm,all_I=occlusion_S=3,262,image_262.jpg,Herpetic keratitis,Vernal conjunctivitis
nejm,all_I=occlusion_S=3,263,image_263.jpg,Pericardial space,Left ventricle
nejm,all_I=occlusion_S=3,264,image_264.jpg,Bilirubin,Bilirubin
nejm,all_I=occlusion_S=3,265,image_265.jpg,Acromegaly,Eisenmenger's syndrome
nejm,all_I=occlusion_S=3,266,image_266.jpg,Polycystic kidney disease,Page kidney
nejm,all_I=occlusion_S=3,267,image_267.jpg,Ileal intussusception,Ulcerative colitis
nejm,all_I=occlusion_S=3,268,image_268.jpg,Geographic tongue,Geographic tongue
nejm,all_I=occlusion_S=3,269,image_269.jpg,Multiple Myeloma,Bone marrow necrosis
nejm,all_I=occlusion_S=3,270,image_270.jpg,Permethrin,Permethrin
nejm,all_I=occlusion_S=3,271,image_271.jpg,Hypothyroidism,Hypothyroidism
nejm,all_I=occlusion_S=3,272,image_272.jpg,Preeclampsia,Preeclampsia
nejm,all_I=occlusion_S=3,273,image_273.jpg,Senile ileus,Intestinal lipomatosis
nejm,all_I=occlusion_S=3,274,image_274.jpg,Temporal arteritis,Cholesterol emboli
nejm,all_I=occlusion_S=3,275,image_275.jpg,Aphthous stomatitis,Herpes zoster
nejm,all_I=occlusion_S=3,276,image_276.jpg,Sporotrichosis,Sporotrichosis
nejm,all_I=occlusion_S=3,277,image_277.jpg,Central retinal artery occlusion,Central retinal artery occlusion
nejm,all_I=occlusion_S=3,278,image_278.jpg,Hematometrocolpos,Hematometrocolpos
nejm,all_I=occlusion_S=3,279,image_279.jpg,Superior vena cava syndrome,Superior vena cava syndrome
nejm,all_I=occlusion_S=3,280,image_280.jpg,Hypothyroidism,Cirrhosis
nejm,all_I=occlusion_S=3,281,image_281.jpg,Ménétrier’s disease,Ménétrier’s disease
nejm,all_I=occlusion_S=3,282,image_282.jpg,Pseudothrombocytopenia due to plate clumping associated with EDTA,Pseudothrombocytosis due to red cell fragments
nejm,all_I=occlusion_S=3,283,image_283.jpg,Scleral rupture,Carotid cavernous sinus fistula
nejm,all_I=occlusion_S=3,284,image_284.jpg,Plastic bronchitis,Plastic bronchitis
nejm,all_I=occlusion_S=3,285,image_285.jpg,Hernia,Intraabdominal cancer
nejm,all_I=occlusion_S=3,286,image_286.jpg,Rosacea,Rosacea
nejm,all_I=occlusion_S=3,287,image_287.jpg,Abdominal aortic aneurysm,Urachal mucinous cystic tumor
nejm,all_I=occlusion_S=3,288,image_288.jpg,Quadriplegia,Quadriplegia
nejm,all_I=occlusion_S=3,289,image_289.jpg,Retinitis pigmentosa,Marfan’s syndrome
nejm,all_I=occlusion_S=3,290,image_290.jpg,Sclerosing sialadenitis,Sclerosing sialadenitis
nejm,all_I=occlusion_S=3,291,image_291.jpg,Cardiac amyloidosis,Angiosarcoma
nejm,all_I=occlusion_S=3,292,image_292.jpg,Chronic venous insufficiency,Chronic venous insufficiency
nejm,all_I=occlusion_S=3,293,image_293.jpg,Pyogenic granuloma,Torus mandibularis
nejm,all_I=occlusion_S=3,294,image_294.jpg,Spindle-cell sarcoma,Spindle-cell sarcoma
nejm,all_I=occlusion_S=3,295,image_295.jpg,Spleen,Stomach
nejm,all_I=occlusion_S=3,296,image_296.jpg,Cogan’s syndrome,Cogan’s syndrome
nejm,all_I=occlusion_S=3,297,image_297.jpg,Salbutamol,Ipratropium
nejm,all_I=occlusion_S=3,298,image_298.jpg,Diabetic bullae,Eruptive xanthomas
nejm,all_I=occlusion_S=3,299,image_299.jpg,Sialolithiasis,Iodide-associated sialadenitis
nejm,all_I=occlusion_S=3,300,image_300.jpg,Peritoneal carcinomatosis,Encapsulating peritoneal sclerosis
nejm,all_I=occlusion_S=3,301,image_301.jpg,Beta2-microglobulin,Calcitonin
nejm,all_I=occlusion_S=3,302,image_302.jpg,Acromegaly,Primary hypertrophic osteoarthropathy
nejm,all_I=occlusion_S=3,303,image_303.jpg,Ecthyma gangrenosum,Congenital cytomegalovirus infection
nejm,all_I=occlusion_S=3,304,image_304.jpg,Left anterior descending artery occlusion,Right coronary artery occlusion
nejm,all_I=occlusion_S=3,305,image_305.jpg,Tracheal agenesis with bronchoesophageal fistula,Tracheal agenesis with bronchoesophageal fistula
nejm,all_I=occlusion_S=3,306,image_306.jpg,Prolactin,Angiotensin-converting enzyme
nejm,all_I=occlusion_S=3,307,image_307.jpg,Speckled lentiginous naevi,Neurofibromatosis
nejm,all_I=occlusion_S=3,308,image_308.jpg,Polyarteritis nodosa,Systemic lupus erythematosus
nejm,all_I=occlusion_S=3,309,image_309.jpg,Granulomatosis with polyangiitis,Granulomatosis with polyangiitis
nejm,all_I=occlusion_S=3,310,image_310.jpg,Cisplatin overdose,Ethylene glycol poisoning
nejm,all_I=occlusion_S=3,311,image_311.jpg,Trichobezoar,Ascariasis
nejm,all_I=occlusion_S=3,312,image_312.jpg,Epstein-Barr virus,Group A streptococcus
nejm,all_I=occlusion_S=3,313,image_313.jpg,Retinopathy of prematurity,Shaken-baby syndrome
nejm,all_I=occlusion_S=3,314,image_314.jpg,Sweet’s syndrome,Exanthematous pustulosis
nejm,all_I=occlusion_S=3,315,image_315.jpg,Infectious mononucleosis,Rubella
nejm,all_I=occlusion_S=3,316,image_316.jpg,Tropical pyoderma,Cutaneous leishmaniasis
nejm,all_I=occlusion_S=3,317,image_317.jpg,Frostbite,Thrombotic vasculopathy
nejm,all_I=occlusion_S=3,318,image_318.jpg,Herpes simplex virus infection,Herpes simplex virus infection
nejm,all_I=occlusion_S=3,319,image_319.jpg,Plummer Vinson syndrome,Eosinophilic esophagitis
nejm,all_I=occlusion_S=3,320,image_320.jpg,Pharyngeal foreign body,Prevertebral air
nejm,all_I=occlusion_S=3,321,image_321.jpg,Cows,Cats
nejm,all_I=occlusion_S=3,322,image_322.jpg,Lymphoma,Histoplasmosis
nejm,all_I=occlusion_S=3,323,image_323.jpg,Paragonimiasis,Paragonimiasis
nejm,all_I=occlusion_S=3,324,image_324.jpg,Brachial artery stenosis,Fibromuscular dysplasia
nejm,all_I=occlusion_S=3,325,image_325.jpg,Condylomata acuminata,Condylomata lata
nejm,all_I=occlusion_S=3,326,image_326.jpg,Paget's disease,Adrenal insufficiency
nejm,all_I=occlusion_S=3,327,image_327.jpg,Vitamin B12 deficiency,Vitamin B12 deficiency
nejm,all_I=occlusion_S=3,328,image_328.jpg,Staphylococcal scalded skin syndrome,Ostraceous psoriasis
nejm,all_I=occlusion_S=3,329,image_329.jpg,Condyloma acuminatum,Squamous-cell carcinoma
nejm,all_I=occlusion_S=3,330,image_330.jpg,Conn’s syndrome,Primary adrenal lymphoma
nejm,all_I=occlusion_S=3,331,image_331.jpg,Spider angioma,Spider angioma
nejm,all_I=occlusion_S=3,332,image_332.jpg,Yaws,Actinomycetoma
nejm,all_I=occlusion_S=3,333,image_333.jpg,Malignant melanoma,Halo nevus
nejm,all_I=occlusion_S=3,334,image_334.jpg,Amiodarone-induced skin discoloration,Amiodarone-induced skin discoloration
nejm,all_I=occlusion_S=3,335,image_335.jpg,Leukemia,Leukemia
nejm,all_I=occlusion_S=3,336,image_336.jpg,Rocky Mountain spotted fever,Tickborne relapsing fever
nejm,all_I=occlusion_S=3,337,image_337.jpg,Erythema gyratum repens,Erythema gyratum repens
nejm,all_I=occlusion_S=3,338,image_338.jpg,Frost bite,Deep venous thrombosis
nejm,all_I=occlusion_S=3,339,image_339.jpg,Bronchiolitis,Bordetella pertussis
nejm,all_I=occlusion_S=3,340,image_340.jpg,Chronic laxative use,Ingestion of a heavy metal
nejm,all_I=occlusion_S=3,341,image_341.jpg,Tophaceous gout,Tophaceous gout
nejm,all_I=occlusion_S=3,342,image_342.jpg,Dumping syndrome,Internal hernia
nejm,all_I=occlusion_S=3,343,image_343.jpg,Colonic pseudo-obstruction,Colocolonic intussusception
nejm,all_I=occlusion_S=3,344,image_344.jpg,Renal cortical necrosis,Cholesterol crystals
nejm,all_I=occlusion_S=3,345,image_345.jpg,Pulmonary-artery dissection,Pulmonary-artery dissection
nejm,all_I=occlusion_S=3,346,image_346.jpg,Metastatic small cell lung carcinoma,Beta-thalassemia
nejm,all_I=occlusion_S=3,347,image_347.jpg,"Consumption of undercooked, infected fish","Consumption of undercooked, infected beef"
nejm,all_I=occlusion_S=3,348,image_348.jpg,Pemphigus vulgaris,Neutrophilic dermatosis
nejm,all_I=occlusion_S=3,349,image_349.jpg,Alkaline phosphatase,Alkaline phosphatase
nejm,all_I=occlusion_S=3,350,image_350.jpg,Ogilvie’s syndrome,Ogilvie’s syndrome
nejm,all_I=occlusion_S=3,351,image_351.jpg,Age-related macular degeneration,Toxoplasmosis
nejm,all_I=occlusion_S=3,352,image_352.jpg,Ochronosis,Fluorouracil side effect
nejm,all_I=occlusion_S=3,353,image_353.jpg,Epidermoid cyst,Furuncular myiasis
nejm,all_I=occlusion_S=3,354,image_354.jpg,Sarcoidosis,Sarcoidosis
nejm,all_I=occlusion_S=3,355,image_355.jpg,Herpes simplex keratitis,Radial keratotomy
nejm,all_I=occlusion_S=3,356,image_356.jpg,Retained surgical clamp,Uterine perforation
nejm,all_I=occlusion_S=3,357,image_357.jpg,Creutzfeld-Jakob disease,Creutzfeld-Jakob disease
nejm,all_I=occlusion_S=3,358,image_358.jpg,Pneumoconiosis,Tobacco
nejm,all_I=occlusion_S=3,359,image_359.jpg,Metastatic lung cancer,Metastatic lung cancer
nejm,all_I=occlusion_S=3,360,image_360.jpg,Radiation-induced angiosarcoma,Radiation-induced angiosarcoma
nejm,all_I=occlusion_S=3,361,image_361.jpg,Pemphigoid gestationis,Atopic eruption of pregnancy
nejm,all_I=occlusion_S=3,362,image_362.jpg,Riboflavin,Niacin
nejm,all_I=occlusion_S=3,363,image_363.jpg,Autoimmune hemolytic anemia,Spur-cell hemolytic anemia
nejm,all_I=occlusion_S=3,364,image_364.jpg,Cutaneous larva migrans,Cutaneous larva migrans
nejm,all_I=occlusion_S=3,365,image_365.jpg,Herpes simplex virus infection,Treponema pallidum infection
nejm,all_I=occlusion_S=3,366,image_366.jpg,Erythema infectiosum,Insect bite
nejm,all_I=occlusion_S=3,367,image_367.jpg,Diaphragm,Diaphragm
nejm,all_I=occlusion_S=3,368,image_368.jpg,Pneumothorax,Lung herniation
nejm,all_I=occlusion_S=3,369,image_369.jpg,Congenital adrenal hyperplasia,Spinal dysraphism
nejm,all_I=occlusion_S=3,370,image_370.jpg,Klippel-Trénaunay syndrome,Infant harlequin syndrome
nejm,all_I=occlusion_S=3,371,image_371.jpg,Cleft jaw,Mandibular fracture
nejm,all_I=occlusion_S=3,372,image_372.jpg,Panniculitis,Panniculitis
nejm,all_I=occlusion_S=3,373,image_373.jpg,Peutz–Jeghers syndrome,Peutz–Jeghers syndrome
nejm,all_I=occlusion_S=3,374,image_374.jpg,Candida,Secondary syphilis
nejm,all_I=occlusion_S=3,375,image_375.jpg,Osborn wave,Osborn wave
nejm,all_I=occlusion_S=3,376,image_376.jpg,Staphylococcal scalded skin syndrome,Staphylococcal scalded skin
nejm,all_I=occlusion_S=3,377,image_377.jpg,Divarication of the rectus abdominis,Insulin lipohypertrophy
nejm,all_I=occlusion_S=3,378,image_378.jpg,Necrobiosis lipoidica,Actinic granuloma
nejm,all_I=occlusion_S=3,379,image_379.jpg,Neurocysticercosis,Cystic echinococcosis
nejm,all_I=occlusion_S=3,380,image_380.jpg,Alcohol dependency,Alcohol dependency
nejm,all_I=occlusion_S=3,381,image_381.jpg,Lisch nodules,Lisch nodules
nejm,all_I=occlusion_S=3,382,image_382.jpg,Copper,Zinc
nejm,all_I=occlusion_S=3,383,image_383.jpg,Lymphocytosis,Eosinophilia
nejm,all_I=occlusion_S=3,384,image_384.jpg,Lupus retinal vasculitis,Antiphospholipid syndrome
nejm,all_I=occlusion_S=3,385,image_385.jpg,Subdural hematoma,Epidural hematoma
nejm,all_I=occlusion_S=3,386,image_386.jpg,Pancreatic phlegmon,Trichobezoar
nejm,all_I=occlusion_S=3,387,image_387.jpg,Osteitis fibrosa cystica,Osteomalacia
nejm,all_I=occlusion_S=3,388,image_388.jpg,Polyarteritis nodosa vasculitis,Lymphoma
nejm,all_I=occlusion_S=3,389,image_389.jpg,Testing the function of the facial nerve,Bone scan
nejm,all_I=occlusion_S=3,390,image_390.jpg,Thyroid cancer,Gastric cancer
nejm,all_I=occlusion_S=3,391,image_391.jpg,Drug-induced reaction,Malakoplakia
nejm,all_I=occlusion_S=3,392,image_392.jpg,Prolactinoma,Prolactinoma
nejm,all_I=occlusion_S=3,393,image_393.jpg,Systemic lupus erythematosus,Systemic lupus erythematosus
nejm,all_I=occlusion_S=3,394,image_394.jpg,Intravitreal hemorrhage,Traumatic bleb
nejm,all_I=occlusion_S=3,395,image_395.jpg,Soft-tissue calcinosis,Soft-tissue calcinosis
nejm,all_I=occlusion_S=3,396,image_396.jpg,Epidermodysplasia verruciformis,Chromoblastomycosis
nejm,all_I=occlusion_S=3,397,image_397.jpg,Pectus excavatum,Pectus excavatum
nejm,all_I=occlusion_S=3,398,image_398.jpg,Tuberculosis,Tuberculosis
nejm,all_I=occlusion_S=3,399,image_399.jpg,Androgenic alopecia,Fibrosing alopecia
nejm,all_I=occlusion_S=3,400,image_400.jpg,Ludwig’s angina,Ludwig’s angina
nejm,all_I=occlusion_S=3,401,image_401.jpg,Nephrogenic fibrosing dermopathy,Nephrogenic fibrosing dermopathy
nejm,all_I=occlusion_S=3,402,image_402.jpg,Lingual carcinoma,Hypoglossal nerve injury
nejm,all_I=occlusion_S=3,403,image_403.jpg,Cystic echinococcosis,Cystic echinococcosis
nejm,all_I=occlusion_S=3,404,image_404.jpg,Congestive heart failure,Congestive heart failure
nejm,all_I=occlusion_S=3,405,image_405.jpg,Systemic lupus erythematosus,Scleroderma
nejm,all_I=occlusion_S=3,406,image_406.jpg,Malassezia furfur,Corynebacterium minutissimum
nejm,all_I=occlusion_S=3,407,image_407.jpg,Hydropneumothorax,Hydropneumothorax
nejm,all_I=occlusion_S=3,408,image_408.jpg,Calcium pyrophosphate deposition disease,Gout
nejm,all_I=occlusion_S=3,409,image_409.jpg,Drug reaction with eosinophilia and systemic symptoms,Drug reaction with eosinophilia and systemic symptoms
nejm,all_I=occlusion_S=3,410,image_410.jpg,Raynaud disease,Subclavian vein thrombosis
nejm,all_I=occlusion_S=3,411,image_411.jpg,Infantile hepatic hemangiomas,Infantile hepatic hemangiomas
nejm,all_I=occlusion_S=3,412,image_412.jpg,Cryptococcus neoformans,Histoplasma capsulatum
nejm,all_I=occlusion_S=3,413,image_413.jpg,Cerebriform nevus sebaceous,Cerebriform nevus sebaceous
nejm,all_I=occlusion_S=3,414,image_414.jpg,Dubin-Johnson syndrome,Metastatic colon cancer
nejm,all_I=occlusion_S=3,415,image_415.jpg,Vitiligo,Vitiligo
nejm,all_I=occlusion_S=3,416,image_416.jpg,Pheochromocytoma,Carcinoid syndrome
nejm,all_I=occlusion_S=3,417,image_417.jpg,Congenital melanocytic nevus,Congenital melanocytic nevus
nejm,all_I=occlusion_S=3,418,image_418.jpg,Marfan’s syndrome,Multiple endocrine neoplasia type 2B
nejm,all_I=occlusion_S=3,419,image_419.jpg,Scrofula,Peripancreatic malignancy
nejm,all_I=occlusion_S=3,420,image_420.jpg,Immature cataract,Intraocular tumor
nejm,all_I=occlusion_S=3,421,image_421.jpg,Cryptococcal meningitis,Cryptococcal meningitis
nejm,all_I=occlusion_S=3,422,image_422.jpg,Beta-blocker,Angiotensin converting-enzyme inhibitor
nejm,all_I=occlusion_S=3,423,image_423.jpg,Plantar warts,Plantar warts
nejm,all_I=occlusion_S=3,424,image_424.jpg,Addison's disease,Diabetes mellitus
nejm,all_I=occlusion_S=3,425,image_425.jpg,Glycogenic acanthosis,Nodular lymphoid hyperplasia
nejm,all_I=occlusion_S=3,426,image_426.jpg,Peritonsillar abscess,Retropharyngeal abscess
nejm,all_I=occlusion_S=3,427,image_427.jpg,Chloroquine,Chloroquine
nejm,all_I=occlusion_S=3,428,image_428.jpg,Diffuse cutaneous systemic sclerosis,Diffuse cutaneous systemic sclerosis
nejm,all_I=occlusion_S=3,429,image_429.jpg,Chronic constipation,Diabetes mellitus
nejm,all_I=occlusion_S=3,430,image_430.jpg,Apply cervical collar to stabilize the neck,Leave the foreign object in place
nejm,all_I=occlusion_S=3,431,image_431.jpg,Thromboangiitis obliterans,Ergotism
nejm,all_I=occlusion_S=3,432,image_432.jpg,Osteopetrosis,Ankylosing spondylitis
nejm,all_I=occlusion_S=3,433,image_433.jpg,Hematopoietic system,Respiratory system
nejm,all_I=occlusion_S=3,434,image_434.jpg,Collodion baby,Harlequin color change
nejm,all_I=occlusion_S=3,435,image_435.jpg,Tonsillar cancer,Tonsillar cancer
nejm,all_I=occlusion_S=3,436,image_436.jpg,Acute pulmonary embolism,Ascending aortic aneurysm
nejm,all_I=occlusion_S=3,437,image_437.jpg,Congenital nevus,Congenital nevus
nejm,all_I=occlusion_S=3,438,image_438.jpg,Vibrio vulnificus,Vibrio vulnificus
nejm,all_I=occlusion_S=3,439,image_439.jpg,Glucocorticoid,Protease inhibitor
nejm,all_I=occlusion_S=3,440,image_440.jpg,Wernicke’s encephalopathy,Wernicke’s encephalopathy
nejm,all_I=occlusion_S=3,441,image_441.jpg,Gastrointestinal lymphoma,Superior mesenteric artery syndrome
nejm,all_I=occlusion_S=3,442,image_442.jpg,Hemangioma,Mucocele
nejm,all_I=occlusion_S=3,443,image_443.jpg,Herpes simplex virus,Varicella-zoster virus
nejm,all_I=occlusion_S=3,444,image_444.jpg,Myasthenia gravis,Myasthenia gravis
nejm,all_I=occlusion_S=3,445,image_445.jpg,Pleural perforation,Pleural perforation
nejm,all_I=occlusion_S=3,446,image_446.jpg,Lactational mastitis,Polymastia
nejm,all_I=occlusion_S=3,447,image_447.jpg,Paronychia,Gout
nejm,all_I=occlusion_S=3,448,image_448.jpg,Aspirin and intravenous immune globulin,Aspirin and intravenous immune globulin
nejm,all_I=occlusion_S=3,449,image_449.jpg,Glucocorticoid induced ulceration,Extranodal natural killer T-cell lymphoma
nejm,all_I=occlusion_S=3,450,image_450.jpg,Kawasaki disease,Celiac disease
nejm,all_I=occlusion_S=3,451,image_451.jpg,Pellagra,Amyotrophic lateral sclerosis
nejm,all_I=occlusion_S=3,452,image_452.jpg,Sjogren's syndrome,Uveoparotid fever
nejm,all_I=occlusion_S=3,453,image_453.jpg,Pyoderma gangrenosum,Anti-MDA5 dermatomyositis
nejm,all_I=occlusion_S=3,454,image_454.jpg,Recurrent breast cancer,Cellulitis
nejm,all_I=occlusion_S=3,455,image_455.jpg,Intraabdominal hernia,Intraabdominal hernia
nejm,all_I=occlusion_S=3,456,image_456.jpg,Acute dacryocystitis,Acute dacryocystitis
nejm,all_I=occlusion_S=3,457,image_457.jpg,Treponema pallidum haemagglutination assay,Anti-Hu antibody
nejm,all_I=occlusion_S=3,458,image_458.jpg,Crusted scabies,Crusted scabies
nejm,all_I=occlusion_S=3,459,image_459.jpg,Schistosoma hematobium,Schistosoma hematobium
nejm,all_I=occlusion_S=3,460,image_460.jpg,Atlantoaxial dislocation,Epiglottitis
nejm,all_I=occlusion_S=3,461,image_461.jpg,Erythema multiforme,Urticaria multiforme
nejm,all_I=occlusion_S=3,462,image_462.jpg,Tetracycline,Tetracycline
nejm,all_I=occlusion_S=3,463,image_463.jpg,Cortisol,Alkaline phosphatase
nejm,all_I=occlusion_S=3,464,image_464.jpg,Neutrophilic eccrine hidradenitis,Neutrophilic eccrine hidradenitis
nejm,all_I=occlusion_S=3,465,image_465.jpg,"Right hemiparesis, gaze deviated to the right","Left hemiparesis, gaze deviated to the right"
nejm,all_I=occlusion_S=3,466,image_466.jpg,Lead exposure,Lead exposure
nejm,all_I=occlusion_S=3,467,image_467.jpg,Paraneoplastic pemphigus,Necrolytic migratory erythema
nejm,all_I=occlusion_S=3,468,image_468.jpg,Livedo reticularis,Erythema ab igne
nejm,all_I=occlusion_S=3,469,image_469.jpg,Melasma,Phototoxic dermatitis
nejm,all_I=occlusion_S=3,470,image_470.jpg,Laryngeal candidiasis,Laryngeal candidiasis
nejm,all_I=occlusion_S=3,471,image_471.jpg,Zenker's diverticulum,Zenker's diverticulum
nejm,all_I=occlusion_S=3,472,image_472.jpg,Paget-Schroetter disease,Mondor’s disease
nejm,all_I=occlusion_S=3,473,image_473.jpg,Posterior reversible encephalopathy syndrome,Posterior reversible encephalopathy syndrome
nejm,all_I=occlusion_S=3,474,image_474.jpg,Gout,Systemic sclerosis
nejm,all_I=occlusion_S=3,475,image_475.jpg,"Hypercalcemia, hypophosphatemia, and hyperkalemia","Hypocalcemia, hypophosphatemia, and hyperkalemia"
nejm,all_I=occlusion_S=3,476,image_476.jpg,Slipped capital femoral epiphysis,Legg–Calvé–Perthes disease
nejm,all_I=occlusion_S=3,477,image_477.jpg,Decompression sickness,Decompression sickness
nejm,all_I=occlusion_S=3,478,image_478.jpg,Porphyria cutanea tarda,Porphyria cutanea tarda
nejm,all_I=occlusion_S=3,479,image_479.jpg,Graves' disease,Graves' disease
nejm,all_I=occlusion_S=3,480,image_480.jpg,Congenital adrenal hyperplasia,Congenital adrenal hyperplasia
nejm,all_I=occlusion_S=3,481,image_481.jpg,Cutaneous metastases,Cutaneous metastases
nejm,all_I=occlusion_S=3,482,image_482.jpg,Thromboangiitis obliterans,Thromboangiitis obliterans
nejm,all_I=occlusion_S=3,483,image_483.jpg,Cataract,Cataract
nejm,all_I=occlusion_S=3,484,image_484.jpg,Gout,Atherosclerosis
nejm,all_I=occlusion_S=3,485,image_485.jpg,Situs inversus totalis,Situs inversus totalis
nejm,all_I=occlusion_S=3,486,image_486.jpg,Hypertensive retinopathy,Hypertriglyceridemia
nejm,all_I=occlusion_S=3,487,image_487.jpg,Peritonsillar abscess,Obstructive parotitis
nejm,all_I=occlusion_S=3,488,image_488.jpg,Ischemic colitis,Ischemic colitis
nejm,all_I=occlusion_S=3,489,image_489.jpg,Small-cell lung cancer,Small-cell lung cancer
nejm,all_I=occlusion_S=3,490,image_490.jpg,Capillaria,Strongyloides stercoralis
nejm,all_I=occlusion_S=3,491,image_491.jpg,Xylazine,Xylazine
nejm,all_I=occlusion_S=3,492,image_492.jpg,Parathyroid carcinoma,Hodgkin's lymphoma
nejm,all_I=occlusion_S=3,493,image_493.jpg,Brucellosis,Brucellosis
nejm,all_I=occlusion_S=3,494,image_494.jpg,IgG4-related ophthalmic disease,IgG4-related ophthalmic disease
nejm,all_I=occlusion_S=3,495,image_495.jpg,Periodontitis,Dermatomyositis
nejm,all_I=occlusion_S=3,496,image_496.jpg,Mucormycosis,Curvularia alcornii
nejm,all_I=occlusion_S=3,497,image_497.jpg,Bulbar palsy,Romberg's sign
nejm,all_I=occlusion_S=3,498,image_498.jpg,Acinetobacter baumannii,Klebsiella rhinoscleromatis
nejm,all_I=occlusion_S=3,499,image_499.jpg,Lingual artery thrombosis,Tissue plasminogen activator-associated angioedema
nejm,all_I=occlusion_S=3,500,image_500.jpg,Temporal quadrantanopsia,Inferior hemifield loss
nejm,all_I=occlusion_S=3,501,image_501.jpg,Syphilis,Infective endocarditis
nejm,all_I=occlusion_S=3,502,image_502.jpg,Nephrogenic systemic fibrosis,Nephrogenic systemic fibrosis
nejm,all_I=occlusion_S=3,503,image_503.jpg,Ungal melanoma,Splinter hemorrhages
nejm,all_I=occlusion_S=3,504,image_504.jpg,Leprosy,Leprosy
nejm,all_I=occlusion_S=3,505,image_505.jpg,Baker's cyst,Abscess
nejm,all_I=occlusion_S=3,506,image_506.jpg,Dirofilaria repens infection,Dirofilaria repens infection
nejm,all_I=occlusion_S=3,507,image_507.jpg,Cushing's syndrome,Paraneoplastic disorder
nejm,all_I=occlusion_S=3,508,image_508.jpg,Perirenal extramedullary hematopoiesis,Perirenal extramedullary hematopoiesis
nejm,all_I=occlusion_S=3,509,image_509.jpg,Carcinoid tumor,Bulimia nervosa
nejm,all_I=occlusion_S=3,510,image_510.jpg,Chromomycosis,Iododerma
nejm,all_I=occlusion_S=3,511,image_511.jpg,Retinoblastoma,Retinoblastoma
nejm,all_I=occlusion_S=3,512,image_512.jpg,Intestinal obstruction,Perforation of a viscus
nejm,all_I=occlusion_S=3,513,image_513.jpg,Polymyositis,Dermatomyositis
nejm,all_I=occlusion_S=3,514,image_514.jpg,Acromegaly,Lipomatosis
nejm,all_I=occlusion_S=3,515,image_515.jpg,Nevus comedonicus,Nevus comedonicus
nejm,all_I=occlusion_S=3,516,image_516.jpg,Oral hairy leukoplakia,Uremic stomatitis
nejm,all_I=occlusion_S=3,517,image_517.jpg,Osgood-Schlatter disease,Systemic sclerosis
nejm,all_I=occlusion_S=3,518,image_518.jpg,Psoriasis,Chronic venous stasis
nejm,all_I=occlusion_S=3,519,image_519.jpg,Sjögren's syndrome,Sjögren's syndrome
nejm,all_I=occlusion_S=3,520,image_520.jpg,Thyroglossal duct cyst,Thyroglossal duct cyst
nejm,all_I=occlusion_S=3,521,image_521.jpg,Sarcoidosis,Wegener's granulomatosis
nejm,all_I=occlusion_S=3,522,image_522.jpg,Erythema nodosum,Necrobiosis lipoidica
nejm,all_I=occlusion_S=3,523,image_523.jpg,Lingual artery,Lingual artery
nejm,all_I=occlusion_S=3,524,image_524.jpg,Cerebral toxoplasmosis,Nocardia asteroides infection
nejm,all_I=occlusion_S=3,525,image_525.jpg,Raynaud syndrome,Achenbach’s syndrome
nejm,all_I=occlusion_S=3,526,image_526.jpg,Chancroid,Herpes vegetans
nejm,all_I=occlusion_S=3,527,image_527.jpg,Cushing's syndrome,Thrombosis of the inferior vena cava
nejm,all_I=occlusion_S=3,528,image_528.jpg,Verrucous carcinoma,Human papillomavirus
nejm,all_I=occlusion_S=3,529,image_529.jpg,Spinal muscular atrophy,Tay-Sachs disease
nejm,all_I=occlusion_S=3,530,image_530.jpg,Restrictive lung disease,Intrathoracic localized obstruction
nejm,all_I=occlusion_S=3,531,image_531.jpg,Hereditary angioedema,Thromboembolism
nejm,all_I=occlusion_S=3,532,image_532.jpg,Pneumoperitoneum,Pneumoperitoneum
nejm,all_I=occlusion_S=3,533,image_533.jpg,Heberden’s nodes,Jaccoud’s arthropathy
nejm,all_I=occlusion_S=3,534,image_534.jpg,Eosinophilic ulcer,Cytomegalovirus infection
nejm,all_I=occlusion_S=3,535,image_535.jpg,Paget's disease,Renal tubular acidosis
nejm,all_I=occlusion_S=3,536,image_536.jpg,Vitamin B6,Zinc
nejm,all_I=occlusion_S=3,537,image_537.jpg,Cold agglutinins,Cold agglutinins
nejm,all_I=occlusion_S=3,538,image_538.jpg,Hemorrhoids,Enterobiasis
nejm,all_I=occlusion_S=3,539,image_539.jpg,Digital ischemia,Digital ischemia
nejm,all_I=occlusion_S=3,540,image_540.jpg,Croup,Croup
nejm,all_I=occlusion_S=3,541,image_541.jpg,Disseminated cutaneous blastomycosis,Disseminated cutaneous blastomycosis
nejm,all_I=occlusion_S=3,542,image_542.jpg,Frey's syndrome,Frey's syndrome
nejm,all_I=occlusion_S=3,543,image_543.jpg,Cerebral air embolisms,Cerebral cavernous malformations
nejm,all_I=occlusion_S=3,544,image_544.jpg,Prescribe nystatin,Counsel patient to stop smoking
nejm,all_I=occlusion_S=3,545,image_545.jpg,Tolosa-Hunt syndrome,Multiple myeloma
nejm,all_I=occlusion_S=3,546,image_546.jpg,Defect in glucuronidation leading to hyperbilirubinemia,About 50% of the serum bilirubin is conjugated
nejm,all_I=occlusion_S=3,547,image_547.jpg,Hampton’s hump,Hampton’s hump
nejm,all_I=occlusion_S=3,548,image_548.jpg,Leukemia cutis,Cryoglobulinemic vasculitis
nejm,all_I=occlusion_S=3,549,image_549.jpg,Papillary thyroid cancer,Ectopic thyroid
nejm,all_I=occlusion_S=3,550,image_550.jpg,Acute angle-closure glaucoma,Acute angle-closure glaucoma
nejm,all_I=occlusion_S=3,551,image_551.jpg,Plasmodium vivax,Plasmodium vivax
nejm,all_I=occlusion_S=3,552,image_552.jpg,Somatostatinoma,Glucagonoma
nejm,all_I=occlusion_S=3,553,image_553.jpg,Langerhans cell histiocytosis,Erdheim–Chester disease
nejm,all_I=occlusion_S=3,554,image_554.jpg,Gastric bezoar,Splenic cyst
nejm,all_I=occlusion_S=3,555,image_555.jpg,Vitiligo,Tinea versicolor
nejm,all_I=occlusion_S=3,556,image_556.jpg,Cobalamin (vitamin B12) deficiency,Pellagra
nejm,all_I=occlusion_S=3,557,image_557.jpg,Pediculus humanus corporis,Pthirus pubis
nejm,all_I=occlusion_S=3,558,image_558.jpg,Diffuse alveolar hemorrhage,Pulmonary alveolar microlithiasis
nejm,all_I=occlusion_S=3,559,image_559.jpg,Hyperbilirubinemia,Pseudomonas aeruginosa infection
nejm,all_I=occlusion_S=3,560,image_560.jpg,Penile contusion,Penile fracture
nejm,all_I=occlusion_S=3,561,image_561.jpg,HIV-associated diffuse large B-cell lymphoma,Disseminated Mycobacterium avium–intracellulare infection
nejm,all_I=occlusion_S=3,562,image_562.jpg,Psoralen,Erlotinib
nejm,all_I=occlusion_S=3,563,image_563.jpg,Schatzki ring,Adenocarcinoma
nejm,all_I=occlusion_S=3,564,image_564.jpg,Hemangioma,Melanoma
nejm,all_I=occlusion_S=3,565,image_565.jpg,Umbilical hernia,Sister Mary Joseph's nodule
nejm,all_I=occlusion_S=3,566,image_566.jpg,Methemoglobinemia,Fluorescent dye
nejm,all_I=occlusion_S=3,567,image_567.jpg,Pulmonary embolism,Pulmonary embolism
nejm,all_I=occlusion_S=3,568,image_568.jpg,Osgood–Schlatter disease,Osgood–Schlatter disease
nejm,all_I=occlusion_S=3,569,image_569.jpg,Pneumomediastinum,Pneumomediastinum
nejm,all_I=occlusion_S=3,570,image_570.jpg,Aniridia,Prominent iris collarette
nejm,all_I=occlusion_S=3,571,image_571.jpg,Malignant acanthosis nigricans,Malignant acanthosis nigricans
nejm,all_I=occlusion_S=3,572,image_572.jpg,Rosacea,Tuberous sclerosis
nejm,all_I=occlusion_S=3,573,image_573.jpg,Bilirubin elevation,Elevated protein
nejm,all_I=occlusion_S=3,574,image_574.jpg,Norwegian scabies,Malignant syphilis
nejm,all_I=occlusion_S=3,575,image_575.jpg,Trichuris trichiura,Diphyllobothrium latum
nejm,all_I=occlusion_S=3,576,image_576.jpg,Sarcoidosis,Mycobacterium marinum
nejm,all_I=occlusion_S=3,577,image_577.jpg,Right lower lobe,Left upper lobe
nejm,all_I=occlusion_S=3,578,image_578.jpg,Geographic tongue,Herpes zoster
nejm,all_I=occlusion_S=3,579,image_579.jpg,Familial exudative vitreoretinopathy,X-linked retinoschisis
nejm,all_I=occlusion_S=3,580,image_580.jpg,Paget's disease,Pneumocephalus
nejm,all_I=occlusion_S=3,581,image_581.jpg,Pseudohypoparathyroidism,Albright's hereditary osteodystrophy
nejm,all_I=occlusion_S=3,582,image_582.jpg,Ankylosing spondylitis,Fluorosis
nejm,all_I=occlusion_S=3,583,image_583.jpg,Nocardia asteroides,Fusobacterium necrophorum
nejm,all_I=occlusion_S=3,584,image_584.jpg,Carpal tunnel syndrome,Dupuyten's contracture
nejm,all_I=occlusion_S=3,585,image_585.jpg,Keratoconus,Wilson's disease
nejm,all_I=occlusion_S=3,586,image_586.jpg,Infective endocarditis,Infective endocarditis
nejm,all_I=occlusion_S=3,587,image_587.jpg,Cholesterol emboli,Cholesterol emboli
nejm,all_I=occlusion_S=3,588,image_588.jpg,Oleothorax,Oleothorax
nejm,all_I=occlusion_S=3,589,image_589.jpg,Slipped capital femoral epiphysis,Slipped capital femoral epiphysis
nejm,all_I=occlusion_S=3,590,image_590.jpg,Tsetse fly,Chrysops fly
nejm,all_I=occlusion_S=3,591,image_591.jpg,Hemochromatosis,Diffuse melanosis cutis
nejm,all_I=occlusion_S=3,592,image_592.jpg,Calcium oxalate and triple phosphate (struvite) crystals,Cystine and triple phosphate (struvite) crystals
nejm,all_I=occlusion_S=3,593,image_593.jpg,Cicatricial pemphigoid,Herpes zoster
nejm,all_I=occlusion_S=3,594,image_594.jpg,Streptococcal pharyngitis,Streptococcal pharyngitis
nejm,all_I=occlusion_S=3,595,image_595.jpg,Pneumothorax,Substernal goiter
nejm,all_I=occlusion_S=3,596,image_596.jpg,Speckled lentiginous nevus,Becker’s nevus
nejm,all_I=occlusion_S=3,597,image_597.jpg,Jeune syndrome asphyxiating thoracic dystrophy,Paternal uniparental disomy 14 (UDP 14 pat) thoracic dysplasia
nejm,all_I=occlusion_S=3,598,image_598.jpg,Cecal volvulus,Small-bowel obstruction
nejm,all_I=occlusion_S=3,599,image_599.jpg,Fetal alcohol syndrome,Neonatal thyrotoxicosis
nejm,all_I=occlusion_S=3,600,image_600.jpg,Lichen planus,Bulimia nervosa
nejm,all_I=occlusion_S=3,601,image_601.jpg,Neurocysticercosis,Neurocysticercosis
nejm,all_I=occlusion_S=3,602,image_602.jpg,Papilloma,Papilloma
nejm,all_I=occlusion_S=3,603,image_603.jpg,Scabies,Fordyce's angiokeratomas
nejm,all_I=occlusion_S=3,604,image_604.jpg,Pyoderma gangrenosum,Cutaneous diphtheria
nejm,all_I=occlusion_S=3,605,image_605.jpg,Trichuris trichiura,Enterobius vermicularis
nejm,all_I=occlusion_S=3,606,image_606.jpg,Human botfly,Tumbu fly
nejm,all_I=occlusion_S=3,607,image_607.jpg,Neonatal herpes simplex virus,Neonatal herpes simplex virus
nejm,all_I=occlusion_S=3,608,image_608.jpg,Psoriasis,Erythrasma
nejm,all_I=occlusion_S=3,609,image_609.jpg,Bisphosphonates,Bisphosphonates
nejm,all_I=occlusion_S=3,610,image_610.jpg,Telangiectasia,Livedo reticularis
nejm,all_I=occlusion_S=3,611,image_611.jpg,Varicella,Varicella
nejm,all_I=occlusion_S=3,612,image_612.jpg,Talaromyces marneffei,Talaromyces marneffei
nejm,all_I=occlusion_S=3,613,image_613.jpg,Leprosy,Leishmaniasis
nejm,all_I=occlusion_S=3,614,image_614.jpg,Herpes simplex virus type 1,Coxsackie virus type A16
nejm,all_I=occlusion_S=3,615,image_615.jpg,Retrobulbar abscess,Hydatid cyst
nejm,all_I=occlusion_S=3,616,image_616.jpg,Condyloma acuminatum,Vestibular papillomatosis
nejm,all_I=occlusion_S=3,617,image_617.jpg,Dislocation of the lens,Dislocation of the lens
nejm,all_I=occlusion_S=3,618,image_618.jpg,Raynaud's phenomenon,Raynaud's phenomenon
nejm,all_I=occlusion_S=3,619,image_619.jpg,Tungiasis,Tungiasis
nejm,all_I=occlusion_S=3,620,image_620.jpg,Subcutaneous metastases,Caput Medusae
nejm,all_I=occlusion_S=3,621,image_621.jpg,Left anterior descending,Left main stem
nejm,all_I=occlusion_S=3,622,image_622.jpg,"Hand, foot, and mouth disease","Hand, foot, and mouth disease"
nejm,all_I=occlusion_S=3,623,image_623.jpg,Auditory polyp,Cholesteatoma
nejm,all_I=occlusion_S=3,624,image_624.jpg,Bartholin gland cyst,Gartner duct cyst
nejm,all_I=occlusion_S=3,625,image_625.jpg,Palmar erythema of pregnancy,Palmar erythema of pregnancy
nejm,all_I=occlusion_S=3,626,image_626.jpg,Portal vein thrombosis,Mesenteric ischemia
nejm,all_I=occlusion_S=3,627,image_627.jpg,Cutaneous larva migrans,Cutaneous larva migrans
nejm,all_I=occlusion_S=3,628,image_628.jpg,Allergic conjunctivitis,Ophthalmomyiasis
nejm,all_I=occlusion_S=3,629,image_629.jpg,Right ventricle,Left atrium
nejm,all_I=occlusion_S=3,630,image_630.jpg,Tension pneumothorax,Tension pneumothorax
nejm,all_I=occlusion_S=3,631,image_631.jpg,Esophageal web,Nutcracker esophagus
nejm,all_I=occlusion_S=3,632,image_632.jpg,Uveal melanoma,Uveal melanoma
nejm,all_I=occlusion_S=3,633,image_633.jpg,Proliferative diabetic retinopathy,Proliferative diabetic retinopathy
nejm,all_I=occlusion_S=3,634,image_634.jpg,Right fascicular block,Hyperkalemia
nejm,all_I=occlusion_S=3,635,image_635.jpg,Triatomine bug,Triatomine bug
nejm,all_I=occlusion_S=3,636,image_636.jpg,Hemothorax,Reexpansion pulmonary edema
nejm,all_I=occlusion_S=3,637,image_637.jpg,Ameelanotic melanoma,Amelanotic melanoma
nejm,all_I=occlusion_S=3,638,image_638.jpg,Scleroderma,Eosinophilic fasciitis
nejm,all_I=occlusion_S=3,639,image_639.jpg,Baking powder,Sugar
nejm,all_I=occlusion_S=3,640,image_640.jpg,Calvarial osteomyelitis,Sickle cell disease
nejm,all_I=occlusion_S=3,641,image_641.jpg,Pyogenic aortitis due to Salmonella enteritidis,Emphysematous aortitis due to Clostridium septicum
nejm,all_I=occlusion_S=3,642,image_642.jpg,Cutaneous larva migrans,Lung cancer
nejm,all_I=occlusion_S=3,643,image_643.jpg,Herpes simplex virus infection,Herpes simplex virus infection
nejm,all_I=occlusion_S=3,644,image_644.jpg,Lithium,Palifermin
nejm,all_I=occlusion_S=3,645,image_645.jpg,Radiation recall,Radiation recall
nejm,all_I=occlusion_S=3,646,image_646.jpg,Immune thrombocytopenic purpura,Scurvy
nejm,all_I=occlusion_S=3,647,image_647.jpg,Psoriasis,Keratoderma blennorrhagicum
nejm,all_I=occlusion_S=3,648,image_648.jpg,Tinea faciei,Tinea faciei
nejm,all_I=occlusion_S=3,649,image_649.jpg,Herpes simplex infection,Inflammatory bowel disease
nejm,all_I=occlusion_S=3,650,image_650.jpg,Autosomal dominant polycystic kidney disease,Autosomal dominant polycystic kidney disease
nejm,all_I=occlusion_S=3,651,image_651.jpg,Pulmonary embolism,Azygous vein
nejm,all_I=occlusion_S=3,652,image_652.jpg,Pustular rosacea,Subcorneal pustular dermatosis
nejm,all_I=occlusion_S=3,653,image_653.jpg,Paget’s disease,Multiple myeloma
nejm,all_I=occlusion_S=3,654,image_654.jpg,Megaloblastic anemia,Chronic lead poisoning
nejm,all_I=occlusion_S=3,655,image_655.jpg,Verrucae vulgaris,Periungual fibroma
nejm,all_I=occlusion_S=3,656,image_656.jpg,Herpes zoster due to virus reactivation,Miliaria crystallina
nejm,all_I=occlusion_S=3,657,image_657.jpg,Graves' disease,Graves' disease
nejm,all_I=occlusion_S=3,658,image_658.jpg,Vitamin D excess,Langerhans'-cell histiocytosis
nejm,all_I=occlusion_S=3,659,image_659.jpg,Chronic lymphocytic leukemia,Gaucher’s disease
nejm,all_I=occlusion_S=3,660,image_660.jpg,Psoriasis,Chemotherapy
nejm,all_I=occlusion_S=3,661,image_661.jpg,Leukoplakia,Leukoplakia
nejm,all_I=occlusion_S=3,662,image_662.jpg,Thalassemia minor,Glucose-6-phosphate dehydrogenase deficiency
nejm,all_I=occlusion_S=3,663,image_663.jpg,Verrucous carcinoma,Verrucous carcinoma
nejm,all_I=occlusion_S=3,664,image_664.jpg,Leukemia cutis,Fusariosis
nejm,all_I=occlusion_S=3,665,image_665.jpg,Hyphema,Hyphema
nejm,all_I=occlusion_S=3,666,image_666.jpg,"Hand, foot, and mouth disease",Herpes zoster
nejm,all_I=occlusion_S=3,667,image_667.jpg,Sarcoidosis,Systemic sclerosis
nejm,all_I=occlusion_S=3,668,image_668.jpg,Duodenal atresia,Hirschsprung’s disease
nejm,all_I=occlusion_S=3,669,image_669.jpg,Melanocytic nevi,Seborrheic keratoses
nejm,all_I=occlusion_S=3,670,image_670.jpg,Non-small-cell lung cancer,Sarcoidosis
nejm,all_I=occlusion_S=3,671,image_671.jpg,Tinea capitis,Tinea capitis
nejm,all_I=occlusion_S=3,672,image_672.jpg,Tertiary hyperparathyroidism,Rheumatic heart disease
nejm,all_I=occlusion_S=3,673,image_673.jpg,Chronic lymphocytic leukemia (CLL),Acute promyelocytic leukemia (APL)
nejm,all_I=occlusion_S=3,674,image_674.jpg,Malignant syphilis,Malignant syphilis
nejm,all_I=occlusion_S=3,675,image_675.jpg,Omphalith,Endometrioma
nejm,all_I=occlusion_S=3,676,image_676.jpg,Varicocele,Varicocele
nejm,all_I=occlusion_S=3,677,image_677.jpg,Keratoderma blenorrhagicum,Keratoderma blenorrhagicum
nejm,all_I=occlusion_S=3,678,image_678.jpg,Erythema ab igne,Onchocerciasis
nejm,all_I=occlusion_S=3,679,image_679.jpg,Orbital wall fracture,Intraocular lens dislocation
nejm,all_I=occlusion_S=3,680,image_680.jpg,Neuroblastoma,Neuroblastoma
nejm,all_I=occlusion_S=3,681,image_681.jpg,Periocular atopic dermatitis,Lyme disease
nejm,all_I=occlusion_S=3,682,image_682.jpg,Iridodialysis,Silicone oil hyperoleon
nejm,all_I=occlusion_S=3,683,image_683.jpg,Takayasu's arteritis,Osteoporosis
nejm,all_I=occlusion_S=3,684,image_684.jpg,Onychomycosis,Metastasis
nejm,all_I=occlusion_S=3,685,image_685.jpg,Neurocysticercosis,Neurocysticercosis
nejm,all_I=occlusion_S=3,686,image_686.jpg,IgG4-related disease arteritis,IgG4-related disease arteritis
nejm,all_I=occlusion_S=3,687,image_687.jpg,Pulmonary hemosiderosis,Adenocarcinoma
nejm,all_I=occlusion_S=3,688,image_688.jpg,Ankylosing spondylitis,Diabetes mellitus
nejm,all_I=occlusion_S=3,689,image_689.jpg,Flemingo’s flush sign,Pemberton’s sign
nejm,all_I=occlusion_S=3,690,image_690.jpg,Scapular subluxation,Palsy of the long thoracic nerve
nejm,all_I=occlusion_S=3,691,image_691.jpg,Purpura fulminans,Purpura fulminans
nejm,all_I=occlusion_S=3,692,image_692.jpg,Diurese the patient and then obtain a repeat chest radiograph,Diurese the patient and then obtain a repeat chest radiograph
nejm,all_I=occlusion_S=3,693,image_693.jpg,Rosacea,Seborrheic dermatitis
nejm,all_I=occlusion_S=3,694,image_694.jpg,Antineutrophil cytoplasmic autoantibody,Antineutrophil cytoplasmic autoantibody
nejm,all_I=occlusion_S=3,695,image_695.jpg,Eruptive xanthomas,Eruptive xanthomas
nejm,all_I=occlusion_S=3,696,image_696.jpg,Glomus tympanicum,Glomus tympanicum
nejm,all_I=occlusion_S=3,697,image_697.jpg,Gastrointestinal amyloidosis,Gastrointestinal amyloidosis
nejm,all_I=occlusion_S=3,698,image_698.jpg,Aspergillosis,Plombage
nejm,all_I=occlusion_S=3,699,image_699.jpg,Measles,Measles
nejm,all_I=occlusion_S=3,700,image_700.jpg,Bullous impetigo,Linear IgA bullous dermatosis
nejm,all_I=occlusion_S=3,701,image_701.jpg,Bilateral peritonsillar abscesses,Bilateral peritonsillar abscesses
nejm,all_I=occlusion_S=3,702,image_702.jpg,Sarcoidosis,Sarcoidosis
nejm,all_I=occlusion_S=3,703,image_703.jpg,Pneumothorax,Pulmonary embolism
nejm,all_I=occlusion_S=3,704,image_704.jpg,Lingual tuberculosis,Disseminated coccidioidomycosis
nejm,all_I=occlusion_S=3,705,image_705.jpg,Amyloid purpura,Amyloid purpura
nejm,all_I=occlusion_S=3,706,image_706.jpg,Cat scratch disease,Tuberculosis
nejm,all_I=occlusion_S=3,707,image_707.jpg,Lymphangioleiomyomatosis,Lymphangioleiomyomatosis
nejm,all_I=occlusion_S=3,708,image_708.jpg,Ketamine,Cocaine
nejm,all_I=occlusion_S=3,709,image_709.jpg,Glioma,Basilar artery aneurysm
nejm,all_I=occlusion_S=3,710,image_710.jpg,Bismuth poisoning,Lead poisoning
nejm,all_I=occlusion_S=3,711,image_711.jpg,Carpal tunnel syndrome,Radial artery thrombosis
nejm,all_I=occlusion_S=3,712,image_712.jpg,Copper,Gold
nejm,all_I=occlusion_S=3,713,image_713.jpg,Quadriceps tendon ruptures,Quadriceps tendon ruptures
nejm,all_I=occlusion_S=3,714,image_714.jpg,Right staghorn calculus,Right ureterovesical calculus
nejm,all_I=occlusion_S=3,715,image_715.jpg,Congenital toxoplasmosis,Retroperitoneal hemorrhage
nejm,all_I=occlusion_S=3,716,image_716.jpg,Benign essential blepharospasm,Myasthenia gravis
nejm,all_I=occlusion_S=3,717,image_717.jpg,Pyoderma gangrenosum,Pyoderma gangrenosum
nejm,all_I=occlusion_S=3,718,image_718.jpg,Median rhomboid glossitis,Median rhomboid glossitis
nejm,all_I=occlusion_S=3,719,image_719.jpg,Herpetic whitlow,Spider bite
nejm,all_I=occlusion_S=3,720,image_720.jpg,Bowel infarction,Bowel infarction
nejm,all_I=occlusion_S=3,721,image_721.jpg,Narrow angle glaucoma,Narrow angle glaucoma
nejm,all_I=occlusion_S=3,722,image_722.jpg,Pseudomelanosis duodeni,Pseudomelanosis duodeni
nejm,all_I=occlusion_S=3,723,image_723.jpg,Macular degeneration,Ocular myiasis
nejm,all_I=occlusion_S=3,724,image_724.jpg,Hypophosphatasia,Colon cancer
nejm,all_I=occlusion_S=3,725,image_725.jpg,Calcium pyrophosphate dihydrate,Cholesterol
nejm,all_I=occlusion_S=3,726,image_726.jpg,Palmoplantar keratoderma,Tripe palms
nejm,all_I=occlusion_S=3,727,image_727.jpg,Fluoroquinolone antibiotic,Fluoroquinolone antibiotic
nejm,all_I=occlusion_S=3,728,image_728.jpg,Mitral-valve repair,Mitral-valve repair
nejm,all_I=occlusion_S=3,729,image_729.jpg,Sarcoidosis,Non–small-cell lung cancer
nejm,all_I=occlusion_S=3,730,image_730.jpg,Trimethoprim,Minocycline
nejm,all_I=occlusion_S=3,731,image_731.jpg,Hepatoduodenal ligament,Falciform ligament
nejm,all_I=occlusion_S=3,732,image_732.jpg,Skin biopsy,Chest imaging
nejm,all_I=occlusion_S=3,733,image_733.jpg,Basal cell carcinoma,Lentigo maligna
nejm,all_I=occlusion_S=3,734,image_734.jpg,Herpes zoster,Herpes zoster
nejm,all_I=occlusion_S=3,735,image_735.jpg,Horner’s syndrome,Tabes dorsalis
nejm,all_I=occlusion_S=3,736,image_736.jpg,Therapeutic Phlebotomy,Chelation Therapy
nejm,all_I=occlusion_S=3,737,image_737.jpg,Pyloric outlet obstruction,Meckel's diverticulum
nejm,all_I=occlusion_S=3,738,image_738.jpg,Gingival melanoma,Gingival melanoma
nejm,all_I=occlusion_S=3,739,image_739.jpg,Cellulitis,Gout
nejm,all_I=occlusion_S=3,740,image_740.jpg,Mastectomy,Penicillin
nejm,all_I=occlusion_S=3,741,image_741.jpg,Meconium ileus,Hirschsprung’s disease
nejm,all_I=occlusion_S=3,742,image_742.jpg,Ingested foreign body,Diffuse esophageal spasm
nejm,all_I=occlusion_S=3,743,image_743.jpg,Esophageal stricture,Diffuse esophageal spasm
nejm,all_I=occlusion_S=3,744,image_744.jpg,Cirrhosis,Superior vena caval obstruction
nejm,all_I=occlusion_S=3,745,image_745.jpg,Papillary fibroelastoma,Redundant mitral valve
nejm,all_I=occlusion_S=3,746,image_746.jpg,Pneumatosis coli,Bezoar
nejm,all_I=occlusion_S=3,747,image_747.jpg,Syphilitic chancre,Squamous-cell carcinoma
nejm,all_I=occlusion_S=3,748,image_748.jpg,Bowel ischemia,Bowel ischemia
nejm,all_I=occlusion_S=3,749,image_749.jpg,Pericardial hydatid cysts,Pericardial metastases
nejm,all_I=occlusion_S=3,750,image_750.jpg,Papular acrodermatitis,Molluscum contagiosum
nejm,all_I=occlusion_S=3,751,image_751.jpg,Scleromyxedema,Scleromyxedema
nejm,all_I=occlusion_S=3,752,image_752.jpg,Umbilical hernia,Portal hypertension
nejm,all_I=occlusion_S=3,753,image_753.jpg,Proteus syndrome,Neurofibromatosis
nejm,all_I=occlusion_S=3,754,image_754.jpg,Paraesophageal hernia,Paraesophageal hernia
nejm,all_I=occlusion_S=3,755,image_755.jpg,Pyogenic granuloma,Pyogenic granuloma
nejm,all_I=occlusion_S=3,756,image_756.jpg,Meningioma,Plasmacytoma
nejm,all_I=occlusion_S=3,757,image_757.jpg,Pyostomatitis vegetans,Pyostomatitis vegetans
nejm,all_I=occlusion_S=3,758,image_758.jpg,Amebic liver abscess,Echinococcosis
nejm,all_I=occlusion_S=3,759,image_759.jpg,Psoriasis,Malignancy
nejm,all_I=occlusion_S=3,760,image_760.jpg,Blastic plasmacytoid dendritic-cell neoplasm,Blastic plasmacytoid dendritic-cell neoplasm
nejm,all_I=occlusion_S=3,761,image_761.jpg,Renal vein thrombosis,Emphysematous pyelonephritis
nejm,all_I=occlusion_S=3,762,image_762.jpg,Syphilis,Syphilis
nejm,all_I=occlusion_S=3,763,image_763.jpg,Congenital syphilis,Congenital syphilis
nejm,all_I=occlusion_S=3,764,image_764.jpg,Polyostotic fibrous dysplasia,Marrow hyperplasia
nejm,all_I=occlusion_S=3,765,image_765.jpg,Pernicious anemia,Hairy-cell leukemia
nejm,all_I=occlusion_S=3,766,image_766.jpg,Portal vein,Right bronchial tree
nejm,all_I=occlusion_S=3,767,image_767.jpg,Calciphylaxis,Osteonecrosis
nejm,all_I=occlusion_S=3,768,image_768.jpg,Thyrohyoid membrane,Killian’s triangle
nejm,all_I=occlusion_S=3,769,image_769.jpg,Primary Pericardial Mesothelioma,Constrictive Pericarditis
nejm,all_I=occlusion_S=3,770,image_770.jpg,Hydralazine,Amiodarone
nejm,all_I=occlusion_S=3,771,image_771.jpg,Henoch-Schönlein purpura,Henoch-Schönlein purpura
nejm,all_I=occlusion_S=3,772,image_772.jpg,Bladder perforation,Neurogenic megacolon
nejm,all_I=occlusion_S=3,773,image_773.jpg,Magnesium hydroxide,Bismuth Salicylate
nejm,all_I=occlusion_S=3,774,image_774.jpg,Tungiasis,Bot fly
nejm,all_I=occlusion_S=3,775,image_775.jpg,Calcified polyp,Tooth
nejm,all_I=occlusion_S=3,776,image_776.jpg,Madura foot,Chromoblastomycosis
nejm,all_I=occlusion_S=3,777,image_777.jpg,Pancreatitis,Pylephlebitis
nejm,all_I=occlusion_S=3,778,image_778.jpg,Ipratropium bromide,Propofol
nejm,all_I=occlusion_S=3,779,image_779.jpg,Tabes dorsalis,Central pontine myelinolysis
nejm,all_I=occlusion_S=3,780,image_780.jpg,Diverticulitis,Intussusception
nejm,all_I=occlusion_S=3,781,image_781.jpg,Telogen effluvium,Alopecia areata
nejm,all_I=occlusion_S=3,782,image_782.jpg,Furuncle,Merkel-cell carcinoma
nejm,all_I=occlusion_S=3,783,image_783.jpg,Candida albicans infection,Candida albicans infection
nejm,all_I=occlusion_S=3,784,image_784.jpg,Melanoma,Keratoacanthoma
nejm,all_I=occlusion_S=3,785,image_785.jpg,Laryngocele,Laryngocele
nejm,all_I=occlusion_S=3,786,image_786.jpg,Peutz-Jeghers's syndrome,Peutz-Jeghers's syndrome
nejm,all_I=occlusion_S=3,787,image_787.jpg,Pyoderma gangrenosum,Ecthyma gangrenosum
nejm,all_I=occlusion_S=3,788,image_788.jpg,Cutaneous small vessel vasculitis,Intravascular lymphoma
nejm,all_I=occlusion_S=3,789,image_789.jpg,Acanthosis nigricans,Crusted scabies
nejm,all_I=occlusion_S=3,790,image_790.jpg,Eggs hatch in the small intestine,Larvae penetrate the lungs
nejm,all_I=occlusion_S=3,791,image_791.jpg,Bladder cancer metastases,Autoimmune keratitis
nejm,all_I=occlusion_S=3,792,image_792.jpg,Pancreatic pseudocyst,Enteric duplication cyst
nejm,all_I=occlusion_S=3,793,image_793.jpg,Ankyloglossia,Hypoglossal nerve palsy
nejm,all_I=occlusion_S=3,794,image_794.jpg,Chewing tobacco,Melanoma
nejm,all_I=occlusion_S=3,795,image_795.jpg,Voriconazole-induced periostitis,Voriconazole-induced periostitis
nejm,all_I=occlusion_S=3,796,image_796.jpg,Emphysematous cholecystitis,Emphysematous cholecystitis
nejm,all_I=occlusion_S=3,797,image_797.jpg,Bicalutamide,Bicalutamide
nejm,all_I=occlusion_S=3,798,image_798.jpg,Neurofibromatosis type 2,Neurofibromatosis type 2
nejm,all_I=occlusion_S=3,799,image_799.jpg,Psoriasis,Secondary syphilis
nejm,all_I=occlusion_S=3,800,image_800.jpg,Cowden syndrome,Cowden syndrome
nejm,all_I=occlusion_S=3,801,image_801.jpg,Toxicodendron radicans (poison ivy),Shiitake mushrooms
nejm,all_I=occlusion_S=3,802,image_802.jpg,Type 1 diabetes,Graves' disease
nejm,all_I=occlusion_S=3,803,image_803.jpg,Acute mesenteric ischemia,Acute mesenteric ischemia
nejm,all_I=occlusion_S=3,804,image_804.jpg,Arsenic toxicity,Arsenic toxicity
nejm,all_I=occlusion_S=3,805,image_805.jpg,Pneumothorax,Pectus excavatum
nejm,all_I=occlusion_S=3,806,image_806.jpg,Nocardiosis,Nocardiosis
nejm,all_I=occlusion_S=3,807,image_807.jpg,Metastatic melanoma,Laxative use
nejm,all_I=occlusion_S=3,808,image_808.jpg,Sinusitis,Dermatomyositis
nejm,all_I=occlusion_S=3,809,image_809.jpg,Familial trichomegaly,EGFR inhibition
nejm,all_I=occlusion_S=3,810,image_810.jpg,Keratoacanthoma,Keratoacanthoma
nejm,all_I=occlusion_S=3,811,image_811.jpg,Tinea circinata,Tinea circinata
nejm,all_I=occlusion_S=3,812,image_812.jpg,Rheumatic fever,Diphtheria
nejm,all_I=occlusion_S=3,813,image_813.jpg,Oral lichen planus,Pernicious anemia
nejm,all_I=occlusion_S=3,814,image_814.jpg,Hepatocellular carcinoma,Cirrhosis
nejm,all_I=occlusion_S=3,815,image_815.jpg,Facial palsy,Angioedema
nejm,all_I=occlusion_S=3,816,image_816.jpg,Metastatic disease of the nail bed,Chemotherapy
nejm,all_I=occlusion_S=3,817,image_817.jpg,Mesenteric ischemia,Obturator hernia
nejm,all_I=occlusion_S=3,818,image_818.jpg,Takotsubo cardiomyopathy,Takotsubo cardiomyopathy
nejm,all_I=occlusion_S=3,819,image_819.jpg,Intravitreal antimicrobial injections,Intravitreal antimicrobial injections
nejm,all_I=occlusion_S=3,820,image_820.jpg,Left facial palsy,Herpes zoster ophthalmicus
nejm,all_I=occlusion_S=3,821,image_821.jpg,Uremic arteriopathy,Nephrogenic fibrosing dermopathy
nejm,all_I=occlusion_S=3,822,image_822.jpg,Erysipelas,Cutaneous lupus
nejm,all_I=occlusion_S=3,823,image_823.jpg,Acral lentiginous melanoma,Tinea nigra
nejm,all_I=occlusion_S=3,824,image_824.jpg,Osmotic demyelination syndrome,Osmotic demyelination syndrome
nejm,all_I=occlusion_S=3,825,image_825.jpg,Pyogenic liver abscess,Emphysematous hepatitis
nejm,all_I=occlusion_S=3,826,image_826.jpg,Bowenoid papulosis,Bowenoid papulosis
nejm,all_I=occlusion_S=3,827,image_827.jpg,Skin wound culture,IgG and complement deposition at the dermis-epidermis junction
nejm,all_I=occlusion_S=3,828,image_828.jpg,Behçet's disease,Sjögren's syndrome
nejm,all_I=occlusion_S=3,829,image_829.jpg,Anterior uveitis,Herpes simplex virus infection
nejm,all_I=occlusion_S=3,830,image_830.jpg,Bacterial felon,Herpetic whitlow
nejm,all_I=occlusion_S=3,831,image_831.jpg,Anti-ribonucleoprotein antibody,Anticentromere antibody
nejm,all_I=occlusion_S=3,832,image_832.jpg,Calcinosis,Calcinosis
nejm,all_I=occlusion_S=3,833,image_833.jpg,Graves' ophthalmopathy,Retinal detachment
nejm,all_I=occlusion_S=3,834,image_834.jpg,Hemineglect,Binocular visual loss
nejm,all_I=occlusion_S=3,835,image_835.jpg,Trichotillomania,Syphilitic alopecia
nejm,all_I=occlusion_S=3,836,image_836.jpg,Constrictive pericarditis,Constrictive pericarditis
nejm,all_I=occlusion_S=3,837,image_837.jpg,Button magnets in the nasal cavity,Button magnets in the nasal cavity
nejm,all_I=occlusion_S=3,838,image_838.jpg,Testing for herpes simplex virus,Testing for bacterial and viral respiratory pathogens
nejm,all_I=occlusion_S=3,839,image_839.jpg,Paget's disease,Bone marrow hyperplasia
nejm,all_I=occlusion_S=3,840,image_840.jpg,Condyloma acuminatum,Condyloma acuminatum
nejm,all_I=occlusion_S=3,841,image_841.jpg,Emphysematous pyelonephritis,Emphysematous pyelonephritis
nejm,all_I=occlusion_S=3,842,image_842.jpg,Presence of erythema,Delay in surgical intervention >24 hours
nejm,all_I=occlusion_S=3,843,image_843.jpg,Primary hyperaldosteronism,Pheochromocytoma
nejm,all_I=occlusion_S=3,844,image_844.jpg,Molluscum contagiosum,Cryptococcus neoformans
nejm,all_I=occlusion_S=3,845,image_845.jpg,Rupture of the trapezius muscle,Lipodystrophy
nejm,all_I=occlusion_S=3,846,image_846.jpg,Infection is typically localized to the site of inoculation.,Transmission is associated with aerosolized contaminated soil exposure.
nejm,all_I=occlusion_S=3,847,image_847.jpg,Atopic dermatitis,Zinc deficiency
nejm,all_I=occlusion_S=3,848,image_848.jpg,Chronic paronychia,Psoriasis
nejm,all_I=occlusion_S=3,849,image_849.jpg,Paronychia,Cutaneous leishmaniasis
nejm,all_I=occlusion_S=3,850,image_850.jpg,Retinal ischemia,Retinal ischemia
nejm,all_I=occlusion_S=3,851,image_851.jpg,Rat bite fever,Rat bite fever
nejm,all_I=occlusion_S=3,852,image_852.jpg,Peripheral microembolization,Arterial insufficiency
nejm,all_I=occlusion_S=3,853,image_853.jpg,Glaucoma,Ochronosis
nejm,all_I=occlusion_S=3,854,image_854.jpg,Retrograde epistaxis,Adverse reaction to systemic antibiotics
nejm,all_I=occlusion_S=3,855,image_855.jpg,Pyoderma gangrenosus,Necrobiosis lipoidica diabeticorum
nejm,all_I=occlusion_S=3,856,image_856.jpg,Blue nevus,Invasive ductal carcinoma
nejm,all_I=occlusion_S=3,857,image_857.jpg,Reactive perforating collagenosis,Reactive perforating collagenosis
nejm,all_I=occlusion_S=3,858,image_858.jpg,Intraorbital foreign body,Skull fracture
nejm,all_I=occlusion_S=3,859,image_859.jpg,Fordyce granules,Herpes zoster
nejm,all_I=occlusion_S=3,860,image_860.jpg,Lichen planus,Lichen planus
nejm,all_I=occlusion_S=3,861,image_861.jpg,Multiple endocrine neoplasia type 1,Multiple endocrine neoplasia type 1
nejm,all_I=occlusion_S=3,862,image_862.jpg,Scleredema of diabetes,Necrolytic migratory erythema
nejm,all_I=occlusion_S=3,863,image_863.jpg,Catamenial pneumothorax,Thoracic endometriosis
nejm,all_I=occlusion_S=3,864,image_864.jpg,Lipoatrophy,Lipoatrophy
nejm,all_I=occlusion_S=3,865,image_865.jpg,Hemoglobin A1c,Wound culture
nejm,all_I=occlusion_S=3,866,image_866.jpg,Necrotizing anterior scleritis,Necrotizing anterior scleritis
nejm,all_I=occlusion_S=3,867,image_867.jpg,Lymphoma,Lymphoma
nejm,all_I=occlusion_S=3,868,image_868.jpg,Periorbital cellulitis,Carotid cavernous fistula
nejm,all_I=occlusion_S=3,869,image_869.jpg,Henoch-Schönlein purpura,Henoch-Schönlein purpura
nejm,all_I=occlusion_S=3,870,image_870.jpg,Acral lentiginous melanoma,Acral lentiginous melanoma
nejm,all_I=occlusion_S=3,871,image_871.jpg,Dexamethasone,Doxorubicin
nejm,all_I=occlusion_S=3,872,image_872.jpg,Generalized granuloma annulare,Generalized granuloma annulare
nejm,all_I=occlusion_S=3,873,image_873.jpg,Arrhythmogenic right ventricular cardiomyopathy,Arrhythmogenic right ventricular cardiomyopathy
nejm,all_I=occlusion_S=3,874,image_874.jpg,Tuberculosis,Tuberculosis
nejm,all_I=occlusion_S=3,875,image_875.jpg,Amoxicillin rash in infectious mononucleosis,Amoxicillin rash in infectious mononucleosis
nejm,all_I=occlusion_S=3,876,image_876.jpg,Baker's cyst,Baker's cyst
nejm,all_I=occlusion_S=3,877,image_877.jpg,Cavernous angioma,Arachnoid cyst
nejm,all_I=occlusion_S=3,878,image_878.jpg,Naegleria fowleri,Naegleria fowleri
nejm,all_I=occlusion_S=3,879,image_879.jpg,Strongyloides stercoralis,Strongyloides stercoralis
nejm,all_I=occlusion_S=3,880,image_880.jpg,Congenital diaphragmatic hernia,Duodenal atresia
nejm,all_I=occlusion_S=3,881,image_881.jpg,Suppurative otitis media,Tympanic hyperectasis
nejm,all_I=occlusion_S=3,882,image_882.jpg,Drug-induced hypersensitivity syndrome,Disseminated varicella infection
nejm,all_I=occlusion_S=3,883,image_883.jpg,Ehlers-Danlos syndrome,Ehlers-Danlos syndrome
nejm,all_I=occlusion_S=3,884,image_884.jpg,Bedbug bites,Bedbug bites
nejm,all_I=occlusion_S=3,885,image_885.jpg,Aspergillosis,Actinomycosis
nejm,all_I=occlusion_S=3,886,image_886.jpg,Tension hydrothorax,Cardiac tamponade
nejm,all_I=occlusion_S=3,887,image_887.jpg,Ectopia lentis,Ectopia lentis
nejm,all_I=occlusion_S=3,888,image_888.jpg,Polysomnography,Polysomnography
nejm,all_I=occlusion_S=3,889,image_889.jpg,Calcium pyrophosphate dihydrate,Monosodium urate
nejm,all_I=occlusion_S=3,890,image_890.jpg,Heparin-induced thrombocytopenia,Cholesterol embolization
nejm,all_I=occlusion_S=3,891,image_891.jpg,Left Atrial Appendage Thrombus,Giant Coronary Aneurysm
nejm,all_I=occlusion_S=3,892,image_892.jpg,Rheumatoid factor,Creatine kinase
nejm,all_I=occlusion_S=3,893,image_893.jpg,Kaposi’s sarcoma,Kaposi’s sarcoma
nejm,all_I=occlusion_S=3,894,image_894.jpg,Alendronate,Zidovudine
nejm,all_I=occlusion_S=3,895,image_895.jpg,Hemophilia A,Hemophilia A
nejm,all_I=occlusion_S=3,896,image_896.jpg,Babesia microti,Capnocytophaga canimorsus
nejm,all_I=occlusion_S=3,897,image_897.jpg,Idiopathic pulmonary fibrosis,Idiopathic pulmonary fibrosis
nejm,all_I=occlusion_S=3,898,image_898.jpg,Cardiac tamponade,Superior vena cava syndrome
nejm,all_I=occlusion_S=3,899,image_899.jpg,Medial epicondylitis,Gout nodulosis
nejm,all_I=occlusion_S=3,900,image_900.jpg,Orbital metastasis,Orbital metastasis
nejm,all_I=occlusion_S=3,901,image_901.jpg,Oral candidiasis,Herpetic glossitis
nejm,all_I=occlusion_S=3,902,image_902.jpg,Otomycosis,Fracture of the temporal bone
nejm,all_I=occlusion_S=3,903,image_903.jpg,Flare of systemic lupus erythematosus,Extrapulmonary manifestation of tuberculosis
nejm,all_I=occlusion_S=3,904,image_904.jpg,Hypertensive retinopathy,Papilledema
nejm,all_I=occlusion_S=3,905,image_905.jpg,Intraocular parasite infection,Intraocular parasite infection
nejm,all_I=occlusion_S=3,906,image_906.jpg,Rifampin,Voriconazole
nejm,all_I=occlusion_S=3,907,image_907.jpg,Porphyria cutanea tarda,Porphyria cutanea tarda
nejm,all_I=occlusion_S=3,908,image_908.jpg,Plasmodium vivax,Plasmodium vivax
nejm,all_I=occlusion_S=3,909,image_909.jpg,Left anterior descending artery,Left anterior descending artery
nejm,all_I=occlusion_S=3,910,image_910.jpg,Acute myelogenous leukemia,Lead poisoning
nejm,all_I=occlusion_S=3,911,image_911.jpg,Symblepharon,Symblepharon
nejm,all_I=occlusion_S=3,912,image_912.jpg,Hemochromatosis,Pelvic spleen
nejm,all_I=occlusion_S=3,913,image_913.jpg,Phenytoin use,COPD
nejm,all_I=occlusion_S=3,914,image_914.jpg,Creutzfeldt-Jakob disease,Granulomatous amebic encephalitis
nejm,all_I=occlusion_S=3,915,image_915.jpg,Condylomata lata,Tuberous sclerosis
nejm,all_I=occlusion_S=3,916,image_916.jpg,Familial multiple lipomatosis,Familial multiple lipomatosis
nejm,all_I=occlusion_S=3,917,image_917.jpg,Hypertrophic cardiomyopathy,Uremic pericarditis
nejm,all_I=occlusion_S=3,918,image_918.jpg,Erythema infectiosum,Cold agglutinin disease
nejm,all_I=occlusion_S=3,919,image_919.jpg,Scleroderma,Calciphylaxis
nejm,all_I=occlusion_S=3,920,image_920.jpg,Pigmentary mosaicism,Pigmentary mosaicism
nejm,all_I=occlusion_S=3,921,image_921.jpg,Mucocutaneous Epstein–Barr virus,Mycoplasma pneumoniae-associated mucositis
nejm,all_I=occlusion_S=3,922,image_922.jpg,Syphilis,Malignant melanoma
nejm,all_I=occlusion_S=3,923,image_923.jpg,Eagle’s syndrome,Cervical spondyloarthropathy
nejm,all_I=occlusion_S=3,924,image_924.jpg,Allergic bronchopulmonary aspergillosis,Chronic eosinophilic pneumonia
nejm,all_I=occlusion_S=3,925,image_925.jpg,Onychomycosis,Yellow-nail syndrome
nejm,all_I=occlusion_S=3,926,image_926.jpg,Streptococcal cellulitis with lymphangitis,Streptococcal cellulitis with lymphangitis
nejm,all_I=occlusion_S=3,927,image_927.jpg,Cauliflower ear,Lepromatous Leprosy
nejm,all_I=occlusion_S=3,928,image_928.jpg,Hashimoto thyroiditis,Ectopic thyroid
nejm,all_I=occlusion_S=3,929,image_929.jpg,Immune thrombocytopenia purpura (ITP),Leukemia cutis
nejm,all_I=occlusion_S=3,930,image_930.jpg,Nasal foreign body,Pituitary tumor
nejm,all_I=occlusion_S=3,931,image_931.jpg,Bullous pemphigoid,Coronary angiography
nejm,all_I=occlusion_S=3,932,image_932.jpg,Pityriasis rosea,Secondary syphilis
nejm,all_I=occlusion_S=3,933,image_933.jpg,Pneumopericardium,Pneumopericardium
nejm,all_I=occlusion_S=3,934,image_934.jpg,Stroke,Stroke
nejm,all_I=occlusion_S=3,935,image_935.jpg,Porphyria cutanea tarda,Porphyria cutanea tarda
nejm,all_I=occlusion_S=3,936,image_936.jpg,Pigmented villonodular synovitis,Synovial chondromatosis
nejm,all_I=occlusion_S=3,937,image_937.jpg,Psoriasis,Endocarditis
nejm,all_I=occlusion_S=3,938,image_938.jpg,Psoriasis,Bacterial dermatitis
nejm,all_I=occlusion_S=3,939,image_939.jpg,Androgenic alopecia,Hypothyroidism
nejm,all_I=occlusion_S=3,940,image_940.jpg,Vitamin B12 deficiency,Diabetes mellitus
nejm,all_I=occlusion_S=3,941,image_941.jpg,Acute esophageal necrosis,Acute esophageal necrosis
nejm,all_I=occlusion_S=3,942,image_942.jpg,Chelation therapy,Chelation therapy
nejm,all_I=occlusion_S=3,943,image_943.jpg,Diaphragmatic rupture,Diaphragmatic rupture
nejm,all_I=occlusion_S=3,944,image_944.jpg,Placenta increta,Placenta increta
nejm,all_I=occlusion_S=3,945,image_945.jpg,Erythema ab igne,Erythema ab igne
nejm,all_I=occlusion_S=3,946,image_946.jpg,Raynaud phenomenon,Erythromelalgia
nejm,all_I=occlusion_S=3,947,image_947.jpg,Pearly penile papules,Pearly penile papules
nejm,all_I=pixelate_S=3,1,image_1.jpg,"Hand, foot, and mouth disease","Hand, foot, and mouth disease"
nejm,all_I=pixelate_S=3,2,image_2.jpg,Lyme disease,Tularemia
nejm,all_I=pixelate_S=3,3,image_3.jpg,Porphyria,Dermatomyositis
nejm,all_I=pixelate_S=3,4,image_4.jpg,Retropharyngeal abscess,Epiglottitis
nejm,all_I=pixelate_S=3,5,image_5.jpg,Food allergy,Frey’s syndrome
nejm,all_I=pixelate_S=3,6,image_6.jpg,Hemiplegia,Hemiplegia
nejm,all_I=pixelate_S=3,7,image_7.jpg,Pericardial effusion,Paraesophageal hernia
nejm,all_I=pixelate_S=3,8,image_8.jpg,Pneumatosis intestinalis,Pneumatosis intestinalis
nejm,all_I=pixelate_S=3,9,image_9.jpg,Separation of the iris,Separation of the iris
nejm,all_I=pixelate_S=3,10,image_10.jpg,Polycystic liver disease,Polycystic liver disease
nejm,all_I=pixelate_S=3,11,image_11.jpg,Lepromatous leprosy,Lepromatous leprosy
nejm,all_I=pixelate_S=3,12,image_12.jpg,Pulmonary embolism,Chondroblastic osteosarcoma
nejm,all_I=pixelate_S=3,13,image_13.jpg,Pseudoclubbing,Pseudoclubbing
nejm,all_I=pixelate_S=3,14,image_14.jpg,Primary hyperoxaluria,Primary hyperoxaluria
nejm,all_I=pixelate_S=3,15,image_15.jpg,Ogilvie’s Syndrome (acute colonic pseudo-obstruction),Cecal volvulus
nejm,all_I=pixelate_S=3,16,image_16.jpg,Varicella,Varicella
nejm,all_I=pixelate_S=3,17,image_17.jpg,Middle cerebral artery stroke,Metronidazole-associated encephalopathy
nejm,all_I=pixelate_S=3,18,image_18.jpg,Knife-cut ulcers from Crohn’s disease,Knife-cut ulcers from Crohn’s disease
nejm,all_I=pixelate_S=3,19,image_19.jpg,Right sixth cranial nerve palsy,Right sixth cranial nerve palsy
nejm,all_I=pixelate_S=3,20,image_20.jpg,Punctate palmoplantar keratoderma,Punctate palmoplantar keratoderma
nejm,all_I=pixelate_S=3,21,image_21.jpg,Corectopia,Coloboma
nejm,all_I=pixelate_S=3,22,image_22.jpg,Chemotherapy,Chemotherapy
nejm,all_I=pixelate_S=3,23,image_23.jpg,Multiple biliary hamartomas,Multiple biliary hamartomas
nejm,all_I=pixelate_S=3,24,image_24.jpg,Leukemia cutis,Graft-versus-host disease
nejm,all_I=pixelate_S=3,25,image_25.jpg,Blastomycosis,Celiac disease
nejm,all_I=pixelate_S=3,26,image_26.jpg,Pyogenic granuloma,Amelanotic melanoma
nejm,all_I=pixelate_S=3,27,image_27.jpg,Hemolytic-uremic syndrome,Thrombotic thrombocytopenic purpura
nejm,all_I=pixelate_S=3,28,image_28.jpg,Intracranial hemorrhage,Meningioma
nejm,all_I=pixelate_S=3,29,image_29.jpg,Inguinal hernia,Metastatic inguinal lymphadenopathy
nejm,all_I=pixelate_S=3,30,image_30.jpg,Minocycline-induced pigmentation,Minocycline-induced pigmentation
nejm,all_I=pixelate_S=3,31,image_31.jpg,Scabies,Scabies
nejm,all_I=pixelate_S=3,32,image_32.jpg,Fibrous dysplasia,Osteopetrosis
nejm,all_I=pixelate_S=3,33,image_33.jpg,Lipoid pneumonia,Desquamative interstitial pneumonia
nejm,all_I=pixelate_S=3,34,image_34.jpg,Calciphylaxis,Waldenstrom's macroglobulinemia
nejm,all_I=pixelate_S=3,35,image_35.jpg,Cutaneous leishmaniasis,Esophagogastric bypass
nejm,all_I=pixelate_S=3,36,image_36.jpg,Scabies,Larva currens from Strongyloides
nejm,all_I=pixelate_S=3,37,image_37.jpg,Emphysematous pyelonephritis,Duodenal perforation
nejm,all_I=pixelate_S=3,38,image_38.jpg,Eclampsia,Adrenal mass
nejm,all_I=pixelate_S=3,39,image_39.jpg,Peutz-Jeghers syndrome,Hereditary hemorrhagic telangiectasia
nejm,all_I=pixelate_S=3,40,image_40.jpg,Amiodarone-induced vortex keratopathy,Amiodarone-induced vortex keratopathy
nejm,all_I=pixelate_S=3,41,image_41.jpg,Metastatic adenocarcinoma,Metastatic adenocarcinoma
nejm,all_I=pixelate_S=3,42,image_42.jpg,Iron deficiency anemia,Babesiosis
nejm,all_I=pixelate_S=3,43,image_43.jpg,Eyelid wart,Vernal keratoconjunctivitis
nejm,all_I=pixelate_S=3,44,image_44.jpg,Herpetic whitlow,Psoriasis
nejm,all_I=pixelate_S=3,45,image_45.jpg,Age-related macular degeneration,Hydroxychloroquine toxicity
nejm,all_I=pixelate_S=3,46,image_46.jpg,Torus palatinus,Torus palatinus
nejm,all_I=pixelate_S=3,47,image_47.jpg,Temozolomide,Dexamethasone
nejm,all_I=pixelate_S=3,48,image_48.jpg,Crohn’s disease,Acute pancreatitis
nejm,all_I=pixelate_S=3,49,image_49.jpg,Follicular thyroid carcinoma,Bleeding into a thyroid nodule
nejm,all_I=pixelate_S=3,50,image_50.jpg,Pyogenic granuloma,Pyogenic granuloma
nejm,all_I=pixelate_S=3,51,image_51.jpg,Repetitive strain,Assault
nejm,all_I=pixelate_S=3,52,image_52.jpg,Erythema multiforme,Tuberculoid leprosy
nejm,all_I=pixelate_S=3,53,image_53.jpg,Thymoma,Vein-graft aneurysms
nejm,all_I=pixelate_S=3,54,image_54.jpg,Mutton-fat keratic precipitates,Iris atrophy
nejm,all_I=pixelate_S=3,55,image_55.jpg,Sarcoidosis,Iron deficiency
nejm,all_I=pixelate_S=3,56,image_56.jpg,Staphylococcal scalded skin syndrome,Leprosy
nejm,all_I=pixelate_S=3,57,image_57.jpg,Psoriasis,Hypercholesterolemia
nejm,all_I=pixelate_S=3,58,image_58.jpg,Systemic infection,Chronic kidney disease
nejm,all_I=pixelate_S=3,59,image_59.jpg,Achalasia,Achalasia
nejm,all_I=pixelate_S=3,60,image_60.jpg,Ocular toxoplasmosis,Malignant hypertension
nejm,all_I=pixelate_S=3,61,image_61.jpg,Kaposi's sarcoma,Cryptococcosis
nejm,all_I=pixelate_S=3,62,image_62.jpg,Lisch nodules,Lisch nodules
nejm,all_I=pixelate_S=3,63,image_63.jpg,Acromegaly,Acromegaly
nejm,all_I=pixelate_S=3,64,image_64.jpg,Highest intercostal vein,Left-sided superior vena cava
nejm,all_I=pixelate_S=3,65,image_65.jpg,Escherichia coli,Blastomyces dermatitidis
nejm,all_I=pixelate_S=3,66,image_66.jpg,Relapsing polychondritis,Relapsing polychondritis
nejm,all_I=pixelate_S=3,67,image_67.jpg,Scrofula,Scrofula
nejm,all_I=pixelate_S=3,68,image_68.jpg,Traumatic spondylolisthesis of the axis (hangman’s fracture),Traumatic spondylolisthesis of the axis (hangman’s fracture)
nejm,all_I=pixelate_S=3,69,image_69.jpg,Handling feline waste,Gardening
nejm,all_I=pixelate_S=3,70,image_70.jpg,Hematoma,Melanoma
nejm,all_I=pixelate_S=3,71,image_71.jpg,Sporotrichosis,Actinomycosis
nejm,all_I=pixelate_S=3,72,image_72.jpg,Itraconazole,Itraconazole
nejm,all_I=pixelate_S=3,73,image_73.jpg,Subdural hematoma,Chiari I malformation
nejm,all_I=pixelate_S=3,74,image_74.jpg,Primary adrenal insufficiency (Addison’s disease),Primary adrenal insufficiency (Addison’s disease)
nejm,all_I=pixelate_S=3,75,image_75.jpg,Superficial pyoderma,Herpes zoster
nejm,all_I=pixelate_S=3,76,image_76.jpg,Conjunctival hemorrhage,Melanoma
nejm,all_I=pixelate_S=3,77,image_77.jpg,Malignant optic nerve prolapse,Fungal endophthalmitis
nejm,all_I=pixelate_S=3,78,image_78.jpg,Erythema migrans,Urticaria
nejm,all_I=pixelate_S=3,79,image_79.jpg,Gastrospenic fistulization,Gastrospenic fistulization
nejm,all_I=pixelate_S=3,80,image_80.jpg,Dentinogenesis imperfecta,Neonatal hyperbilirubinemia
nejm,all_I=pixelate_S=3,81,image_81.jpg,Drug eruption,Lichen planus
nejm,all_I=pixelate_S=3,82,image_82.jpg,Inguinal hernia,Inguinal hernia
nejm,all_I=pixelate_S=3,83,image_83.jpg,Abscess,Insulin-induced lipohypertrophy
nejm,all_I=pixelate_S=3,84,image_84.jpg,Scheduled nebulized bronchodilators,Cessation of nitrofurantoin
nejm,all_I=pixelate_S=3,85,image_85.jpg,Drug-induced pemphigus,Fixed drug eruption
nejm,all_I=pixelate_S=3,86,image_86.jpg,Cardiac tamponade,Giant right atrium
nejm,all_I=pixelate_S=3,87,image_87.jpg,Rhinophyma,Lupus pernio
nejm,all_I=pixelate_S=3,88,image_88.jpg,Von Hippel-Lindau disease,Von Hippel-Lindau disease
nejm,all_I=pixelate_S=3,89,image_89.jpg,Tungiasis,Myiasis
nejm,all_I=pixelate_S=3,90,image_90.jpg,Left testicular torsion,Left testicular torsion
nejm,all_I=pixelate_S=3,91,image_91.jpg,Pulmonary hypertension,Pulmonary hypertension
nejm,all_I=pixelate_S=3,92,image_92.jpg,Gingival hyperplasia secondary to chemotherapy,Metastasis of colorectal cancer
nejm,all_I=pixelate_S=3,93,image_93.jpg,Pasteurella multocida,Mycobacterium marinum
nejm,all_I=pixelate_S=3,94,image_94.jpg,Mucocele,Syphilitic gumma
nejm,all_I=pixelate_S=3,95,image_95.jpg,Multiple myeloma,Gaucher's disease
nejm,all_I=pixelate_S=3,96,image_96.jpg,Cholesterol crystal embolization,Cholesterol crystal embolization
nejm,all_I=pixelate_S=3,97,image_97.jpg,Molluscum contagiosum,Pearly penile papules
nejm,all_I=pixelate_S=3,98,image_98.jpg,Takayasu arteritis,Polyarteritis nodosa
nejm,all_I=pixelate_S=3,99,image_99.jpg,End-stage renal disease,End-stage renal disease
nejm,all_I=pixelate_S=3,100,image_100.jpg,Abscess,Abscess
nejm,all_I=pixelate_S=3,101,image_101.jpg,Eczema herpeticum,Eczema herpeticum
nejm,all_I=pixelate_S=3,102,image_102.jpg,Warm autoimmune hemolytic anemia,Cold agglutinin syndrome
nejm,all_I=pixelate_S=3,103,image_103.jpg,Epidermoid cysts,Scrotal calcinosis
nejm,all_I=pixelate_S=3,104,image_104.jpg,Takayasu’s arteritis,Takayasu’s arteritis
nejm,all_I=pixelate_S=3,105,image_105.jpg,Ectopic gallbladder,Gallbladder volvulus
nejm,all_I=pixelate_S=3,106,image_106.jpg,Vesicolithiasis,Bladder diverticula
nejm,all_I=pixelate_S=3,107,image_107.jpg,Gastrogastric intussusception,Gastrogastric intussusception
nejm,all_I=pixelate_S=3,108,image_108.jpg,Diverticulosis,Pneumatosis cystoides coli
nejm,all_I=pixelate_S=3,109,image_109.jpg,Prompt coronary revascularization,Pericardiocentesis
nejm,all_I=pixelate_S=3,110,image_110.jpg,Poststreptococcal pustulosis,Poststreptococcal pustulosis
nejm,all_I=pixelate_S=3,111,image_111.jpg,Gout,Osteoarthritis
nejm,all_I=pixelate_S=3,112,image_112.jpg,Antrochoanal polyp,Antrochoanal polyp
nejm,all_I=pixelate_S=3,113,image_113.jpg,Trypanosomiasis,Trypanosomiasis
nejm,all_I=pixelate_S=3,114,image_114.jpg,Ascending cholangitis,Emphysematous cholecystitis
nejm,all_I=pixelate_S=3,115,image_115.jpg,Peutz-Jeghers syndrome,Peutz-Jeghers syndrome
nejm,all_I=pixelate_S=3,116,image_116.jpg,Chronic granulomatous disease,Chronic granulomatous disease
nejm,all_I=pixelate_S=3,117,image_117.jpg,Myelodysplastic syndrome,Decompensated cirrhosis
nejm,all_I=pixelate_S=3,118,image_118.jpg,Liposuction,Gastric bypass
nejm,all_I=pixelate_S=3,119,image_119.jpg,Drug eruption,Sweet’s syndrome
nejm,all_I=pixelate_S=3,120,image_120.jpg,Type II hypersensitivity reaction,Type III hypersensitivity reaction
nejm,all_I=pixelate_S=3,121,image_121.jpg,Thiazolidinedione,Alpha-glucosidase inhibitor
nejm,all_I=pixelate_S=3,122,image_122.jpg,Glioblastoma multiforme,Thrombosed intracranial aneurysm
nejm,all_I=pixelate_S=3,123,image_123.jpg,Multiple sclerosis,Multiple sclerosis
nejm,all_I=pixelate_S=3,124,image_124.jpg,Penicillin allergy,Ludwig's angina
nejm,all_I=pixelate_S=3,125,image_125.jpg,Tinea corporis,Syphilis
nejm,all_I=pixelate_S=3,126,image_126.jpg,Retinal vein thrombosis,Malignant hypertension
nejm,all_I=pixelate_S=3,127,image_127.jpg,Praziquantel,Praziquantel
nejm,all_I=pixelate_S=3,128,image_128.jpg,Pruritic urticarial papules and plaques of pregnancy (PUPPP),Pemphigoid gestationis
nejm,all_I=pixelate_S=3,129,image_129.jpg,Basal-cell carcinoma,Squamous-cell carcinoma
nejm,all_I=pixelate_S=3,130,image_130.jpg,Pancreatic phlegmon,Small-bowel volvulus
nejm,all_I=pixelate_S=3,131,image_131.jpg,Toxic shock syndrome,Toxic shock syndrome
nejm,all_I=pixelate_S=3,132,image_132.jpg,Epiglottitis,Epiglottitis
nejm,all_I=pixelate_S=3,133,image_133.jpg,Psoriasis,Chemotherapy treatment
nejm,all_I=pixelate_S=3,134,image_134.jpg,Air embolism,Air embolism
nejm,all_I=pixelate_S=3,135,image_135.jpg,Vitamin A deficiency,Vitamin A deficiency
nejm,all_I=pixelate_S=3,136,image_136.jpg,Orf,Anthrax
nejm,all_I=pixelate_S=3,137,image_137.jpg,Pulmonary sarcoidosis,Eosinophilic bronchitis
nejm,all_I=pixelate_S=3,138,image_138.jpg,JAK2,JAK2
nejm,all_I=pixelate_S=3,139,image_139.jpg,Osteosarcoma,Scleroderma
nejm,all_I=pixelate_S=3,140,image_140.jpg,Emphysematous prostatitis,Emphysematous prostatitis
nejm,all_I=pixelate_S=3,141,image_141.jpg,Organophosphates,Nitrous oxide
nejm,all_I=pixelate_S=3,142,image_142.jpg,Closed-angle glaucoma,Malignant hypertension
nejm,all_I=pixelate_S=3,143,image_143.jpg,Listeriosis,Actinomycosis
nejm,all_I=pixelate_S=3,144,image_144.jpg,Small-bowel obstruction,Sigmoid volvulus
nejm,all_I=pixelate_S=3,145,image_145.jpg,Gastric pneumatosis,Gastric pneumatosis
nejm,all_I=pixelate_S=3,146,image_146.jpg,Conjunctival squamous-cell carcinoma,Conjunctival squamous-cell carcinoma
nejm,all_I=pixelate_S=3,147,image_147.jpg,Pruritic plaques of pregnancy,Herpes gestationis
nejm,all_I=pixelate_S=3,148,image_148.jpg,Aquagenic keratoderma,Aquagenic keratoderma
nejm,all_I=pixelate_S=3,149,image_149.jpg,Scrotal calcinosis,Scrotal calcinosis
nejm,all_I=pixelate_S=3,150,image_150.jpg,Vocal-cord granuloma,Carcinoma
nejm,all_I=pixelate_S=3,151,image_151.jpg,Diabetic retinopathy,Lipemia retinalis
nejm,all_I=pixelate_S=3,152,image_152.jpg,Lead poisoning,Lead poisoning
nejm,all_I=pixelate_S=3,153,image_153.jpg,Tetracyclines,Tetracyclines
nejm,all_I=pixelate_S=3,154,image_154.jpg,Meig's syndrome,Thoracic endometriosis
nejm,all_I=pixelate_S=3,155,image_155.jpg,Struvite,Calcium phosphate
nejm,all_I=pixelate_S=3,156,image_156.jpg,Keratoglobus,Keratoconus
nejm,all_I=pixelate_S=3,157,image_157.jpg,Gout,Gout
nejm,all_I=pixelate_S=3,158,image_158.jpg,Right hypoglossal nerve,Left hypoglossal nerve
nejm,all_I=pixelate_S=3,159,image_159.jpg,Erythrasma,Tinea imbricata
nejm,all_I=pixelate_S=3,160,image_160.jpg,Mosquito,Mosquito
nejm,all_I=pixelate_S=3,161,image_161.jpg,Self-flagellation,Treatment with bleomycin
nejm,all_I=pixelate_S=3,162,image_162.jpg,Langerhans-cell histiocytosis,Langerhans-cell histiocytosis
nejm,all_I=pixelate_S=3,163,image_163.jpg,Central retinal vein occlusion,Cholesterol embolism
nejm,all_I=pixelate_S=3,164,image_164.jpg,Paronychia,Squamous-cell carcinoma
nejm,all_I=pixelate_S=3,165,image_165.jpg,Renal cryptococcosis,Renal cryptococcosis
nejm,all_I=pixelate_S=3,166,image_166.jpg,Leptospirosis,Tungiasis
nejm,all_I=pixelate_S=3,167,image_167.jpg,Gout,Coronary artery disease
nejm,all_I=pixelate_S=3,168,image_168.jpg,Liver abscess,Liver abscess
nejm,all_I=pixelate_S=3,169,image_169.jpg,Hydrocolpos,Hydrocolpos
nejm,all_I=pixelate_S=3,170,image_170.jpg,Hemiparesis,Hemiparesis
nejm,all_I=pixelate_S=3,171,image_171.jpg,Verrucae,Keratoderma
nejm,all_I=pixelate_S=3,172,image_172.jpg,Acute promyelocytic leukemia,Parvovirus B19 infection
nejm,all_I=pixelate_S=3,173,image_173.jpg,Polyarteritis nodosa,Polyarteritis nodosa
nejm,all_I=pixelate_S=3,174,image_174.jpg,Duodenal atresia,Pyloric stenosis
nejm,all_I=pixelate_S=3,175,image_175.jpg,HIV IgM antibody,HIV nucleic acid test
nejm,all_I=pixelate_S=3,176,image_176.jpg,Urate,Oxalate
nejm,all_I=pixelate_S=3,177,image_177.jpg,Guttate psoriasis,Pemphigus vulgaris
nejm,all_I=pixelate_S=3,178,image_178.jpg,Plasmodium falciparum,Trypanosoma brucei
nejm,all_I=pixelate_S=3,179,image_179.jpg,Drug-Eluting Bead Embolism,Drug-Eluting Bead Embolism
nejm,all_I=pixelate_S=3,180,image_180.jpg,Toxocara canis,Dirofilaria repens
nejm,all_I=pixelate_S=3,181,image_181.jpg,Oral lichen planus,Giant-cell arteritis
nejm,all_I=pixelate_S=3,182,image_182.jpg,Atlanto-axial subluxation,Atlanto-occipital dislocation
nejm,all_I=pixelate_S=3,183,image_183.jpg,Chickenpox,Chickenpox
nejm,all_I=pixelate_S=3,184,image_184.jpg,Aspiration pneumonia,Bronchoesophageal fistula
nejm,all_I=pixelate_S=3,185,image_185.jpg,Williams syndrome,Turner syndrome
nejm,all_I=pixelate_S=3,186,image_186.jpg,Paget's disease,Paget's disease
nejm,all_I=pixelate_S=3,187,image_187.jpg,Traumatic fibroma,Squamous-cell carcinoma
nejm,all_I=pixelate_S=3,188,image_188.jpg,Fibrolipomatous hamartoma of ulnar nerve,Mycobacterial tenosynovitis due to Mycobacterium avium complex
nejm,all_I=pixelate_S=3,189,image_189.jpg,Osteitis fibrosa,Calcinos
nejm,all_I=pixelate_S=3,190,image_190.jpg,Mucocele,Lipoma
nejm,all_I=pixelate_S=3,191,image_191.jpg,Familial hypercholesterolemia,Kawasaki's disease
nejm,all_I=pixelate_S=3,192,image_192.jpg,Pulmonary silicosis,Multiple bacterial abscesses
nejm,all_I=pixelate_S=3,193,image_193.jpg,Hidradenitis suppurativa,Hidradenitis suppurativa
nejm,all_I=pixelate_S=3,194,image_194.jpg,Thyrotropin receptor antibodies,Thyrotropin receptor antibodies
nejm,all_I=pixelate_S=3,195,image_195.jpg,Retained suture,Loa loa
nejm,all_I=pixelate_S=3,196,image_196.jpg,Pneumopericardium,Pneumopericardium
nejm,all_I=pixelate_S=3,197,image_197.jpg,Erythema marginatum,Erythema marginatum
nejm,all_I=pixelate_S=3,198,image_198.jpg,Serpentine supravenous hyperpigmentation,Serpentine supravenous hyperpigmentation
nejm,all_I=pixelate_S=3,199,image_199.jpg,Psoriasis,Tinea
nejm,all_I=pixelate_S=3,200,image_200.jpg,Light-near dissociation,Light-near dissociation
nejm,all_I=pixelate_S=3,201,image_201.jpg,Rib metastases,Supernumerary rib
nejm,all_I=pixelate_S=3,202,image_202.jpg,Polychondritis,Polychondritis
nejm,all_I=pixelate_S=3,203,image_203.jpg,Hemophagocytosis of sickle cells,Hemophagocytosis of sickle cells
nejm,all_I=pixelate_S=3,204,image_204.jpg,Addison's disease,Hypogonadism
nejm,all_I=pixelate_S=3,205,image_205.jpg,Pericardial effusion,Esophageal diverticulum
nejm,all_I=pixelate_S=3,206,image_206.jpg,Hidradinitis suppurativa,Pseudoxanthoma elasticum
nejm,all_I=pixelate_S=3,207,image_207.jpg,Amyloid angiopathy,Hereditary hemorrhagic telangiectasia
nejm,all_I=pixelate_S=3,208,image_208.jpg,Aortic and tricuspid valves,Aortic and mitral valves
nejm,all_I=pixelate_S=3,209,image_209.jpg,Median nerve palsy,Albright's hereditary osteodystrophy
nejm,all_I=pixelate_S=3,210,image_210.jpg,Infection with Vibrio vulnificus,Polyarteritis nodosa
nejm,all_I=pixelate_S=3,211,image_211.jpg,Osteogenesis imperfecta,Osteogenesis imperfecta
nejm,all_I=pixelate_S=3,212,image_212.jpg,Normal-pressure hydrocephalus,Normal-pressure hydrocephalus
nejm,all_I=pixelate_S=3,213,image_213.jpg,Elevated opening pressure,Elevated opening pressure
nejm,all_I=pixelate_S=3,214,image_214.jpg,Addison's disease,Insulin resistance
nejm,all_I=pixelate_S=3,215,image_215.jpg,Lymphangitis,Electrocution
nejm,all_I=pixelate_S=3,216,image_216.jpg,Myxoid sarcoma,Cysticercosis
nejm,all_I=pixelate_S=3,217,image_217.jpg,Acute hemorrhagic conjunctivitis,Leptospirosis
nejm,all_I=pixelate_S=3,218,image_218.jpg,Necrobiosis lipoidica diabeticorum,Ischemic gangrene
nejm,all_I=pixelate_S=3,219,image_219.jpg,Inflammatory breast cancer,Carcinoma en cuirasse
nejm,all_I=pixelate_S=3,220,image_220.jpg,Impetigo,Scabies
nejm,all_I=pixelate_S=3,221,image_221.jpg,Ground-glass opacity,Air bronchogram
nejm,all_I=pixelate_S=3,222,image_222.jpg,Echinococcal cysts,Echinococcal cysts
nejm,all_I=pixelate_S=3,223,image_223.jpg,Chondrocalcinosis,Chondrocalcinosis
nejm,all_I=pixelate_S=3,224,image_224.jpg,Myocarditis,Stenosis of the left anterior descending artery
nejm,all_I=pixelate_S=3,225,image_225.jpg,Frostbite,Papillomatosis cutis lymphostatica
nejm,all_I=pixelate_S=3,226,image_226.jpg,Ovarian torsion,Fallopian tube torsion
nejm,all_I=pixelate_S=3,227,image_227.jpg,Rhinophyma,Rhinophyma
nejm,all_I=pixelate_S=3,228,image_228.jpg,Dermoid,Dermoid
nejm,all_I=pixelate_S=3,229,image_229.jpg,Erythrodermic psoriasis,Erythrodermic psoriasis
nejm,all_I=pixelate_S=3,230,image_230.jpg,Graves' disease,Prolapse of orbital fat
nejm,all_I=pixelate_S=3,231,image_231.jpg,Poland syndrome,Poland syndrome
nejm,all_I=pixelate_S=3,232,image_232.jpg,Lingua villosa nigra,Lingua villosa nigra
nejm,all_I=pixelate_S=3,233,image_233.jpg,Interventricular septum,Intercostal muscle
nejm,all_I=pixelate_S=3,234,image_234.jpg,Gastric cancer,Gastric cancer
nejm,all_I=pixelate_S=3,235,image_235.jpg,Somatotropic pituitary adenoma,Somatotropic pituitary adenoma
nejm,all_I=pixelate_S=3,236,image_236.jpg,Parvovirus B19,Treponema pallidum
nejm,all_I=pixelate_S=3,237,image_237.jpg,Leukemic infiltration of the gingiva,Leukemic infiltration of the gingiva
nejm,all_I=pixelate_S=3,238,image_238.jpg,Necrobiosis lipoidica diabeticorum,Necrolytic migratory erythema
nejm,all_I=pixelate_S=3,239,image_239.jpg,Closed-angle glaucoma,Waldenström’s macroglobulinemia
nejm,all_I=pixelate_S=3,240,image_240.jpg,Straddle pelvic fracture,Open-book fracture
nejm,all_I=pixelate_S=3,241,image_241.jpg,Tinea barbae,Tinea barbae
nejm,all_I=pixelate_S=3,242,image_242.jpg,"Hand, foot, and mouth disease",Herpetic whitlow
nejm,all_I=pixelate_S=3,243,image_243.jpg,Aortic aneurysm,Urinary retention
nejm,all_I=pixelate_S=3,244,image_244.jpg,Pneumothorax,Pneumothorax
nejm,all_I=pixelate_S=3,245,image_245.jpg,Persistent hyperplastic primary vitreous,Persistent pupillary membranes
nejm,all_I=pixelate_S=3,246,image_246.jpg,Odontogenic cutaneous fistula,Odontogenic cutaneous fistula
nejm,all_I=pixelate_S=3,247,image_247.jpg,Lipodermatosclerosis,Superficial thrombophlebitis
nejm,all_I=pixelate_S=3,248,image_248.jpg,Molluscum contagiosum,Molluscum contagiosum
nejm,all_I=pixelate_S=3,249,image_249.jpg,Cutaneous leishmaniasis,Cutaneous leishmaniasis
nejm,all_I=pixelate_S=3,250,image_250.jpg,Giant-cell arteritis,Giant-cell arteritis
nejm,all_I=pixelate_S=3,251,image_251.jpg,Antisynthetase syndrome,Antisynthetase syndrome
nejm,all_I=pixelate_S=3,252,image_252.jpg,Melanoma,Nummular eczema
nejm,all_I=pixelate_S=3,253,image_253.jpg,Superficial thrombophlebitis,Acute lymphangitis
nejm,all_I=pixelate_S=3,254,image_254.jpg,Syphilis,Rheumatoid arthritis
nejm,all_I=pixelate_S=3,255,image_255.jpg,Sublingual epidermoid cyst,Sublingual epidermoid cyst
nejm,all_I=pixelate_S=3,256,image_256.jpg,Miliary tuberculosis,Sarcoidosis
nejm,all_I=pixelate_S=3,257,image_257.jpg,Herpes simplex,Syphilis
nejm,all_I=pixelate_S=3,258,image_258.jpg,"Small coins (e.g., a penny)",Foreign bodies that have been present for longer than 24 hours
nejm,all_I=pixelate_S=3,259,image_259.jpg,Electrical alternans,Cardiac allograft
nejm,all_I=pixelate_S=3,260,image_260.jpg,Phlegmasia cerulea dolens,Phlegmasia cerulea dolens
nejm,all_I=pixelate_S=3,261,image_261.jpg,Infectious mononucleosis,Measles
nejm,all_I=pixelate_S=3,262,image_262.jpg,Kayser-Fleischer ring,Vernal conjunctivitis
nejm,all_I=pixelate_S=3,263,image_263.jpg,Pericardial space,Left ventricle
nejm,all_I=pixelate_S=3,264,image_264.jpg,Bilirubin,Bilirubin
nejm,all_I=pixelate_S=3,265,image_265.jpg,Acromegaly,Eisenmenger's syndrome
nejm,all_I=pixelate_S=3,266,image_266.jpg,Polycystic kidney disease,Page kidney
nejm,all_I=pixelate_S=3,267,image_267.jpg,Ileal intussusception,Ulcerative colitis
nejm,all_I=pixelate_S=3,268,image_268.jpg,Geographic tongue,Geographic tongue
nejm,all_I=pixelate_S=3,269,image_269.jpg,Bone marrow necrosis,Bone marrow necrosis
nejm,all_I=pixelate_S=3,270,image_270.jpg,Permethrin,Permethrin
nejm,all_I=pixelate_S=3,271,image_271.jpg,Hypothyroidism,Hypothyroidism
nejm,all_I=pixelate_S=3,272,image_272.jpg,Preeclampsia,Preeclampsia
nejm,all_I=pixelate_S=3,273,image_273.jpg,Senile ileus,Intestinal lipomatosis
nejm,all_I=pixelate_S=3,274,image_274.jpg,Temporal arteritis,Cholesterol emboli
nejm,all_I=pixelate_S=3,275,image_275.jpg,Aphthous stomatitis,Herpes zoster
nejm,all_I=pixelate_S=3,276,image_276.jpg,Sporotrichosis,Sporotrichosis
nejm,all_I=pixelate_S=3,277,image_277.jpg,Central retinal artery occlusion,Central retinal artery occlusion
nejm,all_I=pixelate_S=3,278,image_278.jpg,Hematometrocolpos,Hematometrocolpos
nejm,all_I=pixelate_S=3,279,image_279.jpg,Superior vena cava syndrome,Superior vena cava syndrome
nejm,all_I=pixelate_S=3,280,image_280.jpg,Sickle cell disease,Cirrhosis
nejm,all_I=pixelate_S=3,281,image_281.jpg,Ménétrier’s disease,Ménétrier’s disease
nejm,all_I=pixelate_S=3,282,image_282.jpg,Pseudothrombocytopenia due to plate clumping associated with EDTA,Pseudothrombocytosis due to red cell fragments
nejm,all_I=pixelate_S=3,283,image_283.jpg,Anterior uveitis,Carotid cavernous sinus fistula
nejm,all_I=pixelate_S=3,284,image_284.jpg,Plastic bronchitis,Plastic bronchitis
nejm,all_I=pixelate_S=3,285,image_285.jpg,Hernia,Intraabdominal cancer
nejm,all_I=pixelate_S=3,286,image_286.jpg,Rosacea,Rosacea
nejm,all_I=pixelate_S=3,287,image_287.jpg,Abdominal aortic aneurysm,Urachal mucinous cystic tumor
nejm,all_I=pixelate_S=3,288,image_288.jpg,Quadriplegia,Quadriplegia
nejm,all_I=pixelate_S=3,289,image_289.jpg,Retinitis pigmentosa,Marfan’s syndrome
nejm,all_I=pixelate_S=3,290,image_290.jpg,Sclerosing sialadenitis,Sclerosing sialadenitis
nejm,all_I=pixelate_S=3,291,image_291.jpg,Cardiac amyloidosis,Angiosarcoma
nejm,all_I=pixelate_S=3,292,image_292.jpg,Chronic venous insufficiency,Chronic venous insufficiency
nejm,all_I=pixelate_S=3,293,image_293.jpg,Pyogenic granuloma,Torus mandibularis
nejm,all_I=pixelate_S=3,294,image_294.jpg,Spindle-cell sarcoma,Spindle-cell sarcoma
nejm,all_I=pixelate_S=3,295,image_295.jpg,Spleen,Stomach
nejm,all_I=pixelate_S=3,296,image_296.jpg,Cogan’s syndrome,Cogan’s syndrome
nejm,all_I=pixelate_S=3,297,image_297.jpg,Salbutamol,Ipratropium
nejm,all_I=pixelate_S=3,298,image_298.jpg,Diabetic bullae,Eruptive xanthomas
nejm,all_I=pixelate_S=3,299,image_299.jpg,Sialolithiasis,Iodide-associated sialadenitis
nejm,all_I=pixelate_S=3,300,image_300.jpg,Peritoneal carcinomatosis,Encapsulating peritoneal sclerosis
nejm,all_I=pixelate_S=3,301,image_301.jpg,Beta2-microglobulin,Calcitonin
nejm,all_I=pixelate_S=3,302,image_302.jpg,Acromegaly,Primary hypertrophic osteoarthropathy
nejm,all_I=pixelate_S=3,303,image_303.jpg,Congenital cytomegalovirus infection,Congenital cytomegalovirus infection
nejm,all_I=pixelate_S=3,304,image_304.jpg,Left anterior descending artery occlusion,Right coronary artery occlusion
nejm,all_I=pixelate_S=3,305,image_305.jpg,Tracheal agenesis with bronchoesophageal fistula,Tracheal agenesis with bronchoesophageal fistula
nejm,all_I=pixelate_S=3,306,image_306.jpg,Prolactin,Angiotensin-converting enzyme
nejm,all_I=pixelate_S=3,307,image_307.jpg,Speckled lentiginous naevi,Neurofibromatosis
nejm,all_I=pixelate_S=3,308,image_308.jpg,Polyarteritis nodosa,Systemic lupus erythematosus
nejm,all_I=pixelate_S=3,309,image_309.jpg,Granulomatosis with polyangiitis,Granulomatosis with polyangiitis
nejm,all_I=pixelate_S=3,310,image_310.jpg,Cisplatin overdose,Ethylene glycol poisoning
nejm,all_I=pixelate_S=3,311,image_311.jpg,Trichobezoar,Ascariasis
nejm,all_I=pixelate_S=3,312,image_312.jpg,Epstein-Barr virus,Group A streptococcus
nejm,all_I=pixelate_S=3,313,image_313.jpg,Retinopathy of prematurity,Shaken-baby syndrome
nejm,all_I=pixelate_S=3,314,image_314.jpg,Sweet’s syndrome,Exanthematous pustulosis
nejm,all_I=pixelate_S=3,315,image_315.jpg,Infectious mononucleosis,Rubella
nejm,all_I=pixelate_S=3,316,image_316.jpg,Tropical pyoderma,Cutaneous leishmaniasis
nejm,all_I=pixelate_S=3,317,image_317.jpg,Frostbite,Thrombotic vasculopathy
nejm,all_I=pixelate_S=3,318,image_318.jpg,Herpes simplex virus infection,Herpes simplex virus infection
nejm,all_I=pixelate_S=3,319,image_319.jpg,Plummer Vinson syndrome,Eosinophilic esophagitis
nejm,all_I=pixelate_S=3,320,image_320.jpg,Pharyngeal foreign body,Prevertebral air
nejm,all_I=pixelate_S=3,321,image_321.jpg,Cows,Cats
nejm,all_I=pixelate_S=3,322,image_322.jpg,Lymphoma,Histoplasmosis
nejm,all_I=pixelate_S=3,323,image_323.jpg,Paragonimiasis,Paragonimiasis
nejm,all_I=pixelate_S=3,324,image_324.jpg,Brachial artery stenosis,Fibromuscular dysplasia
nejm,all_I=pixelate_S=3,325,image_325.jpg,Condylomata acuminata,Condylomata lata
nejm,all_I=pixelate_S=3,326,image_326.jpg,Acromegaly,Adrenal insufficiency
nejm,all_I=pixelate_S=3,327,image_327.jpg,Vitamin B12 deficiency,Vitamin B12 deficiency
nejm,all_I=pixelate_S=3,328,image_328.jpg,Lichen planus,Ostraceous psoriasis
nejm,all_I=pixelate_S=3,329,image_329.jpg,Condyloma acuminatum,Squamous-cell carcinoma
nejm,all_I=pixelate_S=3,330,image_330.jpg,Conn’s syndrome,Primary adrenal lymphoma
nejm,all_I=pixelate_S=3,331,image_331.jpg,Cherry hemangioma,Spider angioma
nejm,all_I=pixelate_S=3,332,image_332.jpg,Yaws,Actinomycetoma
nejm,all_I=pixelate_S=3,333,image_333.jpg,Malignant melanoma,Halo nevus
nejm,all_I=pixelate_S=3,334,image_334.jpg,Amiodarone-induced skin discoloration,Amiodarone-induced skin discoloration
nejm,all_I=pixelate_S=3,335,image_335.jpg,Acquired immunodeficiency syndrome,Leukemia
nejm,all_I=pixelate_S=3,336,image_336.jpg,Rocky Mountain spotted fever,Tickborne relapsing fever
nejm,all_I=pixelate_S=3,337,image_337.jpg,Erythema gyratum repens,Erythema gyratum repens
nejm,all_I=pixelate_S=3,338,image_338.jpg,Thromboangiitis obliterans,Deep venous thrombosis
nejm,all_I=pixelate_S=3,339,image_339.jpg,Chlamydial pneumonia,Bordetella pertussis
nejm,all_I=pixelate_S=3,340,image_340.jpg,Chronic laxative use,Ingestion of a heavy metal
nejm,all_I=pixelate_S=3,341,image_341.jpg,Tophaceous gout,Tophaceous gout
nejm,all_I=pixelate_S=3,342,image_342.jpg,Dumping syndrome,Internal hernia
nejm,all_I=pixelate_S=3,343,image_343.jpg,Colonic pseudo-obstruction,Colocolonic intussusception
nejm,all_I=pixelate_S=3,344,image_344.jpg,Renal cortical necrosis,Cholesterol crystals
nejm,all_I=pixelate_S=3,345,image_345.jpg,Pulmonary-artery dissection,Pulmonary-artery dissection
nejm,all_I=pixelate_S=3,346,image_346.jpg,Sarcoidosis,Beta-thalassemia
nejm,all_I=pixelate_S=3,347,image_347.jpg,"Consumption of undercooked, infected fish","Consumption of undercooked, infected beef"
nejm,all_I=pixelate_S=3,348,image_348.jpg,Pemphigus vulgaris,Neutrophilic dermatosis
nejm,all_I=pixelate_S=3,349,image_349.jpg,Alkaline phosphatase,Alkaline phosphatase
nejm,all_I=pixelate_S=3,350,image_350.jpg,Perforated viscus,Ogilvie’s syndrome
nejm,all_I=pixelate_S=3,351,image_351.jpg,Age-related macular degeneration,Toxoplasmosis
nejm,all_I=pixelate_S=3,352,image_352.jpg,Ochronosis,Fluorouracil side effect
nejm,all_I=pixelate_S=3,353,image_353.jpg,Furuncular myiasis,Furuncular myiasis
nejm,all_I=pixelate_S=3,354,image_354.jpg,Sarcoidosis,Sarcoidosis
nejm,all_I=pixelate_S=3,355,image_355.jpg,Herpes simplex keratitis,Radial keratotomy
nejm,all_I=pixelate_S=3,356,image_356.jpg,Nephrostomy tube,Uterine perforation
nejm,all_I=pixelate_S=3,357,image_357.jpg,Creutzfeld-Jakob disease,Creutzfeld-Jakob disease
nejm,all_I=pixelate_S=3,358,image_358.jpg,Pneumoconiosis,Tobacco
nejm,all_I=pixelate_S=3,359,image_359.jpg,Metastatic lung cancer,Metastatic lung cancer
nejm,all_I=pixelate_S=3,360,image_360.jpg,Radiation-induced angiosarcoma,Radiation-induced angiosarcoma
nejm,all_I=pixelate_S=3,361,image_361.jpg,Pemphigoid gestationis,Atopic eruption of pregnancy
nejm,all_I=pixelate_S=3,362,image_362.jpg,Riboflavin,Niacin
nejm,all_I=pixelate_S=3,363,image_363.jpg,Autoimmune hemolytic anemia,Spur-cell hemolytic anemia
nejm,all_I=pixelate_S=3,364,image_364.jpg,Cutaneous larva migrans,Cutaneous larva migrans
nejm,all_I=pixelate_S=3,365,image_365.jpg,Herpes simplex virus infection,Treponema pallidum infection
nejm,all_I=pixelate_S=3,366,image_366.jpg,Erythema infectiosum,Insect bite
nejm,all_I=pixelate_S=3,367,image_367.jpg,Diaphragm,Diaphragm
nejm,all_I=pixelate_S=3,368,image_368.jpg,Pneumothorax,Lung herniation
nejm,all_I=pixelate_S=3,369,image_369.jpg,Congenital adrenal hyperplasia,Spinal dysraphism
nejm,all_I=pixelate_S=3,370,image_370.jpg,Klippel-Trénaunay syndrome,Infant harlequin syndrome
nejm,all_I=pixelate_S=3,371,image_371.jpg,Cleft jaw,Mandibular fracture
nejm,all_I=pixelate_S=3,372,image_372.jpg,Panniculitis,Panniculitis
nejm,all_I=pixelate_S=3,373,image_373.jpg,Peutz–Jeghers syndrome,Peutz–Jeghers syndrome
nejm,all_I=pixelate_S=3,374,image_374.jpg,Candida,Secondary syphilis
nejm,all_I=pixelate_S=3,375,image_375.jpg,Inverted Q wave,Osborn wave
nejm,all_I=pixelate_S=3,376,image_376.jpg,Kawasaki disease,Staphylococcal scalded skin
nejm,all_I=pixelate_S=3,377,image_377.jpg,Insulin lipohypertrophy,Insulin lipohypertrophy
nejm,all_I=pixelate_S=3,378,image_378.jpg,Necrobiosis lipoidica,Actinic granuloma
nejm,all_I=pixelate_S=3,379,image_379.jpg,Neurocysticercosis,Cystic echinococcosis
nejm,all_I=pixelate_S=3,380,image_380.jpg,Alcohol dependency,Alcohol dependency
nejm,all_I=pixelate_S=3,381,image_381.jpg,Multiple iris nevi,Lisch nodules
nejm,all_I=pixelate_S=3,382,image_382.jpg,Zinc,Zinc
nejm,all_I=pixelate_S=3,383,image_383.jpg,Lymphocytosis,Eosinophilia
nejm,all_I=pixelate_S=3,384,image_384.jpg,Lupus retinal vasculitis,Antiphospholipid syndrome
nejm,all_I=pixelate_S=3,385,image_385.jpg,Subdural hematoma,Epidural hematoma
nejm,all_I=pixelate_S=3,386,image_386.jpg,Pancreatic phlegmon,Trichobezoar
nejm,all_I=pixelate_S=3,387,image_387.jpg,Paget's disease,Osteomalacia
nejm,all_I=pixelate_S=3,388,image_388.jpg,Polyarteritis nodosa vasculitis,Lymphoma
nejm,all_I=pixelate_S=3,389,image_389.jpg,Bone scan,Bone scan
nejm,all_I=pixelate_S=3,390,image_390.jpg,Thyroid cancer,Gastric cancer
nejm,all_I=pixelate_S=3,391,image_391.jpg,Drug-induced reaction,Malakoplakia
nejm,all_I=pixelate_S=3,392,image_392.jpg,Prolactinoma,Prolactinoma
nejm,all_I=pixelate_S=3,393,image_393.jpg,Systemic lupus erythematosus,Systemic lupus erythematosus
nejm,all_I=pixelate_S=3,394,image_394.jpg,Intravitreal hemorrhage,Traumatic bleb
nejm,all_I=pixelate_S=3,395,image_395.jpg,Soft-tissue calcinosis,Soft-tissue calcinosis
nejm,all_I=pixelate_S=3,396,image_396.jpg,Epidermodysplasia verruciformis,Chromoblastomycosis
nejm,all_I=pixelate_S=3,397,image_397.jpg,Pectus excavatum,Pectus excavatum
nejm,all_I=pixelate_S=3,398,image_398.jpg,Tuberculosis,Tuberculosis
nejm,all_I=pixelate_S=3,399,image_399.jpg,Alopecia areata,Fibrosing alopecia
nejm,all_I=pixelate_S=3,400,image_400.jpg,Ludwig’s angina,Ludwig’s angina
nejm,all_I=pixelate_S=3,401,image_401.jpg,Nephrogenic fibrosing dermopathy,Nephrogenic fibrosing dermopathy
nejm,all_I=pixelate_S=3,402,image_402.jpg,Lingual carcinoma,Hypoglossal nerve injury
nejm,all_I=pixelate_S=3,403,image_403.jpg,Cystic echinococcosis,Cystic echinococcosis
nejm,all_I=pixelate_S=3,404,image_404.jpg,Congestive heart failure,Congestive heart failure
nejm,all_I=pixelate_S=3,405,image_405.jpg,Systemic lupus erythematosus,Scleroderma
nejm,all_I=pixelate_S=3,406,image_406.jpg,Malassezia furfur,Corynebacterium minutissimum
nejm,all_I=pixelate_S=3,407,image_407.jpg,Hydropneumothorax,Hydropneumothorax
nejm,all_I=pixelate_S=3,408,image_408.jpg,Calcium pyrophosphate deposition disease,Gout
nejm,all_I=pixelate_S=3,409,image_409.jpg,Drug reaction with eosinophilia and systemic symptoms,Drug reaction with eosinophilia and systemic symptoms
nejm,all_I=pixelate_S=3,410,image_410.jpg,Raynaud disease,Subclavian vein thrombosis
nejm,all_I=pixelate_S=3,411,image_411.jpg,Infantile hepatic hemangiomas,Infantile hepatic hemangiomas
nejm,all_I=pixelate_S=3,412,image_412.jpg,Cryptococcus neoformans,Histoplasma capsulatum
nejm,all_I=pixelate_S=3,413,image_413.jpg,Cerebriform nevus sebaceous,Cerebriform nevus sebaceous
nejm,all_I=pixelate_S=3,414,image_414.jpg,Dubin-Johnson syndrome,Metastatic colon cancer
nejm,all_I=pixelate_S=3,415,image_415.jpg,Vitiligo,Vitiligo
nejm,all_I=pixelate_S=3,416,image_416.jpg,Pheochromocytoma,Carcinoid syndrome
nejm,all_I=pixelate_S=3,417,image_417.jpg,Congenital melanocytic nevus,Congenital melanocytic nevus
nejm,all_I=pixelate_S=3,418,image_418.jpg,Marfan’s syndrome,Multiple endocrine neoplasia type 2B
nejm,all_I=pixelate_S=3,419,image_419.jpg,Scrofula,Peripancreatic malignancy
nejm,all_I=pixelate_S=3,420,image_420.jpg,Immature cataract,Intraocular tumor
nejm,all_I=pixelate_S=3,421,image_421.jpg,Cryptococcal meningitis,Cryptococcal meningitis
nejm,all_I=pixelate_S=3,422,image_422.jpg,Beta-blocker,Angiotensin converting-enzyme inhibitor
nejm,all_I=pixelate_S=3,423,image_423.jpg,Plantar warts,Plantar warts
nejm,all_I=pixelate_S=3,424,image_424.jpg,Addison's disease,Diabetes mellitus
nejm,all_I=pixelate_S=3,425,image_425.jpg,Glycogenic acanthosis,Nodular lymphoid hyperplasia
nejm,all_I=pixelate_S=3,426,image_426.jpg,Peritonsillar abscess,Retropharyngeal abscess
nejm,all_I=pixelate_S=3,427,image_427.jpg,Chloroquine,Chloroquine
nejm,all_I=pixelate_S=3,428,image_428.jpg,Diffuse cutaneous systemic sclerosis,Diffuse cutaneous systemic sclerosis
nejm,all_I=pixelate_S=3,429,image_429.jpg,Chronic constipation,Diabetes mellitus
nejm,all_I=pixelate_S=3,430,image_430.jpg,Apply cervical collar to stabilize the neck,Leave the foreign object in place
nejm,all_I=pixelate_S=3,431,image_431.jpg,Thromboangiitis obliterans,Ergotism
nejm,all_I=pixelate_S=3,432,image_432.jpg,Osteopetrosis,Ankylosing spondylitis
nejm,all_I=pixelate_S=3,433,image_433.jpg,Endocrine system,Respiratory system
nejm,all_I=pixelate_S=3,434,image_434.jpg,Bullous ichthyosiform erythroderma,Harlequin color change
nejm,all_I=pixelate_S=3,435,image_435.jpg,Tonsillar cancer,Tonsillar cancer
nejm,all_I=pixelate_S=3,436,image_436.jpg,Acute pulmonary embolism,Ascending aortic aneurysm
nejm,all_I=pixelate_S=3,437,image_437.jpg,Congenital nevus,Congenital nevus
nejm,all_I=pixelate_S=3,438,image_438.jpg,Vibrio vulnificus,Vibrio vulnificus
nejm,all_I=pixelate_S=3,439,image_439.jpg,Atypical antipsychotic,Protease inhibitor
nejm,all_I=pixelate_S=3,440,image_440.jpg,Wernicke’s encephalopathy,Wernicke’s encephalopathy
nejm,all_I=pixelate_S=3,441,image_441.jpg,Gastrointestinal lymphoma,Superior mesenteric artery syndrome
nejm,all_I=pixelate_S=3,442,image_442.jpg,Mucocele,Mucocele
nejm,all_I=pixelate_S=3,443,image_443.jpg,Herpes simplex virus,Varicella-zoster virus
nejm,all_I=pixelate_S=3,444,image_444.jpg,Myasthenia gravis,Myasthenia gravis
nejm,all_I=pixelate_S=3,445,image_445.jpg,Pleural perforation,Pleural perforation
nejm,all_I=pixelate_S=3,446,image_446.jpg,Lactational mastitis,Polymastia
nejm,all_I=pixelate_S=3,447,image_447.jpg,Paronychia,Gout
nejm,all_I=pixelate_S=3,448,image_448.jpg,Penicillin or azithromycin,Aspirin and intravenous immune globulin
nejm,all_I=pixelate_S=3,449,image_449.jpg,Glucocorticoid induced ulceration,Extranodal natural killer T-cell lymphoma
nejm,all_I=pixelate_S=3,450,image_450.jpg,Kawasaki disease,Celiac disease
nejm,all_I=pixelate_S=3,451,image_451.jpg,Pellagra,Amyotrophic lateral sclerosis
nejm,all_I=pixelate_S=3,452,image_452.jpg,Sjogren's syndrome,Uveoparotid fever
nejm,all_I=pixelate_S=3,453,image_453.jpg,Pyoderma gangrenosum,Anti-MDA5 dermatomyositis
nejm,all_I=pixelate_S=3,454,image_454.jpg,Recurrent breast cancer,Cellulitis
nejm,all_I=pixelate_S=3,455,image_455.jpg,Acute mesenteric ischemia,Intraabdominal hernia
nejm,all_I=pixelate_S=3,456,image_456.jpg,Acute dacryocystitis,Acute dacryocystitis
nejm,all_I=pixelate_S=3,457,image_457.jpg,Calcium-receptor antibody,Anti-Hu antibody
nejm,all_I=pixelate_S=3,458,image_458.jpg,Crusted scabies,Crusted scabies
nejm,all_I=pixelate_S=3,459,image_459.jpg,Schistosoma hematobium,Schistosoma hematobium
nejm,all_I=pixelate_S=3,460,image_460.jpg,Atlantoaxial dislocation,Epiglottitis
nejm,all_I=pixelate_S=3,461,image_461.jpg,Erythema multiforme,Urticaria multiforme
nejm,all_I=pixelate_S=3,462,image_462.jpg,Tetracycline,Tetracycline
nejm,all_I=pixelate_S=3,463,image_463.jpg,Mean corpuscular volume,Alkaline phosphatase
nejm,all_I=pixelate_S=3,464,image_464.jpg,Neutrophilic eccrine hidradenitis,Neutrophilic eccrine hidradenitis
nejm,all_I=pixelate_S=3,465,image_465.jpg,"Right hemiparesis, gaze deviated to the right","Left hemiparesis, gaze deviated to the right"
nejm,all_I=pixelate_S=3,466,image_466.jpg,Lead exposure,Lead exposure
nejm,all_I=pixelate_S=3,467,image_467.jpg,Paraneoplastic pemphigus,Necrolytic migratory erythema
nejm,all_I=pixelate_S=3,468,image_468.jpg,Livedo reticularis,Erythema ab igne
nejm,all_I=pixelate_S=3,469,image_469.jpg,Melasma,Phototoxic dermatitis
nejm,all_I=pixelate_S=3,470,image_470.jpg,Laryngeal candidiasis,Laryngeal candidiasis
nejm,all_I=pixelate_S=3,471,image_471.jpg,Zenker's diverticulum,Zenker's diverticulum
nejm,all_I=pixelate_S=3,472,image_472.jpg,Trousseau’s syndrome,Mondor’s disease
nejm,all_I=pixelate_S=3,473,image_473.jpg,Posterior reversible encephalopathy syndrome,Posterior reversible encephalopathy syndrome
nejm,all_I=pixelate_S=3,474,image_474.jpg,Gout,Systemic sclerosis
nejm,all_I=pixelate_S=3,475,image_475.jpg,"Hypercalcemia, hypophosphatemia, and hyperkalemia","Hypocalcemia, hypophosphatemia, and hyperkalemia"
nejm,all_I=pixelate_S=3,476,image_476.jpg,Legg–Calvé–Perthes disease,Legg–Calvé–Perthes disease
nejm,all_I=pixelate_S=3,477,image_477.jpg,Decompression sickness,Decompression sickness
nejm,all_I=pixelate_S=3,478,image_478.jpg,Porphyria cutanea tarda,Porphyria cutanea tarda
nejm,all_I=pixelate_S=3,479,image_479.jpg,Graves' disease,Graves' disease
nejm,all_I=pixelate_S=3,480,image_480.jpg,Congenital adrenal hyperplasia,Congenital adrenal hyperplasia
nejm,all_I=pixelate_S=3,481,image_481.jpg,Cutaneous metastases,Cutaneous metastases
nejm,all_I=pixelate_S=3,482,image_482.jpg,Thromboangiitis obliterans,Thromboangiitis obliterans
nejm,all_I=pixelate_S=3,483,image_483.jpg,Cataract,Cataract
nejm,all_I=pixelate_S=3,484,image_484.jpg,Hashimoto's disease,Atherosclerosis
nejm,all_I=pixelate_S=3,485,image_485.jpg,Situs inversus totalis,Situs inversus totalis
nejm,all_I=pixelate_S=3,486,image_486.jpg,Cytomegalovirus retinitis,Hypertriglyceridemia
nejm,all_I=pixelate_S=3,487,image_487.jpg,Peritonsillar abscess,Obstructive parotitis
nejm,all_I=pixelate_S=3,488,image_488.jpg,Ischemic colitis,Ischemic colitis
nejm,all_I=pixelate_S=3,489,image_489.jpg,Small-cell lung cancer,Small-cell lung cancer
nejm,all_I=pixelate_S=3,490,image_490.jpg,Capillaria,Strongyloides stercoralis
nejm,all_I=pixelate_S=3,491,image_491.jpg,Xylazine,Xylazine
nejm,all_I=pixelate_S=3,492,image_492.jpg,Parathyroid carcinoma,Hodgkin's lymphoma
nejm,all_I=pixelate_S=3,493,image_493.jpg,Hepatitis C virus infection,Brucellosis
nejm,all_I=pixelate_S=3,494,image_494.jpg,Thyroid eye disease,IgG4-related ophthalmic disease
nejm,all_I=pixelate_S=3,495,image_495.jpg,Periodontitis,Dermatomyositis
nejm,all_I=pixelate_S=3,496,image_496.jpg,Mucormycosis,Curvularia alcornii
nejm,all_I=pixelate_S=3,497,image_497.jpg,Bulbar palsy,Romberg's sign
nejm,all_I=pixelate_S=3,498,image_498.jpg,Acinetobacter baumannii,Klebsiella rhinoscleromatis
nejm,all_I=pixelate_S=3,499,image_499.jpg,Lingual artery thrombosis,Tissue plasminogen activator-associated angioedema
nejm,all_I=pixelate_S=3,500,image_500.jpg,Temporal quadrantanopsia,Inferior hemifield loss
nejm,all_I=pixelate_S=3,501,image_501.jpg,Syphilis,Infective endocarditis
nejm,all_I=pixelate_S=3,502,image_502.jpg,Nephrogenic systemic fibrosis,Nephrogenic systemic fibrosis
nejm,all_I=pixelate_S=3,503,image_503.jpg,Ungal melanoma,Splinter hemorrhages
nejm,all_I=pixelate_S=3,504,image_504.jpg,Leprosy,Leprosy
nejm,all_I=pixelate_S=3,505,image_505.jpg,Septic arthritis,Abscess
nejm,all_I=pixelate_S=3,506,image_506.jpg,Dirofilaria repens infection,Dirofilaria repens infection
nejm,all_I=pixelate_S=3,507,image_507.jpg,Cushing's syndrome,Paraneoplastic disorder
nejm,all_I=pixelate_S=3,508,image_508.jpg,Perirenal extramedullary hematopoiesis,Perirenal extramedullary hematopoiesis
nejm,all_I=pixelate_S=3,509,image_509.jpg,Marfan's syndrome,Bulimia nervosa
nejm,all_I=pixelate_S=3,510,image_510.jpg,Chromomycosis,Iododerma
nejm,all_I=pixelate_S=3,511,image_511.jpg,Retinoblastoma,Retinoblastoma
nejm,all_I=pixelate_S=3,512,image_512.jpg,Intestinal obstruction,Perforation of a viscus
nejm,all_I=pixelate_S=3,513,image_513.jpg,Polymyositis,Dermatomyositis
nejm,all_I=pixelate_S=3,514,image_514.jpg,Acromegaly,Lipomatosis
nejm,all_I=pixelate_S=3,515,image_515.jpg,Nevus comedonicus,Nevus comedonicus
nejm,all_I=pixelate_S=3,516,image_516.jpg,Oral hairy leukoplakia,Uremic stomatitis
nejm,all_I=pixelate_S=3,517,image_517.jpg,Paget's disease,Systemic sclerosis
nejm,all_I=pixelate_S=3,518,image_518.jpg,Psoriasis,Chronic venous stasis
nejm,all_I=pixelate_S=3,519,image_519.jpg,Sjögren's syndrome,Sjögren's syndrome
nejm,all_I=pixelate_S=3,520,image_520.jpg,Thyroglossal duct cyst,Thyroglossal duct cyst
nejm,all_I=pixelate_S=3,521,image_521.jpg,Sarcoidosis,Wegener's granulomatosis
nejm,all_I=pixelate_S=3,522,image_522.jpg,Erythema nodosum,Necrobiosis lipoidica
nejm,all_I=pixelate_S=3,523,image_523.jpg,Lingual artery,Lingual artery
nejm,all_I=pixelate_S=3,524,image_524.jpg,Cerebral toxoplasmosis,Nocardia asteroides infection
nejm,all_I=pixelate_S=3,525,image_525.jpg,Raynaud syndrome,Achenbach’s syndrome
nejm,all_I=pixelate_S=3,526,image_526.jpg,Chancroid,Herpes vegetans
nejm,all_I=pixelate_S=3,527,image_527.jpg,Cushing's syndrome,Thrombosis of the inferior vena cava
nejm,all_I=pixelate_S=3,528,image_528.jpg,Human papillomavirus,Human papillomavirus
nejm,all_I=pixelate_S=3,529,image_529.jpg,Spinal muscular atrophy,Tay-Sachs disease
nejm,all_I=pixelate_S=3,530,image_530.jpg,Restrictive lung disease,Intrathoracic localized obstruction
nejm,all_I=pixelate_S=3,531,image_531.jpg,Hereditary angioedema,Thromboembolism
nejm,all_I=pixelate_S=3,532,image_532.jpg,Colonic volvulus,Pneumoperitoneum
nejm,all_I=pixelate_S=3,533,image_533.jpg,Heberden’s nodes,Jaccoud’s arthropathy
nejm,all_I=pixelate_S=3,534,image_534.jpg,Eosinophilic ulcer,Cytomegalovirus infection
nejm,all_I=pixelate_S=3,535,image_535.jpg,Paget's disease,Renal tubular acidosis
nejm,all_I=pixelate_S=3,536,image_536.jpg,Zinc,Zinc
nejm,all_I=pixelate_S=3,537,image_537.jpg,Cold agglutinins,Cold agglutinins
nejm,all_I=pixelate_S=3,538,image_538.jpg,Hemorrhoids,Enterobiasis
nejm,all_I=pixelate_S=3,539,image_539.jpg,Digital ischemia,Digital ischemia
nejm,all_I=pixelate_S=3,540,image_540.jpg,Spina bifida,Croup
nejm,all_I=pixelate_S=3,541,image_541.jpg,Disseminated cutaneous blastomycosis,Disseminated cutaneous blastomycosis
nejm,all_I=pixelate_S=3,542,image_542.jpg,Otitis externa,Frey's syndrome
nejm,all_I=pixelate_S=3,543,image_543.jpg,Cerebral air embolisms,Cerebral cavernous malformations
nejm,all_I=pixelate_S=3,544,image_544.jpg,Prescribe nystatin,Counsel patient to stop smoking
nejm,all_I=pixelate_S=3,545,image_545.jpg,Tolosa-Hunt syndrome,Multiple myeloma
nejm,all_I=pixelate_S=3,546,image_546.jpg,Defect in glucuronidation leading to hyperbilirubinemia,About 50% of the serum bilirubin is conjugated
nejm,all_I=pixelate_S=3,547,image_547.jpg,Hampton’s hump,Hampton’s hump
nejm,all_I=pixelate_S=3,548,image_548.jpg,Leukemia cutis,Cryoglobulinemic vasculitis
nejm,all_I=pixelate_S=3,549,image_549.jpg,Papillary thyroid cancer,Ectopic thyroid
nejm,all_I=pixelate_S=3,550,image_550.jpg,Acute angle-closure glaucoma,Acute angle-closure glaucoma
nejm,all_I=pixelate_S=3,551,image_551.jpg,Trypanozoma cruzi,Plasmodium vivax
nejm,all_I=pixelate_S=3,552,image_552.jpg,Somatostatinoma,Glucagonoma
nejm,all_I=pixelate_S=3,553,image_553.jpg,Langerhans cell histiocytosis,Erdheim–Chester disease
nejm,all_I=pixelate_S=3,554,image_554.jpg,Gastric bezoar,Splenic cyst
nejm,all_I=pixelate_S=3,555,image_555.jpg,Vitiligo,Tinea versicolor
nejm,all_I=pixelate_S=3,556,image_556.jpg,Cobalamin (vitamin B12) deficiency,Pellagra
nejm,all_I=pixelate_S=3,557,image_557.jpg,Pthirus pubis,Pthirus pubis
nejm,all_I=pixelate_S=3,558,image_558.jpg,Diffuse alveolar hemorrhage,Pulmonary alveolar microlithiasis
nejm,all_I=pixelate_S=3,559,image_559.jpg,Hyperbilirubinemia,Pseudomonas aeruginosa infection
nejm,all_I=pixelate_S=3,560,image_560.jpg,Penile contusion,Penile fracture
nejm,all_I=pixelate_S=3,561,image_561.jpg,HIV-associated diffuse large B-cell lymphoma,Disseminated Mycobacterium avium–intracellulare infection
nejm,all_I=pixelate_S=3,562,image_562.jpg,Psoralen,Erlotinib
nejm,all_I=pixelate_S=3,563,image_563.jpg,Dieulafoy's lesion,Adenocarcinoma
nejm,all_I=pixelate_S=3,564,image_564.jpg,Melanoma,Melanoma
nejm,all_I=pixelate_S=3,565,image_565.jpg,Umbilical hernia,Sister Mary Joseph's nodule
nejm,all_I=pixelate_S=3,566,image_566.jpg,Ethylene glycol,Fluorescent dye
nejm,all_I=pixelate_S=3,567,image_567.jpg,Sarcoidosis,Pulmonary embolism
nejm,all_I=pixelate_S=3,568,image_568.jpg,Osgood–Schlatter disease,Osgood–Schlatter disease
nejm,all_I=pixelate_S=3,569,image_569.jpg,Pneumomediastinum,Pneumomediastinum
nejm,all_I=pixelate_S=3,570,image_570.jpg,Granulomatous iritis,Prominent iris collarette
nejm,all_I=pixelate_S=3,571,image_571.jpg,Malignant acanthosis nigricans,Malignant acanthosis nigricans
nejm,all_I=pixelate_S=3,572,image_572.jpg,Rhinophyma,Tuberous sclerosis
nejm,all_I=pixelate_S=3,573,image_573.jpg,Bilirubin elevation,Elevated protein
nejm,all_I=pixelate_S=3,574,image_574.jpg,Malignant syphilis,Malignant syphilis
nejm,all_I=pixelate_S=3,575,image_575.jpg,Trichuris trichiura,Diphyllobothrium latum
nejm,all_I=pixelate_S=3,576,image_576.jpg,Sarcoidosis,Mycobacterium marinum
nejm,all_I=pixelate_S=3,577,image_577.jpg,Right lower lobe,Left upper lobe
nejm,all_I=pixelate_S=3,578,image_578.jpg,Candidiasis,Herpes zoster
nejm,all_I=pixelate_S=3,579,image_579.jpg,Familial exudative vitreoretinopathy,X-linked retinoschisis
nejm,all_I=pixelate_S=3,580,image_580.jpg,Paget's disease,Pneumocephalus
nejm,all_I=pixelate_S=3,581,image_581.jpg,Pseudohypoparathyroidism,Albright's hereditary osteodystrophy
nejm,all_I=pixelate_S=3,582,image_582.jpg,Fluorosis,Fluorosis
nejm,all_I=pixelate_S=3,583,image_583.jpg,Nocardia asteroides,Fusobacterium necrophorum
nejm,all_I=pixelate_S=3,584,image_584.jpg,Carpal tunnel syndrome,Dupuyten's contracture
nejm,all_I=pixelate_S=3,585,image_585.jpg,Keratoconus,Wilson's disease
nejm,all_I=pixelate_S=3,586,image_586.jpg,Infective endocarditis,Infective endocarditis
nejm,all_I=pixelate_S=3,587,image_587.jpg,Cholesterol emboli,Cholesterol emboli
nejm,all_I=pixelate_S=3,588,image_588.jpg,Oleothorax,Oleothorax
nejm,all_I=pixelate_S=3,589,image_589.jpg,Slipped capital femoral epiphysis,Slipped capital femoral epiphysis
nejm,all_I=pixelate_S=3,590,image_590.jpg,Tsetse fly,Chrysops fly
nejm,all_I=pixelate_S=3,591,image_591.jpg,Hemochromatosis,Diffuse melanosis cutis
nejm,all_I=pixelate_S=3,592,image_592.jpg,Calcium oxalate and triple phosphate (struvite) crystals,Cystine and triple phosphate (struvite) crystals
nejm,all_I=pixelate_S=3,593,image_593.jpg,Cicatricial pemphigoid,Herpes zoster
nejm,all_I=pixelate_S=3,594,image_594.jpg,Streptococcal pharyngitis,Streptococcal pharyngitis
nejm,all_I=pixelate_S=3,595,image_595.jpg,Pneumothorax,Substernal goiter
nejm,all_I=pixelate_S=3,596,image_596.jpg,Speckled lentiginous nevus,Becker’s nevus
nejm,all_I=pixelate_S=3,597,image_597.jpg,Jeune syndrome asphyxiating thoracic dystrophy,Paternal uniparental disomy 14 (UDP 14 pat) thoracic dysplasia
nejm,all_I=pixelate_S=3,598,image_598.jpg,Cecal volvulus,Small-bowel obstruction
nejm,all_I=pixelate_S=3,599,image_599.jpg,Fetal alcohol syndrome,Neonatal thyrotoxicosis
nejm,all_I=pixelate_S=3,600,image_600.jpg,Lichen planus,Bulimia nervosa
nejm,all_I=pixelate_S=3,601,image_601.jpg,Neurocysticercosis,Neurocysticercosis
nejm,all_I=pixelate_S=3,602,image_602.jpg,Pterygium,Papilloma
nejm,all_I=pixelate_S=3,603,image_603.jpg,Scabies,Fordyce's angiokeratomas
nejm,all_I=pixelate_S=3,604,image_604.jpg,Pyoderma gangrenosum,Cutaneous diphtheria
nejm,all_I=pixelate_S=3,605,image_605.jpg,Trichuris trichiura,Enterobius vermicularis
nejm,all_I=pixelate_S=3,606,image_606.jpg,Human botfly,Tumbu fly
nejm,all_I=pixelate_S=3,607,image_607.jpg,Neonatal herpes simplex virus,Neonatal herpes simplex virus
nejm,all_I=pixelate_S=3,608,image_608.jpg,Psoriasis,Erythrasma
nejm,all_I=pixelate_S=3,609,image_609.jpg,Bisphosphonates,Bisphosphonates
nejm,all_I=pixelate_S=3,610,image_610.jpg,Telangiectasia,Livedo reticularis
nejm,all_I=pixelate_S=3,611,image_611.jpg,Varicella,Varicella
nejm,all_I=pixelate_S=3,612,image_612.jpg,Talaromyces marneffei,Talaromyces marneffei
nejm,all_I=pixelate_S=3,613,image_613.jpg,Leprosy,Leishmaniasis
nejm,all_I=pixelate_S=3,614,image_614.jpg,Herpes simplex virus type 1,Coxsackie virus type A16
nejm,all_I=pixelate_S=3,615,image_615.jpg,Retrobulbar abscess,Hydatid cyst
nejm,all_I=pixelate_S=3,616,image_616.jpg,Condyloma acuminatum,Vestibular papillomatosis
nejm,all_I=pixelate_S=3,617,image_617.jpg,Dislocation of the lens,Dislocation of the lens
nejm,all_I=pixelate_S=3,618,image_618.jpg,Raynaud's phenomenon,Raynaud's phenomenon
nejm,all_I=pixelate_S=3,619,image_619.jpg,Tungiasis,Tungiasis
nejm,all_I=pixelate_S=3,620,image_620.jpg,Caput Medusae,Caput Medusae
nejm,all_I=pixelate_S=3,621,image_621.jpg,Left anterior descending,Left main stem
nejm,all_I=pixelate_S=3,622,image_622.jpg,"Hand, foot, and mouth disease","Hand, foot, and mouth disease"
nejm,all_I=pixelate_S=3,623,image_623.jpg,Auditory polyp,Cholesteatoma
nejm,all_I=pixelate_S=3,624,image_624.jpg,Bartholin gland cyst,Gartner duct cyst
nejm,all_I=pixelate_S=3,625,image_625.jpg,Palmar erythema of pregnancy,Palmar erythema of pregnancy
nejm,all_I=pixelate_S=3,626,image_626.jpg,Intestinal malrotation,Mesenteric ischemia
nejm,all_I=pixelate_S=3,627,image_627.jpg,Cutaneous larva migrans,Cutaneous larva migrans
nejm,all_I=pixelate_S=3,628,image_628.jpg,Allergic conjunctivitis,Ophthalmomyiasis
nejm,all_I=pixelate_S=3,629,image_629.jpg,Right ventricle,Left atrium
nejm,all_I=pixelate_S=3,630,image_630.jpg,Tension pneumothorax,Tension pneumothorax
nejm,all_I=pixelate_S=3,631,image_631.jpg,Esophageal web,Nutcracker esophagus
nejm,all_I=pixelate_S=3,632,image_632.jpg,Uveal melanoma,Uveal melanoma
nejm,all_I=pixelate_S=3,633,image_633.jpg,Proliferative diabetic retinopathy,Proliferative diabetic retinopathy
nejm,all_I=pixelate_S=3,634,image_634.jpg,Right fascicular block,Hyperkalemia
nejm,all_I=pixelate_S=3,635,image_635.jpg,Triatomine bug,Triatomine bug
nejm,all_I=pixelate_S=3,636,image_636.jpg,Reexpansion pulmonary edema,Reexpansion pulmonary edema
nejm,all_I=pixelate_S=3,637,image_637.jpg,Ameelanotic melanoma,Amelanotic melanoma
nejm,all_I=pixelate_S=3,638,image_638.jpg,Scleroderma,Eosinophilic fasciitis
nejm,all_I=pixelate_S=3,639,image_639.jpg,Baking powder,Sugar
nejm,all_I=pixelate_S=3,640,image_640.jpg,Calvarial osteomyelitis,Sickle cell disease
nejm,all_I=pixelate_S=3,641,image_641.jpg,Pyogenic aortitis due to Salmonella enteritidis,Emphysematous aortitis due to Clostridium septicum
nejm,all_I=pixelate_S=3,642,image_642.jpg,Cutaneous larva migrans,Lung cancer
nejm,all_I=pixelate_S=3,643,image_643.jpg,Herpes simplex virus infection,Herpes simplex virus infection
nejm,all_I=pixelate_S=3,644,image_644.jpg,Lithium,Palifermin
nejm,all_I=pixelate_S=3,645,image_645.jpg,Radiation recall,Radiation recall
nejm,all_I=pixelate_S=3,646,image_646.jpg,Immune thrombocytopenic purpura,Scurvy
nejm,all_I=pixelate_S=3,647,image_647.jpg,Psoriasis,Keratoderma blennorrhagicum
nejm,all_I=pixelate_S=3,648,image_648.jpg,Granuloma annulare,Tinea faciei
nejm,all_I=pixelate_S=3,649,image_649.jpg,Peutz-Jeghers syndrome,Inflammatory bowel disease
nejm,all_I=pixelate_S=3,650,image_650.jpg,Autosomal dominant polycystic kidney disease,Autosomal dominant polycystic kidney disease
nejm,all_I=pixelate_S=3,651,image_651.jpg,Pulmonary embolism,Azygous vein
nejm,all_I=pixelate_S=3,652,image_652.jpg,Pustular rosacea,Subcorneal pustular dermatosis
nejm,all_I=pixelate_S=3,653,image_653.jpg,Paget’s disease,Multiple myeloma
nejm,all_I=pixelate_S=3,654,image_654.jpg,Megaloblastic anemia,Chronic lead poisoning
nejm,all_I=pixelate_S=3,655,image_655.jpg,Verrucae vulgaris,Periungual fibroma
nejm,all_I=pixelate_S=3,656,image_656.jpg,Herpes zoster due to virus reactivation,Miliaria crystallina
nejm,all_I=pixelate_S=3,657,image_657.jpg,Graves' disease,Graves' disease
nejm,all_I=pixelate_S=3,658,image_658.jpg,Vitamin D excess,Langerhans'-cell histiocytosis
nejm,all_I=pixelate_S=3,659,image_659.jpg,Chronic lymphocytic leukemia,Gaucher’s disease
nejm,all_I=pixelate_S=3,660,image_660.jpg,Psoriasis,Chemotherapy
nejm,all_I=pixelate_S=3,661,image_661.jpg,Leukoplakia,Leukoplakia
nejm,all_I=pixelate_S=3,662,image_662.jpg,Thalassemia minor,Glucose-6-phosphate dehydrogenase deficiency
nejm,all_I=pixelate_S=3,663,image_663.jpg,Verrucous carcinoma,Verrucous carcinoma
nejm,all_I=pixelate_S=3,664,image_664.jpg,Leukemia cutis,Fusariosis
nejm,all_I=pixelate_S=3,665,image_665.jpg,Hyphema,Hyphema
nejm,all_I=pixelate_S=3,666,image_666.jpg,"Hand, foot, and mouth disease",Herpes zoster
nejm,all_I=pixelate_S=3,667,image_667.jpg,Sarcoidosis,Systemic sclerosis
nejm,all_I=pixelate_S=3,668,image_668.jpg,Duodenal atresia,Hirschsprung’s disease
nejm,all_I=pixelate_S=3,669,image_669.jpg,Melanocytic nevi,Seborrheic keratoses
nejm,all_I=pixelate_S=3,670,image_670.jpg,Non-small-cell lung cancer,Sarcoidosis
nejm,all_I=pixelate_S=3,671,image_671.jpg,Tinea capitis,Tinea capitis
nejm,all_I=pixelate_S=3,672,image_672.jpg,Rheumatic heart disease,Rheumatic heart disease
nejm,all_I=pixelate_S=3,673,image_673.jpg,Chronic lymphocytic leukemia (CLL),Acute promyelocytic leukemia (APL)
nejm,all_I=pixelate_S=3,674,image_674.jpg,Malignant syphilis,Malignant syphilis
nejm,all_I=pixelate_S=3,675,image_675.jpg,Omphalith,Endometrioma
nejm,all_I=pixelate_S=3,676,image_676.jpg,Varicocele,Varicocele
nejm,all_I=pixelate_S=3,677,image_677.jpg,Palmoplantar keratoderma,Keratoderma blenorrhagicum
nejm,all_I=pixelate_S=3,678,image_678.jpg,Erythema ab igne,Onchocerciasis
nejm,all_I=pixelate_S=3,679,image_679.jpg,Orbital wall fracture,Intraocular lens dislocation
nejm,all_I=pixelate_S=3,680,image_680.jpg,Neuroblastoma,Neuroblastoma
nejm,all_I=pixelate_S=3,681,image_681.jpg,Periorbital cellulitis,Lyme disease
nejm,all_I=pixelate_S=3,682,image_682.jpg,Iridodialysis,Silicone oil hyperoleon
nejm,all_I=pixelate_S=3,683,image_683.jpg,Takayasu's arteritis,Osteoporosis
nejm,all_I=pixelate_S=3,684,image_684.jpg,Onychomycosis,Metastasis
nejm,all_I=pixelate_S=3,685,image_685.jpg,Neurocysticercosis,Neurocysticercosis
nejm,all_I=pixelate_S=3,686,image_686.jpg,IgG4-related disease arteritis,IgG4-related disease arteritis
nejm,all_I=pixelate_S=3,687,image_687.jpg,Pulmonary hemosiderosis,Adenocarcinoma
nejm,all_I=pixelate_S=3,688,image_688.jpg,Paget's disease,Diabetes mellitus
nejm,all_I=pixelate_S=3,689,image_689.jpg,Flemingo’s flush sign,Pemberton’s sign
nejm,all_I=pixelate_S=3,690,image_690.jpg,Scapular subluxation,Palsy of the long thoracic nerve
nejm,all_I=pixelate_S=3,691,image_691.jpg,Purpura fulminans,Purpura fulminans
nejm,all_I=pixelate_S=3,692,image_692.jpg,Diurese the patient and then obtain a repeat chest radiograph,Diurese the patient and then obtain a repeat chest radiograph
nejm,all_I=pixelate_S=3,693,image_693.jpg,Rosacea,Seborrheic dermatitis
nejm,all_I=pixelate_S=3,694,image_694.jpg,Antineutrophil cytoplasmic autoantibody,Antineutrophil cytoplasmic autoantibody
nejm,all_I=pixelate_S=3,695,image_695.jpg,Eruptive xanthomas,Eruptive xanthomas
nejm,all_I=pixelate_S=3,696,image_696.jpg,Glomus tympanicum,Glomus tympanicum
nejm,all_I=pixelate_S=3,697,image_697.jpg,Gastrointestinal amyloidosis,Gastrointestinal amyloidosis
nejm,all_I=pixelate_S=3,698,image_698.jpg,Aspergillosis,Plombage
nejm,all_I=pixelate_S=3,699,image_699.jpg,Measles,Measles
nejm,all_I=pixelate_S=3,700,image_700.jpg,Bullous impetigo,Linear IgA bullous dermatosis
nejm,all_I=pixelate_S=3,701,image_701.jpg,Bilateral peritonsillar abscesses,Bilateral peritonsillar abscesses
nejm,all_I=pixelate_S=3,702,image_702.jpg,Sarcoidosis,Sarcoidosis
nejm,all_I=pixelate_S=3,703,image_703.jpg,Pneumothorax,Pulmonary embolism
nejm,all_I=pixelate_S=3,704,image_704.jpg,Disseminated aspergillosis,Disseminated coccidioidomycosis
nejm,all_I=pixelate_S=3,705,image_705.jpg,Amyloid purpura,Amyloid purpura
nejm,all_I=pixelate_S=3,706,image_706.jpg,Cat scratch disease,Tuberculosis
nejm,all_I=pixelate_S=3,707,image_707.jpg,Lymphangioleiomyomatosis,Lymphangioleiomyomatosis
nejm,all_I=pixelate_S=3,708,image_708.jpg,Ketamine,Cocaine
nejm,all_I=pixelate_S=3,709,image_709.jpg,Dandy-Walker malformation,Basilar artery aneurysm
nejm,all_I=pixelate_S=3,710,image_710.jpg,Bismuth poisoning,Lead poisoning
nejm,all_I=pixelate_S=3,711,image_711.jpg,Carpal tunnel syndrome,Radial artery thrombosis
nejm,all_I=pixelate_S=3,712,image_712.jpg,Silver nitrate,Gold
nejm,all_I=pixelate_S=3,713,image_713.jpg,Quadriceps tendon ruptures,Quadriceps tendon ruptures
nejm,all_I=pixelate_S=3,714,image_714.jpg,Right ureterovesical calculus,Right ureterovesical calculus
nejm,all_I=pixelate_S=3,715,image_715.jpg,Bilateral cryptorchidism,Retroperitoneal hemorrhage
nejm,all_I=pixelate_S=3,716,image_716.jpg,Benign essential blepharospasm,Myasthenia gravis
nejm,all_I=pixelate_S=3,717,image_717.jpg,Pyoderma gangrenosum,Pyoderma gangrenosum
nejm,all_I=pixelate_S=3,718,image_718.jpg,Median rhomboid glossitis,Median rhomboid glossitis
nejm,all_I=pixelate_S=3,719,image_719.jpg,Herpetic whitlow,Spider bite
nejm,all_I=pixelate_S=3,720,image_720.jpg,Crohn's disease,Bowel infarction
nejm,all_I=pixelate_S=3,721,image_721.jpg,Narrow angle glaucoma,Narrow angle glaucoma
nejm,all_I=pixelate_S=3,722,image_722.jpg,Pseudomelanosis duodeni,Pseudomelanosis duodeni
nejm,all_I=pixelate_S=3,723,image_723.jpg,Angioid streaks,Ocular myiasis
nejm,all_I=pixelate_S=3,724,image_724.jpg,Hypophosphatasia,Colon cancer
nejm,all_I=pixelate_S=3,725,image_725.jpg,Calcium pyrophosphate dihydrate,Cholesterol
nejm,all_I=pixelate_S=3,726,image_726.jpg,Palmoplantar keratoderma,Tripe palms
nejm,all_I=pixelate_S=3,727,image_727.jpg,Fluoroquinolone antibiotic,Fluoroquinolone antibiotic
nejm,all_I=pixelate_S=3,728,image_728.jpg,Mitral-valve repair,Mitral-valve repair
nejm,all_I=pixelate_S=3,729,image_729.jpg,Sarcoidosis,Non–small-cell lung cancer
nejm,all_I=pixelate_S=3,730,image_730.jpg,Trimethoprim,Minocycline
nejm,all_I=pixelate_S=3,731,image_731.jpg,Hepatoduodenal ligament,Falciform ligament
nejm,all_I=pixelate_S=3,732,image_732.jpg,Skin biopsy,Chest imaging
nejm,all_I=pixelate_S=3,733,image_733.jpg,Basal cell carcinoma,Lentigo maligna
nejm,all_I=pixelate_S=3,734,image_734.jpg,Squamous-cell carcinoma,Herpes zoster
nejm,all_I=pixelate_S=3,735,image_735.jpg,Horner’s syndrome,Tabes dorsalis
nejm,all_I=pixelate_S=3,736,image_736.jpg,Therapeutic Phlebotomy,Chelation Therapy
nejm,all_I=pixelate_S=3,737,image_737.jpg,Pyloric outlet obstruction,Meckel's diverticulum
nejm,all_I=pixelate_S=3,738,image_738.jpg,Gingival melanoma,Gingival melanoma
nejm,all_I=pixelate_S=3,739,image_739.jpg,Gout,Gout
nejm,all_I=pixelate_S=3,740,image_740.jpg,Mastectomy,Penicillin
nejm,all_I=pixelate_S=3,741,image_741.jpg,Meconium ileus,Hirschsprung’s disease
nejm,all_I=pixelate_S=3,742,image_742.jpg,Esophageal carcinoma,Diffuse esophageal spasm
nejm,all_I=pixelate_S=3,743,image_743.jpg,Hiatal hernia,Diffuse esophageal spasm
nejm,all_I=pixelate_S=3,744,image_744.jpg,Cirrhosis,Superior vena caval obstruction
nejm,all_I=pixelate_S=3,745,image_745.jpg,Papillary fibroelastoma,Redundant mitral valve
nejm,all_I=pixelate_S=3,746,image_746.jpg,Pneumatosis coli,Bezoar
nejm,all_I=pixelate_S=3,747,image_747.jpg,Syphilitic chancre,Squamous-cell carcinoma
nejm,all_I=pixelate_S=3,748,image_748.jpg,Intra-abdominal abscess,Bowel ischemia
nejm,all_I=pixelate_S=3,749,image_749.jpg,Pericardial hydatid cysts,Pericardial metastases
nejm,all_I=pixelate_S=3,750,image_750.jpg,Papular acrodermatitis,Molluscum contagiosum
nejm,all_I=pixelate_S=3,751,image_751.jpg,Scleromyxedema,Scleromyxedema
nejm,all_I=pixelate_S=3,752,image_752.jpg,Umbilical hernia,Portal hypertension
nejm,all_I=pixelate_S=3,753,image_753.jpg,Proteus syndrome,Neurofibromatosis
nejm,all_I=pixelate_S=3,754,image_754.jpg,Paraesophageal hernia,Paraesophageal hernia
nejm,all_I=pixelate_S=3,755,image_755.jpg,Pyogenic granuloma,Pyogenic granuloma
nejm,all_I=pixelate_S=3,756,image_756.jpg,Meningioma,Plasmacytoma
nejm,all_I=pixelate_S=3,757,image_757.jpg,Pyostomatitis vegetans,Pyostomatitis vegetans
nejm,all_I=pixelate_S=3,758,image_758.jpg,Hepatocellular carcinoma,Echinococcosis
nejm,all_I=pixelate_S=3,759,image_759.jpg,Psoriasis,Malignancy
nejm,all_I=pixelate_S=3,760,image_760.jpg,Blastic plasmacytoid dendritic-cell neoplasm,Blastic plasmacytoid dendritic-cell neoplasm
nejm,all_I=pixelate_S=3,761,image_761.jpg,Emphysematous pyelonephritis,Emphysematous pyelonephritis
nejm,all_I=pixelate_S=3,762,image_762.jpg,Acne,Syphilis
nejm,all_I=pixelate_S=3,763,image_763.jpg,Congenital syphilis,Congenital syphilis
nejm,all_I=pixelate_S=3,764,image_764.jpg,Polyostotic fibrous dysplasia,Marrow hyperplasia
nejm,all_I=pixelate_S=3,765,image_765.jpg,Hairy-cell leukemia,Hairy-cell leukemia
nejm,all_I=pixelate_S=3,766,image_766.jpg,Portal vein,Right bronchial tree
nejm,all_I=pixelate_S=3,767,image_767.jpg,Calciphylaxis,Osteonecrosis
nejm,all_I=pixelate_S=3,768,image_768.jpg,Thyrohyoid membrane,Killian’s triangle
nejm,all_I=pixelate_S=3,769,image_769.jpg,Primary Pericardial Mesothelioma,Constrictive Pericarditis
nejm,all_I=pixelate_S=3,770,image_770.jpg,Hydralazine,Amiodarone
nejm,all_I=pixelate_S=3,771,image_771.jpg,Henoch-Schönlein purpura,Henoch-Schönlein purpura
nejm,all_I=pixelate_S=3,772,image_772.jpg,Bladder perforation,Neurogenic megacolon
nejm,all_I=pixelate_S=3,773,image_773.jpg,Magnesium hydroxide,Bismuth Salicylate
nejm,all_I=pixelate_S=3,774,image_774.jpg,Cutaneous leishmaniasis,Bot fly
nejm,all_I=pixelate_S=3,775,image_775.jpg,Calcified polyp,Tooth
nejm,all_I=pixelate_S=3,776,image_776.jpg,Madura foot,Chromoblastomycosis
nejm,all_I=pixelate_S=3,777,image_777.jpg,Pancreatitis,Pylephlebitis
nejm,all_I=pixelate_S=3,778,image_778.jpg,Ipratropium bromide,Propofol
nejm,all_I=pixelate_S=3,779,image_779.jpg,Tabes dorsalis,Central pontine myelinolysis
nejm,all_I=pixelate_S=3,780,image_780.jpg,Diverticulitis,Intussusception
nejm,all_I=pixelate_S=3,781,image_781.jpg,Alopecia areata,Alopecia areata
nejm,all_I=pixelate_S=3,782,image_782.jpg,Furuncle,Merkel-cell carcinoma
nejm,all_I=pixelate_S=3,783,image_783.jpg,Candida albicans infection,Candida albicans infection
nejm,all_I=pixelate_S=3,784,image_784.jpg,Pilonidal sinus,Keratoacanthoma
nejm,all_I=pixelate_S=3,785,image_785.jpg,Laryngocele,Laryngocele
nejm,all_I=pixelate_S=3,786,image_786.jpg,Peutz-Jeghers's syndrome,Peutz-Jeghers's syndrome
nejm,all_I=pixelate_S=3,787,image_787.jpg,Pyoderma gangrenosum,Ecthyma gangrenosum
nejm,all_I=pixelate_S=3,788,image_788.jpg,Cutaneous small vessel vasculitis,Intravascular lymphoma
nejm,all_I=pixelate_S=3,789,image_789.jpg,Acanthosis nigricans,Crusted scabies
nejm,all_I=pixelate_S=3,790,image_790.jpg,Eggs hatch in the small intestine,Larvae penetrate the lungs
nejm,all_I=pixelate_S=3,791,image_791.jpg,Bladder cancer metastases,Autoimmune keratitis
nejm,all_I=pixelate_S=3,792,image_792.jpg,Pancreatic pseudocyst,Enteric duplication cyst
nejm,all_I=pixelate_S=3,793,image_793.jpg,Atrophic glossitis,Hypoglossal nerve palsy
nejm,all_I=pixelate_S=3,794,image_794.jpg,Chewing tobacco,Melanoma
nejm,all_I=pixelate_S=3,795,image_795.jpg,Voriconazole-induced periostitis,Voriconazole-induced periostitis
nejm,all_I=pixelate_S=3,796,image_796.jpg,Pancreatic pseudocyst,Emphysematous cholecystitis
nejm,all_I=pixelate_S=3,797,image_797.jpg,Clomiphene,Bicalutamide
nejm,all_I=pixelate_S=3,798,image_798.jpg,Neurofibromatosis type 2,Neurofibromatosis type 2
nejm,all_I=pixelate_S=3,799,image_799.jpg,Hand foot and mouth disease,Secondary syphilis
nejm,all_I=pixelate_S=3,800,image_800.jpg,Cowden syndrome,Cowden syndrome
nejm,all_I=pixelate_S=3,801,image_801.jpg,Toxicodendron radicans (poison ivy),Shiitake mushrooms
nejm,all_I=pixelate_S=3,802,image_802.jpg,Type 1 diabetes,Graves' disease
nejm,all_I=pixelate_S=3,803,image_803.jpg,Acute mesenteric ischemia,Acute mesenteric ischemia
nejm,all_I=pixelate_S=3,804,image_804.jpg,Arsenic toxicity,Arsenic toxicity
nejm,all_I=pixelate_S=3,805,image_805.jpg,Pneumothorax,Pectus excavatum
nejm,all_I=pixelate_S=3,806,image_806.jpg,Listeriosis,Nocardiosis
nejm,all_I=pixelate_S=3,807,image_807.jpg,Metastatic melanoma,Laxative use
nejm,all_I=pixelate_S=3,808,image_808.jpg,Sinusitis,Dermatomyositis
nejm,all_I=pixelate_S=3,809,image_809.jpg,Familial trichomegaly,EGFR inhibition
nejm,all_I=pixelate_S=3,810,image_810.jpg,Hidrocystoma,Keratoacanthoma
nejm,all_I=pixelate_S=3,811,image_811.jpg,Tinea circinata,Tinea circinata
nejm,all_I=pixelate_S=3,812,image_812.jpg,Rheumatic fever,Diphtheria
nejm,all_I=pixelate_S=3,813,image_813.jpg,Oral lichen planus,Pernicious anemia
nejm,all_I=pixelate_S=3,814,image_814.jpg,Hepatocellular carcinoma,Cirrhosis
nejm,all_I=pixelate_S=3,815,image_815.jpg,Frey's syndrome,Angioedema
nejm,all_I=pixelate_S=3,816,image_816.jpg,Metastatic disease of the nail bed,Chemotherapy
nejm,all_I=pixelate_S=3,817,image_817.jpg,Obturator hernia,Obturator hernia
nejm,all_I=pixelate_S=3,818,image_818.jpg,Takotsubo cardiomyopathy,Takotsubo cardiomyopathy
nejm,all_I=pixelate_S=3,819,image_819.jpg,Intravitreal antimicrobial injections,Intravitreal antimicrobial injections
nejm,all_I=pixelate_S=3,820,image_820.jpg,Herpes zoster ophthalmicus,Herpes zoster ophthalmicus
nejm,all_I=pixelate_S=3,821,image_821.jpg,Uremic arteriopathy,Nephrogenic fibrosing dermopathy
nejm,all_I=pixelate_S=3,822,image_822.jpg,Rosacea,Cutaneous lupus
nejm,all_I=pixelate_S=3,823,image_823.jpg,Acral lentiginous melanoma,Tinea nigra
nejm,all_I=pixelate_S=3,824,image_824.jpg,Osmotic demyelination syndrome,Osmotic demyelination syndrome
nejm,all_I=pixelate_S=3,825,image_825.jpg,Pyogenic liver abscess,Emphysematous hepatitis
nejm,all_I=pixelate_S=3,826,image_826.jpg,Acanthosis nigricans,Bowenoid papulosis
nejm,all_I=pixelate_S=3,827,image_827.jpg,Autoantibodies to desmosomes in the epidermis,IgG and complement deposition at the dermis-epidermis junction
nejm,all_I=pixelate_S=3,828,image_828.jpg,Behçet's disease,Sjögren's syndrome
nejm,all_I=pixelate_S=3,829,image_829.jpg,Anterior uveitis,Herpes simplex virus infection
nejm,all_I=pixelate_S=3,830,image_830.jpg,Erysipelas,Herpetic whitlow
nejm,all_I=pixelate_S=3,831,image_831.jpg,Anti-ribonucleoprotein antibody,Anticentromere antibody
nejm,all_I=pixelate_S=3,832,image_832.jpg,Tophaceous gout,Calcinosis
nejm,all_I=pixelate_S=3,833,image_833.jpg,Graves' ophthalmopathy,Retinal detachment
nejm,all_I=pixelate_S=3,834,image_834.jpg,Verbal agnosia,Binocular visual loss
nejm,all_I=pixelate_S=3,835,image_835.jpg,Trichotillomania,Syphilitic alopecia
nejm,all_I=pixelate_S=3,836,image_836.jpg,Cardiac amyloidosis,Constrictive pericarditis
nejm,all_I=pixelate_S=3,837,image_837.jpg,Coins in the nasal cavity,Button magnets in the nasal cavity
nejm,all_I=pixelate_S=3,838,image_838.jpg,Testing for herpes simplex virus,Testing for bacterial and viral respiratory pathogens
nejm,all_I=pixelate_S=3,839,image_839.jpg,Paget's disease,Bone marrow hyperplasia
nejm,all_I=pixelate_S=3,840,image_840.jpg,Condyloma acuminatum,Condyloma acuminatum
nejm,all_I=pixelate_S=3,841,image_841.jpg,Emphysematous pyelonephritis,Emphysematous pyelonephritis
nejm,all_I=pixelate_S=3,842,image_842.jpg,Presence of erythema,Delay in surgical intervention >24 hours
nejm,all_I=pixelate_S=3,843,image_843.jpg,Primary hyperaldosteronism,Pheochromocytoma
nejm,all_I=pixelate_S=3,844,image_844.jpg,Molluscum contagiosum,Cryptococcus neoformans
nejm,all_I=pixelate_S=3,845,image_845.jpg,Rupture of the trapezius muscle,Lipodystrophy
nejm,all_I=pixelate_S=3,846,image_846.jpg,Infection is typically localized to the site of inoculation.,Transmission is associated with aerosolized contaminated soil exposure.
nejm,all_I=pixelate_S=3,847,image_847.jpg,Epidermolysis bullosa,Zinc deficiency
nejm,all_I=pixelate_S=3,848,image_848.jpg,Chronic paronychia,Psoriasis
nejm,all_I=pixelate_S=3,849,image_849.jpg,Paronychia,Cutaneous leishmaniasis
nejm,all_I=pixelate_S=3,850,image_850.jpg,Retinal ischemia,Retinal ischemia
nejm,all_I=pixelate_S=3,851,image_851.jpg,Rat bite fever,Rat bite fever
nejm,all_I=pixelate_S=3,852,image_852.jpg,Phlegmasia cerulea dolens,Arterial insufficiency
nejm,all_I=pixelate_S=3,853,image_853.jpg,Glaucoma,Ochronosis
nejm,all_I=pixelate_S=3,854,image_854.jpg,Retrograde epistaxis,Adverse reaction to systemic antibiotics
nejm,all_I=pixelate_S=3,855,image_855.jpg,Necrobiosis lipoidica diabeticorum,Necrobiosis lipoidica diabeticorum
nejm,all_I=pixelate_S=3,856,image_856.jpg,Blue nevus,Invasive ductal carcinoma
nejm,all_I=pixelate_S=3,857,image_857.jpg,Reactive perforating collagenosis,Reactive perforating collagenosis
nejm,all_I=pixelate_S=3,858,image_858.jpg,Intraorbital foreign body,Skull fracture
nejm,all_I=pixelate_S=3,859,image_859.jpg,Fordyce granules,Herpes zoster
nejm,all_I=pixelate_S=3,860,image_860.jpg,Lichen planus,Lichen planus
nejm,all_I=pixelate_S=3,861,image_861.jpg,Multiple endocrine neoplasia type 1,Multiple endocrine neoplasia type 1
nejm,all_I=pixelate_S=3,862,image_862.jpg,Scleredema of diabetes,Necrolytic migratory erythema
nejm,all_I=pixelate_S=3,863,image_863.jpg,Catamenial pneumothorax,Thoracic endometriosis
nejm,all_I=pixelate_S=3,864,image_864.jpg,Lipoatrophy,Lipoatrophy
nejm,all_I=pixelate_S=3,865,image_865.jpg,Hemoglobin A1c,Wound culture
nejm,all_I=pixelate_S=3,866,image_866.jpg,Necrotizing anterior scleritis,Necrotizing anterior scleritis
nejm,all_I=pixelate_S=3,867,image_867.jpg,Lymphoma,Lymphoma
nejm,all_I=pixelate_S=3,868,image_868.jpg,Periorbital cellulitis,Carotid cavernous fistula
nejm,all_I=pixelate_S=3,869,image_869.jpg,Henoch-Schönlein purpura,Henoch-Schönlein purpura
nejm,all_I=pixelate_S=3,870,image_870.jpg,Acral lentiginous melanoma,Acral lentiginous melanoma
nejm,all_I=pixelate_S=3,871,image_871.jpg,Doxorubicin,Doxorubicin
nejm,all_I=pixelate_S=3,872,image_872.jpg,Chronic urticaria,Generalized granuloma annulare
nejm,all_I=pixelate_S=3,873,image_873.jpg,Arrhythmogenic right ventricular cardiomyopathy,Arrhythmogenic right ventricular cardiomyopathy
nejm,all_I=pixelate_S=3,874,image_874.jpg,Tuberculosis,Tuberculosis
nejm,all_I=pixelate_S=3,875,image_875.jpg,Amoxicillin rash in infectious mononucleosis,Amoxicillin rash in infectious mononucleosis
nejm,all_I=pixelate_S=3,876,image_876.jpg,Baker's cyst,Baker's cyst
nejm,all_I=pixelate_S=3,877,image_877.jpg,Cavernous angioma,Arachnoid cyst
nejm,all_I=pixelate_S=3,878,image_878.jpg,Naegleria fowleri,Naegleria fowleri
nejm,all_I=pixelate_S=3,879,image_879.jpg,Toxoplasma gondii,Strongyloides stercoralis
nejm,all_I=pixelate_S=3,880,image_880.jpg,Congenital diaphragmatic hernia,Duodenal atresia
nejm,all_I=pixelate_S=3,881,image_881.jpg,Cholesteatoma,Tympanic hyperectasis
nejm,all_I=pixelate_S=3,882,image_882.jpg,Drug-induced hypersensitivity syndrome,Disseminated varicella infection
nejm,all_I=pixelate_S=3,883,image_883.jpg,Ehlers-Danlos syndrome,Ehlers-Danlos syndrome
nejm,all_I=pixelate_S=3,884,image_884.jpg,Bedbug bites,Bedbug bites
nejm,all_I=pixelate_S=3,885,image_885.jpg,Aspergillosis,Actinomycosis
nejm,all_I=pixelate_S=3,886,image_886.jpg,Diaphragmatic eventeration,Cardiac tamponade
nejm,all_I=pixelate_S=3,887,image_887.jpg,Ectopia lentis,Ectopia lentis
nejm,all_I=pixelate_S=3,888,image_888.jpg,Polysomnography,Polysomnography
nejm,all_I=pixelate_S=3,889,image_889.jpg,Calcium pyrophosphate dihydrate,Monosodium urate
nejm,all_I=pixelate_S=3,890,image_890.jpg,Heparin-induced thrombocytopenia,Cholesterol embolization
nejm,all_I=pixelate_S=3,891,image_891.jpg,Left Atrial Appendage Thrombus,Giant Coronary Aneurysm
nejm,all_I=pixelate_S=3,892,image_892.jpg,Rheumatoid factor,Creatine kinase
nejm,all_I=pixelate_S=3,893,image_893.jpg,Kaposi’s sarcoma,Kaposi’s sarcoma
nejm,all_I=pixelate_S=3,894,image_894.jpg,Zidovudine,Zidovudine
nejm,all_I=pixelate_S=3,895,image_895.jpg,Hemophilia A,Hemophilia A
nejm,all_I=pixelate_S=3,896,image_896.jpg,Babesia microti,Capnocytophaga canimorsus
nejm,all_I=pixelate_S=3,897,image_897.jpg,Silicosis,Idiopathic pulmonary fibrosis
nejm,all_I=pixelate_S=3,898,image_898.jpg,Superior vena cava syndrome,Superior vena cava syndrome
nejm,all_I=pixelate_S=3,899,image_899.jpg,Medial epicondylitis,Gout nodulosis
nejm,all_I=pixelate_S=3,900,image_900.jpg,Orbital metastasis,Orbital metastasis
nejm,all_I=pixelate_S=3,901,image_901.jpg,Oral candidiasis,Herpetic glossitis
nejm,all_I=pixelate_S=3,902,image_902.jpg,Otomycosis,Fracture of the temporal bone
nejm,all_I=pixelate_S=3,903,image_903.jpg,Flare of systemic lupus erythematosus,Extrapulmonary manifestation of tuberculosis
nejm,all_I=pixelate_S=3,904,image_904.jpg,Central retinal vein occlusion,Papilledema
nejm,all_I=pixelate_S=3,905,image_905.jpg,Bacterial uveitis,Intraocular parasite infection
nejm,all_I=pixelate_S=3,906,image_906.jpg,Rifampin,Voriconazole
nejm,all_I=pixelate_S=3,907,image_907.jpg,Porphyria cutanea tarda,Porphyria cutanea tarda
nejm,all_I=pixelate_S=3,908,image_908.jpg,Plasmodium vivax,Plasmodium vivax
nejm,all_I=pixelate_S=3,909,image_909.jpg,Left anterior descending artery,Left anterior descending artery
nejm,all_I=pixelate_S=3,910,image_910.jpg,Acute myelogenous leukemia,Lead poisoning
nejm,all_I=pixelate_S=3,911,image_911.jpg,Symblepharon,Symblepharon
nejm,all_I=pixelate_S=3,912,image_912.jpg,Hemochromatosis,Pelvic spleen
nejm,all_I=pixelate_S=3,913,image_913.jpg,Phenytoin use,COPD
nejm,all_I=pixelate_S=3,914,image_914.jpg,Creutzfeldt-Jakob disease,Granulomatous amebic encephalitis
nejm,all_I=pixelate_S=3,915,image_915.jpg,Condylomata lata,Tuberous sclerosis
nejm,all_I=pixelate_S=3,916,image_916.jpg,Familial multiple lipomatosis,Familial multiple lipomatosis
nejm,all_I=pixelate_S=3,917,image_917.jpg,Hypertrophic cardiomyopathy,Uremic pericarditis
nejm,all_I=pixelate_S=3,918,image_918.jpg,Erythema infectiosum,Cold agglutinin disease
nejm,all_I=pixelate_S=3,919,image_919.jpg,Scleroderma,Calciphylaxis
nejm,all_I=pixelate_S=3,920,image_920.jpg,Pigmentary mosaicism,Pigmentary mosaicism
nejm,all_I=pixelate_S=3,921,image_921.jpg,Mucocutaneous Epstein–Barr virus,Mycoplasma pneumoniae-associated mucositis
nejm,all_I=pixelate_S=3,922,image_922.jpg,Syphilis,Malignant melanoma
nejm,all_I=pixelate_S=3,923,image_923.jpg,Eagle’s syndrome,Cervical spondyloarthropathy
nejm,all_I=pixelate_S=3,924,image_924.jpg,Allergic bronchopulmonary aspergillosis,Chronic eosinophilic pneumonia
nejm,all_I=pixelate_S=3,925,image_925.jpg,Onychomycosis,Yellow-nail syndrome
nejm,all_I=pixelate_S=3,926,image_926.jpg,Streptococcal cellulitis with lymphangitis,Streptococcal cellulitis with lymphangitis
nejm,all_I=pixelate_S=3,927,image_927.jpg,Cauliflower ear,Lepromatous Leprosy
nejm,all_I=pixelate_S=3,928,image_928.jpg,Hashimoto thyroiditis,Ectopic thyroid
nejm,all_I=pixelate_S=3,929,image_929.jpg,Immune thrombocytopenia purpura (ITP),Leukemia cutis
nejm,all_I=pixelate_S=3,930,image_930.jpg,Nasal foreign body,Pituitary tumor
nejm,all_I=pixelate_S=3,931,image_931.jpg,Bullous pemphigoid,Coronary angiography
nejm,all_I=pixelate_S=3,932,image_932.jpg,Erythema multiforme,Secondary syphilis
nejm,all_I=pixelate_S=3,933,image_933.jpg,Pneumopericardium,Pneumopericardium
nejm,all_I=pixelate_S=3,934,image_934.jpg,Stroke,Stroke
nejm,all_I=pixelate_S=3,935,image_935.jpg,Porphyria cutanea tarda,Porphyria cutanea tarda
nejm,all_I=pixelate_S=3,936,image_936.jpg,Pigmented villonodular synovitis,Synovial chondromatosis
nejm,all_I=pixelate_S=3,937,image_937.jpg,Psoriasis,Endocarditis
nejm,all_I=pixelate_S=3,938,image_938.jpg,Psoriasis,Bacterial dermatitis
nejm,all_I=pixelate_S=3,939,image_939.jpg,Androgenic alopecia,Hypothyroidism
nejm,all_I=pixelate_S=3,940,image_940.jpg,Vitamin B12 deficiency,Diabetes mellitus
nejm,all_I=pixelate_S=3,941,image_941.jpg,Acute esophageal necrosis,Acute esophageal necrosis
nejm,all_I=pixelate_S=3,942,image_942.jpg,Chelation therapy,Chelation therapy
nejm,all_I=pixelate_S=3,943,image_943.jpg,Plombage,Diaphragmatic rupture
nejm,all_I=pixelate_S=3,944,image_944.jpg,Placenta increta,Placenta increta
nejm,all_I=pixelate_S=3,945,image_945.jpg,Erythema ab igne,Erythema ab igne
nejm,all_I=pixelate_S=3,946,image_946.jpg,Erythromelalgia,Erythromelalgia
nejm,all_I=pixelate_S=3,947,image_947.jpg,Pearly penile papules,Pearly penile papules
nejm,all_I=scale_down_S=3,1,image_1.jpg,"Hand, foot, and mouth disease","Hand, foot, and mouth disease"
nejm,all_I=scale_down_S=3,2,image_2.jpg,Lyme disease,Tularemia
nejm,all_I=scale_down_S=3,3,image_3.jpg,Lichen planus,Dermatomyositis
nejm,all_I=scale_down_S=3,4,image_4.jpg,Peritonsillar abscess,Epiglottitis
nejm,all_I=scale_down_S=3,5,image_5.jpg,Food allergy,Frey’s syndrome
nejm,all_I=scale_down_S=3,6,image_6.jpg,Hemiplegia,Hemiplegia
nejm,all_I=scale_down_S=3,7,image_7.jpg,Pericardial effusion,Paraesophageal hernia
nejm,all_I=scale_down_S=3,8,image_8.jpg,Pneumatosis intestinalis,Pneumatosis intestinalis
nejm,all_I=scale_down_S=3,9,image_9.jpg,Separation of the iris,Separation of the iris
nejm,all_I=scale_down_S=3,10,image_10.jpg,Polycystic liver disease,Polycystic liver disease
nejm,all_I=scale_down_S=3,11,image_11.jpg,Lepromatous leprosy,Lepromatous leprosy
nejm,all_I=scale_down_S=3,12,image_12.jpg,Pulmonary embolism,Chondroblastic osteosarcoma
nejm,all_I=scale_down_S=3,13,image_13.jpg,Pseudoclubbing,Pseudoclubbing
nejm,all_I=scale_down_S=3,14,image_14.jpg,Primary hyperoxaluria,Primary hyperoxaluria
nejm,all_I=scale_down_S=3,15,image_15.jpg,Ogilvie’s Syndrome (acute colonic pseudo-obstruction),Cecal volvulus
nejm,all_I=scale_down_S=3,16,image_16.jpg,Varicella,Varicella
nejm,all_I=scale_down_S=3,17,image_17.jpg,Middle cerebral artery stroke,Metronidazole-associated encephalopathy
nejm,all_I=scale_down_S=3,18,image_18.jpg,Knife-cut ulcers from Crohn’s disease,Knife-cut ulcers from Crohn’s disease
nejm,all_I=scale_down_S=3,19,image_19.jpg,Right sixth cranial nerve palsy,Right sixth cranial nerve palsy
nejm,all_I=scale_down_S=3,20,image_20.jpg,Punctate palmoplantar keratoderma,Punctate palmoplantar keratoderma
nejm,all_I=scale_down_S=3,21,image_21.jpg,Corectopia,Coloboma
nejm,all_I=scale_down_S=3,22,image_22.jpg,Chemotherapy,Chemotherapy
nejm,all_I=scale_down_S=3,23,image_23.jpg,Multiple biliary hamartomas,Multiple biliary hamartomas
nejm,all_I=scale_down_S=3,24,image_24.jpg,Leukemia cutis,Graft-versus-host disease
nejm,all_I=scale_down_S=3,25,image_25.jpg,Blastomycosis,Celiac disease
nejm,all_I=scale_down_S=3,26,image_26.jpg,Pyogenic granuloma,Amelanotic melanoma
nejm,all_I=scale_down_S=3,27,image_27.jpg,Thrombotic thrombocytopenic purpura,Thrombotic thrombocytopenic purpura
nejm,all_I=scale_down_S=3,28,image_28.jpg,Intracranial hemorrhage,Meningioma
nejm,all_I=scale_down_S=3,29,image_29.jpg,Inguinal hernia,Metastatic inguinal lymphadenopathy
nejm,all_I=scale_down_S=3,30,image_30.jpg,Minocycline-induced pigmentation,Minocycline-induced pigmentation
nejm,all_I=scale_down_S=3,31,image_31.jpg,Scabies,Scabies
nejm,all_I=scale_down_S=3,32,image_32.jpg,Fibrous dysplasia,Osteopetrosis
nejm,all_I=scale_down_S=3,33,image_33.jpg,Lipoid pneumonia,Desquamative interstitial pneumonia
nejm,all_I=scale_down_S=3,34,image_34.jpg,Calciphylaxis,Waldenstrom's macroglobulinemia
nejm,all_I=scale_down_S=3,35,image_35.jpg,Acute intestinal pseudo-obstruction,Esophagogastric bypass
nejm,all_I=scale_down_S=3,36,image_36.jpg,Scabies,Larva currens from Strongyloides
nejm,all_I=scale_down_S=3,37,image_37.jpg,Emphysematous pyelonephritis,Duodenal perforation
nejm,all_I=scale_down_S=3,38,image_38.jpg,Eclampsia,Adrenal mass
nejm,all_I=scale_down_S=3,39,image_39.jpg,Epidermolysis bullosa,Hereditary hemorrhagic telangiectasia
nejm,all_I=scale_down_S=3,40,image_40.jpg,Amiodarone-induced vortex keratopathy,Amiodarone-induced vortex keratopathy
nejm,all_I=scale_down_S=3,41,image_41.jpg,Metastatic adenocarcinoma,Metastatic adenocarcinoma
nejm,all_I=scale_down_S=3,42,image_42.jpg,Malaria,Babesiosis
nejm,all_I=scale_down_S=3,43,image_43.jpg,Vernal keratoconjunctivitis,Vernal keratoconjunctivitis
nejm,all_I=scale_down_S=3,44,image_44.jpg,Herpetic whitlow,Psoriasis
nejm,all_I=scale_down_S=3,45,image_45.jpg,Age-related macular degeneration,Hydroxychloroquine toxicity
nejm,all_I=scale_down_S=3,46,image_46.jpg,Torus palatinus,Torus palatinus
nejm,all_I=scale_down_S=3,47,image_47.jpg,Temozolomide,Dexamethasone
nejm,all_I=scale_down_S=3,48,image_48.jpg,Crohn’s disease,Acute pancreatitis
nejm,all_I=scale_down_S=3,49,image_49.jpg,Follicular thyroid carcinoma,Bleeding into a thyroid nodule
nejm,all_I=scale_down_S=3,50,image_50.jpg,Pyogenic granuloma,Pyogenic granuloma
nejm,all_I=scale_down_S=3,51,image_51.jpg,Repetitive strain,Assault
nejm,all_I=scale_down_S=3,52,image_52.jpg,Erythema marginatum,Tuberculoid leprosy
nejm,all_I=scale_down_S=3,53,image_53.jpg,Thymoma,Vein-graft aneurysms
nejm,all_I=scale_down_S=3,54,image_54.jpg,Cornea verticillata,Iris atrophy
nejm,all_I=scale_down_S=3,55,image_55.jpg,Pseudohypoparathyroidism,Iron deficiency
nejm,all_I=scale_down_S=3,56,image_56.jpg,Staphylococcal scalded skin syndrome,Leprosy
nejm,all_I=scale_down_S=3,57,image_57.jpg,Psoriasis,Hypercholesterolemia
nejm,all_I=scale_down_S=3,58,image_58.jpg,Systemic infection,Chronic kidney disease
nejm,all_I=scale_down_S=3,59,image_59.jpg,Achalasia,Achalasia
nejm,all_I=scale_down_S=3,60,image_60.jpg,Ocular toxoplasmosis,Malignant hypertension
nejm,all_I=scale_down_S=3,61,image_61.jpg,Kaposi's sarcoma,Cryptococcosis
nejm,all_I=scale_down_S=3,62,image_62.jpg,Lisch nodules,Lisch nodules
nejm,all_I=scale_down_S=3,63,image_63.jpg,Acromegaly,Acromegaly
nejm,all_I=scale_down_S=3,64,image_64.jpg,Left internal mammary vein,Left-sided superior vena cava
nejm,all_I=scale_down_S=3,65,image_65.jpg,Escherichia coli,Blastomyces dermatitidis
nejm,all_I=scale_down_S=3,66,image_66.jpg,Relapsing polychondritis,Relapsing polychondritis
nejm,all_I=scale_down_S=3,67,image_67.jpg,Scrofula,Scrofula
nejm,all_I=scale_down_S=3,68,image_68.jpg,Traumatic spondylolisthesis of the axis (hangman’s fracture),Traumatic spondylolisthesis of the axis (hangman’s fracture)
nejm,all_I=scale_down_S=3,69,image_69.jpg,Handling feline waste,Gardening
nejm,all_I=scale_down_S=3,70,image_70.jpg,Hematoma,Melanoma
nejm,all_I=scale_down_S=3,71,image_71.jpg,Sporotrichosis,Actinomycosis
nejm,all_I=scale_down_S=3,72,image_72.jpg,Itraconazole,Itraconazole
nejm,all_I=scale_down_S=3,73,image_73.jpg,Chiari I malformation,Chiari I malformation
nejm,all_I=scale_down_S=3,74,image_74.jpg,Primary adrenal insufficiency (Addison’s disease),Primary adrenal insufficiency (Addison’s disease)
nejm,all_I=scale_down_S=3,75,image_75.jpg,Herpes zoster,Herpes zoster
nejm,all_I=scale_down_S=3,76,image_76.jpg,Conjunctival hemorrhage,Melanoma
nejm,all_I=scale_down_S=3,77,image_77.jpg,Malignant optic nerve prolapse,Fungal endophthalmitis
nejm,all_I=scale_down_S=3,78,image_78.jpg,Tinea corporis,Urticaria
nejm,all_I=scale_down_S=3,79,image_79.jpg,Gastrospenic fistulization,Gastrospenic fistulization
nejm,all_I=scale_down_S=3,80,image_80.jpg,Dentinogenesis imperfecta,Neonatal hyperbilirubinemia
nejm,all_I=scale_down_S=3,81,image_81.jpg,Drug eruption,Lichen planus
nejm,all_I=scale_down_S=3,82,image_82.jpg,Elephantiasis,Inguinal hernia
nejm,all_I=scale_down_S=3,83,image_83.jpg,Abscess,Insulin-induced lipohypertrophy
nejm,all_I=scale_down_S=3,84,image_84.jpg,Cessation of nitrofurantoin,Cessation of nitrofurantoin
nejm,all_I=scale_down_S=3,85,image_85.jpg,Drug-induced pemphigus,Fixed drug eruption
nejm,all_I=scale_down_S=3,86,image_86.jpg,Cardiac tamponade,Giant right atrium
nejm,all_I=scale_down_S=3,87,image_87.jpg,Rhinophyma,Lupus pernio
nejm,all_I=scale_down_S=3,88,image_88.jpg,Von Hippel-Lindau disease,Von Hippel-Lindau disease
nejm,all_I=scale_down_S=3,89,image_89.jpg,Tungiasis,Myiasis
nejm,all_I=scale_down_S=3,90,image_90.jpg,Left testicular torsion,Left testicular torsion
nejm,all_I=scale_down_S=3,91,image_91.jpg,Pulmonary hypertension,Pulmonary hypertension
nejm,all_I=scale_down_S=3,92,image_92.jpg,Gingival hyperplasia secondary to chemotherapy,Metastasis of colorectal cancer
nejm,all_I=scale_down_S=3,93,image_93.jpg,Pasteurella multocida,Mycobacterium marinum
nejm,all_I=scale_down_S=3,94,image_94.jpg,Mucocele,Syphilitic gumma
nejm,all_I=scale_down_S=3,95,image_95.jpg,Multiple myeloma,Gaucher's disease
nejm,all_I=scale_down_S=3,96,image_96.jpg,Cholesterol crystal embolization,Cholesterol crystal embolization
nejm,all_I=scale_down_S=3,97,image_97.jpg,Condyloma acuminatum,Pearly penile papules
nejm,all_I=scale_down_S=3,98,image_98.jpg,Takayasu arteritis,Polyarteritis nodosa
nejm,all_I=scale_down_S=3,99,image_99.jpg,End-stage renal disease,End-stage renal disease
nejm,all_I=scale_down_S=3,100,image_100.jpg,Abscess,Abscess
nejm,all_I=scale_down_S=3,101,image_101.jpg,Eczema herpeticum,Eczema herpeticum
nejm,all_I=scale_down_S=3,102,image_102.jpg,Warm autoimmune hemolytic anemia,Cold agglutinin syndrome
nejm,all_I=scale_down_S=3,103,image_103.jpg,Scrotal calcinosis,Scrotal calcinosis
nejm,all_I=scale_down_S=3,104,image_104.jpg,Takayasu’s arteritis,Takayasu’s arteritis
nejm,all_I=scale_down_S=3,105,image_105.jpg,Ectopic gallbladder,Gallbladder volvulus
nejm,all_I=scale_down_S=3,106,image_106.jpg,Vesicolithiasis,Bladder diverticula
nejm,all_I=scale_down_S=3,107,image_107.jpg,Gastrogastric intussusception,Gastrogastric intussusception
nejm,all_I=scale_down_S=3,108,image_108.jpg,Pneumatosis cystoides coli,Pneumatosis cystoides coli
nejm,all_I=scale_down_S=3,109,image_109.jpg,Prompt coronary revascularization,Pericardiocentesis
nejm,all_I=scale_down_S=3,110,image_110.jpg,Poststreptococcal pustulosis,Poststreptococcal pustulosis
nejm,all_I=scale_down_S=3,111,image_111.jpg,Rheumatoid arthritis,Osteoarthritis
nejm,all_I=scale_down_S=3,112,image_112.jpg,Palatine tonsillitis,Antrochoanal polyp
nejm,all_I=scale_down_S=3,113,image_113.jpg,Trypanosomiasis,Trypanosomiasis
nejm,all_I=scale_down_S=3,114,image_114.jpg,Ascending cholangitis,Emphysematous cholecystitis
nejm,all_I=scale_down_S=3,115,image_115.jpg,Peutz-Jeghers syndrome,Peutz-Jeghers syndrome
nejm,all_I=scale_down_S=3,116,image_116.jpg,Chronic granulomatous disease,Chronic granulomatous disease
nejm,all_I=scale_down_S=3,117,image_117.jpg,Myelodysplastic syndrome,Decompensated cirrhosis
nejm,all_I=scale_down_S=3,118,image_118.jpg,Liposuction,Gastric bypass
nejm,all_I=scale_down_S=3,119,image_119.jpg,Drug eruption,Sweet’s syndrome
nejm,all_I=scale_down_S=3,120,image_120.jpg,Type II hypersensitivity reaction,Type III hypersensitivity reaction
nejm,all_I=scale_down_S=3,121,image_121.jpg,Thiazolidinedione,Alpha-glucosidase inhibitor
nejm,all_I=scale_down_S=3,122,image_122.jpg,Glioblastoma multiforme,Thrombosed intracranial aneurysm
nejm,all_I=scale_down_S=3,123,image_123.jpg,Multiple sclerosis,Multiple sclerosis
nejm,all_I=scale_down_S=3,124,image_124.jpg,Penicillin allergy,Ludwig's angina
nejm,all_I=scale_down_S=3,125,image_125.jpg,Tinea corporis,Syphilis
nejm,all_I=scale_down_S=3,126,image_126.jpg,Cytomegalovirus retinitis,Malignant hypertension
nejm,all_I=scale_down_S=3,127,image_127.jpg,Praziquantel,Praziquantel
nejm,all_I=scale_down_S=3,128,image_128.jpg,Pruritic urticarial papules and plaques of pregnancy (PUPPP),Pemphigoid gestationis
nejm,all_I=scale_down_S=3,129,image_129.jpg,Seborrheic keratosis,Squamous-cell carcinoma
nejm,all_I=scale_down_S=3,130,image_130.jpg,Pancreatic phlegmon,Small-bowel volvulus
nejm,all_I=scale_down_S=3,131,image_131.jpg,Toxic shock syndrome,Toxic shock syndrome
nejm,all_I=scale_down_S=3,132,image_132.jpg,Epiglottitis,Epiglottitis
nejm,all_I=scale_down_S=3,133,image_133.jpg,Psoriasis,Chemotherapy treatment
nejm,all_I=scale_down_S=3,134,image_134.jpg,Air embolism,Air embolism
nejm,all_I=scale_down_S=3,135,image_135.jpg,Vitamin A deficiency,Vitamin A deficiency
nejm,all_I=scale_down_S=3,136,image_136.jpg,Orf,Anthrax
nejm,all_I=scale_down_S=3,137,image_137.jpg,Pulmonary sarcoidosis,Eosinophilic bronchitis
nejm,all_I=scale_down_S=3,138,image_138.jpg,JAK2,JAK2
nejm,all_I=scale_down_S=3,139,image_139.jpg,Osteosarcoma,Scleroderma
nejm,all_I=scale_down_S=3,140,image_140.jpg,Colovesical fistula,Emphysematous prostatitis
nejm,all_I=scale_down_S=3,141,image_141.jpg,Organophosphates,Nitrous oxide
nejm,all_I=scale_down_S=3,142,image_142.jpg,Closed-angle glaucoma,Malignant hypertension
nejm,all_I=scale_down_S=3,143,image_143.jpg,Nocardiosis,Actinomycosis
nejm,all_I=scale_down_S=3,144,image_144.jpg,Small-bowel obstruction,Sigmoid volvulus
nejm,all_I=scale_down_S=3,145,image_145.jpg,Gastric pneumatosis,Gastric pneumatosis
nejm,all_I=scale_down_S=3,146,image_146.jpg,Conjunctival squamous-cell carcinoma,Conjunctival squamous-cell carcinoma
nejm,all_I=scale_down_S=3,147,image_147.jpg,Pruritic plaques of pregnancy,Herpes gestationis
nejm,all_I=scale_down_S=3,148,image_148.jpg,Aquagenic keratoderma,Aquagenic keratoderma
nejm,all_I=scale_down_S=3,149,image_149.jpg,Keloid,Scrotal calcinosis
nejm,all_I=scale_down_S=3,150,image_150.jpg,Vocal-cord granuloma,Carcinoma
nejm,all_I=scale_down_S=3,151,image_151.jpg,Diabetic retinopathy,Lipemia retinalis
nejm,all_I=scale_down_S=3,152,image_152.jpg,Lead poisoning,Lead poisoning
nejm,all_I=scale_down_S=3,153,image_153.jpg,Tetracyclines,Tetracyclines
nejm,all_I=scale_down_S=3,154,image_154.jpg,Meig's syndrome,Thoracic endometriosis
nejm,all_I=scale_down_S=3,155,image_155.jpg,Struvite,Calcium phosphate
nejm,all_I=scale_down_S=3,156,image_156.jpg,Keratoglobus,Keratoconus
nejm,all_I=scale_down_S=3,157,image_157.jpg,Gout,Gout
nejm,all_I=scale_down_S=3,158,image_158.jpg,Right hypoglossal nerve,Left hypoglossal nerve
nejm,all_I=scale_down_S=3,159,image_159.jpg,Erythema gyratum repens,Tinea imbricata
nejm,all_I=scale_down_S=3,160,image_160.jpg,Mosquito,Mosquito
nejm,all_I=scale_down_S=3,161,image_161.jpg,Self-flagellation,Treatment with bleomycin
nejm,all_I=scale_down_S=3,162,image_162.jpg,Langerhans-cell histiocytosis,Langerhans-cell histiocytosis
nejm,all_I=scale_down_S=3,163,image_163.jpg,Central retinal vein occlusion,Cholesterol embolism
nejm,all_I=scale_down_S=3,164,image_164.jpg,Onychomycosis,Squamous-cell carcinoma
nejm,all_I=scale_down_S=3,165,image_165.jpg,Renal cryptococcosis,Renal cryptococcosis
nejm,all_I=scale_down_S=3,166,image_166.jpg,Leptospirosis,Tungiasis
nejm,all_I=scale_down_S=3,167,image_167.jpg,Hypothyroidism,Coronary artery disease
nejm,all_I=scale_down_S=3,168,image_168.jpg,Liver abscess,Liver abscess
nejm,all_I=scale_down_S=3,169,image_169.jpg,Interlabial cyst,Hydrocolpos
nejm,all_I=scale_down_S=3,170,image_170.jpg,Hemianopia,Hemiparesis
nejm,all_I=scale_down_S=3,171,image_171.jpg,Punctate psoriasis,Keratoderma
nejm,all_I=scale_down_S=3,172,image_172.jpg,Chronic lung allograft dysfunction,Parvovirus B19 infection
nejm,all_I=scale_down_S=3,173,image_173.jpg,Polyarteritis nodosa,Polyarteritis nodosa
nejm,all_I=scale_down_S=3,174,image_174.jpg,Pyloric stenosis,Pyloric stenosis
nejm,all_I=scale_down_S=3,175,image_175.jpg,HIV IgM antibody,HIV nucleic acid test
nejm,all_I=scale_down_S=3,176,image_176.jpg,Urate,Oxalate
nejm,all_I=scale_down_S=3,177,image_177.jpg,Guttate psoriasis,Pemphigus vulgaris
nejm,all_I=scale_down_S=3,178,image_178.jpg,Trypanosoma brucei,Trypanosoma brucei
nejm,all_I=scale_down_S=3,179,image_179.jpg,Drug-Eluting Bead Embolism,Drug-Eluting Bead Embolism
nejm,all_I=scale_down_S=3,180,image_180.jpg,Toxocara canis,Dirofilaria repens
nejm,all_I=scale_down_S=3,181,image_181.jpg,Carcinoma of the tongue,Giant-cell arteritis
nejm,all_I=scale_down_S=3,182,image_182.jpg,Atlanto-axial subluxation,Atlanto-occipital dislocation
nejm,all_I=scale_down_S=3,183,image_183.jpg,Chickenpox,Chickenpox
nejm,all_I=scale_down_S=3,184,image_184.jpg,Aspiration pneumonia,Bronchoesophageal fistula
nejm,all_I=scale_down_S=3,185,image_185.jpg,Williams syndrome,Turner syndrome
nejm,all_I=scale_down_S=3,186,image_186.jpg,Paget's disease,Paget's disease
nejm,all_I=scale_down_S=3,187,image_187.jpg,Squamous-cell carcinoma,Squamous-cell carcinoma
nejm,all_I=scale_down_S=3,188,image_188.jpg,Fibrolipomatous hamartoma of ulnar nerve,Mycobacterial tenosynovitis due to Mycobacterium avium complex
nejm,all_I=scale_down_S=3,189,image_189.jpg,Osteitis fibrosa,Calcinos
nejm,all_I=scale_down_S=3,190,image_190.jpg,Mucocele,Lipoma
nejm,all_I=scale_down_S=3,191,image_191.jpg,Familial hypercholesterolemia,Kawasaki's disease
nejm,all_I=scale_down_S=3,192,image_192.jpg,Multiple bacterial abscesses,Multiple bacterial abscesses
nejm,all_I=scale_down_S=3,193,image_193.jpg,Hidradenitis suppurativa,Hidradenitis suppurativa
nejm,all_I=scale_down_S=3,194,image_194.jpg,Thyrotropin receptor antibodies,Thyrotropin receptor antibodies
nejm,all_I=scale_down_S=3,195,image_195.jpg,Retained suture,Loa loa
nejm,all_I=scale_down_S=3,196,image_196.jpg,Pneumopericardium,Pneumopericardium
nejm,all_I=scale_down_S=3,197,image_197.jpg,Erythema marginatum,Erythema marginatum
nejm,all_I=scale_down_S=3,198,image_198.jpg,Serpentine supravenous hyperpigmentation,Serpentine supravenous hyperpigmentation
nejm,all_I=scale_down_S=3,199,image_199.jpg,Psoriasis,Tinea
nejm,all_I=scale_down_S=3,200,image_200.jpg,Light-near dissociation,Light-near dissociation
nejm,all_I=scale_down_S=3,201,image_201.jpg,Rib metastases,Supernumerary rib
nejm,all_I=scale_down_S=3,202,image_202.jpg,Polychondritis,Polychondritis
nejm,all_I=scale_down_S=3,203,image_203.jpg,Hemophagocytosis of sickle cells,Hemophagocytosis of sickle cells
nejm,all_I=scale_down_S=3,204,image_204.jpg,Cushing's syndrome,Hypogonadism
nejm,all_I=scale_down_S=3,205,image_205.jpg,Pericardial effusion,Esophageal diverticulum
nejm,all_I=scale_down_S=3,206,image_206.jpg,Hidradinitis suppurativa,Pseudoxanthoma elasticum
nejm,all_I=scale_down_S=3,207,image_207.jpg,Amyloid angiopathy,Hereditary hemorrhagic telangiectasia
nejm,all_I=scale_down_S=3,208,image_208.jpg,Aortic and tricuspid valves,Aortic and mitral valves
nejm,all_I=scale_down_S=3,209,image_209.jpg,Median nerve palsy,Albright's hereditary osteodystrophy
nejm,all_I=scale_down_S=3,210,image_210.jpg,Arterial embolism,Polyarteritis nodosa
nejm,all_I=scale_down_S=3,211,image_211.jpg,Osteogenesis imperfecta,Osteogenesis imperfecta
nejm,all_I=scale_down_S=3,212,image_212.jpg,Alzheimer's disease,Normal-pressure hydrocephalus
nejm,all_I=scale_down_S=3,213,image_213.jpg,Elevated opening pressure,Elevated opening pressure
nejm,all_I=scale_down_S=3,214,image_214.jpg,Addison's disease,Insulin resistance
nejm,all_I=scale_down_S=3,215,image_215.jpg,Lymphangitis,Electrocution
nejm,all_I=scale_down_S=3,216,image_216.jpg,Myxoid sarcoma,Cysticercosis
nejm,all_I=scale_down_S=3,217,image_217.jpg,Acute hemorrhagic conjunctivitis,Leptospirosis
nejm,all_I=scale_down_S=3,218,image_218.jpg,Necrobiosis lipoidica diabeticorum,Ischemic gangrene
nejm,all_I=scale_down_S=3,219,image_219.jpg,Inflammatory breast cancer,Carcinoma en cuirasse
nejm,all_I=scale_down_S=3,220,image_220.jpg,Herpetic whitlow,Scabies
nejm,all_I=scale_down_S=3,221,image_221.jpg,Ground-glass opacity,Air bronchogram
nejm,all_I=scale_down_S=3,222,image_222.jpg,Echinococcal cysts,Echinococcal cysts
nejm,all_I=scale_down_S=3,223,image_223.jpg,Chondrocalcinosis,Chondrocalcinosis
nejm,all_I=scale_down_S=3,224,image_224.jpg,Myocarditis,Stenosis of the left anterior descending artery
nejm,all_I=scale_down_S=3,225,image_225.jpg,Papillomatosis cutis lymphostatica,Papillomatosis cutis lymphostatica
nejm,all_I=scale_down_S=3,226,image_226.jpg,Ovarian torsion,Fallopian tube torsion
nejm,all_I=scale_down_S=3,227,image_227.jpg,Rhinophyma,Rhinophyma
nejm,all_I=scale_down_S=3,228,image_228.jpg,Dermoid,Dermoid
nejm,all_I=scale_down_S=3,229,image_229.jpg,Erythrodermic psoriasis,Erythrodermic psoriasis
nejm,all_I=scale_down_S=3,230,image_230.jpg,Graves' disease,Prolapse of orbital fat
nejm,all_I=scale_down_S=3,231,image_231.jpg,Poland syndrome,Poland syndrome
nejm,all_I=scale_down_S=3,232,image_232.jpg,Lingua villosa nigra,Lingua villosa nigra
nejm,all_I=scale_down_S=3,233,image_233.jpg,Interventricular septum,Intercostal muscle
nejm,all_I=scale_down_S=3,234,image_234.jpg,Gastric cancer,Gastric cancer
nejm,all_I=scale_down_S=3,235,image_235.jpg,Nelson’s syndrome,Somatotropic pituitary adenoma
nejm,all_I=scale_down_S=3,236,image_236.jpg,Parvovirus B19,Treponema pallidum
nejm,all_I=scale_down_S=3,237,image_237.jpg,Leukemic infiltration of the gingiva,Leukemic infiltration of the gingiva
nejm,all_I=scale_down_S=3,238,image_238.jpg,Necrobiosis lipoidica diabeticorum,Necrolytic migratory erythema
nejm,all_I=scale_down_S=3,239,image_239.jpg,Closed-angle glaucoma,Waldenström’s macroglobulinemia
nejm,all_I=scale_down_S=3,240,image_240.jpg,Straddle pelvic fracture,Open-book fracture
nejm,all_I=scale_down_S=3,241,image_241.jpg,Tinea barbae,Tinea barbae
nejm,all_I=scale_down_S=3,242,image_242.jpg,"Hand, foot, and mouth disease",Herpetic whitlow
nejm,all_I=scale_down_S=3,243,image_243.jpg,Aortic aneurysm,Urinary retention
nejm,all_I=scale_down_S=3,244,image_244.jpg,Pneumothorax,Pneumothorax
nejm,all_I=scale_down_S=3,245,image_245.jpg,Juvenile xanthogranuloma,Persistent pupillary membranes
nejm,all_I=scale_down_S=3,246,image_246.jpg,Odontogenic cutaneous fistula,Odontogenic cutaneous fistula
nejm,all_I=scale_down_S=3,247,image_247.jpg,Lipodermatosclerosis,Superficial thrombophlebitis
nejm,all_I=scale_down_S=3,248,image_248.jpg,Molluscum contagiosum,Molluscum contagiosum
nejm,all_I=scale_down_S=3,249,image_249.jpg,Cutaneous leishmaniasis,Cutaneous leishmaniasis
nejm,all_I=scale_down_S=3,250,image_250.jpg,Giant-cell arteritis,Giant-cell arteritis
nejm,all_I=scale_down_S=3,251,image_251.jpg,Psoriasis,Antisynthetase syndrome
nejm,all_I=scale_down_S=3,252,image_252.jpg,Tinea corporis,Nummular eczema
nejm,all_I=scale_down_S=3,253,image_253.jpg,Cellulitis,Acute lymphangitis
nejm,all_I=scale_down_S=3,254,image_254.jpg,Graves' disease,Rheumatoid arthritis
nejm,all_I=scale_down_S=3,255,image_255.jpg,Sublingual epidermoid cyst,Sublingual epidermoid cyst
nejm,all_I=scale_down_S=3,256,image_256.jpg,Miliary tuberculosis,Sarcoidosis
nejm,all_I=scale_down_S=3,257,image_257.jpg,Herpes simplex,Syphilis
nejm,all_I=scale_down_S=3,258,image_258.jpg,"Small coins (e.g., a penny)",Foreign bodies that have been present for longer than 24 hours
nejm,all_I=scale_down_S=3,259,image_259.jpg,Electrical alternans,Cardiac allograft
nejm,all_I=scale_down_S=3,260,image_260.jpg,Phlegmasia cerulea dolens,Phlegmasia cerulea dolens
nejm,all_I=scale_down_S=3,261,image_261.jpg,Scarlet fever,Measles
nejm,all_I=scale_down_S=3,262,image_262.jpg,Vernal conjunctivitis,Vernal conjunctivitis
nejm,all_I=scale_down_S=3,263,image_263.jpg,Pericardial space,Left ventricle
nejm,all_I=scale_down_S=3,264,image_264.jpg,Bilirubin,Bilirubin
nejm,all_I=scale_down_S=3,265,image_265.jpg,Acromegaly,Eisenmenger's syndrome
nejm,all_I=scale_down_S=3,266,image_266.jpg,Polycystic kidney disease,Page kidney
nejm,all_I=scale_down_S=3,267,image_267.jpg,Gastric outlet obstruction,Ulcerative colitis
nejm,all_I=scale_down_S=3,268,image_268.jpg,Geographic tongue,Geographic tongue
nejm,all_I=scale_down_S=3,269,image_269.jpg,Multiple Myeloma,Bone marrow necrosis
nejm,all_I=scale_down_S=3,270,image_270.jpg,Permethrin,Permethrin
nejm,all_I=scale_down_S=3,271,image_271.jpg,Hypothyroidism,Hypothyroidism
nejm,all_I=scale_down_S=3,272,image_272.jpg,Preeclampsia,Preeclampsia
nejm,all_I=scale_down_S=3,273,image_273.jpg,Senile ileus,Intestinal lipomatosis
nejm,all_I=scale_down_S=3,274,image_274.jpg,Temporal arteritis,Cholesterol emboli
nejm,all_I=scale_down_S=3,275,image_275.jpg,Aphthous stomatitis,Herpes zoster
nejm,all_I=scale_down_S=3,276,image_276.jpg,Sporotrichosis,Sporotrichosis
nejm,all_I=scale_down_S=3,277,image_277.jpg,Central retinal artery occlusion,Central retinal artery occlusion
nejm,all_I=scale_down_S=3,278,image_278.jpg,Hematometrocolpos,Hematometrocolpos
nejm,all_I=scale_down_S=3,279,image_279.jpg,Angioedema,Superior vena cava syndrome
nejm,all_I=scale_down_S=3,280,image_280.jpg,Sickle cell disease,Cirrhosis
nejm,all_I=scale_down_S=3,281,image_281.jpg,Ménétrier’s disease,Ménétrier’s disease
nejm,all_I=scale_down_S=3,282,image_282.jpg,Pseudothrombocytopenia due to plate clumping associated with EDTA,Pseudothrombocytosis due to red cell fragments
nejm,all_I=scale_down_S=3,283,image_283.jpg,Anterior uveitis,Carotid cavernous sinus fistula
nejm,all_I=scale_down_S=3,284,image_284.jpg,Plastic bronchitis,Plastic bronchitis
nejm,all_I=scale_down_S=3,285,image_285.jpg,Hernia,Intraabdominal cancer
nejm,all_I=scale_down_S=3,286,image_286.jpg,Rosacea,Rosacea
nejm,all_I=scale_down_S=3,287,image_287.jpg,Abdominal aortic aneurysm,Urachal mucinous cystic tumor
nejm,all_I=scale_down_S=3,288,image_288.jpg,Quadriplegia,Quadriplegia
nejm,all_I=scale_down_S=3,289,image_289.jpg,Retinitis pigmentosa,Marfan’s syndrome
nejm,all_I=scale_down_S=3,290,image_290.jpg,Sclerosing sialadenitis,Sclerosing sialadenitis
nejm,all_I=scale_down_S=3,291,image_291.jpg,Cardiac amyloidosis,Angiosarcoma
nejm,all_I=scale_down_S=3,292,image_292.jpg,Chronic venous insufficiency,Chronic venous insufficiency
nejm,all_I=scale_down_S=3,293,image_293.jpg,Retrocuspid papillae,Torus mandibularis
nejm,all_I=scale_down_S=3,294,image_294.jpg,Spindle-cell sarcoma,Spindle-cell sarcoma
nejm,all_I=scale_down_S=3,295,image_295.jpg,Spleen,Stomach
nejm,all_I=scale_down_S=3,296,image_296.jpg,Cogan’s syndrome,Cogan’s syndrome
nejm,all_I=scale_down_S=3,297,image_297.jpg,Salbutamol,Ipratropium
nejm,all_I=scale_down_S=3,298,image_298.jpg,Diabetic bullae,Eruptive xanthomas
nejm,all_I=scale_down_S=3,299,image_299.jpg,Sialolithiasis,Iodide-associated sialadenitis
nejm,all_I=scale_down_S=3,300,image_300.jpg,Peritoneal carcinomatosis,Encapsulating peritoneal sclerosis
nejm,all_I=scale_down_S=3,301,image_301.jpg,Beta2-microglobulin,Calcitonin
nejm,all_I=scale_down_S=3,302,image_302.jpg,Acromegaly,Primary hypertrophic osteoarthropathy
nejm,all_I=scale_down_S=3,303,image_303.jpg,Congenital cytomegalovirus infection,Congenital cytomegalovirus infection
nejm,all_I=scale_down_S=3,304,image_304.jpg,Left anterior descending artery occlusion,Right coronary artery occlusion
nejm,all_I=scale_down_S=3,305,image_305.jpg,Tracheal agenesis with bronchoesophageal fistula,Tracheal agenesis with bronchoesophageal fistula
nejm,all_I=scale_down_S=3,306,image_306.jpg,Prolactin,Angiotensin-converting enzyme
nejm,all_I=scale_down_S=3,307,image_307.jpg,Speckled lentiginous naevi,Neurofibromatosis
nejm,all_I=scale_down_S=3,308,image_308.jpg,Measles,Systemic lupus erythematosus
nejm,all_I=scale_down_S=3,309,image_309.jpg,Granulomatosis with polyangiitis,Granulomatosis with polyangiitis
nejm,all_I=scale_down_S=3,310,image_310.jpg,Cisplatin overdose,Ethylene glycol poisoning
nejm,all_I=scale_down_S=3,311,image_311.jpg,Trichobezoar,Ascariasis
nejm,all_I=scale_down_S=3,312,image_312.jpg,Epstein-Barr virus,Group A streptococcus
nejm,all_I=scale_down_S=3,313,image_313.jpg,Retinoblastoma,Shaken-baby syndrome
nejm,all_I=scale_down_S=3,314,image_314.jpg,Sweet’s syndrome,Exanthematous pustulosis
nejm,all_I=scale_down_S=3,315,image_315.jpg,Infectious mononucleosis,Rubella
nejm,all_I=scale_down_S=3,316,image_316.jpg,Tropical pyoderma,Cutaneous leishmaniasis
nejm,all_I=scale_down_S=3,317,image_317.jpg,Frostbite,Thrombotic vasculopathy
nejm,all_I=scale_down_S=3,318,image_318.jpg,Scalded skin syndrome,Herpes simplex virus infection
nejm,all_I=scale_down_S=3,319,image_319.jpg,Plummer Vinson syndrome,Eosinophilic esophagitis
nejm,all_I=scale_down_S=3,320,image_320.jpg,Pharyngeal foreign body,Prevertebral air
nejm,all_I=scale_down_S=3,321,image_321.jpg,Cows,Cats
nejm,all_I=scale_down_S=3,322,image_322.jpg,Lymphoma,Histoplasmosis
nejm,all_I=scale_down_S=3,323,image_323.jpg,Paragonimiasis,Paragonimiasis
nejm,all_I=scale_down_S=3,324,image_324.jpg,Brachial artery stenosis,Fibromuscular dysplasia
nejm,all_I=scale_down_S=3,325,image_325.jpg,Condylomata acuminata,Condylomata lata
nejm,all_I=scale_down_S=3,326,image_326.jpg,Paget's disease,Adrenal insufficiency
nejm,all_I=scale_down_S=3,327,image_327.jpg,Vitamin B12 deficiency,Vitamin B12 deficiency
nejm,all_I=scale_down_S=3,328,image_328.jpg,Staphylococcal scalded skin syndrome,Ostraceous psoriasis
nejm,all_I=scale_down_S=3,329,image_329.jpg,Condyloma acuminatum,Squamous-cell carcinoma
nejm,all_I=scale_down_S=3,330,image_330.jpg,Conn’s syndrome,Primary adrenal lymphoma
nejm,all_I=scale_down_S=3,331,image_331.jpg,Spider angioma,Spider angioma
nejm,all_I=scale_down_S=3,332,image_332.jpg,Kaposi’s sarcoma,Actinomycetoma
nejm,all_I=scale_down_S=3,333,image_333.jpg,Malignant melanoma,Halo nevus
nejm,all_I=scale_down_S=3,334,image_334.jpg,Amiodarone-induced skin discoloration,Amiodarone-induced skin discoloration
nejm,all_I=scale_down_S=3,335,image_335.jpg,Acquired immunodeficiency syndrome,Leukemia
nejm,all_I=scale_down_S=3,336,image_336.jpg,Babesiosis,Tickborne relapsing fever
nejm,all_I=scale_down_S=3,337,image_337.jpg,Erythema gyratum repens,Erythema gyratum repens
nejm,all_I=scale_down_S=3,338,image_338.jpg,Thromboangiitis obliterans,Deep venous thrombosis
nejm,all_I=scale_down_S=3,339,image_339.jpg,Chlamydial pneumonia,Bordetella pertussis
nejm,all_I=scale_down_S=3,340,image_340.jpg,Chronic laxative use,Ingestion of a heavy metal
nejm,all_I=scale_down_S=3,341,image_341.jpg,Tophaceous gout,Tophaceous gout
nejm,all_I=scale_down_S=3,342,image_342.jpg,Intussusception,Internal hernia
nejm,all_I=scale_down_S=3,343,image_343.jpg,Colonic pseudo-obstruction,Colocolonic intussusception
nejm,all_I=scale_down_S=3,344,image_344.jpg,Renal cortical necrosis,Cholesterol crystals
nejm,all_I=scale_down_S=3,345,image_345.jpg,Pulmonary-artery dissection,Pulmonary-artery dissection
nejm,all_I=scale_down_S=3,346,image_346.jpg,Metastatic small cell lung carcinoma,Beta-thalassemia
nejm,all_I=scale_down_S=3,347,image_347.jpg,"Consumption of undercooked, infected fish","Consumption of undercooked, infected beef"
nejm,all_I=scale_down_S=3,348,image_348.jpg,Pemphigus vulgaris,Neutrophilic dermatosis
nejm,all_I=scale_down_S=3,349,image_349.jpg,Alkaline phosphatase,Alkaline phosphatase
nejm,all_I=scale_down_S=3,350,image_350.jpg,Ogilvie’s syndrome,Ogilvie’s syndrome
nejm,all_I=scale_down_S=3,351,image_351.jpg,Toxoplasmosis,Toxoplasmosis
nejm,all_I=scale_down_S=3,352,image_352.jpg,Melasma,Fluorouracil side effect
nejm,all_I=scale_down_S=3,353,image_353.jpg,Furuncular myiasis,Furuncular myiasis
nejm,all_I=scale_down_S=3,354,image_354.jpg,Sarcoidosis,Sarcoidosis
nejm,all_I=scale_down_S=3,355,image_355.jpg,Herpes simplex keratitis,Radial keratotomy
nejm,all_I=scale_down_S=3,356,image_356.jpg,Nephrostomy tube,Uterine perforation
nejm,all_I=scale_down_S=3,357,image_357.jpg,Creutzfeld-Jakob disease,Creutzfeld-Jakob disease
nejm,all_I=scale_down_S=3,358,image_358.jpg,Pneumoconiosis,Tobacco
nejm,all_I=scale_down_S=3,359,image_359.jpg,Metastatic lung cancer,Metastatic lung cancer
nejm,all_I=scale_down_S=3,360,image_360.jpg,Radiation-induced angiosarcoma,Radiation-induced angiosarcoma
nejm,all_I=scale_down_S=3,361,image_361.jpg,Pemphigoid gestationis,Atopic eruption of pregnancy
nejm,all_I=scale_down_S=3,362,image_362.jpg,Riboflavin,Niacin
nejm,all_I=scale_down_S=3,363,image_363.jpg,Autoimmune hemolytic anemia,Spur-cell hemolytic anemia
nejm,all_I=scale_down_S=3,364,image_364.jpg,Cutaneous larva migrans,Cutaneous larva migrans
nejm,all_I=scale_down_S=3,365,image_365.jpg,Herpes simplex virus infection,Treponema pallidum infection
nejm,all_I=scale_down_S=3,366,image_366.jpg,Erythema infectiosum,Insect bite
nejm,all_I=scale_down_S=3,367,image_367.jpg,Diaphragm,Diaphragm
nejm,all_I=scale_down_S=3,368,image_368.jpg,Pneumothorax,Lung herniation
nejm,all_I=scale_down_S=3,369,image_369.jpg,Congenital adrenal hyperplasia,Spinal dysraphism
nejm,all_I=scale_down_S=3,370,image_370.jpg,Klippel-Trénaunay syndrome,Infant harlequin syndrome
nejm,all_I=scale_down_S=3,371,image_371.jpg,Cleft jaw,Mandibular fracture
nejm,all_I=scale_down_S=3,372,image_372.jpg,Panniculitis,Panniculitis
nejm,all_I=scale_down_S=3,373,image_373.jpg,Peutz–Jeghers syndrome,Peutz–Jeghers syndrome
nejm,all_I=scale_down_S=3,374,image_374.jpg,Candida,Secondary syphilis
nejm,all_I=scale_down_S=3,375,image_375.jpg,Inverted Q wave,Osborn wave
nejm,all_I=scale_down_S=3,376,image_376.jpg,Staphylococcal scalded skin syndrome,Staphylococcal scalded skin
nejm,all_I=scale_down_S=3,377,image_377.jpg,Insulin lipohypertrophy,Insulin lipohypertrophy
nejm,all_I=scale_down_S=3,378,image_378.jpg,Tinea capitis,Actinic granuloma
nejm,all_I=scale_down_S=3,379,image_379.jpg,Neurocysticercosis,Cystic echinococcosis
nejm,all_I=scale_down_S=3,380,image_380.jpg,Alcohol dependency,Alcohol dependency
nejm,all_I=scale_down_S=3,381,image_381.jpg,Lisch nodules,Lisch nodules
nejm,all_I=scale_down_S=3,382,image_382.jpg,Zinc,Zinc
nejm,all_I=scale_down_S=3,383,image_383.jpg,Thrombocytosis,Eosinophilia
nejm,all_I=scale_down_S=3,384,image_384.jpg,Lupus retinal vasculitis,Antiphospholipid syndrome
nejm,all_I=scale_down_S=3,385,image_385.jpg,Subdural hematoma,Epidural hematoma
nejm,all_I=scale_down_S=3,386,image_386.jpg,Pancreatic phlegmon,Trichobezoar
nejm,all_I=scale_down_S=3,387,image_387.jpg,Osteitis fibrosa cystica,Osteomalacia
nejm,all_I=scale_down_S=3,388,image_388.jpg,Polyarteritis nodosa vasculitis,Lymphoma
nejm,all_I=scale_down_S=3,389,image_389.jpg,Bone scan,Bone scan
nejm,all_I=scale_down_S=3,390,image_390.jpg,Thyroid cancer,Gastric cancer
nejm,all_I=scale_down_S=3,391,image_391.jpg,Drug-induced reaction,Malakoplakia
nejm,all_I=scale_down_S=3,392,image_392.jpg,Prolactinoma,Prolactinoma
nejm,all_I=scale_down_S=3,393,image_393.jpg,Systemic lupus erythematosus,Systemic lupus erythematosus
nejm,all_I=scale_down_S=3,394,image_394.jpg,Hemorrhagic episcleritis,Traumatic bleb
nejm,all_I=scale_down_S=3,395,image_395.jpg,Soft-tissue calcinosis,Soft-tissue calcinosis
nejm,all_I=scale_down_S=3,396,image_396.jpg,Epidermodysplasia verruciformis,Chromoblastomycosis
nejm,all_I=scale_down_S=3,397,image_397.jpg,Pectus excavatum,Pectus excavatum
nejm,all_I=scale_down_S=3,398,image_398.jpg,Tuberculosis,Tuberculosis
nejm,all_I=scale_down_S=3,399,image_399.jpg,Androgenic alopecia,Fibrosing alopecia
nejm,all_I=scale_down_S=3,400,image_400.jpg,Ludwig’s angina,Ludwig’s angina
nejm,all_I=scale_down_S=3,401,image_401.jpg,Nephrogenic fibrosing dermopathy,Nephrogenic fibrosing dermopathy
nejm,all_I=scale_down_S=3,402,image_402.jpg,Lingual carcinoma,Hypoglossal nerve injury
nejm,all_I=scale_down_S=3,403,image_403.jpg,Cystic echinococcosis,Cystic echinococcosis
nejm,all_I=scale_down_S=3,404,image_404.jpg,Congestive heart failure,Congestive heart failure
nejm,all_I=scale_down_S=3,405,image_405.jpg,Scleroderma,Scleroderma
nejm,all_I=scale_down_S=3,406,image_406.jpg,Malassezia furfur,Corynebacterium minutissimum
nejm,all_I=scale_down_S=3,407,image_407.jpg,Hydropneumothorax,Hydropneumothorax
nejm,all_I=scale_down_S=3,408,image_408.jpg,Calcium pyrophosphate deposition disease,Gout
nejm,all_I=scale_down_S=3,409,image_409.jpg,Drug reaction with eosinophilia and systemic symptoms,Drug reaction with eosinophilia and systemic symptoms
nejm,all_I=scale_down_S=3,410,image_410.jpg,Raynaud disease,Subclavian vein thrombosis
nejm,all_I=scale_down_S=3,411,image_411.jpg,Infantile hepatic hemangiomas,Infantile hepatic hemangiomas
nejm,all_I=scale_down_S=3,412,image_412.jpg,Cryptococcus neoformans,Histoplasma capsulatum
nejm,all_I=scale_down_S=3,413,image_413.jpg,Cerebriform nevus sebaceous,Cerebriform nevus sebaceous
nejm,all_I=scale_down_S=3,414,image_414.jpg,Dubin-Johnson syndrome,Metastatic colon cancer
nejm,all_I=scale_down_S=3,415,image_415.jpg,Vitiligo,Vitiligo
nejm,all_I=scale_down_S=3,416,image_416.jpg,Pheochromocytoma,Carcinoid syndrome
nejm,all_I=scale_down_S=3,417,image_417.jpg,Epidermal nevus syndrome,Congenital melanocytic nevus
nejm,all_I=scale_down_S=3,418,image_418.jpg,Marfan’s syndrome,Multiple endocrine neoplasia type 2B
nejm,all_I=scale_down_S=3,419,image_419.jpg,Scrofula,Peripancreatic malignancy
nejm,all_I=scale_down_S=3,420,image_420.jpg,Immature cataract,Intraocular tumor
nejm,all_I=scale_down_S=3,421,image_421.jpg,Cryptococcal meningitis,Cryptococcal meningitis
nejm,all_I=scale_down_S=3,422,image_422.jpg,Beta-blocker,Angiotensin converting-enzyme inhibitor
nejm,all_I=scale_down_S=3,423,image_423.jpg,Plantar warts,Plantar warts
nejm,all_I=scale_down_S=3,424,image_424.jpg,Addison's disease,Diabetes mellitus
nejm,all_I=scale_down_S=3,425,image_425.jpg,Glycogenic acanthosis,Nodular lymphoid hyperplasia
nejm,all_I=scale_down_S=3,426,image_426.jpg,Peritonsillar abscess,Retropharyngeal abscess
nejm,all_I=scale_down_S=3,427,image_427.jpg,Chloroquine,Chloroquine
nejm,all_I=scale_down_S=3,428,image_428.jpg,Diffuse cutaneous systemic sclerosis,Diffuse cutaneous systemic sclerosis
nejm,all_I=scale_down_S=3,429,image_429.jpg,Chronic constipation,Diabetes mellitus
nejm,all_I=scale_down_S=3,430,image_430.jpg,Apply cervical collar to stabilize the neck,Leave the foreign object in place
nejm,all_I=scale_down_S=3,431,image_431.jpg,Thromboangiitis obliterans,Ergotism
nejm,all_I=scale_down_S=3,432,image_432.jpg,Osteopetrosis,Ankylosing spondylitis
nejm,all_I=scale_down_S=3,433,image_433.jpg,Hematopoietic system,Respiratory system
nejm,all_I=scale_down_S=3,434,image_434.jpg,Collodion baby,Harlequin color change
nejm,all_I=scale_down_S=3,435,image_435.jpg,Tonsillar cancer,Tonsillar cancer
nejm,all_I=scale_down_S=3,436,image_436.jpg,Acute pulmonary embolism,Ascending aortic aneurysm
nejm,all_I=scale_down_S=3,437,image_437.jpg,Congenital nevus,Congenital nevus
nejm,all_I=scale_down_S=3,438,image_438.jpg,Vibrio vulnificus,Vibrio vulnificus
nejm,all_I=scale_down_S=3,439,image_439.jpg,Glucocorticoid,Protease inhibitor
nejm,all_I=scale_down_S=3,440,image_440.jpg,Wernicke’s encephalopathy,Wernicke’s encephalopathy
nejm,all_I=scale_down_S=3,441,image_441.jpg,Gastrointestinal lymphoma,Superior mesenteric artery syndrome
nejm,all_I=scale_down_S=3,442,image_442.jpg,Mucocele,Mucocele
nejm,all_I=scale_down_S=3,443,image_443.jpg,Herpes simplex virus,Varicella-zoster virus
nejm,all_I=scale_down_S=3,444,image_444.jpg,Myasthenia gravis,Myasthenia gravis
nejm,all_I=scale_down_S=3,445,image_445.jpg,Aspiration pneumonia,Pleural perforation
nejm,all_I=scale_down_S=3,446,image_446.jpg,Lactational mastitis,Polymastia
nejm,all_I=scale_down_S=3,447,image_447.jpg,Paronychia,Gout
nejm,all_I=scale_down_S=3,448,image_448.jpg,Aspirin and intravenous immune globulin,Aspirin and intravenous immune globulin
nejm,all_I=scale_down_S=3,449,image_449.jpg,Glucocorticoid induced ulceration,Extranodal natural killer T-cell lymphoma
nejm,all_I=scale_down_S=3,450,image_450.jpg,Kawasaki disease,Celiac disease
nejm,all_I=scale_down_S=3,451,image_451.jpg,Amyloidosis,Amyotrophic lateral sclerosis
nejm,all_I=scale_down_S=3,452,image_452.jpg,Sjogren's syndrome,Uveoparotid fever
nejm,all_I=scale_down_S=3,453,image_453.jpg,Pyoderma gangrenosum,Anti-MDA5 dermatomyositis
nejm,all_I=scale_down_S=3,454,image_454.jpg,Recurrent breast cancer,Cellulitis
nejm,all_I=scale_down_S=3,455,image_455.jpg,Acute mesenteric ischemia,Intraabdominal hernia
nejm,all_I=scale_down_S=3,456,image_456.jpg,Acute dacryocystitis,Acute dacryocystitis
nejm,all_I=scale_down_S=3,457,image_457.jpg,Anti-Hu antibody,Anti-Hu antibody
nejm,all_I=scale_down_S=3,458,image_458.jpg,Crusted scabies,Crusted scabies
nejm,all_I=scale_down_S=3,459,image_459.jpg,Schistosoma hematobium,Schistosoma hematobium
nejm,all_I=scale_down_S=3,460,image_460.jpg,Atlantoaxial dislocation,Epiglottitis
nejm,all_I=scale_down_S=3,461,image_461.jpg,Erythema multiforme,Urticaria multiforme
nejm,all_I=scale_down_S=3,462,image_462.jpg,Tetracycline,Tetracycline
nejm,all_I=scale_down_S=3,463,image_463.jpg,Cortisol,Alkaline phosphatase
nejm,all_I=scale_down_S=3,464,image_464.jpg,Neutrophilic eccrine hidradenitis,Neutrophilic eccrine hidradenitis
nejm,all_I=scale_down_S=3,465,image_465.jpg,"Right hemiparesis, gaze deviated to the right","Left hemiparesis, gaze deviated to the right"
nejm,all_I=scale_down_S=3,466,image_466.jpg,Lead exposure,Lead exposure
nejm,all_I=scale_down_S=3,467,image_467.jpg,Paraneoplastic pemphigus,Necrolytic migratory erythema
nejm,all_I=scale_down_S=3,468,image_468.jpg,Livedo reticularis,Erythema ab igne
nejm,all_I=scale_down_S=3,469,image_469.jpg,Lupus pernio,Phototoxic dermatitis
nejm,all_I=scale_down_S=3,470,image_470.jpg,Laryngeal candidiasis,Laryngeal candidiasis
nejm,all_I=scale_down_S=3,471,image_471.jpg,Zenker's diverticulum,Zenker's diverticulum
nejm,all_I=scale_down_S=3,472,image_472.jpg,Paget-Schroetter disease,Mondor’s disease
nejm,all_I=scale_down_S=3,473,image_473.jpg,Posterior reversible encephalopathy syndrome,Posterior reversible encephalopathy syndrome
nejm,all_I=scale_down_S=3,474,image_474.jpg,Carpal tunnel syndrome,Systemic sclerosis
nejm,all_I=scale_down_S=3,475,image_475.jpg,"Hypercalcemia, hypophosphatemia, and hyperkalemia","Hypocalcemia, hypophosphatemia, and hyperkalemia"
nejm,all_I=scale_down_S=3,476,image_476.jpg,Slipped capital femoral epiphysis,Legg–Calvé–Perthes disease
nejm,all_I=scale_down_S=3,477,image_477.jpg,Decompression sickness,Decompression sickness
nejm,all_I=scale_down_S=3,478,image_478.jpg,Porphyria cutanea tarda,Porphyria cutanea tarda
nejm,all_I=scale_down_S=3,479,image_479.jpg,Graves' disease,Graves' disease
nejm,all_I=scale_down_S=3,480,image_480.jpg,Congenital adrenal hyperplasia,Congenital adrenal hyperplasia
nejm,all_I=scale_down_S=3,481,image_481.jpg,Cutaneous metastases,Cutaneous metastases
nejm,all_I=scale_down_S=3,482,image_482.jpg,Thromboangiitis obliterans,Thromboangiitis obliterans
nejm,all_I=scale_down_S=3,483,image_483.jpg,Cataract,Cataract
nejm,all_I=scale_down_S=3,484,image_484.jpg,Atherosclerosis,Atherosclerosis
nejm,all_I=scale_down_S=3,485,image_485.jpg,Situs inversus totalis,Situs inversus totalis
nejm,all_I=scale_down_S=3,486,image_486.jpg,Hypertensive retinopathy,Hypertriglyceridemia
nejm,all_I=scale_down_S=3,487,image_487.jpg,Peritonsillar abscess,Obstructive parotitis
nejm,all_I=scale_down_S=3,488,image_488.jpg,Ischemic colitis,Ischemic colitis
nejm,all_I=scale_down_S=3,489,image_489.jpg,Small-cell lung cancer,Small-cell lung cancer
nejm,all_I=scale_down_S=3,490,image_490.jpg,Capillaria,Strongyloides stercoralis
nejm,all_I=scale_down_S=3,491,image_491.jpg,Xylazine,Xylazine
nejm,all_I=scale_down_S=3,492,image_492.jpg,Parathyroid carcinoma,Hodgkin's lymphoma
nejm,all_I=scale_down_S=3,493,image_493.jpg,Hepatitis C virus infection,Brucellosis
nejm,all_I=scale_down_S=3,494,image_494.jpg,IgG4-related ophthalmic disease,IgG4-related ophthalmic disease
nejm,all_I=scale_down_S=3,495,image_495.jpg,Periodontitis,Dermatomyositis
nejm,all_I=scale_down_S=3,496,image_496.jpg,Mucormycosis,Curvularia alcornii
nejm,all_I=scale_down_S=3,497,image_497.jpg,Bulbar palsy,Romberg's sign
nejm,all_I=scale_down_S=3,498,image_498.jpg,Klebsiella rhinoscleromatis,Klebsiella rhinoscleromatis
nejm,all_I=scale_down_S=3,499,image_499.jpg,Lingual artery thrombosis,Tissue plasminogen activator-associated angioedema
nejm,all_I=scale_down_S=3,500,image_500.jpg,Temporal quadrantanopsia,Inferior hemifield loss
nejm,all_I=scale_down_S=3,501,image_501.jpg,Syphilis,Infective endocarditis
nejm,all_I=scale_down_S=3,502,image_502.jpg,Nephrogenic systemic fibrosis,Nephrogenic systemic fibrosis
nejm,all_I=scale_down_S=3,503,image_503.jpg,Ungal melanoma,Splinter hemorrhages
nejm,all_I=scale_down_S=3,504,image_504.jpg,Tinea corporis,Leprosy
nejm,all_I=scale_down_S=3,505,image_505.jpg,Baker's cyst,Abscess
nejm,all_I=scale_down_S=3,506,image_506.jpg,Dirofilaria repens infection,Dirofilaria repens infection
nejm,all_I=scale_down_S=3,507,image_507.jpg,Cushing's syndrome,Paraneoplastic disorder
nejm,all_I=scale_down_S=3,508,image_508.jpg,Perirenal extramedullary hematopoiesis,Perirenal extramedullary hematopoiesis
nejm,all_I=scale_down_S=3,509,image_509.jpg,Marfan's syndrome,Bulimia nervosa
nejm,all_I=scale_down_S=3,510,image_510.jpg,Chromomycosis,Iododerma
nejm,all_I=scale_down_S=3,511,image_511.jpg,Retinoblastoma,Retinoblastoma
nejm,all_I=scale_down_S=3,512,image_512.jpg,Intestinal obstruction,Perforation of a viscus
nejm,all_I=scale_down_S=3,513,image_513.jpg,Polymyositis,Dermatomyositis
nejm,all_I=scale_down_S=3,514,image_514.jpg,Acromegaly,Lipomatosis
nejm,all_I=scale_down_S=3,515,image_515.jpg,Nevus comedonicus,Nevus comedonicus
nejm,all_I=scale_down_S=3,516,image_516.jpg,Oral hairy leukoplakia,Uremic stomatitis
nejm,all_I=scale_down_S=3,517,image_517.jpg,Systemic sclerosis,Systemic sclerosis
nejm,all_I=scale_down_S=3,518,image_518.jpg,Necrobiosis lipoidica,Chronic venous stasis
nejm,all_I=scale_down_S=3,519,image_519.jpg,Sjögren's syndrome,Sjögren's syndrome
nejm,all_I=scale_down_S=3,520,image_520.jpg,Thyroglossal duct cyst,Thyroglossal duct cyst
nejm,all_I=scale_down_S=3,521,image_521.jpg,Sarcoidosis,Wegener's granulomatosis
nejm,all_I=scale_down_S=3,522,image_522.jpg,Necrobiosis lipoidica,Necrobiosis lipoidica
nejm,all_I=scale_down_S=3,523,image_523.jpg,Lingual artery,Lingual artery
nejm,all_I=scale_down_S=3,524,image_524.jpg,Cerebral toxoplasmosis,Nocardia asteroides infection
nejm,all_I=scale_down_S=3,525,image_525.jpg,Raynaud syndrome,Achenbach’s syndrome
nejm,all_I=scale_down_S=3,526,image_526.jpg,Chancroid,Herpes vegetans
nejm,all_I=scale_down_S=3,527,image_527.jpg,Cushing's syndrome,Thrombosis of the inferior vena cava
nejm,all_I=scale_down_S=3,528,image_528.jpg,Verrucous carcinoma,Human papillomavirus
nejm,all_I=scale_down_S=3,529,image_529.jpg,Tay-Sachs disease,Tay-Sachs disease
nejm,all_I=scale_down_S=3,530,image_530.jpg,Restrictive lung disease,Intrathoracic localized obstruction
nejm,all_I=scale_down_S=3,531,image_531.jpg,Hereditary angioedema,Thromboembolism
nejm,all_I=scale_down_S=3,532,image_532.jpg,Colonic volvulus,Pneumoperitoneum
nejm,all_I=scale_down_S=3,533,image_533.jpg,Heberden’s nodes,Jaccoud’s arthropathy
nejm,all_I=scale_down_S=3,534,image_534.jpg,Behçet’s disease,Cytomegalovirus infection
nejm,all_I=scale_down_S=3,535,image_535.jpg,Paget's disease,Renal tubular acidosis
nejm,all_I=scale_down_S=3,536,image_536.jpg,Vitamin B6,Zinc
nejm,all_I=scale_down_S=3,537,image_537.jpg,Cold agglutinins,Cold agglutinins
nejm,all_I=scale_down_S=3,538,image_538.jpg,Hemorrhoids,Enterobiasis
nejm,all_I=scale_down_S=3,539,image_539.jpg,Digital ischemia,Digital ischemia
nejm,all_I=scale_down_S=3,540,image_540.jpg,Croup,Croup
nejm,all_I=scale_down_S=3,541,image_541.jpg,Disseminated cutaneous blastomycosis,Disseminated cutaneous blastomycosis
nejm,all_I=scale_down_S=3,542,image_542.jpg,Otitis externa,Frey's syndrome
nejm,all_I=scale_down_S=3,543,image_543.jpg,Infectious cerebral emboli,Cerebral cavernous malformations
nejm,all_I=scale_down_S=3,544,image_544.jpg,Prescribe nystatin,Counsel patient to stop smoking
nejm,all_I=scale_down_S=3,545,image_545.jpg,Leukocytoclastic vasculitis,Multiple myeloma
nejm,all_I=scale_down_S=3,546,image_546.jpg,Defect in glucuronidation leading to hyperbilirubinemia,About 50% of the serum bilirubin is conjugated
nejm,all_I=scale_down_S=3,547,image_547.jpg,Hampton’s hump,Hampton’s hump
nejm,all_I=scale_down_S=3,548,image_548.jpg,Leukemia cutis,Cryoglobulinemic vasculitis
nejm,all_I=scale_down_S=3,549,image_549.jpg,Papillary thyroid cancer,Ectopic thyroid
nejm,all_I=scale_down_S=3,550,image_550.jpg,Acute angle-closure glaucoma,Acute angle-closure glaucoma
nejm,all_I=scale_down_S=3,551,image_551.jpg,Plasmodium vivax,Plasmodium vivax
nejm,all_I=scale_down_S=3,552,image_552.jpg,Somatostatinoma,Glucagonoma
nejm,all_I=scale_down_S=3,553,image_553.jpg,Langerhans cell histiocytosis,Erdheim–Chester disease
nejm,all_I=scale_down_S=3,554,image_554.jpg,Gastric bezoar,Splenic cyst
nejm,all_I=scale_down_S=3,555,image_555.jpg,Vitiligo,Tinea versicolor
nejm,all_I=scale_down_S=3,556,image_556.jpg,Cobalamin (vitamin B12) deficiency,Pellagra
nejm,all_I=scale_down_S=3,557,image_557.jpg,Pediculus humanus capitis,Pthirus pubis
nejm,all_I=scale_down_S=3,558,image_558.jpg,Diffuse alveolar hemorrhage,Pulmonary alveolar microlithiasis
nejm,all_I=scale_down_S=3,559,image_559.jpg,Hyperbilirubinemia,Pseudomonas aeruginosa infection
nejm,all_I=scale_down_S=3,560,image_560.jpg,Penile contusion,Penile fracture
nejm,all_I=scale_down_S=3,561,image_561.jpg,HIV-associated diffuse large B-cell lymphoma,Disseminated Mycobacterium avium–intracellulare infection
nejm,all_I=scale_down_S=3,562,image_562.jpg,Psoralen,Erlotinib
nejm,all_I=scale_down_S=3,563,image_563.jpg,Schatzki ring,Adenocarcinoma
nejm,all_I=scale_down_S=3,564,image_564.jpg,Melanoma,Melanoma
nejm,all_I=scale_down_S=3,565,image_565.jpg,Umbilical hernia,Sister Mary Joseph's nodule
nejm,all_I=scale_down_S=3,566,image_566.jpg,Methemoglobinemia,Fluorescent dye
nejm,all_I=scale_down_S=3,567,image_567.jpg,Pulmonary embolism,Pulmonary embolism
nejm,all_I=scale_down_S=3,568,image_568.jpg,Osgood–Schlatter disease,Osgood–Schlatter disease
nejm,all_I=scale_down_S=3,569,image_569.jpg,Pneumomediastinum,Pneumomediastinum
nejm,all_I=scale_down_S=3,570,image_570.jpg,Aniridia,Prominent iris collarette
nejm,all_I=scale_down_S=3,571,image_571.jpg,Malignant acanthosis nigricans,Malignant acanthosis nigricans
nejm,all_I=scale_down_S=3,572,image_572.jpg,Rosacea,Tuberous sclerosis
nejm,all_I=scale_down_S=3,573,image_573.jpg,Bilirubin elevation,Elevated protein
nejm,all_I=scale_down_S=3,574,image_574.jpg,Norwegian scabies,Malignant syphilis
nejm,all_I=scale_down_S=3,575,image_575.jpg,Trichuris trichiura,Diphyllobothrium latum
nejm,all_I=scale_down_S=3,576,image_576.jpg,Sarcoidosis,Mycobacterium marinum
nejm,all_I=scale_down_S=3,577,image_577.jpg,Right lower lobe,Left upper lobe
nejm,all_I=scale_down_S=3,578,image_578.jpg,Candidiasis,Herpes zoster
nejm,all_I=scale_down_S=3,579,image_579.jpg,Familial exudative vitreoretinopathy,X-linked retinoschisis
nejm,all_I=scale_down_S=3,580,image_580.jpg,Paget's disease,Pneumocephalus
nejm,all_I=scale_down_S=3,581,image_581.jpg,Pseudohypoparathyroidism,Albright's hereditary osteodystrophy
nejm,all_I=scale_down_S=3,582,image_582.jpg,Fluorosis,Fluorosis
nejm,all_I=scale_down_S=3,583,image_583.jpg,Nocardia asteroides,Fusobacterium necrophorum
nejm,all_I=scale_down_S=3,584,image_584.jpg,Dupuytren's contracture,Dupuyten's contracture
nejm,all_I=scale_down_S=3,585,image_585.jpg,Keratoconus,Wilson's disease
nejm,all_I=scale_down_S=3,586,image_586.jpg,Infective endocarditis,Infective endocarditis
nejm,all_I=scale_down_S=3,587,image_587.jpg,Cholesterol emboli,Cholesterol emboli
nejm,all_I=scale_down_S=3,588,image_588.jpg,Oleothorax,Oleothorax
nejm,all_I=scale_down_S=3,589,image_589.jpg,Slipped capital femoral epiphysis,Slipped capital femoral epiphysis
nejm,all_I=scale_down_S=3,590,image_590.jpg,Tsetse fly,Chrysops fly
nejm,all_I=scale_down_S=3,591,image_591.jpg,Hemochromatosis,Diffuse melanosis cutis
nejm,all_I=scale_down_S=3,592,image_592.jpg,Calcium oxalate and triple phosphate (struvite) crystals,Cystine and triple phosphate (struvite) crystals
nejm,all_I=scale_down_S=3,593,image_593.jpg,Cicatricial pemphigoid,Herpes zoster
nejm,all_I=scale_down_S=3,594,image_594.jpg,Streptococcal pharyngitis,Streptococcal pharyngitis
nejm,all_I=scale_down_S=3,595,image_595.jpg,Pneumothorax,Substernal goiter
nejm,all_I=scale_down_S=3,596,image_596.jpg,Speckled lentiginous nevus,Becker’s nevus
nejm,all_I=scale_down_S=3,597,image_597.jpg,Jeune syndrome asphyxiating thoracic dystrophy,Paternal uniparental disomy 14 (UDP 14 pat) thoracic dysplasia
nejm,all_I=scale_down_S=3,598,image_598.jpg,Cecal volvulus,Small-bowel obstruction
nejm,all_I=scale_down_S=3,599,image_599.jpg,Fetal alcohol syndrome,Neonatal thyrotoxicosis
nejm,all_I=scale_down_S=3,600,image_600.jpg,Lichen planus,Bulimia nervosa
nejm,all_I=scale_down_S=3,601,image_601.jpg,Neurocysticercosis,Neurocysticercosis
nejm,all_I=scale_down_S=3,602,image_602.jpg,Pterygium,Papilloma
nejm,all_I=scale_down_S=3,603,image_603.jpg,Scabies,Fordyce's angiokeratomas
nejm,all_I=scale_down_S=3,604,image_604.jpg,Pyoderma gangrenosum,Cutaneous diphtheria
nejm,all_I=scale_down_S=3,605,image_605.jpg,Trichuris trichiura,Enterobius vermicularis
nejm,all_I=scale_down_S=3,606,image_606.jpg,Human botfly,Tumbu fly
nejm,all_I=scale_down_S=3,607,image_607.jpg,Neonatal herpes simplex virus,Neonatal herpes simplex virus
nejm,all_I=scale_down_S=3,608,image_608.jpg,Psoriasis,Erythrasma
nejm,all_I=scale_down_S=3,609,image_609.jpg,Bisphosphonates,Bisphosphonates
nejm,all_I=scale_down_S=3,610,image_610.jpg,Telangiectasia,Livedo reticularis
nejm,all_I=scale_down_S=3,611,image_611.jpg,Impetigo,Varicella
nejm,all_I=scale_down_S=3,612,image_612.jpg,Talaromyces marneffei,Talaromyces marneffei
nejm,all_I=scale_down_S=3,613,image_613.jpg,Leprosy,Leishmaniasis
nejm,all_I=scale_down_S=3,614,image_614.jpg,Herpes simplex virus type 1,Coxsackie virus type A16
nejm,all_I=scale_down_S=3,615,image_615.jpg,Retrobulbar abscess,Hydatid cyst
nejm,all_I=scale_down_S=3,616,image_616.jpg,Condyloma acuminatum,Vestibular papillomatosis
nejm,all_I=scale_down_S=3,617,image_617.jpg,Episcleritis,Dislocation of the lens
nejm,all_I=scale_down_S=3,618,image_618.jpg,Raynaud's phenomenon,Raynaud's phenomenon
nejm,all_I=scale_down_S=3,619,image_619.jpg,Tungiasis,Tungiasis
nejm,all_I=scale_down_S=3,620,image_620.jpg,Caput Medusae,Caput Medusae
nejm,all_I=scale_down_S=3,621,image_621.jpg,Left anterior descending,Left main stem
nejm,all_I=scale_down_S=3,622,image_622.jpg,"Hand, foot, and mouth disease","Hand, foot, and mouth disease"
nejm,all_I=scale_down_S=3,623,image_623.jpg,Auditory polyp,Cholesteatoma
nejm,all_I=scale_down_S=3,624,image_624.jpg,Bartholin gland cyst,Gartner duct cyst
nejm,all_I=scale_down_S=3,625,image_625.jpg,Palmar erythema of pregnancy,Palmar erythema of pregnancy
nejm,all_I=scale_down_S=3,626,image_626.jpg,Portal vein thrombosis,Mesenteric ischemia
nejm,all_I=scale_down_S=3,627,image_627.jpg,Cutaneous larva migrans,Cutaneous larva migrans
nejm,all_I=scale_down_S=3,628,image_628.jpg,Allergic conjunctivitis,Ophthalmomyiasis
nejm,all_I=scale_down_S=3,629,image_629.jpg,Right atrium,Left atrium
nejm,all_I=scale_down_S=3,630,image_630.jpg,Tension pneumothorax,Tension pneumothorax
nejm,all_I=scale_down_S=3,631,image_631.jpg,Esophageal web,Nutcracker esophagus
nejm,all_I=scale_down_S=3,632,image_632.jpg,Uveal melanoma,Uveal melanoma
nejm,all_I=scale_down_S=3,633,image_633.jpg,Proliferative diabetic retinopathy,Proliferative diabetic retinopathy
nejm,all_I=scale_down_S=3,634,image_634.jpg,Right fascicular block,Hyperkalemia
nejm,all_I=scale_down_S=3,635,image_635.jpg,Triatomine bug,Triatomine bug
nejm,all_I=scale_down_S=3,636,image_636.jpg,Reexpansion pulmonary edema,Reexpansion pulmonary edema
nejm,all_I=scale_down_S=3,637,image_637.jpg,Ameelanotic melanoma,Amelanotic melanoma
nejm,all_I=scale_down_S=3,638,image_638.jpg,Scleroderma,Eosinophilic fasciitis
nejm,all_I=scale_down_S=3,639,image_639.jpg,Baking powder,Sugar
nejm,all_I=scale_down_S=3,640,image_640.jpg,Calvarial osteomyelitis,Sickle cell disease
nejm,all_I=scale_down_S=3,641,image_641.jpg,Pyogenic aortitis due to Salmonella enteritidis,Emphysematous aortitis due to Clostridium septicum
nejm,all_I=scale_down_S=3,642,image_642.jpg,Cutaneous larva migrans,Lung cancer
nejm,all_I=scale_down_S=3,643,image_643.jpg,Herpes simplex virus infection,Herpes simplex virus infection
nejm,all_I=scale_down_S=3,644,image_644.jpg,Lithium,Palifermin
nejm,all_I=scale_down_S=3,645,image_645.jpg,Radiation recall,Radiation recall
nejm,all_I=scale_down_S=3,646,image_646.jpg,Immune thrombocytopenic purpura,Scurvy
nejm,all_I=scale_down_S=3,647,image_647.jpg,Psoriasis,Keratoderma blennorrhagicum
nejm,all_I=scale_down_S=3,648,image_648.jpg,Granuloma annulare,Tinea faciei
nejm,all_I=scale_down_S=3,649,image_649.jpg,Herpes simplex infection,Inflammatory bowel disease
nejm,all_I=scale_down_S=3,650,image_650.jpg,Hepatocellular adenomas,Autosomal dominant polycystic kidney disease
nejm,all_I=scale_down_S=3,651,image_651.jpg,Pulmonary embolism,Azygous vein
nejm,all_I=scale_down_S=3,652,image_652.jpg,Pustular rosacea,Subcorneal pustular dermatosis
nejm,all_I=scale_down_S=3,653,image_653.jpg,Paget’s disease,Multiple myeloma
nejm,all_I=scale_down_S=3,654,image_654.jpg,Megaloblastic anemia,Chronic lead poisoning
nejm,all_I=scale_down_S=3,655,image_655.jpg,Verrucae vulgaris,Periungual fibroma
nejm,all_I=scale_down_S=3,656,image_656.jpg,Herpes zoster due to virus reactivation,Miliaria crystallina
nejm,all_I=scale_down_S=3,657,image_657.jpg,Graves' disease,Graves' disease
nejm,all_I=scale_down_S=3,658,image_658.jpg,Vitamin D excess,Langerhans'-cell histiocytosis
nejm,all_I=scale_down_S=3,659,image_659.jpg,Chronic lymphocytic leukemia,Gaucher’s disease
nejm,all_I=scale_down_S=3,660,image_660.jpg,Psoriasis,Chemotherapy
nejm,all_I=scale_down_S=3,661,image_661.jpg,Leukoplakia,Leukoplakia
nejm,all_I=scale_down_S=3,662,image_662.jpg,Thalassemia minor,Glucose-6-phosphate dehydrogenase deficiency
nejm,all_I=scale_down_S=3,663,image_663.jpg,Verrucous carcinoma,Verrucous carcinoma
nejm,all_I=scale_down_S=3,664,image_664.jpg,Leukemia cutis,Fusariosis
nejm,all_I=scale_down_S=3,665,image_665.jpg,Hyphema,Hyphema
nejm,all_I=scale_down_S=3,666,image_666.jpg,"Hand, foot, and mouth disease",Herpes zoster
nejm,all_I=scale_down_S=3,667,image_667.jpg,Systemic sclerosis,Systemic sclerosis
nejm,all_I=scale_down_S=3,668,image_668.jpg,Duodenal atresia,Hirschsprung’s disease
nejm,all_I=scale_down_S=3,669,image_669.jpg,Melanocytic nevi,Seborrheic keratoses
nejm,all_I=scale_down_S=3,670,image_670.jpg,Non-small-cell lung cancer,Sarcoidosis
nejm,all_I=scale_down_S=3,671,image_671.jpg,Tinea capitis,Tinea capitis
nejm,all_I=scale_down_S=3,672,image_672.jpg,Rheumatic heart disease,Rheumatic heart disease
nejm,all_I=scale_down_S=3,673,image_673.jpg,Chronic myeloid leukemia (CML),Acute promyelocytic leukemia (APL)
nejm,all_I=scale_down_S=3,674,image_674.jpg,Malignant syphilis,Malignant syphilis
nejm,all_I=scale_down_S=3,675,image_675.jpg,Omphalith,Endometrioma
nejm,all_I=scale_down_S=3,676,image_676.jpg,Varicocele,Varicocele
nejm,all_I=scale_down_S=3,677,image_677.jpg,Palmoplantar keratoderma,Keratoderma blenorrhagicum
nejm,all_I=scale_down_S=3,678,image_678.jpg,Erythema ab igne,Onchocerciasis
nejm,all_I=scale_down_S=3,679,image_679.jpg,Orbital wall fracture,Intraocular lens dislocation
nejm,all_I=scale_down_S=3,680,image_680.jpg,Neuroblastoma,Neuroblastoma
nejm,all_I=scale_down_S=3,681,image_681.jpg,Periorbital cellulitis,Lyme disease
nejm,all_I=scale_down_S=3,682,image_682.jpg,Iridodialysis,Silicone oil hyperoleon
nejm,all_I=scale_down_S=3,683,image_683.jpg,Takayasu's arteritis,Osteoporosis
nejm,all_I=scale_down_S=3,684,image_684.jpg,Onychomycosis,Metastasis
nejm,all_I=scale_down_S=3,685,image_685.jpg,Neurocysticercosis,Neurocysticercosis
nejm,all_I=scale_down_S=3,686,image_686.jpg,IgG4-related disease arteritis,IgG4-related disease arteritis
nejm,all_I=scale_down_S=3,687,image_687.jpg,Pulmonary hemosiderosis,Adenocarcinoma
nejm,all_I=scale_down_S=3,688,image_688.jpg,Ankylosing spondylitis,Diabetes mellitus
nejm,all_I=scale_down_S=3,689,image_689.jpg,Flemingo’s flush sign,Pemberton’s sign
nejm,all_I=scale_down_S=3,690,image_690.jpg,Scapular subluxation,Palsy of the long thoracic nerve
nejm,all_I=scale_down_S=3,691,image_691.jpg,Purpura fulminans,Purpura fulminans
nejm,all_I=scale_down_S=3,692,image_692.jpg,Diurese the patient and then obtain a repeat chest radiograph,Diurese the patient and then obtain a repeat chest radiograph
nejm,all_I=scale_down_S=3,693,image_693.jpg,Rosacea,Seborrheic dermatitis
nejm,all_I=scale_down_S=3,694,image_694.jpg,Antineutrophil cytoplasmic autoantibody,Antineutrophil cytoplasmic autoantibody
nejm,all_I=scale_down_S=3,695,image_695.jpg,Eruptive xanthomas,Eruptive xanthomas
nejm,all_I=scale_down_S=3,696,image_696.jpg,Glomus tympanicum,Glomus tympanicum
nejm,all_I=scale_down_S=3,697,image_697.jpg,Gastrointestinal amyloidosis,Gastrointestinal amyloidosis
nejm,all_I=scale_down_S=3,698,image_698.jpg,Aspergillosis,Plombage
nejm,all_I=scale_down_S=3,699,image_699.jpg,Measles,Measles
nejm,all_I=scale_down_S=3,700,image_700.jpg,Bullous impetigo,Linear IgA bullous dermatosis
nejm,all_I=scale_down_S=3,701,image_701.jpg,Bilateral peritonsillar abscesses,Bilateral peritonsillar abscesses
nejm,all_I=scale_down_S=3,702,image_702.jpg,Sarcoidosis,Sarcoidosis
nejm,all_I=scale_down_S=3,703,image_703.jpg,Pneumonia,Pulmonary embolism
nejm,all_I=scale_down_S=3,704,image_704.jpg,Disseminated coccidioidomycosis,Disseminated coccidioidomycosis
nejm,all_I=scale_down_S=3,705,image_705.jpg,Amyloid purpura,Amyloid purpura
nejm,all_I=scale_down_S=3,706,image_706.jpg,Cat scratch disease,Tuberculosis
nejm,all_I=scale_down_S=3,707,image_707.jpg,Lymphangioleiomyomatosis,Lymphangioleiomyomatosis
nejm,all_I=scale_down_S=3,708,image_708.jpg,Ketamine,Cocaine
nejm,all_I=scale_down_S=3,709,image_709.jpg,Basilar artery aneurysm,Basilar artery aneurysm
nejm,all_I=scale_down_S=3,710,image_710.jpg,Bismuth poisoning,Lead poisoning
nejm,all_I=scale_down_S=3,711,image_711.jpg,Carpal tunnel syndrome,Radial artery thrombosis
nejm,all_I=scale_down_S=3,712,image_712.jpg,Copper,Gold
nejm,all_I=scale_down_S=3,713,image_713.jpg,Quadriceps tendon ruptures,Quadriceps tendon ruptures
nejm,all_I=scale_down_S=3,714,image_714.jpg,Right staghorn calculus,Right ureterovesical calculus
nejm,all_I=scale_down_S=3,715,image_715.jpg,Bilateral cryptorchidism,Retroperitoneal hemorrhage
nejm,all_I=scale_down_S=3,716,image_716.jpg,Benign essential blepharospasm,Myasthenia gravis
nejm,all_I=scale_down_S=3,717,image_717.jpg,Pyoderma gangrenosum,Pyoderma gangrenosum
nejm,all_I=scale_down_S=3,718,image_718.jpg,Median rhomboid glossitis,Median rhomboid glossitis
nejm,all_I=scale_down_S=3,719,image_719.jpg,Dactylitis,Spider bite
nejm,all_I=scale_down_S=3,720,image_720.jpg,Bowel infarction,Bowel infarction
nejm,all_I=scale_down_S=3,721,image_721.jpg,Narrow angle glaucoma,Narrow angle glaucoma
nejm,all_I=scale_down_S=3,722,image_722.jpg,Pseudomelanosis duodeni,Pseudomelanosis duodeni
nejm,all_I=scale_down_S=3,723,image_723.jpg,Macular degeneration,Ocular myiasis
nejm,all_I=scale_down_S=3,724,image_724.jpg,Osteosarcoma,Colon cancer
nejm,all_I=scale_down_S=3,725,image_725.jpg,Calcium pyrophosphate dihydrate,Cholesterol
nejm,all_I=scale_down_S=3,726,image_726.jpg,Palmoplantar keratoderma,Tripe palms
nejm,all_I=scale_down_S=3,727,image_727.jpg,Fluoroquinolone antibiotic,Fluoroquinolone antibiotic
nejm,all_I=scale_down_S=3,728,image_728.jpg,Mitral-valve repair,Mitral-valve repair
nejm,all_I=scale_down_S=3,729,image_729.jpg,Sarcoidosis,Non–small-cell lung cancer
nejm,all_I=scale_down_S=3,730,image_730.jpg,Trimethoprim,Minocycline
nejm,all_I=scale_down_S=3,731,image_731.jpg,Hepatoduodenal ligament,Falciform ligament
nejm,all_I=scale_down_S=3,732,image_732.jpg,Chest imaging,Chest imaging
nejm,all_I=scale_down_S=3,733,image_733.jpg,Basal cell carcinoma,Lentigo maligna
nejm,all_I=scale_down_S=3,734,image_734.jpg,Herpes zoster,Herpes zoster
nejm,all_I=scale_down_S=3,735,image_735.jpg,Horner’s syndrome,Tabes dorsalis
nejm,all_I=scale_down_S=3,736,image_736.jpg,Therapeutic Phlebotomy,Chelation Therapy
nejm,all_I=scale_down_S=3,737,image_737.jpg,Pyloric outlet obstruction,Meckel's diverticulum
nejm,all_I=scale_down_S=3,738,image_738.jpg,Gingival melanoma,Gingival melanoma
nejm,all_I=scale_down_S=3,739,image_739.jpg,Gout,Gout
nejm,all_I=scale_down_S=3,740,image_740.jpg,Mastectomy,Penicillin
nejm,all_I=scale_down_S=3,741,image_741.jpg,Meconium ileus,Hirschsprung’s disease
nejm,all_I=scale_down_S=3,742,image_742.jpg,Ingested foreign body,Diffuse esophageal spasm
nejm,all_I=scale_down_S=3,743,image_743.jpg,Esophageal stricture,Diffuse esophageal spasm
nejm,all_I=scale_down_S=3,744,image_744.jpg,Cirrhosis,Superior vena caval obstruction
nejm,all_I=scale_down_S=3,745,image_745.jpg,Papillary fibroelastoma,Redundant mitral valve
nejm,all_I=scale_down_S=3,746,image_746.jpg,Bezoar,Bezoar
nejm,all_I=scale_down_S=3,747,image_747.jpg,Syphilitic chancre,Squamous-cell carcinoma
nejm,all_I=scale_down_S=3,748,image_748.jpg,Intra-abdominal abscess,Bowel ischemia
nejm,all_I=scale_down_S=3,749,image_749.jpg,Pericardial hydatid cysts,Pericardial metastases
nejm,all_I=scale_down_S=3,750,image_750.jpg,Papular acrodermatitis,Molluscum contagiosum
nejm,all_I=scale_down_S=3,751,image_751.jpg,Systemic sclerosis,Scleromyxedema
nejm,all_I=scale_down_S=3,752,image_752.jpg,Umbilical hernia,Portal hypertension
nejm,all_I=scale_down_S=3,753,image_753.jpg,Proteus syndrome,Neurofibromatosis
nejm,all_I=scale_down_S=3,754,image_754.jpg,Paraesophageal hernia,Paraesophageal hernia
nejm,all_I=scale_down_S=3,755,image_755.jpg,Pyogenic granuloma,Pyogenic granuloma
nejm,all_I=scale_down_S=3,756,image_756.jpg,Meningioma,Plasmacytoma
nejm,all_I=scale_down_S=3,757,image_757.jpg,Pyostomatitis vegetans,Pyostomatitis vegetans
nejm,all_I=scale_down_S=3,758,image_758.jpg,Polycystic liver disease,Echinococcosis
nejm,all_I=scale_down_S=3,759,image_759.jpg,Psoriasis,Malignancy
nejm,all_I=scale_down_S=3,760,image_760.jpg,Blastic plasmacytoid dendritic-cell neoplasm,Blastic plasmacytoid dendritic-cell neoplasm
nejm,all_I=scale_down_S=3,761,image_761.jpg,Emphysematous pyelonephritis,Emphysematous pyelonephritis
nejm,all_I=scale_down_S=3,762,image_762.jpg,Acne,Syphilis
nejm,all_I=scale_down_S=3,763,image_763.jpg,Congenital syphilis,Congenital syphilis
nejm,all_I=scale_down_S=3,764,image_764.jpg,Polyostotic fibrous dysplasia,Marrow hyperplasia
nejm,all_I=scale_down_S=3,765,image_765.jpg,Hairy-cell leukemia,Hairy-cell leukemia
nejm,all_I=scale_down_S=3,766,image_766.jpg,Left bronchial tree,Right bronchial tree
nejm,all_I=scale_down_S=3,767,image_767.jpg,Calciphylaxis,Osteonecrosis
nejm,all_I=scale_down_S=3,768,image_768.jpg,Thyrohyoid membrane,Killian’s triangle
nejm,all_I=scale_down_S=3,769,image_769.jpg,Primary Pericardial Mesothelioma,Constrictive Pericarditis
nejm,all_I=scale_down_S=3,770,image_770.jpg,Hydralazine,Amiodarone
nejm,all_I=scale_down_S=3,771,image_771.jpg,Henoch-Schönlein purpura,Henoch-Schönlein purpura
nejm,all_I=scale_down_S=3,772,image_772.jpg,Bladder perforation,Neurogenic megacolon
nejm,all_I=scale_down_S=3,773,image_773.jpg,Magnesium hydroxide,Bismuth Salicylate
nejm,all_I=scale_down_S=3,774,image_774.jpg,Cutaneous leishmaniasis,Bot fly
nejm,all_I=scale_down_S=3,775,image_775.jpg,Calcified polyp,Tooth
nejm,all_I=scale_down_S=3,776,image_776.jpg,Madura foot,Chromoblastomycosis
nejm,all_I=scale_down_S=3,777,image_777.jpg,Pancreatitis,Pylephlebitis
nejm,all_I=scale_down_S=3,778,image_778.jpg,Ipratropium bromide,Propofol
nejm,all_I=scale_down_S=3,779,image_779.jpg,Tabes dorsalis,Central pontine myelinolysis
nejm,all_I=scale_down_S=3,780,image_780.jpg,Diverticulitis,Intussusception
nejm,all_I=scale_down_S=3,781,image_781.jpg,Telogen effluvium,Alopecia areata
nejm,all_I=scale_down_S=3,782,image_782.jpg,Furuncle,Merkel-cell carcinoma
nejm,all_I=scale_down_S=3,783,image_783.jpg,Candida albicans infection,Candida albicans infection
nejm,all_I=scale_down_S=3,784,image_784.jpg,Pilonidal sinus,Keratoacanthoma
nejm,all_I=scale_down_S=3,785,image_785.jpg,Laryngocele,Laryngocele
nejm,all_I=scale_down_S=3,786,image_786.jpg,Peutz-Jeghers's syndrome,Peutz-Jeghers's syndrome
nejm,all_I=scale_down_S=3,787,image_787.jpg,Pyoderma gangrenosum,Ecthyma gangrenosum
nejm,all_I=scale_down_S=3,788,image_788.jpg,Cutaneous small vessel vasculitis,Intravascular lymphoma
nejm,all_I=scale_down_S=3,789,image_789.jpg,Acanthosis nigricans,Crusted scabies
nejm,all_I=scale_down_S=3,790,image_790.jpg,Larvae penetrate the lungs,Larvae penetrate the lungs
nejm,all_I=scale_down_S=3,791,image_791.jpg,Bladder cancer metastases,Autoimmune keratitis
nejm,all_I=scale_down_S=3,792,image_792.jpg,Pancreatic pseudocyst,Enteric duplication cyst
nejm,all_I=scale_down_S=3,793,image_793.jpg,Atrophic glossitis,Hypoglossal nerve palsy
nejm,all_I=scale_down_S=3,794,image_794.jpg,Chewing tobacco,Melanoma
nejm,all_I=scale_down_S=3,795,image_795.jpg,Voriconazole-induced periostitis,Voriconazole-induced periostitis
nejm,all_I=scale_down_S=3,796,image_796.jpg,Pancreatic pseudocyst,Emphysematous cholecystitis
nejm,all_I=scale_down_S=3,797,image_797.jpg,Bicalutamide,Bicalutamide
nejm,all_I=scale_down_S=3,798,image_798.jpg,Neurofibromatosis type 2,Neurofibromatosis type 2
nejm,all_I=scale_down_S=3,799,image_799.jpg,Hand foot and mouth disease,Secondary syphilis
nejm,all_I=scale_down_S=3,800,image_800.jpg,Peutz-Jeghers syndrome,Cowden syndrome
nejm,all_I=scale_down_S=3,801,image_801.jpg,Toxicodendron radicans (poison ivy),Shiitake mushrooms
nejm,all_I=scale_down_S=3,802,image_802.jpg,Type 1 diabetes,Graves' disease
nejm,all_I=scale_down_S=3,803,image_803.jpg,Acute mesenteric ischemia,Acute mesenteric ischemia
nejm,all_I=scale_down_S=3,804,image_804.jpg,Arsenic toxicity,Arsenic toxicity
nejm,all_I=scale_down_S=3,805,image_805.jpg,Pneumothorax,Pectus excavatum
nejm,all_I=scale_down_S=3,806,image_806.jpg,Listeriosis,Nocardiosis
nejm,all_I=scale_down_S=3,807,image_807.jpg,Metastatic melanoma,Laxative use
nejm,all_I=scale_down_S=3,808,image_808.jpg,Sinusitis,Dermatomyositis
nejm,all_I=scale_down_S=3,809,image_809.jpg,Familial trichomegaly,EGFR inhibition
nejm,all_I=scale_down_S=3,810,image_810.jpg,Hidrocystoma,Keratoacanthoma
nejm,all_I=scale_down_S=3,811,image_811.jpg,Tinea circinata,Tinea circinata
nejm,all_I=scale_down_S=3,812,image_812.jpg,Rheumatic fever,Diphtheria
nejm,all_I=scale_down_S=3,813,image_813.jpg,Oral lichen planus,Pernicious anemia
nejm,all_I=scale_down_S=3,814,image_814.jpg,Hepatocellular carcinoma,Cirrhosis
nejm,all_I=scale_down_S=3,815,image_815.jpg,Frey's syndrome,Angioedema
nejm,all_I=scale_down_S=3,816,image_816.jpg,Metastatic disease of the nail bed,Chemotherapy
nejm,all_I=scale_down_S=3,817,image_817.jpg,Obturator hernia,Obturator hernia
nejm,all_I=scale_down_S=3,818,image_818.jpg,Takotsubo cardiomyopathy,Takotsubo cardiomyopathy
nejm,all_I=scale_down_S=3,819,image_819.jpg,Intravitreal antimicrobial injections,Intravitreal antimicrobial injections
nejm,all_I=scale_down_S=3,820,image_820.jpg,Herpes zoster ophthalmicus,Herpes zoster ophthalmicus
nejm,all_I=scale_down_S=3,821,image_821.jpg,Uremic arteriopathy,Nephrogenic fibrosing dermopathy
nejm,all_I=scale_down_S=3,822,image_822.jpg,Rosacea,Cutaneous lupus
nejm,all_I=scale_down_S=3,823,image_823.jpg,Acral lentiginous melanoma,Tinea nigra
nejm,all_I=scale_down_S=3,824,image_824.jpg,Osmotic demyelination syndrome,Osmotic demyelination syndrome
nejm,all_I=scale_down_S=3,825,image_825.jpg,Pyogenic liver abscess,Emphysematous hepatitis
nejm,all_I=scale_down_S=3,826,image_826.jpg,Bowenoid papulosis,Bowenoid papulosis
nejm,all_I=scale_down_S=3,827,image_827.jpg,HSV serology,IgG and complement deposition at the dermis-epidermis junction
nejm,all_I=scale_down_S=3,828,image_828.jpg,Behçet's disease,Sjögren's syndrome
nejm,all_I=scale_down_S=3,829,image_829.jpg,Anterior uveitis,Herpes simplex virus infection
nejm,all_I=scale_down_S=3,830,image_830.jpg,Paronychia,Herpetic whitlow
nejm,all_I=scale_down_S=3,831,image_831.jpg,Anti-ribonucleoprotein antibody,Anticentromere antibody
nejm,all_I=scale_down_S=3,832,image_832.jpg,Calcinosis,Calcinosis
nejm,all_I=scale_down_S=3,833,image_833.jpg,Graves' ophthalmopathy,Retinal detachment
nejm,all_I=scale_down_S=3,834,image_834.jpg,Hemineglect,Binocular visual loss
nejm,all_I=scale_down_S=3,835,image_835.jpg,Trichotillomania,Syphilitic alopecia
nejm,all_I=scale_down_S=3,836,image_836.jpg,Constrictive pericarditis,Constrictive pericarditis
nejm,all_I=scale_down_S=3,837,image_837.jpg,Pills in the nasal cavity,Button magnets in the nasal cavity
nejm,all_I=scale_down_S=3,838,image_838.jpg,Testing for herpes simplex virus,Testing for bacterial and viral respiratory pathogens
nejm,all_I=scale_down_S=3,839,image_839.jpg,Paget's disease,Bone marrow hyperplasia
nejm,all_I=scale_down_S=3,840,image_840.jpg,Verrucous carcinoma,Condyloma acuminatum
nejm,all_I=scale_down_S=3,841,image_841.jpg,Emphysematous pyelonephritis,Emphysematous pyelonephritis
nejm,all_I=scale_down_S=3,842,image_842.jpg,Presence of erythema,Delay in surgical intervention >24 hours
nejm,all_I=scale_down_S=3,843,image_843.jpg,Primary hyperaldosteronism,Pheochromocytoma
nejm,all_I=scale_down_S=3,844,image_844.jpg,Molluscum contagiosum,Cryptococcus neoformans
nejm,all_I=scale_down_S=3,845,image_845.jpg,Rupture of the trapezius muscle,Lipodystrophy
nejm,all_I=scale_down_S=3,846,image_846.jpg,Infection is typically localized to the site of inoculation.,Transmission is associated with aerosolized contaminated soil exposure.
nejm,all_I=scale_down_S=3,847,image_847.jpg,Atopic dermatitis,Zinc deficiency
nejm,all_I=scale_down_S=3,848,image_848.jpg,Chronic paronychia,Psoriasis
nejm,all_I=scale_down_S=3,849,image_849.jpg,Paronychia,Cutaneous leishmaniasis
nejm,all_I=scale_down_S=3,850,image_850.jpg,Retinal ischemia,Retinal ischemia
nejm,all_I=scale_down_S=3,851,image_851.jpg,Rat bite fever,Rat bite fever
nejm,all_I=scale_down_S=3,852,image_852.jpg,Phlegmasia cerulea dolens,Arterial insufficiency
nejm,all_I=scale_down_S=3,853,image_853.jpg,Glaucoma,Ochronosis
nejm,all_I=scale_down_S=3,854,image_854.jpg,Retrograde epistaxis,Adverse reaction to systemic antibiotics
nejm,all_I=scale_down_S=3,855,image_855.jpg,Necrobiosis lipoidica diabeticorum,Necrobiosis lipoidica diabeticorum
nejm,all_I=scale_down_S=3,856,image_856.jpg,Cutaneous malignant melanoma,Invasive ductal carcinoma
nejm,all_I=scale_down_S=3,857,image_857.jpg,Reactive perforating collagenosis,Reactive perforating collagenosis
nejm,all_I=scale_down_S=3,858,image_858.jpg,Intraorbital foreign body,Skull fracture
nejm,all_I=scale_down_S=3,859,image_859.jpg,Fordyce granules,Herpes zoster
nejm,all_I=scale_down_S=3,860,image_860.jpg,Lichen planus,Lichen planus
nejm,all_I=scale_down_S=3,861,image_861.jpg,Multiple endocrine neoplasia type 2A,Multiple endocrine neoplasia type 1
nejm,all_I=scale_down_S=3,862,image_862.jpg,Scleredema of diabetes,Necrolytic migratory erythema
nejm,all_I=scale_down_S=3,863,image_863.jpg,Catamenial pneumothorax,Thoracic endometriosis
nejm,all_I=scale_down_S=3,864,image_864.jpg,Lipoatrophy,Lipoatrophy
nejm,all_I=scale_down_S=3,865,image_865.jpg,Hemoglobin A1c,Wound culture
nejm,all_I=scale_down_S=3,866,image_866.jpg,Necrotizing anterior scleritis,Necrotizing anterior scleritis
nejm,all_I=scale_down_S=3,867,image_867.jpg,Lymphoma,Lymphoma
nejm,all_I=scale_down_S=3,868,image_868.jpg,Periorbital cellulitis,Carotid cavernous fistula
nejm,all_I=scale_down_S=3,869,image_869.jpg,Henoch-Schönlein purpura,Henoch-Schönlein purpura
nejm,all_I=scale_down_S=3,870,image_870.jpg,Acral lentiginous melanoma,Acral lentiginous melanoma
nejm,all_I=scale_down_S=3,871,image_871.jpg,Doxorubicin,Doxorubicin
nejm,all_I=scale_down_S=3,872,image_872.jpg,Chronic urticaria,Generalized granuloma annulare
nejm,all_I=scale_down_S=3,873,image_873.jpg,Arrhythmogenic right ventricular cardiomyopathy,Arrhythmogenic right ventricular cardiomyopathy
nejm,all_I=scale_down_S=3,874,image_874.jpg,Tuberculosis,Tuberculosis
nejm,all_I=scale_down_S=3,875,image_875.jpg,Amoxicillin rash in infectious mononucleosis,Amoxicillin rash in infectious mononucleosis
nejm,all_I=scale_down_S=3,876,image_876.jpg,Baker's cyst,Baker's cyst
nejm,all_I=scale_down_S=3,877,image_877.jpg,Aneurysm,Arachnoid cyst
nejm,all_I=scale_down_S=3,878,image_878.jpg,Naegleria fowleri,Naegleria fowleri
nejm,all_I=scale_down_S=3,879,image_879.jpg,Strongyloides stercoralis,Strongyloides stercoralis
nejm,all_I=scale_down_S=3,880,image_880.jpg,Congenital diaphragmatic hernia,Duodenal atresia
nejm,all_I=scale_down_S=3,881,image_881.jpg,Cholesteatoma,Tympanic hyperectasis
nejm,all_I=scale_down_S=3,882,image_882.jpg,Drug-induced hypersensitivity syndrome,Disseminated varicella infection
nejm,all_I=scale_down_S=3,883,image_883.jpg,Ehlers-Danlos syndrome,Ehlers-Danlos syndrome
nejm,all_I=scale_down_S=3,884,image_884.jpg,Bedbug bites,Bedbug bites
nejm,all_I=scale_down_S=3,885,image_885.jpg,Aspergillosis,Actinomycosis
nejm,all_I=scale_down_S=3,886,image_886.jpg,Tension hydrothorax,Cardiac tamponade
nejm,all_I=scale_down_S=3,887,image_887.jpg,Ectopia lentis,Ectopia lentis
nejm,all_I=scale_down_S=3,888,image_888.jpg,Polysomnography,Polysomnography
nejm,all_I=scale_down_S=3,889,image_889.jpg,Calcium pyrophosphate dihydrate,Monosodium urate
nejm,all_I=scale_down_S=3,890,image_890.jpg,Warfarin necrosis,Cholesterol embolization
nejm,all_I=scale_down_S=3,891,image_891.jpg,Left Atrial Appendage Thrombus,Giant Coronary Aneurysm
nejm,all_I=scale_down_S=3,892,image_892.jpg,Rheumatoid factor,Creatine kinase
nejm,all_I=scale_down_S=3,893,image_893.jpg,Kaposi’s sarcoma,Kaposi’s sarcoma
nejm,all_I=scale_down_S=3,894,image_894.jpg,Zidovudine,Zidovudine
nejm,all_I=scale_down_S=3,895,image_895.jpg,Hemophilia A,Hemophilia A
nejm,all_I=scale_down_S=3,896,image_896.jpg,Babesia microti,Capnocytophaga canimorsus
nejm,all_I=scale_down_S=3,897,image_897.jpg,Idiopathic pulmonary fibrosis,Idiopathic pulmonary fibrosis
nejm,all_I=scale_down_S=3,898,image_898.jpg,Cardiac tamponade,Superior vena cava syndrome
nejm,all_I=scale_down_S=3,899,image_899.jpg,Medial epicondylitis,Gout nodulosis
nejm,all_I=scale_down_S=3,900,image_900.jpg,Orbital metastasis,Orbital metastasis
nejm,all_I=scale_down_S=3,901,image_901.jpg,Oral candidiasis,Herpetic glossitis
nejm,all_I=scale_down_S=3,902,image_902.jpg,Otomycosis,Fracture of the temporal bone
nejm,all_I=scale_down_S=3,903,image_903.jpg,Flare of systemic lupus erythematosus,Extrapulmonary manifestation of tuberculosis
nejm,all_I=scale_down_S=3,904,image_904.jpg,Hypertensive retinopathy,Papilledema
nejm,all_I=scale_down_S=3,905,image_905.jpg,Bacterial uveitis,Intraocular parasite infection
nejm,all_I=scale_down_S=3,906,image_906.jpg,Rifampin,Voriconazole
nejm,all_I=scale_down_S=3,907,image_907.jpg,Porphyria cutanea tarda,Porphyria cutanea tarda
nejm,all_I=scale_down_S=3,908,image_908.jpg,Plasmodium vivax,Plasmodium vivax
nejm,all_I=scale_down_S=3,909,image_909.jpg,Left anterior descending artery,Left anterior descending artery
nejm,all_I=scale_down_S=3,910,image_910.jpg,Acute myelogenous leukemia,Lead poisoning
nejm,all_I=scale_down_S=3,911,image_911.jpg,Symblepharon,Symblepharon
nejm,all_I=scale_down_S=3,912,image_912.jpg,Hemochromatosis,Pelvic spleen
nejm,all_I=scale_down_S=3,913,image_913.jpg,Phenytoin use,COPD
nejm,all_I=scale_down_S=3,914,image_914.jpg,Creutzfeldt-Jakob disease,Granulomatous amebic encephalitis
nejm,all_I=scale_down_S=3,915,image_915.jpg,Condylomata lata,Tuberous sclerosis
nejm,all_I=scale_down_S=3,916,image_916.jpg,Familial multiple lipomatosis,Familial multiple lipomatosis
nejm,all_I=scale_down_S=3,917,image_917.jpg,Hypertrophic cardiomyopathy,Uremic pericarditis
nejm,all_I=scale_down_S=3,918,image_918.jpg,Erythema infectiosum,Cold agglutinin disease
nejm,all_I=scale_down_S=3,919,image_919.jpg,Scleroderma,Calciphylaxis
nejm,all_I=scale_down_S=3,920,image_920.jpg,Pigmentary mosaicism,Pigmentary mosaicism
nejm,all_I=scale_down_S=3,921,image_921.jpg,Mucocutaneous Epstein–Barr virus,Mycoplasma pneumoniae-associated mucositis
nejm,all_I=scale_down_S=3,922,image_922.jpg,Syphilis,Malignant melanoma
nejm,all_I=scale_down_S=3,923,image_923.jpg,Eagle’s syndrome,Cervical spondyloarthropathy
nejm,all_I=scale_down_S=3,924,image_924.jpg,Allergic bronchopulmonary aspergillosis,Chronic eosinophilic pneumonia
nejm,all_I=scale_down_S=3,925,image_925.jpg,Onychomycosis,Yellow-nail syndrome
nejm,all_I=scale_down_S=3,926,image_926.jpg,Streptococcal cellulitis with lymphangitis,Streptococcal cellulitis with lymphangitis
nejm,all_I=scale_down_S=3,927,image_927.jpg,Cauliflower ear,Lepromatous Leprosy
nejm,all_I=scale_down_S=3,928,image_928.jpg,Hashimoto thyroiditis,Ectopic thyroid
nejm,all_I=scale_down_S=3,929,image_929.jpg,Immune thrombocytopenia purpura (ITP),Leukemia cutis
nejm,all_I=scale_down_S=3,930,image_930.jpg,Nasal foreign body,Pituitary tumor
nejm,all_I=scale_down_S=3,931,image_931.jpg,Bullous pemphigoid,Coronary angiography
nejm,all_I=scale_down_S=3,932,image_932.jpg,Pityriasis rosea,Secondary syphilis
nejm,all_I=scale_down_S=3,933,image_933.jpg,Pneumopericardium,Pneumopericardium
nejm,all_I=scale_down_S=3,934,image_934.jpg,Subdural hemorrhage,Stroke
nejm,all_I=scale_down_S=3,935,image_935.jpg,Porphyria cutanea tarda,Porphyria cutanea tarda
nejm,all_I=scale_down_S=3,936,image_936.jpg,Synovial chondromatosis,Synovial chondromatosis
nejm,all_I=scale_down_S=3,937,image_937.jpg,Psoriasis,Endocarditis
nejm,all_I=scale_down_S=3,938,image_938.jpg,Psoriasis,Bacterial dermatitis
nejm,all_I=scale_down_S=3,939,image_939.jpg,Androgenic alopecia,Hypothyroidism
nejm,all_I=scale_down_S=3,940,image_940.jpg,Vitamin B12 deficiency,Diabetes mellitus
nejm,all_I=scale_down_S=3,941,image_941.jpg,Acute esophageal necrosis,Acute esophageal necrosis
nejm,all_I=scale_down_S=3,942,image_942.jpg,Chelation therapy,Chelation therapy
nejm,all_I=scale_down_S=3,943,image_943.jpg,Lung abscess,Diaphragmatic rupture
nejm,all_I=scale_down_S=3,944,image_944.jpg,Placenta increta,Placenta increta
nejm,all_I=scale_down_S=3,945,image_945.jpg,Erythema ab igne,Erythema ab igne
nejm,all_I=scale_down_S=3,946,image_946.jpg,Erythromelalgia,Erythromelalgia
nejm,all_I=scale_down_S=3,947,image_947.jpg,Pearly penile papules,Pearly penile papules
nejm,all_I=zoom_blur_S=3,1,image_1.jpg,"Hand, foot, and mouth disease","Hand, foot, and mouth disease"
nejm,all_I=zoom_blur_S=3,2,image_2.jpg,Lyme disease,Tularemia
nejm,all_I=zoom_blur_S=3,3,image_3.jpg,Porphyria,Dermatomyositis
nejm,all_I=zoom_blur_S=3,4,image_4.jpg,Retropharyngeal abscess,Epiglottitis
nejm,all_I=zoom_blur_S=3,5,image_5.jpg,Food allergy,Frey’s syndrome
nejm,all_I=zoom_blur_S=3,6,image_6.jpg,Hemiplegia,Hemiplegia
nejm,all_I=zoom_blur_S=3,7,image_7.jpg,Empyema,Paraesophageal hernia
nejm,all_I=zoom_blur_S=3,8,image_8.jpg,Pneumatosis intestinalis,Pneumatosis intestinalis
nejm,all_I=zoom_blur_S=3,9,image_9.jpg,Separation of the iris,Separation of the iris
nejm,all_I=zoom_blur_S=3,10,image_10.jpg,Polycystic liver disease,Polycystic liver disease
nejm,all_I=zoom_blur_S=3,11,image_11.jpg,Lepromatous leprosy,Lepromatous leprosy
nejm,all_I=zoom_blur_S=3,12,image_12.jpg,Pulmonary embolism,Chondroblastic osteosarcoma
nejm,all_I=zoom_blur_S=3,13,image_13.jpg,Pseudoclubbing,Pseudoclubbing
nejm,all_I=zoom_blur_S=3,14,image_14.jpg,Primary hyperoxaluria,Primary hyperoxaluria
nejm,all_I=zoom_blur_S=3,15,image_15.jpg,Ogilvie’s Syndrome (acute colonic pseudo-obstruction),Cecal volvulus
nejm,all_I=zoom_blur_S=3,16,image_16.jpg,Varicella,Varicella
nejm,all_I=zoom_blur_S=3,17,image_17.jpg,Middle cerebral artery stroke,Metronidazole-associated encephalopathy
nejm,all_I=zoom_blur_S=3,18,image_18.jpg,Knife-cut ulcers from Crohn’s disease,Knife-cut ulcers from Crohn’s disease
nejm,all_I=zoom_blur_S=3,19,image_19.jpg,Right sixth cranial nerve palsy,Right sixth cranial nerve palsy
nejm,all_I=zoom_blur_S=3,20,image_20.jpg,Punctate palmoplantar keratoderma,Punctate palmoplantar keratoderma
nejm,all_I=zoom_blur_S=3,21,image_21.jpg,Corectopia,Coloboma
nejm,all_I=zoom_blur_S=3,22,image_22.jpg,Chemotherapy,Chemotherapy
nejm,all_I=zoom_blur_S=3,23,image_23.jpg,Multiple biliary hamartomas,Multiple biliary hamartomas
nejm,all_I=zoom_blur_S=3,24,image_24.jpg,Leukemia cutis,Graft-versus-host disease
nejm,all_I=zoom_blur_S=3,25,image_25.jpg,Blastomycosis,Celiac disease
nejm,all_I=zoom_blur_S=3,26,image_26.jpg,Pyogenic granuloma,Amelanotic melanoma
nejm,all_I=zoom_blur_S=3,27,image_27.jpg,Hemolytic-uremic syndrome,Thrombotic thrombocytopenic purpura
nejm,all_I=zoom_blur_S=3,28,image_28.jpg,Intracranial hemorrhage,Meningioma
nejm,all_I=zoom_blur_S=3,29,image_29.jpg,Inguinal hernia,Metastatic inguinal lymphadenopathy
nejm,all_I=zoom_blur_S=3,30,image_30.jpg,Minocycline-induced pigmentation,Minocycline-induced pigmentation
nejm,all_I=zoom_blur_S=3,31,image_31.jpg,Scabies,Scabies
nejm,all_I=zoom_blur_S=3,32,image_32.jpg,Fibrous dysplasia,Osteopetrosis
nejm,all_I=zoom_blur_S=3,33,image_33.jpg,Lipoid pneumonia,Desquamative interstitial pneumonia
nejm,all_I=zoom_blur_S=3,34,image_34.jpg,Calciphylaxis,Waldenstrom's macroglobulinemia
nejm,all_I=zoom_blur_S=3,35,image_35.jpg,Cutaneous leishmaniasis,Esophagogastric bypass
nejm,all_I=zoom_blur_S=3,36,image_36.jpg,Scabies,Larva currens from Strongyloides
nejm,all_I=zoom_blur_S=3,37,image_37.jpg,Emphysematous pyelonephritis,Duodenal perforation
nejm,all_I=zoom_blur_S=3,38,image_38.jpg,Addison’s disease,Adrenal mass
nejm,all_I=zoom_blur_S=3,39,image_39.jpg,Epidermolysis bullosa,Hereditary hemorrhagic telangiectasia
nejm,all_I=zoom_blur_S=3,40,image_40.jpg,Amiodarone-induced vortex keratopathy,Amiodarone-induced vortex keratopathy
nejm,all_I=zoom_blur_S=3,41,image_41.jpg,Metastatic adenocarcinoma,Metastatic adenocarcinoma
nejm,all_I=zoom_blur_S=3,42,image_42.jpg,Malaria,Babesiosis
nejm,all_I=zoom_blur_S=3,43,image_43.jpg,Keratoconjunctivitis sicca,Vernal keratoconjunctivitis
nejm,all_I=zoom_blur_S=3,44,image_44.jpg,Herpetic whitlow,Psoriasis
nejm,all_I=zoom_blur_S=3,45,image_45.jpg,Age-related macular degeneration,Hydroxychloroquine toxicity
nejm,all_I=zoom_blur_S=3,46,image_46.jpg,Torus palatinus,Torus palatinus
nejm,all_I=zoom_blur_S=3,47,image_47.jpg,Temozolomide,Dexamethasone
nejm,all_I=zoom_blur_S=3,48,image_48.jpg,Crohn’s disease,Acute pancreatitis
nejm,all_I=zoom_blur_S=3,49,image_49.jpg,Follicular thyroid carcinoma,Bleeding into a thyroid nodule
nejm,all_I=zoom_blur_S=3,50,image_50.jpg,Suture granuloma,Pyogenic granuloma
nejm,all_I=zoom_blur_S=3,51,image_51.jpg,Repetitive strain,Assault
nejm,all_I=zoom_blur_S=3,52,image_52.jpg,Pityriasis rosea,Tuberculoid leprosy
nejm,all_I=zoom_blur_S=3,53,image_53.jpg,Thymoma,Vein-graft aneurysms
nejm,all_I=zoom_blur_S=3,54,image_54.jpg,Mutton-fat keratic precipitates,Iris atrophy
nejm,all_I=zoom_blur_S=3,55,image_55.jpg,Sarcoidosis,Iron deficiency
nejm,all_I=zoom_blur_S=3,56,image_56.jpg,Staphylococcal scalded skin syndrome,Leprosy
nejm,all_I=zoom_blur_S=3,57,image_57.jpg,Psoriasis,Hypercholesterolemia
nejm,all_I=zoom_blur_S=3,58,image_58.jpg,Chronic kidney disease,Chronic kidney disease
nejm,all_I=zoom_blur_S=3,59,image_59.jpg,Achalasia,Achalasia
nejm,all_I=zoom_blur_S=3,60,image_60.jpg,Central retinal artery occlusion,Malignant hypertension
nejm,all_I=zoom_blur_S=3,61,image_61.jpg,Kaposi's sarcoma,Cryptococcosis
nejm,all_I=zoom_blur_S=3,62,image_62.jpg,Lisch nodules,Lisch nodules
nejm,all_I=zoom_blur_S=3,63,image_63.jpg,Acromegaly,Acromegaly
nejm,all_I=zoom_blur_S=3,64,image_64.jpg,Highest intercostal vein,Left-sided superior vena cava
nejm,all_I=zoom_blur_S=3,65,image_65.jpg,Escherichia coli,Blastomyces dermatitidis
nejm,all_I=zoom_blur_S=3,66,image_66.jpg,Relapsing polychondritis,Relapsing polychondritis
nejm,all_I=zoom_blur_S=3,67,image_67.jpg,Scrofula,Scrofula
nejm,all_I=zoom_blur_S=3,68,image_68.jpg,Traumatic spondylolisthesis of the axis (hangman’s fracture),Traumatic spondylolisthesis of the axis (hangman’s fracture)
nejm,all_I=zoom_blur_S=3,69,image_69.jpg,Handling feline waste,Gardening
nejm,all_I=zoom_blur_S=3,70,image_70.jpg,Melanoma,Melanoma
nejm,all_I=zoom_blur_S=3,71,image_71.jpg,Sporotrichosis,Actinomycosis
nejm,all_I=zoom_blur_S=3,72,image_72.jpg,Itraconazole,Itraconazole
nejm,all_I=zoom_blur_S=3,73,image_73.jpg,Subdural hematoma,Chiari I malformation
nejm,all_I=zoom_blur_S=3,74,image_74.jpg,Primary adrenal insufficiency (Addison’s disease),Primary adrenal insufficiency (Addison’s disease)
nejm,all_I=zoom_blur_S=3,75,image_75.jpg,Superficial pyoderma,Herpes zoster
nejm,all_I=zoom_blur_S=3,76,image_76.jpg,Staphyloma,Melanoma
nejm,all_I=zoom_blur_S=3,77,image_77.jpg,Fungal endophthalmitis,Fungal endophthalmitis
nejm,all_I=zoom_blur_S=3,78,image_78.jpg,Tinea corporis,Urticaria
nejm,all_I=zoom_blur_S=3,79,image_79.jpg,Emphysematous infection of the spleen,Gastrospenic fistulization
nejm,all_I=zoom_blur_S=3,80,image_80.jpg,Dentinogenesis imperfecta,Neonatal hyperbilirubinemia
nejm,all_I=zoom_blur_S=3,81,image_81.jpg,Drug eruption,Lichen planus
nejm,all_I=zoom_blur_S=3,82,image_82.jpg,Inguinal hernia,Inguinal hernia
nejm,all_I=zoom_blur_S=3,83,image_83.jpg,Abscess,Insulin-induced lipohypertrophy
nejm,all_I=zoom_blur_S=3,84,image_84.jpg,Scheduled nebulized bronchodilators,Cessation of nitrofurantoin
nejm,all_I=zoom_blur_S=3,85,image_85.jpg,Drug-induced pemphigus,Fixed drug eruption
nejm,all_I=zoom_blur_S=3,86,image_86.jpg,Cardiac tamponade,Giant right atrium
nejm,all_I=zoom_blur_S=3,87,image_87.jpg,Rhinophyma,Lupus pernio
nejm,all_I=zoom_blur_S=3,88,image_88.jpg,Von Hippel-Lindau disease,Von Hippel-Lindau disease
nejm,all_I=zoom_blur_S=3,89,image_89.jpg,Tungiasis,Myiasis
nejm,all_I=zoom_blur_S=3,90,image_90.jpg,Left testicular torsion,Left testicular torsion
nejm,all_I=zoom_blur_S=3,91,image_91.jpg,Pulmonary hypertension,Pulmonary hypertension
nejm,all_I=zoom_blur_S=3,92,image_92.jpg,Gingival hyperplasia secondary to chemotherapy,Metastasis of colorectal cancer
nejm,all_I=zoom_blur_S=3,93,image_93.jpg,Pasteurella multocida,Mycobacterium marinum
nejm,all_I=zoom_blur_S=3,94,image_94.jpg,Mucocele,Syphilitic gumma
nejm,all_I=zoom_blur_S=3,95,image_95.jpg,Multiple myeloma,Gaucher's disease
nejm,all_I=zoom_blur_S=3,96,image_96.jpg,Cholesterol crystal embolization,Cholesterol crystal embolization
nejm,all_I=zoom_blur_S=3,97,image_97.jpg,Molluscum contagiosum,Pearly penile papules
nejm,all_I=zoom_blur_S=3,98,image_98.jpg,Fibromuscular dysplasia,Polyarteritis nodosa
nejm,all_I=zoom_blur_S=3,99,image_99.jpg,End-stage renal disease,End-stage renal disease
nejm,all_I=zoom_blur_S=3,100,image_100.jpg,Abscess,Abscess
nejm,all_I=zoom_blur_S=3,101,image_101.jpg,Eczema herpeticum,Eczema herpeticum
nejm,all_I=zoom_blur_S=3,102,image_102.jpg,Warm autoimmune hemolytic anemia,Cold agglutinin syndrome
nejm,all_I=zoom_blur_S=3,103,image_103.jpg,Epidermoid cysts,Scrotal calcinosis
nejm,all_I=zoom_blur_S=3,104,image_104.jpg,Takayasu’s arteritis,Takayasu’s arteritis
nejm,all_I=zoom_blur_S=3,105,image_105.jpg,Ectopic gallbladder,Gallbladder volvulus
nejm,all_I=zoom_blur_S=3,106,image_106.jpg,Vesicolithiasis,Bladder diverticula
nejm,all_I=zoom_blur_S=3,107,image_107.jpg,Gastrogastric intussusception,Gastrogastric intussusception
nejm,all_I=zoom_blur_S=3,108,image_108.jpg,Diverticulosis,Pneumatosis cystoides coli
nejm,all_I=zoom_blur_S=3,109,image_109.jpg,Prompt coronary revascularization,Pericardiocentesis
nejm,all_I=zoom_blur_S=3,110,image_110.jpg,Poststreptococcal pustulosis,Poststreptococcal pustulosis
nejm,all_I=zoom_blur_S=3,111,image_111.jpg,Psoriatic arthropathy,Osteoarthritis
nejm,all_I=zoom_blur_S=3,112,image_112.jpg,Palatine tonsillitis,Antrochoanal polyp
nejm,all_I=zoom_blur_S=3,113,image_113.jpg,Trypanosomiasis,Trypanosomiasis
nejm,all_I=zoom_blur_S=3,114,image_114.jpg,Ascending cholangitis,Emphysematous cholecystitis
nejm,all_I=zoom_blur_S=3,115,image_115.jpg,Peutz-Jeghers syndrome,Peutz-Jeghers syndrome
nejm,all_I=zoom_blur_S=3,116,image_116.jpg,Chronic granulomatous disease,Chronic granulomatous disease
nejm,all_I=zoom_blur_S=3,117,image_117.jpg,Myelodysplastic syndrome,Decompensated cirrhosis
nejm,all_I=zoom_blur_S=3,118,image_118.jpg,Gastric bypass,Gastric bypass
nejm,all_I=zoom_blur_S=3,119,image_119.jpg,Drug eruption,Sweet’s syndrome
nejm,all_I=zoom_blur_S=3,120,image_120.jpg,Type II hypersensitivity reaction,Type III hypersensitivity reaction
nejm,all_I=zoom_blur_S=3,121,image_121.jpg,Biguanide,Alpha-glucosidase inhibitor
nejm,all_I=zoom_blur_S=3,122,image_122.jpg,Glioblastoma multiforme,Thrombosed intracranial aneurysm
nejm,all_I=zoom_blur_S=3,123,image_123.jpg,Multiple sclerosis,Multiple sclerosis
nejm,all_I=zoom_blur_S=3,124,image_124.jpg,Penicillin allergy,Ludwig's angina
nejm,all_I=zoom_blur_S=3,125,image_125.jpg,Tinea corporis,Syphilis
nejm,all_I=zoom_blur_S=3,126,image_126.jpg,Glaucoma,Malignant hypertension
nejm,all_I=zoom_blur_S=3,127,image_127.jpg,Fluconazole,Praziquantel
nejm,all_I=zoom_blur_S=3,128,image_128.jpg,Pruritic urticarial papules and plaques of pregnancy (PUPPP),Pemphigoid gestationis
nejm,all_I=zoom_blur_S=3,129,image_129.jpg,Granuloma fissuratum,Squamous-cell carcinoma
nejm,all_I=zoom_blur_S=3,130,image_130.jpg,Pancreatic phlegmon,Small-bowel volvulus
nejm,all_I=zoom_blur_S=3,131,image_131.jpg,Toxic shock syndrome,Toxic shock syndrome
nejm,all_I=zoom_blur_S=3,132,image_132.jpg,Epiglottitis,Epiglottitis
nejm,all_I=zoom_blur_S=3,133,image_133.jpg,Psoriasis,Chemotherapy treatment
nejm,all_I=zoom_blur_S=3,134,image_134.jpg,Air embolism,Air embolism
nejm,all_I=zoom_blur_S=3,135,image_135.jpg,Vitamin A deficiency,Vitamin A deficiency
nejm,all_I=zoom_blur_S=3,136,image_136.jpg,Orf,Anthrax
nejm,all_I=zoom_blur_S=3,137,image_137.jpg,Pulmonary sarcoidosis,Eosinophilic bronchitis
nejm,all_I=zoom_blur_S=3,138,image_138.jpg,JAK2,JAK2
nejm,all_I=zoom_blur_S=3,139,image_139.jpg,Osteosarcoma,Scleroderma
nejm,all_I=zoom_blur_S=3,140,image_140.jpg,Emphysematous prostatitis,Emphysematous prostatitis
nejm,all_I=zoom_blur_S=3,141,image_141.jpg,Organophosphates,Nitrous oxide
nejm,all_I=zoom_blur_S=3,142,image_142.jpg,Closed-angle glaucoma,Malignant hypertension
nejm,all_I=zoom_blur_S=3,143,image_143.jpg,Nocardiosis,Actinomycosis
nejm,all_I=zoom_blur_S=3,144,image_144.jpg,Small-bowel obstruction,Sigmoid volvulus
nejm,all_I=zoom_blur_S=3,145,image_145.jpg,Intussusception,Gastric pneumatosis
nejm,all_I=zoom_blur_S=3,146,image_146.jpg,Pyogenic granuloma,Conjunctival squamous-cell carcinoma
nejm,all_I=zoom_blur_S=3,147,image_147.jpg,Pruritic plaques of pregnancy,Herpes gestationis
nejm,all_I=zoom_blur_S=3,148,image_148.jpg,Aquagenic keratoderma,Aquagenic keratoderma
nejm,all_I=zoom_blur_S=3,149,image_149.jpg,Scrotal calcinosis,Scrotal calcinosis
nejm,all_I=zoom_blur_S=3,150,image_150.jpg,Vocal-cord granuloma,Carcinoma
nejm,all_I=zoom_blur_S=3,151,image_151.jpg,Diabetic retinopathy,Lipemia retinalis
nejm,all_I=zoom_blur_S=3,152,image_152.jpg,Scurvy,Lead poisoning
nejm,all_I=zoom_blur_S=3,153,image_153.jpg,Tetracyclines,Tetracyclines
nejm,all_I=zoom_blur_S=3,154,image_154.jpg,Meig's syndrome,Thoracic endometriosis
nejm,all_I=zoom_blur_S=3,155,image_155.jpg,Struvite,Calcium phosphate
nejm,all_I=zoom_blur_S=3,156,image_156.jpg,Keratoglobus,Keratoconus
nejm,all_I=zoom_blur_S=3,157,image_157.jpg,Gout,Gout
nejm,all_I=zoom_blur_S=3,158,image_158.jpg,Left hypoglossal nerve,Left hypoglossal nerve
nejm,all_I=zoom_blur_S=3,159,image_159.jpg,Erythrasma,Tinea imbricata
nejm,all_I=zoom_blur_S=3,160,image_160.jpg,Mosquito,Mosquito
nejm,all_I=zoom_blur_S=3,161,image_161.jpg,Self-flagellation,Treatment with bleomycin
nejm,all_I=zoom_blur_S=3,162,image_162.jpg,Langerhans-cell histiocytosis,Langerhans-cell histiocytosis
nejm,all_I=zoom_blur_S=3,163,image_163.jpg,Central retinal vein occlusion,Cholesterol embolism
nejm,all_I=zoom_blur_S=3,164,image_164.jpg,Onychomycosis,Squamous-cell carcinoma
nejm,all_I=zoom_blur_S=3,165,image_165.jpg,Renal cryptococcosis,Renal cryptococcosis
nejm,all_I=zoom_blur_S=3,166,image_166.jpg,Leptospirosis,Tungiasis
nejm,all_I=zoom_blur_S=3,167,image_167.jpg,Coronary artery disease,Coronary artery disease
nejm,all_I=zoom_blur_S=3,168,image_168.jpg,Liver abscess,Liver abscess
nejm,all_I=zoom_blur_S=3,169,image_169.jpg,Interlabial cyst,Hydrocolpos
nejm,all_I=zoom_blur_S=3,170,image_170.jpg,Amnesia,Hemiparesis
nejm,all_I=zoom_blur_S=3,171,image_171.jpg,Punctate psoriasis,Keratoderma
nejm,all_I=zoom_blur_S=3,172,image_172.jpg,Chronic lung allograft dysfunction,Parvovirus B19 infection
nejm,all_I=zoom_blur_S=3,173,image_173.jpg,Polyarteritis nodosa,Polyarteritis nodosa
nejm,all_I=zoom_blur_S=3,174,image_174.jpg,Duodenal atresia,Pyloric stenosis
nejm,all_I=zoom_blur_S=3,175,image_175.jpg,HIV IgM antibody,HIV nucleic acid test
nejm,all_I=zoom_blur_S=3,176,image_176.jpg,Urate,Oxalate
nejm,all_I=zoom_blur_S=3,177,image_177.jpg,Guttate psoriasis,Pemphigus vulgaris
nejm,all_I=zoom_blur_S=3,178,image_178.jpg,Trypanosoma brucei,Trypanosoma brucei
nejm,all_I=zoom_blur_S=3,179,image_179.jpg,Drug-Eluting Bead Embolism,Drug-Eluting Bead Embolism
nejm,all_I=zoom_blur_S=3,180,image_180.jpg,Toxocara canis,Dirofilaria repens
nejm,all_I=zoom_blur_S=3,181,image_181.jpg,Carcinoma of the tongue,Giant-cell arteritis
nejm,all_I=zoom_blur_S=3,182,image_182.jpg,Atlanto-axial subluxation,Atlanto-occipital dislocation
nejm,all_I=zoom_blur_S=3,183,image_183.jpg,Chickenpox,Chickenpox
nejm,all_I=zoom_blur_S=3,184,image_184.jpg,Aspiration pneumonia,Bronchoesophageal fistula
nejm,all_I=zoom_blur_S=3,185,image_185.jpg,Turner syndrome,Turner syndrome
nejm,all_I=zoom_blur_S=3,186,image_186.jpg,Rickets,Paget's disease
nejm,all_I=zoom_blur_S=3,187,image_187.jpg,Pyogenic granuloma,Squamous-cell carcinoma
nejm,all_I=zoom_blur_S=3,188,image_188.jpg,Fibrolipomatous hamartoma of ulnar nerve,Mycobacterial tenosynovitis due to Mycobacterium avium complex
nejm,all_I=zoom_blur_S=3,189,image_189.jpg,Osteitis fibrosa,Calcinos
nejm,all_I=zoom_blur_S=3,190,image_190.jpg,Abscess,Lipoma
nejm,all_I=zoom_blur_S=3,191,image_191.jpg,Familial hypercholesterolemia,Kawasaki's disease
nejm,all_I=zoom_blur_S=3,192,image_192.jpg,Pulmonary silicosis,Multiple bacterial abscesses
nejm,all_I=zoom_blur_S=3,193,image_193.jpg,Lymphogranuloma venereum,Hidradenitis suppurativa
nejm,all_I=zoom_blur_S=3,194,image_194.jpg,Thyrotropin receptor antibodies,Thyrotropin receptor antibodies
nejm,all_I=zoom_blur_S=3,195,image_195.jpg,Pterygium,Loa loa
nejm,all_I=zoom_blur_S=3,196,image_196.jpg,Pneumopericardium,Pneumopericardium
nejm,all_I=zoom_blur_S=3,197,image_197.jpg,Erythema marginatum,Erythema marginatum
nejm,all_I=zoom_blur_S=3,198,image_198.jpg,Serpentine supravenous hyperpigmentation,Serpentine supravenous hyperpigmentation
nejm,all_I=zoom_blur_S=3,199,image_199.jpg,Psoriasis,Tinea
nejm,all_I=zoom_blur_S=3,200,image_200.jpg,Light-near dissociation,Light-near dissociation
nejm,all_I=zoom_blur_S=3,201,image_201.jpg,Rib metastases,Supernumerary rib
nejm,all_I=zoom_blur_S=3,202,image_202.jpg,Takayasu arteritis,Polychondritis
nejm,all_I=zoom_blur_S=3,203,image_203.jpg,Hemophagocytosis of sickle cells,Hemophagocytosis of sickle cells
nejm,all_I=zoom_blur_S=3,204,image_204.jpg,Addison's disease,Hypogonadism
nejm,all_I=zoom_blur_S=3,205,image_205.jpg,Pericardial effusion,Esophageal diverticulum
nejm,all_I=zoom_blur_S=3,206,image_206.jpg,Hidradinitis suppurativa,Pseudoxanthoma elasticum
nejm,all_I=zoom_blur_S=3,207,image_207.jpg,Levamisole-induced vasculitis,Hereditary hemorrhagic telangiectasia
nejm,all_I=zoom_blur_S=3,208,image_208.jpg,Pulmonary and tricuspid valves,Aortic and mitral valves
nejm,all_I=zoom_blur_S=3,209,image_209.jpg,Median nerve palsy,Albright's hereditary osteodystrophy
nejm,all_I=zoom_blur_S=3,210,image_210.jpg,Infection with Vibrio vulnificus,Polyarteritis nodosa
nejm,all_I=zoom_blur_S=3,211,image_211.jpg,Osteogenesis imperfecta,Osteogenesis imperfecta
nejm,all_I=zoom_blur_S=3,212,image_212.jpg,Alzheimer's disease,Normal-pressure hydrocephalus
nejm,all_I=zoom_blur_S=3,213,image_213.jpg,Elevated opening pressure,Elevated opening pressure
nejm,all_I=zoom_blur_S=3,214,image_214.jpg,Addison's disease,Insulin resistance
nejm,all_I=zoom_blur_S=3,215,image_215.jpg,Lymphangitis,Electrocution
nejm,all_I=zoom_blur_S=3,216,image_216.jpg,Myxoid sarcoma,Cysticercosis
nejm,all_I=zoom_blur_S=3,217,image_217.jpg,Acute hemorrhagic conjunctivitis,Leptospirosis
nejm,all_I=zoom_blur_S=3,218,image_218.jpg,Necrobiosis lipoidica diabeticorum,Ischemic gangrene
nejm,all_I=zoom_blur_S=3,219,image_219.jpg,Inflammatory breast cancer,Carcinoma en cuirasse
nejm,all_I=zoom_blur_S=3,220,image_220.jpg,Impetigo,Scabies
nejm,all_I=zoom_blur_S=3,221,image_221.jpg,Ground-glass opacity,Air bronchogram
nejm,all_I=zoom_blur_S=3,222,image_222.jpg,Echinococcal cysts,Echinococcal cysts
nejm,all_I=zoom_blur_S=3,223,image_223.jpg,Chondrocalcinosis,Chondrocalcinosis
nejm,all_I=zoom_blur_S=3,224,image_224.jpg,Myocarditis,Stenosis of the left anterior descending artery
nejm,all_I=zoom_blur_S=3,225,image_225.jpg,Papillomatosis cutis lymphostatica,Papillomatosis cutis lymphostatica
nejm,all_I=zoom_blur_S=3,226,image_226.jpg,Ovarian torsion,Fallopian tube torsion
nejm,all_I=zoom_blur_S=3,227,image_227.jpg,Rhinophyma,Rhinophyma
nejm,all_I=zoom_blur_S=3,228,image_228.jpg,Dermoid,Dermoid
nejm,all_I=zoom_blur_S=3,229,image_229.jpg,Erythrodermic psoriasis,Erythrodermic psoriasis
nejm,all_I=zoom_blur_S=3,230,image_230.jpg,Pinguecula,Prolapse of orbital fat
nejm,all_I=zoom_blur_S=3,231,image_231.jpg,Poland syndrome,Poland syndrome
nejm,all_I=zoom_blur_S=3,232,image_232.jpg,Lingua villosa nigra,Lingua villosa nigra
nejm,all_I=zoom_blur_S=3,233,image_233.jpg,Interventricular septum,Intercostal muscle
nejm,all_I=zoom_blur_S=3,234,image_234.jpg,Pyloric stenosis,Gastric cancer
nejm,all_I=zoom_blur_S=3,235,image_235.jpg,Somatotropic pituitary adenoma,Somatotropic pituitary adenoma
nejm,all_I=zoom_blur_S=3,236,image_236.jpg,Parvovirus B19,Treponema pallidum
nejm,all_I=zoom_blur_S=3,237,image_237.jpg,Leukemic infiltration of the gingiva,Leukemic infiltration of the gingiva
nejm,all_I=zoom_blur_S=3,238,image_238.jpg,Necrobiosis lipoidica diabeticorum,Necrolytic migratory erythema
nejm,all_I=zoom_blur_S=3,239,image_239.jpg,Closed-angle glaucoma,Waldenström’s macroglobulinemia
nejm,all_I=zoom_blur_S=3,240,image_240.jpg,Straddle pelvic fracture,Open-book fracture
nejm,all_I=zoom_blur_S=3,241,image_241.jpg,Tinea barbae,Tinea barbae
nejm,all_I=zoom_blur_S=3,242,image_242.jpg,"Hand, foot, and mouth disease",Herpetic whitlow
nejm,all_I=zoom_blur_S=3,243,image_243.jpg,Uterine fibroid,Urinary retention
nejm,all_I=zoom_blur_S=3,244,image_244.jpg,Pneumothorax,Pneumothorax
nejm,all_I=zoom_blur_S=3,245,image_245.jpg,Juvenile xanthogranuloma,Persistent pupillary membranes
nejm,all_I=zoom_blur_S=3,246,image_246.jpg,Odontogenic cutaneous fistula,Odontogenic cutaneous fistula
nejm,all_I=zoom_blur_S=3,247,image_247.jpg,Lipodermatosclerosis,Superficial thrombophlebitis
nejm,all_I=zoom_blur_S=3,248,image_248.jpg,Molluscum contagiosum,Molluscum contagiosum
nejm,all_I=zoom_blur_S=3,249,image_249.jpg,Cutaneous leishmaniasis,Cutaneous leishmaniasis
nejm,all_I=zoom_blur_S=3,250,image_250.jpg,Giant-cell arteritis,Giant-cell arteritis
nejm,all_I=zoom_blur_S=3,251,image_251.jpg,Antisynthetase syndrome,Antisynthetase syndrome
nejm,all_I=zoom_blur_S=3,252,image_252.jpg,Nummular eczema,Nummular eczema
nejm,all_I=zoom_blur_S=3,253,image_253.jpg,Superficial thrombophlebitis,Acute lymphangitis
nejm,all_I=zoom_blur_S=3,254,image_254.jpg,Graves' disease,Rheumatoid arthritis
nejm,all_I=zoom_blur_S=3,255,image_255.jpg,Sublingual epidermoid cyst,Sublingual epidermoid cyst
nejm,all_I=zoom_blur_S=3,256,image_256.jpg,Miliary tuberculosis,Sarcoidosis
nejm,all_I=zoom_blur_S=3,257,image_257.jpg,Herpes simplex,Syphilis
nejm,all_I=zoom_blur_S=3,258,image_258.jpg,Foreign bodies that have been present for longer than 24 hours,Foreign bodies that have been present for longer than 24 hours
nejm,all_I=zoom_blur_S=3,259,image_259.jpg,Electrical alternans,Cardiac allograft
nejm,all_I=zoom_blur_S=3,260,image_260.jpg,Phlegmasia cerulea dolens,Phlegmasia cerulea dolens
nejm,all_I=zoom_blur_S=3,261,image_261.jpg,Measles,Measles
nejm,all_I=zoom_blur_S=3,262,image_262.jpg,Kayser-Fleischer ring,Vernal conjunctivitis
nejm,all_I=zoom_blur_S=3,263,image_263.jpg,Pericardial space,Left ventricle
nejm,all_I=zoom_blur_S=3,264,image_264.jpg,Bilirubin,Bilirubin
nejm,all_I=zoom_blur_S=3,265,image_265.jpg,Acromegaly,Eisenmenger's syndrome
nejm,all_I=zoom_blur_S=3,266,image_266.jpg,Polycystic kidney disease,Page kidney
nejm,all_I=zoom_blur_S=3,267,image_267.jpg,Gastric outlet obstruction,Ulcerative colitis
nejm,all_I=zoom_blur_S=3,268,image_268.jpg,Geographic tongue,Geographic tongue
nejm,all_I=zoom_blur_S=3,269,image_269.jpg,Bone marrow necrosis,Bone marrow necrosis
nejm,all_I=zoom_blur_S=3,270,image_270.jpg,Permethrin,Permethrin
nejm,all_I=zoom_blur_S=3,271,image_271.jpg,Hypothyroidism,Hypothyroidism
nejm,all_I=zoom_blur_S=3,272,image_272.jpg,Preeclampsia,Preeclampsia
nejm,all_I=zoom_blur_S=3,273,image_273.jpg,Senile ileus,Intestinal lipomatosis
nejm,all_I=zoom_blur_S=3,274,image_274.jpg,Temporal arteritis,Cholesterol emboli
nejm,all_I=zoom_blur_S=3,275,image_275.jpg,Aphthous stomatitis,Herpes zoster
nejm,all_I=zoom_blur_S=3,276,image_276.jpg,Sporotrichosis,Sporotrichosis
nejm,all_I=zoom_blur_S=3,277,image_277.jpg,Central retinal artery occlusion,Central retinal artery occlusion
nejm,all_I=zoom_blur_S=3,278,image_278.jpg,Hematometrocolpos,Hematometrocolpos
nejm,all_I=zoom_blur_S=3,279,image_279.jpg,Angioedema,Superior vena cava syndrome
nejm,all_I=zoom_blur_S=3,280,image_280.jpg,Sickle cell disease,Cirrhosis
nejm,all_I=zoom_blur_S=3,281,image_281.jpg,Hyperplastic polyps,Ménétrier’s disease
nejm,all_I=zoom_blur_S=3,282,image_282.jpg,Pseudothrombocytopenia due to plate clumping associated with EDTA,Pseudothrombocytosis due to red cell fragments
nejm,all_I=zoom_blur_S=3,283,image_283.jpg,Anterior uveitis,Carotid cavernous sinus fistula
nejm,all_I=zoom_blur_S=3,284,image_284.jpg,Plastic bronchitis,Plastic bronchitis
nejm,all_I=zoom_blur_S=3,285,image_285.jpg,Hernia,Intraabdominal cancer
nejm,all_I=zoom_blur_S=3,286,image_286.jpg,Rosacea,Rosacea
nejm,all_I=zoom_blur_S=3,287,image_287.jpg,Castleman disease,Urachal mucinous cystic tumor
nejm,all_I=zoom_blur_S=3,288,image_288.jpg,Quadriplegia,Quadriplegia
nejm,all_I=zoom_blur_S=3,289,image_289.jpg,Retinitis pigmentosa,Marfan’s syndrome
nejm,all_I=zoom_blur_S=3,290,image_290.jpg,Sclerosing sialadenitis,Sclerosing sialadenitis
nejm,all_I=zoom_blur_S=3,291,image_291.jpg,Cardiac amyloidosis,Angiosarcoma
nejm,all_I=zoom_blur_S=3,292,image_292.jpg,Gunshot wound,Chronic venous insufficiency
nejm,all_I=zoom_blur_S=3,293,image_293.jpg,Pyogenic granuloma,Torus mandibularis
nejm,all_I=zoom_blur_S=3,294,image_294.jpg,Spindle-cell sarcoma,Spindle-cell sarcoma
nejm,all_I=zoom_blur_S=3,295,image_295.jpg,Spleen,Stomach
nejm,all_I=zoom_blur_S=3,296,image_296.jpg,Cogan’s syndrome,Cogan’s syndrome
nejm,all_I=zoom_blur_S=3,297,image_297.jpg,Salbutamol,Ipratropium
nejm,all_I=zoom_blur_S=3,298,image_298.jpg,Diabetic bullae,Eruptive xanthomas
nejm,all_I=zoom_blur_S=3,299,image_299.jpg,Sialolithiasis,Iodide-associated sialadenitis
nejm,all_I=zoom_blur_S=3,300,image_300.jpg,Peritoneal carcinomatosis,Encapsulating peritoneal sclerosis
nejm,all_I=zoom_blur_S=3,301,image_301.jpg,Beta2-microglobulin,Calcitonin
nejm,all_I=zoom_blur_S=3,302,image_302.jpg,Primary hypertrophic osteoarthropathy,Primary hypertrophic osteoarthropathy
nejm,all_I=zoom_blur_S=3,303,image_303.jpg,Congenital cytomegalovirus infection,Congenital cytomegalovirus infection
nejm,all_I=zoom_blur_S=3,304,image_304.jpg,Left anterior descending artery occlusion,Right coronary artery occlusion
nejm,all_I=zoom_blur_S=3,305,image_305.jpg,Tracheal agenesis with bronchoesophageal fistula,Tracheal agenesis with bronchoesophageal fistula
nejm,all_I=zoom_blur_S=3,306,image_306.jpg,Prolactin,Angiotensin-converting enzyme
nejm,all_I=zoom_blur_S=3,307,image_307.jpg,Speckled lentiginous naevi,Neurofibromatosis
nejm,all_I=zoom_blur_S=3,308,image_308.jpg,Polyarteritis nodosa,Systemic lupus erythematosus
nejm,all_I=zoom_blur_S=3,309,image_309.jpg,Granulomatosis with polyangiitis,Granulomatosis with polyangiitis
nejm,all_I=zoom_blur_S=3,310,image_310.jpg,Rhabdomyolysis,Ethylene glycol poisoning
nejm,all_I=zoom_blur_S=3,311,image_311.jpg,Trichobezoar,Ascariasis
nejm,all_I=zoom_blur_S=3,312,image_312.jpg,Epstein-Barr virus,Group A streptococcus
nejm,all_I=zoom_blur_S=3,313,image_313.jpg,Retinopathy of prematurity,Shaken-baby syndrome
nejm,all_I=zoom_blur_S=3,314,image_314.jpg,Sweet’s syndrome,Exanthematous pustulosis
nejm,all_I=zoom_blur_S=3,315,image_315.jpg,Infectious mononucleosis,Rubella
nejm,all_I=zoom_blur_S=3,316,image_316.jpg,Tropical pyoderma,Cutaneous leishmaniasis
nejm,all_I=zoom_blur_S=3,317,image_317.jpg,Thrombotic vasculopathy,Thrombotic vasculopathy
nejm,all_I=zoom_blur_S=3,318,image_318.jpg,Folliculitis,Herpes simplex virus infection
nejm,all_I=zoom_blur_S=3,319,image_319.jpg,Plummer Vinson syndrome,Eosinophilic esophagitis
nejm,all_I=zoom_blur_S=3,320,image_320.jpg,Pharyngeal foreign body,Prevertebral air
nejm,all_I=zoom_blur_S=3,321,image_321.jpg,Cows,Cats
nejm,all_I=zoom_blur_S=3,322,image_322.jpg,Portal hypertension,Histoplasmosis
nejm,all_I=zoom_blur_S=3,323,image_323.jpg,Paragonimiasis,Paragonimiasis
nejm,all_I=zoom_blur_S=3,324,image_324.jpg,Brachial artery stenosis,Fibromuscular dysplasia
nejm,all_I=zoom_blur_S=3,325,image_325.jpg,Condylomata acuminata,Condylomata lata
nejm,all_I=zoom_blur_S=3,326,image_326.jpg,Paget's disease,Adrenal insufficiency
nejm,all_I=zoom_blur_S=3,327,image_327.jpg,Vitamin B12 deficiency,Vitamin B12 deficiency
nejm,all_I=zoom_blur_S=3,328,image_328.jpg,Ostraceous psoriasis,Ostraceous psoriasis
nejm,all_I=zoom_blur_S=3,329,image_329.jpg,Condyloma acuminatum,Squamous-cell carcinoma
nejm,all_I=zoom_blur_S=3,330,image_330.jpg,Conn’s syndrome,Primary adrenal lymphoma
nejm,all_I=zoom_blur_S=3,331,image_331.jpg,Spider angioma,Spider angioma
nejm,all_I=zoom_blur_S=3,332,image_332.jpg,Actinomycetoma,Actinomycetoma
nejm,all_I=zoom_blur_S=3,333,image_333.jpg,Malignant melanoma,Halo nevus
nejm,all_I=zoom_blur_S=3,334,image_334.jpg,Amiodarone-induced skin discoloration,Amiodarone-induced skin discoloration
nejm,all_I=zoom_blur_S=3,335,image_335.jpg,Leukemia,Leukemia
nejm,all_I=zoom_blur_S=3,336,image_336.jpg,Rocky Mountain spotted fever,Tickborne relapsing fever
nejm,all_I=zoom_blur_S=3,337,image_337.jpg,Necrolytic migratory erythema,Erythema gyratum repens
nejm,all_I=zoom_blur_S=3,338,image_338.jpg,Frost bite,Deep venous thrombosis
nejm,all_I=zoom_blur_S=3,339,image_339.jpg,Bronchiolitis,Bordetella pertussis
nejm,all_I=zoom_blur_S=3,340,image_340.jpg,Ischemic colitis,Ingestion of a heavy metal
nejm,all_I=zoom_blur_S=3,341,image_341.jpg,Tophaceous gout,Tophaceous gout
nejm,all_I=zoom_blur_S=3,342,image_342.jpg,Anastomotic stricture,Internal hernia
nejm,all_I=zoom_blur_S=3,343,image_343.jpg,Colonic pseudo-obstruction,Colocolonic intussusception
nejm,all_I=zoom_blur_S=3,344,image_344.jpg,Renal cortical necrosis,Cholesterol crystals
nejm,all_I=zoom_blur_S=3,345,image_345.jpg,Pulmonary-artery dissection,Pulmonary-artery dissection
nejm,all_I=zoom_blur_S=3,346,image_346.jpg,Scleroderma,Beta-thalassemia
nejm,all_I=zoom_blur_S=3,347,image_347.jpg,"Consumption of undercooked, infected fish","Consumption of undercooked, infected beef"
nejm,all_I=zoom_blur_S=3,348,image_348.jpg,Pemphigus vulgaris,Neutrophilic dermatosis
nejm,all_I=zoom_blur_S=3,349,image_349.jpg,Alkaline phosphatase,Alkaline phosphatase
nejm,all_I=zoom_blur_S=3,350,image_350.jpg,Perforated viscus,Ogilvie’s syndrome
nejm,all_I=zoom_blur_S=3,351,image_351.jpg,Age-related macular degeneration,Toxoplasmosis
nejm,all_I=zoom_blur_S=3,352,image_352.jpg,Melasma,Fluorouracil side effect
nejm,all_I=zoom_blur_S=3,353,image_353.jpg,Epidermoid cyst,Furuncular myiasis
nejm,all_I=zoom_blur_S=3,354,image_354.jpg,Sarcoidosis,Sarcoidosis
nejm,all_I=zoom_blur_S=3,355,image_355.jpg,Laser-assisted in situ keratomileusis,Radial keratotomy
nejm,all_I=zoom_blur_S=3,356,image_356.jpg,Nephrostomy tube,Uterine perforation
nejm,all_I=zoom_blur_S=3,357,image_357.jpg,Lyme neuroborreliosis,Creutzfeld-Jakob disease
nejm,all_I=zoom_blur_S=3,358,image_358.jpg,Pneumoconiosis,Tobacco
nejm,all_I=zoom_blur_S=3,359,image_359.jpg,Metastatic lung cancer,Metastatic lung cancer
nejm,all_I=zoom_blur_S=3,360,image_360.jpg,Radiation-induced angiosarcoma,Radiation-induced angiosarcoma
nejm,all_I=zoom_blur_S=3,361,image_361.jpg,Pemphigoid gestationis,Atopic eruption of pregnancy
nejm,all_I=zoom_blur_S=3,362,image_362.jpg,Riboflavin,Niacin
nejm,all_I=zoom_blur_S=3,363,image_363.jpg,Autoimmune hemolytic anemia,Spur-cell hemolytic anemia
nejm,all_I=zoom_blur_S=3,364,image_364.jpg,Cutaneous larva migrans,Cutaneous larva migrans
nejm,all_I=zoom_blur_S=3,365,image_365.jpg,Herpes simplex virus infection,Treponema pallidum infection
nejm,all_I=zoom_blur_S=3,366,image_366.jpg,Erythema infectiosum,Insect bite
nejm,all_I=zoom_blur_S=3,367,image_367.jpg,Diaphragm,Diaphragm
nejm,all_I=zoom_blur_S=3,368,image_368.jpg,Pneumothorax,Lung herniation
nejm,all_I=zoom_blur_S=3,369,image_369.jpg,Congenital adrenal hyperplasia,Spinal dysraphism
nejm,all_I=zoom_blur_S=3,370,image_370.jpg,Klippel-Trénaunay syndrome,Infant harlequin syndrome
nejm,all_I=zoom_blur_S=3,371,image_371.jpg,Cleft jaw,Mandibular fracture
nejm,all_I=zoom_blur_S=3,372,image_372.jpg,Panniculitis,Panniculitis
nejm,all_I=zoom_blur_S=3,373,image_373.jpg,Peutz–Jeghers syndrome,Peutz–Jeghers syndrome
nejm,all_I=zoom_blur_S=3,374,image_374.jpg,Oral leukoplakia,Secondary syphilis
nejm,all_I=zoom_blur_S=3,375,image_375.jpg,Inverted Q wave,Osborn wave
nejm,all_I=zoom_blur_S=3,376,image_376.jpg,Kawasaki disease,Staphylococcal scalded skin
nejm,all_I=zoom_blur_S=3,377,image_377.jpg,Divarication of the rectus abdominis,Insulin lipohypertrophy
nejm,all_I=zoom_blur_S=3,378,image_378.jpg,Tinea capitis,Actinic granuloma
nejm,all_I=zoom_blur_S=3,379,image_379.jpg,Neurocysticercosis,Cystic echinococcosis
nejm,all_I=zoom_blur_S=3,380,image_380.jpg,Alcohol dependency,Alcohol dependency
nejm,all_I=zoom_blur_S=3,381,image_381.jpg,Multiple iris nevi,Lisch nodules
nejm,all_I=zoom_blur_S=3,382,image_382.jpg,Zinc,Zinc
nejm,all_I=zoom_blur_S=3,383,image_383.jpg,Thrombocytosis,Eosinophilia
nejm,all_I=zoom_blur_S=3,384,image_384.jpg,Lupus retinal vasculitis,Antiphospholipid syndrome
nejm,all_I=zoom_blur_S=3,385,image_385.jpg,Glioblastoma multiforme,Epidural hematoma
nejm,all_I=zoom_blur_S=3,386,image_386.jpg,Pancreatic phlegmon,Trichobezoar
nejm,all_I=zoom_blur_S=3,387,image_387.jpg,Osteitis fibrosa cystica,Osteomalacia
nejm,all_I=zoom_blur_S=3,388,image_388.jpg,Polyarteritis nodosa vasculitis,Lymphoma
nejm,all_I=zoom_blur_S=3,389,image_389.jpg,Bone scan,Bone scan
nejm,all_I=zoom_blur_S=3,390,image_390.jpg,Thyroid cancer,Gastric cancer
nejm,all_I=zoom_blur_S=3,391,image_391.jpg,Drug-induced reaction,Malakoplakia
nejm,all_I=zoom_blur_S=3,392,image_392.jpg,Prolactinoma,Prolactinoma
nejm,all_I=zoom_blur_S=3,393,image_393.jpg,Systemic lupus erythematosus,Systemic lupus erythematosus
nejm,all_I=zoom_blur_S=3,394,image_394.jpg,Intravitreal hemorrhage,Traumatic bleb
nejm,all_I=zoom_blur_S=3,395,image_395.jpg,Soft-tissue calcinosis,Soft-tissue calcinosis
nejm,all_I=zoom_blur_S=3,396,image_396.jpg,Epidermodysplasia verruciformis,Chromoblastomycosis
nejm,all_I=zoom_blur_S=3,397,image_397.jpg,Pectus excavatum,Pectus excavatum
nejm,all_I=zoom_blur_S=3,398,image_398.jpg,Tuberculosis,Tuberculosis
nejm,all_I=zoom_blur_S=3,399,image_399.jpg,Androgenic alopecia,Fibrosing alopecia
nejm,all_I=zoom_blur_S=3,400,image_400.jpg,Ludwig’s angina,Ludwig’s angina
nejm,all_I=zoom_blur_S=3,401,image_401.jpg,Nephrogenic fibrosing dermopathy,Nephrogenic fibrosing dermopathy
nejm,all_I=zoom_blur_S=3,402,image_402.jpg,Lingual carcinoma,Hypoglossal nerve injury
nejm,all_I=zoom_blur_S=3,403,image_403.jpg,Cystic echinococcosis,Cystic echinococcosis
nejm,all_I=zoom_blur_S=3,404,image_404.jpg,Congestive heart failure,Congestive heart failure
nejm,all_I=zoom_blur_S=3,405,image_405.jpg,Systemic lupus erythematosus,Scleroderma
nejm,all_I=zoom_blur_S=3,406,image_406.jpg,Malassezia furfur,Corynebacterium minutissimum
nejm,all_I=zoom_blur_S=3,407,image_407.jpg,Hydropneumothorax,Hydropneumothorax
nejm,all_I=zoom_blur_S=3,408,image_408.jpg,Calcium pyrophosphate deposition disease,Gout
nejm,all_I=zoom_blur_S=3,409,image_409.jpg,Drug reaction with eosinophilia and systemic symptoms,Drug reaction with eosinophilia and systemic symptoms
nejm,all_I=zoom_blur_S=3,410,image_410.jpg,Raynaud disease,Subclavian vein thrombosis
nejm,all_I=zoom_blur_S=3,411,image_411.jpg,Infantile hepatic hemangiomas,Infantile hepatic hemangiomas
nejm,all_I=zoom_blur_S=3,412,image_412.jpg,Cryptococcus neoformans,Histoplasma capsulatum
nejm,all_I=zoom_blur_S=3,413,image_413.jpg,Cerebriform nevus sebaceous,Cerebriform nevus sebaceous
nejm,all_I=zoom_blur_S=3,414,image_414.jpg,Dubin-Johnson syndrome,Metastatic colon cancer
nejm,all_I=zoom_blur_S=3,415,image_415.jpg,Vitiligo,Vitiligo
nejm,all_I=zoom_blur_S=3,416,image_416.jpg,Pheochromocytoma,Carcinoid syndrome
nejm,all_I=zoom_blur_S=3,417,image_417.jpg,Congenital melanocytic nevus,Congenital melanocytic nevus
nejm,all_I=zoom_blur_S=3,418,image_418.jpg,Marfan’s syndrome,Multiple endocrine neoplasia type 2B
nejm,all_I=zoom_blur_S=3,419,image_419.jpg,Medullary carcinoma of the thyroid,Peripancreatic malignancy
nejm,all_I=zoom_blur_S=3,420,image_420.jpg,Immature cataract,Intraocular tumor
nejm,all_I=zoom_blur_S=3,421,image_421.jpg,Cryptococcal meningitis,Cryptococcal meningitis
nejm,all_I=zoom_blur_S=3,422,image_422.jpg,Beta-blocker,Angiotensin converting-enzyme inhibitor
nejm,all_I=zoom_blur_S=3,423,image_423.jpg,Plantar warts,Plantar warts
nejm,all_I=zoom_blur_S=3,424,image_424.jpg,Addison's disease,Diabetes mellitus
nejm,all_I=zoom_blur_S=3,425,image_425.jpg,Glycogenic acanthosis,Nodular lymphoid hyperplasia
nejm,all_I=zoom_blur_S=3,426,image_426.jpg,Peritonsillar abscess,Retropharyngeal abscess
nejm,all_I=zoom_blur_S=3,427,image_427.jpg,Chloroquine,Chloroquine
nejm,all_I=zoom_blur_S=3,428,image_428.jpg,Diffuse cutaneous systemic sclerosis,Diffuse cutaneous systemic sclerosis
nejm,all_I=zoom_blur_S=3,429,image_429.jpg,Atrial fibrillation,Diabetes mellitus
nejm,all_I=zoom_blur_S=3,430,image_430.jpg,Apply cervical collar to stabilize the neck,Leave the foreign object in place
nejm,all_I=zoom_blur_S=3,431,image_431.jpg,Thromboangiitis obliterans,Ergotism
nejm,all_I=zoom_blur_S=3,432,image_432.jpg,Osteopetrosis,Ankylosing spondylitis
nejm,all_I=zoom_blur_S=3,433,image_433.jpg,Endocrine system,Respiratory system
nejm,all_I=zoom_blur_S=3,434,image_434.jpg,Bullous ichthyosiform erythroderma,Harlequin color change
nejm,all_I=zoom_blur_S=3,435,image_435.jpg,Tonsillar cancer,Tonsillar cancer
nejm,all_I=zoom_blur_S=3,436,image_436.jpg,Acute pulmonary embolism,Ascending aortic aneurysm
nejm,all_I=zoom_blur_S=3,437,image_437.jpg,Congenital nevus,Congenital nevus
nejm,all_I=zoom_blur_S=3,438,image_438.jpg,Vibrio vulnificus,Vibrio vulnificus
nejm,all_I=zoom_blur_S=3,439,image_439.jpg,Atypical antipsychotic,Protease inhibitor
nejm,all_I=zoom_blur_S=3,440,image_440.jpg,Wernicke’s encephalopathy,Wernicke’s encephalopathy
nejm,all_I=zoom_blur_S=3,441,image_441.jpg,Gastrointestinal lymphoma,Superior mesenteric artery syndrome
nejm,all_I=zoom_blur_S=3,442,image_442.jpg,Mucocele,Mucocele
nejm,all_I=zoom_blur_S=3,443,image_443.jpg,Herpes simplex virus,Varicella-zoster virus
nejm,all_I=zoom_blur_S=3,444,image_444.jpg,Myasthenia gravis,Myasthenia gravis
nejm,all_I=zoom_blur_S=3,445,image_445.jpg,Aspiration pneumonia,Pleural perforation
nejm,all_I=zoom_blur_S=3,446,image_446.jpg,Lactational mastitis,Polymastia
nejm,all_I=zoom_blur_S=3,447,image_447.jpg,Paronychia,Gout
nejm,all_I=zoom_blur_S=3,448,image_448.jpg,Penicillin or azithromycin,Aspirin and intravenous immune globulin
nejm,all_I=zoom_blur_S=3,449,image_449.jpg,Glucocorticoid induced ulceration,Extranodal natural killer T-cell lymphoma
nejm,all_I=zoom_blur_S=3,450,image_450.jpg,Kawasaki disease,Celiac disease
nejm,all_I=zoom_blur_S=3,451,image_451.jpg,Pellagra,Amyotrophic lateral sclerosis
nejm,all_I=zoom_blur_S=3,452,image_452.jpg,Sjogren's syndrome,Uveoparotid fever
nejm,all_I=zoom_blur_S=3,453,image_453.jpg,Pyoderma gangrenosum,Anti-MDA5 dermatomyositis
nejm,all_I=zoom_blur_S=3,454,image_454.jpg,Recurrent breast cancer,Cellulitis
nejm,all_I=zoom_blur_S=3,455,image_455.jpg,Acute mesenteric ischemia,Intraabdominal hernia
nejm,all_I=zoom_blur_S=3,456,image_456.jpg,Acute dacryocystitis,Acute dacryocystitis
nejm,all_I=zoom_blur_S=3,457,image_457.jpg,Anti-Hu antibody,Anti-Hu antibody
nejm,all_I=zoom_blur_S=3,458,image_458.jpg,Crusted scabies,Crusted scabies
nejm,all_I=zoom_blur_S=3,459,image_459.jpg,Schistosoma hematobium,Schistosoma hematobium
nejm,all_I=zoom_blur_S=3,460,image_460.jpg,Atlantoaxial dislocation,Epiglottitis
nejm,all_I=zoom_blur_S=3,461,image_461.jpg,Erythema multiforme,Urticaria multiforme
nejm,all_I=zoom_blur_S=3,462,image_462.jpg,Tetracycline,Tetracycline
nejm,all_I=zoom_blur_S=3,463,image_463.jpg,Cortisol,Alkaline phosphatase
nejm,all_I=zoom_blur_S=3,464,image_464.jpg,Neutrophilic eccrine hidradenitis,Neutrophilic eccrine hidradenitis
nejm,all_I=zoom_blur_S=3,465,image_465.jpg,"Right hemiparesis, gaze deviated to the right","Left hemiparesis, gaze deviated to the right"
nejm,all_I=zoom_blur_S=3,466,image_466.jpg,Lead exposure,Lead exposure
nejm,all_I=zoom_blur_S=3,467,image_467.jpg,Paraneoplastic pemphigus,Necrolytic migratory erythema
nejm,all_I=zoom_blur_S=3,468,image_468.jpg,Livedo reticularis,Erythema ab igne
nejm,all_I=zoom_blur_S=3,469,image_469.jpg,Melasma,Phototoxic dermatitis
nejm,all_I=zoom_blur_S=3,470,image_470.jpg,Laryngeal candidiasis,Laryngeal candidiasis
nejm,all_I=zoom_blur_S=3,471,image_471.jpg,Zenker's diverticulum,Zenker's diverticulum
nejm,all_I=zoom_blur_S=3,472,image_472.jpg,Paget-Schroetter disease,Mondor’s disease
nejm,all_I=zoom_blur_S=3,473,image_473.jpg,Posterior reversible encephalopathy syndrome,Posterior reversible encephalopathy syndrome
nejm,all_I=zoom_blur_S=3,474,image_474.jpg,Carpal tunnel syndrome,Systemic sclerosis
nejm,all_I=zoom_blur_S=3,475,image_475.jpg,"Hypercalcemia, hypophosphatemia, and hyperkalemia","Hypocalcemia, hypophosphatemia, and hyperkalemia"
nejm,all_I=zoom_blur_S=3,476,image_476.jpg,Legg–Calvé–Perthes disease,Legg–Calvé–Perthes disease
nejm,all_I=zoom_blur_S=3,477,image_477.jpg,Decompression sickness,Decompression sickness
nejm,all_I=zoom_blur_S=3,478,image_478.jpg,Porphyria cutanea tarda,Porphyria cutanea tarda
nejm,all_I=zoom_blur_S=3,479,image_479.jpg,Graves' disease,Graves' disease
nejm,all_I=zoom_blur_S=3,480,image_480.jpg,Congenital adrenal hyperplasia,Congenital adrenal hyperplasia
nejm,all_I=zoom_blur_S=3,481,image_481.jpg,Cutaneous metastases,Cutaneous metastases
nejm,all_I=zoom_blur_S=3,482,image_482.jpg,Thromboangiitis obliterans,Thromboangiitis obliterans
nejm,all_I=zoom_blur_S=3,483,image_483.jpg,Cataract,Cataract
nejm,all_I=zoom_blur_S=3,484,image_484.jpg,Hashimoto's disease,Atherosclerosis
nejm,all_I=zoom_blur_S=3,485,image_485.jpg,Tuberculosis,Situs inversus totalis
nejm,all_I=zoom_blur_S=3,486,image_486.jpg,Cytomegalovirus retinitis,Hypertriglyceridemia
nejm,all_I=zoom_blur_S=3,487,image_487.jpg,Peritonsillar abscess,Obstructive parotitis
nejm,all_I=zoom_blur_S=3,488,image_488.jpg,Ischemic colitis,Ischemic colitis
nejm,all_I=zoom_blur_S=3,489,image_489.jpg,Small-cell lung cancer,Small-cell lung cancer
nejm,all_I=zoom_blur_S=3,490,image_490.jpg,Capillaria,Strongyloides stercoralis
nejm,all_I=zoom_blur_S=3,491,image_491.jpg,Levamisole,Xylazine
nejm,all_I=zoom_blur_S=3,492,image_492.jpg,Parathyroid carcinoma,Hodgkin's lymphoma
nejm,all_I=zoom_blur_S=3,493,image_493.jpg,Brucellosis,Brucellosis
nejm,all_I=zoom_blur_S=3,494,image_494.jpg,Thyroid eye disease,IgG4-related ophthalmic disease
nejm,all_I=zoom_blur_S=3,495,image_495.jpg,Periodontitis,Dermatomyositis
nejm,all_I=zoom_blur_S=3,496,image_496.jpg,Mucormycosis,Curvularia alcornii
nejm,all_I=zoom_blur_S=3,497,image_497.jpg,Bulbar palsy,Romberg's sign
nejm,all_I=zoom_blur_S=3,498,image_498.jpg,Acinetobacter baumannii,Klebsiella rhinoscleromatis
nejm,all_I=zoom_blur_S=3,499,image_499.jpg,Lingual artery thrombosis,Tissue plasminogen activator-associated angioedema
nejm,all_I=zoom_blur_S=3,500,image_500.jpg,Macular sparing hemianopia,Inferior hemifield loss
nejm,all_I=zoom_blur_S=3,501,image_501.jpg,Syphilis,Infective endocarditis
nejm,all_I=zoom_blur_S=3,502,image_502.jpg,Nephrogenic systemic fibrosis,Nephrogenic systemic fibrosis
nejm,all_I=zoom_blur_S=3,503,image_503.jpg,Onycholysis,Splinter hemorrhages
nejm,all_I=zoom_blur_S=3,504,image_504.jpg,Pityriasis rosea,Leprosy
nejm,all_I=zoom_blur_S=3,505,image_505.jpg,Baker's cyst,Abscess
nejm,all_I=zoom_blur_S=3,506,image_506.jpg,Dirofilaria repens infection,Dirofilaria repens infection
nejm,all_I=zoom_blur_S=3,507,image_507.jpg,Cushing's syndrome,Paraneoplastic disorder
nejm,all_I=zoom_blur_S=3,508,image_508.jpg,Perirenal extramedullary hematopoiesis,Perirenal extramedullary hematopoiesis
nejm,all_I=zoom_blur_S=3,509,image_509.jpg,Marfan's syndrome,Bulimia nervosa
nejm,all_I=zoom_blur_S=3,510,image_510.jpg,Chromomycosis,Iododerma
nejm,all_I=zoom_blur_S=3,511,image_511.jpg,Retinoblastoma,Retinoblastoma
nejm,all_I=zoom_blur_S=3,512,image_512.jpg,Intestinal obstruction,Perforation of a viscus
nejm,all_I=zoom_blur_S=3,513,image_513.jpg,Polymyositis,Dermatomyositis
nejm,all_I=zoom_blur_S=3,514,image_514.jpg,Acromegaly,Lipomatosis
nejm,all_I=zoom_blur_S=3,515,image_515.jpg,Nevus comedonicus,Nevus comedonicus
nejm,all_I=zoom_blur_S=3,516,image_516.jpg,Oral hairy leukoplakia,Uremic stomatitis
nejm,all_I=zoom_blur_S=3,517,image_517.jpg,Paget's disease,Systemic sclerosis
nejm,all_I=zoom_blur_S=3,518,image_518.jpg,Necrobiosis lipoidica,Chronic venous stasis
nejm,all_I=zoom_blur_S=3,519,image_519.jpg,Sjögren's syndrome,Sjögren's syndrome
nejm,all_I=zoom_blur_S=3,520,image_520.jpg,Thyroglossal duct cyst,Thyroglossal duct cyst
nejm,all_I=zoom_blur_S=3,521,image_521.jpg,Sarcoidosis,Wegener's granulomatosis
nejm,all_I=zoom_blur_S=3,522,image_522.jpg,Necrobiosis lipoidica,Necrobiosis lipoidica
nejm,all_I=zoom_blur_S=3,523,image_523.jpg,Lingual artery,Lingual artery
nejm,all_I=zoom_blur_S=3,524,image_524.jpg,Cerebral toxoplasmosis,Nocardia asteroides infection
nejm,all_I=zoom_blur_S=3,525,image_525.jpg,Raynaud syndrome,Achenbach’s syndrome
nejm,all_I=zoom_blur_S=3,526,image_526.jpg,Chancroid,Herpes vegetans
nejm,all_I=zoom_blur_S=3,527,image_527.jpg,Familial partial lipodystrophy,Thrombosis of the inferior vena cava
nejm,all_I=zoom_blur_S=3,528,image_528.jpg,Molluscum contagiosum,Human papillomavirus
nejm,all_I=zoom_blur_S=3,529,image_529.jpg,Spinal muscular atrophy,Tay-Sachs disease
nejm,all_I=zoom_blur_S=3,530,image_530.jpg,Restrictive lung disease,Intrathoracic localized obstruction
nejm,all_I=zoom_blur_S=3,531,image_531.jpg,Hereditary angioedema,Thromboembolism
nejm,all_I=zoom_blur_S=3,532,image_532.jpg,Pneumoperitoneum,Pneumoperitoneum
nejm,all_I=zoom_blur_S=3,533,image_533.jpg,Heberden’s nodes,Jaccoud’s arthropathy
nejm,all_I=zoom_blur_S=3,534,image_534.jpg,Eosinophilic ulcer,Cytomegalovirus infection
nejm,all_I=zoom_blur_S=3,535,image_535.jpg,Paget's disease,Renal tubular acidosis
nejm,all_I=zoom_blur_S=3,536,image_536.jpg,Vitamin B6,Zinc
nejm,all_I=zoom_blur_S=3,537,image_537.jpg,Cold agglutinins,Cold agglutinins
nejm,all_I=zoom_blur_S=3,538,image_538.jpg,Hemorrhoids,Enterobiasis
nejm,all_I=zoom_blur_S=3,539,image_539.jpg,Digital ischemia,Digital ischemia
nejm,all_I=zoom_blur_S=3,540,image_540.jpg,Spina bifida,Croup
nejm,all_I=zoom_blur_S=3,541,image_541.jpg,Disseminated cutaneous blastomycosis,Disseminated cutaneous blastomycosis
nejm,all_I=zoom_blur_S=3,542,image_542.jpg,Otitis externa,Frey's syndrome
nejm,all_I=zoom_blur_S=3,543,image_543.jpg,Cerebral cavernous malformations,Cerebral cavernous malformations
nejm,all_I=zoom_blur_S=3,544,image_544.jpg,Prescribe nystatin,Counsel patient to stop smoking
nejm,all_I=zoom_blur_S=3,545,image_545.jpg,Tolosa-Hunt syndrome,Multiple myeloma
nejm,all_I=zoom_blur_S=3,546,image_546.jpg,Defect in glucuronidation leading to hyperbilirubinemia,About 50% of the serum bilirubin is conjugated
nejm,all_I=zoom_blur_S=3,547,image_547.jpg,Hampton’s hump,Hampton’s hump
nejm,all_I=zoom_blur_S=3,548,image_548.jpg,Leukemia cutis,Cryoglobulinemic vasculitis
nejm,all_I=zoom_blur_S=3,549,image_549.jpg,Papillary thyroid cancer,Ectopic thyroid
nejm,all_I=zoom_blur_S=3,550,image_550.jpg,Acute angle-closure glaucoma,Acute angle-closure glaucoma
nejm,all_I=zoom_blur_S=3,551,image_551.jpg,Trypanozoma cruzi,Plasmodium vivax
nejm,all_I=zoom_blur_S=3,552,image_552.jpg,Somatostatinoma,Glucagonoma
nejm,all_I=zoom_blur_S=3,553,image_553.jpg,Langerhans cell histiocytosis,Erdheim–Chester disease
nejm,all_I=zoom_blur_S=3,554,image_554.jpg,Pulmonary echinococcosis,Splenic cyst
nejm,all_I=zoom_blur_S=3,555,image_555.jpg,Vitiligo,Tinea versicolor
nejm,all_I=zoom_blur_S=3,556,image_556.jpg,Cobalamin (vitamin B12) deficiency,Pellagra
nejm,all_I=zoom_blur_S=3,557,image_557.jpg,Pediculus humanus corporis,Pthirus pubis
nejm,all_I=zoom_blur_S=3,558,image_558.jpg,Diffuse alveolar hemorrhage,Pulmonary alveolar microlithiasis
nejm,all_I=zoom_blur_S=3,559,image_559.jpg,Trichophyton rubrum infection,Pseudomonas aeruginosa infection
nejm,all_I=zoom_blur_S=3,560,image_560.jpg,Penile contusion,Penile fracture
nejm,all_I=zoom_blur_S=3,561,image_561.jpg,HIV-associated diffuse large B-cell lymphoma,Disseminated Mycobacterium avium–intracellulare infection
nejm,all_I=zoom_blur_S=3,562,image_562.jpg,Psoralen,Erlotinib
nejm,all_I=zoom_blur_S=3,563,image_563.jpg,Schatzki ring,Adenocarcinoma
nejm,all_I=zoom_blur_S=3,564,image_564.jpg,Melanoma,Melanoma
nejm,all_I=zoom_blur_S=3,565,image_565.jpg,Umbilical hernia,Sister Mary Joseph's nodule
nejm,all_I=zoom_blur_S=3,566,image_566.jpg,Ethylene glycol,Fluorescent dye
nejm,all_I=zoom_blur_S=3,567,image_567.jpg,Pulmonary embolism,Pulmonary embolism
nejm,all_I=zoom_blur_S=3,568,image_568.jpg,Osgood–Schlatter disease,Osgood–Schlatter disease
nejm,all_I=zoom_blur_S=3,569,image_569.jpg,Pneumomediastinum,Pneumomediastinum
nejm,all_I=zoom_blur_S=3,570,image_570.jpg,Prominent iris collarette,Prominent iris collarette
nejm,all_I=zoom_blur_S=3,571,image_571.jpg,Malignant acanthosis nigricans,Malignant acanthosis nigricans
nejm,all_I=zoom_blur_S=3,572,image_572.jpg,Rhinophyma,Tuberous sclerosis
nejm,all_I=zoom_blur_S=3,573,image_573.jpg,Bilirubin elevation,Elevated protein
nejm,all_I=zoom_blur_S=3,574,image_574.jpg,Norwegian scabies,Malignant syphilis
nejm,all_I=zoom_blur_S=3,575,image_575.jpg,Trichuris trichiura,Diphyllobothrium latum
nejm,all_I=zoom_blur_S=3,576,image_576.jpg,Sarcoidosis,Mycobacterium marinum
nejm,all_I=zoom_blur_S=3,577,image_577.jpg,Right upper lobe,Left upper lobe
nejm,all_I=zoom_blur_S=3,578,image_578.jpg,Candidiasis,Herpes zoster
nejm,all_I=zoom_blur_S=3,579,image_579.jpg,Familial exudative vitreoretinopathy,X-linked retinoschisis
nejm,all_I=zoom_blur_S=3,580,image_580.jpg,Pneumocephalus,Pneumocephalus
nejm,all_I=zoom_blur_S=3,581,image_581.jpg,Pseudohypoparathyroidism,Albright's hereditary osteodystrophy
nejm,all_I=zoom_blur_S=3,582,image_582.jpg,Ankylosing spondylitis,Fluorosis
nejm,all_I=zoom_blur_S=3,583,image_583.jpg,Pseudomonas aeruginosa,Fusobacterium necrophorum
nejm,all_I=zoom_blur_S=3,584,image_584.jpg,Carpal tunnel syndrome,Dupuyten's contracture
nejm,all_I=zoom_blur_S=3,585,image_585.jpg,Keratoconus,Wilson's disease
nejm,all_I=zoom_blur_S=3,586,image_586.jpg,Infective endocarditis,Infective endocarditis
nejm,all_I=zoom_blur_S=3,587,image_587.jpg,Cholesterol emboli,Cholesterol emboli
nejm,all_I=zoom_blur_S=3,588,image_588.jpg,Non-small-cell lung cancer,Oleothorax
nejm,all_I=zoom_blur_S=3,589,image_589.jpg,Slipped capital femoral epiphysis,Slipped capital femoral epiphysis
nejm,all_I=zoom_blur_S=3,590,image_590.jpg,Tsetse fly,Chrysops fly
nejm,all_I=zoom_blur_S=3,591,image_591.jpg,Hemochromatosis,Diffuse melanosis cutis
nejm,all_I=zoom_blur_S=3,592,image_592.jpg,Calcium oxalate and triple phosphate (struvite) crystals,Cystine and triple phosphate (struvite) crystals
nejm,all_I=zoom_blur_S=3,593,image_593.jpg,Herpes zoster,Herpes zoster
nejm,all_I=zoom_blur_S=3,594,image_594.jpg,Streptococcal pharyngitis,Streptococcal pharyngitis
nejm,all_I=zoom_blur_S=3,595,image_595.jpg,Pneumothorax,Substernal goiter
nejm,all_I=zoom_blur_S=3,596,image_596.jpg,Speckled lentiginous nevus,Becker’s nevus
nejm,all_I=zoom_blur_S=3,597,image_597.jpg,Short rib polydactyly syndrome,Paternal uniparental disomy 14 (UDP 14 pat) thoracic dysplasia
nejm,all_I=zoom_blur_S=3,598,image_598.jpg,Cecal volvulus,Small-bowel obstruction
nejm,all_I=zoom_blur_S=3,599,image_599.jpg,Fetal alcohol syndrome,Neonatal thyrotoxicosis
nejm,all_I=zoom_blur_S=3,600,image_600.jpg,Lichen planus,Bulimia nervosa
nejm,all_I=zoom_blur_S=3,601,image_601.jpg,Neurocysticercosis,Neurocysticercosis
nejm,all_I=zoom_blur_S=3,602,image_602.jpg,Pterygium,Papilloma
nejm,all_I=zoom_blur_S=3,603,image_603.jpg,Scabies,Fordyce's angiokeratomas
nejm,all_I=zoom_blur_S=3,604,image_604.jpg,Pyoderma gangrenosum,Cutaneous diphtheria
nejm,all_I=zoom_blur_S=3,605,image_605.jpg,Trichuris trichiura,Enterobius vermicularis
nejm,all_I=zoom_blur_S=3,606,image_606.jpg,Human botfly,Tumbu fly
nejm,all_I=zoom_blur_S=3,607,image_607.jpg,Neonatal herpes simplex virus,Neonatal herpes simplex virus
nejm,all_I=zoom_blur_S=3,608,image_608.jpg,Psoriasis,Erythrasma
nejm,all_I=zoom_blur_S=3,609,image_609.jpg,Bisphosphonates,Bisphosphonates
nejm,all_I=zoom_blur_S=3,610,image_610.jpg,Telangiectasia,Livedo reticularis
nejm,all_I=zoom_blur_S=3,611,image_611.jpg,Impetigo,Varicella
nejm,all_I=zoom_blur_S=3,612,image_612.jpg,Talaromyces marneffei,Talaromyces marneffei
nejm,all_I=zoom_blur_S=3,613,image_613.jpg,Leprosy,Leishmaniasis
nejm,all_I=zoom_blur_S=3,614,image_614.jpg,Herpes simplex virus type 1,Coxsackie virus type A16
nejm,all_I=zoom_blur_S=3,615,image_615.jpg,Retrobulbar abscess,Hydatid cyst
nejm,all_I=zoom_blur_S=3,616,image_616.jpg,Condyloma acuminatum,Vestibular papillomatosis
nejm,all_I=zoom_blur_S=3,617,image_617.jpg,Dislocation of the lens,Dislocation of the lens
nejm,all_I=zoom_blur_S=3,618,image_618.jpg,Raynaud's phenomenon,Raynaud's phenomenon
nejm,all_I=zoom_blur_S=3,619,image_619.jpg,Tungiasis,Tungiasis
nejm,all_I=zoom_blur_S=3,620,image_620.jpg,Caput Medusae,Caput Medusae
nejm,all_I=zoom_blur_S=3,621,image_621.jpg,Left anterior descending,Left main stem
nejm,all_I=zoom_blur_S=3,622,image_622.jpg,"Hand, foot, and mouth disease","Hand, foot, and mouth disease"
nejm,all_I=zoom_blur_S=3,623,image_623.jpg,Auditory polyp,Cholesteatoma
nejm,all_I=zoom_blur_S=3,624,image_624.jpg,Bartholin gland cyst,Gartner duct cyst
nejm,all_I=zoom_blur_S=3,625,image_625.jpg,Palmar erythema of pregnancy,Palmar erythema of pregnancy
nejm,all_I=zoom_blur_S=3,626,image_626.jpg,Portal vein thrombosis,Mesenteric ischemia
nejm,all_I=zoom_blur_S=3,627,image_627.jpg,Cutaneous larva migrans,Cutaneous larva migrans
nejm,all_I=zoom_blur_S=3,628,image_628.jpg,Allergic conjunctivitis,Ophthalmomyiasis
nejm,all_I=zoom_blur_S=3,629,image_629.jpg,Right ventricle,Left atrium
nejm,all_I=zoom_blur_S=3,630,image_630.jpg,Tension pneumothorax,Tension pneumothorax
nejm,all_I=zoom_blur_S=3,631,image_631.jpg,Gastroesophageal reflux disease,Nutcracker esophagus
nejm,all_I=zoom_blur_S=3,632,image_632.jpg,Uveal melanoma,Uveal melanoma
nejm,all_I=zoom_blur_S=3,633,image_633.jpg,Proliferative diabetic retinopathy,Proliferative diabetic retinopathy
nejm,all_I=zoom_blur_S=3,634,image_634.jpg,Hyperkalemia,Hyperkalemia
nejm,all_I=zoom_blur_S=3,635,image_635.jpg,Triatomine bug,Triatomine bug
nejm,all_I=zoom_blur_S=3,636,image_636.jpg,Reexpansion pulmonary edema,Reexpansion pulmonary edema
nejm,all_I=zoom_blur_S=3,637,image_637.jpg,Ameelanotic melanoma,Amelanotic melanoma
nejm,all_I=zoom_blur_S=3,638,image_638.jpg,Scleroderma,Eosinophilic fasciitis
nejm,all_I=zoom_blur_S=3,639,image_639.jpg,Baking powder,Sugar
nejm,all_I=zoom_blur_S=3,640,image_640.jpg,Calvarial osteomyelitis,Sickle cell disease
nejm,all_I=zoom_blur_S=3,641,image_641.jpg,Pyogenic aortitis due to Salmonella enteritidis,Emphysematous aortitis due to Clostridium septicum
nejm,all_I=zoom_blur_S=3,642,image_642.jpg,Cutaneous larva migrans,Lung cancer
nejm,all_I=zoom_blur_S=3,643,image_643.jpg,Herpes simplex virus infection,Herpes simplex virus infection
nejm,all_I=zoom_blur_S=3,644,image_644.jpg,Lithium,Palifermin
nejm,all_I=zoom_blur_S=3,645,image_645.jpg,Radiation recall,Radiation recall
nejm,all_I=zoom_blur_S=3,646,image_646.jpg,Immune thrombocytopenic purpura,Scurvy
nejm,all_I=zoom_blur_S=3,647,image_647.jpg,Psoriasis,Keratoderma blennorrhagicum
nejm,all_I=zoom_blur_S=3,648,image_648.jpg,Granuloma annulare,Tinea faciei
nejm,all_I=zoom_blur_S=3,649,image_649.jpg,Herpes simplex infection,Inflammatory bowel disease
nejm,all_I=zoom_blur_S=3,650,image_650.jpg,Autosomal dominant polycystic kidney disease,Autosomal dominant polycystic kidney disease
nejm,all_I=zoom_blur_S=3,651,image_651.jpg,Pulmonary embolism,Azygous vein
nejm,all_I=zoom_blur_S=3,652,image_652.jpg,Pustular rosacea,Subcorneal pustular dermatosis
nejm,all_I=zoom_blur_S=3,653,image_653.jpg,Multiple myeloma,Multiple myeloma
nejm,all_I=zoom_blur_S=3,654,image_654.jpg,Megaloblastic anemia,Chronic lead poisoning
nejm,all_I=zoom_blur_S=3,655,image_655.jpg,Verrucae vulgaris,Periungual fibroma
nejm,all_I=zoom_blur_S=3,656,image_656.jpg,Herpes zoster due to virus reactivation,Miliaria crystallina
nejm,all_I=zoom_blur_S=3,657,image_657.jpg,Zenker's diverticulum,Graves' disease
nejm,all_I=zoom_blur_S=3,658,image_658.jpg,Vitamin D excess,Langerhans'-cell histiocytosis
nejm,all_I=zoom_blur_S=3,659,image_659.jpg,Chronic lymphocytic leukemia,Gaucher’s disease
nejm,all_I=zoom_blur_S=3,660,image_660.jpg,Psoriasis,Chemotherapy
nejm,all_I=zoom_blur_S=3,661,image_661.jpg,Leukoplakia,Leukoplakia
nejm,all_I=zoom_blur_S=3,662,image_662.jpg,Thalassemia minor,Glucose-6-phosphate dehydrogenase deficiency
nejm,all_I=zoom_blur_S=3,663,image_663.jpg,Severe migratory glossitis,Verrucous carcinoma
nejm,all_I=zoom_blur_S=3,664,image_664.jpg,Leukemia cutis,Fusariosis
nejm,all_I=zoom_blur_S=3,665,image_665.jpg,Iridodonesis,Hyphema
nejm,all_I=zoom_blur_S=3,666,image_666.jpg,"Hand, foot, and mouth disease",Herpes zoster
nejm,all_I=zoom_blur_S=3,667,image_667.jpg,Sarcoidosis,Systemic sclerosis
nejm,all_I=zoom_blur_S=3,668,image_668.jpg,Duodenal atresia,Hirschsprung’s disease
nejm,all_I=zoom_blur_S=3,669,image_669.jpg,Melanocytic nevi,Seborrheic keratoses
nejm,all_I=zoom_blur_S=3,670,image_670.jpg,Non-small-cell lung cancer,Sarcoidosis
nejm,all_I=zoom_blur_S=3,671,image_671.jpg,Tinea capitis,Tinea capitis
nejm,all_I=zoom_blur_S=3,672,image_672.jpg,Rheumatic heart disease,Rheumatic heart disease
nejm,all_I=zoom_blur_S=3,673,image_673.jpg,Chronic lymphocytic leukemia (CLL),Acute promyelocytic leukemia (APL)
nejm,all_I=zoom_blur_S=3,674,image_674.jpg,Malignant syphilis,Malignant syphilis
nejm,all_I=zoom_blur_S=3,675,image_675.jpg,Omphalith,Endometrioma
nejm,all_I=zoom_blur_S=3,676,image_676.jpg,Varicocele,Varicocele
nejm,all_I=zoom_blur_S=3,677,image_677.jpg,Pustular psoriasis,Keratoderma blenorrhagicum
nejm,all_I=zoom_blur_S=3,678,image_678.jpg,Erythema ab igne,Onchocerciasis
nejm,all_I=zoom_blur_S=3,679,image_679.jpg,Orbital wall fracture,Intraocular lens dislocation
nejm,all_I=zoom_blur_S=3,680,image_680.jpg,Neuroblastoma,Neuroblastoma
nejm,all_I=zoom_blur_S=3,681,image_681.jpg,Periorbital cellulitis,Lyme disease
nejm,all_I=zoom_blur_S=3,682,image_682.jpg,Iridodialysis,Silicone oil hyperoleon
nejm,all_I=zoom_blur_S=3,683,image_683.jpg,Addison's disease,Osteoporosis
nejm,all_I=zoom_blur_S=3,684,image_684.jpg,Onychomycosis,Metastasis
nejm,all_I=zoom_blur_S=3,685,image_685.jpg,Toxoplasmosis,Neurocysticercosis
nejm,all_I=zoom_blur_S=3,686,image_686.jpg,IgG4-related disease arteritis,IgG4-related disease arteritis
nejm,all_I=zoom_blur_S=3,687,image_687.jpg,Nocardiosis,Adenocarcinoma
nejm,all_I=zoom_blur_S=3,688,image_688.jpg,Paget's disease,Diabetes mellitus
nejm,all_I=zoom_blur_S=3,689,image_689.jpg,Flemingo’s flush sign,Pemberton’s sign
nejm,all_I=zoom_blur_S=3,690,image_690.jpg,Scapular subluxation,Palsy of the long thoracic nerve
nejm,all_I=zoom_blur_S=3,691,image_691.jpg,Purpura fulminans,Purpura fulminans
nejm,all_I=zoom_blur_S=3,692,image_692.jpg,Diurese the patient and then obtain a repeat chest radiograph,Diurese the patient and then obtain a repeat chest radiograph
nejm,all_I=zoom_blur_S=3,693,image_693.jpg,Rosacea,Seborrheic dermatitis
nejm,all_I=zoom_blur_S=3,694,image_694.jpg,Antineutrophil cytoplasmic autoantibody,Antineutrophil cytoplasmic autoantibody
nejm,all_I=zoom_blur_S=3,695,image_695.jpg,Eruptive xanthomas,Eruptive xanthomas
nejm,all_I=zoom_blur_S=3,696,image_696.jpg,Glomus tympanicum,Glomus tympanicum
nejm,all_I=zoom_blur_S=3,697,image_697.jpg,Gastrointestinal amyloidosis,Gastrointestinal amyloidosis
nejm,all_I=zoom_blur_S=3,698,image_698.jpg,Aspergillosis,Plombage
nejm,all_I=zoom_blur_S=3,699,image_699.jpg,Measles,Measles
nejm,all_I=zoom_blur_S=3,700,image_700.jpg,Bullous impetigo,Linear IgA bullous dermatosis
nejm,all_I=zoom_blur_S=3,701,image_701.jpg,Ludwig's angina,Bilateral peritonsillar abscesses
nejm,all_I=zoom_blur_S=3,702,image_702.jpg,Sarcoidosis,Sarcoidosis
nejm,all_I=zoom_blur_S=3,703,image_703.jpg,Pneumonia,Pulmonary embolism
nejm,all_I=zoom_blur_S=3,704,image_704.jpg,Lingual tuberculosis,Disseminated coccidioidomycosis
nejm,all_I=zoom_blur_S=3,705,image_705.jpg,Disseminated intravascular coagulation,Amyloid purpura
nejm,all_I=zoom_blur_S=3,706,image_706.jpg,Cat scratch disease,Tuberculosis
nejm,all_I=zoom_blur_S=3,707,image_707.jpg,Lymphangioleiomyomatosis,Lymphangioleiomyomatosis
nejm,all_I=zoom_blur_S=3,708,image_708.jpg,Ketamine,Cocaine
nejm,all_I=zoom_blur_S=3,709,image_709.jpg,Basilar artery aneurysm,Basilar artery aneurysm
nejm,all_I=zoom_blur_S=3,710,image_710.jpg,Bismuth poisoning,Lead poisoning
nejm,all_I=zoom_blur_S=3,711,image_711.jpg,Carpal tunnel syndrome,Radial artery thrombosis
nejm,all_I=zoom_blur_S=3,712,image_712.jpg,Copper,Gold
nejm,all_I=zoom_blur_S=3,713,image_713.jpg,Quadriceps tendon ruptures,Quadriceps tendon ruptures
nejm,all_I=zoom_blur_S=3,714,image_714.jpg,Right staghorn calculus,Right ureterovesical calculus
nejm,all_I=zoom_blur_S=3,715,image_715.jpg,Congenital toxoplasmosis,Retroperitoneal hemorrhage
nejm,all_I=zoom_blur_S=3,716,image_716.jpg,Benign essential blepharospasm,Myasthenia gravis
nejm,all_I=zoom_blur_S=3,717,image_717.jpg,Pyoderma gangrenosum,Pyoderma gangrenosum
nejm,all_I=zoom_blur_S=3,718,image_718.jpg,Median rhomboid glossitis,Median rhomboid glossitis
nejm,all_I=zoom_blur_S=3,719,image_719.jpg,Herpetic whitlow,Spider bite
nejm,all_I=zoom_blur_S=3,720,image_720.jpg,Bowel infarction,Bowel infarction
nejm,all_I=zoom_blur_S=3,721,image_721.jpg,Narrow angle glaucoma,Narrow angle glaucoma
nejm,all_I=zoom_blur_S=3,722,image_722.jpg,Pseudomelanosis duodeni,Pseudomelanosis duodeni
nejm,all_I=zoom_blur_S=3,723,image_723.jpg,Macular degeneration,Ocular myiasis
nejm,all_I=zoom_blur_S=3,724,image_724.jpg,Hypophosphatasia,Colon cancer
nejm,all_I=zoom_blur_S=3,725,image_725.jpg,Calcium pyrophosphate dihydrate,Cholesterol
nejm,all_I=zoom_blur_S=3,726,image_726.jpg,Palmoplantar keratoderma,Tripe palms
nejm,all_I=zoom_blur_S=3,727,image_727.jpg,Fluoroquinolone antibiotic,Fluoroquinolone antibiotic
nejm,all_I=zoom_blur_S=3,728,image_728.jpg,Mitral-valve repair,Mitral-valve repair
nejm,all_I=zoom_blur_S=3,729,image_729.jpg,Non–small-cell lung cancer,Non–small-cell lung cancer
nejm,all_I=zoom_blur_S=3,730,image_730.jpg,Trimethoprim,Minocycline
nejm,all_I=zoom_blur_S=3,731,image_731.jpg,Hepatoduodenal ligament,Falciform ligament
nejm,all_I=zoom_blur_S=3,732,image_732.jpg,Skin biopsy,Chest imaging
nejm,all_I=zoom_blur_S=3,733,image_733.jpg,Basal cell carcinoma,Lentigo maligna
nejm,all_I=zoom_blur_S=3,734,image_734.jpg,Herpes zoster,Herpes zoster
nejm,all_I=zoom_blur_S=3,735,image_735.jpg,Tabes dorsalis,Tabes dorsalis
nejm,all_I=zoom_blur_S=3,736,image_736.jpg,Therapeutic Phlebotomy,Chelation Therapy
nejm,all_I=zoom_blur_S=3,737,image_737.jpg,Pyloric outlet obstruction,Meckel's diverticulum
nejm,all_I=zoom_blur_S=3,738,image_738.jpg,Gingival melanoma,Gingival melanoma
nejm,all_I=zoom_blur_S=3,739,image_739.jpg,Gout,Gout
nejm,all_I=zoom_blur_S=3,740,image_740.jpg,Mastectomy,Penicillin
nejm,all_I=zoom_blur_S=3,741,image_741.jpg,Meconium ileus,Hirschsprung’s disease
nejm,all_I=zoom_blur_S=3,742,image_742.jpg,Esophageal carcinoma,Diffuse esophageal spasm
nejm,all_I=zoom_blur_S=3,743,image_743.jpg,Hiatal hernia,Diffuse esophageal spasm
nejm,all_I=zoom_blur_S=3,744,image_744.jpg,Transposition of the great vessels,Superior vena caval obstruction
nejm,all_I=zoom_blur_S=3,745,image_745.jpg,Papillary fibroelastoma,Redundant mitral valve
nejm,all_I=zoom_blur_S=3,746,image_746.jpg,Pneumatosis coli,Bezoar
nejm,all_I=zoom_blur_S=3,747,image_747.jpg,Syphilitic chancre,Squamous-cell carcinoma
nejm,all_I=zoom_blur_S=3,748,image_748.jpg,Bowel ischemia,Bowel ischemia
nejm,all_I=zoom_blur_S=3,749,image_749.jpg,Pericardial hydatid cysts,Pericardial metastases
nejm,all_I=zoom_blur_S=3,750,image_750.jpg,Papular acrodermatitis,Molluscum contagiosum
nejm,all_I=zoom_blur_S=3,751,image_751.jpg,Scleromyxedema,Scleromyxedema
nejm,all_I=zoom_blur_S=3,752,image_752.jpg,Umbilical hernia,Portal hypertension
nejm,all_I=zoom_blur_S=3,753,image_753.jpg,Proteus syndrome,Neurofibromatosis
nejm,all_I=zoom_blur_S=3,754,image_754.jpg,Paraesophageal hernia,Paraesophageal hernia
nejm,all_I=zoom_blur_S=3,755,image_755.jpg,Pyogenic granuloma,Pyogenic granuloma
nejm,all_I=zoom_blur_S=3,756,image_756.jpg,Meningioma,Plasmacytoma
nejm,all_I=zoom_blur_S=3,757,image_757.jpg,Pyostomatitis vegetans,Pyostomatitis vegetans
nejm,all_I=zoom_blur_S=3,758,image_758.jpg,Amebic liver abscess,Echinococcosis
nejm,all_I=zoom_blur_S=3,759,image_759.jpg,Psoriasis,Malignancy
nejm,all_I=zoom_blur_S=3,760,image_760.jpg,Blastic plasmacytoid dendritic-cell neoplasm,Blastic plasmacytoid dendritic-cell neoplasm
nejm,all_I=zoom_blur_S=3,761,image_761.jpg,Emphysematous pyelonephritis,Emphysematous pyelonephritis
nejm,all_I=zoom_blur_S=3,762,image_762.jpg,Syphilis,Syphilis
nejm,all_I=zoom_blur_S=3,763,image_763.jpg,Perianal rhabdomyosarcoma,Congenital syphilis
nejm,all_I=zoom_blur_S=3,764,image_764.jpg,Polyostotic fibrous dysplasia,Marrow hyperplasia
nejm,all_I=zoom_blur_S=3,765,image_765.jpg,Hairy-cell leukemia,Hairy-cell leukemia
nejm,all_I=zoom_blur_S=3,766,image_766.jpg,Portal vein,Right bronchial tree
nejm,all_I=zoom_blur_S=3,767,image_767.jpg,Calciphylaxis,Osteonecrosis
nejm,all_I=zoom_blur_S=3,768,image_768.jpg,Thyrohyoid membrane,Killian’s triangle
nejm,all_I=zoom_blur_S=3,769,image_769.jpg,Primary Pericardial Mesothelioma,Constrictive Pericarditis
nejm,all_I=zoom_blur_S=3,770,image_770.jpg,Hydralazine,Amiodarone
nejm,all_I=zoom_blur_S=3,771,image_771.jpg,Henoch-Schönlein purpura,Henoch-Schönlein purpura
nejm,all_I=zoom_blur_S=3,772,image_772.jpg,Bladder perforation,Neurogenic megacolon
nejm,all_I=zoom_blur_S=3,773,image_773.jpg,Magnesium hydroxide,Bismuth Salicylate
nejm,all_I=zoom_blur_S=3,774,image_774.jpg,Cutaneous leishmaniasis,Bot fly
nejm,all_I=zoom_blur_S=3,775,image_775.jpg,Calcified polyp,Tooth
nejm,all_I=zoom_blur_S=3,776,image_776.jpg,Madura foot,Chromoblastomycosis
nejm,all_I=zoom_blur_S=3,777,image_777.jpg,Pancreatitis,Pylephlebitis
nejm,all_I=zoom_blur_S=3,778,image_778.jpg,Ipratropium bromide,Propofol
nejm,all_I=zoom_blur_S=3,779,image_779.jpg,Tabes dorsalis,Central pontine myelinolysis
nejm,all_I=zoom_blur_S=3,780,image_780.jpg,Bezoar,Intussusception
nejm,all_I=zoom_blur_S=3,781,image_781.jpg,Telogen effluvium,Alopecia areata
nejm,all_I=zoom_blur_S=3,782,image_782.jpg,Furuncle,Merkel-cell carcinoma
nejm,all_I=zoom_blur_S=3,783,image_783.jpg,Candida albicans infection,Candida albicans infection
nejm,all_I=zoom_blur_S=3,784,image_784.jpg,Pilonidal sinus,Keratoacanthoma
nejm,all_I=zoom_blur_S=3,785,image_785.jpg,Lymphadenopathy,Laryngocele
nejm,all_I=zoom_blur_S=3,786,image_786.jpg,Discoid lupus,Peutz-Jeghers's syndrome
nejm,all_I=zoom_blur_S=3,787,image_787.jpg,Pyoderma gangrenosum,Ecthyma gangrenosum
nejm,all_I=zoom_blur_S=3,788,image_788.jpg,Cutaneous small vessel vasculitis,Intravascular lymphoma
nejm,all_I=zoom_blur_S=3,789,image_789.jpg,Acanthosis nigricans,Crusted scabies
nejm,all_I=zoom_blur_S=3,790,image_790.jpg,Larvae penetrate the lungs,Larvae penetrate the lungs
nejm,all_I=zoom_blur_S=3,791,image_791.jpg,Bladder cancer metastases,Autoimmune keratitis
nejm,all_I=zoom_blur_S=3,792,image_792.jpg,Wilms' tumor,Enteric duplication cyst
nejm,all_I=zoom_blur_S=3,793,image_793.jpg,Ankyloglossia,Hypoglossal nerve palsy
nejm,all_I=zoom_blur_S=3,794,image_794.jpg,Chewing tobacco,Melanoma
nejm,all_I=zoom_blur_S=3,795,image_795.jpg,Voriconazole-induced periostitis,Voriconazole-induced periostitis
nejm,all_I=zoom_blur_S=3,796,image_796.jpg,Pancreatic pseudocyst,Emphysematous cholecystitis
nejm,all_I=zoom_blur_S=3,797,image_797.jpg,Bicalutamide,Bicalutamide
nejm,all_I=zoom_blur_S=3,798,image_798.jpg,Neurofibromatosis type 2,Neurofibromatosis type 2
nejm,all_I=zoom_blur_S=3,799,image_799.jpg,Hand foot and mouth disease,Secondary syphilis
nejm,all_I=zoom_blur_S=3,800,image_800.jpg,Cowden syndrome,Cowden syndrome
nejm,all_I=zoom_blur_S=3,801,image_801.jpg,Toxicodendron radicans (poison ivy),Shiitake mushrooms
nejm,all_I=zoom_blur_S=3,802,image_802.jpg,Type 1 diabetes,Graves' disease
nejm,all_I=zoom_blur_S=3,803,image_803.jpg,Acute mesenteric ischemia,Acute mesenteric ischemia
nejm,all_I=zoom_blur_S=3,804,image_804.jpg,Arsenic toxicity,Arsenic toxicity
nejm,all_I=zoom_blur_S=3,805,image_805.jpg,Pneumothorax,Pectus excavatum
nejm,all_I=zoom_blur_S=3,806,image_806.jpg,Listeriosis,Nocardiosis
nejm,all_I=zoom_blur_S=3,807,image_807.jpg,Metastatic melanoma,Laxative use
nejm,all_I=zoom_blur_S=3,808,image_808.jpg,Sinusitis,Dermatomyositis
nejm,all_I=zoom_blur_S=3,809,image_809.jpg,Familial trichomegaly,EGFR inhibition
nejm,all_I=zoom_blur_S=3,810,image_810.jpg,Hidrocystoma,Keratoacanthoma
nejm,all_I=zoom_blur_S=3,811,image_811.jpg,Tinea circinata,Tinea circinata
nejm,all_I=zoom_blur_S=3,812,image_812.jpg,Diphtheria,Diphtheria
nejm,all_I=zoom_blur_S=3,813,image_813.jpg,Oral lichen planus,Pernicious anemia
nejm,all_I=zoom_blur_S=3,814,image_814.jpg,Hepatocellular carcinoma,Cirrhosis
nejm,all_I=zoom_blur_S=3,815,image_815.jpg,Facial palsy,Angioedema
nejm,all_I=zoom_blur_S=3,816,image_816.jpg,Metastatic disease of the nail bed,Chemotherapy
nejm,all_I=zoom_blur_S=3,817,image_817.jpg,Cecal volvulus,Obturator hernia
nejm,all_I=zoom_blur_S=3,818,image_818.jpg,Takotsubo cardiomyopathy,Takotsubo cardiomyopathy
nejm,all_I=zoom_blur_S=3,819,image_819.jpg,Intravitreal antimicrobial injections,Intravitreal antimicrobial injections
nejm,all_I=zoom_blur_S=3,820,image_820.jpg,Herpes zoster ophthalmicus,Herpes zoster ophthalmicus
nejm,all_I=zoom_blur_S=3,821,image_821.jpg,Uremic arteriopathy,Nephrogenic fibrosing dermopathy
nejm,all_I=zoom_blur_S=3,822,image_822.jpg,Rosacea,Cutaneous lupus
nejm,all_I=zoom_blur_S=3,823,image_823.jpg,Acral lentiginous melanoma,Tinea nigra
nejm,all_I=zoom_blur_S=3,824,image_824.jpg,Osmotic demyelination syndrome,Osmotic demyelination syndrome
nejm,all_I=zoom_blur_S=3,825,image_825.jpg,Pyogenic liver abscess,Emphysematous hepatitis
nejm,all_I=zoom_blur_S=3,826,image_826.jpg,Acanthosis nigricans,Bowenoid papulosis
nejm,all_I=zoom_blur_S=3,827,image_827.jpg,HSV serology,IgG and complement deposition at the dermis-epidermis junction
nejm,all_I=zoom_blur_S=3,828,image_828.jpg,Behçet's disease,Sjögren's syndrome
nejm,all_I=zoom_blur_S=3,829,image_829.jpg,Anterior uveitis,Herpes simplex virus infection
nejm,all_I=zoom_blur_S=3,830,image_830.jpg,Erysipelas,Herpetic whitlow
nejm,all_I=zoom_blur_S=3,831,image_831.jpg,Anti-ribonucleoprotein antibody,Anticentromere antibody
nejm,all_I=zoom_blur_S=3,832,image_832.jpg,Tophaceous gout,Calcinosis
nejm,all_I=zoom_blur_S=3,833,image_833.jpg,Graves' ophthalmopathy,Retinal detachment
nejm,all_I=zoom_blur_S=3,834,image_834.jpg,Hemineglect,Binocular visual loss
nejm,all_I=zoom_blur_S=3,835,image_835.jpg,Trichotillomania,Syphilitic alopecia
nejm,all_I=zoom_blur_S=3,836,image_836.jpg,Constrictive pericarditis,Constrictive pericarditis
nejm,all_I=zoom_blur_S=3,837,image_837.jpg,Button magnets in the nasal cavity,Button magnets in the nasal cavity
nejm,all_I=zoom_blur_S=3,838,image_838.jpg,Testing for herpes simplex virus,Testing for bacterial and viral respiratory pathogens
nejm,all_I=zoom_blur_S=3,839,image_839.jpg,Paget's disease,Bone marrow hyperplasia
nejm,all_I=zoom_blur_S=3,840,image_840.jpg,Condyloma acuminatum,Condyloma acuminatum
nejm,all_I=zoom_blur_S=3,841,image_841.jpg,Emphysematous pyelonephritis,Emphysematous pyelonephritis
nejm,all_I=zoom_blur_S=3,842,image_842.jpg,Presence of erythema,Delay in surgical intervention >24 hours
nejm,all_I=zoom_blur_S=3,843,image_843.jpg,Primary hyperaldosteronism,Pheochromocytoma
nejm,all_I=zoom_blur_S=3,844,image_844.jpg,Molluscum contagiosum,Cryptococcus neoformans
nejm,all_I=zoom_blur_S=3,845,image_845.jpg,Rupture of the trapezius muscle,Lipodystrophy
nejm,all_I=zoom_blur_S=3,846,image_846.jpg,Infection is typically localized to the site of inoculation.,Transmission is associated with aerosolized contaminated soil exposure.
nejm,all_I=zoom_blur_S=3,847,image_847.jpg,Atopic dermatitis,Zinc deficiency
nejm,all_I=zoom_blur_S=3,848,image_848.jpg,Chronic paronychia,Psoriasis
nejm,all_I=zoom_blur_S=3,849,image_849.jpg,Paronychia,Cutaneous leishmaniasis
nejm,all_I=zoom_blur_S=3,850,image_850.jpg,Retinal ischemia,Retinal ischemia
nejm,all_I=zoom_blur_S=3,851,image_851.jpg,Rat bite fever,Rat bite fever
nejm,all_I=zoom_blur_S=3,852,image_852.jpg,Peripheral microembolization,Arterial insufficiency
nejm,all_I=zoom_blur_S=3,853,image_853.jpg,Glaucoma,Ochronosis
nejm,all_I=zoom_blur_S=3,854,image_854.jpg,Retrograde epistaxis,Adverse reaction to systemic antibiotics
nejm,all_I=zoom_blur_S=3,855,image_855.jpg,Pretibial myxedema,Necrobiosis lipoidica diabeticorum
nejm,all_I=zoom_blur_S=3,856,image_856.jpg,Blue nevus,Invasive ductal carcinoma
nejm,all_I=zoom_blur_S=3,857,image_857.jpg,Reactive perforating collagenosis,Reactive perforating collagenosis
nejm,all_I=zoom_blur_S=3,858,image_858.jpg,Intraorbital foreign body,Skull fracture
nejm,all_I=zoom_blur_S=3,859,image_859.jpg,Foliate papillae,Herpes zoster
nejm,all_I=zoom_blur_S=3,860,image_860.jpg,Lichen planus,Lichen planus
nejm,all_I=zoom_blur_S=3,861,image_861.jpg,Multiple endocrine neoplasia type 1,Multiple endocrine neoplasia type 1
nejm,all_I=zoom_blur_S=3,862,image_862.jpg,Scleredema of diabetes,Necrolytic migratory erythema
nejm,all_I=zoom_blur_S=3,863,image_863.jpg,Catamenial pneumothorax,Thoracic endometriosis
nejm,all_I=zoom_blur_S=3,864,image_864.jpg,Lipoatrophy,Lipoatrophy
nejm,all_I=zoom_blur_S=3,865,image_865.jpg,Hemoglobin A1c,Wound culture
nejm,all_I=zoom_blur_S=3,866,image_866.jpg,Necrotizing anterior scleritis,Necrotizing anterior scleritis
nejm,all_I=zoom_blur_S=3,867,image_867.jpg,Lymphoma,Lymphoma
nejm,all_I=zoom_blur_S=3,868,image_868.jpg,Periorbital cellulitis,Carotid cavernous fistula
nejm,all_I=zoom_blur_S=3,869,image_869.jpg,Henoch-Schönlein purpura,Henoch-Schönlein purpura
nejm,all_I=zoom_blur_S=3,870,image_870.jpg,Acral lentiginous melanoma,Acral lentiginous melanoma
nejm,all_I=zoom_blur_S=3,871,image_871.jpg,Dexamethasone,Doxorubicin
nejm,all_I=zoom_blur_S=3,872,image_872.jpg,Generalized granuloma annulare,Generalized granuloma annulare
nejm,all_I=zoom_blur_S=3,873,image_873.jpg,Arrhythmogenic right ventricular cardiomyopathy,Arrhythmogenic right ventricular cardiomyopathy
nejm,all_I=zoom_blur_S=3,874,image_874.jpg,Tuberculosis,Tuberculosis
nejm,all_I=zoom_blur_S=3,875,image_875.jpg,Amoxicillin rash in infectious mononucleosis,Amoxicillin rash in infectious mononucleosis
nejm,all_I=zoom_blur_S=3,876,image_876.jpg,Baker's cyst,Baker's cyst
nejm,all_I=zoom_blur_S=3,877,image_877.jpg,Cavernous angioma,Arachnoid cyst
nejm,all_I=zoom_blur_S=3,878,image_878.jpg,Naegleria fowleri,Naegleria fowleri
nejm,all_I=zoom_blur_S=3,879,image_879.jpg,Strongyloides stercoralis,Strongyloides stercoralis
nejm,all_I=zoom_blur_S=3,880,image_880.jpg,Duodenal atresia,Duodenal atresia
nejm,all_I=zoom_blur_S=3,881,image_881.jpg,Cholesteatoma,Tympanic hyperectasis
nejm,all_I=zoom_blur_S=3,882,image_882.jpg,Drug-induced hypersensitivity syndrome,Disseminated varicella infection
nejm,all_I=zoom_blur_S=3,883,image_883.jpg,Ehlers-Danlos syndrome,Ehlers-Danlos syndrome
nejm,all_I=zoom_blur_S=3,884,image_884.jpg,Bedbug bites,Bedbug bites
nejm,all_I=zoom_blur_S=3,885,image_885.jpg,Aspergillosis,Actinomycosis
nejm,all_I=zoom_blur_S=3,886,image_886.jpg,Diaphragmatic eventeration,Cardiac tamponade
nejm,all_I=zoom_blur_S=3,887,image_887.jpg,Ectopia lentis,Ectopia lentis
nejm,all_I=zoom_blur_S=3,888,image_888.jpg,Chest radiography,Polysomnography
nejm,all_I=zoom_blur_S=3,889,image_889.jpg,Calcium pyrophosphate dihydrate,Monosodium urate
nejm,all_I=zoom_blur_S=3,890,image_890.jpg,Cholesterol embolization,Cholesterol embolization
nejm,all_I=zoom_blur_S=3,891,image_891.jpg,Left Atrial Appendage Thrombus,Giant Coronary Aneurysm
nejm,all_I=zoom_blur_S=3,892,image_892.jpg,Rheumatoid factor,Creatine kinase
nejm,all_I=zoom_blur_S=3,893,image_893.jpg,Kaposi’s sarcoma,Kaposi’s sarcoma
nejm,all_I=zoom_blur_S=3,894,image_894.jpg,Alendronate,Zidovudine
nejm,all_I=zoom_blur_S=3,895,image_895.jpg,Hemophilia A,Hemophilia A
nejm,all_I=zoom_blur_S=3,896,image_896.jpg,Babesia microti,Capnocytophaga canimorsus
nejm,all_I=zoom_blur_S=3,897,image_897.jpg,Idiopathic pulmonary fibrosis,Idiopathic pulmonary fibrosis
nejm,all_I=zoom_blur_S=3,898,image_898.jpg,Superior vena cava syndrome,Superior vena cava syndrome
nejm,all_I=zoom_blur_S=3,899,image_899.jpg,Medial epicondylitis,Gout nodulosis
nejm,all_I=zoom_blur_S=3,900,image_900.jpg,Orbital metastasis,Orbital metastasis
nejm,all_I=zoom_blur_S=3,901,image_901.jpg,Oral candidiasis,Herpetic glossitis
nejm,all_I=zoom_blur_S=3,902,image_902.jpg,Otomycosis,Fracture of the temporal bone
nejm,all_I=zoom_blur_S=3,903,image_903.jpg,Flare of systemic lupus erythematosus,Extrapulmonary manifestation of tuberculosis
nejm,all_I=zoom_blur_S=3,904,image_904.jpg,Hypertensive retinopathy,Papilledema
nejm,all_I=zoom_blur_S=3,905,image_905.jpg,Intraocular parasite infection,Intraocular parasite infection
nejm,all_I=zoom_blur_S=3,906,image_906.jpg,Rifampin,Voriconazole
nejm,all_I=zoom_blur_S=3,907,image_907.jpg,Porphyria cutanea tarda,Porphyria cutanea tarda
nejm,all_I=zoom_blur_S=3,908,image_908.jpg,Plasmodium vivax,Plasmodium vivax
nejm,all_I=zoom_blur_S=3,909,image_909.jpg,Left anterior descending artery,Left anterior descending artery
nejm,all_I=zoom_blur_S=3,910,image_910.jpg,Acute myelogenous leukemia,Lead poisoning
nejm,all_I=zoom_blur_S=3,911,image_911.jpg,Symblepharon,Symblepharon
nejm,all_I=zoom_blur_S=3,912,image_912.jpg,Hemochromatosis,Pelvic spleen
nejm,all_I=zoom_blur_S=3,913,image_913.jpg,Phenytoin use,COPD
nejm,all_I=zoom_blur_S=3,914,image_914.jpg,Creutzfeldt-Jakob disease,Granulomatous amebic encephalitis
nejm,all_I=zoom_blur_S=3,915,image_915.jpg,Condylomata lata,Tuberous sclerosis
nejm,all_I=zoom_blur_S=3,916,image_916.jpg,Familial multiple lipomatosis,Familial multiple lipomatosis
nejm,all_I=zoom_blur_S=3,917,image_917.jpg,Hypertrophic cardiomyopathy,Uremic pericarditis
nejm,all_I=zoom_blur_S=3,918,image_918.jpg,Erythema infectiosum,Cold agglutinin disease
nejm,all_I=zoom_blur_S=3,919,image_919.jpg,Scleroderma,Calciphylaxis
nejm,all_I=zoom_blur_S=3,920,image_920.jpg,von Hippel-Lindau disease,Pigmentary mosaicism
nejm,all_I=zoom_blur_S=3,921,image_921.jpg,Mucocutaneous Epstein–Barr virus,Mycoplasma pneumoniae-associated mucositis
nejm,all_I=zoom_blur_S=3,922,image_922.jpg,Syphilis,Malignant melanoma
nejm,all_I=zoom_blur_S=3,923,image_923.jpg,Eagle’s syndrome,Cervical spondyloarthropathy
nejm,all_I=zoom_blur_S=3,924,image_924.jpg,Allergic bronchopulmonary aspergillosis,Chronic eosinophilic pneumonia
nejm,all_I=zoom_blur_S=3,925,image_925.jpg,Onychomycosis,Yellow-nail syndrome
nejm,all_I=zoom_blur_S=3,926,image_926.jpg,Streptococcal cellulitis with lymphangitis,Streptococcal cellulitis with lymphangitis
nejm,all_I=zoom_blur_S=3,927,image_927.jpg,Cauliflower ear,Lepromatous Leprosy
nejm,all_I=zoom_blur_S=3,928,image_928.jpg,Hashimoto thyroiditis,Ectopic thyroid
nejm,all_I=zoom_blur_S=3,929,image_929.jpg,Immune thrombocytopenia purpura (ITP),Leukemia cutis
nejm,all_I=zoom_blur_S=3,930,image_930.jpg,Nasal foreign body,Pituitary tumor
nejm,all_I=zoom_blur_S=3,931,image_931.jpg,Bullous pemphigoid,Coronary angiography
nejm,all_I=zoom_blur_S=3,932,image_932.jpg,Erythema multiforme,Secondary syphilis
nejm,all_I=zoom_blur_S=3,933,image_933.jpg,Pneumopericardium,Pneumopericardium
nejm,all_I=zoom_blur_S=3,934,image_934.jpg,Stroke,Stroke
nejm,all_I=zoom_blur_S=3,935,image_935.jpg,Porphyria cutanea tarda,Porphyria cutanea tarda
nejm,all_I=zoom_blur_S=3,936,image_936.jpg,Synovial chondromatosis,Synovial chondromatosis
nejm,all_I=zoom_blur_S=3,937,image_937.jpg,Psoriasis,Endocarditis
nejm,all_I=zoom_blur_S=3,938,image_938.jpg,Psoriasis,Bacterial dermatitis
nejm,all_I=zoom_blur_S=3,939,image_939.jpg,Androgenic alopecia,Hypothyroidism
nejm,all_I=zoom_blur_S=3,940,image_940.jpg,Vitamin B12 deficiency,Diabetes mellitus
nejm,all_I=zoom_blur_S=3,941,image_941.jpg,Acute esophageal necrosis,Acute esophageal necrosis
nejm,all_I=zoom_blur_S=3,942,image_942.jpg,Carbidopa-levodopa,Chelation therapy
nejm,all_I=zoom_blur_S=3,943,image_943.jpg,Lung abscess,Diaphragmatic rupture
nejm,all_I=zoom_blur_S=3,944,image_944.jpg,Placenta increta,Placenta increta
nejm,all_I=zoom_blur_S=3,945,image_945.jpg,Erythema ab igne,Erythema ab igne
nejm,all_I=zoom_blur_S=3,946,image_946.jpg,Erythromelalgia,Erythromelalgia
nejm,all_I=zoom_blur_S=3,947,image_947.jpg,Pearly penile papules,Pearly penile papules
