,dialog_id,utterance_id,file,prediction,label,split
0,0,0,dia0_utt0.mp4,neutral,positive,unmodified/text
1,0,1,dia0_utt1.mp4,neutral,negative,unmodified/text
2,0,2,dia0_utt2.mp4,neutral,neutral,unmodified/text
3,100,0,dia100_utt0.mp4,positive,neutral,unmodified/text
4,100,1,dia100_utt1.mp4,neutral,neutral,unmodified/text
5,100,10,dia100_utt10.mp4,negative,negative,unmodified/text
6,100,11,dia100_utt11.mp4,neutral,neutral,unmodified/text
7,100,12,dia100_utt12.mp4,neutral,neutral,unmodified/text
8,100,13,dia100_utt13.mp4,positive,neutral,unmodified/text
9,100,14,dia100_utt14.mp4,negative,negative,unmodified/text
10,100,15,dia100_utt15.mp4,neutral,negative,unmodified/text
11,100,16,dia100_utt16.mp4,negative,neutral,unmodified/text
12,100,17,dia100_utt17.mp4,neutral,neutral,unmodified/text
13,100,18,dia100_utt18.mp4,neutral,negative,unmodified/text
14,100,19,dia100_utt19.mp4,neutral,negative,unmodified/text
15,100,2,dia100_utt2.mp4,neutral,neutral,unmodified/text
16,100,3,dia100_utt3.mp4,positive,neutral,unmodified/text
17,100,4,dia100_utt4.mp4,neutral,neutral,unmodified/text
18,100,5,dia100_utt5.mp4,neutral,negative,unmodified/text
19,100,6,dia100_utt6.mp4,neutral,negative,unmodified/text
20,100,7,dia100_utt7.mp4,neutral,neutral,unmodified/text
21,100,8,dia100_utt8.mp4,neutral,neutral,unmodified/text
22,100,9,dia100_utt9.mp4,neutral,neutral,unmodified/text
23,101,0,dia101_utt0.mp4,neutral,positive,unmodified/text
24,101,1,dia101_utt1.mp4,neutral,neutral,unmodified/text
25,101,2,dia101_utt2.mp4,negative,negative,unmodified/text
26,101,3,dia101_utt3.mp4,neutral,neutral,unmodified/text
27,102,0,dia102_utt0.mp4,neutral,negative,unmodified/text
28,102,1,dia102_utt1.mp4,neutral,neutral,unmodified/text
29,102,2,dia102_utt2.mp4,negative,negative,unmodified/text
30,102,3,dia102_utt3.mp4,neutral,neutral,unmodified/text
31,102,4,dia102_utt4.mp4,negative,negative,unmodified/text
32,102,5,dia102_utt5.mp4,negative,negative,unmodified/text
33,102,6,dia102_utt6.mp4,positive,negative,unmodified/text
34,102,7,dia102_utt7.mp4,negative,negative,unmodified/text
35,102,8,dia102_utt8.mp4,negative,neutral,unmodified/text
36,102,9,dia102_utt9.mp4,positive,positive,unmodified/text
37,103,0,dia103_utt0.mp4,neutral,positive,unmodified/text
38,103,1,dia103_utt1.mp4,neutral,neutral,unmodified/text
39,103,2,dia103_utt2.mp4,neutral,negative,unmodified/text
40,103,3,dia103_utt3.mp4,neutral,negative,unmodified/text
41,103,4,dia103_utt4.mp4,neutral,negative,unmodified/text
42,103,5,dia103_utt5.mp4,negative,positive,unmodified/text
43,104,0,dia104_utt0.mp4,positive,positive,unmodified/text
44,104,1,dia104_utt1.mp4,negative,negative,unmodified/text
45,104,2,dia104_utt2.mp4,negative,neutral,unmodified/text
46,105,0,dia105_utt0.mp4,negative,negative,unmodified/text
47,105,1,dia105_utt1.mp4,positive,negative,unmodified/text
48,105,2,dia105_utt2.mp4,negative,negative,unmodified/text
49,106,0,dia106_utt0.mp4,neutral,negative,unmodified/text
50,106,1,dia106_utt1.mp4,negative,neutral,unmodified/text
51,106,2,dia106_utt2.mp4,negative,negative,unmodified/text
52,106,3,dia106_utt3.mp4,negative,negative,unmodified/text
53,107,0,dia107_utt0.mp4,neutral,neutral,unmodified/text
54,107,1,dia107_utt1.mp4,neutral,neutral,unmodified/text
55,107,10,dia107_utt10.mp4,neutral,neutral,unmodified/text
56,107,11,dia107_utt11.mp4,neutral,neutral,unmodified/text
57,107,12,dia107_utt12.mp4,positive,positive,unmodified/text
58,107,2,dia107_utt2.mp4,neutral,positive,unmodified/text
59,107,3,dia107_utt3.mp4,negative,negative,unmodified/text
60,107,4,dia107_utt4.mp4,neutral,neutral,unmodified/text
61,107,5,dia107_utt5.mp4,neutral,positive,unmodified/text
62,107,6,dia107_utt6.mp4,neutral,negative,unmodified/text
63,107,7,dia107_utt7.mp4,neutral,negative,unmodified/text
64,107,8,dia107_utt8.mp4,neutral,neutral,unmodified/text
65,107,9,dia107_utt9.mp4,neutral,neutral,unmodified/text
66,108,0,dia108_utt0.mp4,negative,negative,unmodified/text
67,108,3,dia108_utt3.mp4,negative,negative,unmodified/text
68,108,4,dia108_utt4.mp4,negative,negative,unmodified/text
69,108,5,dia108_utt5.mp4,neutral,positive,unmodified/text
70,108,6,dia108_utt6.mp4,positive,positive,unmodified/text
71,108,7,dia108_utt7.mp4,neutral,positive,unmodified/text
72,108,8,dia108_utt8.mp4,positive,positive,unmodified/text
73,108,9,dia108_utt9.mp4,negative,positive,unmodified/text
74,109,0,dia109_utt0.mp4,neutral,positive,unmodified/text
75,109,1,dia109_utt1.mp4,neutral,positive,unmodified/text
76,109,2,dia109_utt2.mp4,neutral,negative,unmodified/text
77,109,3,dia109_utt3.mp4,neutral,neutral,unmodified/text
78,109,4,dia109_utt4.mp4,neutral,positive,unmodified/text
79,109,5,dia109_utt5.mp4,negative,negative,unmodified/text
80,109,6,dia109_utt6.mp4,negative,neutral,unmodified/text
81,109,7,dia109_utt7.mp4,negative,negative,unmodified/text
82,10,0,dia10_utt0.mp4,negative,negative,unmodified/text
83,10,1,dia10_utt1.mp4,neutral,neutral,unmodified/text
84,10,2,dia10_utt2.mp4,neutral,neutral,unmodified/text
85,10,3,dia10_utt3.mp4,neutral,neutral,unmodified/text
86,110,0,dia110_utt0.mp4,neutral,positive,unmodified/text
87,110,1,dia110_utt1.mp4,neutral,neutral,unmodified/text
88,110,2,dia110_utt2.mp4,neutral,neutral,unmodified/text
89,110,3,dia110_utt3.mp4,neutral,positive,unmodified/text
90,110,4,dia110_utt4.mp4,positive,positive,unmodified/text
91,110,5,dia110_utt5.mp4,neutral,neutral,unmodified/text
92,110,6,dia110_utt6.mp4,neutral,negative,unmodified/text
93,110,7,dia110_utt7.mp4,neutral,positive,unmodified/text
94,110,8,dia110_utt8.mp4,neutral,negative,unmodified/text
95,111,0,dia111_utt0.mp4,neutral,neutral,unmodified/text
96,111,1,dia111_utt1.mp4,positive,neutral,unmodified/text
97,111,10,dia111_utt10.mp4,neutral,negative,unmodified/text
98,111,11,dia111_utt11.mp4,neutral,neutral,unmodified/text
99,111,12,dia111_utt12.mp4,positive,neutral,unmodified/text
100,111,13,dia111_utt13.mp4,negative,negative,unmodified/text
101,111,14,dia111_utt14.mp4,negative,neutral,unmodified/text
102,111,2,dia111_utt2.mp4,positive,positive,unmodified/text
103,111,3,dia111_utt3.mp4,positive,negative,unmodified/text
104,111,4,dia111_utt4.mp4,negative,negative,unmodified/text
105,111,5,dia111_utt5.mp4,negative,negative,unmodified/text
106,111,6,dia111_utt6.mp4,negative,negative,unmodified/text
107,111,7,dia111_utt7.mp4,neutral,negative,unmodified/text
108,111,8,dia111_utt8.mp4,positive,negative,unmodified/text
109,111,9,dia111_utt9.mp4,neutral,negative,unmodified/text
110,112,0,dia112_utt0.mp4,neutral,neutral,unmodified/text
111,112,1,dia112_utt1.mp4,neutral,neutral,unmodified/text
112,112,10,dia112_utt10.mp4,neutral,neutral,unmodified/text
113,112,11,dia112_utt11.mp4,negative,positive,unmodified/text
114,112,12,dia112_utt12.mp4,positive,positive,unmodified/text
115,112,13,dia112_utt13.mp4,neutral,positive,unmodified/text
116,112,14,dia112_utt14.mp4,positive,positive,unmodified/text
117,112,15,dia112_utt15.mp4,neutral,neutral,unmodified/text
118,112,16,dia112_utt16.mp4,neutral,positive,unmodified/text
119,112,17,dia112_utt17.mp4,positive,neutral,unmodified/text
120,112,18,dia112_utt18.mp4,neutral,neutral,unmodified/text
121,112,19,dia112_utt19.mp4,neutral,positive,unmodified/text
122,112,2,dia112_utt2.mp4,negative,negative,unmodified/text
123,112,20,dia112_utt20.mp4,neutral,positive,unmodified/text
124,112,21,dia112_utt21.mp4,neutral,neutral,unmodified/text
125,112,3,dia112_utt3.mp4,neutral,negative,unmodified/text
126,112,4,dia112_utt4.mp4,negative,negative,unmodified/text
127,112,5,dia112_utt5.mp4,neutral,neutral,unmodified/text
128,112,6,dia112_utt6.mp4,positive,negative,unmodified/text
129,112,7,dia112_utt7.mp4,positive,negative,unmodified/text
130,112,8,dia112_utt8.mp4,positive,neutral,unmodified/text
131,112,9,dia112_utt9.mp4,positive,neutral,unmodified/text
132,113,0,dia113_utt0.mp4,negative,negative,unmodified/text
133,113,1,dia113_utt1.mp4,negative,negative,unmodified/text
134,113,10,dia113_utt10.mp4,neutral,negative,unmodified/text
135,113,11,dia113_utt11.mp4,neutral,neutral,unmodified/text
136,113,12,dia113_utt12.mp4,negative,positive,unmodified/text
137,113,13,dia113_utt13.mp4,neutral,negative,unmodified/text
138,113,14,dia113_utt14.mp4,negative,negative,unmodified/text
139,113,15,dia113_utt15.mp4,negative,negative,unmodified/text
140,113,16,dia113_utt16.mp4,neutral,neutral,unmodified/text
141,113,2,dia113_utt2.mp4,positive,positive,unmodified/text
142,113,3,dia113_utt3.mp4,neutral,neutral,unmodified/text
143,113,4,dia113_utt4.mp4,negative,negative,unmodified/text
144,113,5,dia113_utt5.mp4,neutral,negative,unmodified/text
145,113,6,dia113_utt6.mp4,negative,negative,unmodified/text
146,113,7,dia113_utt7.mp4,positive,negative,unmodified/text
147,113,8,dia113_utt8.mp4,negative,negative,unmodified/text
148,113,9,dia113_utt9.mp4,neutral,neutral,unmodified/text
149,114,0,dia114_utt0.mp4,neutral,neutral,unmodified/text
150,114,1,dia114_utt1.mp4,neutral,neutral,unmodified/text
151,114,2,dia114_utt2.mp4,negative,positive,unmodified/text
152,114,3,dia114_utt3.mp4,negative,neutral,unmodified/text
153,114,4,dia114_utt4.mp4,neutral,neutral,unmodified/text
154,114,5,dia114_utt5.mp4,negative,positive,unmodified/text
155,115,0,dia115_utt0.mp4,positive,positive,unmodified/text
156,115,1,dia115_utt1.mp4,negative,neutral,unmodified/text
157,115,2,dia115_utt2.mp4,neutral,negative,unmodified/text
158,115,3,dia115_utt3.mp4,negative,negative,unmodified/text
159,115,4,dia115_utt4.mp4,neutral,neutral,unmodified/text
160,115,5,dia115_utt5.mp4,positive,neutral,unmodified/text
161,116,0,dia116_utt0.mp4,neutral,neutral,unmodified/text
162,116,1,dia116_utt1.mp4,neutral,neutral,unmodified/text
163,116,10,dia116_utt10.mp4,neutral,neutral,unmodified/text
164,116,11,dia116_utt11.mp4,negative,negative,unmodified/text
165,116,2,dia116_utt2.mp4,negative,negative,unmodified/text
166,116,3,dia116_utt3.mp4,neutral,neutral,unmodified/text
167,116,4,dia116_utt4.mp4,neutral,negative,unmodified/text
168,116,5,dia116_utt5.mp4,positive,negative,unmodified/text
169,116,6,dia116_utt6.mp4,negative,neutral,unmodified/text
170,116,7,dia116_utt7.mp4,negative,neutral,unmodified/text
171,116,8,dia116_utt8.mp4,neutral,neutral,unmodified/text
172,116,9,dia116_utt9.mp4,neutral,neutral,unmodified/text
173,117,0,dia117_utt0.mp4,neutral,neutral,unmodified/text
174,117,1,dia117_utt1.mp4,positive,positive,unmodified/text
175,117,2,dia117_utt2.mp4,positive,neutral,unmodified/text
176,117,3,dia117_utt3.mp4,neutral,neutral,unmodified/text
177,117,4,dia117_utt4.mp4,neutral,neutral,unmodified/text
178,117,5,dia117_utt5.mp4,neutral,negative,unmodified/text
179,117,6,dia117_utt6.mp4,neutral,neutral,unmodified/text
180,117,7,dia117_utt7.mp4,negative,negative,unmodified/text
181,117,8,dia117_utt8.mp4,negative,negative,unmodified/text
182,118,0,dia118_utt0.mp4,positive,negative,unmodified/text
183,118,1,dia118_utt1.mp4,positive,negative,unmodified/text
184,118,10,dia118_utt10.mp4,positive,positive,unmodified/text
185,118,11,dia118_utt11.mp4,neutral,neutral,unmodified/text
186,118,2,dia118_utt2.mp4,negative,positive,unmodified/text
187,118,3,dia118_utt3.mp4,positive,positive,unmodified/text
188,118,4,dia118_utt4.mp4,negative,negative,unmodified/text
189,118,5,dia118_utt5.mp4,negative,negative,unmodified/text
190,118,6,dia118_utt6.mp4,neutral,neutral,unmodified/text
191,118,7,dia118_utt7.mp4,negative,positive,unmodified/text
192,118,8,dia118_utt8.mp4,neutral,neutral,unmodified/text
193,118,9,dia118_utt9.mp4,neutral,negative,unmodified/text
194,119,0,dia119_utt0.mp4,neutral,neutral,unmodified/text
195,119,1,dia119_utt1.mp4,neutral,negative,unmodified/text
196,119,2,dia119_utt2.mp4,positive,neutral,unmodified/text
197,119,3,dia119_utt3.mp4,negative,negative,unmodified/text
198,119,4,dia119_utt4.mp4,negative,neutral,unmodified/text
199,119,5,dia119_utt5.mp4,neutral,negative,unmodified/text
200,119,6,dia119_utt6.mp4,negative,negative,unmodified/text
201,11,0,dia11_utt0.mp4,positive,negative,unmodified/text
202,11,1,dia11_utt1.mp4,negative,negative,unmodified/text
203,11,2,dia11_utt2.mp4,neutral,neutral,unmodified/text
204,11,3,dia11_utt3.mp4,neutral,neutral,unmodified/text
205,11,4,dia11_utt4.mp4,neutral,neutral,unmodified/text
206,120,0,dia120_utt0.mp4,positive,positive,unmodified/text
207,120,1,dia120_utt1.mp4,positive,neutral,unmodified/text
208,120,10,dia120_utt10.mp4,neutral,positive,unmodified/text
209,120,11,dia120_utt11.mp4,neutral,negative,unmodified/text
210,120,12,dia120_utt12.mp4,neutral,negative,unmodified/text
211,120,13,dia120_utt13.mp4,neutral,neutral,unmodified/text
212,120,14,dia120_utt14.mp4,neutral,neutral,unmodified/text
213,120,15,dia120_utt15.mp4,negative,negative,unmodified/text
214,120,16,dia120_utt16.mp4,positive,negative,unmodified/text
215,120,17,dia120_utt17.mp4,negative,negative,unmodified/text
216,120,18,dia120_utt18.mp4,neutral,neutral,unmodified/text
217,120,2,dia120_utt2.mp4,positive,positive,unmodified/text
218,120,3,dia120_utt3.mp4,positive,positive,unmodified/text
219,120,4,dia120_utt4.mp4,neutral,neutral,unmodified/text
220,120,5,dia120_utt5.mp4,positive,positive,unmodified/text
221,120,6,dia120_utt6.mp4,positive,positive,unmodified/text
222,120,7,dia120_utt7.mp4,neutral,neutral,unmodified/text
223,120,8,dia120_utt8.mp4,neutral,neutral,unmodified/text
224,120,9,dia120_utt9.mp4,neutral,negative,unmodified/text
225,121,0,dia121_utt0.mp4,positive,positive,unmodified/text
226,121,1,dia121_utt1.mp4,neutral,positive,unmodified/text
227,121,2,dia121_utt2.mp4,neutral,neutral,unmodified/text
228,121,3,dia121_utt3.mp4,neutral,neutral,unmodified/text
229,121,4,dia121_utt4.mp4,positive,positive,unmodified/text
230,121,5,dia121_utt5.mp4,positive,positive,unmodified/text
231,122,0,dia122_utt0.mp4,positive,neutral,unmodified/text
232,122,1,dia122_utt1.mp4,neutral,negative,unmodified/text
233,122,2,dia122_utt2.mp4,neutral,neutral,unmodified/text
234,122,3,dia122_utt3.mp4,positive,positive,unmodified/text
235,122,4,dia122_utt4.mp4,neutral,neutral,unmodified/text
236,123,0,dia123_utt0.mp4,negative,neutral,unmodified/text
237,123,1,dia123_utt1.mp4,neutral,neutral,unmodified/text
238,123,10,dia123_utt10.mp4,negative,negative,unmodified/text
239,123,11,dia123_utt11.mp4,negative,negative,unmodified/text
240,123,12,dia123_utt12.mp4,neutral,neutral,unmodified/text
241,123,13,dia123_utt13.mp4,negative,negative,unmodified/text
242,123,14,dia123_utt14.mp4,positive,neutral,unmodified/text
243,123,15,dia123_utt15.mp4,negative,negative,unmodified/text
244,123,2,dia123_utt2.mp4,negative,negative,unmodified/text
245,123,3,dia123_utt3.mp4,neutral,neutral,unmodified/text
246,123,4,dia123_utt4.mp4,negative,negative,unmodified/text
247,123,5,dia123_utt5.mp4,negative,neutral,unmodified/text
248,123,6,dia123_utt6.mp4,negative,negative,unmodified/text
249,123,7,dia123_utt7.mp4,neutral,neutral,unmodified/text
250,123,8,dia123_utt8.mp4,negative,neutral,unmodified/text
251,123,9,dia123_utt9.mp4,negative,negative,unmodified/text
252,124,0,dia124_utt0.mp4,neutral,neutral,unmodified/text
253,124,1,dia124_utt1.mp4,neutral,negative,unmodified/text
254,124,10,dia124_utt10.mp4,positive,positive,unmodified/text
255,124,11,dia124_utt11.mp4,positive,positive,unmodified/text
256,124,12,dia124_utt12.mp4,negative,negative,unmodified/text
257,124,13,dia124_utt13.mp4,negative,neutral,unmodified/text
258,124,14,dia124_utt14.mp4,neutral,positive,unmodified/text
259,124,2,dia124_utt2.mp4,negative,negative,unmodified/text
260,124,3,dia124_utt3.mp4,neutral,neutral,unmodified/text
261,124,4,dia124_utt4.mp4,neutral,neutral,unmodified/text
262,124,5,dia124_utt5.mp4,neutral,negative,unmodified/text
263,124,6,dia124_utt6.mp4,neutral,neutral,unmodified/text
264,124,7,dia124_utt7.mp4,negative,negative,unmodified/text
265,124,8,dia124_utt8.mp4,neutral,positive,unmodified/text
266,124,9,dia124_utt9.mp4,neutral,positive,unmodified/text
267,125,0,dia125_utt0.mp4,neutral,positive,unmodified/text
268,125,1,dia125_utt1.mp4,neutral,neutral,unmodified/text
269,125,10,dia125_utt10.mp4,neutral,neutral,unmodified/text
270,125,11,dia125_utt11.mp4,neutral,positive,unmodified/text
271,125,12,dia125_utt12.mp4,neutral,neutral,unmodified/text
272,125,13,dia125_utt13.mp4,negative,negative,unmodified/text
273,125,14,dia125_utt14.mp4,negative,negative,unmodified/text
274,125,15,dia125_utt15.mp4,neutral,neutral,unmodified/text
275,125,16,dia125_utt16.mp4,neutral,neutral,unmodified/text
276,125,17,dia125_utt17.mp4,negative,negative,unmodified/text
277,125,18,dia125_utt18.mp4,neutral,negative,unmodified/text
278,125,19,dia125_utt19.mp4,negative,negative,unmodified/text
279,125,2,dia125_utt2.mp4,neutral,neutral,unmodified/text
280,125,20,dia125_utt20.mp4,neutral,negative,unmodified/text
281,125,21,dia125_utt21.mp4,neutral,negative,unmodified/text
282,125,22,dia125_utt22.mp4,negative,negative,unmodified/text
283,125,3,dia125_utt3.mp4,"is working out, yes.
assistant
positive",neutral,unmodified/text
284,125,4,dia125_utt4.mp4,neutral,neutral,unmodified/text
285,125,5,dia125_utt5.mp4,"was very happy that I hired my new assistant.
assistant
positive",neutral,unmodified/text
286,125,6,dia125_utt6.mp4,neutral,neutral,unmodified/text
287,125,7,dia125_utt7.mp4,neutral,positive,unmodified/text
288,125,8,dia125_utt8.mp4,neutral,neutral,unmodified/text
289,125,9,dia125_utt9.mp4,neutral,neutral,unmodified/text
290,126,0,dia126_utt0.mp4,neutral,neutral,unmodified/text
291,126,1,dia126_utt1.mp4,positive,positive,unmodified/text
292,126,10,dia126_utt10.mp4,neutral,negative,unmodified/text
293,126,11,dia126_utt11.mp4,positive,neutral,unmodified/text
294,126,12,dia126_utt12.mp4,neutral,negative,unmodified/text
295,126,13,dia126_utt13.mp4,positive,positive,unmodified/text
296,126,14,dia126_utt14.mp4,positive,positive,unmodified/text
297,126,15,dia126_utt15.mp4,neutral,neutral,unmodified/text
298,126,2,dia126_utt2.mp4,neutral,positive,unmodified/text
299,126,3,dia126_utt3.mp4,neutral,neutral,unmodified/text
300,126,4,dia126_utt4.mp4,positive,negative,unmodified/text
301,126,5,dia126_utt5.mp4,neutral,neutral,unmodified/text
302,126,6,dia126_utt6.mp4,neutral,neutral,unmodified/text
303,126,7,dia126_utt7.mp4,neutral,neutral,unmodified/text
304,126,8,dia126_utt8.mp4,negative,negative,unmodified/text
305,126,9,dia126_utt9.mp4,neutral,neutral,unmodified/text
306,127,0,dia127_utt0.mp4,negative,negative,unmodified/text
307,127,1,dia127_utt1.mp4,neutral,neutral,unmodified/text
308,127,2,dia127_utt2.mp4,neutral,neutral,unmodified/text
309,127,3,dia127_utt3.mp4,neutral,neutral,unmodified/text
310,127,4,dia127_utt4.mp4,neutral,neutral,unmodified/text
311,127,5,dia127_utt5.mp4,neutral,neutral,unmodified/text
312,128,0,dia128_utt0.mp4,neutral,neutral,unmodified/text
313,128,1,dia128_utt1.mp4,neutral,neutral,unmodified/text
314,128,2,dia128_utt2.mp4,neutral,neutral,unmodified/text
315,128,3,dia128_utt3.mp4,positive,negative,unmodified/text
316,128,4,dia128_utt4.mp4,neutral,negative,unmodified/text
317,128,5,dia128_utt5.mp4,negative,negative,unmodified/text
318,128,6,dia128_utt6.mp4,neutral,negative,unmodified/text
319,128,7,dia128_utt7.mp4,neutral,neutral,unmodified/text
320,128,8,dia128_utt8.mp4,negative,negative,unmodified/text
321,128,9,dia128_utt9.mp4,neutral,neutral,unmodified/text
322,129,0,dia129_utt0.mp4,positive,positive,unmodified/text
323,129,1,dia129_utt1.mp4,negative,negative,unmodified/text
324,129,2,dia129_utt2.mp4,neutral,neutral,unmodified/text
325,129,3,dia129_utt3.mp4,neutral,negative,unmodified/text
326,129,4,dia129_utt4.mp4,neutral,neutral,unmodified/text
327,129,5,dia129_utt5.mp4,neutral,neutral,unmodified/text
328,129,6,dia129_utt6.mp4,positive,neutral,unmodified/text
329,129,7,dia129_utt7.mp4,neutral,neutral,unmodified/text
330,12,0,dia12_utt0.mp4,negative,negative,unmodified/text
331,12,1,dia12_utt1.mp4,positive,neutral,unmodified/text
332,12,10,dia12_utt10.mp4,positive,neutral,unmodified/text
333,12,11,dia12_utt11.mp4,positive,positive,unmodified/text
334,12,12,dia12_utt12.mp4,neutral,positive,unmodified/text
335,12,13,dia12_utt13.mp4,neutral,neutral,unmodified/text
336,12,14,dia12_utt14.mp4,neutral,neutral,unmodified/text
337,12,15,dia12_utt15.mp4,neutral,neutral,unmodified/text
338,12,16,dia12_utt16.mp4,positive,neutral,unmodified/text
339,12,17,dia12_utt17.mp4,neutral,neutral,unmodified/text
340,12,18,dia12_utt18.mp4,positive,neutral,unmodified/text
341,12,19,dia12_utt19.mp4,positive,positive,unmodified/text
342,12,2,dia12_utt2.mp4,negative,negative,unmodified/text
343,12,3,dia12_utt3.mp4,negative,negative,unmodified/text
344,12,4,dia12_utt4.mp4,negative,negative,unmodified/text
345,12,5,dia12_utt5.mp4,neutral,negative,unmodified/text
346,12,6,dia12_utt6.mp4,positive,negative,unmodified/text
347,12,7,dia12_utt7.mp4,negative,negative,unmodified/text
348,12,8,dia12_utt8.mp4,negative,positive,unmodified/text
349,12,9,dia12_utt9.mp4,neutral,neutral,unmodified/text
350,130,0,dia130_utt0.mp4,neutral,neutral,unmodified/text
351,130,1,dia130_utt1.mp4,negative,negative,unmodified/text
352,130,10,dia130_utt10.mp4,negative,negative,unmodified/text
353,130,11,dia130_utt11.mp4,neutral,negative,unmodified/text
354,130,12,dia130_utt12.mp4,neutral,negative,unmodified/text
355,130,13,dia130_utt13.mp4,neutral,neutral,unmodified/text
356,130,14,dia130_utt14.mp4,neutral,neutral,unmodified/text
357,130,15,dia130_utt15.mp4,neutral,neutral,unmodified/text
358,130,16,dia130_utt16.mp4,neutral,neutral,unmodified/text
359,130,17,dia130_utt17.mp4,neutral,neutral,unmodified/text
360,130,2,dia130_utt2.mp4,neutral,neutral,unmodified/text
361,130,3,dia130_utt3.mp4,neutral,neutral,unmodified/text
362,130,4,dia130_utt4.mp4,neutral,neutral,unmodified/text
363,130,5,dia130_utt5.mp4,neutral,positive,unmodified/text
364,130,6,dia130_utt6.mp4,neutral,positive,unmodified/text
365,130,7,dia130_utt7.mp4,neutral,neutral,unmodified/text
366,130,8,dia130_utt8.mp4,neutral,positive,unmodified/text
367,130,9,dia130_utt9.mp4,neutral,neutral,unmodified/text
368,131,0,dia131_utt0.mp4,neutral,neutral,unmodified/text
369,131,1,dia131_utt1.mp4,neutral,positive,unmodified/text
370,131,2,dia131_utt2.mp4,neutral,neutral,unmodified/text
371,131,3,dia131_utt3.mp4,positive,positive,unmodified/text
372,131,4,dia131_utt4.mp4,positive,neutral,unmodified/text
373,131,5,dia131_utt5.mp4,negative,neutral,unmodified/text
374,131,6,dia131_utt6.mp4,neutral,positive,unmodified/text
375,131,7,dia131_utt7.mp4,neutral,neutral,unmodified/text
376,131,8,dia131_utt8.mp4,negative,positive,unmodified/text
377,132,0,dia132_utt0.mp4,neutral,neutral,unmodified/text
378,132,1,dia132_utt1.mp4,neutral,neutral,unmodified/text
379,132,10,dia132_utt10.mp4,negative,negative,unmodified/text
380,132,11,dia132_utt11.mp4,neutral,neutral,unmodified/text
381,132,12,dia132_utt12.mp4,positive,neutral,unmodified/text
382,132,13,dia132_utt13.mp4,"described is staying in.
assistant
neutral",neutral,unmodified/text
383,132,14,dia132_utt14.mp4,positive,neutral,unmodified/text
384,132,15,dia132_utt15.mp4,neutral,neutral,unmodified/text
385,132,16,dia132_utt16.mp4,positive,positive,unmodified/text
386,132,17,dia132_utt17.mp4,positive,neutral,unmodified/text
387,132,18,dia132_utt18.mp4,neutral,neutral,unmodified/text
388,132,19,dia132_utt19.mp4,negative,negative,unmodified/text
389,132,2,dia132_utt2.mp4,neutral,neutral,unmodified/text
390,132,3,dia132_utt3.mp4,neutral,neutral,unmodified/text
391,132,4,dia132_utt4.mp4,positive,positive,unmodified/text
392,132,5,dia132_utt5.mp4,neutral,neutral,unmodified/text
393,132,6,dia132_utt6.mp4,neutral,neutral,unmodified/text
394,132,7,dia132_utt7.mp4,neutral,neutral,unmodified/text
395,132,8,dia132_utt8.mp4,neutral,neutral,unmodified/text
396,132,9,dia132_utt9.mp4,neutral,negative,unmodified/text
397,133,0,dia133_utt0.mp4,neutral,positive,unmodified/text
398,133,1,dia133_utt1.mp4,neutral,positive,unmodified/text
399,133,10,dia133_utt10.mp4,neutral,neutral,unmodified/text
400,133,11,dia133_utt11.mp4,negative,negative,unmodified/text
401,133,12,dia133_utt12.mp4,negative,negative,unmodified/text
402,133,13,dia133_utt13.mp4,negative,negative,unmodified/text
403,133,14,dia133_utt14.mp4,neutral,neutral,unmodified/text
404,133,15,dia133_utt15.mp4,negative,negative,unmodified/text
405,133,2,dia133_utt2.mp4,neutral,neutral,unmodified/text
406,133,3,dia133_utt3.mp4,positive,positive,unmodified/text
407,133,4,dia133_utt4.mp4,positive,positive,unmodified/text
408,133,5,dia133_utt5.mp4,positive,positive,unmodified/text
409,133,6,dia133_utt6.mp4,neutral,neutral,unmodified/text
410,133,7,dia133_utt7.mp4,neutral,neutral,unmodified/text
411,133,8,dia133_utt8.mp4,positive,positive,unmodified/text
412,133,9,dia133_utt9.mp4,neutral,neutral,unmodified/text
413,134,0,dia134_utt0.mp4,neutral,negative,unmodified/text
414,134,1,dia134_utt1.mp4,negative,negative,unmodified/text
415,134,2,dia134_utt2.mp4,positive,positive,unmodified/text
416,134,3,dia134_utt3.mp4,negative,negative,unmodified/text
417,135,0,dia135_utt0.mp4,neutral,neutral,unmodified/text
418,135,1,dia135_utt1.mp4,neutral,positive,unmodified/text
419,135,2,dia135_utt2.mp4,neutral,neutral,unmodified/text
420,135,3,dia135_utt3.mp4,positive,positive,unmodified/text
421,135,4,dia135_utt4.mp4,positive,positive,unmodified/text
422,135,5,dia135_utt5.mp4,positive,positive,unmodified/text
423,136,0,dia136_utt0.mp4,positive,positive,unmodified/text
424,137,0,dia137_utt0.mp4,negative,neutral,unmodified/text
425,137,1,dia137_utt1.mp4,neutral,neutral,unmodified/text
426,137,10,dia137_utt10.mp4,negative,negative,unmodified/text
427,137,11,dia137_utt11.mp4,neutral,neutral,unmodified/text
428,137,12,dia137_utt12.mp4,negative,negative,unmodified/text
429,137,13,dia137_utt13.mp4,negative,negative,unmodified/text
430,137,14,dia137_utt14.mp4,negative,negative,unmodified/text
431,137,2,dia137_utt2.mp4,neutral,neutral,unmodified/text
432,137,3,dia137_utt3.mp4,neutral,neutral,unmodified/text
433,137,4,dia137_utt4.mp4,neutral,neutral,unmodified/text
434,137,5,dia137_utt5.mp4,neutral,neutral,unmodified/text
435,137,6,dia137_utt6.mp4,neutral,neutral,unmodified/text
436,137,7,dia137_utt7.mp4,neutral,negative,unmodified/text
437,137,8,dia137_utt8.mp4,neutral,neutral,unmodified/text
438,137,9,dia137_utt9.mp4,neutral,negative,unmodified/text
439,138,0,dia138_utt0.mp4,neutral,neutral,unmodified/text
440,138,1,dia138_utt1.mp4,negative,negative,unmodified/text
441,138,2,dia138_utt2.mp4,negative,negative,unmodified/text
442,138,3,dia138_utt3.mp4,negative,negative,unmodified/text
443,139,0,dia139_utt0.mp4,positive,neutral,unmodified/text
444,139,1,dia139_utt1.mp4,negative,negative,unmodified/text
445,139,2,dia139_utt2.mp4,neutral,neutral,unmodified/text
446,139,3,dia139_utt3.mp4,positive,positive,unmodified/text
447,139,4,dia139_utt4.mp4,neutral,positive,unmodified/text
448,139,5,dia139_utt5.mp4,neutral,neutral,unmodified/text
449,139,6,dia139_utt6.mp4,neutral,neutral,unmodified/text
450,139,7,dia139_utt7.mp4,neutral,positive,unmodified/text
451,139,8,dia139_utt8.mp4,neutral,positive,unmodified/text
452,139,9,dia139_utt9.mp4,neutral,neutral,unmodified/text
453,13,0,dia13_utt0.mp4,neutral,neutral,unmodified/text
454,13,1,dia13_utt1.mp4,neutral,neutral,unmodified/text
455,13,2,dia13_utt2.mp4,neutral,neutral,unmodified/text
456,13,3,dia13_utt3.mp4,positive,positive,unmodified/text
457,13,4,dia13_utt4.mp4,neutral,neutral,unmodified/text
458,13,5,dia13_utt5.mp4,negative,negative,unmodified/text
459,13,6,dia13_utt6.mp4,neutral,negative,unmodified/text
460,13,7,dia13_utt7.mp4,positive,negative,unmodified/text
461,140,0,dia140_utt0.mp4,positive,negative,unmodified/text
462,140,1,dia140_utt1.mp4,negative,negative,unmodified/text
463,140,10,dia140_utt10.mp4,neutral,neutral,unmodified/text
464,140,11,dia140_utt11.mp4,negative,negative,unmodified/text
465,140,12,dia140_utt12.mp4,negative,negative,unmodified/text
466,140,13,dia140_utt13.mp4,negative,negative,unmodified/text
467,140,14,dia140_utt14.mp4,positive,neutral,unmodified/text
468,140,15,dia140_utt15.mp4,neutral,neutral,unmodified/text
469,140,16,dia140_utt16.mp4,neutral,neutral,unmodified/text
470,140,2,dia140_utt2.mp4,neutral,neutral,unmodified/text
471,140,3,dia140_utt3.mp4,neutral,neutral,unmodified/text
472,140,4,dia140_utt4.mp4,neutral,neutral,unmodified/text
473,140,5,dia140_utt5.mp4,neutral,positive,unmodified/text
474,140,6,dia140_utt6.mp4,neutral,neutral,unmodified/text
475,140,7,dia140_utt7.mp4,neutral,neutral,unmodified/text
476,140,8,dia140_utt8.mp4,negative,negative,unmodified/text
477,140,9,dia140_utt9.mp4,positive,positive,unmodified/text
478,141,0,dia141_utt0.mp4,neutral,neutral,unmodified/text
479,141,1,dia141_utt1.mp4,neutral,neutral,unmodified/text
480,141,2,dia141_utt2.mp4,neutral,neutral,unmodified/text
481,141,3,dia141_utt3.mp4,positive,neutral,unmodified/text
482,141,4,dia141_utt4.mp4,neutral,neutral,unmodified/text
483,142,0,dia142_utt0.mp4,neutral,neutral,unmodified/text
484,142,1,dia142_utt1.mp4,neutral,neutral,unmodified/text
485,143,0,dia143_utt0.mp4,positive,neutral,unmodified/text
486,143,1,dia143_utt1.mp4,negative,neutral,unmodified/text
487,143,2,dia143_utt2.mp4,positive,neutral,unmodified/text
488,143,3,dia143_utt3.mp4,neutral,negative,unmodified/text
489,143,4,dia143_utt4.mp4,neutral,neutral,unmodified/text
490,143,5,dia143_utt5.mp4,negative,negative,unmodified/text
491,143,6,dia143_utt6.mp4,negative,negative,unmodified/text
492,143,7,dia143_utt7.mp4,negative,negative,unmodified/text
493,143,8,dia143_utt8.mp4,neutral,negative,unmodified/text
494,144,0,dia144_utt0.mp4,neutral,negative,unmodified/text
495,144,1,dia144_utt1.mp4,positive,positive,unmodified/text
496,144,10,dia144_utt10.mp4,positive,negative,unmodified/text
497,144,11,dia144_utt11.mp4,negative,negative,unmodified/text
498,144,12,dia144_utt12.mp4,neutral,negative,unmodified/text
499,144,13,dia144_utt13.mp4,neutral,neutral,unmodified/text
500,144,14,dia144_utt14.mp4,neutral,neutral,unmodified/text
501,144,2,dia144_utt2.mp4,negative,negative,unmodified/text
502,144,3,dia144_utt3.mp4,neutral,neutral,unmodified/text
503,144,4,dia144_utt4.mp4,negative,negative,unmodified/text
504,144,5,dia144_utt5.mp4,neutral,negative,unmodified/text
505,144,6,dia144_utt6.mp4,neutral,negative,unmodified/text
506,144,7,dia144_utt7.mp4,positive,neutral,unmodified/text
507,144,8,dia144_utt8.mp4,negative,negative,unmodified/text
508,144,9,dia144_utt9.mp4,negative,negative,unmodified/text
509,145,0,dia145_utt0.mp4,neutral,neutral,unmodified/text
510,145,1,dia145_utt1.mp4,neutral,positive,unmodified/text
511,145,10,dia145_utt10.mp4,positive,neutral,unmodified/text
512,145,11,dia145_utt11.mp4,neutral,neutral,unmodified/text
513,145,12,dia145_utt12.mp4,neutral,neutral,unmodified/text
514,145,2,dia145_utt2.mp4,neutral,neutral,unmodified/text
515,145,3,dia145_utt3.mp4,neutral,positive,unmodified/text
516,145,4,dia145_utt4.mp4,positive,neutral,unmodified/text
517,145,5,dia145_utt5.mp4,neutral,neutral,unmodified/text
518,145,6,dia145_utt6.mp4,neutral,neutral,unmodified/text
519,145,7,dia145_utt7.mp4,neutral,neutral,unmodified/text
520,145,8,dia145_utt8.mp4,neutral,neutral,unmodified/text
521,145,9,dia145_utt9.mp4,negative,positive,unmodified/text
522,146,0,dia146_utt0.mp4,neutral,positive,unmodified/text
523,146,1,dia146_utt1.mp4,neutral,negative,unmodified/text
524,146,2,dia146_utt2.mp4,neutral,negative,unmodified/text
525,146,3,dia146_utt3.mp4,neutral,neutral,unmodified/text
526,146,4,dia146_utt4.mp4,negative,negative,unmodified/text
527,146,5,dia146_utt5.mp4,neutral,positive,unmodified/text
528,146,6,dia146_utt6.mp4,positive,positive,unmodified/text
529,147,0,dia147_utt0.mp4,negative,negative,unmodified/text
530,147,1,dia147_utt1.mp4,neutral,negative,unmodified/text
531,147,10,dia147_utt10.mp4,positive,positive,unmodified/text
532,147,2,dia147_utt2.mp4,neutral,negative,unmodified/text
533,147,3,dia147_utt3.mp4,negative,negative,unmodified/text
534,147,4,dia147_utt4.mp4,positive,negative,unmodified/text
535,147,5,dia147_utt5.mp4,neutral,negative,unmodified/text
536,147,6,dia147_utt6.mp4,negative,negative,unmodified/text
537,147,7,dia147_utt7.mp4,neutral,neutral,unmodified/text
538,147,8,dia147_utt8.mp4,neutral,neutral,unmodified/text
539,147,9,dia147_utt9.mp4,neutral,neutral,unmodified/text
540,148,0,dia148_utt0.mp4,neutral,negative,unmodified/text
541,149,0,dia149_utt0.mp4,negative,negative,unmodified/text
542,149,1,dia149_utt1.mp4,negative,negative,unmodified/text
543,149,2,dia149_utt2.mp4,negative,negative,unmodified/text
544,14,0,dia14_utt0.mp4,neutral,positive,unmodified/text
545,14,1,dia14_utt1.mp4,positive,positive,unmodified/text
546,14,10,dia14_utt10.mp4,neutral,neutral,unmodified/text
547,14,2,dia14_utt2.mp4,positive,positive,unmodified/text
548,14,3,dia14_utt3.mp4,positive,positive,unmodified/text
549,14,4,dia14_utt4.mp4,positive,neutral,unmodified/text
550,14,5,dia14_utt5.mp4,neutral,neutral,unmodified/text
551,14,6,dia14_utt6.mp4,neutral,positive,unmodified/text
552,14,7,dia14_utt7.mp4,positive,positive,unmodified/text
553,14,8,dia14_utt8.mp4,neutral,neutral,unmodified/text
554,14,9,dia14_utt9.mp4,positive,positive,unmodified/text
555,150,0,dia150_utt0.mp4,neutral,negative,unmodified/text
556,150,1,dia150_utt1.mp4,negative,negative,unmodified/text
557,150,2,dia150_utt2.mp4,neutral,negative,unmodified/text
558,150,3,dia150_utt3.mp4,negative,negative,unmodified/text
559,150,4,dia150_utt4.mp4,neutral,negative,unmodified/text
560,150,5,dia150_utt5.mp4,neutral,neutral,unmodified/text
561,151,0,dia151_utt0.mp4,negative,negative,unmodified/text
562,151,1,dia151_utt1.mp4,neutral,neutral,unmodified/text
563,151,2,dia151_utt2.mp4,neutral,neutral,unmodified/text
564,151,3,dia151_utt3.mp4,neutral,neutral,unmodified/text
565,152,0,dia152_utt0.mp4,neutral,neutral,unmodified/text
566,152,1,dia152_utt1.mp4,neutral,neutral,unmodified/text
567,152,2,dia152_utt2.mp4,positive,positive,unmodified/text
568,152,3,dia152_utt3.mp4,negative,neutral,unmodified/text
569,152,4,dia152_utt4.mp4,neutral,neutral,unmodified/text
570,153,0,dia153_utt0.mp4,neutral,neutral,unmodified/text
571,153,1,dia153_utt1.mp4,neutral,neutral,unmodified/text
572,153,10,dia153_utt10.mp4,positive,positive,unmodified/text
573,153,11,dia153_utt11.mp4,neutral,negative,unmodified/text
574,153,2,dia153_utt2.mp4,neutral,neutral,unmodified/text
575,153,3,dia153_utt3.mp4,positive,neutral,unmodified/text
576,153,4,dia153_utt4.mp4,negative,negative,unmodified/text
577,153,5,dia153_utt5.mp4,negative,neutral,unmodified/text
578,153,6,dia153_utt6.mp4,neutral,neutral,unmodified/text
579,153,7,dia153_utt7.mp4,positive,neutral,unmodified/text
580,153,8,dia153_utt8.mp4,positive,positive,unmodified/text
581,153,9,dia153_utt9.mp4,neutral,neutral,unmodified/text
582,154,0,dia154_utt0.mp4,neutral,positive,unmodified/text
583,154,1,dia154_utt1.mp4,neutral,positive,unmodified/text
584,154,10,dia154_utt10.mp4,positive,positive,unmodified/text
585,154,11,dia154_utt11.mp4,positive,positive,unmodified/text
586,154,12,dia154_utt12.mp4,positive,positive,unmodified/text
587,154,13,dia154_utt13.mp4,negative,neutral,unmodified/text
588,154,14,dia154_utt14.mp4,neutral,neutral,unmodified/text
589,154,15,dia154_utt15.mp4,neutral,negative,unmodified/text
590,154,16,dia154_utt16.mp4,positive,positive,unmodified/text
591,154,17,dia154_utt17.mp4,neutral,positive,unmodified/text
592,154,18,dia154_utt18.mp4,neutral,neutral,unmodified/text
593,154,19,dia154_utt19.mp4,neutral,neutral,unmodified/text
594,154,2,dia154_utt2.mp4,neutral,positive,unmodified/text
595,154,20,dia154_utt20.mp4,neutral,neutral,unmodified/text
596,154,3,dia154_utt3.mp4,positive,positive,unmodified/text
597,154,4,dia154_utt4.mp4,negative,neutral,unmodified/text
598,154,5,dia154_utt5.mp4,negative,neutral,unmodified/text
599,154,6,dia154_utt6.mp4,negative,negative,unmodified/text
600,154,7,dia154_utt7.mp4,neutral,positive,unmodified/text
601,154,8,dia154_utt8.mp4,positive,negative,unmodified/text
602,154,9,dia154_utt9.mp4,neutral,positive,unmodified/text
603,155,0,dia155_utt0.mp4,negative,negative,unmodified/text
604,155,1,dia155_utt1.mp4,negative,negative,unmodified/text
605,155,2,dia155_utt2.mp4,neutral,neutral,unmodified/text
606,155,3,dia155_utt3.mp4,positive,negative,unmodified/text
607,155,4,dia155_utt4.mp4,neutral,neutral,unmodified/text
608,155,5,dia155_utt5.mp4,negative,negative,unmodified/text
609,155,6,dia155_utt6.mp4,neutral,neutral,unmodified/text
610,155,7,dia155_utt7.mp4,positive,neutral,unmodified/text
611,155,8,dia155_utt8.mp4,neutral,negative,unmodified/text
612,156,0,dia156_utt0.mp4,positive,positive,unmodified/text
613,156,1,dia156_utt1.mp4,negative,positive,unmodified/text
614,156,10,dia156_utt10.mp4,negative,negative,unmodified/text
615,156,11,dia156_utt11.mp4,positive,positive,unmodified/text
616,156,12,dia156_utt12.mp4,negative,negative,unmodified/text
617,156,13,dia156_utt13.mp4,positive,neutral,unmodified/text
618,156,14,dia156_utt14.mp4,neutral,positive,unmodified/text
619,156,15,dia156_utt15.mp4,negative,negative,unmodified/text
620,156,2,dia156_utt2.mp4,neutral,neutral,unmodified/text
621,156,3,dia156_utt3.mp4,neutral,neutral,unmodified/text
622,156,4,dia156_utt4.mp4,neutral,neutral,unmodified/text
623,156,5,dia156_utt5.mp4,neutral,neutral,unmodified/text
624,156,6,dia156_utt6.mp4,negative,negative,unmodified/text
625,156,7,dia156_utt7.mp4,negative,positive,unmodified/text
626,156,8,dia156_utt8.mp4,neutral,neutral,unmodified/text
627,156,9,dia156_utt9.mp4,negative,negative,unmodified/text
628,157,0,dia157_utt0.mp4,positive,neutral,unmodified/text
629,157,1,dia157_utt1.mp4,neutral,neutral,unmodified/text
630,157,2,dia157_utt2.mp4,negative,negative,unmodified/text
631,157,3,dia157_utt3.mp4,neutral,neutral,unmodified/text
632,157,4,dia157_utt4.mp4,neutral,neutral,unmodified/text
633,157,5,dia157_utt5.mp4,neutral,neutral,unmodified/text
634,157,6,dia157_utt6.mp4,neutral,neutral,unmodified/text
635,157,7,dia157_utt7.mp4,neutral,neutral,unmodified/text
636,158,0,dia158_utt0.mp4,neutral,neutral,unmodified/text
637,158,1,dia158_utt1.mp4,neutral,negative,unmodified/text
638,158,2,dia158_utt2.mp4,negative,negative,unmodified/text
639,158,3,dia158_utt3.mp4,neutral,neutral,unmodified/text
640,158,4,dia158_utt4.mp4,negative,negative,unmodified/text
641,158,5,dia158_utt5.mp4,negative,neutral,unmodified/text
642,158,6,dia158_utt6.mp4,neutral,negative,unmodified/text
643,159,0,dia159_utt0.mp4,negative,negative,unmodified/text
644,159,1,dia159_utt1.mp4,neutral,negative,unmodified/text
645,15,0,dia15_utt0.mp4,positive,positive,unmodified/text
646,15,1,dia15_utt1.mp4,negative,positive,unmodified/text
647,15,2,dia15_utt2.mp4,neutral,positive,unmodified/text
648,15,3,dia15_utt3.mp4,neutral,neutral,unmodified/text
649,15,4,dia15_utt4.mp4,neutral,neutral,unmodified/text
650,15,5,dia15_utt5.mp4,negative,negative,unmodified/text
651,160,0,dia160_utt0.mp4,negative,negative,unmodified/text
652,160,1,dia160_utt1.mp4,positive,negative,unmodified/text
653,160,10,dia160_utt10.mp4,negative,negative,unmodified/text
654,160,11,dia160_utt11.mp4,negative,negative,unmodified/text
655,160,12,dia160_utt12.mp4,negative,negative,unmodified/text
656,160,13,dia160_utt13.mp4,negative,negative,unmodified/text
657,160,2,dia160_utt2.mp4,negative,negative,unmodified/text
658,160,3,dia160_utt3.mp4,neutral,negative,unmodified/text
659,160,4,dia160_utt4.mp4,negative,negative,unmodified/text
660,160,5,dia160_utt5.mp4,positive,negative,unmodified/text
661,160,6,dia160_utt6.mp4,positive,negative,unmodified/text
662,160,7,dia160_utt7.mp4,negative,negative,unmodified/text
663,160,8,dia160_utt8.mp4,neutral,negative,unmodified/text
664,160,9,dia160_utt9.mp4,positive,negative,unmodified/text
665,161,0,dia161_utt0.mp4,neutral,neutral,unmodified/text
666,161,1,dia161_utt1.mp4,neutral,neutral,unmodified/text
667,161,10,dia161_utt10.mp4,positive,positive,unmodified/text
668,161,11,dia161_utt11.mp4,negative,positive,unmodified/text
669,161,2,dia161_utt2.mp4,positive,neutral,unmodified/text
670,161,3,dia161_utt3.mp4,positive,positive,unmodified/text
671,161,4,dia161_utt4.mp4,positive,positive,unmodified/text
672,161,5,dia161_utt5.mp4,neutral,neutral,unmodified/text
673,161,6,dia161_utt6.mp4,positive,positive,unmodified/text
674,161,7,dia161_utt7.mp4,neutral,neutral,unmodified/text
675,161,8,dia161_utt8.mp4,positive,neutral,unmodified/text
676,161,9,dia161_utt9.mp4,positive,neutral,unmodified/text
677,162,0,dia162_utt0.mp4,negative,positive,unmodified/text
678,162,1,dia162_utt1.mp4,neutral,neutral,unmodified/text
679,162,2,dia162_utt2.mp4,neutral,neutral,unmodified/text
680,162,3,dia162_utt3.mp4,neutral,neutral,unmodified/text
681,162,4,dia162_utt4.mp4,neutral,neutral,unmodified/text
682,162,5,dia162_utt5.mp4,neutral,negative,unmodified/text
683,163,0,dia163_utt0.mp4,positive,negative,unmodified/text
684,163,1,dia163_utt1.mp4,negative,negative,unmodified/text
685,163,2,dia163_utt2.mp4,neutral,negative,unmodified/text
686,163,3,dia163_utt3.mp4,positive,positive,unmodified/text
687,163,4,dia163_utt4.mp4,positive,neutral,unmodified/text
688,163,5,dia163_utt5.mp4,neutral,neutral,unmodified/text
689,163,6,dia163_utt6.mp4,neutral,negative,unmodified/text
690,163,7,dia163_utt7.mp4,neutral,neutral,unmodified/text
691,163,8,dia163_utt8.mp4,neutral,neutral,unmodified/text
692,163,9,dia163_utt9.mp4,negative,negative,unmodified/text
693,164,0,dia164_utt0.mp4,positive,neutral,unmodified/text
694,164,1,dia164_utt1.mp4,neutral,neutral,unmodified/text
695,164,2,dia164_utt2.mp4,neutral,neutral,unmodified/text
696,164,3,dia164_utt3.mp4,neutral,neutral,unmodified/text
697,164,4,dia164_utt4.mp4,neutral,neutral,unmodified/text
698,164,5,dia164_utt5.mp4,negative,neutral,unmodified/text
699,164,6,dia164_utt6.mp4,neutral,neutral,unmodified/text
700,164,7,dia164_utt7.mp4,negative,negative,unmodified/text
701,164,8,dia164_utt8.mp4,neutral,neutral,unmodified/text
702,165,0,dia165_utt0.mp4,negative,negative,unmodified/text
703,165,1,dia165_utt1.mp4,neutral,neutral,unmodified/text
704,165,2,dia165_utt2.mp4,neutral,negative,unmodified/text
705,165,3,dia165_utt3.mp4,negative,negative,unmodified/text
706,165,4,dia165_utt4.mp4,negative,negative,unmodified/text
707,166,0,dia166_utt0.mp4,negative,negative,unmodified/text
708,166,1,dia166_utt1.mp4,negative,negative,unmodified/text
709,166,10,dia166_utt10.mp4,neutral,neutral,unmodified/text
710,166,11,dia166_utt11.mp4,neutral,neutral,unmodified/text
711,166,12,dia166_utt12.mp4,neutral,neutral,unmodified/text
712,166,13,dia166_utt13.mp4,neutral,neutral,unmodified/text
713,166,2,dia166_utt2.mp4,negative,negative,unmodified/text
714,166,3,dia166_utt3.mp4,negative,negative,unmodified/text
715,166,4,dia166_utt4.mp4,neutral,negative,unmodified/text
716,166,5,dia166_utt5.mp4,negative,negative,unmodified/text
717,166,6,dia166_utt6.mp4,neutral,neutral,unmodified/text
718,166,7,dia166_utt7.mp4,positive,neutral,unmodified/text
719,166,8,dia166_utt8.mp4,positive,neutral,unmodified/text
720,166,9,dia166_utt9.mp4,neutral,neutral,unmodified/text
721,167,0,dia167_utt0.mp4,neutral,negative,unmodified/text
722,167,1,dia167_utt1.mp4,neutral,neutral,unmodified/text
723,167,10,dia167_utt10.mp4,neutral,neutral,unmodified/text
724,167,11,dia167_utt11.mp4,neutral,neutral,unmodified/text
725,167,12,dia167_utt12.mp4,neutral,neutral,unmodified/text
726,167,13,dia167_utt13.mp4,neutral,neutral,unmodified/text
727,167,14,dia167_utt14.mp4,negative,negative,unmodified/text
728,167,15,dia167_utt15.mp4,neutral,neutral,unmodified/text
729,167,16,dia167_utt16.mp4,neutral,neutral,unmodified/text
730,167,2,dia167_utt2.mp4,neutral,neutral,unmodified/text
731,167,3,dia167_utt3.mp4,positive,neutral,unmodified/text
732,167,4,dia167_utt4.mp4,neutral,neutral,unmodified/text
733,167,5,dia167_utt5.mp4,neutral,positive,unmodified/text
734,167,6,dia167_utt6.mp4,positive,positive,unmodified/text
735,167,7,dia167_utt7.mp4,negative,negative,unmodified/text
736,167,8,dia167_utt8.mp4,neutral,negative,unmodified/text
737,167,9,dia167_utt9.mp4,negative,negative,unmodified/text
738,168,0,dia168_utt0.mp4,positive,neutral,unmodified/text
739,168,1,dia168_utt1.mp4,neutral,neutral,unmodified/text
740,168,10,dia168_utt10.mp4,neutral,neutral,unmodified/text
741,168,11,dia168_utt11.mp4,negative,negative,unmodified/text
742,168,12,dia168_utt12.mp4,negative,negative,unmodified/text
743,168,13,dia168_utt13.mp4,negative,negative,unmodified/text
744,168,14,dia168_utt14.mp4,neutral,negative,unmodified/text
745,168,15,dia168_utt15.mp4,neutral,negative,unmodified/text
746,168,16,dia168_utt16.mp4,negative,negative,unmodified/text
747,168,17,dia168_utt17.mp4,neutral,negative,unmodified/text
748,168,18,dia168_utt18.mp4,positive,neutral,unmodified/text
749,168,2,dia168_utt2.mp4,neutral,neutral,unmodified/text
750,168,3,dia168_utt3.mp4,neutral,neutral,unmodified/text
751,168,4,dia168_utt4.mp4,neutral,neutral,unmodified/text
752,168,5,dia168_utt5.mp4,neutral,neutral,unmodified/text
753,168,6,dia168_utt6.mp4,positive,neutral,unmodified/text
754,168,7,dia168_utt7.mp4,neutral,neutral,unmodified/text
755,168,8,dia168_utt8.mp4,negative,negative,unmodified/text
756,168,9,dia168_utt9.mp4,positive,neutral,unmodified/text
757,169,0,dia169_utt0.mp4,positive,negative,unmodified/text
758,169,1,dia169_utt1.mp4,positive,positive,unmodified/text
759,169,10,dia169_utt10.mp4,negative,negative,unmodified/text
760,169,11,dia169_utt11.mp4,positive,negative,unmodified/text
761,169,12,dia169_utt12.mp4,negative,positive,unmodified/text
762,169,13,dia169_utt13.mp4,neutral,neutral,unmodified/text
763,169,14,dia169_utt14.mp4,neutral,neutral,unmodified/text
764,169,15,dia169_utt15.mp4,neutral,negative,unmodified/text
765,169,16,dia169_utt16.mp4,neutral,neutral,unmodified/text
766,169,17,dia169_utt17.mp4,neutral,negative,unmodified/text
767,169,18,dia169_utt18.mp4,negative,negative,unmodified/text
768,169,19,dia169_utt19.mp4,neutral,neutral,unmodified/text
769,169,2,dia169_utt2.mp4,negative,negative,unmodified/text
770,169,20,dia169_utt20.mp4,neutral,neutral,unmodified/text
771,169,21,dia169_utt21.mp4,positive,negative,unmodified/text
772,169,22,dia169_utt22.mp4,positive,negative,unmodified/text
773,169,3,dia169_utt3.mp4,positive,negative,unmodified/text
774,169,4,dia169_utt4.mp4,neutral,negative,unmodified/text
775,169,5,dia169_utt5.mp4,negative,negative,unmodified/text
776,169,6,dia169_utt6.mp4,positive,negative,unmodified/text
777,169,7,dia169_utt7.mp4,neutral,neutral,unmodified/text
778,169,8,dia169_utt8.mp4,positive,negative,unmodified/text
779,169,9,dia169_utt9.mp4,neutral,negative,unmodified/text
780,16,0,dia16_utt0.mp4,neutral,neutral,unmodified/text
781,16,1,dia16_utt1.mp4,negative,neutral,unmodified/text
782,16,2,dia16_utt2.mp4,neutral,neutral,unmodified/text
783,16,3,dia16_utt3.mp4,neutral,neutral,unmodified/text
784,16,4,dia16_utt4.mp4,positive,negative,unmodified/text
785,16,5,dia16_utt5.mp4,neutral,neutral,unmodified/text
786,16,6,dia16_utt6.mp4,neutral,neutral,unmodified/text
787,16,7,dia16_utt7.mp4,neutral,neutral,unmodified/text
788,16,8,dia16_utt8.mp4,positive,neutral,unmodified/text
789,16,9,dia16_utt9.mp4,negative,negative,unmodified/text
790,170,0,dia170_utt0.mp4,positive,positive,unmodified/text
791,170,1,dia170_utt1.mp4,neutral,positive,unmodified/text
792,170,2,dia170_utt2.mp4,neutral,neutral,unmodified/text
793,170,3,dia170_utt3.mp4,negative,negative,unmodified/text
794,170,4,dia170_utt4.mp4,negative,negative,unmodified/text
795,171,0,dia171_utt0.mp4,negative,negative,unmodified/text
796,171,1,dia171_utt1.mp4,positive,positive,unmodified/text
797,171,2,dia171_utt2.mp4,neutral,neutral,unmodified/text
798,171,3,dia171_utt3.mp4,negative,positive,unmodified/text
799,171,4,dia171_utt4.mp4,positive,positive,unmodified/text
800,171,5,dia171_utt5.mp4,neutral,neutral,unmodified/text
801,171,6,dia171_utt6.mp4,neutral,neutral,unmodified/text
802,171,7,dia171_utt7.mp4,negative,positive,unmodified/text
803,171,8,dia171_utt8.mp4,positive,positive,unmodified/text
804,172,0,dia172_utt0.mp4,neutral,neutral,unmodified/text
805,172,1,dia172_utt1.mp4,negative,neutral,unmodified/text
806,172,2,dia172_utt2.mp4,neutral,neutral,unmodified/text
807,173,0,dia173_utt0.mp4,neutral,neutral,unmodified/text
808,173,1,dia173_utt1.mp4,negative,negative,unmodified/text
809,173,10,dia173_utt10.mp4,neutral,neutral,unmodified/text
810,173,11,dia173_utt11.mp4,negative,negative,unmodified/text
811,173,12,dia173_utt12.mp4,negative,negative,unmodified/text
812,173,13,dia173_utt13.mp4,positive,negative,unmodified/text
813,173,14,dia173_utt14.mp4,positive,negative,unmodified/text
814,173,15,dia173_utt15.mp4,positive,positive,unmodified/text
815,173,16,dia173_utt16.mp4,positive,negative,unmodified/text
816,173,17,dia173_utt17.mp4,neutral,neutral,unmodified/text
817,173,18,dia173_utt18.mp4,positive,neutral,unmodified/text
818,173,2,dia173_utt2.mp4,negative,neutral,unmodified/text
819,173,3,dia173_utt3.mp4,neutral,neutral,unmodified/text
820,173,4,dia173_utt4.mp4,neutral,negative,unmodified/text
821,173,5,dia173_utt5.mp4,neutral,negative,unmodified/text
822,173,6,dia173_utt6.mp4,neutral,negative,unmodified/text
823,173,7,dia173_utt7.mp4,negative,negative,unmodified/text
824,173,8,dia173_utt8.mp4,negative,negative,unmodified/text
825,173,9,dia173_utt9.mp4,negative,neutral,unmodified/text
826,174,0,dia174_utt0.mp4,neutral,neutral,unmodified/text
827,174,1,dia174_utt1.mp4,neutral,neutral,unmodified/text
828,174,10,dia174_utt10.mp4,neutral,neutral,unmodified/text
829,174,11,dia174_utt11.mp4,neutral,neutral,unmodified/text
830,174,12,dia174_utt12.mp4,neutral,neutral,unmodified/text
831,174,13,dia174_utt13.mp4,positive,negative,unmodified/text
832,174,14,dia174_utt14.mp4,positive,neutral,unmodified/text
833,174,15,dia174_utt15.mp4,neutral,negative,unmodified/text
834,174,16,dia174_utt16.mp4,positive,neutral,unmodified/text
835,174,17,dia174_utt17.mp4,neutral,negative,unmodified/text
836,174,18,dia174_utt18.mp4,neutral,neutral,unmodified/text
837,174,2,dia174_utt2.mp4,positive,neutral,unmodified/text
838,174,3,dia174_utt3.mp4,neutral,neutral,unmodified/text
839,174,4,dia174_utt4.mp4,neutral,negative,unmodified/text
840,174,5,dia174_utt5.mp4,positive,positive,unmodified/text
841,174,6,dia174_utt6.mp4,positive,negative,unmodified/text
842,174,7,dia174_utt7.mp4,neutral,neutral,unmodified/text
843,174,8,dia174_utt8.mp4,neutral,negative,unmodified/text
844,174,9,dia174_utt9.mp4,neutral,neutral,unmodified/text
845,175,0,dia175_utt0.mp4,neutral,neutral,unmodified/text
846,175,1,dia175_utt1.mp4,neutral,neutral,unmodified/text
847,175,10,dia175_utt10.mp4,negative,negative,unmodified/text
848,175,11,dia175_utt11.mp4,negative,negative,unmodified/text
849,175,12,dia175_utt12.mp4,negative,negative,unmodified/text
850,175,13,dia175_utt13.mp4,negative,negative,unmodified/text
851,175,14,dia175_utt14.mp4,positive,negative,unmodified/text
852,175,15,dia175_utt15.mp4,negative,neutral,unmodified/text
853,175,16,dia175_utt16.mp4,neutral,negative,unmodified/text
854,175,17,dia175_utt17.mp4,neutral,negative,unmodified/text
855,175,18,dia175_utt18.mp4,negative,negative,unmodified/text
856,175,19,dia175_utt19.mp4,neutral,neutral,unmodified/text
857,175,2,dia175_utt2.mp4,neutral,positive,unmodified/text
858,175,20,dia175_utt20.mp4,negative,negative,unmodified/text
859,175,21,dia175_utt21.mp4,neutral,neutral,unmodified/text
860,175,22,dia175_utt22.mp4,positive,positive,unmodified/text
861,175,3,dia175_utt3.mp4,negative,positive,unmodified/text
862,175,4,dia175_utt4.mp4,neutral,negative,unmodified/text
863,175,5,dia175_utt5.mp4,neutral,neutral,unmodified/text
864,175,6,dia175_utt6.mp4,negative,positive,unmodified/text
865,175,7,dia175_utt7.mp4,neutral,neutral,unmodified/text
866,175,8,dia175_utt8.mp4,neutral,negative,unmodified/text
867,175,9,dia175_utt9.mp4,neutral,negative,unmodified/text
868,176,0,dia176_utt0.mp4,neutral,neutral,unmodified/text
869,176,1,dia176_utt1.mp4,positive,neutral,unmodified/text
870,177,0,dia177_utt0.mp4,neutral,neutral,unmodified/text
871,177,1,dia177_utt1.mp4,neutral,neutral,unmodified/text
872,177,2,dia177_utt2.mp4,neutral,neutral,unmodified/text
873,178,0,dia178_utt0.mp4,neutral,neutral,unmodified/text
874,178,1,dia178_utt1.mp4,neutral,neutral,unmodified/text
875,178,2,dia178_utt2.mp4,positive,positive,unmodified/text
876,178,3,dia178_utt3.mp4,neutral,neutral,unmodified/text
877,178,4,dia178_utt4.mp4,neutral,neutral,unmodified/text
878,178,5,dia178_utt5.mp4,neutral,neutral,unmodified/text
879,178,6,dia178_utt6.mp4,neutral,negative,unmodified/text
880,178,7,dia178_utt7.mp4,neutral,neutral,unmodified/text
881,178,8,dia178_utt8.mp4,negative,neutral,unmodified/text
882,178,9,dia178_utt9.mp4,neutral,negative,unmodified/text
883,179,0,dia179_utt0.mp4,negative,negative,unmodified/text
884,179,1,dia179_utt1.mp4,negative,negative,unmodified/text
885,179,2,dia179_utt2.mp4,neutral,negative,unmodified/text
886,179,3,dia179_utt3.mp4,neutral,neutral,unmodified/text
887,17,0,dia17_utt0.mp4,neutral,neutral,unmodified/text
888,17,1,dia17_utt1.mp4,neutral,neutral,unmodified/text
889,17,10,dia17_utt10.mp4,negative,negative,unmodified/text
890,17,11,dia17_utt11.mp4,negative,negative,unmodified/text
891,17,12,dia17_utt12.mp4,negative,negative,unmodified/text
892,17,13,dia17_utt13.mp4,negative,negative,unmodified/text
893,17,14,dia17_utt14.mp4,neutral,negative,unmodified/text
894,17,15,dia17_utt15.mp4,neutral,neutral,unmodified/text
895,17,16,dia17_utt16.mp4,negative,negative,unmodified/text
896,17,17,dia17_utt17.mp4,negative,negative,unmodified/text
897,17,18,dia17_utt18.mp4,neutral,neutral,unmodified/text
898,17,19,dia17_utt19.mp4,neutral,neutral,unmodified/text
899,17,2,dia17_utt2.mp4,neutral,neutral,unmodified/text
900,17,20,dia17_utt20.mp4,neutral,neutral,unmodified/text
901,17,21,dia17_utt21.mp4,neutral,neutral,unmodified/text
902,17,22,dia17_utt22.mp4,neutral,neutral,unmodified/text
903,17,23,dia17_utt23.mp4,neutral,neutral,unmodified/text
904,17,24,dia17_utt24.mp4,negative,negative,unmodified/text
905,17,25,dia17_utt25.mp4,positive,neutral,unmodified/text
906,17,26,dia17_utt26.mp4,positive,negative,unmodified/text
907,17,27,dia17_utt27.mp4,positive,negative,unmodified/text
908,17,28,dia17_utt28.mp4,negative,negative,unmodified/text
909,17,29,dia17_utt29.mp4,negative,negative,unmodified/text
910,17,3,dia17_utt3.mp4,negative,negative,unmodified/text
911,17,30,dia17_utt30.mp4,negative,negative,unmodified/text
912,17,31,dia17_utt31.mp4,negative,negative,unmodified/text
913,17,32,dia17_utt32.mp4,neutral,neutral,unmodified/text
914,17,4,dia17_utt4.mp4,negative,negative,unmodified/text
915,17,5,dia17_utt5.mp4,positive,positive,unmodified/text
916,17,6,dia17_utt6.mp4,negative,negative,unmodified/text
917,17,7,dia17_utt7.mp4,negative,negative,unmodified/text
918,17,8,dia17_utt8.mp4,positive,negative,unmodified/text
919,17,9,dia17_utt9.mp4,neutral,negative,unmodified/text
920,180,0,dia180_utt0.mp4,neutral,neutral,unmodified/text
921,180,1,dia180_utt1.mp4,neutral,neutral,unmodified/text
922,180,2,dia180_utt2.mp4,neutral,neutral,unmodified/text
923,180,3,dia180_utt3.mp4,neutral,neutral,unmodified/text
924,180,4,dia180_utt4.mp4,positive,positive,unmodified/text
925,180,5,dia180_utt5.mp4,positive,positive,unmodified/text
926,180,6,dia180_utt6.mp4,positive,positive,unmodified/text
927,180,7,dia180_utt7.mp4,neutral,neutral,unmodified/text
928,180,8,dia180_utt8.mp4,positive,negative,unmodified/text
929,180,9,dia180_utt9.mp4,negative,negative,unmodified/text
930,181,0,dia181_utt0.mp4,positive,neutral,unmodified/text
931,181,1,dia181_utt1.mp4,positive,positive,unmodified/text
932,181,2,dia181_utt2.mp4,neutral,positive,unmodified/text
933,181,3,dia181_utt3.mp4,neutral,neutral,unmodified/text
934,181,4,dia181_utt4.mp4,neutral,neutral,unmodified/text
935,181,5,dia181_utt5.mp4,negative,negative,unmodified/text
936,182,0,dia182_utt0.mp4,positive,positive,unmodified/text
937,182,1,dia182_utt1.mp4,negative,negative,unmodified/text
938,182,2,dia182_utt2.mp4,neutral,negative,unmodified/text
939,182,3,dia182_utt3.mp4,negative,negative,unmodified/text
940,182,4,dia182_utt4.mp4,negative,negative,unmodified/text
941,182,5,dia182_utt5.mp4,positive,positive,unmodified/text
942,182,6,dia182_utt6.mp4,positive,positive,unmodified/text
943,182,7,dia182_utt7.mp4,positive,negative,unmodified/text
944,182,8,dia182_utt8.mp4,neutral,negative,unmodified/text
945,182,9,dia182_utt9.mp4,neutral,negative,unmodified/text
946,183,0,dia183_utt0.mp4,neutral,neutral,unmodified/text
947,183,1,dia183_utt1.mp4,neutral,neutral,unmodified/text
948,183,2,dia183_utt2.mp4,neutral,neutral,unmodified/text
949,183,3,dia183_utt3.mp4,negative,negative,unmodified/text
950,183,4,dia183_utt4.mp4,neutral,neutral,unmodified/text
951,183,5,dia183_utt5.mp4,neutral,neutral,unmodified/text
952,183,6,dia183_utt6.mp4,neutral,neutral,unmodified/text
953,183,7,dia183_utt7.mp4,neutral,neutral,unmodified/text
954,183,8,dia183_utt8.mp4,neutral,neutral,unmodified/text
955,184,0,dia184_utt0.mp4,negative,negative,unmodified/text
956,184,1,dia184_utt1.mp4,negative,positive,unmodified/text
957,184,10,dia184_utt10.mp4,neutral,neutral,unmodified/text
958,184,11,dia184_utt11.mp4,neutral,positive,unmodified/text
959,184,12,dia184_utt12.mp4,positive,neutral,unmodified/text
960,184,13,dia184_utt13.mp4,neutral,neutral,unmodified/text
961,184,14,dia184_utt14.mp4,neutral,positive,unmodified/text
962,184,2,dia184_utt2.mp4,neutral,negative,unmodified/text
963,184,3,dia184_utt3.mp4,negative,negative,unmodified/text
964,184,4,dia184_utt4.mp4,negative,negative,unmodified/text
965,184,5,dia184_utt5.mp4,neutral,neutral,unmodified/text
966,184,6,dia184_utt6.mp4,negative,negative,unmodified/text
967,184,7,dia184_utt7.mp4,positive,negative,unmodified/text
968,184,8,dia184_utt8.mp4,negative,neutral,unmodified/text
969,184,9,dia184_utt9.mp4,positive,negative,unmodified/text
970,185,0,dia185_utt0.mp4,positive,neutral,unmodified/text
971,185,1,dia185_utt1.mp4,neutral,neutral,unmodified/text
972,185,2,dia185_utt2.mp4,neutral,negative,unmodified/text
973,185,3,dia185_utt3.mp4,positive,positive,unmodified/text
974,185,4,dia185_utt4.mp4,positive,negative,unmodified/text
975,185,5,dia185_utt5.mp4,positive,neutral,unmodified/text
976,185,6,dia185_utt6.mp4,positive,positive,unmodified/text
977,185,7,dia185_utt7.mp4,neutral,neutral,unmodified/text
978,186,0,dia186_utt0.mp4,negative,negative,unmodified/text
979,186,1,dia186_utt1.mp4,negative,neutral,unmodified/text
980,186,2,dia186_utt2.mp4,negative,neutral,unmodified/text
981,186,3,dia186_utt3.mp4,negative,negative,unmodified/text
982,187,0,dia187_utt0.mp4,neutral,neutral,unmodified/text
983,187,1,dia187_utt1.mp4,positive,neutral,unmodified/text
984,187,2,dia187_utt2.mp4,neutral,neutral,unmodified/text
985,187,3,dia187_utt3.mp4,neutral,positive,unmodified/text
986,187,4,dia187_utt4.mp4,positive,positive,unmodified/text
987,187,5,dia187_utt5.mp4,neutral,neutral,unmodified/text
988,187,6,dia187_utt6.mp4,neutral,neutral,unmodified/text
989,187,7,dia187_utt7.mp4,neutral,neutral,unmodified/text
990,187,8,dia187_utt8.mp4,negative,neutral,unmodified/text
991,188,0,dia188_utt0.mp4,neutral,neutral,unmodified/text
992,188,1,dia188_utt1.mp4,neutral,neutral,unmodified/text
993,188,2,dia188_utt2.mp4,neutral,neutral,unmodified/text
994,188,3,dia188_utt3.mp4,neutral,neutral,unmodified/text
995,188,4,dia188_utt4.mp4,neutral,neutral,unmodified/text
996,188,5,dia188_utt5.mp4,neutral,neutral,unmodified/text
997,188,6,dia188_utt6.mp4,positive,neutral,unmodified/text
998,188,7,dia188_utt7.mp4,neutral,neutral,unmodified/text
999,188,8,dia188_utt8.mp4,neutral,positive,unmodified/text
1000,189,0,dia189_utt0.mp4,neutral,positive,unmodified/text
1001,189,1,dia189_utt1.mp4,neutral,positive,unmodified/text
1002,189,2,dia189_utt2.mp4,positive,positive,unmodified/text
1003,189,3,dia189_utt3.mp4,neutral,positive,unmodified/text
1004,189,4,dia189_utt4.mp4,neutral,neutral,unmodified/text
1005,189,5,dia189_utt5.mp4,neutral,neutral,unmodified/text
1006,189,6,dia189_utt6.mp4,positive,neutral,unmodified/text
1007,189,7,dia189_utt7.mp4,neutral,negative,unmodified/text
1008,189,8,dia189_utt8.mp4,negative,negative,unmodified/text
1009,189,9,dia189_utt9.mp4,neutral,neutral,unmodified/text
1010,18,0,dia18_utt0.mp4,neutral,neutral,unmodified/text
1011,18,1,dia18_utt1.mp4,neutral,neutral,unmodified/text
1012,18,2,dia18_utt2.mp4,neutral,neutral,unmodified/text
1013,190,0,dia190_utt0.mp4,positive,negative,unmodified/text
1014,190,1,dia190_utt1.mp4,neutral,neutral,unmodified/text
1015,190,2,dia190_utt2.mp4,positive,negative,unmodified/text
1016,190,3,dia190_utt3.mp4,positive,neutral,unmodified/text
1017,190,4,dia190_utt4.mp4,neutral,neutral,unmodified/text
1018,191,0,dia191_utt0.mp4,neutral,negative,unmodified/text
1019,191,1,dia191_utt1.mp4,neutral,neutral,unmodified/text
1020,191,2,dia191_utt2.mp4,neutral,negative,unmodified/text
1021,191,3,dia191_utt3.mp4,neutral,neutral,unmodified/text
1022,191,4,dia191_utt4.mp4,neutral,neutral,unmodified/text
1023,191,5,dia191_utt5.mp4,neutral,neutral,unmodified/text
1024,191,6,dia191_utt6.mp4,neutral,positive,unmodified/text
1025,191,7,dia191_utt7.mp4,neutral,neutral,unmodified/text
1026,191,8,dia191_utt8.mp4,neutral,positive,unmodified/text
1027,191,9,dia191_utt9.mp4,neutral,neutral,unmodified/text
1028,192,0,dia192_utt0.mp4,negative,negative,unmodified/text
1029,192,1,dia192_utt1.mp4,negative,neutral,unmodified/text
1030,192,10,dia192_utt10.mp4,positive,neutral,unmodified/text
1031,192,11,dia192_utt11.mp4,positive,neutral,unmodified/text
1032,192,2,dia192_utt2.mp4,negative,negative,unmodified/text
1033,192,3,dia192_utt3.mp4,neutral,neutral,unmodified/text
1034,192,4,dia192_utt4.mp4,neutral,negative,unmodified/text
1035,192,5,dia192_utt5.mp4,neutral,negative,unmodified/text
1036,192,6,dia192_utt6.mp4,neutral,neutral,unmodified/text
1037,192,7,dia192_utt7.mp4,neutral,negative,unmodified/text
1038,192,8,dia192_utt8.mp4,positive,positive,unmodified/text
1039,192,9,dia192_utt9.mp4,negative,negative,unmodified/text
1040,193,0,dia193_utt0.mp4,positive,positive,unmodified/text
1041,193,1,dia193_utt1.mp4,positive,positive,unmodified/text
1042,193,2,dia193_utt2.mp4,neutral,neutral,unmodified/text
1043,193,3,dia193_utt3.mp4,neutral,neutral,unmodified/text
1044,193,4,dia193_utt4.mp4,neutral,neutral,unmodified/text
1045,194,0,dia194_utt0.mp4,positive,negative,unmodified/text
1046,194,1,dia194_utt1.mp4,neutral,neutral,unmodified/text
1047,194,2,dia194_utt2.mp4,neutral,neutral,unmodified/text
1048,194,3,dia194_utt3.mp4,negative,negative,unmodified/text
1049,194,4,dia194_utt4.mp4,neutral,neutral,unmodified/text
1050,195,0,dia195_utt0.mp4,neutral,negative,unmodified/text
1051,195,1,dia195_utt1.mp4,positive,neutral,unmodified/text
1052,195,10,dia195_utt10.mp4,positive,positive,unmodified/text
1053,195,11,dia195_utt11.mp4,neutral,neutral,unmodified/text
1054,195,2,dia195_utt2.mp4,negative,negative,unmodified/text
1055,195,3,dia195_utt3.mp4,neutral,neutral,unmodified/text
1056,195,4,dia195_utt4.mp4,negative,neutral,unmodified/text
1057,195,5,dia195_utt5.mp4,neutral,neutral,unmodified/text
1058,195,6,dia195_utt6.mp4,positive,positive,unmodified/text
1059,195,7,dia195_utt7.mp4,neutral,positive,unmodified/text
1060,195,8,dia195_utt8.mp4,neutral,positive,unmodified/text
1061,195,9,dia195_utt9.mp4,positive,neutral,unmodified/text
1062,196,0,dia196_utt0.mp4,negative,negative,unmodified/text
1063,196,1,dia196_utt1.mp4,negative,negative,unmodified/text
1064,196,10,dia196_utt10.mp4,neutral,neutral,unmodified/text
1065,196,11,dia196_utt11.mp4,neutral,neutral,unmodified/text
1066,196,12,dia196_utt12.mp4,negative,negative,unmodified/text
1067,196,13,dia196_utt13.mp4,neutral,neutral,unmodified/text
1068,196,14,dia196_utt14.mp4,negative,negative,unmodified/text
1069,196,15,dia196_utt15.mp4,negative,negative,unmodified/text
1070,196,16,dia196_utt16.mp4,negative,negative,unmodified/text
1071,196,17,dia196_utt17.mp4,neutral,neutral,unmodified/text
1072,196,2,dia196_utt2.mp4,negative,negative,unmodified/text
1073,196,3,dia196_utt3.mp4,negative,negative,unmodified/text
1074,196,4,dia196_utt4.mp4,negative,negative,unmodified/text
1075,196,5,dia196_utt5.mp4,neutral,negative,unmodified/text
1076,196,6,dia196_utt6.mp4,negative,negative,unmodified/text
1077,196,7,dia196_utt7.mp4,neutral,negative,unmodified/text
1078,196,8,dia196_utt8.mp4,neutral,neutral,unmodified/text
1079,196,9,dia196_utt9.mp4,neutral,neutral,unmodified/text
1080,197,0,dia197_utt0.mp4,neutral,neutral,unmodified/text
1081,197,1,dia197_utt1.mp4,neutral,neutral,unmodified/text
1082,197,2,dia197_utt2.mp4,neutral,neutral,unmodified/text
1083,197,3,dia197_utt3.mp4,neutral,neutral,unmodified/text
1084,197,4,dia197_utt4.mp4,positive,positive,unmodified/text
1085,198,0,dia198_utt0.mp4,neutral,neutral,unmodified/text
1086,198,1,dia198_utt1.mp4,negative,positive,unmodified/text
1087,198,10,dia198_utt10.mp4,negative,neutral,unmodified/text
1088,198,11,dia198_utt11.mp4,positive,neutral,unmodified/text
1089,198,12,dia198_utt12.mp4,positive,positive,unmodified/text
1090,198,2,dia198_utt2.mp4,positive,negative,unmodified/text
1091,198,3,dia198_utt3.mp4,neutral,neutral,unmodified/text
1092,198,4,dia198_utt4.mp4,positive,negative,unmodified/text
1093,198,5,dia198_utt5.mp4,neutral,negative,unmodified/text
1094,198,6,dia198_utt6.mp4,positive,positive,unmodified/text
1095,198,7,dia198_utt7.mp4,positive,positive,unmodified/text
1096,198,8,dia198_utt8.mp4,negative,negative,unmodified/text
1097,198,9,dia198_utt9.mp4,neutral,neutral,unmodified/text
1098,199,0,dia199_utt0.mp4,neutral,neutral,unmodified/text
1099,199,1,dia199_utt1.mp4,neutral,negative,unmodified/text
1100,199,10,dia199_utt10.mp4,neutral,negative,unmodified/text
1101,199,11,dia199_utt11.mp4,neutral,negative,unmodified/text
1102,199,12,dia199_utt12.mp4,neutral,negative,unmodified/text
1103,199,13,dia199_utt13.mp4,neutral,negative,unmodified/text
1104,199,14,dia199_utt14.mp4,neutral,negative,unmodified/text
1105,199,15,dia199_utt15.mp4,neutral,positive,unmodified/text
1106,199,2,dia199_utt2.mp4,neutral,neutral,unmodified/text
1107,199,3,dia199_utt3.mp4,neutral,neutral,unmodified/text
1108,199,4,dia199_utt4.mp4,neutral,negative,unmodified/text
1109,199,5,dia199_utt5.mp4,positive,negative,unmodified/text
1110,199,6,dia199_utt6.mp4,negative,negative,unmodified/text
1111,199,7,dia199_utt7.mp4,neutral,negative,unmodified/text
1112,199,8,dia199_utt8.mp4,negative,negative,unmodified/text
1113,199,9,dia199_utt9.mp4,neutral,negative,unmodified/text
1114,19,0,dia19_utt0.mp4,neutral,positive,unmodified/text
1115,1,0,dia1_utt0.mp4,positive,neutral,unmodified/text
1116,1,1,dia1_utt1.mp4,neutral,positive,unmodified/text
1117,1,2,dia1_utt2.mp4,positive,positive,unmodified/text
1118,1,3,dia1_utt3.mp4,positive,positive,unmodified/text
1119,1,4,dia1_utt4.mp4,positive,positive,unmodified/text
1120,1,5,dia1_utt5.mp4,negative,positive,unmodified/text
1121,1,6,dia1_utt6.mp4,neutral,positive,unmodified/text
1122,1,7,dia1_utt7.mp4,neutral,positive,unmodified/text
1123,200,0,dia200_utt0.mp4,negative,negative,unmodified/text
1124,200,1,dia200_utt1.mp4,neutral,negative,unmodified/text
1125,200,2,dia200_utt2.mp4,neutral,negative,unmodified/text
1126,200,3,dia200_utt3.mp4,neutral,negative,unmodified/text
1127,200,4,dia200_utt4.mp4,neutral,negative,unmodified/text
1128,201,0,dia201_utt0.mp4,positive,neutral,unmodified/text
1129,201,1,dia201_utt1.mp4,negative,negative,unmodified/text
1130,201,10,dia201_utt10.mp4,positive,positive,unmodified/text
1131,201,11,dia201_utt11.mp4,positive,negative,unmodified/text
1132,201,2,dia201_utt2.mp4,positive,positive,unmodified/text
1133,201,3,dia201_utt3.mp4,neutral,neutral,unmodified/text
1134,201,4,dia201_utt4.mp4,negative,neutral,unmodified/text
1135,201,5,dia201_utt5.mp4,neutral,neutral,unmodified/text
1136,201,6,dia201_utt6.mp4,negative,neutral,unmodified/text
1137,201,7,dia201_utt7.mp4,negative,neutral,unmodified/text
1138,201,8,dia201_utt8.mp4,neutral,negative,unmodified/text
1139,201,9,dia201_utt9.mp4,positive,neutral,unmodified/text
1140,202,0,dia202_utt0.mp4,neutral,neutral,unmodified/text
1141,202,1,dia202_utt1.mp4,neutral,positive,unmodified/text
1142,202,2,dia202_utt2.mp4,neutral,positive,unmodified/text
1143,202,3,dia202_utt3.mp4,positive,positive,unmodified/text
1144,202,4,dia202_utt4.mp4,positive,positive,unmodified/text
1145,202,5,dia202_utt5.mp4,positive,positive,unmodified/text
1146,202,6,dia202_utt6.mp4,positive,positive,unmodified/text
1147,202,7,dia202_utt7.mp4,positive,positive,unmodified/text
1148,203,0,dia203_utt0.mp4,positive,negative,unmodified/text
1149,203,1,dia203_utt1.mp4,neutral,neutral,unmodified/text
1150,203,10,dia203_utt10.mp4,positive,positive,unmodified/text
1151,203,11,dia203_utt11.mp4,negative,neutral,unmodified/text
1152,203,12,dia203_utt12.mp4,neutral,neutral,unmodified/text
1153,203,2,dia203_utt2.mp4,positive,positive,unmodified/text
1154,203,3,dia203_utt3.mp4,neutral,positive,unmodified/text
1155,203,4,dia203_utt4.mp4,neutral,neutral,unmodified/text
1156,203,5,dia203_utt5.mp4,positive,positive,unmodified/text
1157,203,6,dia203_utt6.mp4,positive,positive,unmodified/text
1158,203,7,dia203_utt7.mp4,positive,neutral,unmodified/text
1159,203,8,dia203_utt8.mp4,neutral,positive,unmodified/text
1160,203,9,dia203_utt9.mp4,positive,positive,unmodified/text
1161,204,0,dia204_utt0.mp4,negative,negative,unmodified/text
1162,204,1,dia204_utt1.mp4,positive,negative,unmodified/text
1163,204,2,dia204_utt2.mp4,neutral,negative,unmodified/text
1164,204,3,dia204_utt3.mp4,positive,negative,unmodified/text
1165,204,4,dia204_utt4.mp4,neutral,negative,unmodified/text
1166,204,5,dia204_utt5.mp4,positive,negative,unmodified/text
1167,204,6,dia204_utt6.mp4,negative,negative,unmodified/text
1168,204,7,dia204_utt7.mp4,neutral,negative,unmodified/text
1169,204,8,dia204_utt8.mp4,negative,neutral,unmodified/text
1170,204,9,dia204_utt9.mp4,negative,negative,unmodified/text
1171,205,0,dia205_utt0.mp4,negative,negative,unmodified/text
1172,205,1,dia205_utt1.mp4,positive,negative,unmodified/text
1173,205,2,dia205_utt2.mp4,positive,neutral,unmodified/text
1174,205,3,dia205_utt3.mp4,positive,negative,unmodified/text
1175,205,4,dia205_utt4.mp4,positive,negative,unmodified/text
1176,205,5,dia205_utt5.mp4,negative,negative,unmodified/text
1177,205,6,dia205_utt6.mp4,negative,negative,unmodified/text
1178,205,7,dia205_utt7.mp4,positive,negative,unmodified/text
1179,206,0,dia206_utt0.mp4,positive,positive,unmodified/text
1180,206,1,dia206_utt1.mp4,positive,neutral,unmodified/text
1181,206,2,dia206_utt2.mp4,negative,neutral,unmodified/text
1182,206,3,dia206_utt3.mp4,neutral,neutral,unmodified/text
1183,206,4,dia206_utt4.mp4,neutral,negative,unmodified/text
1184,207,0,dia207_utt0.mp4,neutral,negative,unmodified/text
1185,207,1,dia207_utt1.mp4,negative,negative,unmodified/text
1186,208,0,dia208_utt0.mp4,neutral,neutral,unmodified/text
1187,208,1,dia208_utt1.mp4,negative,neutral,unmodified/text
1188,208,10,dia208_utt10.mp4,neutral,neutral,unmodified/text
1189,208,11,dia208_utt11.mp4,neutral,negative,unmodified/text
1190,208,12,dia208_utt12.mp4,neutral,neutral,unmodified/text
1191,208,13,dia208_utt13.mp4,negative,negative,unmodified/text
1192,208,2,dia208_utt2.mp4,neutral,neutral,unmodified/text
1193,208,3,dia208_utt3.mp4,neutral,neutral,unmodified/text
1194,208,4,dia208_utt4.mp4,neutral,negative,unmodified/text
1195,208,5,dia208_utt5.mp4,neutral,negative,unmodified/text
1196,208,6,dia208_utt6.mp4,neutral,neutral,unmodified/text
1197,208,7,dia208_utt7.mp4,negative,negative,unmodified/text
1198,208,8,dia208_utt8.mp4,negative,negative,unmodified/text
1199,208,9,dia208_utt9.mp4,negative,negative,unmodified/text
1200,209,0,dia209_utt0.mp4,negative,negative,unmodified/text
1201,209,1,dia209_utt1.mp4,positive,positive,unmodified/text
1202,20,0,dia20_utt0.mp4,neutral,negative,unmodified/text
1203,20,1,dia20_utt1.mp4,neutral,neutral,unmodified/text
1204,20,2,dia20_utt2.mp4,neutral,neutral,unmodified/text
1205,20,3,dia20_utt3.mp4,neutral,neutral,unmodified/text
1206,20,4,dia20_utt4.mp4,positive,neutral,unmodified/text
1207,20,5,dia20_utt5.mp4,negative,neutral,unmodified/text
1208,20,6,dia20_utt6.mp4,negative,positive,unmodified/text
1209,20,7,dia20_utt7.mp4,positive,neutral,unmodified/text
1210,210,0,dia210_utt0.mp4,neutral,negative,unmodified/text
1211,210,1,dia210_utt1.mp4,negative,negative,unmodified/text
1212,210,2,dia210_utt2.mp4,negative,negative,unmodified/text
1213,210,3,dia210_utt3.mp4,neutral,neutral,unmodified/text
1214,210,4,dia210_utt4.mp4,neutral,negative,unmodified/text
1215,210,5,dia210_utt5.mp4,neutral,positive,unmodified/text
1216,210,6,dia210_utt6.mp4,negative,negative,unmodified/text
1217,210,7,dia210_utt7.mp4,neutral,positive,unmodified/text
1218,210,8,dia210_utt8.mp4,negative,negative,unmodified/text
1219,210,9,dia210_utt9.mp4,neutral,neutral,unmodified/text
1220,211,0,dia211_utt0.mp4,negative,negative,unmodified/text
1221,211,1,dia211_utt1.mp4,neutral,negative,unmodified/text
1222,211,2,dia211_utt2.mp4,negative,negative,unmodified/text
1223,211,3,dia211_utt3.mp4,neutral,negative,unmodified/text
1224,211,4,dia211_utt4.mp4,positive,negative,unmodified/text
1225,211,5,dia211_utt5.mp4,negative,negative,unmodified/text
1226,211,6,dia211_utt6.mp4,neutral,neutral,unmodified/text
1227,211,7,dia211_utt7.mp4,neutral,neutral,unmodified/text
1228,212,0,dia212_utt0.mp4,neutral,neutral,unmodified/text
1229,212,1,dia212_utt1.mp4,negative,neutral,unmodified/text
1230,212,2,dia212_utt2.mp4,positive,negative,unmodified/text
1231,212,3,dia212_utt3.mp4,neutral,neutral,unmodified/text
1232,212,4,dia212_utt4.mp4,negative,negative,unmodified/text
1233,212,5,dia212_utt5.mp4,negative,neutral,unmodified/text
1234,212,6,dia212_utt6.mp4,negative,negative,unmodified/text
1235,213,0,dia213_utt0.mp4,negative,negative,unmodified/text
1236,213,1,dia213_utt1.mp4,neutral,neutral,unmodified/text
1237,213,10,dia213_utt10.mp4,positive,neutral,unmodified/text
1238,213,11,dia213_utt11.mp4,neutral,neutral,unmodified/text
1239,213,2,dia213_utt2.mp4,neutral,neutral,unmodified/text
1240,213,3,dia213_utt3.mp4,neutral,neutral,unmodified/text
1241,213,4,dia213_utt4.mp4,neutral,neutral,unmodified/text
1242,213,5,dia213_utt5.mp4,positive,positive,unmodified/text
1243,213,6,dia213_utt6.mp4,neutral,positive,unmodified/text
1244,213,7,dia213_utt7.mp4,positive,positive,unmodified/text
1245,213,8,dia213_utt8.mp4,positive,neutral,unmodified/text
1246,213,9,dia213_utt9.mp4,positive,neutral,unmodified/text
1247,214,0,dia214_utt0.mp4,negative,negative,unmodified/text
1248,214,1,dia214_utt1.mp4,neutral,negative,unmodified/text
1249,214,2,dia214_utt2.mp4,negative,neutral,unmodified/text
1250,214,3,dia214_utt3.mp4,neutral,neutral,unmodified/text
1251,214,4,dia214_utt4.mp4,neutral,negative,unmodified/text
1252,214,5,dia214_utt5.mp4,negative,positive,unmodified/text
1253,214,6,dia214_utt6.mp4,neutral,positive,unmodified/text
1254,214,7,dia214_utt7.mp4,positive,positive,unmodified/text
1255,215,0,dia215_utt0.mp4,neutral,neutral,unmodified/text
1256,215,1,dia215_utt1.mp4,neutral,neutral,unmodified/text
1257,215,10,dia215_utt10.mp4,neutral,negative,unmodified/text
1258,215,2,dia215_utt2.mp4,positive,positive,unmodified/text
1259,215,3,dia215_utt3.mp4,neutral,neutral,unmodified/text
1260,215,4,dia215_utt4.mp4,neutral,positive,unmodified/text
1261,215,5,dia215_utt5.mp4,neutral,neutral,unmodified/text
1262,215,6,dia215_utt6.mp4,neutral,negative,unmodified/text
1263,215,7,dia215_utt7.mp4,neutral,negative,unmodified/text
1264,215,8,dia215_utt8.mp4,neutral,negative,unmodified/text
1265,215,9,dia215_utt9.mp4,neutral,neutral,unmodified/text
1266,216,0,dia216_utt0.mp4,positive,positive,unmodified/text
1267,216,1,dia216_utt1.mp4,positive,positive,unmodified/text
1268,216,2,dia216_utt2.mp4,neutral,neutral,unmodified/text
1269,216,3,dia216_utt3.mp4,neutral,neutral,unmodified/text
1270,217,0,dia217_utt0.mp4,positive,negative,unmodified/text
1271,217,1,dia217_utt1.mp4,neutral,negative,unmodified/text
1272,217,10,dia217_utt10.mp4,neutral,neutral,unmodified/text
1273,217,11,dia217_utt11.mp4,neutral,neutral,unmodified/text
1274,217,2,dia217_utt2.mp4,neutral,neutral,unmodified/text
1275,217,3,dia217_utt3.mp4,neutral,neutral,unmodified/text
1276,217,4,dia217_utt4.mp4,positive,negative,unmodified/text
1277,217,5,dia217_utt5.mp4,negative,neutral,unmodified/text
1278,217,6,dia217_utt6.mp4,neutral,negative,unmodified/text
1279,217,7,dia217_utt7.mp4,neutral,neutral,unmodified/text
1280,217,8,dia217_utt8.mp4,positive,positive,unmodified/text
1281,217,9,dia217_utt9.mp4,neutral,neutral,unmodified/text
1282,218,0,dia218_utt0.mp4,neutral,neutral,unmodified/text
1283,218,1,dia218_utt1.mp4,neutral,neutral,unmodified/text
1284,218,2,dia218_utt2.mp4,neutral,neutral,unmodified/text
1285,219,0,dia219_utt0.mp4,neutral,neutral,unmodified/text
1286,219,1,dia219_utt1.mp4,neutral,negative,unmodified/text
1287,21,0,dia21_utt0.mp4,neutral,neutral,unmodified/text
1288,21,1,dia21_utt1.mp4,neutral,neutral,unmodified/text
1289,21,2,dia21_utt2.mp4,neutral,neutral,unmodified/text
1290,21,3,dia21_utt3.mp4,neutral,neutral,unmodified/text
1291,21,4,dia21_utt4.mp4,negative,negative,unmodified/text
1292,21,5,dia21_utt5.mp4,positive,positive,unmodified/text
1293,21,6,dia21_utt6.mp4,neutral,positive,unmodified/text
1294,220,1,dia220_utt1.mp4,positive,negative,unmodified/text
1295,221,0,dia221_utt0.mp4,neutral,neutral,unmodified/text
1296,221,1,dia221_utt1.mp4,neutral,neutral,unmodified/text
1297,221,2,dia221_utt2.mp4,neutral,neutral,unmodified/text
1298,221,3,dia221_utt3.mp4,neutral,neutral,unmodified/text
1299,221,4,dia221_utt4.mp4,negative,negative,unmodified/text
1300,222,0,dia222_utt0.mp4,neutral,neutral,unmodified/text
1301,222,1,dia222_utt1.mp4,neutral,neutral,unmodified/text
1302,222,10,dia222_utt10.mp4,neutral,negative,unmodified/text
1303,222,11,dia222_utt11.mp4,neutral,neutral,unmodified/text
1304,222,12,dia222_utt12.mp4,negative,negative,unmodified/text
1305,222,13,dia222_utt13.mp4,negative,positive,unmodified/text
1306,222,2,dia222_utt2.mp4,neutral,neutral,unmodified/text
1307,222,3,dia222_utt3.mp4,positive,positive,unmodified/text
1308,222,4,dia222_utt4.mp4,positive,positive,unmodified/text
1309,222,5,dia222_utt5.mp4,positive,positive,unmodified/text
1310,222,6,dia222_utt6.mp4,positive,positive,unmodified/text
1311,222,7,dia222_utt7.mp4,neutral,positive,unmodified/text
1312,222,8,dia222_utt8.mp4,neutral,neutral,unmodified/text
1313,222,9,dia222_utt9.mp4,positive,neutral,unmodified/text
1314,223,0,dia223_utt0.mp4,neutral,negative,unmodified/text
1315,223,1,dia223_utt1.mp4,neutral,negative,unmodified/text
1316,223,2,dia223_utt2.mp4,neutral,neutral,unmodified/text
1317,223,3,dia223_utt3.mp4,negative,negative,unmodified/text
1318,223,4,dia223_utt4.mp4,neutral,neutral,unmodified/text
1319,223,5,dia223_utt5.mp4,neutral,positive,unmodified/text
1320,223,6,dia223_utt6.mp4,negative,neutral,unmodified/text
1321,224,0,dia224_utt0.mp4,neutral,neutral,unmodified/text
1322,224,1,dia224_utt1.mp4,neutral,neutral,unmodified/text
1323,224,2,dia224_utt2.mp4,neutral,neutral,unmodified/text
1324,224,3,dia224_utt3.mp4,neutral,neutral,unmodified/text
1325,224,4,dia224_utt4.mp4,neutral,neutral,unmodified/text
1326,224,5,dia224_utt5.mp4,negative,neutral,unmodified/text
1327,224,6,dia224_utt6.mp4,neutral,neutral,unmodified/text
1328,224,7,dia224_utt7.mp4,negative,neutral,unmodified/text
1329,224,8,dia224_utt8.mp4,positive,neutral,unmodified/text
1330,225,0,dia225_utt0.mp4,neutral,neutral,unmodified/text
1331,225,1,dia225_utt1.mp4,positive,positive,unmodified/text
1332,225,2,dia225_utt2.mp4,neutral,neutral,unmodified/text
1333,225,3,dia225_utt3.mp4,neutral,negative,unmodified/text
1334,225,4,dia225_utt4.mp4,neutral,neutral,unmodified/text
1335,225,5,dia225_utt5.mp4,neutral,neutral,unmodified/text
1336,226,0,dia226_utt0.mp4,neutral,neutral,unmodified/text
1337,226,1,dia226_utt1.mp4,positive,positive,unmodified/text
1338,226,2,dia226_utt2.mp4,neutral,neutral,unmodified/text
1339,226,3,dia226_utt3.mp4,neutral,negative,unmodified/text
1340,226,4,dia226_utt4.mp4,negative,neutral,unmodified/text
1341,226,5,dia226_utt5.mp4,negative,negative,unmodified/text
1342,226,6,dia226_utt6.mp4,neutral,neutral,unmodified/text
1343,226,7,dia226_utt7.mp4,positive,neutral,unmodified/text
1344,226,8,dia226_utt8.mp4,neutral,positive,unmodified/text
1345,227,0,dia227_utt0.mp4,neutral,negative,unmodified/text
1346,227,1,dia227_utt1.mp4,neutral,negative,unmodified/text
1347,227,2,dia227_utt2.mp4,neutral,neutral,unmodified/text
1348,227,3,dia227_utt3.mp4,neutral,neutral,unmodified/text
1349,228,0,dia228_utt0.mp4,neutral,neutral,unmodified/text
1350,228,1,dia228_utt1.mp4,neutral,neutral,unmodified/text
1351,228,10,dia228_utt10.mp4,negative,negative,unmodified/text
1352,228,11,dia228_utt11.mp4,negative,negative,unmodified/text
1353,228,12,dia228_utt12.mp4,neutral,negative,unmodified/text
1354,228,2,dia228_utt2.mp4,neutral,neutral,unmodified/text
1355,228,3,dia228_utt3.mp4,negative,neutral,unmodified/text
1356,228,4,dia228_utt4.mp4,negative,negative,unmodified/text
1357,228,5,dia228_utt5.mp4,negative,neutral,unmodified/text
1358,228,6,dia228_utt6.mp4,negative,neutral,unmodified/text
1359,228,7,dia228_utt7.mp4,negative,negative,unmodified/text
1360,228,8,dia228_utt8.mp4,negative,negative,unmodified/text
1361,228,9,dia228_utt9.mp4,negative,negative,unmodified/text
1362,229,0,dia229_utt0.mp4,positive,positive,unmodified/text
1363,229,1,dia229_utt1.mp4,neutral,neutral,unmodified/text
1364,229,10,dia229_utt10.mp4,positive,positive,unmodified/text
1365,229,2,dia229_utt2.mp4,neutral,positive,unmodified/text
1366,229,3,dia229_utt3.mp4,neutral,neutral,unmodified/text
1367,229,4,dia229_utt4.mp4,positive,positive,unmodified/text
1368,229,5,dia229_utt5.mp4,positive,positive,unmodified/text
1369,229,6,dia229_utt6.mp4,negative,neutral,unmodified/text
1370,229,7,dia229_utt7.mp4,neutral,neutral,unmodified/text
1371,229,8,dia229_utt8.mp4,neutral,neutral,unmodified/text
1372,229,9,dia229_utt9.mp4,negative,positive,unmodified/text
1373,22,0,dia22_utt0.mp4,neutral,positive,unmodified/text
1374,22,1,dia22_utt1.mp4,neutral,neutral,unmodified/text
1375,22,10,dia22_utt10.mp4,positive,negative,unmodified/text
1376,22,11,dia22_utt11.mp4,neutral,neutral,unmodified/text
1377,22,12,dia22_utt12.mp4,positive,positive,unmodified/text
1378,22,13,dia22_utt13.mp4,neutral,positive,unmodified/text
1379,22,14,dia22_utt14.mp4,neutral,neutral,unmodified/text
1380,22,15,dia22_utt15.mp4,positive,positive,unmodified/text
1381,22,16,dia22_utt16.mp4,neutral,neutral,unmodified/text
1382,22,17,dia22_utt17.mp4,positive,positive,unmodified/text
1383,22,18,dia22_utt18.mp4,positive,positive,unmodified/text
1384,22,19,dia22_utt19.mp4,neutral,negative,unmodified/text
1385,22,2,dia22_utt2.mp4,neutral,neutral,unmodified/text
1386,22,20,dia22_utt20.mp4,negative,neutral,unmodified/text
1387,22,21,dia22_utt21.mp4,neutral,neutral,unmodified/text
1388,22,3,dia22_utt3.mp4,neutral,positive,unmodified/text
1389,22,4,dia22_utt4.mp4,negative,negative,unmodified/text
1390,22,5,dia22_utt5.mp4,neutral,neutral,unmodified/text
1391,22,6,dia22_utt6.mp4,negative,negative,unmodified/text
1392,22,7,dia22_utt7.mp4,neutral,negative,unmodified/text
1393,22,8,dia22_utt8.mp4,negative,negative,unmodified/text
1394,22,9,dia22_utt9.mp4,positive,positive,unmodified/text
1395,230,0,dia230_utt0.mp4,neutral,neutral,unmodified/text
1396,230,1,dia230_utt1.mp4,neutral,neutral,unmodified/text
1397,230,2,dia230_utt2.mp4,negative,neutral,unmodified/text
1398,230,3,dia230_utt3.mp4,neutral,neutral,unmodified/text
1399,230,4,dia230_utt4.mp4,negative,negative,unmodified/text
1400,230,5,dia230_utt5.mp4,neutral,neutral,unmodified/text
1401,230,6,dia230_utt6.mp4,negative,neutral,unmodified/text
1402,230,7,dia230_utt7.mp4,negative,neutral,unmodified/text
1403,230,8,dia230_utt8.mp4,negative,negative,unmodified/text
1404,231,0,dia231_utt0.mp4,neutral,neutral,unmodified/text
1405,231,1,dia231_utt1.mp4,neutral,neutral,unmodified/text
1406,231,10,dia231_utt10.mp4,positive,negative,unmodified/text
1407,231,11,dia231_utt11.mp4,negative,negative,unmodified/text
1408,231,12,dia231_utt12.mp4,positive,positive,unmodified/text
1409,231,13,dia231_utt13.mp4,positive,positive,unmodified/text
1410,231,2,dia231_utt2.mp4,neutral,neutral,unmodified/text
1411,231,3,dia231_utt3.mp4,positive,neutral,unmodified/text
1412,231,4,dia231_utt4.mp4,neutral,neutral,unmodified/text
1413,231,5,dia231_utt5.mp4,neutral,positive,unmodified/text
1414,231,6,dia231_utt6.mp4,neutral,positive,unmodified/text
1415,231,7,dia231_utt7.mp4,neutral,negative,unmodified/text
1416,231,8,dia231_utt8.mp4,positive,negative,unmodified/text
1417,231,9,dia231_utt9.mp4,positive,negative,unmodified/text
1418,232,0,dia232_utt0.mp4,neutral,neutral,unmodified/text
1419,232,1,dia232_utt1.mp4,neutral,neutral,unmodified/text
1420,232,2,dia232_utt2.mp4,neutral,neutral,unmodified/text
1421,232,3,dia232_utt3.mp4,neutral,neutral,unmodified/text
1422,232,4,dia232_utt4.mp4,neutral,neutral,unmodified/text
1423,232,5,dia232_utt5.mp4,positive,positive,unmodified/text
1424,232,6,dia232_utt6.mp4,positive,positive,unmodified/text
1425,232,7,dia232_utt7.mp4,neutral,neutral,unmodified/text
1426,232,8,dia232_utt8.mp4,positive,positive,unmodified/text
1427,232,9,dia232_utt9.mp4,neutral,negative,unmodified/text
1428,233,0,dia233_utt0.mp4,negative,negative,unmodified/text
1429,233,1,dia233_utt1.mp4,negative,negative,unmodified/text
1430,233,10,dia233_utt10.mp4,positive,positive,unmodified/text
1431,233,11,dia233_utt11.mp4,positive,positive,unmodified/text
1432,233,12,dia233_utt12.mp4,neutral,neutral,unmodified/text
1433,233,13,dia233_utt13.mp4,neutral,neutral,unmodified/text
1434,233,2,dia233_utt2.mp4,positive,negative,unmodified/text
1435,233,3,dia233_utt3.mp4,positive,neutral,unmodified/text
1436,233,4,dia233_utt4.mp4,neutral,negative,unmodified/text
1437,233,5,dia233_utt5.mp4,positive,positive,unmodified/text
1438,233,6,dia233_utt6.mp4,positive,positive,unmodified/text
1439,233,7,dia233_utt7.mp4,positive,positive,unmodified/text
1440,233,8,dia233_utt8.mp4,neutral,neutral,unmodified/text
1441,233,9,dia233_utt9.mp4,positive,positive,unmodified/text
1442,234,0,dia234_utt0.mp4,neutral,neutral,unmodified/text
1443,234,1,dia234_utt1.mp4,positive,negative,unmodified/text
1444,234,10,dia234_utt10.mp4,positive,neutral,unmodified/text
1445,234,11,dia234_utt11.mp4,neutral,positive,unmodified/text
1446,234,12,dia234_utt12.mp4,positive,positive,unmodified/text
1447,234,13,dia234_utt13.mp4,neutral,neutral,unmodified/text
1448,234,14,dia234_utt14.mp4,positive,positive,unmodified/text
1449,234,2,dia234_utt2.mp4,neutral,neutral,unmodified/text
1450,234,3,dia234_utt3.mp4,positive,negative,unmodified/text
1451,234,4,dia234_utt4.mp4,negative,negative,unmodified/text
1452,234,5,dia234_utt5.mp4,negative,negative,unmodified/text
1453,234,6,dia234_utt6.mp4,negative,negative,unmodified/text
1454,234,7,dia234_utt7.mp4,neutral,negative,unmodified/text
1455,234,8,dia234_utt8.mp4,neutral,neutral,unmodified/text
1456,234,9,dia234_utt9.mp4,neutral,neutral,unmodified/text
1457,235,0,dia235_utt0.mp4,positive,neutral,unmodified/text
1458,236,0,dia236_utt0.mp4,positive,positive,unmodified/text
1459,237,0,dia237_utt0.mp4,neutral,neutral,unmodified/text
1460,237,1,dia237_utt1.mp4,positive,neutral,unmodified/text
1461,237,10,dia237_utt10.mp4,positive,positive,unmodified/text
1462,237,11,dia237_utt11.mp4,neutral,neutral,unmodified/text
1463,237,2,dia237_utt2.mp4,neutral,neutral,unmodified/text
1464,237,3,dia237_utt3.mp4,neutral,negative,unmodified/text
1465,237,4,dia237_utt4.mp4,negative,negative,unmodified/text
1466,237,5,dia237_utt5.mp4,negative,negative,unmodified/text
1467,237,6,dia237_utt6.mp4,positive,negative,unmodified/text
1468,237,7,dia237_utt7.mp4,positive,positive,unmodified/text
1469,237,8,dia237_utt8.mp4,positive,negative,unmodified/text
1470,237,9,dia237_utt9.mp4,negative,negative,unmodified/text
1471,238,0,dia238_utt0.mp4,neutral,neutral,unmodified/text
1472,238,1,dia238_utt1.mp4,positive,negative,unmodified/text
1473,238,2,dia238_utt2.mp4,neutral,neutral,unmodified/text
1474,238,3,dia238_utt3.mp4,neutral,neutral,unmodified/text
1475,238,4,dia238_utt4.mp4,positive,neutral,unmodified/text
1476,239,0,dia239_utt0.mp4,neutral,neutral,unmodified/text
1477,239,1,dia239_utt1.mp4,neutral,negative,unmodified/text
1478,239,10,dia239_utt10.mp4,neutral,neutral,unmodified/text
1479,239,11,dia239_utt11.mp4,neutral,neutral,unmodified/text
1480,239,2,dia239_utt2.mp4,neutral,positive,unmodified/text
1481,239,3,dia239_utt3.mp4,neutral,neutral,unmodified/text
1482,239,4,dia239_utt4.mp4,neutral,neutral,unmodified/text
1483,239,5,dia239_utt5.mp4,neutral,neutral,unmodified/text
1484,239,6,dia239_utt6.mp4,neutral,neutral,unmodified/text
1485,239,7,dia239_utt7.mp4,neutral,neutral,unmodified/text
1486,239,8,dia239_utt8.mp4,neutral,neutral,unmodified/text
1487,239,9,dia239_utt9.mp4,positive,neutral,unmodified/text
1488,23,0,dia23_utt0.mp4,neutral,positive,unmodified/text
1489,23,1,dia23_utt1.mp4,neutral,neutral,unmodified/text
1490,23,2,dia23_utt2.mp4,neutral,neutral,unmodified/text
1491,240,0,dia240_utt0.mp4,negative,negative,unmodified/text
1492,240,1,dia240_utt1.mp4,positive,negative,unmodified/text
1493,240,10,dia240_utt10.mp4,positive,positive,unmodified/text
1494,240,11,dia240_utt11.mp4,neutral,neutral,unmodified/text
1495,240,12,dia240_utt12.mp4,negative,negative,unmodified/text
1496,240,13,dia240_utt13.mp4,neutral,neutral,unmodified/text
1497,240,14,dia240_utt14.mp4,neutral,negative,unmodified/text
1498,240,15,dia240_utt15.mp4,neutral,negative,unmodified/text
1499,240,16,dia240_utt16.mp4,neutral,negative,unmodified/text
1500,240,2,dia240_utt2.mp4,negative,negative,unmodified/text
1501,240,3,dia240_utt3.mp4,positive,negative,unmodified/text
1502,240,4,dia240_utt4.mp4,positive,positive,unmodified/text
1503,240,5,dia240_utt5.mp4,neutral,neutral,unmodified/text
1504,240,6,dia240_utt6.mp4,positive,negative,unmodified/text
1505,240,7,dia240_utt7.mp4,positive,positive,unmodified/text
1506,240,8,dia240_utt8.mp4,neutral,neutral,unmodified/text
1507,240,9,dia240_utt9.mp4,positive,positive,unmodified/text
1508,241,0,dia241_utt0.mp4,neutral,neutral,unmodified/text
1509,241,1,dia241_utt1.mp4,positive,positive,unmodified/text
1510,241,10,dia241_utt10.mp4,positive,positive,unmodified/text
1511,241,11,dia241_utt11.mp4,neutral,neutral,unmodified/text
1512,241,12,dia241_utt12.mp4,positive,positive,unmodified/text
1513,241,13,dia241_utt13.mp4,neutral,neutral,unmodified/text
1514,241,14,dia241_utt14.mp4,neutral,neutral,unmodified/text
1515,241,2,dia241_utt2.mp4,positive,positive,unmodified/text
1516,241,3,dia241_utt3.mp4,neutral,neutral,unmodified/text
1517,241,4,dia241_utt4.mp4,neutral,neutral,unmodified/text
1518,241,5,dia241_utt5.mp4,positive,positive,unmodified/text
1519,241,6,dia241_utt6.mp4,neutral,positive,unmodified/text
1520,241,7,dia241_utt7.mp4,neutral,positive,unmodified/text
1521,241,8,dia241_utt8.mp4,negative,neutral,unmodified/text
1522,241,9,dia241_utt9.mp4,neutral,positive,unmodified/text
1523,242,0,dia242_utt0.mp4,positive,neutral,unmodified/text
1524,242,1,dia242_utt1.mp4,negative,negative,unmodified/text
1525,242,2,dia242_utt2.mp4,negative,negative,unmodified/text
1526,242,3,dia242_utt3.mp4,positive,negative,unmodified/text
1527,242,4,dia242_utt4.mp4,positive,positive,unmodified/text
1528,242,5,dia242_utt5.mp4,negative,neutral,unmodified/text
1529,242,6,dia242_utt6.mp4,neutral,neutral,unmodified/text
1530,242,7,dia242_utt7.mp4,neutral,neutral,unmodified/text
1531,243,0,dia243_utt0.mp4,negative,negative,unmodified/text
1532,243,1,dia243_utt1.mp4,neutral,neutral,unmodified/text
1533,243,2,dia243_utt2.mp4,neutral,neutral,unmodified/text
1534,243,3,dia243_utt3.mp4,neutral,neutral,unmodified/text
1535,243,4,dia243_utt4.mp4,neutral,negative,unmodified/text
1536,243,5,dia243_utt5.mp4,neutral,neutral,unmodified/text
1537,244,0,dia244_utt0.mp4,neutral,neutral,unmodified/text
1538,244,1,dia244_utt1.mp4,neutral,neutral,unmodified/text
1539,244,10,dia244_utt10.mp4,neutral,neutral,unmodified/text
1540,244,11,dia244_utt11.mp4,neutral,neutral,unmodified/text
1541,244,12,dia244_utt12.mp4,negative,neutral,unmodified/text
1542,244,13,dia244_utt13.mp4,neutral,neutral,unmodified/text
1543,244,14,dia244_utt14.mp4,negative,neutral,unmodified/text
1544,244,15,dia244_utt15.mp4,neutral,negative,unmodified/text
1545,244,16,dia244_utt16.mp4,neutral,neutral,unmodified/text
1546,244,17,dia244_utt17.mp4,neutral,neutral,unmodified/text
1547,244,18,dia244_utt18.mp4,neutral,neutral,unmodified/text
1548,244,19,dia244_utt19.mp4,neutral,neutral,unmodified/text
1549,244,2,dia244_utt2.mp4,neutral,neutral,unmodified/text
1550,244,20,dia244_utt20.mp4,neutral,positive,unmodified/text
1551,244,21,dia244_utt21.mp4,neutral,positive,unmodified/text
1552,244,3,dia244_utt3.mp4,neutral,neutral,unmodified/text
1553,244,4,dia244_utt4.mp4,negative,negative,unmodified/text
1554,244,5,dia244_utt5.mp4,negative,neutral,unmodified/text
1555,244,6,dia244_utt6.mp4,neutral,negative,unmodified/text
1556,244,7,dia244_utt7.mp4,neutral,negative,unmodified/text
1557,244,8,dia244_utt8.mp4,positive,negative,unmodified/text
1558,244,9,dia244_utt9.mp4,positive,neutral,unmodified/text
1559,245,0,dia245_utt0.mp4,neutral,neutral,unmodified/text
1560,245,1,dia245_utt1.mp4,neutral,neutral,unmodified/text
1561,245,2,dia245_utt2.mp4,neutral,negative,unmodified/text
1562,245,3,dia245_utt3.mp4,neutral,positive,unmodified/text
1563,245,4,dia245_utt4.mp4,negative,negative,unmodified/text
1564,246,0,dia246_utt0.mp4,neutral,neutral,unmodified/text
1565,246,1,dia246_utt1.mp4,neutral,neutral,unmodified/text
1566,246,10,dia246_utt10.mp4,negative,neutral,unmodified/text
1567,246,11,dia246_utt11.mp4,positive,neutral,unmodified/text
1568,246,12,dia246_utt12.mp4,neutral,neutral,unmodified/text
1569,246,13,dia246_utt13.mp4,neutral,neutral,unmodified/text
1570,246,2,dia246_utt2.mp4,negative,negative,unmodified/text
1571,246,3,dia246_utt3.mp4,negative,neutral,unmodified/text
1572,246,4,dia246_utt4.mp4,neutral,neutral,unmodified/text
1573,246,5,dia246_utt5.mp4,neutral,neutral,unmodified/text
1574,246,6,dia246_utt6.mp4,positive,neutral,unmodified/text
1575,246,7,dia246_utt7.mp4,neutral,neutral,unmodified/text
1576,246,8,dia246_utt8.mp4,positive,negative,unmodified/text
1577,246,9,dia246_utt9.mp4,neutral,neutral,unmodified/text
1578,247,0,dia247_utt0.mp4,neutral,neutral,unmodified/text
1579,247,1,dia247_utt1.mp4,neutral,neutral,unmodified/text
1580,247,2,dia247_utt2.mp4,negative,neutral,unmodified/text
1581,247,3,dia247_utt3.mp4,positive,positive,unmodified/text
1582,247,4,dia247_utt4.mp4,negative,positive,unmodified/text
1583,248,0,dia248_utt0.mp4,neutral,neutral,unmodified/text
1584,249,0,dia249_utt0.mp4,neutral,positive,unmodified/text
1585,249,1,dia249_utt1.mp4,neutral,neutral,unmodified/text
1586,249,2,dia249_utt2.mp4,positive,neutral,unmodified/text
1587,249,3,dia249_utt3.mp4,neutral,neutral,unmodified/text
1588,249,4,dia249_utt4.mp4,neutral,neutral,unmodified/text
1589,249,5,dia249_utt5.mp4,positive,positive,unmodified/text
1590,249,6,dia249_utt6.mp4,positive,neutral,unmodified/text
1591,249,7,dia249_utt7.mp4,positive,positive,unmodified/text
1592,24,0,dia24_utt0.mp4,neutral,neutral,unmodified/text
1593,24,1,dia24_utt1.mp4,positive,positive,unmodified/text
1594,24,2,dia24_utt2.mp4,neutral,neutral,unmodified/text
1595,24,3,dia24_utt3.mp4,positive,positive,unmodified/text
1596,250,0,dia250_utt0.mp4,positive,negative,unmodified/text
1597,250,1,dia250_utt1.mp4,neutral,neutral,unmodified/text
1598,250,2,dia250_utt2.mp4,neutral,negative,unmodified/text
1599,250,3,dia250_utt3.mp4,neutral,neutral,unmodified/text
1600,250,4,dia250_utt4.mp4,neutral,neutral,unmodified/text
1601,250,5,dia250_utt5.mp4,negative,negative,unmodified/text
1602,250,6,dia250_utt6.mp4,negative,neutral,unmodified/text
1603,250,7,dia250_utt7.mp4,negative,neutral,unmodified/text
1604,250,8,dia250_utt8.mp4,negative,neutral,unmodified/text
1605,251,0,dia251_utt0.mp4,positive,positive,unmodified/text
1606,251,1,dia251_utt1.mp4,negative,neutral,unmodified/text
1607,251,2,dia251_utt2.mp4,neutral,neutral,unmodified/text
1608,251,3,dia251_utt3.mp4,neutral,positive,unmodified/text
1609,251,4,dia251_utt4.mp4,negative,neutral,unmodified/text
1610,252,0,dia252_utt0.mp4,negative,negative,unmodified/text
1611,252,1,dia252_utt1.mp4,neutral,negative,unmodified/text
1612,252,10,dia252_utt10.mp4,neutral,negative,unmodified/text
1613,252,11,dia252_utt11.mp4,neutral,negative,unmodified/text
1614,252,12,dia252_utt12.mp4,neutral,neutral,unmodified/text
1615,252,13,dia252_utt13.mp4,negative,negative,unmodified/text
1616,252,14,dia252_utt14.mp4,positive,neutral,unmodified/text
1617,252,15,dia252_utt15.mp4,neutral,neutral,unmodified/text
1618,252,16,dia252_utt16.mp4,negative,neutral,unmodified/text
1619,252,17,dia252_utt17.mp4,negative,negative,unmodified/text
1620,252,18,dia252_utt18.mp4,positive,neutral,unmodified/text
1621,252,2,dia252_utt2.mp4,neutral,negative,unmodified/text
1622,252,3,dia252_utt3.mp4,negative,negative,unmodified/text
1623,252,4,dia252_utt4.mp4,positive,negative,unmodified/text
1624,252,5,dia252_utt5.mp4,neutral,negative,unmodified/text
1625,252,6,dia252_utt6.mp4,neutral,negative,unmodified/text
1626,252,7,dia252_utt7.mp4,negative,negative,unmodified/text
1627,252,8,dia252_utt8.mp4,neutral,neutral,unmodified/text
1628,252,9,dia252_utt9.mp4,negative,neutral,unmodified/text
1629,253,0,dia253_utt0.mp4,neutral,positive,unmodified/text
1630,253,1,dia253_utt1.mp4,neutral,neutral,unmodified/text
1631,253,10,dia253_utt10.mp4,neutral,positive,unmodified/text
1632,253,11,dia253_utt11.mp4,neutral,neutral,unmodified/text
1633,253,12,dia253_utt12.mp4,neutral,neutral,unmodified/text
1634,253,2,dia253_utt2.mp4,neutral,negative,unmodified/text
1635,253,3,dia253_utt3.mp4,neutral,neutral,unmodified/text
1636,253,4,dia253_utt4.mp4,positive,positive,unmodified/text
1637,253,5,dia253_utt5.mp4,neutral,neutral,unmodified/text
1638,253,6,dia253_utt6.mp4,positive,positive,unmodified/text
1639,253,7,dia253_utt7.mp4,negative,positive,unmodified/text
1640,253,8,dia253_utt8.mp4,neutral,neutral,unmodified/text
1641,253,9,dia253_utt9.mp4,neutral,neutral,unmodified/text
1642,254,0,dia254_utt0.mp4,neutral,neutral,unmodified/text
1643,254,1,dia254_utt1.mp4,positive,neutral,unmodified/text
1644,254,10,dia254_utt10.mp4,neutral,neutral,unmodified/text
1645,254,11,dia254_utt11.mp4,negative,negative,unmodified/text
1646,254,12,dia254_utt12.mp4,positive,neutral,unmodified/text
1647,254,13,dia254_utt13.mp4,positive,positive,unmodified/text
1648,254,14,dia254_utt14.mp4,negative,negative,unmodified/text
1649,254,15,dia254_utt15.mp4,neutral,negative,unmodified/text
1650,254,16,dia254_utt16.mp4,neutral,neutral,unmodified/text
1651,254,17,dia254_utt17.mp4,neutral,neutral,unmodified/text
1652,254,2,dia254_utt2.mp4,neutral,negative,unmodified/text
1653,254,3,dia254_utt3.mp4,neutral,negative,unmodified/text
1654,254,4,dia254_utt4.mp4,negative,neutral,unmodified/text
1655,254,5,dia254_utt5.mp4,negative,negative,unmodified/text
1656,254,6,dia254_utt6.mp4,neutral,negative,unmodified/text
1657,254,7,dia254_utt7.mp4,neutral,negative,unmodified/text
1658,254,8,dia254_utt8.mp4,neutral,neutral,unmodified/text
1659,254,9,dia254_utt9.mp4,neutral,neutral,unmodified/text
1660,255,0,dia255_utt0.mp4,positive,negative,unmodified/text
1661,255,1,dia255_utt1.mp4,neutral,positive,unmodified/text
1662,255,2,dia255_utt2.mp4,positive,neutral,unmodified/text
1663,255,3,dia255_utt3.mp4,positive,neutral,unmodified/text
1664,255,4,dia255_utt4.mp4,neutral,positive,unmodified/text
1665,255,5,dia255_utt5.mp4,positive,positive,unmodified/text
1666,255,6,dia255_utt6.mp4,neutral,neutral,unmodified/text
1667,255,7,dia255_utt7.mp4,neutral,positive,unmodified/text
1668,255,8,dia255_utt8.mp4,negative,negative,unmodified/text
1669,256,0,dia256_utt0.mp4,neutral,positive,unmodified/text
1670,256,1,dia256_utt1.mp4,negative,neutral,unmodified/text
1671,257,0,dia257_utt0.mp4,neutral,neutral,unmodified/text
1672,257,1,dia257_utt1.mp4,neutral,negative,unmodified/text
1673,257,2,dia257_utt2.mp4,neutral,neutral,unmodified/text
1674,257,3,dia257_utt3.mp4,positive,neutral,unmodified/text
1675,257,4,dia257_utt4.mp4,positive,positive,unmodified/text
1676,258,0,dia258_utt0.mp4,neutral,neutral,unmodified/text
1677,258,1,dia258_utt1.mp4,negative,neutral,unmodified/text
1678,258,10,dia258_utt10.mp4,neutral,neutral,unmodified/text
1679,258,11,dia258_utt11.mp4,neutral,positive,unmodified/text
1680,258,12,dia258_utt12.mp4,negative,positive,unmodified/text
1681,258,2,dia258_utt2.mp4,neutral,neutral,unmodified/text
1682,258,3,dia258_utt3.mp4,neutral,neutral,unmodified/text
1683,258,4,dia258_utt4.mp4,neutral,neutral,unmodified/text
1684,258,5,dia258_utt5.mp4,neutral,neutral,unmodified/text
1685,258,6,dia258_utt6.mp4,negative,neutral,unmodified/text
1686,258,7,dia258_utt7.mp4,neutral,neutral,unmodified/text
1687,258,8,dia258_utt8.mp4,neutral,neutral,unmodified/text
1688,258,9,dia258_utt9.mp4,positive,positive,unmodified/text
1689,259,0,dia259_utt0.mp4,negative,negative,unmodified/text
1690,259,1,dia259_utt1.mp4,neutral,neutral,unmodified/text
1691,259,10,dia259_utt10.mp4,negative,negative,unmodified/text
1692,259,11,dia259_utt11.mp4,negative,negative,unmodified/text
1693,259,12,dia259_utt12.mp4,neutral,negative,unmodified/text
1694,259,13,dia259_utt13.mp4,negative,negative,unmodified/text
1695,259,14,dia259_utt14.mp4,neutral,neutral,unmodified/text
1696,259,15,dia259_utt15.mp4,negative,negative,unmodified/text
1697,259,2,dia259_utt2.mp4,neutral,positive,unmodified/text
1698,259,3,dia259_utt3.mp4,neutral,positive,unmodified/text
1699,259,4,dia259_utt4.mp4,negative,negative,unmodified/text
1700,259,5,dia259_utt5.mp4,neutral,neutral,unmodified/text
1701,259,6,dia259_utt6.mp4,positive,negative,unmodified/text
1702,259,7,dia259_utt7.mp4,neutral,neutral,unmodified/text
1703,259,8,dia259_utt8.mp4,negative,neutral,unmodified/text
1704,259,9,dia259_utt9.mp4,negative,negative,unmodified/text
1705,25,0,dia25_utt0.mp4,neutral,neutral,unmodified/text
1706,25,1,dia25_utt1.mp4,negative,neutral,unmodified/text
1707,25,10,dia25_utt10.mp4,negative,negative,unmodified/text
1708,25,11,dia25_utt11.mp4,positive,neutral,unmodified/text
1709,25,12,dia25_utt12.mp4,positive,neutral,unmodified/text
1710,25,13,dia25_utt13.mp4,positive,neutral,unmodified/text
1711,25,14,dia25_utt14.mp4,neutral,neutral,unmodified/text
1712,25,15,dia25_utt15.mp4,neutral,neutral,unmodified/text
1713,25,16,dia25_utt16.mp4,neutral,negative,unmodified/text
1714,25,2,dia25_utt2.mp4,negative,negative,unmodified/text
1715,25,3,dia25_utt3.mp4,neutral,neutral,unmodified/text
1716,25,4,dia25_utt4.mp4,negative,negative,unmodified/text
1717,25,5,dia25_utt5.mp4,negative,negative,unmodified/text
1718,25,6,dia25_utt6.mp4,neutral,positive,unmodified/text
1719,25,7,dia25_utt7.mp4,neutral,neutral,unmodified/text
1720,25,8,dia25_utt8.mp4,negative,negative,unmodified/text
1721,25,9,dia25_utt9.mp4,neutral,neutral,unmodified/text
1722,260,0,dia260_utt0.mp4,positive,positive,unmodified/text
1723,260,1,dia260_utt1.mp4,negative,positive,unmodified/text
1724,260,10,dia260_utt10.mp4,negative,negative,unmodified/text
1725,260,2,dia260_utt2.mp4,neutral,neutral,unmodified/text
1726,260,3,dia260_utt3.mp4,positive,positive,unmodified/text
1727,260,4,dia260_utt4.mp4,positive,positive,unmodified/text
1728,260,5,dia260_utt5.mp4,neutral,neutral,unmodified/text
1729,260,6,dia260_utt6.mp4,neutral,negative,unmodified/text
1730,260,7,dia260_utt7.mp4,neutral,neutral,unmodified/text
1731,260,8,dia260_utt8.mp4,neutral,negative,unmodified/text
1732,260,9,dia260_utt9.mp4,positive,positive,unmodified/text
1733,261,0,dia261_utt0.mp4,positive,positive,unmodified/text
1734,261,1,dia261_utt1.mp4,positive,positive,unmodified/text
1735,261,2,dia261_utt2.mp4,positive,positive,unmodified/text
1736,261,3,dia261_utt3.mp4,neutral,neutral,unmodified/text
1737,261,4,dia261_utt4.mp4,neutral,positive,unmodified/text
1738,261,5,dia261_utt5.mp4,neutral,neutral,unmodified/text
1739,261,6,dia261_utt6.mp4,neutral,neutral,unmodified/text
1740,261,7,dia261_utt7.mp4,neutral,neutral,unmodified/text
1741,261,8,dia261_utt8.mp4,neutral,neutral,unmodified/text
1742,262,0,dia262_utt0.mp4,neutral,neutral,unmodified/text
1743,262,1,dia262_utt1.mp4,positive,positive,unmodified/text
1744,262,10,dia262_utt10.mp4,neutral,neutral,unmodified/text
1745,262,11,dia262_utt11.mp4,neutral,neutral,unmodified/text
1746,262,12,dia262_utt12.mp4,neutral,neutral,unmodified/text
1747,262,13,dia262_utt13.mp4,neutral,neutral,unmodified/text
1748,262,14,dia262_utt14.mp4,neutral,neutral,unmodified/text
1749,262,15,dia262_utt15.mp4,positive,positive,unmodified/text
1750,262,16,dia262_utt16.mp4,negative,negative,unmodified/text
1751,262,2,dia262_utt2.mp4,positive,positive,unmodified/text
1752,262,3,dia262_utt3.mp4,positive,positive,unmodified/text
1753,262,4,dia262_utt4.mp4,neutral,neutral,unmodified/text
1754,262,5,dia262_utt5.mp4,negative,positive,unmodified/text
1755,262,6,dia262_utt6.mp4,positive,positive,unmodified/text
1756,262,7,dia262_utt7.mp4,positive,positive,unmodified/text
1757,262,8,dia262_utt8.mp4,neutral,neutral,unmodified/text
1758,262,9,dia262_utt9.mp4,positive,neutral,unmodified/text
1759,263,0,dia263_utt0.mp4,neutral,neutral,unmodified/text
1760,263,1,dia263_utt1.mp4,neutral,neutral,unmodified/text
1761,263,2,dia263_utt2.mp4,neutral,neutral,unmodified/text
1762,263,3,dia263_utt3.mp4,neutral,neutral,unmodified/text
1763,263,4,dia263_utt4.mp4,neutral,negative,unmodified/text
1764,263,5,dia263_utt5.mp4,neutral,negative,unmodified/text
1765,263,6,dia263_utt6.mp4,neutral,positive,unmodified/text
1766,263,7,dia263_utt7.mp4,negative,negative,unmodified/text
1767,263,8,dia263_utt8.mp4,neutral,neutral,unmodified/text
1768,263,9,dia263_utt9.mp4,negative,negative,unmodified/text
1769,264,0,dia264_utt0.mp4,negative,negative,unmodified/text
1770,264,1,dia264_utt1.mp4,neutral,negative,unmodified/text
1771,264,2,dia264_utt2.mp4,positive,positive,unmodified/text
1772,264,3,dia264_utt3.mp4,positive,neutral,unmodified/text
1773,265,0,dia265_utt0.mp4,neutral,positive,unmodified/text
1774,265,1,dia265_utt1.mp4,positive,positive,unmodified/text
1775,266,0,dia266_utt0.mp4,neutral,neutral,unmodified/text
1776,266,1,dia266_utt1.mp4,neutral,neutral,unmodified/text
1777,266,10,dia266_utt10.mp4,neutral,positive,unmodified/text
1778,266,11,dia266_utt11.mp4,negative,negative,unmodified/text
1779,266,12,dia266_utt12.mp4,negative,positive,unmodified/text
1780,266,13,dia266_utt13.mp4,negative,negative,unmodified/text
1781,266,14,dia266_utt14.mp4,negative,positive,unmodified/text
1782,266,15,dia266_utt15.mp4,negative,negative,unmodified/text
1783,266,16,dia266_utt16.mp4,negative,positive,unmodified/text
1784,266,2,dia266_utt2.mp4,neutral,neutral,unmodified/text
1785,266,3,dia266_utt3.mp4,neutral,neutral,unmodified/text
1786,266,4,dia266_utt4.mp4,neutral,neutral,unmodified/text
1787,266,5,dia266_utt5.mp4,neutral,neutral,unmodified/text
1788,266,6,dia266_utt6.mp4,neutral,neutral,unmodified/text
1789,266,7,dia266_utt7.mp4,negative,neutral,unmodified/text
1790,266,8,dia266_utt8.mp4,negative,positive,unmodified/text
1791,266,9,dia266_utt9.mp4,neutral,neutral,unmodified/text
1792,267,0,dia267_utt0.mp4,neutral,neutral,unmodified/text
1793,267,1,dia267_utt1.mp4,neutral,neutral,unmodified/text
1794,267,10,dia267_utt10.mp4,neutral,neutral,unmodified/text
1795,267,2,dia267_utt2.mp4,neutral,neutral,unmodified/text
1796,267,3,dia267_utt3.mp4,neutral,negative,unmodified/text
1797,267,4,dia267_utt4.mp4,neutral,neutral,unmodified/text
1798,267,5,dia267_utt5.mp4,negative,negative,unmodified/text
1799,267,6,dia267_utt6.mp4,neutral,neutral,unmodified/text
1800,267,7,dia267_utt7.mp4,neutral,neutral,unmodified/text
1801,267,8,dia267_utt8.mp4,neutral,negative,unmodified/text
1802,267,9,dia267_utt9.mp4,positive,neutral,unmodified/text
1803,268,0,dia268_utt0.mp4,positive,negative,unmodified/text
1804,268,1,dia268_utt1.mp4,negative,negative,unmodified/text
1805,268,10,dia268_utt10.mp4,negative,negative,unmodified/text
1806,268,11,dia268_utt11.mp4,neutral,neutral,unmodified/text
1807,268,12,dia268_utt12.mp4,neutral,neutral,unmodified/text
1808,268,13,dia268_utt13.mp4,neutral,neutral,unmodified/text
1809,268,2,dia268_utt2.mp4,negative,negative,unmodified/text
1810,268,3,dia268_utt3.mp4,neutral,neutral,unmodified/text
1811,268,4,dia268_utt4.mp4,neutral,neutral,unmodified/text
1812,268,5,dia268_utt5.mp4,neutral,neutral,unmodified/text
1813,268,6,dia268_utt6.mp4,neutral,neutral,unmodified/text
1814,268,7,dia268_utt7.mp4,neutral,neutral,unmodified/text
1815,268,8,dia268_utt8.mp4,positive,neutral,unmodified/text
1816,268,9,dia268_utt9.mp4,neutral,neutral,unmodified/text
1817,269,0,dia269_utt0.mp4,neutral,neutral,unmodified/text
1818,269,1,dia269_utt1.mp4,neutral,negative,unmodified/text
1819,269,2,dia269_utt2.mp4,neutral,positive,unmodified/text
1820,269,3,dia269_utt3.mp4,positive,positive,unmodified/text
1821,269,4,dia269_utt4.mp4,neutral,neutral,unmodified/text
1822,26,0,dia26_utt0.mp4,positive,positive,unmodified/text
1823,270,0,dia270_utt0.mp4,neutral,neutral,unmodified/text
1824,270,1,dia270_utt1.mp4,neutral,neutral,unmodified/text
1825,270,10,dia270_utt10.mp4,positive,positive,unmodified/text
1826,270,11,dia270_utt11.mp4,neutral,neutral,unmodified/text
1827,270,12,dia270_utt12.mp4,negative,positive,unmodified/text
1828,270,13,dia270_utt13.mp4,neutral,positive,unmodified/text
1829,270,14,dia270_utt14.mp4,negative,negative,unmodified/text
1830,270,2,dia270_utt2.mp4,neutral,neutral,unmodified/text
1831,270,3,dia270_utt3.mp4,neutral,neutral,unmodified/text
1832,270,4,dia270_utt4.mp4,neutral,neutral,unmodified/text
1833,270,5,dia270_utt5.mp4,neutral,neutral,unmodified/text
1834,270,6,dia270_utt6.mp4,neutral,neutral,unmodified/text
1835,270,7,dia270_utt7.mp4,neutral,neutral,unmodified/text
1836,270,8,dia270_utt8.mp4,negative,positive,unmodified/text
1837,270,9,dia270_utt9.mp4,neutral,neutral,unmodified/text
1838,271,0,dia271_utt0.mp4,negative,neutral,unmodified/text
1839,271,1,dia271_utt1.mp4,neutral,neutral,unmodified/text
1840,271,2,dia271_utt2.mp4,neutral,neutral,unmodified/text
1841,271,3,dia271_utt3.mp4,negative,negative,unmodified/text
1842,271,4,dia271_utt4.mp4,positive,positive,unmodified/text
1843,271,5,dia271_utt5.mp4,negative,neutral,unmodified/text
1844,272,0,dia272_utt0.mp4,neutral,neutral,unmodified/text
1845,272,1,dia272_utt1.mp4,negative,neutral,unmodified/text
1846,272,2,dia272_utt2.mp4,negative,neutral,unmodified/text
1847,272,3,dia272_utt3.mp4,negative,neutral,unmodified/text
1848,272,4,dia272_utt4.mp4,neutral,negative,unmodified/text
1849,272,5,dia272_utt5.mp4,negative,negative,unmodified/text
1850,273,0,dia273_utt0.mp4,neutral,neutral,unmodified/text
1851,273,1,dia273_utt1.mp4,neutral,negative,unmodified/text
1852,273,2,dia273_utt2.mp4,neutral,neutral,unmodified/text
1853,273,3,dia273_utt3.mp4,neutral,neutral,unmodified/text
1854,274,0,dia274_utt0.mp4,neutral,neutral,unmodified/text
1855,274,1,dia274_utt1.mp4,negative,neutral,unmodified/text
1856,274,2,dia274_utt2.mp4,negative,negative,unmodified/text
1857,274,3,dia274_utt3.mp4,positive,positive,unmodified/text
1858,274,4,dia274_utt4.mp4,positive,positive,unmodified/text
1859,275,0,dia275_utt0.mp4,neutral,neutral,unmodified/text
1860,275,1,dia275_utt1.mp4,neutral,neutral,unmodified/text
1861,275,2,dia275_utt2.mp4,neutral,neutral,unmodified/text
1862,275,3,dia275_utt3.mp4,neutral,neutral,unmodified/text
1863,276,0,dia276_utt0.mp4,neutral,neutral,unmodified/text
1864,277,0,dia277_utt0.mp4,neutral,negative,unmodified/text
1865,278,0,dia278_utt0.mp4,negative,negative,unmodified/text
1866,278,1,dia278_utt1.mp4,positive,positive,unmodified/text
1867,278,10,dia278_utt10.mp4,neutral,neutral,unmodified/text
1868,278,11,dia278_utt11.mp4,neutral,positive,unmodified/text
1869,278,12,dia278_utt12.mp4,neutral,neutral,unmodified/text
1870,278,13,dia278_utt13.mp4,positive,positive,unmodified/text
1871,278,14,dia278_utt14.mp4,positive,neutral,unmodified/text
1872,278,15,dia278_utt15.mp4,neutral,neutral,unmodified/text
1873,278,16,dia278_utt16.mp4,neutral,neutral,unmodified/text
1874,278,2,dia278_utt2.mp4,neutral,neutral,unmodified/text
1875,278,3,dia278_utt3.mp4,neutral,positive,unmodified/text
1876,278,4,dia278_utt4.mp4,negative,neutral,unmodified/text
1877,278,5,dia278_utt5.mp4,positive,positive,unmodified/text
1878,278,6,dia278_utt6.mp4,positive,neutral,unmodified/text
1879,278,7,dia278_utt7.mp4,negative,negative,unmodified/text
1880,278,8,dia278_utt8.mp4,negative,negative,unmodified/text
1881,278,9,dia278_utt9.mp4,positive,positive,unmodified/text
1882,279,0,dia279_utt0.mp4,neutral,negative,unmodified/text
1883,279,1,dia279_utt1.mp4,negative,negative,unmodified/text
1884,279,10,dia279_utt10.mp4,neutral,negative,unmodified/text
1885,279,11,dia279_utt11.mp4,negative,neutral,unmodified/text
1886,279,12,dia279_utt12.mp4,negative,negative,unmodified/text
1887,279,13,dia279_utt13.mp4,positive,neutral,unmodified/text
1888,279,14,dia279_utt14.mp4,neutral,neutral,unmodified/text
1889,279,15,dia279_utt15.mp4,positive,neutral,unmodified/text
1890,279,2,dia279_utt2.mp4,negative,negative,unmodified/text
1891,279,3,dia279_utt3.mp4,negative,negative,unmodified/text
1892,279,4,dia279_utt4.mp4,neutral,negative,unmodified/text
1893,279,5,dia279_utt5.mp4,neutral,neutral,unmodified/text
1894,279,6,dia279_utt6.mp4,neutral,neutral,unmodified/text
1895,279,7,dia279_utt7.mp4,negative,negative,unmodified/text
1896,279,8,dia279_utt8.mp4,positive,neutral,unmodified/text
1897,279,9,dia279_utt9.mp4,negative,neutral,unmodified/text
1898,27,0,dia27_utt0.mp4,neutral,positive,unmodified/text
1899,27,1,dia27_utt1.mp4,neutral,neutral,unmodified/text
1900,28,0,dia28_utt0.mp4,neutral,neutral,unmodified/text
1901,28,1,dia28_utt1.mp4,negative,positive,unmodified/text
1902,28,10,dia28_utt10.mp4,negative,neutral,unmodified/text
1903,28,11,dia28_utt11.mp4,neutral,neutral,unmodified/text
1904,28,12,dia28_utt12.mp4,neutral,neutral,unmodified/text
1905,28,13,dia28_utt13.mp4,neutral,neutral,unmodified/text
1906,28,14,dia28_utt14.mp4,positive,positive,unmodified/text
1907,28,15,dia28_utt15.mp4,negative,negative,unmodified/text
1908,28,16,dia28_utt16.mp4,neutral,neutral,unmodified/text
1909,28,2,dia28_utt2.mp4,neutral,neutral,unmodified/text
1910,28,3,dia28_utt3.mp4,neutral,negative,unmodified/text
1911,28,4,dia28_utt4.mp4,neutral,neutral,unmodified/text
1912,28,5,dia28_utt5.mp4,neutral,neutral,unmodified/text
1913,28,6,dia28_utt6.mp4,negative,neutral,unmodified/text
1914,28,7,dia28_utt7.mp4,neutral,positive,unmodified/text
1915,28,8,dia28_utt8.mp4,neutral,neutral,unmodified/text
1916,28,9,dia28_utt9.mp4,negative,negative,unmodified/text
1917,29,0,dia29_utt0.mp4,neutral,neutral,unmodified/text
1918,29,1,dia29_utt1.mp4,negative,negative,unmodified/text
1919,29,10,dia29_utt10.mp4,neutral,negative,unmodified/text
1920,29,11,dia29_utt11.mp4,positive,positive,unmodified/text
1921,29,12,dia29_utt12.mp4,positive,positive,unmodified/text
1922,29,2,dia29_utt2.mp4,positive,neutral,unmodified/text
1923,29,3,dia29_utt3.mp4,positive,positive,unmodified/text
1924,29,4,dia29_utt4.mp4,neutral,positive,unmodified/text
1925,29,5,dia29_utt5.mp4,neutral,positive,unmodified/text
1926,29,6,dia29_utt6.mp4,negative,negative,unmodified/text
1927,29,7,dia29_utt7.mp4,positive,positive,unmodified/text
1928,29,8,dia29_utt8.mp4,neutral,neutral,unmodified/text
1929,29,9,dia29_utt9.mp4,negative,neutral,unmodified/text
1930,2,0,dia2_utt0.mp4,neutral,neutral,unmodified/text
1931,2,1,dia2_utt1.mp4,neutral,neutral,unmodified/text
1932,2,10,dia2_utt10.mp4,positive,neutral,unmodified/text
1933,2,2,dia2_utt2.mp4,neutral,negative,unmodified/text
1934,2,3,dia2_utt3.mp4,positive,negative,unmodified/text
1935,2,4,dia2_utt4.mp4,negative,negative,unmodified/text
1936,2,5,dia2_utt5.mp4,neutral,negative,unmodified/text
1937,2,6,dia2_utt6.mp4,positive,negative,unmodified/text
1938,2,7,dia2_utt7.mp4,positive,positive,unmodified/text
1939,2,8,dia2_utt8.mp4,positive,positive,unmodified/text
1940,2,9,dia2_utt9.mp4,neutral,neutral,unmodified/text
1941,30,0,dia30_utt0.mp4,negative,negative,unmodified/text
1942,30,1,dia30_utt1.mp4,negative,positive,unmodified/text
1943,30,2,dia30_utt2.mp4,positive,positive,unmodified/text
1944,30,3,dia30_utt3.mp4,neutral,positive,unmodified/text
1945,30,4,dia30_utt4.mp4,neutral,positive,unmodified/text
1946,30,5,dia30_utt5.mp4,positive,negative,unmodified/text
1947,31,0,dia31_utt0.mp4,neutral,neutral,unmodified/text
1948,32,0,dia32_utt0.mp4,positive,positive,unmodified/text
1949,32,1,dia32_utt1.mp4,positive,positive,unmodified/text
1950,32,10,dia32_utt10.mp4,negative,negative,unmodified/text
1951,32,11,dia32_utt11.mp4,neutral,negative,unmodified/text
1952,32,12,dia32_utt12.mp4,positive,positive,unmodified/text
1953,32,2,dia32_utt2.mp4,neutral,neutral,unmodified/text
1954,32,3,dia32_utt3.mp4,neutral,neutral,unmodified/text
1955,32,4,dia32_utt4.mp4,neutral,neutral,unmodified/text
1956,32,5,dia32_utt5.mp4,neutral,negative,unmodified/text
1957,32,6,dia32_utt6.mp4,neutral,neutral,unmodified/text
1958,32,7,dia32_utt7.mp4,neutral,neutral,unmodified/text
1959,32,8,dia32_utt8.mp4,neutral,positive,unmodified/text
1960,32,9,dia32_utt9.mp4,negative,negative,unmodified/text
1961,33,0,dia33_utt0.mp4,neutral,negative,unmodified/text
1962,33,1,dia33_utt1.mp4,positive,negative,unmodified/text
1963,33,10,dia33_utt10.mp4,negative,negative,unmodified/text
1964,33,2,dia33_utt2.mp4,neutral,neutral,unmodified/text
1965,33,3,dia33_utt3.mp4,neutral,neutral,unmodified/text
1966,33,4,dia33_utt4.mp4,positive,positive,unmodified/text
1967,33,5,dia33_utt5.mp4,negative,negative,unmodified/text
1968,33,6,dia33_utt6.mp4,negative,negative,unmodified/text
1969,33,7,dia33_utt7.mp4,neutral,neutral,unmodified/text
1970,33,8,dia33_utt8.mp4,neutral,neutral,unmodified/text
1971,33,9,dia33_utt9.mp4,negative,negative,unmodified/text
1972,34,0,dia34_utt0.mp4,negative,neutral,unmodified/text
1973,34,1,dia34_utt1.mp4,negative,negative,unmodified/text
1974,34,10,dia34_utt10.mp4,neutral,neutral,unmodified/text
1975,34,11,dia34_utt11.mp4,neutral,neutral,unmodified/text
1976,34,12,dia34_utt12.mp4,positive,negative,unmodified/text
1977,34,13,dia34_utt13.mp4,positive,positive,unmodified/text
1978,34,14,dia34_utt14.mp4,neutral,negative,unmodified/text
1979,34,15,dia34_utt15.mp4,negative,negative,unmodified/text
1980,34,16,dia34_utt16.mp4,neutral,neutral,unmodified/text
1981,34,17,dia34_utt17.mp4,negative,negative,unmodified/text
1982,34,18,dia34_utt18.mp4,positive,negative,unmodified/text
1983,34,2,dia34_utt2.mp4,positive,positive,unmodified/text
1984,34,3,dia34_utt3.mp4,positive,positive,unmodified/text
1985,34,4,dia34_utt4.mp4,negative,negative,unmodified/text
1986,34,5,dia34_utt5.mp4,negative,negative,unmodified/text
1987,34,6,dia34_utt6.mp4,positive,negative,unmodified/text
1988,34,7,dia34_utt7.mp4,neutral,negative,unmodified/text
1989,34,8,dia34_utt8.mp4,neutral,neutral,unmodified/text
1990,34,9,dia34_utt9.mp4,neutral,neutral,unmodified/text
1991,35,0,dia35_utt0.mp4,positive,neutral,unmodified/text
1992,35,1,dia35_utt1.mp4,positive,positive,unmodified/text
1993,35,2,dia35_utt2.mp4,neutral,neutral,unmodified/text
1994,35,3,dia35_utt3.mp4,neutral,neutral,unmodified/text
1995,35,4,dia35_utt4.mp4,neutral,neutral,unmodified/text
1996,36,0,dia36_utt0.mp4,neutral,neutral,unmodified/text
1997,36,1,dia36_utt1.mp4,negative,negative,unmodified/text
1998,37,0,dia37_utt0.mp4,negative,negative,unmodified/text
1999,37,1,dia37_utt1.mp4,neutral,neutral,unmodified/text
2000,37,2,dia37_utt2.mp4,negative,negative,unmodified/text
2001,37,3,dia37_utt3.mp4,negative,negative,unmodified/text
2002,37,4,dia37_utt4.mp4,positive,negative,unmodified/text
2003,37,5,dia37_utt5.mp4,positive,neutral,unmodified/text
2004,37,6,dia37_utt6.mp4,neutral,negative,unmodified/text
2005,37,7,dia37_utt7.mp4,neutral,negative,unmodified/text
2006,38,0,dia38_utt0.mp4,positive,positive,unmodified/text
2007,38,1,dia38_utt1.mp4,positive,positive,unmodified/text
2008,38,2,dia38_utt2.mp4,neutral,neutral,unmodified/text
2009,38,3,dia38_utt3.mp4,neutral,positive,unmodified/text
2010,39,0,dia39_utt0.mp4,neutral,neutral,unmodified/text
2011,39,1,dia39_utt1.mp4,neutral,neutral,unmodified/text
2012,39,10,dia39_utt10.mp4,neutral,neutral,unmodified/text
2013,39,11,dia39_utt11.mp4,positive,neutral,unmodified/text
2014,39,2,dia39_utt2.mp4,neutral,neutral,unmodified/text
2015,39,3,dia39_utt3.mp4,negative,neutral,unmodified/text
2016,39,4,dia39_utt4.mp4,positive,neutral,unmodified/text
2017,39,5,dia39_utt5.mp4,negative,neutral,unmodified/text
2018,39,6,dia39_utt6.mp4,negative,positive,unmodified/text
2019,39,7,dia39_utt7.mp4,neutral,neutral,unmodified/text
2020,39,8,dia39_utt8.mp4,negative,neutral,unmodified/text
2021,39,9,dia39_utt9.mp4,positive,positive,unmodified/text
2022,3,0,dia3_utt0.mp4,neutral,neutral,unmodified/text
2023,3,1,dia3_utt1.mp4,neutral,negative,unmodified/text
2024,3,2,dia3_utt2.mp4,neutral,neutral,unmodified/text
2025,3,3,dia3_utt3.mp4,neutral,neutral,unmodified/text
2026,3,4,dia3_utt4.mp4,negative,negative,unmodified/text
2027,3,5,dia3_utt5.mp4,negative,negative,unmodified/text
2028,3,6,dia3_utt6.mp4,positive,neutral,unmodified/text
2029,40,0,dia40_utt0.mp4,positive,positive,unmodified/text
2030,40,1,dia40_utt1.mp4,neutral,neutral,unmodified/text
2031,41,0,dia41_utt0.mp4,neutral,neutral,unmodified/text
2032,41,1,dia41_utt1.mp4,positive,negative,unmodified/text
2033,41,10,dia41_utt10.mp4,positive,negative,unmodified/text
2034,41,11,dia41_utt11.mp4,neutral,negative,unmodified/text
2035,41,12,dia41_utt12.mp4,neutral,neutral,unmodified/text
2036,41,2,dia41_utt2.mp4,negative,negative,unmodified/text
2037,41,3,dia41_utt3.mp4,neutral,negative,unmodified/text
2038,41,4,dia41_utt4.mp4,neutral,negative,unmodified/text
2039,41,5,dia41_utt5.mp4,neutral,negative,unmodified/text
2040,41,6,dia41_utt6.mp4,negative,negative,unmodified/text
2041,41,7,dia41_utt7.mp4,neutral,neutral,unmodified/text
2042,41,8,dia41_utt8.mp4,negative,negative,unmodified/text
2043,41,9,dia41_utt9.mp4,neutral,negative,unmodified/text
2044,42,0,dia42_utt0.mp4,positive,positive,unmodified/text
2045,42,1,dia42_utt1.mp4,negative,negative,unmodified/text
2046,42,2,dia42_utt2.mp4,neutral,neutral,unmodified/text
2047,42,3,dia42_utt3.mp4,positive,positive,unmodified/text
2048,42,4,dia42_utt4.mp4,neutral,neutral,unmodified/text
2049,42,5,dia42_utt5.mp4,neutral,positive,unmodified/text
2050,42,6,dia42_utt6.mp4,negative,positive,unmodified/text
2051,42,7,dia42_utt7.mp4,negative,positive,unmodified/text
2052,42,8,dia42_utt8.mp4,neutral,neutral,unmodified/text
2053,43,0,dia43_utt0.mp4,neutral,neutral,unmodified/text
2054,43,1,dia43_utt1.mp4,neutral,neutral,unmodified/text
2055,43,2,dia43_utt2.mp4,neutral,neutral,unmodified/text
2056,43,3,dia43_utt3.mp4,neutral,neutral,unmodified/text
2057,43,4,dia43_utt4.mp4,neutral,neutral,unmodified/text
2058,43,5,dia43_utt5.mp4,positive,neutral,unmodified/text
2059,43,6,dia43_utt6.mp4,neutral,neutral,unmodified/text
2060,44,0,dia44_utt0.mp4,neutral,neutral,unmodified/text
2061,44,1,dia44_utt1.mp4,neutral,neutral,unmodified/text
2062,44,2,dia44_utt2.mp4,negative,positive,unmodified/text
2063,44,3,dia44_utt3.mp4,neutral,neutral,unmodified/text
2064,45,0,dia45_utt0.mp4,negative,negative,unmodified/text
2065,45,1,dia45_utt1.mp4,positive,neutral,unmodified/text
2066,45,2,dia45_utt2.mp4,neutral,neutral,unmodified/text
2067,45,3,dia45_utt3.mp4,positive,positive,unmodified/text
2068,45,4,dia45_utt4.mp4,positive,positive,unmodified/text
2069,45,5,dia45_utt5.mp4,positive,positive,unmodified/text
2070,45,6,dia45_utt6.mp4,negative,negative,unmodified/text
2071,45,7,dia45_utt7.mp4,neutral,neutral,unmodified/text
2072,45,8,dia45_utt8.mp4,neutral,neutral,unmodified/text
2073,46,0,dia46_utt0.mp4,positive,positive,unmodified/text
2074,46,1,dia46_utt1.mp4,neutral,positive,unmodified/text
2075,46,2,dia46_utt2.mp4,negative,positive,unmodified/text
2076,46,3,dia46_utt3.mp4,neutral,positive,unmodified/text
2077,46,4,dia46_utt4.mp4,positive,positive,unmodified/text
2078,46,5,dia46_utt5.mp4,positive,positive,unmodified/text
2079,46,6,dia46_utt6.mp4,neutral,neutral,unmodified/text
2080,46,7,dia46_utt7.mp4,negative,positive,unmodified/text
2081,46,8,dia46_utt8.mp4,positive,positive,unmodified/text
2082,47,0,dia47_utt0.mp4,negative,negative,unmodified/text
2083,47,1,dia47_utt1.mp4,neutral,negative,unmodified/text
2084,47,10,dia47_utt10.mp4,neutral,neutral,unmodified/text
2085,47,11,dia47_utt11.mp4,neutral,neutral,unmodified/text
2086,47,12,dia47_utt12.mp4,neutral,neutral,unmodified/text
2087,47,13,dia47_utt13.mp4,positive,neutral,unmodified/text
2088,47,2,dia47_utt2.mp4,neutral,negative,unmodified/text
2089,47,3,dia47_utt3.mp4,neutral,neutral,unmodified/text
2090,47,4,dia47_utt4.mp4,negative,neutral,unmodified/text
2091,47,5,dia47_utt5.mp4,neutral,neutral,unmodified/text
2092,47,6,dia47_utt6.mp4,negative,negative,unmodified/text
2093,47,7,dia47_utt7.mp4,negative,neutral,unmodified/text
2094,47,8,dia47_utt8.mp4,neutral,neutral,unmodified/text
2095,47,9,dia47_utt9.mp4,neutral,neutral,unmodified/text
2096,48,0,dia48_utt0.mp4,neutral,neutral,unmodified/text
2097,48,1,dia48_utt1.mp4,neutral,neutral,unmodified/text
2098,48,2,dia48_utt2.mp4,neutral,neutral,unmodified/text
2099,48,3,dia48_utt3.mp4,positive,positive,unmodified/text
2100,48,4,dia48_utt4.mp4,positive,positive,unmodified/text
2101,48,5,dia48_utt5.mp4,positive,positive,unmodified/text
2102,48,6,dia48_utt6.mp4,positive,positive,unmodified/text
2103,49,0,dia49_utt0.mp4,neutral,positive,unmodified/text
2104,49,1,dia49_utt1.mp4,neutral,positive,unmodified/text
2105,49,10,dia49_utt10.mp4,neutral,neutral,unmodified/text
2106,49,11,dia49_utt11.mp4,neutral,positive,unmodified/text
2107,49,12,dia49_utt12.mp4,negative,positive,unmodified/text
2108,49,13,dia49_utt13.mp4,neutral,neutral,unmodified/text
2109,49,14,dia49_utt14.mp4,positive,positive,unmodified/text
2110,49,15,dia49_utt15.mp4,neutral,neutral,unmodified/text
2111,49,16,dia49_utt16.mp4,neutral,neutral,unmodified/text
2112,49,2,dia49_utt2.mp4,neutral,neutral,unmodified/text
2113,49,3,dia49_utt3.mp4,neutral,neutral,unmodified/text
2114,49,4,dia49_utt4.mp4,neutral,neutral,unmodified/text
2115,49,5,dia49_utt5.mp4,positive,neutral,unmodified/text
2116,49,6,dia49_utt6.mp4,neutral,neutral,unmodified/text
2117,49,7,dia49_utt7.mp4,neutral,neutral,unmodified/text
2118,49,8,dia49_utt8.mp4,neutral,neutral,unmodified/text
2119,49,9,dia49_utt9.mp4,neutral,positive,unmodified/text
2120,4,0,dia4_utt0.mp4,neutral,positive,unmodified/text
2121,4,1,dia4_utt1.mp4,neutral,neutral,unmodified/text
2122,4,2,dia4_utt2.mp4,positive,positive,unmodified/text
2123,4,3,dia4_utt3.mp4,positive,positive,unmodified/text
2124,4,4,dia4_utt4.mp4,negative,neutral,unmodified/text
2125,4,5,dia4_utt5.mp4,negative,negative,unmodified/text
2126,4,6,dia4_utt6.mp4,negative,negative,unmodified/text
2127,4,7,dia4_utt7.mp4,negative,negative,unmodified/text
2128,4,8,dia4_utt8.mp4,positive,neutral,unmodified/text
2129,50,0,dia50_utt0.mp4,neutral,neutral,unmodified/text
2130,50,1,dia50_utt1.mp4,neutral,neutral,unmodified/text
2131,50,2,dia50_utt2.mp4,negative,negative,unmodified/text
2132,50,3,dia50_utt3.mp4,negative,neutral,unmodified/text
2133,51,0,dia51_utt0.mp4,neutral,positive,unmodified/text
2134,51,1,dia51_utt1.mp4,neutral,positive,unmodified/text
2135,51,2,dia51_utt2.mp4,positive,neutral,unmodified/text
2136,52,0,dia52_utt0.mp4,neutral,neutral,unmodified/text
2137,52,1,dia52_utt1.mp4,negative,negative,unmodified/text
2138,52,10,dia52_utt10.mp4,positive,negative,unmodified/text
2139,52,11,dia52_utt11.mp4,negative,negative,unmodified/text
2140,52,2,dia52_utt2.mp4,neutral,neutral,unmodified/text
2141,52,3,dia52_utt3.mp4,neutral,negative,unmodified/text
2142,52,4,dia52_utt4.mp4,neutral,neutral,unmodified/text
2143,52,5,dia52_utt5.mp4,neutral,neutral,unmodified/text
2144,52,6,dia52_utt6.mp4,neutral,neutral,unmodified/text
2145,52,7,dia52_utt7.mp4,neutral,negative,unmodified/text
2146,52,8,dia52_utt8.mp4,neutral,negative,unmodified/text
2147,52,9,dia52_utt9.mp4,neutral,neutral,unmodified/text
2148,53,0,dia53_utt0.mp4,positive,positive,unmodified/text
2149,53,1,dia53_utt1.mp4,neutral,neutral,unmodified/text
2150,53,10,dia53_utt10.mp4,neutral,neutral,unmodified/text
2151,53,11,dia53_utt11.mp4,neutral,positive,unmodified/text
2152,53,12,dia53_utt12.mp4,positive,positive,unmodified/text
2153,53,2,dia53_utt2.mp4,positive,positive,unmodified/text
2154,53,3,dia53_utt3.mp4,positive,positive,unmodified/text
2155,53,4,dia53_utt4.mp4,positive,positive,unmodified/text
2156,53,5,dia53_utt5.mp4,neutral,neutral,unmodified/text
2157,53,6,dia53_utt6.mp4,negative,negative,unmodified/text
2158,53,7,dia53_utt7.mp4,negative,negative,unmodified/text
2159,53,8,dia53_utt8.mp4,neutral,positive,unmodified/text
2160,53,9,dia53_utt9.mp4,neutral,positive,unmodified/text
2161,54,0,dia54_utt0.mp4,neutral,neutral,unmodified/text
2162,54,1,dia54_utt1.mp4,neutral,neutral,unmodified/text
2163,54,10,dia54_utt10.mp4,negative,negative,unmodified/text
2164,54,11,dia54_utt11.mp4,positive,negative,unmodified/text
2165,54,2,dia54_utt2.mp4,neutral,neutral,unmodified/text
2166,54,3,dia54_utt3.mp4,negative,negative,unmodified/text
2167,54,4,dia54_utt4.mp4,negative,neutral,unmodified/text
2168,54,5,dia54_utt5.mp4,negative,negative,unmodified/text
2169,54,6,dia54_utt6.mp4,negative,neutral,unmodified/text
2170,54,7,dia54_utt7.mp4,negative,negative,unmodified/text
2171,54,8,dia54_utt8.mp4,negative,neutral,unmodified/text
2172,54,9,dia54_utt9.mp4,negative,neutral,unmodified/text
2173,55,0,dia55_utt0.mp4,neutral,neutral,unmodified/text
2174,55,1,dia55_utt1.mp4,neutral,neutral,unmodified/text
2175,55,2,dia55_utt2.mp4,neutral,positive,unmodified/text
2176,56,0,dia56_utt0.mp4,negative,negative,unmodified/text
2177,56,1,dia56_utt1.mp4,positive,neutral,unmodified/text
2178,56,10,dia56_utt10.mp4,positive,positive,unmodified/text
2179,56,11,dia56_utt11.mp4,positive,positive,unmodified/text
2180,56,2,dia56_utt2.mp4,positive,positive,unmodified/text
2181,56,3,dia56_utt3.mp4,neutral,neutral,unmodified/text
2182,56,4,dia56_utt4.mp4,negative,negative,unmodified/text
2183,56,5,dia56_utt5.mp4,positive,positive,unmodified/text
2184,56,6,dia56_utt6.mp4,neutral,neutral,unmodified/text
2185,56,7,dia56_utt7.mp4,neutral,positive,unmodified/text
2186,56,8,dia56_utt8.mp4,positive,positive,unmodified/text
2187,56,9,dia56_utt9.mp4,neutral,neutral,unmodified/text
2188,57,0,dia57_utt0.mp4,neutral,neutral,unmodified/text
2189,57,1,dia57_utt1.mp4,neutral,positive,unmodified/text
2190,57,2,dia57_utt2.mp4,negative,positive,unmodified/text
2191,57,3,dia57_utt3.mp4,neutral,neutral,unmodified/text
2192,57,4,dia57_utt4.mp4,positive,positive,unmodified/text
2193,57,5,dia57_utt5.mp4,negative,negative,unmodified/text
2194,58,0,dia58_utt0.mp4,neutral,positive,unmodified/text
2195,58,1,dia58_utt1.mp4,neutral,positive,unmodified/text
2196,58,10,dia58_utt10.mp4,neutral,negative,unmodified/text
2197,58,11,dia58_utt11.mp4,neutral,neutral,unmodified/text
2198,58,12,dia58_utt12.mp4,positive,positive,unmodified/text
2199,58,13,dia58_utt13.mp4,positive,positive,unmodified/text
2200,58,14,dia58_utt14.mp4,neutral,neutral,unmodified/text
2201,58,15,dia58_utt15.mp4,neutral,neutral,unmodified/text
2202,58,16,dia58_utt16.mp4,positive,negative,unmodified/text
2203,58,2,dia58_utt2.mp4,positive,positive,unmodified/text
2204,58,3,dia58_utt3.mp4,negative,positive,unmodified/text
2205,58,4,dia58_utt4.mp4,neutral,neutral,unmodified/text
2206,58,5,dia58_utt5.mp4,negative,neutral,unmodified/text
2207,58,6,dia58_utt6.mp4,neutral,neutral,unmodified/text
2208,58,7,dia58_utt7.mp4,neutral,positive,unmodified/text
2209,58,8,dia58_utt8.mp4,positive,positive,unmodified/text
2210,58,9,dia58_utt9.mp4,positive,negative,unmodified/text
2211,59,0,dia59_utt0.mp4,positive,neutral,unmodified/text
2212,59,1,dia59_utt1.mp4,neutral,neutral,unmodified/text
2213,59,2,dia59_utt2.mp4,neutral,negative,unmodified/text
2214,5,0,dia5_utt0.mp4,positive,negative,unmodified/text
2215,5,1,dia5_utt1.mp4,neutral,neutral,unmodified/text
2216,5,2,dia5_utt2.mp4,neutral,neutral,unmodified/text
2217,5,3,dia5_utt3.mp4,neutral,neutral,unmodified/text
2218,5,4,dia5_utt4.mp4,neutral,neutral,unmodified/text
2219,5,5,dia5_utt5.mp4,neutral,neutral,unmodified/text
2220,5,6,dia5_utt6.mp4,neutral,neutral,unmodified/text
2221,5,7,dia5_utt7.mp4,neutral,neutral,unmodified/text
2222,5,8,dia5_utt8.mp4,neutral,neutral,unmodified/text
2223,60,0,dia60_utt0.mp4,negative,negative,unmodified/text
2224,60,1,dia60_utt1.mp4,positive,neutral,unmodified/text
2225,60,2,dia60_utt2.mp4,neutral,positive,unmodified/text
2226,60,3,dia60_utt3.mp4,positive,positive,unmodified/text
2227,60,4,dia60_utt4.mp4,negative,negative,unmodified/text
2228,60,5,dia60_utt5.mp4,negative,negative,unmodified/text
2229,60,6,dia60_utt6.mp4,positive,negative,unmodified/text
2230,61,0,dia61_utt0.mp4,positive,positive,unmodified/text
2231,61,1,dia61_utt1.mp4,neutral,negative,unmodified/text
2232,61,2,dia61_utt2.mp4,neutral,positive,unmodified/text
2233,62,0,dia62_utt0.mp4,neutral,neutral,unmodified/text
2234,62,1,dia62_utt1.mp4,neutral,negative,unmodified/text
2235,63,0,dia63_utt0.mp4,neutral,neutral,unmodified/text
2236,63,1,dia63_utt1.mp4,neutral,neutral,unmodified/text
2237,64,0,dia64_utt0.mp4,negative,negative,unmodified/text
2238,64,1,dia64_utt1.mp4,positive,neutral,unmodified/text
2239,64,10,dia64_utt10.mp4,neutral,neutral,unmodified/text
2240,64,11,dia64_utt11.mp4,neutral,neutral,unmodified/text
2241,64,12,dia64_utt12.mp4,neutral,negative,unmodified/text
2242,64,13,dia64_utt13.mp4,positive,neutral,unmodified/text
2243,64,14,dia64_utt14.mp4,negative,negative,unmodified/text
2244,64,15,dia64_utt15.mp4,positive,neutral,unmodified/text
2245,64,16,dia64_utt16.mp4,neutral,neutral,unmodified/text
2246,64,2,dia64_utt2.mp4,negative,negative,unmodified/text
2247,64,3,dia64_utt3.mp4,neutral,negative,unmodified/text
2248,64,4,dia64_utt4.mp4,positive,negative,unmodified/text
2249,64,5,dia64_utt5.mp4,neutral,neutral,unmodified/text
2250,64,6,dia64_utt6.mp4,neutral,neutral,unmodified/text
2251,64,7,dia64_utt7.mp4,neutral,neutral,unmodified/text
2252,64,8,dia64_utt8.mp4,negative,neutral,unmodified/text
2253,64,9,dia64_utt9.mp4,neutral,neutral,unmodified/text
2254,65,0,dia65_utt0.mp4,neutral,neutral,unmodified/text
2255,65,1,dia65_utt1.mp4,neutral,neutral,unmodified/text
2256,65,10,dia65_utt10.mp4,neutral,negative,unmodified/text
2257,65,2,dia65_utt2.mp4,neutral,neutral,unmodified/text
2258,65,3,dia65_utt3.mp4,negative,negative,unmodified/text
2259,65,4,dia65_utt4.mp4,neutral,negative,unmodified/text
2260,65,5,dia65_utt5.mp4,neutral,neutral,unmodified/text
2261,65,6,dia65_utt6.mp4,positive,negative,unmodified/text
2262,65,7,dia65_utt7.mp4,neutral,neutral,unmodified/text
2263,65,8,dia65_utt8.mp4,neutral,neutral,unmodified/text
2264,65,9,dia65_utt9.mp4,positive,negative,unmodified/text
2265,66,0,dia66_utt0.mp4,neutral,neutral,unmodified/text
2266,66,1,dia66_utt1.mp4,positive,positive,unmodified/text
2267,66,2,dia66_utt2.mp4,positive,positive,unmodified/text
2268,66,3,dia66_utt3.mp4,positive,neutral,unmodified/text
2269,66,4,dia66_utt4.mp4,positive,positive,unmodified/text
2270,67,0,dia67_utt0.mp4,neutral,neutral,unmodified/text
2271,67,1,dia67_utt1.mp4,neutral,neutral,unmodified/text
2272,67,2,dia67_utt2.mp4,neutral,neutral,unmodified/text
2273,67,3,dia67_utt3.mp4,neutral,positive,unmodified/text
2274,68,0,dia68_utt0.mp4,positive,negative,unmodified/text
2275,68,1,dia68_utt1.mp4,neutral,negative,unmodified/text
2276,68,10,dia68_utt10.mp4,neutral,neutral,unmodified/text
2277,68,11,dia68_utt11.mp4,negative,negative,unmodified/text
2278,68,12,dia68_utt12.mp4,neutral,positive,unmodified/text
2279,68,13,dia68_utt13.mp4,neutral,positive,unmodified/text
2280,68,14,dia68_utt14.mp4,neutral,neutral,unmodified/text
2281,68,2,dia68_utt2.mp4,neutral,neutral,unmodified/text
2282,68,3,dia68_utt3.mp4,negative,negative,unmodified/text
2283,68,4,dia68_utt4.mp4,neutral,neutral,unmodified/text
2284,68,5,dia68_utt5.mp4,negative,negative,unmodified/text
2285,68,6,dia68_utt6.mp4,neutral,neutral,unmodified/text
2286,68,7,dia68_utt7.mp4,neutral,positive,unmodified/text
2287,68,8,dia68_utt8.mp4,neutral,neutral,unmodified/text
2288,68,9,dia68_utt9.mp4,neutral,positive,unmodified/text
2289,69,0,dia69_utt0.mp4,negative,negative,unmodified/text
2290,69,1,dia69_utt1.mp4,neutral,negative,unmodified/text
2291,69,2,dia69_utt2.mp4,neutral,neutral,unmodified/text
2292,69,3,dia69_utt3.mp4,neutral,neutral,unmodified/text
2293,69,4,dia69_utt4.mp4,positive,neutral,unmodified/text
2294,69,5,dia69_utt5.mp4,negative,positive,unmodified/text
2295,6,0,dia6_utt0.mp4,neutral,neutral,unmodified/text
2296,6,1,dia6_utt1.mp4,neutral,neutral,unmodified/text
2297,6,2,dia6_utt2.mp4,neutral,negative,unmodified/text
2298,70,0,dia70_utt0.mp4,positive,neutral,unmodified/text
2299,70,1,dia70_utt1.mp4,neutral,neutral,unmodified/text
2300,70,10,dia70_utt10.mp4,negative,negative,unmodified/text
2301,70,11,dia70_utt11.mp4,negative,negative,unmodified/text
2302,70,12,dia70_utt12.mp4,negative,negative,unmodified/text
2303,70,13,dia70_utt13.mp4,neutral,negative,unmodified/text
2304,70,14,dia70_utt14.mp4,negative,negative,unmodified/text
2305,70,15,dia70_utt15.mp4,positive,negative,unmodified/text
2306,70,16,dia70_utt16.mp4,negative,negative,unmodified/text
2307,70,17,dia70_utt17.mp4,negative,positive,unmodified/text
2308,70,18,dia70_utt18.mp4,neutral,neutral,unmodified/text
2309,70,19,dia70_utt19.mp4,neutral,neutral,unmodified/text
2310,70,2,dia70_utt2.mp4,neutral,neutral,unmodified/text
2311,70,20,dia70_utt20.mp4,neutral,neutral,unmodified/text
2312,70,21,dia70_utt21.mp4,neutral,neutral,unmodified/text
2313,70,22,dia70_utt22.mp4,positive,positive,unmodified/text
2314,70,3,dia70_utt3.mp4,neutral,neutral,unmodified/text
2315,70,4,dia70_utt4.mp4,neutral,neutral,unmodified/text
2316,70,5,dia70_utt5.mp4,neutral,neutral,unmodified/text
2317,70,6,dia70_utt6.mp4,neutral,neutral,unmodified/text
2318,70,7,dia70_utt7.mp4,positive,neutral,unmodified/text
2319,70,8,dia70_utt8.mp4,negative,negative,unmodified/text
2320,70,9,dia70_utt9.mp4,negative,negative,unmodified/text
2321,71,0,dia71_utt0.mp4,positive,positive,unmodified/text
2322,71,1,dia71_utt1.mp4,neutral,neutral,unmodified/text
2323,71,10,dia71_utt10.mp4,positive,neutral,unmodified/text
2324,71,11,dia71_utt11.mp4,neutral,neutral,unmodified/text
2325,71,12,dia71_utt12.mp4,positive,positive,unmodified/text
2326,71,13,dia71_utt13.mp4,neutral,negative,unmodified/text
2327,71,2,dia71_utt2.mp4,positive,positive,unmodified/text
2328,71,3,dia71_utt3.mp4,positive,positive,unmodified/text
2329,71,4,dia71_utt4.mp4,neutral,positive,unmodified/text
2330,71,5,dia71_utt5.mp4,neutral,positive,unmodified/text
2331,71,6,dia71_utt6.mp4,neutral,positive,unmodified/text
2332,71,7,dia71_utt7.mp4,neutral,neutral,unmodified/text
2333,71,8,dia71_utt8.mp4,positive,neutral,unmodified/text
2334,71,9,dia71_utt9.mp4,neutral,neutral,unmodified/text
2335,72,0,dia72_utt0.mp4,neutral,neutral,unmodified/text
2336,72,1,dia72_utt1.mp4,neutral,positive,unmodified/text
2337,72,10,dia72_utt10.mp4,negative,negative,unmodified/text
2338,72,11,dia72_utt11.mp4,positive,negative,unmodified/text
2339,72,12,dia72_utt12.mp4,neutral,neutral,unmodified/text
2340,72,13,dia72_utt13.mp4,positive,negative,unmodified/text
2341,72,14,dia72_utt14.mp4,neutral,neutral,unmodified/text
2342,72,15,dia72_utt15.mp4,neutral,neutral,unmodified/text
2343,72,16,dia72_utt16.mp4,positive,positive,unmodified/text
2344,72,2,dia72_utt2.mp4,neutral,negative,unmodified/text
2345,72,3,dia72_utt3.mp4,positive,negative,unmodified/text
2346,72,4,dia72_utt4.mp4,positive,negative,unmodified/text
2347,72,5,dia72_utt5.mp4,neutral,negative,unmodified/text
2348,72,6,dia72_utt6.mp4,neutral,negative,unmodified/text
2349,72,7,dia72_utt7.mp4,neutral,negative,unmodified/text
2350,72,8,dia72_utt8.mp4,positive,negative,unmodified/text
2351,72,9,dia72_utt9.mp4,negative,negative,unmodified/text
2352,73,0,dia73_utt0.mp4,negative,negative,unmodified/text
2353,73,1,dia73_utt1.mp4,neutral,neutral,unmodified/text
2354,73,10,dia73_utt10.mp4,positive,negative,unmodified/text
2355,73,2,dia73_utt2.mp4,neutral,negative,unmodified/text
2356,73,3,dia73_utt3.mp4,neutral,neutral,unmodified/text
2357,73,4,dia73_utt4.mp4,neutral,neutral,unmodified/text
2358,73,5,dia73_utt5.mp4,neutral,neutral,unmodified/text
2359,73,6,dia73_utt6.mp4,neutral,neutral,unmodified/text
2360,73,7,dia73_utt7.mp4,neutral,positive,unmodified/text
2361,73,8,dia73_utt8.mp4,positive,negative,unmodified/text
2362,73,9,dia73_utt9.mp4,negative,neutral,unmodified/text
2363,74,0,dia74_utt0.mp4,negative,positive,unmodified/text
2364,74,1,dia74_utt1.mp4,positive,neutral,unmodified/text
2365,74,2,dia74_utt2.mp4,neutral,neutral,unmodified/text
2366,74,3,dia74_utt3.mp4,neutral,neutral,unmodified/text
2367,74,4,dia74_utt4.mp4,neutral,neutral,unmodified/text
2368,75,0,dia75_utt0.mp4,positive,neutral,unmodified/text
2369,75,1,dia75_utt1.mp4,neutral,neutral,unmodified/text
2370,75,2,dia75_utt2.mp4,neutral,neutral,unmodified/text
2371,75,3,dia75_utt3.mp4,neutral,neutral,unmodified/text
2372,75,4,dia75_utt4.mp4,neutral,negative,unmodified/text
2373,75,5,dia75_utt5.mp4,neutral,neutral,unmodified/text
2374,76,0,dia76_utt0.mp4,neutral,neutral,unmodified/text
2375,76,1,dia76_utt1.mp4,neutral,neutral,unmodified/text
2376,76,10,dia76_utt10.mp4,neutral,neutral,unmodified/text
2377,76,11,dia76_utt11.mp4,neutral,neutral,unmodified/text
2378,76,12,dia76_utt12.mp4,neutral,neutral,unmodified/text
2379,76,13,dia76_utt13.mp4,neutral,neutral,unmodified/text
2380,76,14,dia76_utt14.mp4,neutral,neutral,unmodified/text
2381,76,15,dia76_utt15.mp4,neutral,neutral,unmodified/text
2382,76,16,dia76_utt16.mp4,positive,positive,unmodified/text
2383,76,17,dia76_utt17.mp4,neutral,neutral,unmodified/text
2384,76,18,dia76_utt18.mp4,positive,positive,unmodified/text
2385,76,2,dia76_utt2.mp4,neutral,neutral,unmodified/text
2386,76,3,dia76_utt3.mp4,neutral,neutral,unmodified/text
2387,76,4,dia76_utt4.mp4,neutral,neutral,unmodified/text
2388,76,5,dia76_utt5.mp4,neutral,neutral,unmodified/text
2389,76,6,dia76_utt6.mp4,neutral,neutral,unmodified/text
2390,76,7,dia76_utt7.mp4,neutral,neutral,unmodified/text
2391,76,8,dia76_utt8.mp4,positive,positive,unmodified/text
2392,76,9,dia76_utt9.mp4,neutral,neutral,unmodified/text
2393,77,0,dia77_utt0.mp4,negative,negative,unmodified/text
2394,77,1,dia77_utt1.mp4,neutral,neutral,unmodified/text
2395,77,2,dia77_utt2.mp4,positive,negative,unmodified/text
2396,77,3,dia77_utt3.mp4,positive,negative,unmodified/text
2397,77,4,dia77_utt4.mp4,negative,negative,unmodified/text
2398,78,0,dia78_utt0.mp4,neutral,negative,unmodified/text
2399,78,1,dia78_utt1.mp4,neutral,neutral,unmodified/text
2400,78,2,dia78_utt2.mp4,positive,neutral,unmodified/text
2401,78,3,dia78_utt3.mp4,positive,neutral,unmodified/text
2402,78,4,dia78_utt4.mp4,neutral,neutral,unmodified/text
2403,78,5,dia78_utt5.mp4,neutral,neutral,unmodified/text
2404,78,6,dia78_utt6.mp4,neutral,neutral,unmodified/text
2405,78,7,dia78_utt7.mp4,positive,positive,unmodified/text
2406,78,8,dia78_utt8.mp4,neutral,positive,unmodified/text
2407,78,9,dia78_utt9.mp4,positive,positive,unmodified/text
2408,79,0,dia79_utt0.mp4,positive,neutral,unmodified/text
2409,79,1,dia79_utt1.mp4,neutral,neutral,unmodified/text
2410,7,0,dia7_utt0.mp4,neutral,neutral,unmodified/text
2411,7,1,dia7_utt1.mp4,neutral,neutral,unmodified/text
2412,7,2,dia7_utt2.mp4,positive,neutral,unmodified/text
2413,7,3,dia7_utt3.mp4,neutral,neutral,unmodified/text
2414,7,4,dia7_utt4.mp4,neutral,negative,unmodified/text
2415,7,5,dia7_utt5.mp4,neutral,neutral,unmodified/text
2416,7,6,dia7_utt6.mp4,neutral,negative,unmodified/text
2417,7,7,dia7_utt7.mp4,neutral,neutral,unmodified/text
2418,7,8,dia7_utt8.mp4,neutral,neutral,unmodified/text
2419,80,0,dia80_utt0.mp4,negative,negative,unmodified/text
2420,80,1,dia80_utt1.mp4,negative,negative,unmodified/text
2421,80,2,dia80_utt2.mp4,negative,negative,unmodified/text
2422,80,3,dia80_utt3.mp4,negative,negative,unmodified/text
2423,80,4,dia80_utt4.mp4,negative,negative,unmodified/text
2424,80,5,dia80_utt5.mp4,negative,neutral,unmodified/text
2425,80,6,dia80_utt6.mp4,neutral,neutral,unmodified/text
2426,80,7,dia80_utt7.mp4,neutral,negative,unmodified/text
2427,80,8,dia80_utt8.mp4,neutral,neutral,unmodified/text
2428,80,9,dia80_utt9.mp4,neutral,neutral,unmodified/text
2429,81,0,dia81_utt0.mp4,negative,positive,unmodified/text
2430,81,1,dia81_utt1.mp4,neutral,neutral,unmodified/text
2431,82,0,dia82_utt0.mp4,neutral,neutral,unmodified/text
2432,83,0,dia83_utt0.mp4,negative,neutral,unmodified/text
2433,83,1,dia83_utt1.mp4,neutral,neutral,unmodified/text
2434,83,10,dia83_utt10.mp4,negative,negative,unmodified/text
2435,83,2,dia83_utt2.mp4,neutral,neutral,unmodified/text
2436,83,3,dia83_utt3.mp4,neutral,neutral,unmodified/text
2437,83,4,dia83_utt4.mp4,positive,positive,unmodified/text
2438,83,5,dia83_utt5.mp4,negative,negative,unmodified/text
2439,83,6,dia83_utt6.mp4,neutral,negative,unmodified/text
2440,83,7,dia83_utt7.mp4,negative,negative,unmodified/text
2441,83,8,dia83_utt8.mp4,negative,neutral,unmodified/text
2442,83,9,dia83_utt9.mp4,neutral,negative,unmodified/text
2443,84,0,dia84_utt0.mp4,negative,negative,unmodified/text
2444,84,1,dia84_utt1.mp4,neutral,negative,unmodified/text
2445,84,2,dia84_utt2.mp4,negative,negative,unmodified/text
2446,85,0,dia85_utt0.mp4,neutral,neutral,unmodified/text
2447,85,1,dia85_utt1.mp4,negative,negative,unmodified/text
2448,85,2,dia85_utt2.mp4,negative,negative,unmodified/text
2449,85,3,dia85_utt3.mp4,negative,negative,unmodified/text
2450,85,4,dia85_utt4.mp4,negative,negative,unmodified/text
2451,85,5,dia85_utt5.mp4,negative,negative,unmodified/text
2452,86,0,dia86_utt0.mp4,neutral,neutral,unmodified/text
2453,86,1,dia86_utt1.mp4,positive,neutral,unmodified/text
2454,86,2,dia86_utt2.mp4,neutral,neutral,unmodified/text
2455,86,3,dia86_utt3.mp4,negative,neutral,unmodified/text
2456,86,4,dia86_utt4.mp4,positive,neutral,unmodified/text
2457,86,5,dia86_utt5.mp4,negative,negative,unmodified/text
2458,86,6,dia86_utt6.mp4,positive,positive,unmodified/text
2459,86,7,dia86_utt7.mp4,negative,negative,unmodified/text
2460,87,0,dia87_utt0.mp4,neutral,neutral,unmodified/text
2461,87,1,dia87_utt1.mp4,neutral,neutral,unmodified/text
2462,88,0,dia88_utt0.mp4,positive,positive,unmodified/text
2463,88,1,dia88_utt1.mp4,positive,positive,unmodified/text
2464,88,10,dia88_utt10.mp4,positive,neutral,unmodified/text
2465,88,11,dia88_utt11.mp4,neutral,positive,unmodified/text
2466,88,12,dia88_utt12.mp4,positive,positive,unmodified/text
2467,88,13,dia88_utt13.mp4,neutral,neutral,unmodified/text
2468,88,2,dia88_utt2.mp4,negative,negative,unmodified/text
2469,88,3,dia88_utt3.mp4,neutral,negative,unmodified/text
2470,88,4,dia88_utt4.mp4,neutral,neutral,unmodified/text
2471,88,5,dia88_utt5.mp4,negative,neutral,unmodified/text
2472,88,6,dia88_utt6.mp4,negative,negative,unmodified/text
2473,88,7,dia88_utt7.mp4,neutral,neutral,unmodified/text
2474,88,8,dia88_utt8.mp4,negative,negative,unmodified/text
2475,88,9,dia88_utt9.mp4,negative,positive,unmodified/text
2476,89,0,dia89_utt0.mp4,neutral,neutral,unmodified/text
2477,89,1,dia89_utt1.mp4,neutral,neutral,unmodified/text
2478,89,2,dia89_utt2.mp4,positive,positive,unmodified/text
2479,8,0,dia8_utt0.mp4,positive,negative,unmodified/text
2480,8,1,dia8_utt1.mp4,positive,positive,unmodified/text
2481,8,2,dia8_utt2.mp4,negative,neutral,unmodified/text
2482,8,3,dia8_utt3.mp4,neutral,negative,unmodified/text
2483,8,4,dia8_utt4.mp4,neutral,neutral,unmodified/text
2484,8,5,dia8_utt5.mp4,neutral,neutral,unmodified/text
2485,8,6,dia8_utt6.mp4,neutral,positive,unmodified/text
2486,90,0,dia90_utt0.mp4,negative,neutral,unmodified/text
2487,90,1,dia90_utt1.mp4,negative,negative,unmodified/text
2488,90,2,dia90_utt2.mp4,neutral,negative,unmodified/text
2489,90,3,dia90_utt3.mp4,negative,negative,unmodified/text
2490,90,4,dia90_utt4.mp4,negative,negative,unmodified/text
2491,90,5,dia90_utt5.mp4,negative,negative,unmodified/text
2492,91,0,dia91_utt0.mp4,neutral,neutral,unmodified/text
2493,92,0,dia92_utt0.mp4,positive,positive,unmodified/text
2494,92,1,dia92_utt1.mp4,neutral,neutral,unmodified/text
2495,92,2,dia92_utt2.mp4,neutral,neutral,unmodified/text
2496,92,3,dia92_utt3.mp4,neutral,positive,unmodified/text
2497,92,4,dia92_utt4.mp4,positive,positive,unmodified/text
2498,92,5,dia92_utt5.mp4,negative,negative,unmodified/text
2499,93,0,dia93_utt0.mp4,negative,negative,unmodified/text
2500,93,1,dia93_utt1.mp4,positive,negative,unmodified/text
2501,93,10,dia93_utt10.mp4,positive,neutral,unmodified/text
2502,93,11,dia93_utt11.mp4,positive,neutral,unmodified/text
2503,93,12,dia93_utt12.mp4,negative,negative,unmodified/text
2504,93,13,dia93_utt13.mp4,neutral,neutral,unmodified/text
2505,93,14,dia93_utt14.mp4,neutral,neutral,unmodified/text
2506,93,15,dia93_utt15.mp4,neutral,neutral,unmodified/text
2507,93,2,dia93_utt2.mp4,positive,neutral,unmodified/text
2508,93,3,dia93_utt3.mp4,neutral,neutral,unmodified/text
2509,93,4,dia93_utt4.mp4,neutral,neutral,unmodified/text
2510,93,8,dia93_utt8.mp4,neutral,neutral,unmodified/text
2511,93,9,dia93_utt9.mp4,neutral,neutral,unmodified/text
2512,94,0,dia94_utt0.mp4,neutral,negative,unmodified/text
2513,94,1,dia94_utt1.mp4,positive,neutral,unmodified/text
2514,94,2,dia94_utt2.mp4,neutral,neutral,unmodified/text
2515,95,0,dia95_utt0.mp4,positive,positive,unmodified/text
2516,95,1,dia95_utt1.mp4,positive,positive,unmodified/text
2517,95,10,dia95_utt10.mp4,neutral,neutral,unmodified/text
2518,95,11,dia95_utt11.mp4,negative,positive,unmodified/text
2519,95,12,dia95_utt12.mp4,positive,positive,unmodified/text
2520,95,13,dia95_utt13.mp4,positive,positive,unmodified/text
2521,95,14,dia95_utt14.mp4,positive,positive,unmodified/text
2522,95,15,dia95_utt15.mp4,neutral,positive,unmodified/text
2523,95,16,dia95_utt16.mp4,neutral,neutral,unmodified/text
2524,95,17,dia95_utt17.mp4,neutral,negative,unmodified/text
2525,95,18,dia95_utt18.mp4,neutral,neutral,unmodified/text
2526,95,19,dia95_utt19.mp4,neutral,positive,unmodified/text
2527,95,2,dia95_utt2.mp4,positive,positive,unmodified/text
2528,95,3,dia95_utt3.mp4,neutral,neutral,unmodified/text
2529,95,4,dia95_utt4.mp4,negative,negative,unmodified/text
2530,95,5,dia95_utt5.mp4,negative,negative,unmodified/text
2531,95,6,dia95_utt6.mp4,neutral,neutral,unmodified/text
2532,95,7,dia95_utt7.mp4,neutral,positive,unmodified/text
2533,95,8,dia95_utt8.mp4,positive,positive,unmodified/text
2534,95,9,dia95_utt9.mp4,negative,negative,unmodified/text
2535,96,0,dia96_utt0.mp4,neutral,neutral,unmodified/text
2536,96,1,dia96_utt1.mp4,neutral,neutral,unmodified/text
2537,96,10,dia96_utt10.mp4,neutral,neutral,unmodified/text
2538,96,11,dia96_utt11.mp4,neutral,neutral,unmodified/text
2539,96,12,dia96_utt12.mp4,neutral,positive,unmodified/text
2540,96,13,dia96_utt13.mp4,neutral,neutral,unmodified/text
2541,96,14,dia96_utt14.mp4,negative,negative,unmodified/text
2542,96,15,dia96_utt15.mp4,positive,neutral,unmodified/text
2543,96,16,dia96_utt16.mp4,neutral,neutral,unmodified/text
2544,96,17,dia96_utt17.mp4,neutral,neutral,unmodified/text
2545,96,18,dia96_utt18.mp4,neutral,neutral,unmodified/text
2546,96,19,dia96_utt19.mp4,neutral,neutral,unmodified/text
2547,96,2,dia96_utt2.mp4,positive,positive,unmodified/text
2548,96,20,dia96_utt20.mp4,neutral,neutral,unmodified/text
2549,96,3,dia96_utt3.mp4,neutral,negative,unmodified/text
2550,96,4,dia96_utt4.mp4,positive,positive,unmodified/text
2551,96,5,dia96_utt5.mp4,neutral,neutral,unmodified/text
2552,96,6,dia96_utt6.mp4,negative,negative,unmodified/text
2553,96,7,dia96_utt7.mp4,positive,negative,unmodified/text
2554,96,8,dia96_utt8.mp4,negative,neutral,unmodified/text
2555,96,9,dia96_utt9.mp4,neutral,negative,unmodified/text
2556,97,0,dia97_utt0.mp4,positive,positive,unmodified/text
2557,97,1,dia97_utt1.mp4,positive,positive,unmodified/text
2558,97,10,dia97_utt10.mp4,neutral,neutral,unmodified/text
2559,97,11,dia97_utt11.mp4,positive,positive,unmodified/text
2560,97,2,dia97_utt2.mp4,negative,neutral,unmodified/text
2561,97,3,dia97_utt3.mp4,neutral,neutral,unmodified/text
2562,97,4,dia97_utt4.mp4,neutral,neutral,unmodified/text
2563,97,5,dia97_utt5.mp4,neutral,neutral,unmodified/text
2564,97,6,dia97_utt6.mp4,neutral,neutral,unmodified/text
2565,97,7,dia97_utt7.mp4,negative,neutral,unmodified/text
2566,97,8,dia97_utt8.mp4,negative,negative,unmodified/text
2567,97,9,dia97_utt9.mp4,neutral,neutral,unmodified/text
2568,98,0,dia98_utt0.mp4,positive,positive,unmodified/text
2569,98,1,dia98_utt1.mp4,neutral,negative,unmodified/text
2570,98,10,dia98_utt10.mp4,neutral,neutral,unmodified/text
2571,98,11,dia98_utt11.mp4,neutral,neutral,unmodified/text
2572,98,2,dia98_utt2.mp4,positive,positive,unmodified/text
2573,98,3,dia98_utt3.mp4,neutral,negative,unmodified/text
2574,98,4,dia98_utt4.mp4,neutral,negative,unmodified/text
2575,98,5,dia98_utt5.mp4,neutral,negative,unmodified/text
2576,98,6,dia98_utt6.mp4,neutral,negative,unmodified/text
2577,98,7,dia98_utt7.mp4,neutral,negative,unmodified/text
2578,98,8,dia98_utt8.mp4,neutral,negative,unmodified/text
2579,98,9,dia98_utt9.mp4,neutral,neutral,unmodified/text
2580,99,0,dia99_utt0.mp4,neutral,neutral,unmodified/text
2581,99,1,dia99_utt1.mp4,neutral,neutral,unmodified/text
2582,99,2,dia99_utt2.mp4,neutral,neutral,unmodified/text
2583,99,3,dia99_utt3.mp4,neutral,neutral,unmodified/text
2584,99,4,dia99_utt4.mp4,neutral,neutral,unmodified/text
2585,99,5,dia99_utt5.mp4,neutral,neutral,unmodified/text
2586,99,6,dia99_utt6.mp4,neutral,neutral,unmodified/text
2587,99,7,dia99_utt7.mp4,negative,neutral,unmodified/text
2588,99,8,dia99_utt8.mp4,neutral,neutral,unmodified/text
2589,99,9,dia99_utt9.mp4,neutral,negative,unmodified/text
2590,9,0,dia9_utt0.mp4,neutral,negative,unmodified/text
2591,9,1,dia9_utt1.mp4,positive,neutral,unmodified/text
2592,9,10,dia9_utt10.mp4,neutral,neutral,unmodified/text
2593,9,11,dia9_utt11.mp4,negative,negative,unmodified/text
2594,9,12,dia9_utt12.mp4,neutral,neutral,unmodified/text
2595,9,13,dia9_utt13.mp4,neutral,negative,unmodified/text
2596,9,14,dia9_utt14.mp4,neutral,neutral,unmodified/text
2597,9,15,dia9_utt15.mp4,neutral,positive,unmodified/text
2598,9,16,dia9_utt16.mp4,positive,neutral,unmodified/text
2599,9,17,dia9_utt17.mp4,neutral,neutral,unmodified/text
2600,9,2,dia9_utt2.mp4,neutral,negative,unmodified/text
2601,9,3,dia9_utt3.mp4,neutral,negative,unmodified/text
2602,9,4,dia9_utt4.mp4,positive,negative,unmodified/text
2603,9,5,dia9_utt5.mp4,neutral,neutral,unmodified/text
2604,9,6,dia9_utt6.mp4,neutral,positive,unmodified/text
2605,9,7,dia9_utt7.mp4,positive,negative,unmodified/text
2606,9,8,dia9_utt8.mp4,negative,negative,unmodified/text
2607,9,9,dia9_utt9.mp4,negative,negative,unmodified/text
