dataset,split,sample_id,file,error,traceback
imdb,all_I=gaussian_noise_S=3,tt12783454,tt12783454.jpg,Missing image file: data/IMDB/noise/image/I=gaussian_noise_S=3/tt12783454.jpg,
imdb,all_I=gaussian_noise_S=3,tt8522006,tt8522006.jpg,Missing image file: data/IMDB/noise/image/I=gaussian_noise_S=3/tt8522006.jpg,
imdb,all_I=gaussian_noise_S=3,tt14960572,tt14960572.jpg,Missing image file: data/IMDB/noise/image/I=gaussian_noise_S=3/tt14960572.jpg,
imdb,all_I=gaussian_noise_S=3,tt2763304,tt2763304.jpg,Missing image file: data/IMDB/noise/image/I=gaussian_noise_S=3/tt2763304.jpg,
imdb,all_I=gaussian_noise_S=3,tt10919380,tt10919380.jpg,Missing image file: data/IMDB/noise/image/I=gaussian_noise_S=3/tt10919380.jpg,
imdb,all_I=gaussian_noise_S=3,tt0092720,tt0092720.jpg,Missing image file: data/IMDB/noise/image/I=gaussian_noise_S=3/tt0092720.jpg,
imdb,all_I=gaussian_noise_S=3,tt0120338,tt0120338.jpg,Missing image file: data/IMDB/noise/image/I=gaussian_noise_S=3/tt0120338.jpg,
imdb,all_I=gaussian_noise_S=3,tt17351924,tt17351924.jpg,Missing image file: data/IMDB/noise/image/I=gaussian_noise_S=3/tt17351924.jpg,
imdb,all_I=gaussian_noise_S=3,tt5649108,tt5649108.jpg,Missing image file: data/IMDB/noise/image/I=gaussian_noise_S=3/tt5649108.jpg,
imdb,all_I=gaussian_noise_S=3,tt14715170,tt14715170.jpg,Missing image file: data/IMDB/noise/image/I=gaussian_noise_S=3/tt14715170.jpg,
imdb,all_I=gaussian_noise_S=3,tt10655524,tt10655524.jpg,Missing image file: data/IMDB/noise/image/I=gaussian_noise_S=3/tt10655524.jpg,
imdb,all_I=gaussian_noise_S=3,tt14452776,tt14452776.jpg,Missing image file: data/IMDB/noise/image/I=gaussian_noise_S=3/tt14452776.jpg,
imdb,all_I=gaussian_noise_S=3,tt0332280,tt0332280.jpg,Missing image file: data/IMDB/noise/image/I=gaussian_noise_S=3/tt0332280.jpg,
imdb,all_I=gaussian_noise_S=3,tt27727074,tt27727074.jpg,Missing image file: data/IMDB/noise/image/I=gaussian_noise_S=3/tt27727074.jpg,
imdb,all_I=gaussian_noise_S=3,tt9115530,tt9115530.jpg,Missing image file: data/IMDB/noise/image/I=gaussian_noise_S=3/tt9115530.jpg,
imdb,all_I=gaussian_noise_S=3,tt22743064,tt22743064.jpg,Missing image file: data/IMDB/noise/image/I=gaussian_noise_S=3/tt22743064.jpg,
imdb,all_I=gaussian_noise_S=3,tt14824792,tt14824792.jpg,Missing image file: data/IMDB/noise/image/I=gaussian_noise_S=3/tt14824792.jpg,
imdb,all_I=gaussian_noise_S=3,tt12477480,tt12477480.jpg,Missing image file: data/IMDB/noise/image/I=gaussian_noise_S=3/tt12477480.jpg,
imdb,all_I=gaussian_noise_S=3,tt2080323,tt2080323.jpg,Missing image file: data/IMDB/noise/image/I=gaussian_noise_S=3/tt2080323.jpg,
imdb,all_I=gaussian_noise_S=3,tt18748482,tt18748482.jpg,Missing image file: data/IMDB/noise/image/I=gaussian_noise_S=3/tt18748482.jpg,
imdb,all_I=gaussian_noise_S=3,tt0805184,tt0805184.jpg,Missing image file: data/IMDB/noise/image/I=gaussian_noise_S=3/tt0805184.jpg,
imdb,all_I=gaussian_noise_S=3,tt6412452,tt6412452.jpg,Missing image file: data/IMDB/noise/image/I=gaussian_noise_S=3/tt6412452.jpg,
imdb,all_I=gaussian_noise_S=3,tt8145202,tt8145202.jpg,Missing image file: data/IMDB/noise/image/I=gaussian_noise_S=3/tt8145202.jpg,
imdb,all_I=gaussian_noise_S=3,tt4586828,tt4586828.jpg,Missing image file: data/IMDB/noise/image/I=gaussian_noise_S=3/tt4586828.jpg,
imdb,all_I=gaussian_noise_S=3,tt23144234,tt23144234.jpg,Missing image file: data/IMDB/noise/image/I=gaussian_noise_S=3/tt23144234.jpg,
imdb,all_I=gaussian_noise_S=3,tt9354842,tt9354842.jpg,Missing image file: data/IMDB/noise/image/I=gaussian_noise_S=3/tt9354842.jpg,
imdb,all_I=gaussian_noise_S=3,tt16794528,tt16794528.jpg,Missing image file: data/IMDB/noise/image/I=gaussian_noise_S=3/tt16794528.jpg,
imdb,all_I=gaussian_noise_S=3,tt7349662,tt7349662.jpg,Missing image file: data/IMDB/noise/image/I=gaussian_noise_S=3/tt7349662.jpg,
imdb,all_I=gaussian_noise_S=3,tt8816194,tt8816194.jpg,Missing image file: data/IMDB/noise/image/I=gaussian_noise_S=3/tt8816194.jpg,
imdb,all_I=gaussian_noise_S=3,tt15184804,tt15184804.jpg,Missing image file: data/IMDB/noise/image/I=gaussian_noise_S=3/tt15184804.jpg,
imdb,all_I=gaussian_noise_S=3,tt11795652,tt11795652.jpg,Missing image file: data/IMDB/noise/image/I=gaussian_noise_S=3/tt11795652.jpg,
imdb,all_I=gaussian_noise_S=3,tt13022984,tt13022984.jpg,Missing image file: data/IMDB/noise/image/I=gaussian_noise_S=3/tt13022984.jpg,
imdb,all_I=gaussian_noise_S=3,tt10682266,tt10682266.jpg,Missing image file: data/IMDB/noise/image/I=gaussian_noise_S=3/tt10682266.jpg,
imdb,all_I=gaussian_noise_S=3,tt4565520,tt4565520.jpg,Missing image file: data/IMDB/noise/image/I=gaussian_noise_S=3/tt4565520.jpg,
imdb,all_I=gaussian_noise_S=3,tt2531344,tt2531344.jpg,Missing image file: data/IMDB/noise/image/I=gaussian_noise_S=3/tt2531344.jpg,
imdb,all_I=gaussian_noise_S=3,tt22041854,tt22041854.jpg,Missing image file: data/IMDB/noise/image/I=gaussian_noise_S=3/tt22041854.jpg,
imdb,all_I=gaussian_noise_S=3,tt5978724,tt5978724.jpg,Missing image file: data/IMDB/noise/image/I=gaussian_noise_S=3/tt5978724.jpg,
imdb,all_I=gaussian_noise_S=3,tt0098904,tt0098904.jpg,Missing image file: data/IMDB/noise/image/I=gaussian_noise_S=3/tt0098904.jpg,
imdb,all_I=gaussian_noise_S=3,tt2263648,tt2263648.jpg,Missing image file: data/IMDB/noise/image/I=gaussian_noise_S=3/tt2263648.jpg,
imdb,all_I=gaussian_noise_S=3,tt0070849,tt0070849.jpg,Missing image file: data/IMDB/noise/image/I=gaussian_noise_S=3/tt0070849.jpg,
imdb,all_I=gaussian_noise_S=3,tt7242142,tt7242142.jpg,Missing image file: data/IMDB/noise/image/I=gaussian_noise_S=3/tt7242142.jpg,
imdb,all_I=gaussian_noise_S=3,tt7703924,tt7703924.jpg,Missing image file: data/IMDB/noise/image/I=gaussian_noise_S=3/tt7703924.jpg,
imdb,all_I=gaussian_noise_S=3,tt4758646,tt4758646.jpg,Missing image file: data/IMDB/noise/image/I=gaussian_noise_S=3/tt4758646.jpg,
imdb,all_I=gaussian_noise_S=3,tt2631186,tt2631186.jpg,Missing image file: data/IMDB/noise/image/I=gaussian_noise_S=3/tt2631186.jpg,
imdb,all_I=gaussian_noise_S=3,tt4995790,tt4995790.jpg,Missing image file: data/IMDB/noise/image/I=gaussian_noise_S=3/tt4995790.jpg,
imdb,all_I=gaussian_noise_S=3,tt12045028,tt12045028.jpg,Missing image file: data/IMDB/noise/image/I=gaussian_noise_S=3/tt12045028.jpg,
imdb,all_I=gaussian_noise_S=3,tt14298328,tt14298328.jpg,Missing image file: data/IMDB/noise/image/I=gaussian_noise_S=3/tt14298328.jpg,
imdb,all_I=gaussian_noise_S=3,tt1442437,tt1442437.jpg,Missing image file: data/IMDB/noise/image/I=gaussian_noise_S=3/tt1442437.jpg,
imdb,all_I=gaussian_noise_S=3,tt6217804,tt6217804.jpg,Missing image file: data/IMDB/noise/image/I=gaussian_noise_S=3/tt6217804.jpg,
imdb,all_I=gaussian_noise_S=3,tt8637428,tt8637428.jpg,Missing image file: data/IMDB/noise/image/I=gaussian_noise_S=3/tt8637428.jpg,
imdb,all_I=gaussian_noise_S=3,tt0119558,tt0119558.jpg,Missing image file: data/IMDB/noise/image/I=gaussian_noise_S=3/tt0119558.jpg,
imdb,all_I=gaussian_noise_S=3,tt4477536,tt4477536.jpg,Missing image file: data/IMDB/noise/image/I=gaussian_noise_S=3/tt4477536.jpg,
imdb,all_I=gaussian_noise_S=3,tt13491620,tt13491620.jpg,Missing image file: data/IMDB/noise/image/I=gaussian_noise_S=3/tt13491620.jpg,
imdb,all_I=gaussian_noise_S=3,tt13288678,tt13288678.jpg,Missing image file: data/IMDB/noise/image/I=gaussian_noise_S=3/tt13288678.jpg,
imdb,all_I=gaussian_noise_S=3,tt6644286,tt6644286.jpg,Missing image file: data/IMDB/noise/image/I=gaussian_noise_S=3/tt6644286.jpg,
imdb,all_I=gaussian_noise_S=3,tt0438488,tt0438488.jpg,Missing image file: data/IMDB/noise/image/I=gaussian_noise_S=3/tt0438488.jpg,
imdb,all_I=gaussian_noise_S=3,tt12879624,tt12879624.jpg,Missing image file: data/IMDB/noise/image/I=gaussian_noise_S=3/tt12879624.jpg,
imdb,all_I=gaussian_noise_S=3,tt8801584,tt8801584.jpg,Missing image file: data/IMDB/noise/image/I=gaussian_noise_S=3/tt8801584.jpg,
imdb,all_I=gaussian_noise_S=3,tt12861850,tt12861850.jpg,Missing image file: data/IMDB/noise/image/I=gaussian_noise_S=3/tt12861850.jpg,
imdb,all_I=gaussian_noise_S=3,tt6472976,tt6472976.jpg,Missing image file: data/IMDB/noise/image/I=gaussian_noise_S=3/tt6472976.jpg,
imdb,all_I=gaussian_noise_S=3,tt2322441,tt2322441.jpg,Missing image file: data/IMDB/noise/image/I=gaussian_noise_S=3/tt2322441.jpg,
imdb,all_I=gaussian_noise_S=3,tt29079885,tt29079885.jpg,Missing image file: data/IMDB/noise/image/I=gaussian_noise_S=3/tt29079885.jpg,
imdb,all_I=gaussian_noise_S=3,tt10262380,tt10262380.jpg,Missing image file: data/IMDB/noise/image/I=gaussian_noise_S=3/tt10262380.jpg,
imdb,all_I=gaussian_noise_S=3,tt7374948,tt7374948.jpg,Missing image file: data/IMDB/noise/image/I=gaussian_noise_S=3/tt7374948.jpg,
imdb,all_I=gaussian_noise_S=3,tt15145764,tt15145764.jpg,Missing image file: data/IMDB/noise/image/I=gaussian_noise_S=3/tt15145764.jpg,
imdb,all_I=gaussian_noise_S=3,tt13535454,tt13535454.jpg,Missing image file: data/IMDB/noise/image/I=gaussian_noise_S=3/tt13535454.jpg,
imdb,all_I=gaussian_noise_S=3,tt1562859,tt1562859.jpg,Missing image file: data/IMDB/noise/image/I=gaussian_noise_S=3/tt1562859.jpg,
imdb,all_I=gaussian_noise_S=3,tt1728239,tt1728239.jpg,Missing image file: data/IMDB/noise/image/I=gaussian_noise_S=3/tt1728239.jpg,
imdb,all_I=gaussian_noise_S=3,tt28228231,tt28228231.jpg,Missing image file: data/IMDB/noise/image/I=gaussian_noise_S=3/tt28228231.jpg,
imdb,all_I=gaussian_noise_S=3,tt13406094,tt13406094.jpg,Missing image file: data/IMDB/noise/image/I=gaussian_noise_S=3/tt13406094.jpg,
imdb,all_I=gaussian_noise_S=3,tt4858674,tt4858674.jpg,Missing image file: data/IMDB/noise/image/I=gaussian_noise_S=3/tt4858674.jpg,
imdb,all_I=gaussian_noise_S=3,tt1879030,tt1879030.jpg,Missing image file: data/IMDB/noise/image/I=gaussian_noise_S=3/tt1879030.jpg,
imdb,all_I=gaussian_noise_S=3,tt22488728,tt22488728.jpg,Missing image file: data/IMDB/noise/image/I=gaussian_noise_S=3/tt22488728.jpg,
imdb,all_I=gaussian_noise_S=3,tt9198364,tt9198364.jpg,Missing image file: data/IMDB/noise/image/I=gaussian_noise_S=3/tt9198364.jpg,
imdb,all_I=gaussian_noise_S=3,tt14849194,tt14849194.jpg,Missing image file: data/IMDB/noise/image/I=gaussian_noise_S=3/tt14849194.jpg,
imdb,all_I=gaussian_noise_S=3,tt7838252,tt7838252.jpg,Missing image file: data/IMDB/noise/image/I=gaussian_noise_S=3/tt7838252.jpg,
imdb,all_I=gaussian_noise_S=3,tt9601220,tt9601220.jpg,Missing image file: data/IMDB/noise/image/I=gaussian_noise_S=3/tt9601220.jpg,
imdb,all_I=gaussian_noise_S=3,tt7598076,tt7598076.jpg,Missing image file: data/IMDB/noise/image/I=gaussian_noise_S=3/tt7598076.jpg,
imdb,all_I=gaussian_noise_S=3,tt5027774,tt5027774.jpg,Missing image file: data/IMDB/noise/image/I=gaussian_noise_S=3/tt5027774.jpg,
imdb,all_I=gaussian_noise_S=3,tt0068935,tt0068935.jpg,Missing image file: data/IMDB/noise/image/I=gaussian_noise_S=3/tt0068935.jpg,
imdb,all_I=gaussian_noise_S=3,tt23561236,tt23561236.jpg,Missing image file: data/IMDB/noise/image/I=gaussian_noise_S=3/tt23561236.jpg,
imdb,all_I=gaussian_noise_S=3,tt0488798,tt0488798.jpg,Missing image file: data/IMDB/noise/image/I=gaussian_noise_S=3/tt0488798.jpg,
imdb,all_I=gaussian_noise_S=3,tt1987680,tt1987680.jpg,Missing image file: data/IMDB/noise/image/I=gaussian_noise_S=3/tt1987680.jpg,
imdb,all_I=gaussian_noise_S=3,tt8155182,tt8155182.jpg,Missing image file: data/IMDB/noise/image/I=gaussian_noise_S=3/tt8155182.jpg,
imdb,all_I=gaussian_noise_S=3,tt16116726,tt16116726.jpg,Missing image file: data/IMDB/noise/image/I=gaussian_noise_S=3/tt16116726.jpg,
imdb,all_I=gaussian_noise_S=3,tt11762114,tt11762114.jpg,Missing image file: data/IMDB/noise/image/I=gaussian_noise_S=3/tt11762114.jpg,
imdb,all_I=gaussian_noise_S=3,tt14873696,tt14873696.jpg,Missing image file: data/IMDB/noise/image/I=gaussian_noise_S=3/tt14873696.jpg,
imdb,all_I=gaussian_noise_S=3,tt7014006,tt7014006.jpg,Missing image file: data/IMDB/noise/image/I=gaussian_noise_S=3/tt7014006.jpg,
imdb,all_I=gaussian_noise_S=3,tt9411972,tt9411972.jpg,Missing image file: data/IMDB/noise/image/I=gaussian_noise_S=3/tt9411972.jpg,
imdb,all_I=gaussian_noise_S=3,tt13978306,tt13978306.jpg,Missing image file: data/IMDB/noise/image/I=gaussian_noise_S=3/tt13978306.jpg,
imdb,all_I=gaussian_noise_S=3,tt10023024,tt10023024.jpg,Missing image file: data/IMDB/noise/image/I=gaussian_noise_S=3/tt10023024.jpg,
imdb,all_I=gaussian_noise_S=3,tt0309987,tt0309987.jpg,Missing image file: data/IMDB/noise/image/I=gaussian_noise_S=3/tt0309987.jpg,
imdb,all_I=gaussian_noise_S=3,tt3281548,tt3281548.jpg,Missing image file: data/IMDB/noise/image/I=gaussian_noise_S=3/tt3281548.jpg,
imdb,all_I=gaussian_noise_S=3,tt10687116,tt10687116.jpg,Missing image file: data/IMDB/noise/image/I=gaussian_noise_S=3/tt10687116.jpg,
imdb,all_I=gaussian_noise_S=3,tt0096697,tt0096697.jpg,Missing image file: data/IMDB/noise/image/I=gaussian_noise_S=3/tt0096697.jpg,
imdb,all_I=gaussian_noise_S=3,tt5613484,tt5613484.jpg,Missing image file: data/IMDB/noise/image/I=gaussian_noise_S=3/tt5613484.jpg,
imdb,all_I=gaussian_noise_S=3,tt0059742,tt0059742.jpg,Missing image file: data/IMDB/noise/image/I=gaussian_noise_S=3/tt0059742.jpg,
imdb,all_I=gaussian_noise_S=3,tt15905460,tt15905460.jpg,Missing image file: data/IMDB/noise/image/I=gaussian_noise_S=3/tt15905460.jpg,
imdb,all_I=gaussian_noise_S=3,tt0182576,tt0182576.jpg,Missing image file: data/IMDB/noise/image/I=gaussian_noise_S=3/tt0182576.jpg,
imdb,all_I=gaussian_noise_S=3,tt2568862,tt2568862.jpg,Missing image file: data/IMDB/noise/image/I=gaussian_noise_S=3/tt2568862.jpg,
imdb,all_I=gaussian_noise_S=3,tt15404468,tt15404468.jpg,Missing image file: data/IMDB/noise/image/I=gaussian_noise_S=3/tt15404468.jpg,
imdb,all_I=gaussian_noise_S=3,tt12077970,tt12077970.jpg,Missing image file: data/IMDB/noise/image/I=gaussian_noise_S=3/tt12077970.jpg,
imdb,all_I=gaussian_noise_S=3,tt10676012,tt10676012.jpg,Missing image file: data/IMDB/noise/image/I=gaussian_noise_S=3/tt10676012.jpg,
imdb,all_I=gaussian_noise_S=3,tt1489887,tt1489887.jpg,Missing image file: data/IMDB/noise/image/I=gaussian_noise_S=3/tt1489887.jpg,
imdb,all_I=gaussian_noise_S=3,tt7401588,tt7401588.jpg,Missing image file: data/IMDB/noise/image/I=gaussian_noise_S=3/tt7401588.jpg,
imdb,all_I=gaussian_noise_S=3,tt6841122,tt6841122.jpg,Missing image file: data/IMDB/noise/image/I=gaussian_noise_S=3/tt6841122.jpg,
imdb,all_I=gaussian_noise_S=3,tt5774062,tt5774062.jpg,Missing image file: data/IMDB/noise/image/I=gaussian_noise_S=3/tt5774062.jpg,
imdb,all_I=gaussian_noise_S=3,tt11388822,tt11388822.jpg,Missing image file: data/IMDB/noise/image/I=gaussian_noise_S=3/tt11388822.jpg,
imdb,all_I=gaussian_noise_S=3,tt22488414,tt22488414.jpg,Missing image file: data/IMDB/noise/image/I=gaussian_noise_S=3/tt22488414.jpg,
imdb,all_I=gaussian_noise_S=3,tt15022184,tt15022184.jpg,Missing image file: data/IMDB/noise/image/I=gaussian_noise_S=3/tt15022184.jpg,
imdb,all_I=gaussian_noise_S=3,tt3846674,tt3846674.jpg,Missing image file: data/IMDB/noise/image/I=gaussian_noise_S=3/tt3846674.jpg,
imdb,all_I=gaussian_noise_S=3,tt3272066,tt3272066.jpg,Missing image file: data/IMDB/noise/image/I=gaussian_noise_S=3/tt3272066.jpg,
imdb,all_I=gaussian_noise_S=3,tt7660850,tt7660850.jpg,Missing image file: data/IMDB/noise/image/I=gaussian_noise_S=3/tt7660850.jpg,
imdb,all_I=gaussian_noise_S=3,tt0368530,tt0368530.jpg,Missing image file: data/IMDB/noise/image/I=gaussian_noise_S=3/tt0368530.jpg,
imdb,all_I=gaussian_noise_S=3,tt5503686,tt5503686.jpg,Missing image file: data/IMDB/noise/image/I=gaussian_noise_S=3/tt5503686.jpg,
imdb,all_I=gaussian_noise_S=3,tt6513120,tt6513120.jpg,Missing image file: data/IMDB/noise/image/I=gaussian_noise_S=3/tt6513120.jpg,
imdb,all_I=gaussian_noise_S=3,tt5439812,tt5439812.jpg,Missing image file: data/IMDB/noise/image/I=gaussian_noise_S=3/tt5439812.jpg,
imdb,all_I=gaussian_noise_S=3,tt3982212,tt3982212.jpg,Missing image file: data/IMDB/noise/image/I=gaussian_noise_S=3/tt3982212.jpg,
imdb,all_I=gaussian_noise_S=3,tt11698662,tt11698662.jpg,Missing image file: data/IMDB/noise/image/I=gaussian_noise_S=3/tt11698662.jpg,
imdb,all_I=gaussian_noise_S=3,tt1563742,tt1563742.jpg,Missing image file: data/IMDB/noise/image/I=gaussian_noise_S=3/tt1563742.jpg,
imdb,all_I=gaussian_noise_S=3,tt13623608,tt13623608.jpg,Missing image file: data/IMDB/noise/image/I=gaussian_noise_S=3/tt13623608.jpg,
imdb,all_I=gaussian_noise_S=3,tt2709692,tt2709692.jpg,Missing image file: data/IMDB/noise/image/I=gaussian_noise_S=3/tt2709692.jpg,
imdb,all_I=gaussian_noise_S=3,tt28229086,tt28229086.jpg,Missing image file: data/IMDB/noise/image/I=gaussian_noise_S=3/tt28229086.jpg,
imdb,all_I=gaussian_noise_S=3,tt5164432,tt5164432.jpg,Missing image file: data/IMDB/noise/image/I=gaussian_noise_S=3/tt5164432.jpg,
imdb,all_I=gaussian_noise_S=3,tt0419058,tt0419058.jpg,Missing image file: data/IMDB/noise/image/I=gaussian_noise_S=3/tt0419058.jpg,
imdb,all_I=gaussian_noise_S=3,tt0070034,tt0070034.jpg,Missing image file: data/IMDB/noise/image/I=gaussian_noise_S=3/tt0070034.jpg,
imdb,all_I=gaussian_noise_S=3,tt11426572,tt11426572.jpg,Missing image file: data/IMDB/noise/image/I=gaussian_noise_S=3/tt11426572.jpg,
imdb,all_I=gaussian_noise_S=3,tt11127878,tt11127878.jpg,Missing image file: data/IMDB/noise/image/I=gaussian_noise_S=3/tt11127878.jpg,
imdb,all_I=gaussian_noise_S=3,tt1620981,tt1620981.jpg,Missing image file: data/IMDB/noise/image/I=gaussian_noise_S=3/tt1620981.jpg,
imdb,all_I=gaussian_noise_S=3,tt3581652,tt3581652.jpg,Missing image file: data/IMDB/noise/image/I=gaussian_noise_S=3/tt3581652.jpg,
imdb,all_I=gaussian_noise_S=3,tt0242519,tt0242519.jpg,Missing image file: data/IMDB/noise/image/I=gaussian_noise_S=3/tt0242519.jpg,
imdb,all_I=gaussian_noise_S=3,tt1433905,tt1433905.jpg,Missing image file: data/IMDB/noise/image/I=gaussian_noise_S=3/tt1433905.jpg,
imdb,all_I=gaussian_noise_S=3,tt8695030,tt8695030.jpg,Missing image file: data/IMDB/noise/image/I=gaussian_noise_S=3/tt8695030.jpg,
imdb,all_I=gaussian_noise_S=3,tt5308322,tt5308322.jpg,Missing image file: data/IMDB/noise/image/I=gaussian_noise_S=3/tt5308322.jpg,
imdb,all_I=gaussian_noise_S=3,tt14783042,tt14783042.jpg,Missing image file: data/IMDB/noise/image/I=gaussian_noise_S=3/tt14783042.jpg,
imdb,all_I=gaussian_noise_S=3,tt10042590,tt10042590.jpg,Missing image file: data/IMDB/noise/image/I=gaussian_noise_S=3/tt10042590.jpg,
imdb,all_I=gaussian_noise_S=3,tt8960382,tt8960382.jpg,Missing image file: data/IMDB/noise/image/I=gaussian_noise_S=3/tt8960382.jpg,
imdb,all_I=gaussian_noise_S=3,tt5697572,tt5697572.jpg,Missing image file: data/IMDB/noise/image/I=gaussian_noise_S=3/tt5697572.jpg,
imdb,all_I=gaussian_noise_S=3,tt5710514,tt5710514.jpg,Missing image file: data/IMDB/noise/image/I=gaussian_noise_S=3/tt5710514.jpg,
imdb,all_I=gaussian_noise_S=3,tt11772746,tt11772746.jpg,Missing image file: data/IMDB/noise/image/I=gaussian_noise_S=3/tt11772746.jpg,
imdb,all_I=gaussian_noise_S=3,tt0104014,tt0104014.jpg,Missing image file: data/IMDB/noise/image/I=gaussian_noise_S=3/tt0104014.jpg,
imdb,all_I=gaussian_noise_S=3,tt7131622,tt7131622.jpg,Missing image file: data/IMDB/noise/image/I=gaussian_noise_S=3/tt7131622.jpg,
imdb,all_I=gaussian_noise_S=3,tt8949056,tt8949056.jpg,Missing image file: data/IMDB/noise/image/I=gaussian_noise_S=3/tt8949056.jpg,
imdb,all_I=gaussian_noise_S=3,tt5462326,tt5462326.jpg,Missing image file: data/IMDB/noise/image/I=gaussian_noise_S=3/tt5462326.jpg,
imdb,all_I=gaussian_noise_S=3,tt6367558,tt6367558.jpg,Missing image file: data/IMDB/noise/image/I=gaussian_noise_S=3/tt6367558.jpg,
imdb,all_I=gaussian_noise_S=3,tt23472806,tt23472806.jpg,Missing image file: data/IMDB/noise/image/I=gaussian_noise_S=3/tt23472806.jpg,
imdb,all_I=gaussian_noise_S=3,tt13438634,tt13438634.jpg,Missing image file: data/IMDB/noise/image/I=gaussian_noise_S=3/tt13438634.jpg,
imdb,all_I=gaussian_noise_S=3,tt1578116,tt1578116.jpg,Missing image file: data/IMDB/noise/image/I=gaussian_noise_S=3/tt1578116.jpg,
imdb,all_I=gaussian_noise_S=3,tt5610554,tt5610554.jpg,Missing image file: data/IMDB/noise/image/I=gaussian_noise_S=3/tt5610554.jpg,
imdb,all_I=gaussian_noise_S=3,tt1340138,tt1340138.jpg,Missing image file: data/IMDB/noise/image/I=gaussian_noise_S=3/tt1340138.jpg,
imdb,all_I=gaussian_noise_S=3,tt0845448,tt0845448.jpg,Missing image file: data/IMDB/noise/image/I=gaussian_noise_S=3/tt0845448.jpg,
imdb,all_I=gaussian_noise_S=3,tt1637725,tt1637725.jpg,Missing image file: data/IMDB/noise/image/I=gaussian_noise_S=3/tt1637725.jpg,
imdb,all_I=gaussian_noise_S=3,tt2119543,tt2119543.jpg,Missing image file: data/IMDB/noise/image/I=gaussian_noise_S=3/tt2119543.jpg,
imdb,all_I=gaussian_noise_S=3,tt3794354,tt3794354.jpg,Missing image file: data/IMDB/noise/image/I=gaussian_noise_S=3/tt3794354.jpg,
imdb,all_I=gaussian_noise_S=3,tt9484998,tt9484998.jpg,Missing image file: data/IMDB/noise/image/I=gaussian_noise_S=3/tt9484998.jpg,
imdb,all_I=gaussian_noise_S=3,tt6823148,tt6823148.jpg,Missing image file: data/IMDB/noise/image/I=gaussian_noise_S=3/tt6823148.jpg,
imdb,all_I=gaussian_noise_S=3,tt13224758,tt13224758.jpg,Missing image file: data/IMDB/noise/image/I=gaussian_noise_S=3/tt13224758.jpg,
imdb,all_I=gaussian_noise_S=3,tt2139881,tt2139881.jpg,Missing image file: data/IMDB/noise/image/I=gaussian_noise_S=3/tt2139881.jpg,
imdb,all_I=gaussian_noise_S=3,tt0386676,tt0386676.jpg,Missing image file: data/IMDB/noise/image/I=gaussian_noise_S=3/tt0386676.jpg,
imdb,all_I=gaussian_noise_S=3,tt2752200,tt2752200.jpg,Missing image file: data/IMDB/noise/image/I=gaussian_noise_S=3/tt2752200.jpg,
imdb,all_I=gaussian_noise_S=3,tt1575539,tt1575539.jpg,Missing image file: data/IMDB/noise/image/I=gaussian_noise_S=3/tt1575539.jpg,
imdb,all_I=gaussian_noise_S=3,tt16360006,tt16360006.jpg,Missing image file: data/IMDB/noise/image/I=gaussian_noise_S=3/tt16360006.jpg,
imdb,all_I=gaussian_noise_S=3,tt22302170,tt22302170.jpg,Missing image file: data/IMDB/noise/image/I=gaussian_noise_S=3/tt22302170.jpg,
imdb,all_I=gaussian_noise_S=3,tt4686844,tt4686844.jpg,Missing image file: data/IMDB/noise/image/I=gaussian_noise_S=3/tt4686844.jpg,
imdb,all_I=gaussian_noise_S=3,tt7653254,tt7653254.jpg,Missing image file: data/IMDB/noise/image/I=gaussian_noise_S=3/tt7653254.jpg,
imdb,all_I=gaussian_noise_S=3,tt13479258,tt13479258.jpg,Missing image file: data/IMDB/noise/image/I=gaussian_noise_S=3/tt13479258.jpg,
imdb,all_I=gaussian_noise_S=3,tt7070818,tt7070818.jpg,Missing image file: data/IMDB/noise/image/I=gaussian_noise_S=3/tt7070818.jpg,
imdb,all_I=gaussian_noise_S=3,tt15214902,tt15214902.jpg,Missing image file: data/IMDB/noise/image/I=gaussian_noise_S=3/tt15214902.jpg,
imdb,all_I=gaussian_noise_S=3,tt10364034,tt10364034.jpg,Missing image file: data/IMDB/noise/image/I=gaussian_noise_S=3/tt10364034.jpg,
imdb,all_I=gaussian_noise_S=3,tt11219254,tt11219254.jpg,Missing image file: data/IMDB/noise/image/I=gaussian_noise_S=3/tt11219254.jpg,
imdb,all_I=gaussian_noise_S=3,tt15255288,tt15255288.jpg,Missing image file: data/IMDB/noise/image/I=gaussian_noise_S=3/tt15255288.jpg,
imdb,all_I=gaussian_noise_S=3,tt4465564,tt4465564.jpg,Missing image file: data/IMDB/noise/image/I=gaussian_noise_S=3/tt4465564.jpg,
imdb,all_I=gaussian_noise_S=3,tt7979142,tt7979142.jpg,Missing image file: data/IMDB/noise/image/I=gaussian_noise_S=3/tt7979142.jpg,
imdb,all_I=gaussian_noise_S=3,tt7286836,tt7286836.jpg,Missing image file: data/IMDB/noise/image/I=gaussian_noise_S=3/tt7286836.jpg,
imdb,all_I=gaussian_noise_S=3,tt0098878,tt0098878.jpg,Missing image file: data/IMDB/noise/image/I=gaussian_noise_S=3/tt0098878.jpg,
imdb,all_I=gaussian_noise_S=3,tt5666304,tt5666304.jpg,Missing image file: data/IMDB/noise/image/I=gaussian_noise_S=3/tt5666304.jpg,
imdb,all_I=gaussian_noise_S=3,tt13751694,tt13751694.jpg,Missing image file: data/IMDB/noise/image/I=gaussian_noise_S=3/tt13751694.jpg,
imdb,all_I=gaussian_noise_S=3,tt12741494,tt12741494.jpg,Missing image file: data/IMDB/noise/image/I=gaussian_noise_S=3/tt12741494.jpg,
imdb,all_I=gaussian_noise_S=3,tt2584384,tt2584384.jpg,Missing image file: data/IMDB/noise/image/I=gaussian_noise_S=3/tt2584384.jpg,
imdb,all_I=gaussian_noise_S=3,tt0411705,tt0411705.jpg,Missing image file: data/IMDB/noise/image/I=gaussian_noise_S=3/tt0411705.jpg,
imdb,all_I=gaussian_noise_S=3,tt4765284,tt4765284.jpg,Missing image file: data/IMDB/noise/image/I=gaussian_noise_S=3/tt4765284.jpg,
imdb,all_I=gaussian_noise_S=3,tt5657846,tt5657846.jpg,Missing image file: data/IMDB/noise/image/I=gaussian_noise_S=3/tt5657846.jpg,
imdb,all_I=gaussian_noise_S=3,tt0995035,tt0995035.jpg,Missing image file: data/IMDB/noise/image/I=gaussian_noise_S=3/tt0995035.jpg,
imdb,all_I=gaussian_noise_S=3,tt11540284,tt11540284.jpg,Missing image file: data/IMDB/noise/image/I=gaussian_noise_S=3/tt11540284.jpg,
imdb,all_I=gaussian_noise_S=3,tt21192142,tt21192142.jpg,Missing image file: data/IMDB/noise/image/I=gaussian_noise_S=3/tt21192142.jpg,
imdb,all_I=gaussian_noise_S=3,tt13401252,tt13401252.jpg,Missing image file: data/IMDB/noise/image/I=gaussian_noise_S=3/tt13401252.jpg,
imdb,all_I=gaussian_noise_S=3,tt4225622,tt4225622.jpg,Missing image file: data/IMDB/noise/image/I=gaussian_noise_S=3/tt4225622.jpg,
imdb,all_I=gaussian_noise_S=3,tt21115444,tt21115444.jpg,Missing image file: data/IMDB/noise/image/I=gaussian_noise_S=3/tt21115444.jpg,
imdb,all_I=gaussian_noise_S=3,tt19769320,tt19769320.jpg,Missing image file: data/IMDB/noise/image/I=gaussian_noise_S=3/tt19769320.jpg,
imdb,all_I=gaussian_noise_S=3,tt0194314,tt0194314.jpg,Missing image file: data/IMDB/noise/image/I=gaussian_noise_S=3/tt0194314.jpg,
imdb,all_I=gaussian_noise_S=3,tt10366514,tt10366514.jpg,Missing image file: data/IMDB/noise/image/I=gaussian_noise_S=3/tt10366514.jpg,
imdb,all_I=gaussian_noise_S=3,tt0254455,tt0254455.jpg,Missing image file: data/IMDB/noise/image/I=gaussian_noise_S=3/tt0254455.jpg,
imdb,all_I=gaussian_noise_S=3,tt0338013,tt0338013.jpg,Missing image file: data/IMDB/noise/image/I=gaussian_noise_S=3/tt0338013.jpg,
imdb,all_I=gaussian_noise_S=3,tt6226232,tt6226232.jpg,Missing image file: data/IMDB/noise/image/I=gaussian_noise_S=3/tt6226232.jpg,
imdb,all_I=gaussian_noise_S=3,tt0111573,tt0111573.jpg,Missing image file: data/IMDB/noise/image/I=gaussian_noise_S=3/tt0111573.jpg,
imdb,all_I=gaussian_noise_S=3,tt4126476,tt4126476.jpg,Missing image file: data/IMDB/noise/image/I=gaussian_noise_S=3/tt4126476.jpg,
imdb,all_I=gaussian_noise_S=3,tt2278871,tt2278871.jpg,Missing image file: data/IMDB/noise/image/I=gaussian_noise_S=3/tt2278871.jpg,
imdb,all_I=gaussian_noise_S=3,tt8079248,tt8079248.jpg,Missing image file: data/IMDB/noise/image/I=gaussian_noise_S=3/tt8079248.jpg,
imdb,all_I=gaussian_noise_S=3,tt11771594,tt11771594.jpg,Missing image file: data/IMDB/noise/image/I=gaussian_noise_S=3/tt11771594.jpg,
imdb,all_I=gaussian_noise_S=3,tt11317142,tt11317142.jpg,Missing image file: data/IMDB/noise/image/I=gaussian_noise_S=3/tt11317142.jpg,
imdb,all_I=gaussian_noise_S=3,tt8976576,tt8976576.jpg,Missing image file: data/IMDB/noise/image/I=gaussian_noise_S=3/tt8976576.jpg,
imdb,all_I=gaussian_noise_S=3,tt1263750,tt1263750.jpg,Missing image file: data/IMDB/noise/image/I=gaussian_noise_S=3/tt1263750.jpg,
imdb,all_I=gaussian_noise_S=3,tt0213847,tt0213847.jpg,Missing image file: data/IMDB/noise/image/I=gaussian_noise_S=3/tt0213847.jpg,
imdb,all_I=gaussian_noise_S=3,tt0348529,tt0348529.jpg,Missing image file: data/IMDB/noise/image/I=gaussian_noise_S=3/tt0348529.jpg,
imdb,all_I=gaussian_noise_S=3,tt0372909,tt0372909.jpg,Missing image file: data/IMDB/noise/image/I=gaussian_noise_S=3/tt0372909.jpg,
imdb,all_I=gaussian_noise_S=3,tt10399674,tt10399674.jpg,Missing image file: data/IMDB/noise/image/I=gaussian_noise_S=3/tt10399674.jpg,
imdb,all_I=gaussian_noise_S=3,tt7040874,tt7040874.jpg,Missing image file: data/IMDB/noise/image/I=gaussian_noise_S=3/tt7040874.jpg,
imdb,all_I=gaussian_noise_S=3,tt0480919,tt0480919.jpg,Missing image file: data/IMDB/noise/image/I=gaussian_noise_S=3/tt0480919.jpg,
imdb,all_I=gaussian_noise_S=3,tt0418832,tt0418832.jpg,Missing image file: data/IMDB/noise/image/I=gaussian_noise_S=3/tt0418832.jpg,
imdb,all_I=gaussian_noise_S=3,tt0377092,tt0377092.jpg,Missing image file: data/IMDB/noise/image/I=gaussian_noise_S=3/tt0377092.jpg,
imdb,all_I=gaussian_noise_S=3,tt5688932,tt5688932.jpg,Missing image file: data/IMDB/noise/image/I=gaussian_noise_S=3/tt5688932.jpg,
imdb,all_I=gaussian_noise_S=3,tt10698680,tt10698680.jpg,Missing image file: data/IMDB/noise/image/I=gaussian_noise_S=3/tt10698680.jpg,
imdb,all_I=gaussian_noise_S=3,tt5619332,tt5619332.jpg,Missing image file: data/IMDB/noise/image/I=gaussian_noise_S=3/tt5619332.jpg,
imdb,all_I=gaussian_noise_S=3,tt8155288,tt8155288.jpg,Missing image file: data/IMDB/noise/image/I=gaussian_noise_S=3/tt8155288.jpg,
imdb,all_I=gaussian_noise_S=3,tt8079510,tt8079510.jpg,Missing image file: data/IMDB/noise/image/I=gaussian_noise_S=3/tt8079510.jpg,
imdb,all_I=gaussian_noise_S=3,tt6317762,tt6317762.jpg,Missing image file: data/IMDB/noise/image/I=gaussian_noise_S=3/tt6317762.jpg,
imdb,all_I=gaussian_noise_S=3,tt9632590,tt9632590.jpg,Missing image file: data/IMDB/noise/image/I=gaussian_noise_S=3/tt9632590.jpg,
imdb,all_I=gaussian_noise_S=3,tt11286314,tt11286314.jpg,Missing image file: data/IMDB/noise/image/I=gaussian_noise_S=3/tt11286314.jpg,
imdb,all_I=gaussian_noise_S=3,tt0397442,tt0397442.jpg,Missing image file: data/IMDB/noise/image/I=gaussian_noise_S=3/tt0397442.jpg,
imdb,all_I=gaussian_noise_S=3,tt21205440,tt21205440.jpg,Missing image file: data/IMDB/noise/image/I=gaussian_noise_S=3/tt21205440.jpg,
imdb,all_I=gaussian_noise_S=3,tt8718158,tt8718158.jpg,Missing image file: data/IMDB/noise/image/I=gaussian_noise_S=3/tt8718158.jpg,
imdb,all_I=gaussian_noise_S=3,tt8707922,tt8707922.jpg,Missing image file: data/IMDB/noise/image/I=gaussian_noise_S=3/tt8707922.jpg,
imdb,all_I=gaussian_noise_S=3,tt0806088,tt0806088.jpg,Missing image file: data/IMDB/noise/image/I=gaussian_noise_S=3/tt0806088.jpg,
imdb,all_I=gaussian_noise_S=3,tt7161712,tt7161712.jpg,Missing image file: data/IMDB/noise/image/I=gaussian_noise_S=3/tt7161712.jpg,
imdb,all_I=gaussian_noise_S=3,tt3799232,tt3799232.jpg,Missing image file: data/IMDB/noise/image/I=gaussian_noise_S=3/tt3799232.jpg,
imdb,all_I=gaussian_noise_S=3,tt4925292,tt4925292.jpg,Missing image file: data/IMDB/noise/image/I=gaussian_noise_S=3/tt4925292.jpg,
imdb,all_I=gaussian_noise_S=3,tt8075260,tt8075260.jpg,Missing image file: data/IMDB/noise/image/I=gaussian_noise_S=3/tt8075260.jpg,
imdb,all_I=gaussian_noise_S=3,tt6108178,tt6108178.jpg,Missing image file: data/IMDB/noise/image/I=gaussian_noise_S=3/tt6108178.jpg,
imdb,all_I=gaussian_noise_S=3,tt15326988,tt15326988.jpg,Missing image file: data/IMDB/noise/image/I=gaussian_noise_S=3/tt15326988.jpg,
imdb,all_I=gaussian_noise_S=3,tt8783130,tt8783130.jpg,Missing image file: data/IMDB/noise/image/I=gaussian_noise_S=3/tt8783130.jpg,
imdb,all_I=gaussian_noise_S=3,tt6857166,tt6857166.jpg,Missing image file: data/IMDB/noise/image/I=gaussian_noise_S=3/tt6857166.jpg,
imdb,all_I=gaussian_noise_S=3,tt12789558,tt12789558.jpg,Missing image file: data/IMDB/noise/image/I=gaussian_noise_S=3/tt12789558.jpg,
imdb,all_I=gaussian_noise_S=3,tt6173826,tt6173826.jpg,Missing image file: data/IMDB/noise/image/I=gaussian_noise_S=3/tt6173826.jpg,
imdb,all_I=gaussian_noise_S=3,tt1586680,tt1586680.jpg,Missing image file: data/IMDB/noise/image/I=gaussian_noise_S=3/tt1586680.jpg,
imdb,all_I=gaussian_noise_S=3,tt21223048,tt21223048.jpg,Missing image file: data/IMDB/noise/image/I=gaussian_noise_S=3/tt21223048.jpg,
imdb,all_I=gaussian_noise_S=3,tt14914988,tt14914988.jpg,Missing image file: data/IMDB/noise/image/I=gaussian_noise_S=3/tt14914988.jpg,
imdb,all_I=gaussian_noise_S=3,tt1298644,tt1298644.jpg,Missing image file: data/IMDB/noise/image/I=gaussian_noise_S=3/tt1298644.jpg,
imdb,all_I=gaussian_noise_S=3,tt15576460,tt15576460.jpg,Missing image file: data/IMDB/noise/image/I=gaussian_noise_S=3/tt15576460.jpg,
imdb,all_I=gaussian_noise_S=3,tt6957966,tt6957966.jpg,Missing image file: data/IMDB/noise/image/I=gaussian_noise_S=3/tt6957966.jpg,
imdb,all_I=gaussian_noise_S=3,tt0472954,tt0472954.jpg,Missing image file: data/IMDB/noise/image/I=gaussian_noise_S=3/tt0472954.jpg,
imdb,all_I=gaussian_noise_S=3,tt2861424,tt2861424.jpg,Missing image file: data/IMDB/noise/image/I=gaussian_noise_S=3/tt2861424.jpg,
imdb,all_I=gaussian_noise_S=3,tt1092005,tt1092005.jpg,Missing image file: data/IMDB/noise/image/I=gaussian_noise_S=3/tt1092005.jpg,
imdb,all_I=gaussian_noise_S=3,tt0098063,tt0098063.jpg,Missing image file: data/IMDB/noise/image/I=gaussian_noise_S=3/tt0098063.jpg,
imdb,all_I=gaussian_noise_S=3,tt6257174,tt6257174.jpg,Missing image file: data/IMDB/noise/image/I=gaussian_noise_S=3/tt6257174.jpg,
imdb,all_I=gaussian_noise_S=3,tt0254686,tt0254686.jpg,Missing image file: data/IMDB/noise/image/I=gaussian_noise_S=3/tt0254686.jpg,
imdb,all_I=gaussian_noise_S=3,tt7139936,tt7139936.jpg,Missing image file: data/IMDB/noise/image/I=gaussian_noise_S=3/tt7139936.jpg,
imdb,all_I=gaussian_noise_S=3,tt5974030,tt5974030.jpg,Missing image file: data/IMDB/noise/image/I=gaussian_noise_S=3/tt5974030.jpg,
imdb,all_I=gaussian_noise_S=3,tt11934846,tt11934846.jpg,Missing image file: data/IMDB/noise/image/I=gaussian_noise_S=3/tt11934846.jpg,
imdb,all_I=gaussian_noise_S=3,tt8400584,tt8400584.jpg,Missing image file: data/IMDB/noise/image/I=gaussian_noise_S=3/tt8400584.jpg,
imdb,all_I=gaussian_noise_S=3,tt1478839,tt1478839.jpg,Missing image file: data/IMDB/noise/image/I=gaussian_noise_S=3/tt1478839.jpg,
imdb,all_I=gaussian_noise_S=3,tt5073620,tt5073620.jpg,Missing image file: data/IMDB/noise/image/I=gaussian_noise_S=3/tt5073620.jpg,
imdb,all_I=gaussian_noise_S=3,tt9058654,tt9058654.jpg,Missing image file: data/IMDB/noise/image/I=gaussian_noise_S=3/tt9058654.jpg,
imdb,all_I=gaussian_noise_S=3,tt16952820,tt16952820.jpg,Missing image file: data/IMDB/noise/image/I=gaussian_noise_S=3/tt16952820.jpg,
imdb,all_I=gaussian_noise_S=3,tt0851851,tt0851851.jpg,Missing image file: data/IMDB/noise/image/I=gaussian_noise_S=3/tt0851851.jpg,
imdb,all_I=gaussian_noise_S=3,tt1806913,tt1806913.jpg,Missing image file: data/IMDB/noise/image/I=gaussian_noise_S=3/tt1806913.jpg,
imdb,all_I=gaussian_noise_S=3,tt6166392,tt6166392.jpg,Missing image file: data/IMDB/noise/image/I=gaussian_noise_S=3/tt6166392.jpg,
imdb,all_I=gaussian_noise_S=3,tt9686708,tt9686708.jpg,Missing image file: data/IMDB/noise/image/I=gaussian_noise_S=3/tt9686708.jpg,
imdb,all_I=gaussian_noise_S=3,tt2402927,tt2402927.jpg,Missing image file: data/IMDB/noise/image/I=gaussian_noise_S=3/tt2402927.jpg,
imdb,all_I=gaussian_noise_S=3,tt4103724,tt4103724.jpg,Missing image file: data/IMDB/noise/image/I=gaussian_noise_S=3/tt4103724.jpg,
imdb,all_I=gaussian_noise_S=3,tt2937366,tt2937366.jpg,Missing image file: data/IMDB/noise/image/I=gaussian_noise_S=3/tt2937366.jpg,
imdb,all_I=gaussian_noise_S=3,tt9893250,tt9893250.jpg,Missing image file: data/IMDB/noise/image/I=gaussian_noise_S=3/tt9893250.jpg,
imdb,all_I=gaussian_noise_S=3,tt0256103,tt0256103.jpg,Missing image file: data/IMDB/noise/image/I=gaussian_noise_S=3/tt0256103.jpg,
imdb,all_I=gaussian_noise_S=3,tt7453138,tt7453138.jpg,Missing image file: data/IMDB/noise/image/I=gaussian_noise_S=3/tt7453138.jpg,
imdb,all_I=gaussian_noise_S=3,tt13320622,tt13320622.jpg,Missing image file: data/IMDB/noise/image/I=gaussian_noise_S=3/tt13320622.jpg,
imdb,all_I=gaussian_noise_S=3,tt0495034,tt0495034.jpg,Missing image file: data/IMDB/noise/image/I=gaussian_noise_S=3/tt0495034.jpg,
imdb,all_I=gaussian_noise_S=3,tt10287908,tt10287908.jpg,Missing image file: data/IMDB/noise/image/I=gaussian_noise_S=3/tt10287908.jpg,
imdb,all_I=gaussian_noise_S=3,tt5692390,tt5692390.jpg,Missing image file: data/IMDB/noise/image/I=gaussian_noise_S=3/tt5692390.jpg,
imdb,all_I=gaussian_noise_S=3,tt18372308,tt18372308.jpg,Missing image file: data/IMDB/noise/image/I=gaussian_noise_S=3/tt18372308.jpg,
imdb,all_I=gaussian_noise_S=3,tt22442176,tt22442176.jpg,Missing image file: data/IMDB/noise/image/I=gaussian_noise_S=3/tt22442176.jpg,
imdb,all_I=gaussian_noise_S=3,tt8976664,tt8976664.jpg,Missing image file: data/IMDB/noise/image/I=gaussian_noise_S=3/tt8976664.jpg,
imdb,all_I=gaussian_noise_S=3,tt8623904,tt8623904.jpg,Missing image file: data/IMDB/noise/image/I=gaussian_noise_S=3/tt8623904.jpg,
imdb,all_I=gaussian_noise_S=3,tt6511932,tt6511932.jpg,Missing image file: data/IMDB/noise/image/I=gaussian_noise_S=3/tt6511932.jpg,
imdb,all_I=gaussian_noise_S=3,tt11464446,tt11464446.jpg,Missing image file: data/IMDB/noise/image/I=gaussian_noise_S=3/tt11464446.jpg,
imdb,all_I=gaussian_noise_S=3,tt0117737,tt0117737.jpg,Missing image file: data/IMDB/noise/image/I=gaussian_noise_S=3/tt0117737.jpg,
imdb,all_I=gaussian_noise_S=3,tt1570970,tt1570970.jpg,Missing image file: data/IMDB/noise/image/I=gaussian_noise_S=3/tt1570970.jpg,
imdb,all_I=gaussian_noise_S=3,tt8580274,tt8580274.jpg,Missing image file: data/IMDB/noise/image/I=gaussian_noise_S=3/tt8580274.jpg,
imdb,all_I=gaussian_noise_S=3,tt7738450,tt7738450.jpg,Missing image file: data/IMDB/noise/image/I=gaussian_noise_S=3/tt7738450.jpg,
imdb,all_I=gaussian_noise_S=3,tt3104988,tt3104988.jpg,Missing image file: data/IMDB/noise/image/I=gaussian_noise_S=3/tt3104988.jpg,
imdb,all_I=gaussian_noise_S=3,tt4799050,tt4799050.jpg,Missing image file: data/IMDB/noise/image/I=gaussian_noise_S=3/tt4799050.jpg,
imdb,all_I=gaussian_noise_S=3,tt8323120,tt8323120.jpg,Missing image file: data/IMDB/noise/image/I=gaussian_noise_S=3/tt8323120.jpg,
imdb,all_I=gaussian_noise_S=3,tt9389998,tt9389998.jpg,Missing image file: data/IMDB/noise/image/I=gaussian_noise_S=3/tt9389998.jpg,
imdb,all_I=gaussian_noise_S=3,tt20414932,tt20414932.jpg,Missing image file: data/IMDB/noise/image/I=gaussian_noise_S=3/tt20414932.jpg,
imdb,all_I=gaussian_noise_S=3,tt13318052,tt13318052.jpg,Missing image file: data/IMDB/noise/image/I=gaussian_noise_S=3/tt13318052.jpg,
imdb,all_I=gaussian_noise_S=3,tt21361340,tt21361340.jpg,Missing image file: data/IMDB/noise/image/I=gaussian_noise_S=3/tt21361340.jpg,
imdb,all_I=gaussian_noise_S=3,tt14993250,tt14993250.jpg,Missing image file: data/IMDB/noise/image/I=gaussian_noise_S=3/tt14993250.jpg,
imdb,all_I=gaussian_noise_S=3,tt6359956,tt6359956.jpg,Missing image file: data/IMDB/noise/image/I=gaussian_noise_S=3/tt6359956.jpg,
imdb,all_I=gaussian_noise_S=3,tt1798709,tt1798709.jpg,Missing image file: data/IMDB/noise/image/I=gaussian_noise_S=3/tt1798709.jpg,
imdb,all_I=gaussian_noise_S=3,tt13438628,tt13438628.jpg,Missing image file: data/IMDB/noise/image/I=gaussian_noise_S=3/tt13438628.jpg,
imdb,all_I=gaussian_noise_S=3,tt20251822,tt20251822.jpg,Missing image file: data/IMDB/noise/image/I=gaussian_noise_S=3/tt20251822.jpg,
imdb,all_I=gaussian_noise_S=3,tt8946378,tt8946378.jpg,Missing image file: data/IMDB/noise/image/I=gaussian_noise_S=3/tt8946378.jpg,
imdb,all_I=gaussian_noise_S=3,tt7645122,tt7645122.jpg,Missing image file: data/IMDB/noise/image/I=gaussian_noise_S=3/tt7645122.jpg,
imdb,all_I=gaussian_noise_S=3,tt20258072,tt20258072.jpg,Missing image file: data/IMDB/noise/image/I=gaussian_noise_S=3/tt20258072.jpg,
imdb,all_I=gaussian_noise_S=3,tt0110200,tt0110200.jpg,Missing image file: data/IMDB/noise/image/I=gaussian_noise_S=3/tt0110200.jpg,
imdb,all_I=gaussian_noise_S=3,tt5865326,tt5865326.jpg,Missing image file: data/IMDB/noise/image/I=gaussian_noise_S=3/tt5865326.jpg,
imdb,all_I=gaussian_noise_S=3,tt1976540,tt1976540.jpg,Missing image file: data/IMDB/noise/image/I=gaussian_noise_S=3/tt1976540.jpg,
imdb,all_I=gaussian_noise_S=3,tt6911608,tt6911608.jpg,Missing image file: data/IMDB/noise/image/I=gaussian_noise_S=3/tt6911608.jpg,
imdb,all_I=gaussian_noise_S=3,tt5721088,tt5721088.jpg,Missing image file: data/IMDB/noise/image/I=gaussian_noise_S=3/tt5721088.jpg,
imdb,all_I=gaussian_noise_S=3,tt7913934,tt7913934.jpg,Missing image file: data/IMDB/noise/image/I=gaussian_noise_S=3/tt7913934.jpg,
imdb,all_I=gaussian_noise_S=3,tt8750570,tt8750570.jpg,Missing image file: data/IMDB/noise/image/I=gaussian_noise_S=3/tt8750570.jpg,
imdb,all_I=gaussian_noise_S=3,tt4481514,tt4481514.jpg,Missing image file: data/IMDB/noise/image/I=gaussian_noise_S=3/tt4481514.jpg,
imdb,all_I=gaussian_noise_S=3,tt14315408,tt14315408.jpg,Missing image file: data/IMDB/noise/image/I=gaussian_noise_S=3/tt14315408.jpg,
imdb,all_I=gaussian_noise_S=3,tt1859522,tt1859522.jpg,Missing image file: data/IMDB/noise/image/I=gaussian_noise_S=3/tt1859522.jpg,
imdb,all_I=gaussian_noise_S=3,tt7988464,tt7988464.jpg,Missing image file: data/IMDB/noise/image/I=gaussian_noise_S=3/tt7988464.jpg,
imdb,all_I=gaussian_noise_S=3,tt11649338,tt11649338.jpg,Missing image file: data/IMDB/noise/image/I=gaussian_noise_S=3/tt11649338.jpg,
imdb,all_I=gaussian_noise_S=3,tt3401882,tt3401882.jpg,Missing image file: data/IMDB/noise/image/I=gaussian_noise_S=3/tt3401882.jpg,
imdb,all_I=gaussian_noise_S=3,tt6432466,tt6432466.jpg,Missing image file: data/IMDB/noise/image/I=gaussian_noise_S=3/tt6432466.jpg,
imdb,all_I=gaussian_noise_S=3,tt7634968,tt7634968.jpg,Missing image file: data/IMDB/noise/image/I=gaussian_noise_S=3/tt7634968.jpg,
imdb,all_I=gaussian_noise_S=3,tt5971474,tt5971474.jpg,Missing image file: data/IMDB/noise/image/I=gaussian_noise_S=3/tt5971474.jpg,
imdb,all_I=jpeg_S=3,tt12783454,tt12783454.jpg,Missing image file: data/IMDB/noise/image/I=jpeg_S=3/tt12783454.jpg,
imdb,all_I=jpeg_S=3,tt8522006,tt8522006.jpg,Missing image file: data/IMDB/noise/image/I=jpeg_S=3/tt8522006.jpg,
imdb,all_I=jpeg_S=3,tt14960572,tt14960572.jpg,Missing image file: data/IMDB/noise/image/I=jpeg_S=3/tt14960572.jpg,
imdb,all_I=jpeg_S=3,tt2763304,tt2763304.jpg,Missing image file: data/IMDB/noise/image/I=jpeg_S=3/tt2763304.jpg,
imdb,all_I=jpeg_S=3,tt10919380,tt10919380.jpg,Missing image file: data/IMDB/noise/image/I=jpeg_S=3/tt10919380.jpg,
imdb,all_I=jpeg_S=3,tt0092720,tt0092720.jpg,Missing image file: data/IMDB/noise/image/I=jpeg_S=3/tt0092720.jpg,
imdb,all_I=jpeg_S=3,tt0120338,tt0120338.jpg,Missing image file: data/IMDB/noise/image/I=jpeg_S=3/tt0120338.jpg,
imdb,all_I=jpeg_S=3,tt17351924,tt17351924.jpg,Missing image file: data/IMDB/noise/image/I=jpeg_S=3/tt17351924.jpg,
imdb,all_I=jpeg_S=3,tt5649108,tt5649108.jpg,Missing image file: data/IMDB/noise/image/I=jpeg_S=3/tt5649108.jpg,
imdb,all_I=jpeg_S=3,tt14715170,tt14715170.jpg,Missing image file: data/IMDB/noise/image/I=jpeg_S=3/tt14715170.jpg,
imdb,all_I=jpeg_S=3,tt10655524,tt10655524.jpg,Missing image file: data/IMDB/noise/image/I=jpeg_S=3/tt10655524.jpg,
imdb,all_I=jpeg_S=3,tt14452776,tt14452776.jpg,Missing image file: data/IMDB/noise/image/I=jpeg_S=3/tt14452776.jpg,
imdb,all_I=jpeg_S=3,tt0332280,tt0332280.jpg,Missing image file: data/IMDB/noise/image/I=jpeg_S=3/tt0332280.jpg,
imdb,all_I=jpeg_S=3,tt27727074,tt27727074.jpg,Missing image file: data/IMDB/noise/image/I=jpeg_S=3/tt27727074.jpg,
imdb,all_I=jpeg_S=3,tt9115530,tt9115530.jpg,Missing image file: data/IMDB/noise/image/I=jpeg_S=3/tt9115530.jpg,
imdb,all_I=jpeg_S=3,tt22743064,tt22743064.jpg,Missing image file: data/IMDB/noise/image/I=jpeg_S=3/tt22743064.jpg,
imdb,all_I=jpeg_S=3,tt14824792,tt14824792.jpg,Missing image file: data/IMDB/noise/image/I=jpeg_S=3/tt14824792.jpg,
imdb,all_I=jpeg_S=3,tt12477480,tt12477480.jpg,Missing image file: data/IMDB/noise/image/I=jpeg_S=3/tt12477480.jpg,
imdb,all_I=jpeg_S=3,tt2080323,tt2080323.jpg,Missing image file: data/IMDB/noise/image/I=jpeg_S=3/tt2080323.jpg,
imdb,all_I=jpeg_S=3,tt18748482,tt18748482.jpg,Missing image file: data/IMDB/noise/image/I=jpeg_S=3/tt18748482.jpg,
imdb,all_I=jpeg_S=3,tt0805184,tt0805184.jpg,Missing image file: data/IMDB/noise/image/I=jpeg_S=3/tt0805184.jpg,
imdb,all_I=jpeg_S=3,tt6412452,tt6412452.jpg,Missing image file: data/IMDB/noise/image/I=jpeg_S=3/tt6412452.jpg,
imdb,all_I=jpeg_S=3,tt8145202,tt8145202.jpg,Missing image file: data/IMDB/noise/image/I=jpeg_S=3/tt8145202.jpg,
imdb,all_I=jpeg_S=3,tt4586828,tt4586828.jpg,Missing image file: data/IMDB/noise/image/I=jpeg_S=3/tt4586828.jpg,
imdb,all_I=jpeg_S=3,tt23144234,tt23144234.jpg,Missing image file: data/IMDB/noise/image/I=jpeg_S=3/tt23144234.jpg,
imdb,all_I=jpeg_S=3,tt9354842,tt9354842.jpg,Missing image file: data/IMDB/noise/image/I=jpeg_S=3/tt9354842.jpg,
imdb,all_I=jpeg_S=3,tt16794528,tt16794528.jpg,Missing image file: data/IMDB/noise/image/I=jpeg_S=3/tt16794528.jpg,
imdb,all_I=jpeg_S=3,tt7349662,tt7349662.jpg,Missing image file: data/IMDB/noise/image/I=jpeg_S=3/tt7349662.jpg,
imdb,all_I=jpeg_S=3,tt8816194,tt8816194.jpg,Missing image file: data/IMDB/noise/image/I=jpeg_S=3/tt8816194.jpg,
imdb,all_I=jpeg_S=3,tt15184804,tt15184804.jpg,Missing image file: data/IMDB/noise/image/I=jpeg_S=3/tt15184804.jpg,
imdb,all_I=jpeg_S=3,tt11795652,tt11795652.jpg,Missing image file: data/IMDB/noise/image/I=jpeg_S=3/tt11795652.jpg,
imdb,all_I=jpeg_S=3,tt13022984,tt13022984.jpg,Missing image file: data/IMDB/noise/image/I=jpeg_S=3/tt13022984.jpg,
imdb,all_I=jpeg_S=3,tt10682266,tt10682266.jpg,Missing image file: data/IMDB/noise/image/I=jpeg_S=3/tt10682266.jpg,
imdb,all_I=jpeg_S=3,tt4565520,tt4565520.jpg,Missing image file: data/IMDB/noise/image/I=jpeg_S=3/tt4565520.jpg,
imdb,all_I=jpeg_S=3,tt2531344,tt2531344.jpg,Missing image file: data/IMDB/noise/image/I=jpeg_S=3/tt2531344.jpg,
imdb,all_I=jpeg_S=3,tt22041854,tt22041854.jpg,Missing image file: data/IMDB/noise/image/I=jpeg_S=3/tt22041854.jpg,
imdb,all_I=jpeg_S=3,tt5978724,tt5978724.jpg,Missing image file: data/IMDB/noise/image/I=jpeg_S=3/tt5978724.jpg,
imdb,all_I=jpeg_S=3,tt0098904,tt0098904.jpg,Missing image file: data/IMDB/noise/image/I=jpeg_S=3/tt0098904.jpg,
imdb,all_I=jpeg_S=3,tt2263648,tt2263648.jpg,Missing image file: data/IMDB/noise/image/I=jpeg_S=3/tt2263648.jpg,
imdb,all_I=jpeg_S=3,tt0070849,tt0070849.jpg,Missing image file: data/IMDB/noise/image/I=jpeg_S=3/tt0070849.jpg,
imdb,all_I=jpeg_S=3,tt7242142,tt7242142.jpg,Missing image file: data/IMDB/noise/image/I=jpeg_S=3/tt7242142.jpg,
imdb,all_I=jpeg_S=3,tt7703924,tt7703924.jpg,Missing image file: data/IMDB/noise/image/I=jpeg_S=3/tt7703924.jpg,
imdb,all_I=jpeg_S=3,tt4758646,tt4758646.jpg,Missing image file: data/IMDB/noise/image/I=jpeg_S=3/tt4758646.jpg,
imdb,all_I=jpeg_S=3,tt2631186,tt2631186.jpg,Missing image file: data/IMDB/noise/image/I=jpeg_S=3/tt2631186.jpg,
imdb,all_I=jpeg_S=3,tt4995790,tt4995790.jpg,Missing image file: data/IMDB/noise/image/I=jpeg_S=3/tt4995790.jpg,
imdb,all_I=jpeg_S=3,tt12045028,tt12045028.jpg,Missing image file: data/IMDB/noise/image/I=jpeg_S=3/tt12045028.jpg,
imdb,all_I=jpeg_S=3,tt14298328,tt14298328.jpg,Missing image file: data/IMDB/noise/image/I=jpeg_S=3/tt14298328.jpg,
imdb,all_I=jpeg_S=3,tt1442437,tt1442437.jpg,Missing image file: data/IMDB/noise/image/I=jpeg_S=3/tt1442437.jpg,
imdb,all_I=jpeg_S=3,tt6217804,tt6217804.jpg,Missing image file: data/IMDB/noise/image/I=jpeg_S=3/tt6217804.jpg,
imdb,all_I=jpeg_S=3,tt8637428,tt8637428.jpg,Missing image file: data/IMDB/noise/image/I=jpeg_S=3/tt8637428.jpg,
imdb,all_I=jpeg_S=3,tt0119558,tt0119558.jpg,Missing image file: data/IMDB/noise/image/I=jpeg_S=3/tt0119558.jpg,
imdb,all_I=jpeg_S=3,tt4477536,tt4477536.jpg,Missing image file: data/IMDB/noise/image/I=jpeg_S=3/tt4477536.jpg,
imdb,all_I=jpeg_S=3,tt13491620,tt13491620.jpg,Missing image file: data/IMDB/noise/image/I=jpeg_S=3/tt13491620.jpg,
imdb,all_I=jpeg_S=3,tt13288678,tt13288678.jpg,Missing image file: data/IMDB/noise/image/I=jpeg_S=3/tt13288678.jpg,
imdb,all_I=jpeg_S=3,tt6644286,tt6644286.jpg,Missing image file: data/IMDB/noise/image/I=jpeg_S=3/tt6644286.jpg,
imdb,all_I=jpeg_S=3,tt0438488,tt0438488.jpg,Missing image file: data/IMDB/noise/image/I=jpeg_S=3/tt0438488.jpg,
imdb,all_I=jpeg_S=3,tt12879624,tt12879624.jpg,Missing image file: data/IMDB/noise/image/I=jpeg_S=3/tt12879624.jpg,
imdb,all_I=jpeg_S=3,tt8801584,tt8801584.jpg,Missing image file: data/IMDB/noise/image/I=jpeg_S=3/tt8801584.jpg,
imdb,all_I=jpeg_S=3,tt12861850,tt12861850.jpg,Missing image file: data/IMDB/noise/image/I=jpeg_S=3/tt12861850.jpg,
imdb,all_I=jpeg_S=3,tt6472976,tt6472976.jpg,Missing image file: data/IMDB/noise/image/I=jpeg_S=3/tt6472976.jpg,
imdb,all_I=jpeg_S=3,tt2322441,tt2322441.jpg,Missing image file: data/IMDB/noise/image/I=jpeg_S=3/tt2322441.jpg,
imdb,all_I=jpeg_S=3,tt29079885,tt29079885.jpg,Missing image file: data/IMDB/noise/image/I=jpeg_S=3/tt29079885.jpg,
imdb,all_I=jpeg_S=3,tt10262380,tt10262380.jpg,Missing image file: data/IMDB/noise/image/I=jpeg_S=3/tt10262380.jpg,
imdb,all_I=jpeg_S=3,tt7374948,tt7374948.jpg,Missing image file: data/IMDB/noise/image/I=jpeg_S=3/tt7374948.jpg,
imdb,all_I=jpeg_S=3,tt15145764,tt15145764.jpg,Missing image file: data/IMDB/noise/image/I=jpeg_S=3/tt15145764.jpg,
imdb,all_I=jpeg_S=3,tt13535454,tt13535454.jpg,Missing image file: data/IMDB/noise/image/I=jpeg_S=3/tt13535454.jpg,
imdb,all_I=jpeg_S=3,tt1562859,tt1562859.jpg,Missing image file: data/IMDB/noise/image/I=jpeg_S=3/tt1562859.jpg,
imdb,all_I=jpeg_S=3,tt1728239,tt1728239.jpg,Missing image file: data/IMDB/noise/image/I=jpeg_S=3/tt1728239.jpg,
imdb,all_I=jpeg_S=3,tt28228231,tt28228231.jpg,Missing image file: data/IMDB/noise/image/I=jpeg_S=3/tt28228231.jpg,
imdb,all_I=jpeg_S=3,tt13406094,tt13406094.jpg,Missing image file: data/IMDB/noise/image/I=jpeg_S=3/tt13406094.jpg,
imdb,all_I=jpeg_S=3,tt4858674,tt4858674.jpg,Missing image file: data/IMDB/noise/image/I=jpeg_S=3/tt4858674.jpg,
imdb,all_I=jpeg_S=3,tt1879030,tt1879030.jpg,Missing image file: data/IMDB/noise/image/I=jpeg_S=3/tt1879030.jpg,
imdb,all_I=jpeg_S=3,tt22488728,tt22488728.jpg,Missing image file: data/IMDB/noise/image/I=jpeg_S=3/tt22488728.jpg,
imdb,all_I=jpeg_S=3,tt9198364,tt9198364.jpg,Missing image file: data/IMDB/noise/image/I=jpeg_S=3/tt9198364.jpg,
imdb,all_I=jpeg_S=3,tt14849194,tt14849194.jpg,Missing image file: data/IMDB/noise/image/I=jpeg_S=3/tt14849194.jpg,
imdb,all_I=jpeg_S=3,tt7838252,tt7838252.jpg,Missing image file: data/IMDB/noise/image/I=jpeg_S=3/tt7838252.jpg,
imdb,all_I=jpeg_S=3,tt9601220,tt9601220.jpg,Missing image file: data/IMDB/noise/image/I=jpeg_S=3/tt9601220.jpg,
imdb,all_I=jpeg_S=3,tt7598076,tt7598076.jpg,Missing image file: data/IMDB/noise/image/I=jpeg_S=3/tt7598076.jpg,
imdb,all_I=jpeg_S=3,tt5027774,tt5027774.jpg,Missing image file: data/IMDB/noise/image/I=jpeg_S=3/tt5027774.jpg,
imdb,all_I=jpeg_S=3,tt0068935,tt0068935.jpg,Missing image file: data/IMDB/noise/image/I=jpeg_S=3/tt0068935.jpg,
imdb,all_I=jpeg_S=3,tt23561236,tt23561236.jpg,Missing image file: data/IMDB/noise/image/I=jpeg_S=3/tt23561236.jpg,
imdb,all_I=jpeg_S=3,tt0488798,tt0488798.jpg,Missing image file: data/IMDB/noise/image/I=jpeg_S=3/tt0488798.jpg,
imdb,all_I=jpeg_S=3,tt1987680,tt1987680.jpg,Missing image file: data/IMDB/noise/image/I=jpeg_S=3/tt1987680.jpg,
imdb,all_I=jpeg_S=3,tt8155182,tt8155182.jpg,Missing image file: data/IMDB/noise/image/I=jpeg_S=3/tt8155182.jpg,
imdb,all_I=jpeg_S=3,tt16116726,tt16116726.jpg,Missing image file: data/IMDB/noise/image/I=jpeg_S=3/tt16116726.jpg,
imdb,all_I=jpeg_S=3,tt11762114,tt11762114.jpg,Missing image file: data/IMDB/noise/image/I=jpeg_S=3/tt11762114.jpg,
imdb,all_I=jpeg_S=3,tt14873696,tt14873696.jpg,Missing image file: data/IMDB/noise/image/I=jpeg_S=3/tt14873696.jpg,
imdb,all_I=jpeg_S=3,tt7014006,tt7014006.jpg,Missing image file: data/IMDB/noise/image/I=jpeg_S=3/tt7014006.jpg,
imdb,all_I=jpeg_S=3,tt9411972,tt9411972.jpg,Missing image file: data/IMDB/noise/image/I=jpeg_S=3/tt9411972.jpg,
imdb,all_I=jpeg_S=3,tt13978306,tt13978306.jpg,Missing image file: data/IMDB/noise/image/I=jpeg_S=3/tt13978306.jpg,
imdb,all_I=jpeg_S=3,tt10023024,tt10023024.jpg,Missing image file: data/IMDB/noise/image/I=jpeg_S=3/tt10023024.jpg,
imdb,all_I=jpeg_S=3,tt0309987,tt0309987.jpg,Missing image file: data/IMDB/noise/image/I=jpeg_S=3/tt0309987.jpg,
imdb,all_I=jpeg_S=3,tt3281548,tt3281548.jpg,Missing image file: data/IMDB/noise/image/I=jpeg_S=3/tt3281548.jpg,
imdb,all_I=jpeg_S=3,tt10687116,tt10687116.jpg,Missing image file: data/IMDB/noise/image/I=jpeg_S=3/tt10687116.jpg,
imdb,all_I=jpeg_S=3,tt0096697,tt0096697.jpg,Missing image file: data/IMDB/noise/image/I=jpeg_S=3/tt0096697.jpg,
imdb,all_I=jpeg_S=3,tt5613484,tt5613484.jpg,Missing image file: data/IMDB/noise/image/I=jpeg_S=3/tt5613484.jpg,
imdb,all_I=jpeg_S=3,tt0059742,tt0059742.jpg,Missing image file: data/IMDB/noise/image/I=jpeg_S=3/tt0059742.jpg,
imdb,all_I=jpeg_S=3,tt15905460,tt15905460.jpg,Missing image file: data/IMDB/noise/image/I=jpeg_S=3/tt15905460.jpg,
imdb,all_I=jpeg_S=3,tt0182576,tt0182576.jpg,Missing image file: data/IMDB/noise/image/I=jpeg_S=3/tt0182576.jpg,
imdb,all_I=jpeg_S=3,tt2568862,tt2568862.jpg,Missing image file: data/IMDB/noise/image/I=jpeg_S=3/tt2568862.jpg,
imdb,all_I=jpeg_S=3,tt15404468,tt15404468.jpg,Missing image file: data/IMDB/noise/image/I=jpeg_S=3/tt15404468.jpg,
imdb,all_I=jpeg_S=3,tt12077970,tt12077970.jpg,Missing image file: data/IMDB/noise/image/I=jpeg_S=3/tt12077970.jpg,
imdb,all_I=jpeg_S=3,tt10676012,tt10676012.jpg,Missing image file: data/IMDB/noise/image/I=jpeg_S=3/tt10676012.jpg,
imdb,all_I=jpeg_S=3,tt1489887,tt1489887.jpg,Missing image file: data/IMDB/noise/image/I=jpeg_S=3/tt1489887.jpg,
imdb,all_I=jpeg_S=3,tt7401588,tt7401588.jpg,Missing image file: data/IMDB/noise/image/I=jpeg_S=3/tt7401588.jpg,
imdb,all_I=jpeg_S=3,tt6841122,tt6841122.jpg,Missing image file: data/IMDB/noise/image/I=jpeg_S=3/tt6841122.jpg,
imdb,all_I=jpeg_S=3,tt5774062,tt5774062.jpg,Missing image file: data/IMDB/noise/image/I=jpeg_S=3/tt5774062.jpg,
imdb,all_I=jpeg_S=3,tt11388822,tt11388822.jpg,Missing image file: data/IMDB/noise/image/I=jpeg_S=3/tt11388822.jpg,
imdb,all_I=jpeg_S=3,tt22488414,tt22488414.jpg,Missing image file: data/IMDB/noise/image/I=jpeg_S=3/tt22488414.jpg,
imdb,all_I=jpeg_S=3,tt15022184,tt15022184.jpg,Missing image file: data/IMDB/noise/image/I=jpeg_S=3/tt15022184.jpg,
imdb,all_I=jpeg_S=3,tt3846674,tt3846674.jpg,Missing image file: data/IMDB/noise/image/I=jpeg_S=3/tt3846674.jpg,
imdb,all_I=jpeg_S=3,tt3272066,tt3272066.jpg,Missing image file: data/IMDB/noise/image/I=jpeg_S=3/tt3272066.jpg,
imdb,all_I=jpeg_S=3,tt7660850,tt7660850.jpg,Missing image file: data/IMDB/noise/image/I=jpeg_S=3/tt7660850.jpg,
imdb,all_I=jpeg_S=3,tt0368530,tt0368530.jpg,Missing image file: data/IMDB/noise/image/I=jpeg_S=3/tt0368530.jpg,
imdb,all_I=jpeg_S=3,tt5503686,tt5503686.jpg,Missing image file: data/IMDB/noise/image/I=jpeg_S=3/tt5503686.jpg,
imdb,all_I=jpeg_S=3,tt6513120,tt6513120.jpg,Missing image file: data/IMDB/noise/image/I=jpeg_S=3/tt6513120.jpg,
imdb,all_I=jpeg_S=3,tt5439812,tt5439812.jpg,Missing image file: data/IMDB/noise/image/I=jpeg_S=3/tt5439812.jpg,
imdb,all_I=jpeg_S=3,tt3982212,tt3982212.jpg,Missing image file: data/IMDB/noise/image/I=jpeg_S=3/tt3982212.jpg,
imdb,all_I=jpeg_S=3,tt11698662,tt11698662.jpg,Missing image file: data/IMDB/noise/image/I=jpeg_S=3/tt11698662.jpg,
imdb,all_I=jpeg_S=3,tt1563742,tt1563742.jpg,Missing image file: data/IMDB/noise/image/I=jpeg_S=3/tt1563742.jpg,
imdb,all_I=jpeg_S=3,tt13623608,tt13623608.jpg,Missing image file: data/IMDB/noise/image/I=jpeg_S=3/tt13623608.jpg,
imdb,all_I=jpeg_S=3,tt2709692,tt2709692.jpg,Missing image file: data/IMDB/noise/image/I=jpeg_S=3/tt2709692.jpg,
imdb,all_I=jpeg_S=3,tt28229086,tt28229086.jpg,Missing image file: data/IMDB/noise/image/I=jpeg_S=3/tt28229086.jpg,
imdb,all_I=jpeg_S=3,tt5164432,tt5164432.jpg,Missing image file: data/IMDB/noise/image/I=jpeg_S=3/tt5164432.jpg,
imdb,all_I=jpeg_S=3,tt0419058,tt0419058.jpg,Missing image file: data/IMDB/noise/image/I=jpeg_S=3/tt0419058.jpg,
imdb,all_I=jpeg_S=3,tt0070034,tt0070034.jpg,Missing image file: data/IMDB/noise/image/I=jpeg_S=3/tt0070034.jpg,
imdb,all_I=jpeg_S=3,tt11426572,tt11426572.jpg,Missing image file: data/IMDB/noise/image/I=jpeg_S=3/tt11426572.jpg,
imdb,all_I=jpeg_S=3,tt11127878,tt11127878.jpg,Missing image file: data/IMDB/noise/image/I=jpeg_S=3/tt11127878.jpg,
imdb,all_I=jpeg_S=3,tt1620981,tt1620981.jpg,Missing image file: data/IMDB/noise/image/I=jpeg_S=3/tt1620981.jpg,
imdb,all_I=jpeg_S=3,tt3581652,tt3581652.jpg,Missing image file: data/IMDB/noise/image/I=jpeg_S=3/tt3581652.jpg,
imdb,all_I=jpeg_S=3,tt0242519,tt0242519.jpg,Missing image file: data/IMDB/noise/image/I=jpeg_S=3/tt0242519.jpg,
imdb,all_I=jpeg_S=3,tt1433905,tt1433905.jpg,Missing image file: data/IMDB/noise/image/I=jpeg_S=3/tt1433905.jpg,
imdb,all_I=jpeg_S=3,tt8695030,tt8695030.jpg,Missing image file: data/IMDB/noise/image/I=jpeg_S=3/tt8695030.jpg,
imdb,all_I=jpeg_S=3,tt5308322,tt5308322.jpg,Missing image file: data/IMDB/noise/image/I=jpeg_S=3/tt5308322.jpg,
imdb,all_I=jpeg_S=3,tt14783042,tt14783042.jpg,Missing image file: data/IMDB/noise/image/I=jpeg_S=3/tt14783042.jpg,
imdb,all_I=jpeg_S=3,tt10042590,tt10042590.jpg,Missing image file: data/IMDB/noise/image/I=jpeg_S=3/tt10042590.jpg,
imdb,all_I=jpeg_S=3,tt8960382,tt8960382.jpg,Missing image file: data/IMDB/noise/image/I=jpeg_S=3/tt8960382.jpg,
imdb,all_I=jpeg_S=3,tt5697572,tt5697572.jpg,Missing image file: data/IMDB/noise/image/I=jpeg_S=3/tt5697572.jpg,
imdb,all_I=jpeg_S=3,tt5710514,tt5710514.jpg,Missing image file: data/IMDB/noise/image/I=jpeg_S=3/tt5710514.jpg,
imdb,all_I=jpeg_S=3,tt11772746,tt11772746.jpg,Missing image file: data/IMDB/noise/image/I=jpeg_S=3/tt11772746.jpg,
imdb,all_I=jpeg_S=3,tt0104014,tt0104014.jpg,Missing image file: data/IMDB/noise/image/I=jpeg_S=3/tt0104014.jpg,
imdb,all_I=jpeg_S=3,tt7131622,tt7131622.jpg,Missing image file: data/IMDB/noise/image/I=jpeg_S=3/tt7131622.jpg,
imdb,all_I=jpeg_S=3,tt8949056,tt8949056.jpg,Missing image file: data/IMDB/noise/image/I=jpeg_S=3/tt8949056.jpg,
imdb,all_I=jpeg_S=3,tt5462326,tt5462326.jpg,Missing image file: data/IMDB/noise/image/I=jpeg_S=3/tt5462326.jpg,
imdb,all_I=jpeg_S=3,tt6367558,tt6367558.jpg,Missing image file: data/IMDB/noise/image/I=jpeg_S=3/tt6367558.jpg,
imdb,all_I=jpeg_S=3,tt23472806,tt23472806.jpg,Missing image file: data/IMDB/noise/image/I=jpeg_S=3/tt23472806.jpg,
imdb,all_I=jpeg_S=3,tt13438634,tt13438634.jpg,Missing image file: data/IMDB/noise/image/I=jpeg_S=3/tt13438634.jpg,
imdb,all_I=jpeg_S=3,tt1578116,tt1578116.jpg,Missing image file: data/IMDB/noise/image/I=jpeg_S=3/tt1578116.jpg,
imdb,all_I=jpeg_S=3,tt5610554,tt5610554.jpg,Missing image file: data/IMDB/noise/image/I=jpeg_S=3/tt5610554.jpg,
imdb,all_I=jpeg_S=3,tt1340138,tt1340138.jpg,Missing image file: data/IMDB/noise/image/I=jpeg_S=3/tt1340138.jpg,
imdb,all_I=jpeg_S=3,tt0845448,tt0845448.jpg,Missing image file: data/IMDB/noise/image/I=jpeg_S=3/tt0845448.jpg,
imdb,all_I=jpeg_S=3,tt1637725,tt1637725.jpg,Missing image file: data/IMDB/noise/image/I=jpeg_S=3/tt1637725.jpg,
imdb,all_I=jpeg_S=3,tt2119543,tt2119543.jpg,Missing image file: data/IMDB/noise/image/I=jpeg_S=3/tt2119543.jpg,
imdb,all_I=jpeg_S=3,tt3794354,tt3794354.jpg,Missing image file: data/IMDB/noise/image/I=jpeg_S=3/tt3794354.jpg,
imdb,all_I=jpeg_S=3,tt9484998,tt9484998.jpg,Missing image file: data/IMDB/noise/image/I=jpeg_S=3/tt9484998.jpg,
imdb,all_I=jpeg_S=3,tt6823148,tt6823148.jpg,Missing image file: data/IMDB/noise/image/I=jpeg_S=3/tt6823148.jpg,
imdb,all_I=jpeg_S=3,tt13224758,tt13224758.jpg,Missing image file: data/IMDB/noise/image/I=jpeg_S=3/tt13224758.jpg,
imdb,all_I=jpeg_S=3,tt2139881,tt2139881.jpg,Missing image file: data/IMDB/noise/image/I=jpeg_S=3/tt2139881.jpg,
imdb,all_I=jpeg_S=3,tt0386676,tt0386676.jpg,Missing image file: data/IMDB/noise/image/I=jpeg_S=3/tt0386676.jpg,
imdb,all_I=jpeg_S=3,tt2752200,tt2752200.jpg,Missing image file: data/IMDB/noise/image/I=jpeg_S=3/tt2752200.jpg,
imdb,all_I=jpeg_S=3,tt1575539,tt1575539.jpg,Missing image file: data/IMDB/noise/image/I=jpeg_S=3/tt1575539.jpg,
imdb,all_I=jpeg_S=3,tt16360006,tt16360006.jpg,Missing image file: data/IMDB/noise/image/I=jpeg_S=3/tt16360006.jpg,
imdb,all_I=jpeg_S=3,tt22302170,tt22302170.jpg,Missing image file: data/IMDB/noise/image/I=jpeg_S=3/tt22302170.jpg,
imdb,all_I=jpeg_S=3,tt4686844,tt4686844.jpg,Missing image file: data/IMDB/noise/image/I=jpeg_S=3/tt4686844.jpg,
imdb,all_I=jpeg_S=3,tt7653254,tt7653254.jpg,Missing image file: data/IMDB/noise/image/I=jpeg_S=3/tt7653254.jpg,
imdb,all_I=jpeg_S=3,tt13479258,tt13479258.jpg,Missing image file: data/IMDB/noise/image/I=jpeg_S=3/tt13479258.jpg,
imdb,all_I=jpeg_S=3,tt7070818,tt7070818.jpg,Missing image file: data/IMDB/noise/image/I=jpeg_S=3/tt7070818.jpg,
imdb,all_I=jpeg_S=3,tt15214902,tt15214902.jpg,Missing image file: data/IMDB/noise/image/I=jpeg_S=3/tt15214902.jpg,
imdb,all_I=jpeg_S=3,tt10364034,tt10364034.jpg,Missing image file: data/IMDB/noise/image/I=jpeg_S=3/tt10364034.jpg,
imdb,all_I=jpeg_S=3,tt11219254,tt11219254.jpg,Missing image file: data/IMDB/noise/image/I=jpeg_S=3/tt11219254.jpg,
imdb,all_I=jpeg_S=3,tt15255288,tt15255288.jpg,Missing image file: data/IMDB/noise/image/I=jpeg_S=3/tt15255288.jpg,
imdb,all_I=jpeg_S=3,tt4465564,tt4465564.jpg,Missing image file: data/IMDB/noise/image/I=jpeg_S=3/tt4465564.jpg,
imdb,all_I=jpeg_S=3,tt7979142,tt7979142.jpg,Missing image file: data/IMDB/noise/image/I=jpeg_S=3/tt7979142.jpg,
imdb,all_I=jpeg_S=3,tt7286836,tt7286836.jpg,Missing image file: data/IMDB/noise/image/I=jpeg_S=3/tt7286836.jpg,
imdb,all_I=jpeg_S=3,tt0098878,tt0098878.jpg,Missing image file: data/IMDB/noise/image/I=jpeg_S=3/tt0098878.jpg,
imdb,all_I=jpeg_S=3,tt5666304,tt5666304.jpg,Missing image file: data/IMDB/noise/image/I=jpeg_S=3/tt5666304.jpg,
imdb,all_I=jpeg_S=3,tt13751694,tt13751694.jpg,Missing image file: data/IMDB/noise/image/I=jpeg_S=3/tt13751694.jpg,
imdb,all_I=jpeg_S=3,tt12741494,tt12741494.jpg,Missing image file: data/IMDB/noise/image/I=jpeg_S=3/tt12741494.jpg,
imdb,all_I=jpeg_S=3,tt2584384,tt2584384.jpg,Missing image file: data/IMDB/noise/image/I=jpeg_S=3/tt2584384.jpg,
imdb,all_I=jpeg_S=3,tt0411705,tt0411705.jpg,Missing image file: data/IMDB/noise/image/I=jpeg_S=3/tt0411705.jpg,
imdb,all_I=jpeg_S=3,tt4765284,tt4765284.jpg,Missing image file: data/IMDB/noise/image/I=jpeg_S=3/tt4765284.jpg,
imdb,all_I=jpeg_S=3,tt5657846,tt5657846.jpg,Missing image file: data/IMDB/noise/image/I=jpeg_S=3/tt5657846.jpg,
imdb,all_I=jpeg_S=3,tt0995035,tt0995035.jpg,Missing image file: data/IMDB/noise/image/I=jpeg_S=3/tt0995035.jpg,
imdb,all_I=jpeg_S=3,tt11540284,tt11540284.jpg,Missing image file: data/IMDB/noise/image/I=jpeg_S=3/tt11540284.jpg,
imdb,all_I=jpeg_S=3,tt21192142,tt21192142.jpg,Missing image file: data/IMDB/noise/image/I=jpeg_S=3/tt21192142.jpg,
imdb,all_I=jpeg_S=3,tt13401252,tt13401252.jpg,Missing image file: data/IMDB/noise/image/I=jpeg_S=3/tt13401252.jpg,
imdb,all_I=jpeg_S=3,tt4225622,tt4225622.jpg,Missing image file: data/IMDB/noise/image/I=jpeg_S=3/tt4225622.jpg,
imdb,all_I=jpeg_S=3,tt21115444,tt21115444.jpg,Missing image file: data/IMDB/noise/image/I=jpeg_S=3/tt21115444.jpg,
imdb,all_I=jpeg_S=3,tt19769320,tt19769320.jpg,Missing image file: data/IMDB/noise/image/I=jpeg_S=3/tt19769320.jpg,
imdb,all_I=jpeg_S=3,tt0194314,tt0194314.jpg,Missing image file: data/IMDB/noise/image/I=jpeg_S=3/tt0194314.jpg,
imdb,all_I=jpeg_S=3,tt10366514,tt10366514.jpg,Missing image file: data/IMDB/noise/image/I=jpeg_S=3/tt10366514.jpg,
imdb,all_I=jpeg_S=3,tt0254455,tt0254455.jpg,Missing image file: data/IMDB/noise/image/I=jpeg_S=3/tt0254455.jpg,
imdb,all_I=jpeg_S=3,tt0338013,tt0338013.jpg,Missing image file: data/IMDB/noise/image/I=jpeg_S=3/tt0338013.jpg,
imdb,all_I=jpeg_S=3,tt6226232,tt6226232.jpg,Missing image file: data/IMDB/noise/image/I=jpeg_S=3/tt6226232.jpg,
imdb,all_I=jpeg_S=3,tt0111573,tt0111573.jpg,Missing image file: data/IMDB/noise/image/I=jpeg_S=3/tt0111573.jpg,
imdb,all_I=jpeg_S=3,tt4126476,tt4126476.jpg,Missing image file: data/IMDB/noise/image/I=jpeg_S=3/tt4126476.jpg,
imdb,all_I=jpeg_S=3,tt2278871,tt2278871.jpg,Missing image file: data/IMDB/noise/image/I=jpeg_S=3/tt2278871.jpg,
imdb,all_I=jpeg_S=3,tt8079248,tt8079248.jpg,Missing image file: data/IMDB/noise/image/I=jpeg_S=3/tt8079248.jpg,
imdb,all_I=jpeg_S=3,tt11771594,tt11771594.jpg,Missing image file: data/IMDB/noise/image/I=jpeg_S=3/tt11771594.jpg,
imdb,all_I=jpeg_S=3,tt11317142,tt11317142.jpg,Missing image file: data/IMDB/noise/image/I=jpeg_S=3/tt11317142.jpg,
imdb,all_I=jpeg_S=3,tt8976576,tt8976576.jpg,Missing image file: data/IMDB/noise/image/I=jpeg_S=3/tt8976576.jpg,
imdb,all_I=jpeg_S=3,tt1263750,tt1263750.jpg,Missing image file: data/IMDB/noise/image/I=jpeg_S=3/tt1263750.jpg,
imdb,all_I=jpeg_S=3,tt0213847,tt0213847.jpg,Missing image file: data/IMDB/noise/image/I=jpeg_S=3/tt0213847.jpg,
imdb,all_I=jpeg_S=3,tt0348529,tt0348529.jpg,Missing image file: data/IMDB/noise/image/I=jpeg_S=3/tt0348529.jpg,
imdb,all_I=jpeg_S=3,tt0372909,tt0372909.jpg,Missing image file: data/IMDB/noise/image/I=jpeg_S=3/tt0372909.jpg,
imdb,all_I=jpeg_S=3,tt10399674,tt10399674.jpg,Missing image file: data/IMDB/noise/image/I=jpeg_S=3/tt10399674.jpg,
imdb,all_I=jpeg_S=3,tt7040874,tt7040874.jpg,Missing image file: data/IMDB/noise/image/I=jpeg_S=3/tt7040874.jpg,
imdb,all_I=jpeg_S=3,tt0480919,tt0480919.jpg,Missing image file: data/IMDB/noise/image/I=jpeg_S=3/tt0480919.jpg,
imdb,all_I=jpeg_S=3,tt0418832,tt0418832.jpg,Missing image file: data/IMDB/noise/image/I=jpeg_S=3/tt0418832.jpg,
imdb,all_I=jpeg_S=3,tt0377092,tt0377092.jpg,Missing image file: data/IMDB/noise/image/I=jpeg_S=3/tt0377092.jpg,
imdb,all_I=jpeg_S=3,tt5688932,tt5688932.jpg,Missing image file: data/IMDB/noise/image/I=jpeg_S=3/tt5688932.jpg,
imdb,all_I=jpeg_S=3,tt10698680,tt10698680.jpg,Missing image file: data/IMDB/noise/image/I=jpeg_S=3/tt10698680.jpg,
imdb,all_I=jpeg_S=3,tt5619332,tt5619332.jpg,Missing image file: data/IMDB/noise/image/I=jpeg_S=3/tt5619332.jpg,
imdb,all_I=jpeg_S=3,tt8155288,tt8155288.jpg,Missing image file: data/IMDB/noise/image/I=jpeg_S=3/tt8155288.jpg,
imdb,all_I=jpeg_S=3,tt8079510,tt8079510.jpg,Missing image file: data/IMDB/noise/image/I=jpeg_S=3/tt8079510.jpg,
imdb,all_I=jpeg_S=3,tt6317762,tt6317762.jpg,Missing image file: data/IMDB/noise/image/I=jpeg_S=3/tt6317762.jpg,
imdb,all_I=jpeg_S=3,tt9632590,tt9632590.jpg,Missing image file: data/IMDB/noise/image/I=jpeg_S=3/tt9632590.jpg,
imdb,all_I=jpeg_S=3,tt11286314,tt11286314.jpg,Missing image file: data/IMDB/noise/image/I=jpeg_S=3/tt11286314.jpg,
imdb,all_I=jpeg_S=3,tt0397442,tt0397442.jpg,Missing image file: data/IMDB/noise/image/I=jpeg_S=3/tt0397442.jpg,
imdb,all_I=jpeg_S=3,tt21205440,tt21205440.jpg,Missing image file: data/IMDB/noise/image/I=jpeg_S=3/tt21205440.jpg,
imdb,all_I=jpeg_S=3,tt8718158,tt8718158.jpg,Missing image file: data/IMDB/noise/image/I=jpeg_S=3/tt8718158.jpg,
imdb,all_I=jpeg_S=3,tt8707922,tt8707922.jpg,Missing image file: data/IMDB/noise/image/I=jpeg_S=3/tt8707922.jpg,
imdb,all_I=jpeg_S=3,tt0806088,tt0806088.jpg,Missing image file: data/IMDB/noise/image/I=jpeg_S=3/tt0806088.jpg,
imdb,all_I=jpeg_S=3,tt7161712,tt7161712.jpg,Missing image file: data/IMDB/noise/image/I=jpeg_S=3/tt7161712.jpg,
imdb,all_I=jpeg_S=3,tt3799232,tt3799232.jpg,Missing image file: data/IMDB/noise/image/I=jpeg_S=3/tt3799232.jpg,
imdb,all_I=jpeg_S=3,tt4925292,tt4925292.jpg,Missing image file: data/IMDB/noise/image/I=jpeg_S=3/tt4925292.jpg,
imdb,all_I=jpeg_S=3,tt8075260,tt8075260.jpg,Missing image file: data/IMDB/noise/image/I=jpeg_S=3/tt8075260.jpg,
imdb,all_I=jpeg_S=3,tt6108178,tt6108178.jpg,Missing image file: data/IMDB/noise/image/I=jpeg_S=3/tt6108178.jpg,
imdb,all_I=jpeg_S=3,tt15326988,tt15326988.jpg,Missing image file: data/IMDB/noise/image/I=jpeg_S=3/tt15326988.jpg,
imdb,all_I=jpeg_S=3,tt8783130,tt8783130.jpg,Missing image file: data/IMDB/noise/image/I=jpeg_S=3/tt8783130.jpg,
imdb,all_I=jpeg_S=3,tt6857166,tt6857166.jpg,Missing image file: data/IMDB/noise/image/I=jpeg_S=3/tt6857166.jpg,
imdb,all_I=jpeg_S=3,tt12789558,tt12789558.jpg,Missing image file: data/IMDB/noise/image/I=jpeg_S=3/tt12789558.jpg,
imdb,all_I=jpeg_S=3,tt6173826,tt6173826.jpg,Missing image file: data/IMDB/noise/image/I=jpeg_S=3/tt6173826.jpg,
imdb,all_I=jpeg_S=3,tt1586680,tt1586680.jpg,Missing image file: data/IMDB/noise/image/I=jpeg_S=3/tt1586680.jpg,
imdb,all_I=jpeg_S=3,tt21223048,tt21223048.jpg,Missing image file: data/IMDB/noise/image/I=jpeg_S=3/tt21223048.jpg,
imdb,all_I=jpeg_S=3,tt14914988,tt14914988.jpg,Missing image file: data/IMDB/noise/image/I=jpeg_S=3/tt14914988.jpg,
imdb,all_I=jpeg_S=3,tt1298644,tt1298644.jpg,Missing image file: data/IMDB/noise/image/I=jpeg_S=3/tt1298644.jpg,
imdb,all_I=jpeg_S=3,tt15576460,tt15576460.jpg,Missing image file: data/IMDB/noise/image/I=jpeg_S=3/tt15576460.jpg,
imdb,all_I=jpeg_S=3,tt6957966,tt6957966.jpg,Missing image file: data/IMDB/noise/image/I=jpeg_S=3/tt6957966.jpg,
imdb,all_I=jpeg_S=3,tt0472954,tt0472954.jpg,Missing image file: data/IMDB/noise/image/I=jpeg_S=3/tt0472954.jpg,
imdb,all_I=jpeg_S=3,tt2861424,tt2861424.jpg,Missing image file: data/IMDB/noise/image/I=jpeg_S=3/tt2861424.jpg,
imdb,all_I=jpeg_S=3,tt1092005,tt1092005.jpg,Missing image file: data/IMDB/noise/image/I=jpeg_S=3/tt1092005.jpg,
imdb,all_I=jpeg_S=3,tt0098063,tt0098063.jpg,Missing image file: data/IMDB/noise/image/I=jpeg_S=3/tt0098063.jpg,
imdb,all_I=jpeg_S=3,tt6257174,tt6257174.jpg,Missing image file: data/IMDB/noise/image/I=jpeg_S=3/tt6257174.jpg,
imdb,all_I=jpeg_S=3,tt0254686,tt0254686.jpg,Missing image file: data/IMDB/noise/image/I=jpeg_S=3/tt0254686.jpg,
imdb,all_I=jpeg_S=3,tt7139936,tt7139936.jpg,Missing image file: data/IMDB/noise/image/I=jpeg_S=3/tt7139936.jpg,
imdb,all_I=jpeg_S=3,tt5974030,tt5974030.jpg,Missing image file: data/IMDB/noise/image/I=jpeg_S=3/tt5974030.jpg,
imdb,all_I=jpeg_S=3,tt11934846,tt11934846.jpg,Missing image file: data/IMDB/noise/image/I=jpeg_S=3/tt11934846.jpg,
imdb,all_I=jpeg_S=3,tt8400584,tt8400584.jpg,Missing image file: data/IMDB/noise/image/I=jpeg_S=3/tt8400584.jpg,
imdb,all_I=jpeg_S=3,tt1478839,tt1478839.jpg,Missing image file: data/IMDB/noise/image/I=jpeg_S=3/tt1478839.jpg,
imdb,all_I=jpeg_S=3,tt5073620,tt5073620.jpg,Missing image file: data/IMDB/noise/image/I=jpeg_S=3/tt5073620.jpg,
imdb,all_I=jpeg_S=3,tt9058654,tt9058654.jpg,Missing image file: data/IMDB/noise/image/I=jpeg_S=3/tt9058654.jpg,
imdb,all_I=jpeg_S=3,tt16952820,tt16952820.jpg,Missing image file: data/IMDB/noise/image/I=jpeg_S=3/tt16952820.jpg,
imdb,all_I=jpeg_S=3,tt0851851,tt0851851.jpg,Missing image file: data/IMDB/noise/image/I=jpeg_S=3/tt0851851.jpg,
imdb,all_I=jpeg_S=3,tt1806913,tt1806913.jpg,Missing image file: data/IMDB/noise/image/I=jpeg_S=3/tt1806913.jpg,
imdb,all_I=jpeg_S=3,tt6166392,tt6166392.jpg,Missing image file: data/IMDB/noise/image/I=jpeg_S=3/tt6166392.jpg,
imdb,all_I=jpeg_S=3,tt9686708,tt9686708.jpg,Missing image file: data/IMDB/noise/image/I=jpeg_S=3/tt9686708.jpg,
imdb,all_I=jpeg_S=3,tt2402927,tt2402927.jpg,Missing image file: data/IMDB/noise/image/I=jpeg_S=3/tt2402927.jpg,
imdb,all_I=jpeg_S=3,tt4103724,tt4103724.jpg,Missing image file: data/IMDB/noise/image/I=jpeg_S=3/tt4103724.jpg,
imdb,all_I=jpeg_S=3,tt2937366,tt2937366.jpg,Missing image file: data/IMDB/noise/image/I=jpeg_S=3/tt2937366.jpg,
imdb,all_I=jpeg_S=3,tt9893250,tt9893250.jpg,Missing image file: data/IMDB/noise/image/I=jpeg_S=3/tt9893250.jpg,
imdb,all_I=jpeg_S=3,tt0256103,tt0256103.jpg,Missing image file: data/IMDB/noise/image/I=jpeg_S=3/tt0256103.jpg,
imdb,all_I=jpeg_S=3,tt7453138,tt7453138.jpg,Missing image file: data/IMDB/noise/image/I=jpeg_S=3/tt7453138.jpg,
imdb,all_I=jpeg_S=3,tt13320622,tt13320622.jpg,Missing image file: data/IMDB/noise/image/I=jpeg_S=3/tt13320622.jpg,
imdb,all_I=jpeg_S=3,tt0495034,tt0495034.jpg,Missing image file: data/IMDB/noise/image/I=jpeg_S=3/tt0495034.jpg,
imdb,all_I=jpeg_S=3,tt10287908,tt10287908.jpg,Missing image file: data/IMDB/noise/image/I=jpeg_S=3/tt10287908.jpg,
imdb,all_I=jpeg_S=3,tt5692390,tt5692390.jpg,Missing image file: data/IMDB/noise/image/I=jpeg_S=3/tt5692390.jpg,
imdb,all_I=jpeg_S=3,tt18372308,tt18372308.jpg,Missing image file: data/IMDB/noise/image/I=jpeg_S=3/tt18372308.jpg,
imdb,all_I=jpeg_S=3,tt22442176,tt22442176.jpg,Missing image file: data/IMDB/noise/image/I=jpeg_S=3/tt22442176.jpg,
imdb,all_I=jpeg_S=3,tt8976664,tt8976664.jpg,Missing image file: data/IMDB/noise/image/I=jpeg_S=3/tt8976664.jpg,
imdb,all_I=jpeg_S=3,tt8623904,tt8623904.jpg,Missing image file: data/IMDB/noise/image/I=jpeg_S=3/tt8623904.jpg,
imdb,all_I=jpeg_S=3,tt6511932,tt6511932.jpg,Missing image file: data/IMDB/noise/image/I=jpeg_S=3/tt6511932.jpg,
imdb,all_I=jpeg_S=3,tt11464446,tt11464446.jpg,Missing image file: data/IMDB/noise/image/I=jpeg_S=3/tt11464446.jpg,
imdb,all_I=jpeg_S=3,tt0117737,tt0117737.jpg,Missing image file: data/IMDB/noise/image/I=jpeg_S=3/tt0117737.jpg,
imdb,all_I=jpeg_S=3,tt1570970,tt1570970.jpg,Missing image file: data/IMDB/noise/image/I=jpeg_S=3/tt1570970.jpg,
imdb,all_I=jpeg_S=3,tt8580274,tt8580274.jpg,Missing image file: data/IMDB/noise/image/I=jpeg_S=3/tt8580274.jpg,
imdb,all_I=jpeg_S=3,tt7738450,tt7738450.jpg,Missing image file: data/IMDB/noise/image/I=jpeg_S=3/tt7738450.jpg,
imdb,all_I=jpeg_S=3,tt3104988,tt3104988.jpg,Missing image file: data/IMDB/noise/image/I=jpeg_S=3/tt3104988.jpg,
imdb,all_I=jpeg_S=3,tt4799050,tt4799050.jpg,Missing image file: data/IMDB/noise/image/I=jpeg_S=3/tt4799050.jpg,
imdb,all_I=jpeg_S=3,tt8323120,tt8323120.jpg,Missing image file: data/IMDB/noise/image/I=jpeg_S=3/tt8323120.jpg,
imdb,all_I=jpeg_S=3,tt9389998,tt9389998.jpg,Missing image file: data/IMDB/noise/image/I=jpeg_S=3/tt9389998.jpg,
imdb,all_I=jpeg_S=3,tt20414932,tt20414932.jpg,Missing image file: data/IMDB/noise/image/I=jpeg_S=3/tt20414932.jpg,
imdb,all_I=jpeg_S=3,tt13318052,tt13318052.jpg,Missing image file: data/IMDB/noise/image/I=jpeg_S=3/tt13318052.jpg,
imdb,all_I=jpeg_S=3,tt21361340,tt21361340.jpg,Missing image file: data/IMDB/noise/image/I=jpeg_S=3/tt21361340.jpg,
imdb,all_I=jpeg_S=3,tt14993250,tt14993250.jpg,Missing image file: data/IMDB/noise/image/I=jpeg_S=3/tt14993250.jpg,
imdb,all_I=jpeg_S=3,tt6359956,tt6359956.jpg,Missing image file: data/IMDB/noise/image/I=jpeg_S=3/tt6359956.jpg,
imdb,all_I=jpeg_S=3,tt1798709,tt1798709.jpg,Missing image file: data/IMDB/noise/image/I=jpeg_S=3/tt1798709.jpg,
imdb,all_I=jpeg_S=3,tt13438628,tt13438628.jpg,Missing image file: data/IMDB/noise/image/I=jpeg_S=3/tt13438628.jpg,
imdb,all_I=jpeg_S=3,tt20251822,tt20251822.jpg,Missing image file: data/IMDB/noise/image/I=jpeg_S=3/tt20251822.jpg,
imdb,all_I=jpeg_S=3,tt8946378,tt8946378.jpg,Missing image file: data/IMDB/noise/image/I=jpeg_S=3/tt8946378.jpg,
imdb,all_I=jpeg_S=3,tt7645122,tt7645122.jpg,Missing image file: data/IMDB/noise/image/I=jpeg_S=3/tt7645122.jpg,
imdb,all_I=jpeg_S=3,tt20258072,tt20258072.jpg,Missing image file: data/IMDB/noise/image/I=jpeg_S=3/tt20258072.jpg,
imdb,all_I=jpeg_S=3,tt0110200,tt0110200.jpg,Missing image file: data/IMDB/noise/image/I=jpeg_S=3/tt0110200.jpg,
imdb,all_I=jpeg_S=3,tt5865326,tt5865326.jpg,Missing image file: data/IMDB/noise/image/I=jpeg_S=3/tt5865326.jpg,
imdb,all_I=jpeg_S=3,tt1976540,tt1976540.jpg,Missing image file: data/IMDB/noise/image/I=jpeg_S=3/tt1976540.jpg,
imdb,all_I=jpeg_S=3,tt6911608,tt6911608.jpg,Missing image file: data/IMDB/noise/image/I=jpeg_S=3/tt6911608.jpg,
imdb,all_I=jpeg_S=3,tt5721088,tt5721088.jpg,Missing image file: data/IMDB/noise/image/I=jpeg_S=3/tt5721088.jpg,
imdb,all_I=jpeg_S=3,tt7913934,tt7913934.jpg,Missing image file: data/IMDB/noise/image/I=jpeg_S=3/tt7913934.jpg,
imdb,all_I=jpeg_S=3,tt8750570,tt8750570.jpg,Missing image file: data/IMDB/noise/image/I=jpeg_S=3/tt8750570.jpg,
imdb,all_I=jpeg_S=3,tt4481514,tt4481514.jpg,Missing image file: data/IMDB/noise/image/I=jpeg_S=3/tt4481514.jpg,
imdb,all_I=jpeg_S=3,tt14315408,tt14315408.jpg,Missing image file: data/IMDB/noise/image/I=jpeg_S=3/tt14315408.jpg,
imdb,all_I=jpeg_S=3,tt1859522,tt1859522.jpg,Missing image file: data/IMDB/noise/image/I=jpeg_S=3/tt1859522.jpg,
imdb,all_I=jpeg_S=3,tt7988464,tt7988464.jpg,Missing image file: data/IMDB/noise/image/I=jpeg_S=3/tt7988464.jpg,
imdb,all_I=jpeg_S=3,tt11649338,tt11649338.jpg,Missing image file: data/IMDB/noise/image/I=jpeg_S=3/tt11649338.jpg,
imdb,all_I=jpeg_S=3,tt3401882,tt3401882.jpg,Missing image file: data/IMDB/noise/image/I=jpeg_S=3/tt3401882.jpg,
imdb,all_I=jpeg_S=3,tt6432466,tt6432466.jpg,Missing image file: data/IMDB/noise/image/I=jpeg_S=3/tt6432466.jpg,
imdb,all_I=jpeg_S=3,tt7634968,tt7634968.jpg,Missing image file: data/IMDB/noise/image/I=jpeg_S=3/tt7634968.jpg,
imdb,all_I=jpeg_S=3,tt5971474,tt5971474.jpg,Missing image file: data/IMDB/noise/image/I=jpeg_S=3/tt5971474.jpg,
imdb,all_I=motion_blur_S=3,tt12783454,tt12783454.jpg,Missing image file: data/IMDB/noise/image/I=motion_blur_S=3/tt12783454.jpg,
imdb,all_I=motion_blur_S=3,tt8522006,tt8522006.jpg,Missing image file: data/IMDB/noise/image/I=motion_blur_S=3/tt8522006.jpg,
imdb,all_I=motion_blur_S=3,tt14960572,tt14960572.jpg,Missing image file: data/IMDB/noise/image/I=motion_blur_S=3/tt14960572.jpg,
imdb,all_I=motion_blur_S=3,tt2763304,tt2763304.jpg,Missing image file: data/IMDB/noise/image/I=motion_blur_S=3/tt2763304.jpg,
imdb,all_I=motion_blur_S=3,tt10919380,tt10919380.jpg,Missing image file: data/IMDB/noise/image/I=motion_blur_S=3/tt10919380.jpg,
imdb,all_I=motion_blur_S=3,tt0092720,tt0092720.jpg,Missing image file: data/IMDB/noise/image/I=motion_blur_S=3/tt0092720.jpg,
imdb,all_I=motion_blur_S=3,tt0120338,tt0120338.jpg,Missing image file: data/IMDB/noise/image/I=motion_blur_S=3/tt0120338.jpg,
imdb,all_I=motion_blur_S=3,tt17351924,tt17351924.jpg,Missing image file: data/IMDB/noise/image/I=motion_blur_S=3/tt17351924.jpg,
imdb,all_I=motion_blur_S=3,tt5649108,tt5649108.jpg,Missing image file: data/IMDB/noise/image/I=motion_blur_S=3/tt5649108.jpg,
imdb,all_I=motion_blur_S=3,tt14715170,tt14715170.jpg,Missing image file: data/IMDB/noise/image/I=motion_blur_S=3/tt14715170.jpg,
imdb,all_I=motion_blur_S=3,tt10655524,tt10655524.jpg,Missing image file: data/IMDB/noise/image/I=motion_blur_S=3/tt10655524.jpg,
imdb,all_I=motion_blur_S=3,tt14452776,tt14452776.jpg,Missing image file: data/IMDB/noise/image/I=motion_blur_S=3/tt14452776.jpg,
imdb,all_I=motion_blur_S=3,tt0332280,tt0332280.jpg,Missing image file: data/IMDB/noise/image/I=motion_blur_S=3/tt0332280.jpg,
imdb,all_I=motion_blur_S=3,tt27727074,tt27727074.jpg,Missing image file: data/IMDB/noise/image/I=motion_blur_S=3/tt27727074.jpg,
imdb,all_I=motion_blur_S=3,tt9115530,tt9115530.jpg,Missing image file: data/IMDB/noise/image/I=motion_blur_S=3/tt9115530.jpg,
imdb,all_I=motion_blur_S=3,tt22743064,tt22743064.jpg,Missing image file: data/IMDB/noise/image/I=motion_blur_S=3/tt22743064.jpg,
imdb,all_I=motion_blur_S=3,tt14824792,tt14824792.jpg,Missing image file: data/IMDB/noise/image/I=motion_blur_S=3/tt14824792.jpg,
imdb,all_I=motion_blur_S=3,tt12477480,tt12477480.jpg,Missing image file: data/IMDB/noise/image/I=motion_blur_S=3/tt12477480.jpg,
imdb,all_I=motion_blur_S=3,tt2080323,tt2080323.jpg,Missing image file: data/IMDB/noise/image/I=motion_blur_S=3/tt2080323.jpg,
imdb,all_I=motion_blur_S=3,tt18748482,tt18748482.jpg,Missing image file: data/IMDB/noise/image/I=motion_blur_S=3/tt18748482.jpg,
imdb,all_I=motion_blur_S=3,tt0805184,tt0805184.jpg,Missing image file: data/IMDB/noise/image/I=motion_blur_S=3/tt0805184.jpg,
imdb,all_I=motion_blur_S=3,tt6412452,tt6412452.jpg,Missing image file: data/IMDB/noise/image/I=motion_blur_S=3/tt6412452.jpg,
imdb,all_I=motion_blur_S=3,tt8145202,tt8145202.jpg,Missing image file: data/IMDB/noise/image/I=motion_blur_S=3/tt8145202.jpg,
imdb,all_I=motion_blur_S=3,tt4586828,tt4586828.jpg,Missing image file: data/IMDB/noise/image/I=motion_blur_S=3/tt4586828.jpg,
imdb,all_I=motion_blur_S=3,tt23144234,tt23144234.jpg,Missing image file: data/IMDB/noise/image/I=motion_blur_S=3/tt23144234.jpg,
imdb,all_I=motion_blur_S=3,tt9354842,tt9354842.jpg,Missing image file: data/IMDB/noise/image/I=motion_blur_S=3/tt9354842.jpg,
imdb,all_I=motion_blur_S=3,tt16794528,tt16794528.jpg,Missing image file: data/IMDB/noise/image/I=motion_blur_S=3/tt16794528.jpg,
imdb,all_I=motion_blur_S=3,tt7349662,tt7349662.jpg,Missing image file: data/IMDB/noise/image/I=motion_blur_S=3/tt7349662.jpg,
imdb,all_I=motion_blur_S=3,tt8816194,tt8816194.jpg,Missing image file: data/IMDB/noise/image/I=motion_blur_S=3/tt8816194.jpg,
imdb,all_I=motion_blur_S=3,tt15184804,tt15184804.jpg,Missing image file: data/IMDB/noise/image/I=motion_blur_S=3/tt15184804.jpg,
imdb,all_I=motion_blur_S=3,tt11795652,tt11795652.jpg,Missing image file: data/IMDB/noise/image/I=motion_blur_S=3/tt11795652.jpg,
imdb,all_I=motion_blur_S=3,tt13022984,tt13022984.jpg,Missing image file: data/IMDB/noise/image/I=motion_blur_S=3/tt13022984.jpg,
imdb,all_I=motion_blur_S=3,tt10682266,tt10682266.jpg,Missing image file: data/IMDB/noise/image/I=motion_blur_S=3/tt10682266.jpg,
imdb,all_I=motion_blur_S=3,tt4565520,tt4565520.jpg,Missing image file: data/IMDB/noise/image/I=motion_blur_S=3/tt4565520.jpg,
imdb,all_I=motion_blur_S=3,tt2531344,tt2531344.jpg,Missing image file: data/IMDB/noise/image/I=motion_blur_S=3/tt2531344.jpg,
imdb,all_I=motion_blur_S=3,tt22041854,tt22041854.jpg,Missing image file: data/IMDB/noise/image/I=motion_blur_S=3/tt22041854.jpg,
imdb,all_I=motion_blur_S=3,tt5978724,tt5978724.jpg,Missing image file: data/IMDB/noise/image/I=motion_blur_S=3/tt5978724.jpg,
imdb,all_I=motion_blur_S=3,tt0098904,tt0098904.jpg,Missing image file: data/IMDB/noise/image/I=motion_blur_S=3/tt0098904.jpg,
imdb,all_I=motion_blur_S=3,tt2263648,tt2263648.jpg,Missing image file: data/IMDB/noise/image/I=motion_blur_S=3/tt2263648.jpg,
imdb,all_I=motion_blur_S=3,tt0070849,tt0070849.jpg,Missing image file: data/IMDB/noise/image/I=motion_blur_S=3/tt0070849.jpg,
imdb,all_I=motion_blur_S=3,tt7242142,tt7242142.jpg,Missing image file: data/IMDB/noise/image/I=motion_blur_S=3/tt7242142.jpg,
imdb,all_I=motion_blur_S=3,tt7703924,tt7703924.jpg,Missing image file: data/IMDB/noise/image/I=motion_blur_S=3/tt7703924.jpg,
imdb,all_I=motion_blur_S=3,tt4758646,tt4758646.jpg,Missing image file: data/IMDB/noise/image/I=motion_blur_S=3/tt4758646.jpg,
imdb,all_I=motion_blur_S=3,tt2631186,tt2631186.jpg,Missing image file: data/IMDB/noise/image/I=motion_blur_S=3/tt2631186.jpg,
imdb,all_I=motion_blur_S=3,tt4995790,tt4995790.jpg,Missing image file: data/IMDB/noise/image/I=motion_blur_S=3/tt4995790.jpg,
imdb,all_I=motion_blur_S=3,tt12045028,tt12045028.jpg,Missing image file: data/IMDB/noise/image/I=motion_blur_S=3/tt12045028.jpg,
imdb,all_I=motion_blur_S=3,tt14298328,tt14298328.jpg,Missing image file: data/IMDB/noise/image/I=motion_blur_S=3/tt14298328.jpg,
imdb,all_I=motion_blur_S=3,tt1442437,tt1442437.jpg,Missing image file: data/IMDB/noise/image/I=motion_blur_S=3/tt1442437.jpg,
imdb,all_I=motion_blur_S=3,tt6217804,tt6217804.jpg,Missing image file: data/IMDB/noise/image/I=motion_blur_S=3/tt6217804.jpg,
imdb,all_I=motion_blur_S=3,tt8637428,tt8637428.jpg,Missing image file: data/IMDB/noise/image/I=motion_blur_S=3/tt8637428.jpg,
imdb,all_I=motion_blur_S=3,tt0119558,tt0119558.jpg,Missing image file: data/IMDB/noise/image/I=motion_blur_S=3/tt0119558.jpg,
imdb,all_I=motion_blur_S=3,tt4477536,tt4477536.jpg,Missing image file: data/IMDB/noise/image/I=motion_blur_S=3/tt4477536.jpg,
imdb,all_I=motion_blur_S=3,tt13491620,tt13491620.jpg,Missing image file: data/IMDB/noise/image/I=motion_blur_S=3/tt13491620.jpg,
imdb,all_I=motion_blur_S=3,tt13288678,tt13288678.jpg,Missing image file: data/IMDB/noise/image/I=motion_blur_S=3/tt13288678.jpg,
imdb,all_I=motion_blur_S=3,tt6644286,tt6644286.jpg,Missing image file: data/IMDB/noise/image/I=motion_blur_S=3/tt6644286.jpg,
imdb,all_I=motion_blur_S=3,tt0438488,tt0438488.jpg,Missing image file: data/IMDB/noise/image/I=motion_blur_S=3/tt0438488.jpg,
imdb,all_I=motion_blur_S=3,tt12879624,tt12879624.jpg,Missing image file: data/IMDB/noise/image/I=motion_blur_S=3/tt12879624.jpg,
imdb,all_I=motion_blur_S=3,tt8801584,tt8801584.jpg,Missing image file: data/IMDB/noise/image/I=motion_blur_S=3/tt8801584.jpg,
imdb,all_I=motion_blur_S=3,tt12861850,tt12861850.jpg,Missing image file: data/IMDB/noise/image/I=motion_blur_S=3/tt12861850.jpg,
imdb,all_I=motion_blur_S=3,tt6472976,tt6472976.jpg,Missing image file: data/IMDB/noise/image/I=motion_blur_S=3/tt6472976.jpg,
imdb,all_I=motion_blur_S=3,tt2322441,tt2322441.jpg,Missing image file: data/IMDB/noise/image/I=motion_blur_S=3/tt2322441.jpg,
imdb,all_I=motion_blur_S=3,tt29079885,tt29079885.jpg,Missing image file: data/IMDB/noise/image/I=motion_blur_S=3/tt29079885.jpg,
imdb,all_I=motion_blur_S=3,tt10262380,tt10262380.jpg,Missing image file: data/IMDB/noise/image/I=motion_blur_S=3/tt10262380.jpg,
imdb,all_I=motion_blur_S=3,tt7374948,tt7374948.jpg,Missing image file: data/IMDB/noise/image/I=motion_blur_S=3/tt7374948.jpg,
imdb,all_I=motion_blur_S=3,tt15145764,tt15145764.jpg,Missing image file: data/IMDB/noise/image/I=motion_blur_S=3/tt15145764.jpg,
imdb,all_I=motion_blur_S=3,tt13535454,tt13535454.jpg,Missing image file: data/IMDB/noise/image/I=motion_blur_S=3/tt13535454.jpg,
imdb,all_I=motion_blur_S=3,tt1562859,tt1562859.jpg,Missing image file: data/IMDB/noise/image/I=motion_blur_S=3/tt1562859.jpg,
imdb,all_I=motion_blur_S=3,tt1728239,tt1728239.jpg,Missing image file: data/IMDB/noise/image/I=motion_blur_S=3/tt1728239.jpg,
imdb,all_I=motion_blur_S=3,tt28228231,tt28228231.jpg,Missing image file: data/IMDB/noise/image/I=motion_blur_S=3/tt28228231.jpg,
imdb,all_I=motion_blur_S=3,tt13406094,tt13406094.jpg,Missing image file: data/IMDB/noise/image/I=motion_blur_S=3/tt13406094.jpg,
imdb,all_I=motion_blur_S=3,tt4858674,tt4858674.jpg,Missing image file: data/IMDB/noise/image/I=motion_blur_S=3/tt4858674.jpg,
imdb,all_I=motion_blur_S=3,tt1879030,tt1879030.jpg,Missing image file: data/IMDB/noise/image/I=motion_blur_S=3/tt1879030.jpg,
imdb,all_I=motion_blur_S=3,tt22488728,tt22488728.jpg,Missing image file: data/IMDB/noise/image/I=motion_blur_S=3/tt22488728.jpg,
imdb,all_I=motion_blur_S=3,tt9198364,tt9198364.jpg,Missing image file: data/IMDB/noise/image/I=motion_blur_S=3/tt9198364.jpg,
imdb,all_I=motion_blur_S=3,tt14849194,tt14849194.jpg,Missing image file: data/IMDB/noise/image/I=motion_blur_S=3/tt14849194.jpg,
imdb,all_I=motion_blur_S=3,tt7838252,tt7838252.jpg,Missing image file: data/IMDB/noise/image/I=motion_blur_S=3/tt7838252.jpg,
imdb,all_I=motion_blur_S=3,tt9601220,tt9601220.jpg,Missing image file: data/IMDB/noise/image/I=motion_blur_S=3/tt9601220.jpg,
imdb,all_I=motion_blur_S=3,tt7598076,tt7598076.jpg,Missing image file: data/IMDB/noise/image/I=motion_blur_S=3/tt7598076.jpg,
imdb,all_I=motion_blur_S=3,tt5027774,tt5027774.jpg,Missing image file: data/IMDB/noise/image/I=motion_blur_S=3/tt5027774.jpg,
imdb,all_I=motion_blur_S=3,tt0068935,tt0068935.jpg,Missing image file: data/IMDB/noise/image/I=motion_blur_S=3/tt0068935.jpg,
imdb,all_I=motion_blur_S=3,tt23561236,tt23561236.jpg,Missing image file: data/IMDB/noise/image/I=motion_blur_S=3/tt23561236.jpg,
imdb,all_I=motion_blur_S=3,tt0488798,tt0488798.jpg,Missing image file: data/IMDB/noise/image/I=motion_blur_S=3/tt0488798.jpg,
imdb,all_I=motion_blur_S=3,tt1987680,tt1987680.jpg,Missing image file: data/IMDB/noise/image/I=motion_blur_S=3/tt1987680.jpg,
imdb,all_I=motion_blur_S=3,tt8155182,tt8155182.jpg,Missing image file: data/IMDB/noise/image/I=motion_blur_S=3/tt8155182.jpg,
imdb,all_I=motion_blur_S=3,tt16116726,tt16116726.jpg,Missing image file: data/IMDB/noise/image/I=motion_blur_S=3/tt16116726.jpg,
imdb,all_I=motion_blur_S=3,tt11762114,tt11762114.jpg,Missing image file: data/IMDB/noise/image/I=motion_blur_S=3/tt11762114.jpg,
imdb,all_I=motion_blur_S=3,tt14873696,tt14873696.jpg,Missing image file: data/IMDB/noise/image/I=motion_blur_S=3/tt14873696.jpg,
imdb,all_I=motion_blur_S=3,tt7014006,tt7014006.jpg,Missing image file: data/IMDB/noise/image/I=motion_blur_S=3/tt7014006.jpg,
imdb,all_I=motion_blur_S=3,tt9411972,tt9411972.jpg,Missing image file: data/IMDB/noise/image/I=motion_blur_S=3/tt9411972.jpg,
imdb,all_I=motion_blur_S=3,tt13978306,tt13978306.jpg,Missing image file: data/IMDB/noise/image/I=motion_blur_S=3/tt13978306.jpg,
imdb,all_I=motion_blur_S=3,tt10023024,tt10023024.jpg,Missing image file: data/IMDB/noise/image/I=motion_blur_S=3/tt10023024.jpg,
imdb,all_I=motion_blur_S=3,tt0309987,tt0309987.jpg,Missing image file: data/IMDB/noise/image/I=motion_blur_S=3/tt0309987.jpg,
imdb,all_I=motion_blur_S=3,tt3281548,tt3281548.jpg,Missing image file: data/IMDB/noise/image/I=motion_blur_S=3/tt3281548.jpg,
imdb,all_I=motion_blur_S=3,tt10687116,tt10687116.jpg,Missing image file: data/IMDB/noise/image/I=motion_blur_S=3/tt10687116.jpg,
imdb,all_I=motion_blur_S=3,tt0096697,tt0096697.jpg,Missing image file: data/IMDB/noise/image/I=motion_blur_S=3/tt0096697.jpg,
imdb,all_I=motion_blur_S=3,tt5613484,tt5613484.jpg,Missing image file: data/IMDB/noise/image/I=motion_blur_S=3/tt5613484.jpg,
imdb,all_I=motion_blur_S=3,tt0059742,tt0059742.jpg,Missing image file: data/IMDB/noise/image/I=motion_blur_S=3/tt0059742.jpg,
imdb,all_I=motion_blur_S=3,tt15905460,tt15905460.jpg,Missing image file: data/IMDB/noise/image/I=motion_blur_S=3/tt15905460.jpg,
imdb,all_I=motion_blur_S=3,tt0182576,tt0182576.jpg,Missing image file: data/IMDB/noise/image/I=motion_blur_S=3/tt0182576.jpg,
imdb,all_I=motion_blur_S=3,tt2568862,tt2568862.jpg,Missing image file: data/IMDB/noise/image/I=motion_blur_S=3/tt2568862.jpg,
imdb,all_I=motion_blur_S=3,tt15404468,tt15404468.jpg,Missing image file: data/IMDB/noise/image/I=motion_blur_S=3/tt15404468.jpg,
imdb,all_I=motion_blur_S=3,tt12077970,tt12077970.jpg,Missing image file: data/IMDB/noise/image/I=motion_blur_S=3/tt12077970.jpg,
imdb,all_I=motion_blur_S=3,tt10676012,tt10676012.jpg,Missing image file: data/IMDB/noise/image/I=motion_blur_S=3/tt10676012.jpg,
imdb,all_I=motion_blur_S=3,tt1489887,tt1489887.jpg,Missing image file: data/IMDB/noise/image/I=motion_blur_S=3/tt1489887.jpg,
imdb,all_I=motion_blur_S=3,tt7401588,tt7401588.jpg,Missing image file: data/IMDB/noise/image/I=motion_blur_S=3/tt7401588.jpg,
imdb,all_I=motion_blur_S=3,tt6841122,tt6841122.jpg,Missing image file: data/IMDB/noise/image/I=motion_blur_S=3/tt6841122.jpg,
imdb,all_I=motion_blur_S=3,tt5774062,tt5774062.jpg,Missing image file: data/IMDB/noise/image/I=motion_blur_S=3/tt5774062.jpg,
imdb,all_I=motion_blur_S=3,tt11388822,tt11388822.jpg,Missing image file: data/IMDB/noise/image/I=motion_blur_S=3/tt11388822.jpg,
imdb,all_I=motion_blur_S=3,tt22488414,tt22488414.jpg,Missing image file: data/IMDB/noise/image/I=motion_blur_S=3/tt22488414.jpg,
imdb,all_I=motion_blur_S=3,tt15022184,tt15022184.jpg,Missing image file: data/IMDB/noise/image/I=motion_blur_S=3/tt15022184.jpg,
imdb,all_I=motion_blur_S=3,tt3846674,tt3846674.jpg,Missing image file: data/IMDB/noise/image/I=motion_blur_S=3/tt3846674.jpg,
imdb,all_I=motion_blur_S=3,tt3272066,tt3272066.jpg,Missing image file: data/IMDB/noise/image/I=motion_blur_S=3/tt3272066.jpg,
imdb,all_I=motion_blur_S=3,tt7660850,tt7660850.jpg,Missing image file: data/IMDB/noise/image/I=motion_blur_S=3/tt7660850.jpg,
imdb,all_I=motion_blur_S=3,tt0368530,tt0368530.jpg,Missing image file: data/IMDB/noise/image/I=motion_blur_S=3/tt0368530.jpg,
imdb,all_I=motion_blur_S=3,tt5503686,tt5503686.jpg,Missing image file: data/IMDB/noise/image/I=motion_blur_S=3/tt5503686.jpg,
imdb,all_I=motion_blur_S=3,tt6513120,tt6513120.jpg,Missing image file: data/IMDB/noise/image/I=motion_blur_S=3/tt6513120.jpg,
imdb,all_I=motion_blur_S=3,tt5439812,tt5439812.jpg,Missing image file: data/IMDB/noise/image/I=motion_blur_S=3/tt5439812.jpg,
imdb,all_I=motion_blur_S=3,tt3982212,tt3982212.jpg,Missing image file: data/IMDB/noise/image/I=motion_blur_S=3/tt3982212.jpg,
imdb,all_I=motion_blur_S=3,tt11698662,tt11698662.jpg,Missing image file: data/IMDB/noise/image/I=motion_blur_S=3/tt11698662.jpg,
imdb,all_I=motion_blur_S=3,tt1563742,tt1563742.jpg,Missing image file: data/IMDB/noise/image/I=motion_blur_S=3/tt1563742.jpg,
imdb,all_I=motion_blur_S=3,tt13623608,tt13623608.jpg,Missing image file: data/IMDB/noise/image/I=motion_blur_S=3/tt13623608.jpg,
imdb,all_I=motion_blur_S=3,tt2709692,tt2709692.jpg,Missing image file: data/IMDB/noise/image/I=motion_blur_S=3/tt2709692.jpg,
imdb,all_I=motion_blur_S=3,tt28229086,tt28229086.jpg,Missing image file: data/IMDB/noise/image/I=motion_blur_S=3/tt28229086.jpg,
imdb,all_I=motion_blur_S=3,tt5164432,tt5164432.jpg,Missing image file: data/IMDB/noise/image/I=motion_blur_S=3/tt5164432.jpg,
imdb,all_I=motion_blur_S=3,tt0419058,tt0419058.jpg,Missing image file: data/IMDB/noise/image/I=motion_blur_S=3/tt0419058.jpg,
imdb,all_I=motion_blur_S=3,tt0070034,tt0070034.jpg,Missing image file: data/IMDB/noise/image/I=motion_blur_S=3/tt0070034.jpg,
imdb,all_I=motion_blur_S=3,tt11426572,tt11426572.jpg,Missing image file: data/IMDB/noise/image/I=motion_blur_S=3/tt11426572.jpg,
imdb,all_I=motion_blur_S=3,tt11127878,tt11127878.jpg,Missing image file: data/IMDB/noise/image/I=motion_blur_S=3/tt11127878.jpg,
imdb,all_I=motion_blur_S=3,tt1620981,tt1620981.jpg,Missing image file: data/IMDB/noise/image/I=motion_blur_S=3/tt1620981.jpg,
imdb,all_I=motion_blur_S=3,tt3581652,tt3581652.jpg,Missing image file: data/IMDB/noise/image/I=motion_blur_S=3/tt3581652.jpg,
imdb,all_I=motion_blur_S=3,tt0242519,tt0242519.jpg,Missing image file: data/IMDB/noise/image/I=motion_blur_S=3/tt0242519.jpg,
imdb,all_I=motion_blur_S=3,tt1433905,tt1433905.jpg,Missing image file: data/IMDB/noise/image/I=motion_blur_S=3/tt1433905.jpg,
imdb,all_I=motion_blur_S=3,tt8695030,tt8695030.jpg,Missing image file: data/IMDB/noise/image/I=motion_blur_S=3/tt8695030.jpg,
imdb,all_I=motion_blur_S=3,tt5308322,tt5308322.jpg,Missing image file: data/IMDB/noise/image/I=motion_blur_S=3/tt5308322.jpg,
imdb,all_I=motion_blur_S=3,tt14783042,tt14783042.jpg,Missing image file: data/IMDB/noise/image/I=motion_blur_S=3/tt14783042.jpg,
imdb,all_I=motion_blur_S=3,tt10042590,tt10042590.jpg,Missing image file: data/IMDB/noise/image/I=motion_blur_S=3/tt10042590.jpg,
imdb,all_I=motion_blur_S=3,tt8960382,tt8960382.jpg,Missing image file: data/IMDB/noise/image/I=motion_blur_S=3/tt8960382.jpg,
imdb,all_I=motion_blur_S=3,tt5697572,tt5697572.jpg,Missing image file: data/IMDB/noise/image/I=motion_blur_S=3/tt5697572.jpg,
imdb,all_I=motion_blur_S=3,tt5710514,tt5710514.jpg,Missing image file: data/IMDB/noise/image/I=motion_blur_S=3/tt5710514.jpg,
imdb,all_I=motion_blur_S=3,tt11772746,tt11772746.jpg,Missing image file: data/IMDB/noise/image/I=motion_blur_S=3/tt11772746.jpg,
imdb,all_I=motion_blur_S=3,tt0104014,tt0104014.jpg,Missing image file: data/IMDB/noise/image/I=motion_blur_S=3/tt0104014.jpg,
imdb,all_I=motion_blur_S=3,tt7131622,tt7131622.jpg,Missing image file: data/IMDB/noise/image/I=motion_blur_S=3/tt7131622.jpg,
imdb,all_I=motion_blur_S=3,tt8949056,tt8949056.jpg,Missing image file: data/IMDB/noise/image/I=motion_blur_S=3/tt8949056.jpg,
imdb,all_I=motion_blur_S=3,tt5462326,tt5462326.jpg,Missing image file: data/IMDB/noise/image/I=motion_blur_S=3/tt5462326.jpg,
imdb,all_I=motion_blur_S=3,tt6367558,tt6367558.jpg,Missing image file: data/IMDB/noise/image/I=motion_blur_S=3/tt6367558.jpg,
imdb,all_I=motion_blur_S=3,tt23472806,tt23472806.jpg,Missing image file: data/IMDB/noise/image/I=motion_blur_S=3/tt23472806.jpg,
imdb,all_I=motion_blur_S=3,tt13438634,tt13438634.jpg,Missing image file: data/IMDB/noise/image/I=motion_blur_S=3/tt13438634.jpg,
imdb,all_I=motion_blur_S=3,tt1578116,tt1578116.jpg,Missing image file: data/IMDB/noise/image/I=motion_blur_S=3/tt1578116.jpg,
imdb,all_I=motion_blur_S=3,tt5610554,tt5610554.jpg,Missing image file: data/IMDB/noise/image/I=motion_blur_S=3/tt5610554.jpg,
imdb,all_I=motion_blur_S=3,tt1340138,tt1340138.jpg,Missing image file: data/IMDB/noise/image/I=motion_blur_S=3/tt1340138.jpg,
imdb,all_I=motion_blur_S=3,tt0845448,tt0845448.jpg,Missing image file: data/IMDB/noise/image/I=motion_blur_S=3/tt0845448.jpg,
imdb,all_I=motion_blur_S=3,tt1637725,tt1637725.jpg,Missing image file: data/IMDB/noise/image/I=motion_blur_S=3/tt1637725.jpg,
imdb,all_I=motion_blur_S=3,tt2119543,tt2119543.jpg,Missing image file: data/IMDB/noise/image/I=motion_blur_S=3/tt2119543.jpg,
imdb,all_I=motion_blur_S=3,tt3794354,tt3794354.jpg,Missing image file: data/IMDB/noise/image/I=motion_blur_S=3/tt3794354.jpg,
imdb,all_I=motion_blur_S=3,tt9484998,tt9484998.jpg,Missing image file: data/IMDB/noise/image/I=motion_blur_S=3/tt9484998.jpg,
imdb,all_I=motion_blur_S=3,tt6823148,tt6823148.jpg,Missing image file: data/IMDB/noise/image/I=motion_blur_S=3/tt6823148.jpg,
imdb,all_I=motion_blur_S=3,tt13224758,tt13224758.jpg,Missing image file: data/IMDB/noise/image/I=motion_blur_S=3/tt13224758.jpg,
imdb,all_I=motion_blur_S=3,tt2139881,tt2139881.jpg,Missing image file: data/IMDB/noise/image/I=motion_blur_S=3/tt2139881.jpg,
imdb,all_I=motion_blur_S=3,tt0386676,tt0386676.jpg,Missing image file: data/IMDB/noise/image/I=motion_blur_S=3/tt0386676.jpg,
imdb,all_I=motion_blur_S=3,tt2752200,tt2752200.jpg,Missing image file: data/IMDB/noise/image/I=motion_blur_S=3/tt2752200.jpg,
imdb,all_I=motion_blur_S=3,tt1575539,tt1575539.jpg,Missing image file: data/IMDB/noise/image/I=motion_blur_S=3/tt1575539.jpg,
imdb,all_I=motion_blur_S=3,tt16360006,tt16360006.jpg,Missing image file: data/IMDB/noise/image/I=motion_blur_S=3/tt16360006.jpg,
imdb,all_I=motion_blur_S=3,tt22302170,tt22302170.jpg,Missing image file: data/IMDB/noise/image/I=motion_blur_S=3/tt22302170.jpg,
imdb,all_I=motion_blur_S=3,tt4686844,tt4686844.jpg,Missing image file: data/IMDB/noise/image/I=motion_blur_S=3/tt4686844.jpg,
imdb,all_I=motion_blur_S=3,tt7653254,tt7653254.jpg,Missing image file: data/IMDB/noise/image/I=motion_blur_S=3/tt7653254.jpg,
imdb,all_I=motion_blur_S=3,tt13479258,tt13479258.jpg,Missing image file: data/IMDB/noise/image/I=motion_blur_S=3/tt13479258.jpg,
imdb,all_I=motion_blur_S=3,tt7070818,tt7070818.jpg,Missing image file: data/IMDB/noise/image/I=motion_blur_S=3/tt7070818.jpg,
imdb,all_I=motion_blur_S=3,tt15214902,tt15214902.jpg,Missing image file: data/IMDB/noise/image/I=motion_blur_S=3/tt15214902.jpg,
imdb,all_I=motion_blur_S=3,tt10364034,tt10364034.jpg,Missing image file: data/IMDB/noise/image/I=motion_blur_S=3/tt10364034.jpg,
imdb,all_I=motion_blur_S=3,tt11219254,tt11219254.jpg,Missing image file: data/IMDB/noise/image/I=motion_blur_S=3/tt11219254.jpg,
imdb,all_I=motion_blur_S=3,tt15255288,tt15255288.jpg,Missing image file: data/IMDB/noise/image/I=motion_blur_S=3/tt15255288.jpg,
imdb,all_I=motion_blur_S=3,tt4465564,tt4465564.jpg,Missing image file: data/IMDB/noise/image/I=motion_blur_S=3/tt4465564.jpg,
imdb,all_I=motion_blur_S=3,tt7979142,tt7979142.jpg,Missing image file: data/IMDB/noise/image/I=motion_blur_S=3/tt7979142.jpg,
imdb,all_I=motion_blur_S=3,tt7286836,tt7286836.jpg,Missing image file: data/IMDB/noise/image/I=motion_blur_S=3/tt7286836.jpg,
imdb,all_I=motion_blur_S=3,tt0098878,tt0098878.jpg,Missing image file: data/IMDB/noise/image/I=motion_blur_S=3/tt0098878.jpg,
imdb,all_I=motion_blur_S=3,tt5666304,tt5666304.jpg,Missing image file: data/IMDB/noise/image/I=motion_blur_S=3/tt5666304.jpg,
imdb,all_I=motion_blur_S=3,tt13751694,tt13751694.jpg,Missing image file: data/IMDB/noise/image/I=motion_blur_S=3/tt13751694.jpg,
imdb,all_I=motion_blur_S=3,tt12741494,tt12741494.jpg,Missing image file: data/IMDB/noise/image/I=motion_blur_S=3/tt12741494.jpg,
imdb,all_I=motion_blur_S=3,tt2584384,tt2584384.jpg,Missing image file: data/IMDB/noise/image/I=motion_blur_S=3/tt2584384.jpg,
imdb,all_I=motion_blur_S=3,tt0411705,tt0411705.jpg,Missing image file: data/IMDB/noise/image/I=motion_blur_S=3/tt0411705.jpg,
imdb,all_I=motion_blur_S=3,tt4765284,tt4765284.jpg,Missing image file: data/IMDB/noise/image/I=motion_blur_S=3/tt4765284.jpg,
imdb,all_I=motion_blur_S=3,tt5657846,tt5657846.jpg,Missing image file: data/IMDB/noise/image/I=motion_blur_S=3/tt5657846.jpg,
imdb,all_I=motion_blur_S=3,tt0995035,tt0995035.jpg,Missing image file: data/IMDB/noise/image/I=motion_blur_S=3/tt0995035.jpg,
imdb,all_I=motion_blur_S=3,tt11540284,tt11540284.jpg,Missing image file: data/IMDB/noise/image/I=motion_blur_S=3/tt11540284.jpg,
imdb,all_I=motion_blur_S=3,tt21192142,tt21192142.jpg,Missing image file: data/IMDB/noise/image/I=motion_blur_S=3/tt21192142.jpg,
imdb,all_I=motion_blur_S=3,tt13401252,tt13401252.jpg,Missing image file: data/IMDB/noise/image/I=motion_blur_S=3/tt13401252.jpg,
imdb,all_I=motion_blur_S=3,tt4225622,tt4225622.jpg,Missing image file: data/IMDB/noise/image/I=motion_blur_S=3/tt4225622.jpg,
imdb,all_I=motion_blur_S=3,tt21115444,tt21115444.jpg,Missing image file: data/IMDB/noise/image/I=motion_blur_S=3/tt21115444.jpg,
imdb,all_I=motion_blur_S=3,tt19769320,tt19769320.jpg,Missing image file: data/IMDB/noise/image/I=motion_blur_S=3/tt19769320.jpg,
imdb,all_I=motion_blur_S=3,tt0194314,tt0194314.jpg,Missing image file: data/IMDB/noise/image/I=motion_blur_S=3/tt0194314.jpg,
imdb,all_I=motion_blur_S=3,tt10366514,tt10366514.jpg,Missing image file: data/IMDB/noise/image/I=motion_blur_S=3/tt10366514.jpg,
imdb,all_I=motion_blur_S=3,tt0254455,tt0254455.jpg,Missing image file: data/IMDB/noise/image/I=motion_blur_S=3/tt0254455.jpg,
imdb,all_I=motion_blur_S=3,tt0338013,tt0338013.jpg,Missing image file: data/IMDB/noise/image/I=motion_blur_S=3/tt0338013.jpg,
imdb,all_I=motion_blur_S=3,tt6226232,tt6226232.jpg,Missing image file: data/IMDB/noise/image/I=motion_blur_S=3/tt6226232.jpg,
imdb,all_I=motion_blur_S=3,tt0111573,tt0111573.jpg,Missing image file: data/IMDB/noise/image/I=motion_blur_S=3/tt0111573.jpg,
imdb,all_I=motion_blur_S=3,tt4126476,tt4126476.jpg,Missing image file: data/IMDB/noise/image/I=motion_blur_S=3/tt4126476.jpg,
imdb,all_I=motion_blur_S=3,tt2278871,tt2278871.jpg,Missing image file: data/IMDB/noise/image/I=motion_blur_S=3/tt2278871.jpg,
imdb,all_I=motion_blur_S=3,tt8079248,tt8079248.jpg,Missing image file: data/IMDB/noise/image/I=motion_blur_S=3/tt8079248.jpg,
imdb,all_I=motion_blur_S=3,tt11771594,tt11771594.jpg,Missing image file: data/IMDB/noise/image/I=motion_blur_S=3/tt11771594.jpg,
imdb,all_I=motion_blur_S=3,tt11317142,tt11317142.jpg,Missing image file: data/IMDB/noise/image/I=motion_blur_S=3/tt11317142.jpg,
imdb,all_I=motion_blur_S=3,tt8976576,tt8976576.jpg,Missing image file: data/IMDB/noise/image/I=motion_blur_S=3/tt8976576.jpg,
imdb,all_I=motion_blur_S=3,tt1263750,tt1263750.jpg,Missing image file: data/IMDB/noise/image/I=motion_blur_S=3/tt1263750.jpg,
imdb,all_I=motion_blur_S=3,tt0213847,tt0213847.jpg,Missing image file: data/IMDB/noise/image/I=motion_blur_S=3/tt0213847.jpg,
imdb,all_I=motion_blur_S=3,tt0348529,tt0348529.jpg,Missing image file: data/IMDB/noise/image/I=motion_blur_S=3/tt0348529.jpg,
imdb,all_I=motion_blur_S=3,tt0372909,tt0372909.jpg,Missing image file: data/IMDB/noise/image/I=motion_blur_S=3/tt0372909.jpg,
imdb,all_I=motion_blur_S=3,tt10399674,tt10399674.jpg,Missing image file: data/IMDB/noise/image/I=motion_blur_S=3/tt10399674.jpg,
imdb,all_I=motion_blur_S=3,tt7040874,tt7040874.jpg,Missing image file: data/IMDB/noise/image/I=motion_blur_S=3/tt7040874.jpg,
imdb,all_I=motion_blur_S=3,tt0480919,tt0480919.jpg,Missing image file: data/IMDB/noise/image/I=motion_blur_S=3/tt0480919.jpg,
imdb,all_I=motion_blur_S=3,tt0418832,tt0418832.jpg,Missing image file: data/IMDB/noise/image/I=motion_blur_S=3/tt0418832.jpg,
imdb,all_I=motion_blur_S=3,tt0377092,tt0377092.jpg,Missing image file: data/IMDB/noise/image/I=motion_blur_S=3/tt0377092.jpg,
imdb,all_I=motion_blur_S=3,tt5688932,tt5688932.jpg,Missing image file: data/IMDB/noise/image/I=motion_blur_S=3/tt5688932.jpg,
imdb,all_I=motion_blur_S=3,tt10698680,tt10698680.jpg,Missing image file: data/IMDB/noise/image/I=motion_blur_S=3/tt10698680.jpg,
imdb,all_I=motion_blur_S=3,tt5619332,tt5619332.jpg,Missing image file: data/IMDB/noise/image/I=motion_blur_S=3/tt5619332.jpg,
imdb,all_I=motion_blur_S=3,tt8155288,tt8155288.jpg,Missing image file: data/IMDB/noise/image/I=motion_blur_S=3/tt8155288.jpg,
imdb,all_I=motion_blur_S=3,tt8079510,tt8079510.jpg,Missing image file: data/IMDB/noise/image/I=motion_blur_S=3/tt8079510.jpg,
imdb,all_I=motion_blur_S=3,tt6317762,tt6317762.jpg,Missing image file: data/IMDB/noise/image/I=motion_blur_S=3/tt6317762.jpg,
imdb,all_I=motion_blur_S=3,tt9632590,tt9632590.jpg,Missing image file: data/IMDB/noise/image/I=motion_blur_S=3/tt9632590.jpg,
imdb,all_I=motion_blur_S=3,tt11286314,tt11286314.jpg,Missing image file: data/IMDB/noise/image/I=motion_blur_S=3/tt11286314.jpg,
imdb,all_I=motion_blur_S=3,tt0397442,tt0397442.jpg,Missing image file: data/IMDB/noise/image/I=motion_blur_S=3/tt0397442.jpg,
imdb,all_I=motion_blur_S=3,tt21205440,tt21205440.jpg,Missing image file: data/IMDB/noise/image/I=motion_blur_S=3/tt21205440.jpg,
imdb,all_I=motion_blur_S=3,tt8718158,tt8718158.jpg,Missing image file: data/IMDB/noise/image/I=motion_blur_S=3/tt8718158.jpg,
imdb,all_I=motion_blur_S=3,tt8707922,tt8707922.jpg,Missing image file: data/IMDB/noise/image/I=motion_blur_S=3/tt8707922.jpg,
imdb,all_I=motion_blur_S=3,tt0806088,tt0806088.jpg,Missing image file: data/IMDB/noise/image/I=motion_blur_S=3/tt0806088.jpg,
imdb,all_I=motion_blur_S=3,tt7161712,tt7161712.jpg,Missing image file: data/IMDB/noise/image/I=motion_blur_S=3/tt7161712.jpg,
imdb,all_I=motion_blur_S=3,tt3799232,tt3799232.jpg,Missing image file: data/IMDB/noise/image/I=motion_blur_S=3/tt3799232.jpg,
imdb,all_I=motion_blur_S=3,tt4925292,tt4925292.jpg,Missing image file: data/IMDB/noise/image/I=motion_blur_S=3/tt4925292.jpg,
imdb,all_I=motion_blur_S=3,tt8075260,tt8075260.jpg,Missing image file: data/IMDB/noise/image/I=motion_blur_S=3/tt8075260.jpg,
imdb,all_I=motion_blur_S=3,tt6108178,tt6108178.jpg,Missing image file: data/IMDB/noise/image/I=motion_blur_S=3/tt6108178.jpg,
imdb,all_I=motion_blur_S=3,tt15326988,tt15326988.jpg,Missing image file: data/IMDB/noise/image/I=motion_blur_S=3/tt15326988.jpg,
imdb,all_I=motion_blur_S=3,tt8783130,tt8783130.jpg,Missing image file: data/IMDB/noise/image/I=motion_blur_S=3/tt8783130.jpg,
imdb,all_I=motion_blur_S=3,tt6857166,tt6857166.jpg,Missing image file: data/IMDB/noise/image/I=motion_blur_S=3/tt6857166.jpg,
imdb,all_I=motion_blur_S=3,tt12789558,tt12789558.jpg,Missing image file: data/IMDB/noise/image/I=motion_blur_S=3/tt12789558.jpg,
imdb,all_I=motion_blur_S=3,tt6173826,tt6173826.jpg,Missing image file: data/IMDB/noise/image/I=motion_blur_S=3/tt6173826.jpg,
imdb,all_I=motion_blur_S=3,tt1586680,tt1586680.jpg,Missing image file: data/IMDB/noise/image/I=motion_blur_S=3/tt1586680.jpg,
imdb,all_I=motion_blur_S=3,tt21223048,tt21223048.jpg,Missing image file: data/IMDB/noise/image/I=motion_blur_S=3/tt21223048.jpg,
imdb,all_I=motion_blur_S=3,tt14914988,tt14914988.jpg,Missing image file: data/IMDB/noise/image/I=motion_blur_S=3/tt14914988.jpg,
imdb,all_I=motion_blur_S=3,tt1298644,tt1298644.jpg,Missing image file: data/IMDB/noise/image/I=motion_blur_S=3/tt1298644.jpg,
imdb,all_I=motion_blur_S=3,tt15576460,tt15576460.jpg,Missing image file: data/IMDB/noise/image/I=motion_blur_S=3/tt15576460.jpg,
imdb,all_I=motion_blur_S=3,tt6957966,tt6957966.jpg,Missing image file: data/IMDB/noise/image/I=motion_blur_S=3/tt6957966.jpg,
imdb,all_I=motion_blur_S=3,tt0472954,tt0472954.jpg,Missing image file: data/IMDB/noise/image/I=motion_blur_S=3/tt0472954.jpg,
imdb,all_I=motion_blur_S=3,tt2861424,tt2861424.jpg,Missing image file: data/IMDB/noise/image/I=motion_blur_S=3/tt2861424.jpg,
imdb,all_I=motion_blur_S=3,tt1092005,tt1092005.jpg,Missing image file: data/IMDB/noise/image/I=motion_blur_S=3/tt1092005.jpg,
imdb,all_I=motion_blur_S=3,tt0098063,tt0098063.jpg,Missing image file: data/IMDB/noise/image/I=motion_blur_S=3/tt0098063.jpg,
imdb,all_I=motion_blur_S=3,tt6257174,tt6257174.jpg,Missing image file: data/IMDB/noise/image/I=motion_blur_S=3/tt6257174.jpg,
imdb,all_I=motion_blur_S=3,tt0254686,tt0254686.jpg,Missing image file: data/IMDB/noise/image/I=motion_blur_S=3/tt0254686.jpg,
imdb,all_I=motion_blur_S=3,tt7139936,tt7139936.jpg,Missing image file: data/IMDB/noise/image/I=motion_blur_S=3/tt7139936.jpg,
imdb,all_I=motion_blur_S=3,tt5974030,tt5974030.jpg,Missing image file: data/IMDB/noise/image/I=motion_blur_S=3/tt5974030.jpg,
imdb,all_I=motion_blur_S=3,tt11934846,tt11934846.jpg,Missing image file: data/IMDB/noise/image/I=motion_blur_S=3/tt11934846.jpg,
imdb,all_I=motion_blur_S=3,tt8400584,tt8400584.jpg,Missing image file: data/IMDB/noise/image/I=motion_blur_S=3/tt8400584.jpg,
imdb,all_I=motion_blur_S=3,tt1478839,tt1478839.jpg,Missing image file: data/IMDB/noise/image/I=motion_blur_S=3/tt1478839.jpg,
imdb,all_I=motion_blur_S=3,tt5073620,tt5073620.jpg,Missing image file: data/IMDB/noise/image/I=motion_blur_S=3/tt5073620.jpg,
imdb,all_I=motion_blur_S=3,tt9058654,tt9058654.jpg,Missing image file: data/IMDB/noise/image/I=motion_blur_S=3/tt9058654.jpg,
imdb,all_I=motion_blur_S=3,tt16952820,tt16952820.jpg,Missing image file: data/IMDB/noise/image/I=motion_blur_S=3/tt16952820.jpg,
imdb,all_I=motion_blur_S=3,tt0851851,tt0851851.jpg,Missing image file: data/IMDB/noise/image/I=motion_blur_S=3/tt0851851.jpg,
imdb,all_I=motion_blur_S=3,tt1806913,tt1806913.jpg,Missing image file: data/IMDB/noise/image/I=motion_blur_S=3/tt1806913.jpg,
imdb,all_I=motion_blur_S=3,tt6166392,tt6166392.jpg,Missing image file: data/IMDB/noise/image/I=motion_blur_S=3/tt6166392.jpg,
imdb,all_I=motion_blur_S=3,tt9686708,tt9686708.jpg,Missing image file: data/IMDB/noise/image/I=motion_blur_S=3/tt9686708.jpg,
imdb,all_I=motion_blur_S=3,tt2402927,tt2402927.jpg,Missing image file: data/IMDB/noise/image/I=motion_blur_S=3/tt2402927.jpg,
imdb,all_I=motion_blur_S=3,tt4103724,tt4103724.jpg,Missing image file: data/IMDB/noise/image/I=motion_blur_S=3/tt4103724.jpg,
imdb,all_I=motion_blur_S=3,tt2937366,tt2937366.jpg,Missing image file: data/IMDB/noise/image/I=motion_blur_S=3/tt2937366.jpg,
imdb,all_I=motion_blur_S=3,tt9893250,tt9893250.jpg,Missing image file: data/IMDB/noise/image/I=motion_blur_S=3/tt9893250.jpg,
imdb,all_I=motion_blur_S=3,tt0256103,tt0256103.jpg,Missing image file: data/IMDB/noise/image/I=motion_blur_S=3/tt0256103.jpg,
imdb,all_I=motion_blur_S=3,tt7453138,tt7453138.jpg,Missing image file: data/IMDB/noise/image/I=motion_blur_S=3/tt7453138.jpg,
imdb,all_I=motion_blur_S=3,tt13320622,tt13320622.jpg,Missing image file: data/IMDB/noise/image/I=motion_blur_S=3/tt13320622.jpg,
imdb,all_I=motion_blur_S=3,tt0495034,tt0495034.jpg,Missing image file: data/IMDB/noise/image/I=motion_blur_S=3/tt0495034.jpg,
imdb,all_I=motion_blur_S=3,tt10287908,tt10287908.jpg,Missing image file: data/IMDB/noise/image/I=motion_blur_S=3/tt10287908.jpg,
imdb,all_I=motion_blur_S=3,tt5692390,tt5692390.jpg,Missing image file: data/IMDB/noise/image/I=motion_blur_S=3/tt5692390.jpg,
imdb,all_I=motion_blur_S=3,tt18372308,tt18372308.jpg,Missing image file: data/IMDB/noise/image/I=motion_blur_S=3/tt18372308.jpg,
imdb,all_I=motion_blur_S=3,tt22442176,tt22442176.jpg,Missing image file: data/IMDB/noise/image/I=motion_blur_S=3/tt22442176.jpg,
imdb,all_I=motion_blur_S=3,tt8976664,tt8976664.jpg,Missing image file: data/IMDB/noise/image/I=motion_blur_S=3/tt8976664.jpg,
imdb,all_I=motion_blur_S=3,tt8623904,tt8623904.jpg,Missing image file: data/IMDB/noise/image/I=motion_blur_S=3/tt8623904.jpg,
imdb,all_I=motion_blur_S=3,tt6511932,tt6511932.jpg,Missing image file: data/IMDB/noise/image/I=motion_blur_S=3/tt6511932.jpg,
imdb,all_I=motion_blur_S=3,tt11464446,tt11464446.jpg,Missing image file: data/IMDB/noise/image/I=motion_blur_S=3/tt11464446.jpg,
imdb,all_I=motion_blur_S=3,tt0117737,tt0117737.jpg,Missing image file: data/IMDB/noise/image/I=motion_blur_S=3/tt0117737.jpg,
imdb,all_I=motion_blur_S=3,tt1570970,tt1570970.jpg,Missing image file: data/IMDB/noise/image/I=motion_blur_S=3/tt1570970.jpg,
imdb,all_I=motion_blur_S=3,tt8580274,tt8580274.jpg,Missing image file: data/IMDB/noise/image/I=motion_blur_S=3/tt8580274.jpg,
imdb,all_I=motion_blur_S=3,tt7738450,tt7738450.jpg,Missing image file: data/IMDB/noise/image/I=motion_blur_S=3/tt7738450.jpg,
imdb,all_I=motion_blur_S=3,tt3104988,tt3104988.jpg,Missing image file: data/IMDB/noise/image/I=motion_blur_S=3/tt3104988.jpg,
imdb,all_I=motion_blur_S=3,tt4799050,tt4799050.jpg,Missing image file: data/IMDB/noise/image/I=motion_blur_S=3/tt4799050.jpg,
imdb,all_I=motion_blur_S=3,tt8323120,tt8323120.jpg,Missing image file: data/IMDB/noise/image/I=motion_blur_S=3/tt8323120.jpg,
imdb,all_I=motion_blur_S=3,tt9389998,tt9389998.jpg,Missing image file: data/IMDB/noise/image/I=motion_blur_S=3/tt9389998.jpg,
imdb,all_I=motion_blur_S=3,tt20414932,tt20414932.jpg,Missing image file: data/IMDB/noise/image/I=motion_blur_S=3/tt20414932.jpg,
imdb,all_I=motion_blur_S=3,tt13318052,tt13318052.jpg,Missing image file: data/IMDB/noise/image/I=motion_blur_S=3/tt13318052.jpg,
imdb,all_I=motion_blur_S=3,tt21361340,tt21361340.jpg,Missing image file: data/IMDB/noise/image/I=motion_blur_S=3/tt21361340.jpg,
imdb,all_I=motion_blur_S=3,tt14993250,tt14993250.jpg,Missing image file: data/IMDB/noise/image/I=motion_blur_S=3/tt14993250.jpg,
imdb,all_I=motion_blur_S=3,tt6359956,tt6359956.jpg,Missing image file: data/IMDB/noise/image/I=motion_blur_S=3/tt6359956.jpg,
imdb,all_I=motion_blur_S=3,tt1798709,tt1798709.jpg,Missing image file: data/IMDB/noise/image/I=motion_blur_S=3/tt1798709.jpg,
imdb,all_I=motion_blur_S=3,tt13438628,tt13438628.jpg,Missing image file: data/IMDB/noise/image/I=motion_blur_S=3/tt13438628.jpg,
imdb,all_I=motion_blur_S=3,tt20251822,tt20251822.jpg,Missing image file: data/IMDB/noise/image/I=motion_blur_S=3/tt20251822.jpg,
imdb,all_I=motion_blur_S=3,tt8946378,tt8946378.jpg,Missing image file: data/IMDB/noise/image/I=motion_blur_S=3/tt8946378.jpg,
imdb,all_I=motion_blur_S=3,tt7645122,tt7645122.jpg,Missing image file: data/IMDB/noise/image/I=motion_blur_S=3/tt7645122.jpg,
imdb,all_I=motion_blur_S=3,tt20258072,tt20258072.jpg,Missing image file: data/IMDB/noise/image/I=motion_blur_S=3/tt20258072.jpg,
imdb,all_I=motion_blur_S=3,tt0110200,tt0110200.jpg,Missing image file: data/IMDB/noise/image/I=motion_blur_S=3/tt0110200.jpg,
imdb,all_I=motion_blur_S=3,tt5865326,tt5865326.jpg,Missing image file: data/IMDB/noise/image/I=motion_blur_S=3/tt5865326.jpg,
imdb,all_I=motion_blur_S=3,tt1976540,tt1976540.jpg,Missing image file: data/IMDB/noise/image/I=motion_blur_S=3/tt1976540.jpg,
imdb,all_I=motion_blur_S=3,tt6911608,tt6911608.jpg,Missing image file: data/IMDB/noise/image/I=motion_blur_S=3/tt6911608.jpg,
imdb,all_I=motion_blur_S=3,tt5721088,tt5721088.jpg,Missing image file: data/IMDB/noise/image/I=motion_blur_S=3/tt5721088.jpg,
imdb,all_I=motion_blur_S=3,tt7913934,tt7913934.jpg,Missing image file: data/IMDB/noise/image/I=motion_blur_S=3/tt7913934.jpg,
imdb,all_I=motion_blur_S=3,tt8750570,tt8750570.jpg,Missing image file: data/IMDB/noise/image/I=motion_blur_S=3/tt8750570.jpg,
imdb,all_I=motion_blur_S=3,tt4481514,tt4481514.jpg,Missing image file: data/IMDB/noise/image/I=motion_blur_S=3/tt4481514.jpg,
imdb,all_I=motion_blur_S=3,tt14315408,tt14315408.jpg,Missing image file: data/IMDB/noise/image/I=motion_blur_S=3/tt14315408.jpg,
imdb,all_I=motion_blur_S=3,tt1859522,tt1859522.jpg,Missing image file: data/IMDB/noise/image/I=motion_blur_S=3/tt1859522.jpg,
imdb,all_I=motion_blur_S=3,tt7988464,tt7988464.jpg,Missing image file: data/IMDB/noise/image/I=motion_blur_S=3/tt7988464.jpg,
imdb,all_I=motion_blur_S=3,tt11649338,tt11649338.jpg,Missing image file: data/IMDB/noise/image/I=motion_blur_S=3/tt11649338.jpg,
imdb,all_I=motion_blur_S=3,tt3401882,tt3401882.jpg,Missing image file: data/IMDB/noise/image/I=motion_blur_S=3/tt3401882.jpg,
imdb,all_I=motion_blur_S=3,tt6432466,tt6432466.jpg,Missing image file: data/IMDB/noise/image/I=motion_blur_S=3/tt6432466.jpg,
imdb,all_I=motion_blur_S=3,tt7634968,tt7634968.jpg,Missing image file: data/IMDB/noise/image/I=motion_blur_S=3/tt7634968.jpg,
imdb,all_I=motion_blur_S=3,tt5971474,tt5971474.jpg,Missing image file: data/IMDB/noise/image/I=motion_blur_S=3/tt5971474.jpg,
imdb,all_I=occlusion_S=3,tt12783454,tt12783454.jpg,Missing image file: data/IMDB/noise/image/I=occlusion_S=3/tt12783454.jpg,
imdb,all_I=occlusion_S=3,tt8522006,tt8522006.jpg,Missing image file: data/IMDB/noise/image/I=occlusion_S=3/tt8522006.jpg,
imdb,all_I=occlusion_S=3,tt14960572,tt14960572.jpg,Missing image file: data/IMDB/noise/image/I=occlusion_S=3/tt14960572.jpg,
imdb,all_I=occlusion_S=3,tt2763304,tt2763304.jpg,Missing image file: data/IMDB/noise/image/I=occlusion_S=3/tt2763304.jpg,
imdb,all_I=occlusion_S=3,tt10919380,tt10919380.jpg,Missing image file: data/IMDB/noise/image/I=occlusion_S=3/tt10919380.jpg,
imdb,all_I=occlusion_S=3,tt0092720,tt0092720.jpg,Missing image file: data/IMDB/noise/image/I=occlusion_S=3/tt0092720.jpg,
imdb,all_I=occlusion_S=3,tt0120338,tt0120338.jpg,Missing image file: data/IMDB/noise/image/I=occlusion_S=3/tt0120338.jpg,
imdb,all_I=occlusion_S=3,tt17351924,tt17351924.jpg,Missing image file: data/IMDB/noise/image/I=occlusion_S=3/tt17351924.jpg,
imdb,all_I=occlusion_S=3,tt5649108,tt5649108.jpg,Missing image file: data/IMDB/noise/image/I=occlusion_S=3/tt5649108.jpg,
imdb,all_I=occlusion_S=3,tt14715170,tt14715170.jpg,Missing image file: data/IMDB/noise/image/I=occlusion_S=3/tt14715170.jpg,
imdb,all_I=occlusion_S=3,tt10655524,tt10655524.jpg,Missing image file: data/IMDB/noise/image/I=occlusion_S=3/tt10655524.jpg,
imdb,all_I=occlusion_S=3,tt14452776,tt14452776.jpg,Missing image file: data/IMDB/noise/image/I=occlusion_S=3/tt14452776.jpg,
imdb,all_I=occlusion_S=3,tt0332280,tt0332280.jpg,Missing image file: data/IMDB/noise/image/I=occlusion_S=3/tt0332280.jpg,
imdb,all_I=occlusion_S=3,tt27727074,tt27727074.jpg,Missing image file: data/IMDB/noise/image/I=occlusion_S=3/tt27727074.jpg,
imdb,all_I=occlusion_S=3,tt9115530,tt9115530.jpg,Missing image file: data/IMDB/noise/image/I=occlusion_S=3/tt9115530.jpg,
imdb,all_I=occlusion_S=3,tt22743064,tt22743064.jpg,Missing image file: data/IMDB/noise/image/I=occlusion_S=3/tt22743064.jpg,
imdb,all_I=occlusion_S=3,tt14824792,tt14824792.jpg,Missing image file: data/IMDB/noise/image/I=occlusion_S=3/tt14824792.jpg,
imdb,all_I=occlusion_S=3,tt12477480,tt12477480.jpg,Missing image file: data/IMDB/noise/image/I=occlusion_S=3/tt12477480.jpg,
imdb,all_I=occlusion_S=3,tt2080323,tt2080323.jpg,Missing image file: data/IMDB/noise/image/I=occlusion_S=3/tt2080323.jpg,
imdb,all_I=occlusion_S=3,tt18748482,tt18748482.jpg,Missing image file: data/IMDB/noise/image/I=occlusion_S=3/tt18748482.jpg,
imdb,all_I=occlusion_S=3,tt0805184,tt0805184.jpg,Missing image file: data/IMDB/noise/image/I=occlusion_S=3/tt0805184.jpg,
imdb,all_I=occlusion_S=3,tt6412452,tt6412452.jpg,Missing image file: data/IMDB/noise/image/I=occlusion_S=3/tt6412452.jpg,
imdb,all_I=occlusion_S=3,tt8145202,tt8145202.jpg,Missing image file: data/IMDB/noise/image/I=occlusion_S=3/tt8145202.jpg,
imdb,all_I=occlusion_S=3,tt4586828,tt4586828.jpg,Missing image file: data/IMDB/noise/image/I=occlusion_S=3/tt4586828.jpg,
imdb,all_I=occlusion_S=3,tt23144234,tt23144234.jpg,Missing image file: data/IMDB/noise/image/I=occlusion_S=3/tt23144234.jpg,
imdb,all_I=occlusion_S=3,tt9354842,tt9354842.jpg,Missing image file: data/IMDB/noise/image/I=occlusion_S=3/tt9354842.jpg,
imdb,all_I=occlusion_S=3,tt16794528,tt16794528.jpg,Missing image file: data/IMDB/noise/image/I=occlusion_S=3/tt16794528.jpg,
imdb,all_I=occlusion_S=3,tt7349662,tt7349662.jpg,Missing image file: data/IMDB/noise/image/I=occlusion_S=3/tt7349662.jpg,
imdb,all_I=occlusion_S=3,tt8816194,tt8816194.jpg,Missing image file: data/IMDB/noise/image/I=occlusion_S=3/tt8816194.jpg,
imdb,all_I=occlusion_S=3,tt15184804,tt15184804.jpg,Missing image file: data/IMDB/noise/image/I=occlusion_S=3/tt15184804.jpg,
imdb,all_I=occlusion_S=3,tt11795652,tt11795652.jpg,Missing image file: data/IMDB/noise/image/I=occlusion_S=3/tt11795652.jpg,
imdb,all_I=occlusion_S=3,tt13022984,tt13022984.jpg,Missing image file: data/IMDB/noise/image/I=occlusion_S=3/tt13022984.jpg,
imdb,all_I=occlusion_S=3,tt10682266,tt10682266.jpg,Missing image file: data/IMDB/noise/image/I=occlusion_S=3/tt10682266.jpg,
imdb,all_I=occlusion_S=3,tt4565520,tt4565520.jpg,Missing image file: data/IMDB/noise/image/I=occlusion_S=3/tt4565520.jpg,
imdb,all_I=occlusion_S=3,tt2531344,tt2531344.jpg,Missing image file: data/IMDB/noise/image/I=occlusion_S=3/tt2531344.jpg,
imdb,all_I=occlusion_S=3,tt22041854,tt22041854.jpg,Missing image file: data/IMDB/noise/image/I=occlusion_S=3/tt22041854.jpg,
imdb,all_I=occlusion_S=3,tt5978724,tt5978724.jpg,Missing image file: data/IMDB/noise/image/I=occlusion_S=3/tt5978724.jpg,
imdb,all_I=occlusion_S=3,tt0098904,tt0098904.jpg,Missing image file: data/IMDB/noise/image/I=occlusion_S=3/tt0098904.jpg,
imdb,all_I=occlusion_S=3,tt2263648,tt2263648.jpg,Missing image file: data/IMDB/noise/image/I=occlusion_S=3/tt2263648.jpg,
imdb,all_I=occlusion_S=3,tt0070849,tt0070849.jpg,Missing image file: data/IMDB/noise/image/I=occlusion_S=3/tt0070849.jpg,
imdb,all_I=occlusion_S=3,tt7242142,tt7242142.jpg,Missing image file: data/IMDB/noise/image/I=occlusion_S=3/tt7242142.jpg,
imdb,all_I=occlusion_S=3,tt7703924,tt7703924.jpg,Missing image file: data/IMDB/noise/image/I=occlusion_S=3/tt7703924.jpg,
imdb,all_I=occlusion_S=3,tt4758646,tt4758646.jpg,Missing image file: data/IMDB/noise/image/I=occlusion_S=3/tt4758646.jpg,
imdb,all_I=occlusion_S=3,tt2631186,tt2631186.jpg,Missing image file: data/IMDB/noise/image/I=occlusion_S=3/tt2631186.jpg,
imdb,all_I=occlusion_S=3,tt4995790,tt4995790.jpg,Missing image file: data/IMDB/noise/image/I=occlusion_S=3/tt4995790.jpg,
imdb,all_I=occlusion_S=3,tt12045028,tt12045028.jpg,Missing image file: data/IMDB/noise/image/I=occlusion_S=3/tt12045028.jpg,
imdb,all_I=occlusion_S=3,tt14298328,tt14298328.jpg,Missing image file: data/IMDB/noise/image/I=occlusion_S=3/tt14298328.jpg,
imdb,all_I=occlusion_S=3,tt1442437,tt1442437.jpg,Missing image file: data/IMDB/noise/image/I=occlusion_S=3/tt1442437.jpg,
imdb,all_I=occlusion_S=3,tt6217804,tt6217804.jpg,Missing image file: data/IMDB/noise/image/I=occlusion_S=3/tt6217804.jpg,
imdb,all_I=occlusion_S=3,tt8637428,tt8637428.jpg,Missing image file: data/IMDB/noise/image/I=occlusion_S=3/tt8637428.jpg,
imdb,all_I=occlusion_S=3,tt0119558,tt0119558.jpg,Missing image file: data/IMDB/noise/image/I=occlusion_S=3/tt0119558.jpg,
imdb,all_I=occlusion_S=3,tt4477536,tt4477536.jpg,Missing image file: data/IMDB/noise/image/I=occlusion_S=3/tt4477536.jpg,
imdb,all_I=occlusion_S=3,tt13491620,tt13491620.jpg,Missing image file: data/IMDB/noise/image/I=occlusion_S=3/tt13491620.jpg,
imdb,all_I=occlusion_S=3,tt13288678,tt13288678.jpg,Missing image file: data/IMDB/noise/image/I=occlusion_S=3/tt13288678.jpg,
imdb,all_I=occlusion_S=3,tt6644286,tt6644286.jpg,Missing image file: data/IMDB/noise/image/I=occlusion_S=3/tt6644286.jpg,
imdb,all_I=occlusion_S=3,tt0438488,tt0438488.jpg,Missing image file: data/IMDB/noise/image/I=occlusion_S=3/tt0438488.jpg,
imdb,all_I=occlusion_S=3,tt12879624,tt12879624.jpg,Missing image file: data/IMDB/noise/image/I=occlusion_S=3/tt12879624.jpg,
imdb,all_I=occlusion_S=3,tt8801584,tt8801584.jpg,Missing image file: data/IMDB/noise/image/I=occlusion_S=3/tt8801584.jpg,
imdb,all_I=occlusion_S=3,tt12861850,tt12861850.jpg,Missing image file: data/IMDB/noise/image/I=occlusion_S=3/tt12861850.jpg,
imdb,all_I=occlusion_S=3,tt6472976,tt6472976.jpg,Missing image file: data/IMDB/noise/image/I=occlusion_S=3/tt6472976.jpg,
imdb,all_I=occlusion_S=3,tt2322441,tt2322441.jpg,Missing image file: data/IMDB/noise/image/I=occlusion_S=3/tt2322441.jpg,
imdb,all_I=occlusion_S=3,tt29079885,tt29079885.jpg,Missing image file: data/IMDB/noise/image/I=occlusion_S=3/tt29079885.jpg,
imdb,all_I=occlusion_S=3,tt10262380,tt10262380.jpg,Missing image file: data/IMDB/noise/image/I=occlusion_S=3/tt10262380.jpg,
imdb,all_I=occlusion_S=3,tt7374948,tt7374948.jpg,Missing image file: data/IMDB/noise/image/I=occlusion_S=3/tt7374948.jpg,
imdb,all_I=occlusion_S=3,tt15145764,tt15145764.jpg,Missing image file: data/IMDB/noise/image/I=occlusion_S=3/tt15145764.jpg,
imdb,all_I=occlusion_S=3,tt13535454,tt13535454.jpg,Missing image file: data/IMDB/noise/image/I=occlusion_S=3/tt13535454.jpg,
imdb,all_I=occlusion_S=3,tt1562859,tt1562859.jpg,Missing image file: data/IMDB/noise/image/I=occlusion_S=3/tt1562859.jpg,
imdb,all_I=occlusion_S=3,tt1728239,tt1728239.jpg,Missing image file: data/IMDB/noise/image/I=occlusion_S=3/tt1728239.jpg,
imdb,all_I=occlusion_S=3,tt28228231,tt28228231.jpg,Missing image file: data/IMDB/noise/image/I=occlusion_S=3/tt28228231.jpg,
imdb,all_I=occlusion_S=3,tt13406094,tt13406094.jpg,Missing image file: data/IMDB/noise/image/I=occlusion_S=3/tt13406094.jpg,
imdb,all_I=occlusion_S=3,tt4858674,tt4858674.jpg,Missing image file: data/IMDB/noise/image/I=occlusion_S=3/tt4858674.jpg,
imdb,all_I=occlusion_S=3,tt1879030,tt1879030.jpg,Missing image file: data/IMDB/noise/image/I=occlusion_S=3/tt1879030.jpg,
imdb,all_I=occlusion_S=3,tt22488728,tt22488728.jpg,Missing image file: data/IMDB/noise/image/I=occlusion_S=3/tt22488728.jpg,
imdb,all_I=occlusion_S=3,tt9198364,tt9198364.jpg,Missing image file: data/IMDB/noise/image/I=occlusion_S=3/tt9198364.jpg,
imdb,all_I=occlusion_S=3,tt14849194,tt14849194.jpg,Missing image file: data/IMDB/noise/image/I=occlusion_S=3/tt14849194.jpg,
imdb,all_I=occlusion_S=3,tt7838252,tt7838252.jpg,Missing image file: data/IMDB/noise/image/I=occlusion_S=3/tt7838252.jpg,
imdb,all_I=occlusion_S=3,tt9601220,tt9601220.jpg,Missing image file: data/IMDB/noise/image/I=occlusion_S=3/tt9601220.jpg,
imdb,all_I=occlusion_S=3,tt7598076,tt7598076.jpg,Missing image file: data/IMDB/noise/image/I=occlusion_S=3/tt7598076.jpg,
imdb,all_I=occlusion_S=3,tt5027774,tt5027774.jpg,Missing image file: data/IMDB/noise/image/I=occlusion_S=3/tt5027774.jpg,
imdb,all_I=occlusion_S=3,tt0068935,tt0068935.jpg,Missing image file: data/IMDB/noise/image/I=occlusion_S=3/tt0068935.jpg,
imdb,all_I=occlusion_S=3,tt23561236,tt23561236.jpg,Missing image file: data/IMDB/noise/image/I=occlusion_S=3/tt23561236.jpg,
imdb,all_I=occlusion_S=3,tt0488798,tt0488798.jpg,Missing image file: data/IMDB/noise/image/I=occlusion_S=3/tt0488798.jpg,
imdb,all_I=occlusion_S=3,tt1987680,tt1987680.jpg,Missing image file: data/IMDB/noise/image/I=occlusion_S=3/tt1987680.jpg,
imdb,all_I=occlusion_S=3,tt8155182,tt8155182.jpg,Missing image file: data/IMDB/noise/image/I=occlusion_S=3/tt8155182.jpg,
imdb,all_I=occlusion_S=3,tt16116726,tt16116726.jpg,Missing image file: data/IMDB/noise/image/I=occlusion_S=3/tt16116726.jpg,
imdb,all_I=occlusion_S=3,tt11762114,tt11762114.jpg,Missing image file: data/IMDB/noise/image/I=occlusion_S=3/tt11762114.jpg,
imdb,all_I=occlusion_S=3,tt14873696,tt14873696.jpg,Missing image file: data/IMDB/noise/image/I=occlusion_S=3/tt14873696.jpg,
imdb,all_I=occlusion_S=3,tt7014006,tt7014006.jpg,Missing image file: data/IMDB/noise/image/I=occlusion_S=3/tt7014006.jpg,
imdb,all_I=occlusion_S=3,tt9411972,tt9411972.jpg,Missing image file: data/IMDB/noise/image/I=occlusion_S=3/tt9411972.jpg,
imdb,all_I=occlusion_S=3,tt13978306,tt13978306.jpg,Missing image file: data/IMDB/noise/image/I=occlusion_S=3/tt13978306.jpg,
imdb,all_I=occlusion_S=3,tt10023024,tt10023024.jpg,Missing image file: data/IMDB/noise/image/I=occlusion_S=3/tt10023024.jpg,
imdb,all_I=occlusion_S=3,tt0309987,tt0309987.jpg,Missing image file: data/IMDB/noise/image/I=occlusion_S=3/tt0309987.jpg,
imdb,all_I=occlusion_S=3,tt3281548,tt3281548.jpg,Missing image file: data/IMDB/noise/image/I=occlusion_S=3/tt3281548.jpg,
imdb,all_I=occlusion_S=3,tt10687116,tt10687116.jpg,Missing image file: data/IMDB/noise/image/I=occlusion_S=3/tt10687116.jpg,
imdb,all_I=occlusion_S=3,tt0096697,tt0096697.jpg,Missing image file: data/IMDB/noise/image/I=occlusion_S=3/tt0096697.jpg,
imdb,all_I=occlusion_S=3,tt5613484,tt5613484.jpg,Missing image file: data/IMDB/noise/image/I=occlusion_S=3/tt5613484.jpg,
imdb,all_I=occlusion_S=3,tt0059742,tt0059742.jpg,Missing image file: data/IMDB/noise/image/I=occlusion_S=3/tt0059742.jpg,
imdb,all_I=occlusion_S=3,tt15905460,tt15905460.jpg,Missing image file: data/IMDB/noise/image/I=occlusion_S=3/tt15905460.jpg,
imdb,all_I=occlusion_S=3,tt0182576,tt0182576.jpg,Missing image file: data/IMDB/noise/image/I=occlusion_S=3/tt0182576.jpg,
imdb,all_I=occlusion_S=3,tt2568862,tt2568862.jpg,Missing image file: data/IMDB/noise/image/I=occlusion_S=3/tt2568862.jpg,
imdb,all_I=occlusion_S=3,tt15404468,tt15404468.jpg,Missing image file: data/IMDB/noise/image/I=occlusion_S=3/tt15404468.jpg,
imdb,all_I=occlusion_S=3,tt12077970,tt12077970.jpg,Missing image file: data/IMDB/noise/image/I=occlusion_S=3/tt12077970.jpg,
imdb,all_I=occlusion_S=3,tt10676012,tt10676012.jpg,Missing image file: data/IMDB/noise/image/I=occlusion_S=3/tt10676012.jpg,
imdb,all_I=occlusion_S=3,tt1489887,tt1489887.jpg,Missing image file: data/IMDB/noise/image/I=occlusion_S=3/tt1489887.jpg,
imdb,all_I=occlusion_S=3,tt7401588,tt7401588.jpg,Missing image file: data/IMDB/noise/image/I=occlusion_S=3/tt7401588.jpg,
imdb,all_I=occlusion_S=3,tt6841122,tt6841122.jpg,Missing image file: data/IMDB/noise/image/I=occlusion_S=3/tt6841122.jpg,
imdb,all_I=occlusion_S=3,tt5774062,tt5774062.jpg,Missing image file: data/IMDB/noise/image/I=occlusion_S=3/tt5774062.jpg,
imdb,all_I=occlusion_S=3,tt11388822,tt11388822.jpg,Missing image file: data/IMDB/noise/image/I=occlusion_S=3/tt11388822.jpg,
imdb,all_I=occlusion_S=3,tt22488414,tt22488414.jpg,Missing image file: data/IMDB/noise/image/I=occlusion_S=3/tt22488414.jpg,
imdb,all_I=occlusion_S=3,tt15022184,tt15022184.jpg,Missing image file: data/IMDB/noise/image/I=occlusion_S=3/tt15022184.jpg,
imdb,all_I=occlusion_S=3,tt3846674,tt3846674.jpg,Missing image file: data/IMDB/noise/image/I=occlusion_S=3/tt3846674.jpg,
imdb,all_I=occlusion_S=3,tt3272066,tt3272066.jpg,Missing image file: data/IMDB/noise/image/I=occlusion_S=3/tt3272066.jpg,
imdb,all_I=occlusion_S=3,tt7660850,tt7660850.jpg,Missing image file: data/IMDB/noise/image/I=occlusion_S=3/tt7660850.jpg,
imdb,all_I=occlusion_S=3,tt0368530,tt0368530.jpg,Missing image file: data/IMDB/noise/image/I=occlusion_S=3/tt0368530.jpg,
imdb,all_I=occlusion_S=3,tt5503686,tt5503686.jpg,Missing image file: data/IMDB/noise/image/I=occlusion_S=3/tt5503686.jpg,
imdb,all_I=occlusion_S=3,tt6513120,tt6513120.jpg,Missing image file: data/IMDB/noise/image/I=occlusion_S=3/tt6513120.jpg,
imdb,all_I=occlusion_S=3,tt5439812,tt5439812.jpg,Missing image file: data/IMDB/noise/image/I=occlusion_S=3/tt5439812.jpg,
imdb,all_I=occlusion_S=3,tt3982212,tt3982212.jpg,Missing image file: data/IMDB/noise/image/I=occlusion_S=3/tt3982212.jpg,
imdb,all_I=occlusion_S=3,tt11698662,tt11698662.jpg,Missing image file: data/IMDB/noise/image/I=occlusion_S=3/tt11698662.jpg,
imdb,all_I=occlusion_S=3,tt1563742,tt1563742.jpg,Missing image file: data/IMDB/noise/image/I=occlusion_S=3/tt1563742.jpg,
imdb,all_I=occlusion_S=3,tt13623608,tt13623608.jpg,Missing image file: data/IMDB/noise/image/I=occlusion_S=3/tt13623608.jpg,
imdb,all_I=occlusion_S=3,tt2709692,tt2709692.jpg,Missing image file: data/IMDB/noise/image/I=occlusion_S=3/tt2709692.jpg,
imdb,all_I=occlusion_S=3,tt28229086,tt28229086.jpg,Missing image file: data/IMDB/noise/image/I=occlusion_S=3/tt28229086.jpg,
imdb,all_I=occlusion_S=3,tt5164432,tt5164432.jpg,Missing image file: data/IMDB/noise/image/I=occlusion_S=3/tt5164432.jpg,
imdb,all_I=occlusion_S=3,tt0419058,tt0419058.jpg,Missing image file: data/IMDB/noise/image/I=occlusion_S=3/tt0419058.jpg,
imdb,all_I=occlusion_S=3,tt0070034,tt0070034.jpg,Missing image file: data/IMDB/noise/image/I=occlusion_S=3/tt0070034.jpg,
imdb,all_I=occlusion_S=3,tt11426572,tt11426572.jpg,Missing image file: data/IMDB/noise/image/I=occlusion_S=3/tt11426572.jpg,
imdb,all_I=occlusion_S=3,tt11127878,tt11127878.jpg,Missing image file: data/IMDB/noise/image/I=occlusion_S=3/tt11127878.jpg,
imdb,all_I=occlusion_S=3,tt1620981,tt1620981.jpg,Missing image file: data/IMDB/noise/image/I=occlusion_S=3/tt1620981.jpg,
imdb,all_I=occlusion_S=3,tt3581652,tt3581652.jpg,Missing image file: data/IMDB/noise/image/I=occlusion_S=3/tt3581652.jpg,
imdb,all_I=occlusion_S=3,tt0242519,tt0242519.jpg,Missing image file: data/IMDB/noise/image/I=occlusion_S=3/tt0242519.jpg,
imdb,all_I=occlusion_S=3,tt1433905,tt1433905.jpg,Missing image file: data/IMDB/noise/image/I=occlusion_S=3/tt1433905.jpg,
imdb,all_I=occlusion_S=3,tt8695030,tt8695030.jpg,Missing image file: data/IMDB/noise/image/I=occlusion_S=3/tt8695030.jpg,
imdb,all_I=occlusion_S=3,tt5308322,tt5308322.jpg,Missing image file: data/IMDB/noise/image/I=occlusion_S=3/tt5308322.jpg,
imdb,all_I=occlusion_S=3,tt14783042,tt14783042.jpg,Missing image file: data/IMDB/noise/image/I=occlusion_S=3/tt14783042.jpg,
imdb,all_I=occlusion_S=3,tt10042590,tt10042590.jpg,Missing image file: data/IMDB/noise/image/I=occlusion_S=3/tt10042590.jpg,
imdb,all_I=occlusion_S=3,tt8960382,tt8960382.jpg,Missing image file: data/IMDB/noise/image/I=occlusion_S=3/tt8960382.jpg,
imdb,all_I=occlusion_S=3,tt5697572,tt5697572.jpg,Missing image file: data/IMDB/noise/image/I=occlusion_S=3/tt5697572.jpg,
imdb,all_I=occlusion_S=3,tt5710514,tt5710514.jpg,Missing image file: data/IMDB/noise/image/I=occlusion_S=3/tt5710514.jpg,
imdb,all_I=occlusion_S=3,tt11772746,tt11772746.jpg,Missing image file: data/IMDB/noise/image/I=occlusion_S=3/tt11772746.jpg,
imdb,all_I=occlusion_S=3,tt0104014,tt0104014.jpg,Missing image file: data/IMDB/noise/image/I=occlusion_S=3/tt0104014.jpg,
imdb,all_I=occlusion_S=3,tt7131622,tt7131622.jpg,Missing image file: data/IMDB/noise/image/I=occlusion_S=3/tt7131622.jpg,
imdb,all_I=occlusion_S=3,tt8949056,tt8949056.jpg,Missing image file: data/IMDB/noise/image/I=occlusion_S=3/tt8949056.jpg,
imdb,all_I=occlusion_S=3,tt5462326,tt5462326.jpg,Missing image file: data/IMDB/noise/image/I=occlusion_S=3/tt5462326.jpg,
imdb,all_I=occlusion_S=3,tt6367558,tt6367558.jpg,Missing image file: data/IMDB/noise/image/I=occlusion_S=3/tt6367558.jpg,
imdb,all_I=occlusion_S=3,tt23472806,tt23472806.jpg,Missing image file: data/IMDB/noise/image/I=occlusion_S=3/tt23472806.jpg,
imdb,all_I=occlusion_S=3,tt13438634,tt13438634.jpg,Missing image file: data/IMDB/noise/image/I=occlusion_S=3/tt13438634.jpg,
imdb,all_I=occlusion_S=3,tt1578116,tt1578116.jpg,Missing image file: data/IMDB/noise/image/I=occlusion_S=3/tt1578116.jpg,
imdb,all_I=occlusion_S=3,tt5610554,tt5610554.jpg,Missing image file: data/IMDB/noise/image/I=occlusion_S=3/tt5610554.jpg,
imdb,all_I=occlusion_S=3,tt1340138,tt1340138.jpg,Missing image file: data/IMDB/noise/image/I=occlusion_S=3/tt1340138.jpg,
imdb,all_I=occlusion_S=3,tt0845448,tt0845448.jpg,Missing image file: data/IMDB/noise/image/I=occlusion_S=3/tt0845448.jpg,
imdb,all_I=occlusion_S=3,tt1637725,tt1637725.jpg,Missing image file: data/IMDB/noise/image/I=occlusion_S=3/tt1637725.jpg,
imdb,all_I=occlusion_S=3,tt2119543,tt2119543.jpg,Missing image file: data/IMDB/noise/image/I=occlusion_S=3/tt2119543.jpg,
imdb,all_I=occlusion_S=3,tt3794354,tt3794354.jpg,Missing image file: data/IMDB/noise/image/I=occlusion_S=3/tt3794354.jpg,
imdb,all_I=occlusion_S=3,tt9484998,tt9484998.jpg,Missing image file: data/IMDB/noise/image/I=occlusion_S=3/tt9484998.jpg,
imdb,all_I=occlusion_S=3,tt6823148,tt6823148.jpg,Missing image file: data/IMDB/noise/image/I=occlusion_S=3/tt6823148.jpg,
imdb,all_I=occlusion_S=3,tt13224758,tt13224758.jpg,Missing image file: data/IMDB/noise/image/I=occlusion_S=3/tt13224758.jpg,
imdb,all_I=occlusion_S=3,tt2139881,tt2139881.jpg,Missing image file: data/IMDB/noise/image/I=occlusion_S=3/tt2139881.jpg,
imdb,all_I=occlusion_S=3,tt0386676,tt0386676.jpg,Missing image file: data/IMDB/noise/image/I=occlusion_S=3/tt0386676.jpg,
imdb,all_I=occlusion_S=3,tt2752200,tt2752200.jpg,Missing image file: data/IMDB/noise/image/I=occlusion_S=3/tt2752200.jpg,
imdb,all_I=occlusion_S=3,tt1575539,tt1575539.jpg,Missing image file: data/IMDB/noise/image/I=occlusion_S=3/tt1575539.jpg,
imdb,all_I=occlusion_S=3,tt16360006,tt16360006.jpg,Missing image file: data/IMDB/noise/image/I=occlusion_S=3/tt16360006.jpg,
imdb,all_I=occlusion_S=3,tt22302170,tt22302170.jpg,Missing image file: data/IMDB/noise/image/I=occlusion_S=3/tt22302170.jpg,
imdb,all_I=occlusion_S=3,tt4686844,tt4686844.jpg,Missing image file: data/IMDB/noise/image/I=occlusion_S=3/tt4686844.jpg,
imdb,all_I=occlusion_S=3,tt7653254,tt7653254.jpg,Missing image file: data/IMDB/noise/image/I=occlusion_S=3/tt7653254.jpg,
imdb,all_I=occlusion_S=3,tt13479258,tt13479258.jpg,Missing image file: data/IMDB/noise/image/I=occlusion_S=3/tt13479258.jpg,
imdb,all_I=occlusion_S=3,tt7070818,tt7070818.jpg,Missing image file: data/IMDB/noise/image/I=occlusion_S=3/tt7070818.jpg,
imdb,all_I=occlusion_S=3,tt15214902,tt15214902.jpg,Missing image file: data/IMDB/noise/image/I=occlusion_S=3/tt15214902.jpg,
imdb,all_I=occlusion_S=3,tt10364034,tt10364034.jpg,Missing image file: data/IMDB/noise/image/I=occlusion_S=3/tt10364034.jpg,
imdb,all_I=occlusion_S=3,tt11219254,tt11219254.jpg,Missing image file: data/IMDB/noise/image/I=occlusion_S=3/tt11219254.jpg,
imdb,all_I=occlusion_S=3,tt15255288,tt15255288.jpg,Missing image file: data/IMDB/noise/image/I=occlusion_S=3/tt15255288.jpg,
imdb,all_I=occlusion_S=3,tt4465564,tt4465564.jpg,Missing image file: data/IMDB/noise/image/I=occlusion_S=3/tt4465564.jpg,
imdb,all_I=occlusion_S=3,tt7979142,tt7979142.jpg,Missing image file: data/IMDB/noise/image/I=occlusion_S=3/tt7979142.jpg,
imdb,all_I=occlusion_S=3,tt7286836,tt7286836.jpg,Missing image file: data/IMDB/noise/image/I=occlusion_S=3/tt7286836.jpg,
imdb,all_I=occlusion_S=3,tt0098878,tt0098878.jpg,Missing image file: data/IMDB/noise/image/I=occlusion_S=3/tt0098878.jpg,
imdb,all_I=occlusion_S=3,tt5666304,tt5666304.jpg,Missing image file: data/IMDB/noise/image/I=occlusion_S=3/tt5666304.jpg,
imdb,all_I=occlusion_S=3,tt13751694,tt13751694.jpg,Missing image file: data/IMDB/noise/image/I=occlusion_S=3/tt13751694.jpg,
imdb,all_I=occlusion_S=3,tt12741494,tt12741494.jpg,Missing image file: data/IMDB/noise/image/I=occlusion_S=3/tt12741494.jpg,
imdb,all_I=occlusion_S=3,tt2584384,tt2584384.jpg,Missing image file: data/IMDB/noise/image/I=occlusion_S=3/tt2584384.jpg,
imdb,all_I=occlusion_S=3,tt0411705,tt0411705.jpg,Missing image file: data/IMDB/noise/image/I=occlusion_S=3/tt0411705.jpg,
imdb,all_I=occlusion_S=3,tt4765284,tt4765284.jpg,Missing image file: data/IMDB/noise/image/I=occlusion_S=3/tt4765284.jpg,
imdb,all_I=occlusion_S=3,tt5657846,tt5657846.jpg,Missing image file: data/IMDB/noise/image/I=occlusion_S=3/tt5657846.jpg,
imdb,all_I=occlusion_S=3,tt0995035,tt0995035.jpg,Missing image file: data/IMDB/noise/image/I=occlusion_S=3/tt0995035.jpg,
imdb,all_I=occlusion_S=3,tt11540284,tt11540284.jpg,Missing image file: data/IMDB/noise/image/I=occlusion_S=3/tt11540284.jpg,
imdb,all_I=occlusion_S=3,tt21192142,tt21192142.jpg,Missing image file: data/IMDB/noise/image/I=occlusion_S=3/tt21192142.jpg,
imdb,all_I=occlusion_S=3,tt13401252,tt13401252.jpg,Missing image file: data/IMDB/noise/image/I=occlusion_S=3/tt13401252.jpg,
imdb,all_I=occlusion_S=3,tt4225622,tt4225622.jpg,Missing image file: data/IMDB/noise/image/I=occlusion_S=3/tt4225622.jpg,
imdb,all_I=occlusion_S=3,tt21115444,tt21115444.jpg,Missing image file: data/IMDB/noise/image/I=occlusion_S=3/tt21115444.jpg,
imdb,all_I=occlusion_S=3,tt19769320,tt19769320.jpg,Missing image file: data/IMDB/noise/image/I=occlusion_S=3/tt19769320.jpg,
imdb,all_I=occlusion_S=3,tt0194314,tt0194314.jpg,Missing image file: data/IMDB/noise/image/I=occlusion_S=3/tt0194314.jpg,
imdb,all_I=occlusion_S=3,tt10366514,tt10366514.jpg,Missing image file: data/IMDB/noise/image/I=occlusion_S=3/tt10366514.jpg,
imdb,all_I=occlusion_S=3,tt0254455,tt0254455.jpg,Missing image file: data/IMDB/noise/image/I=occlusion_S=3/tt0254455.jpg,
imdb,all_I=occlusion_S=3,tt0338013,tt0338013.jpg,Missing image file: data/IMDB/noise/image/I=occlusion_S=3/tt0338013.jpg,
imdb,all_I=occlusion_S=3,tt6226232,tt6226232.jpg,Missing image file: data/IMDB/noise/image/I=occlusion_S=3/tt6226232.jpg,
imdb,all_I=occlusion_S=3,tt0111573,tt0111573.jpg,Missing image file: data/IMDB/noise/image/I=occlusion_S=3/tt0111573.jpg,
imdb,all_I=occlusion_S=3,tt4126476,tt4126476.jpg,Missing image file: data/IMDB/noise/image/I=occlusion_S=3/tt4126476.jpg,
imdb,all_I=occlusion_S=3,tt2278871,tt2278871.jpg,Missing image file: data/IMDB/noise/image/I=occlusion_S=3/tt2278871.jpg,
imdb,all_I=occlusion_S=3,tt8079248,tt8079248.jpg,Missing image file: data/IMDB/noise/image/I=occlusion_S=3/tt8079248.jpg,
imdb,all_I=occlusion_S=3,tt11771594,tt11771594.jpg,Missing image file: data/IMDB/noise/image/I=occlusion_S=3/tt11771594.jpg,
imdb,all_I=occlusion_S=3,tt11317142,tt11317142.jpg,Missing image file: data/IMDB/noise/image/I=occlusion_S=3/tt11317142.jpg,
imdb,all_I=occlusion_S=3,tt8976576,tt8976576.jpg,Missing image file: data/IMDB/noise/image/I=occlusion_S=3/tt8976576.jpg,
imdb,all_I=occlusion_S=3,tt1263750,tt1263750.jpg,Missing image file: data/IMDB/noise/image/I=occlusion_S=3/tt1263750.jpg,
imdb,all_I=occlusion_S=3,tt0213847,tt0213847.jpg,Missing image file: data/IMDB/noise/image/I=occlusion_S=3/tt0213847.jpg,
imdb,all_I=occlusion_S=3,tt0348529,tt0348529.jpg,Missing image file: data/IMDB/noise/image/I=occlusion_S=3/tt0348529.jpg,
imdb,all_I=occlusion_S=3,tt0372909,tt0372909.jpg,Missing image file: data/IMDB/noise/image/I=occlusion_S=3/tt0372909.jpg,
imdb,all_I=occlusion_S=3,tt10399674,tt10399674.jpg,Missing image file: data/IMDB/noise/image/I=occlusion_S=3/tt10399674.jpg,
imdb,all_I=occlusion_S=3,tt7040874,tt7040874.jpg,Missing image file: data/IMDB/noise/image/I=occlusion_S=3/tt7040874.jpg,
imdb,all_I=occlusion_S=3,tt0480919,tt0480919.jpg,Missing image file: data/IMDB/noise/image/I=occlusion_S=3/tt0480919.jpg,
imdb,all_I=occlusion_S=3,tt0418832,tt0418832.jpg,Missing image file: data/IMDB/noise/image/I=occlusion_S=3/tt0418832.jpg,
imdb,all_I=occlusion_S=3,tt0377092,tt0377092.jpg,Missing image file: data/IMDB/noise/image/I=occlusion_S=3/tt0377092.jpg,
imdb,all_I=occlusion_S=3,tt5688932,tt5688932.jpg,Missing image file: data/IMDB/noise/image/I=occlusion_S=3/tt5688932.jpg,
imdb,all_I=occlusion_S=3,tt10698680,tt10698680.jpg,Missing image file: data/IMDB/noise/image/I=occlusion_S=3/tt10698680.jpg,
imdb,all_I=occlusion_S=3,tt5619332,tt5619332.jpg,Missing image file: data/IMDB/noise/image/I=occlusion_S=3/tt5619332.jpg,
imdb,all_I=occlusion_S=3,tt8155288,tt8155288.jpg,Missing image file: data/IMDB/noise/image/I=occlusion_S=3/tt8155288.jpg,
imdb,all_I=occlusion_S=3,tt8079510,tt8079510.jpg,Missing image file: data/IMDB/noise/image/I=occlusion_S=3/tt8079510.jpg,
imdb,all_I=occlusion_S=3,tt6317762,tt6317762.jpg,Missing image file: data/IMDB/noise/image/I=occlusion_S=3/tt6317762.jpg,
imdb,all_I=occlusion_S=3,tt9632590,tt9632590.jpg,Missing image file: data/IMDB/noise/image/I=occlusion_S=3/tt9632590.jpg,
imdb,all_I=occlusion_S=3,tt11286314,tt11286314.jpg,Missing image file: data/IMDB/noise/image/I=occlusion_S=3/tt11286314.jpg,
imdb,all_I=occlusion_S=3,tt0397442,tt0397442.jpg,Missing image file: data/IMDB/noise/image/I=occlusion_S=3/tt0397442.jpg,
imdb,all_I=occlusion_S=3,tt21205440,tt21205440.jpg,Missing image file: data/IMDB/noise/image/I=occlusion_S=3/tt21205440.jpg,
imdb,all_I=occlusion_S=3,tt8718158,tt8718158.jpg,Missing image file: data/IMDB/noise/image/I=occlusion_S=3/tt8718158.jpg,
imdb,all_I=occlusion_S=3,tt8707922,tt8707922.jpg,Missing image file: data/IMDB/noise/image/I=occlusion_S=3/tt8707922.jpg,
imdb,all_I=occlusion_S=3,tt0806088,tt0806088.jpg,Missing image file: data/IMDB/noise/image/I=occlusion_S=3/tt0806088.jpg,
imdb,all_I=occlusion_S=3,tt7161712,tt7161712.jpg,Missing image file: data/IMDB/noise/image/I=occlusion_S=3/tt7161712.jpg,
imdb,all_I=occlusion_S=3,tt3799232,tt3799232.jpg,Missing image file: data/IMDB/noise/image/I=occlusion_S=3/tt3799232.jpg,
imdb,all_I=occlusion_S=3,tt4925292,tt4925292.jpg,Missing image file: data/IMDB/noise/image/I=occlusion_S=3/tt4925292.jpg,
imdb,all_I=occlusion_S=3,tt8075260,tt8075260.jpg,Missing image file: data/IMDB/noise/image/I=occlusion_S=3/tt8075260.jpg,
imdb,all_I=occlusion_S=3,tt6108178,tt6108178.jpg,Missing image file: data/IMDB/noise/image/I=occlusion_S=3/tt6108178.jpg,
imdb,all_I=occlusion_S=3,tt15326988,tt15326988.jpg,Missing image file: data/IMDB/noise/image/I=occlusion_S=3/tt15326988.jpg,
imdb,all_I=occlusion_S=3,tt8783130,tt8783130.jpg,Missing image file: data/IMDB/noise/image/I=occlusion_S=3/tt8783130.jpg,
imdb,all_I=occlusion_S=3,tt6857166,tt6857166.jpg,Missing image file: data/IMDB/noise/image/I=occlusion_S=3/tt6857166.jpg,
imdb,all_I=occlusion_S=3,tt12789558,tt12789558.jpg,Missing image file: data/IMDB/noise/image/I=occlusion_S=3/tt12789558.jpg,
imdb,all_I=occlusion_S=3,tt6173826,tt6173826.jpg,Missing image file: data/IMDB/noise/image/I=occlusion_S=3/tt6173826.jpg,
imdb,all_I=occlusion_S=3,tt1586680,tt1586680.jpg,Missing image file: data/IMDB/noise/image/I=occlusion_S=3/tt1586680.jpg,
imdb,all_I=occlusion_S=3,tt21223048,tt21223048.jpg,Missing image file: data/IMDB/noise/image/I=occlusion_S=3/tt21223048.jpg,
imdb,all_I=occlusion_S=3,tt14914988,tt14914988.jpg,Missing image file: data/IMDB/noise/image/I=occlusion_S=3/tt14914988.jpg,
imdb,all_I=occlusion_S=3,tt1298644,tt1298644.jpg,Missing image file: data/IMDB/noise/image/I=occlusion_S=3/tt1298644.jpg,
imdb,all_I=occlusion_S=3,tt15576460,tt15576460.jpg,Missing image file: data/IMDB/noise/image/I=occlusion_S=3/tt15576460.jpg,
imdb,all_I=occlusion_S=3,tt6957966,tt6957966.jpg,Missing image file: data/IMDB/noise/image/I=occlusion_S=3/tt6957966.jpg,
imdb,all_I=occlusion_S=3,tt0472954,tt0472954.jpg,Missing image file: data/IMDB/noise/image/I=occlusion_S=3/tt0472954.jpg,
imdb,all_I=occlusion_S=3,tt2861424,tt2861424.jpg,Missing image file: data/IMDB/noise/image/I=occlusion_S=3/tt2861424.jpg,
imdb,all_I=occlusion_S=3,tt1092005,tt1092005.jpg,Missing image file: data/IMDB/noise/image/I=occlusion_S=3/tt1092005.jpg,
imdb,all_I=occlusion_S=3,tt0098063,tt0098063.jpg,Missing image file: data/IMDB/noise/image/I=occlusion_S=3/tt0098063.jpg,
imdb,all_I=occlusion_S=3,tt6257174,tt6257174.jpg,Missing image file: data/IMDB/noise/image/I=occlusion_S=3/tt6257174.jpg,
imdb,all_I=occlusion_S=3,tt0254686,tt0254686.jpg,Missing image file: data/IMDB/noise/image/I=occlusion_S=3/tt0254686.jpg,
imdb,all_I=occlusion_S=3,tt7139936,tt7139936.jpg,Missing image file: data/IMDB/noise/image/I=occlusion_S=3/tt7139936.jpg,
imdb,all_I=occlusion_S=3,tt5974030,tt5974030.jpg,Missing image file: data/IMDB/noise/image/I=occlusion_S=3/tt5974030.jpg,
imdb,all_I=occlusion_S=3,tt11934846,tt11934846.jpg,Missing image file: data/IMDB/noise/image/I=occlusion_S=3/tt11934846.jpg,
imdb,all_I=occlusion_S=3,tt8400584,tt8400584.jpg,Missing image file: data/IMDB/noise/image/I=occlusion_S=3/tt8400584.jpg,
imdb,all_I=occlusion_S=3,tt1478839,tt1478839.jpg,Missing image file: data/IMDB/noise/image/I=occlusion_S=3/tt1478839.jpg,
imdb,all_I=occlusion_S=3,tt5073620,tt5073620.jpg,Missing image file: data/IMDB/noise/image/I=occlusion_S=3/tt5073620.jpg,
imdb,all_I=occlusion_S=3,tt9058654,tt9058654.jpg,Missing image file: data/IMDB/noise/image/I=occlusion_S=3/tt9058654.jpg,
imdb,all_I=occlusion_S=3,tt16952820,tt16952820.jpg,Missing image file: data/IMDB/noise/image/I=occlusion_S=3/tt16952820.jpg,
imdb,all_I=occlusion_S=3,tt0851851,tt0851851.jpg,Missing image file: data/IMDB/noise/image/I=occlusion_S=3/tt0851851.jpg,
imdb,all_I=occlusion_S=3,tt1806913,tt1806913.jpg,Missing image file: data/IMDB/noise/image/I=occlusion_S=3/tt1806913.jpg,
imdb,all_I=occlusion_S=3,tt6166392,tt6166392.jpg,Missing image file: data/IMDB/noise/image/I=occlusion_S=3/tt6166392.jpg,
imdb,all_I=occlusion_S=3,tt9686708,tt9686708.jpg,Missing image file: data/IMDB/noise/image/I=occlusion_S=3/tt9686708.jpg,
imdb,all_I=occlusion_S=3,tt2402927,tt2402927.jpg,Missing image file: data/IMDB/noise/image/I=occlusion_S=3/tt2402927.jpg,
imdb,all_I=occlusion_S=3,tt4103724,tt4103724.jpg,Missing image file: data/IMDB/noise/image/I=occlusion_S=3/tt4103724.jpg,
imdb,all_I=occlusion_S=3,tt2937366,tt2937366.jpg,Missing image file: data/IMDB/noise/image/I=occlusion_S=3/tt2937366.jpg,
imdb,all_I=occlusion_S=3,tt9893250,tt9893250.jpg,Missing image file: data/IMDB/noise/image/I=occlusion_S=3/tt9893250.jpg,
imdb,all_I=occlusion_S=3,tt0256103,tt0256103.jpg,Missing image file: data/IMDB/noise/image/I=occlusion_S=3/tt0256103.jpg,
imdb,all_I=occlusion_S=3,tt7453138,tt7453138.jpg,Missing image file: data/IMDB/noise/image/I=occlusion_S=3/tt7453138.jpg,
imdb,all_I=occlusion_S=3,tt13320622,tt13320622.jpg,Missing image file: data/IMDB/noise/image/I=occlusion_S=3/tt13320622.jpg,
imdb,all_I=occlusion_S=3,tt0495034,tt0495034.jpg,Missing image file: data/IMDB/noise/image/I=occlusion_S=3/tt0495034.jpg,
imdb,all_I=occlusion_S=3,tt10287908,tt10287908.jpg,Missing image file: data/IMDB/noise/image/I=occlusion_S=3/tt10287908.jpg,
imdb,all_I=occlusion_S=3,tt5692390,tt5692390.jpg,Missing image file: data/IMDB/noise/image/I=occlusion_S=3/tt5692390.jpg,
imdb,all_I=occlusion_S=3,tt18372308,tt18372308.jpg,Missing image file: data/IMDB/noise/image/I=occlusion_S=3/tt18372308.jpg,
imdb,all_I=occlusion_S=3,tt22442176,tt22442176.jpg,Missing image file: data/IMDB/noise/image/I=occlusion_S=3/tt22442176.jpg,
imdb,all_I=occlusion_S=3,tt8976664,tt8976664.jpg,Missing image file: data/IMDB/noise/image/I=occlusion_S=3/tt8976664.jpg,
imdb,all_I=occlusion_S=3,tt8623904,tt8623904.jpg,Missing image file: data/IMDB/noise/image/I=occlusion_S=3/tt8623904.jpg,
imdb,all_I=occlusion_S=3,tt6511932,tt6511932.jpg,Missing image file: data/IMDB/noise/image/I=occlusion_S=3/tt6511932.jpg,
imdb,all_I=occlusion_S=3,tt11464446,tt11464446.jpg,Missing image file: data/IMDB/noise/image/I=occlusion_S=3/tt11464446.jpg,
imdb,all_I=occlusion_S=3,tt0117737,tt0117737.jpg,Missing image file: data/IMDB/noise/image/I=occlusion_S=3/tt0117737.jpg,
imdb,all_I=occlusion_S=3,tt1570970,tt1570970.jpg,Missing image file: data/IMDB/noise/image/I=occlusion_S=3/tt1570970.jpg,
imdb,all_I=occlusion_S=3,tt8580274,tt8580274.jpg,Missing image file: data/IMDB/noise/image/I=occlusion_S=3/tt8580274.jpg,
imdb,all_I=occlusion_S=3,tt7738450,tt7738450.jpg,Missing image file: data/IMDB/noise/image/I=occlusion_S=3/tt7738450.jpg,
imdb,all_I=occlusion_S=3,tt3104988,tt3104988.jpg,Missing image file: data/IMDB/noise/image/I=occlusion_S=3/tt3104988.jpg,
imdb,all_I=occlusion_S=3,tt4799050,tt4799050.jpg,Missing image file: data/IMDB/noise/image/I=occlusion_S=3/tt4799050.jpg,
imdb,all_I=occlusion_S=3,tt8323120,tt8323120.jpg,Missing image file: data/IMDB/noise/image/I=occlusion_S=3/tt8323120.jpg,
imdb,all_I=occlusion_S=3,tt9389998,tt9389998.jpg,Missing image file: data/IMDB/noise/image/I=occlusion_S=3/tt9389998.jpg,
imdb,all_I=occlusion_S=3,tt20414932,tt20414932.jpg,Missing image file: data/IMDB/noise/image/I=occlusion_S=3/tt20414932.jpg,
imdb,all_I=occlusion_S=3,tt13318052,tt13318052.jpg,Missing image file: data/IMDB/noise/image/I=occlusion_S=3/tt13318052.jpg,
imdb,all_I=occlusion_S=3,tt21361340,tt21361340.jpg,Missing image file: data/IMDB/noise/image/I=occlusion_S=3/tt21361340.jpg,
imdb,all_I=occlusion_S=3,tt14993250,tt14993250.jpg,Missing image file: data/IMDB/noise/image/I=occlusion_S=3/tt14993250.jpg,
imdb,all_I=occlusion_S=3,tt6359956,tt6359956.jpg,Missing image file: data/IMDB/noise/image/I=occlusion_S=3/tt6359956.jpg,
imdb,all_I=occlusion_S=3,tt1798709,tt1798709.jpg,Missing image file: data/IMDB/noise/image/I=occlusion_S=3/tt1798709.jpg,
imdb,all_I=occlusion_S=3,tt13438628,tt13438628.jpg,Missing image file: data/IMDB/noise/image/I=occlusion_S=3/tt13438628.jpg,
imdb,all_I=occlusion_S=3,tt20251822,tt20251822.jpg,Missing image file: data/IMDB/noise/image/I=occlusion_S=3/tt20251822.jpg,
imdb,all_I=occlusion_S=3,tt8946378,tt8946378.jpg,Missing image file: data/IMDB/noise/image/I=occlusion_S=3/tt8946378.jpg,
imdb,all_I=occlusion_S=3,tt7645122,tt7645122.jpg,Missing image file: data/IMDB/noise/image/I=occlusion_S=3/tt7645122.jpg,
imdb,all_I=occlusion_S=3,tt20258072,tt20258072.jpg,Missing image file: data/IMDB/noise/image/I=occlusion_S=3/tt20258072.jpg,
imdb,all_I=occlusion_S=3,tt0110200,tt0110200.jpg,Missing image file: data/IMDB/noise/image/I=occlusion_S=3/tt0110200.jpg,
imdb,all_I=occlusion_S=3,tt5865326,tt5865326.jpg,Missing image file: data/IMDB/noise/image/I=occlusion_S=3/tt5865326.jpg,
imdb,all_I=occlusion_S=3,tt1976540,tt1976540.jpg,Missing image file: data/IMDB/noise/image/I=occlusion_S=3/tt1976540.jpg,
imdb,all_I=occlusion_S=3,tt6911608,tt6911608.jpg,Missing image file: data/IMDB/noise/image/I=occlusion_S=3/tt6911608.jpg,
imdb,all_I=occlusion_S=3,tt5721088,tt5721088.jpg,Missing image file: data/IMDB/noise/image/I=occlusion_S=3/tt5721088.jpg,
imdb,all_I=occlusion_S=3,tt7913934,tt7913934.jpg,Missing image file: data/IMDB/noise/image/I=occlusion_S=3/tt7913934.jpg,
imdb,all_I=occlusion_S=3,tt8750570,tt8750570.jpg,Missing image file: data/IMDB/noise/image/I=occlusion_S=3/tt8750570.jpg,
imdb,all_I=occlusion_S=3,tt4481514,tt4481514.jpg,Missing image file: data/IMDB/noise/image/I=occlusion_S=3/tt4481514.jpg,
imdb,all_I=occlusion_S=3,tt14315408,tt14315408.jpg,Missing image file: data/IMDB/noise/image/I=occlusion_S=3/tt14315408.jpg,
imdb,all_I=occlusion_S=3,tt1859522,tt1859522.jpg,Missing image file: data/IMDB/noise/image/I=occlusion_S=3/tt1859522.jpg,
imdb,all_I=occlusion_S=3,tt7988464,tt7988464.jpg,Missing image file: data/IMDB/noise/image/I=occlusion_S=3/tt7988464.jpg,
imdb,all_I=occlusion_S=3,tt11649338,tt11649338.jpg,Missing image file: data/IMDB/noise/image/I=occlusion_S=3/tt11649338.jpg,
imdb,all_I=occlusion_S=3,tt3401882,tt3401882.jpg,Missing image file: data/IMDB/noise/image/I=occlusion_S=3/tt3401882.jpg,
imdb,all_I=occlusion_S=3,tt6432466,tt6432466.jpg,Missing image file: data/IMDB/noise/image/I=occlusion_S=3/tt6432466.jpg,
imdb,all_I=occlusion_S=3,tt7634968,tt7634968.jpg,Missing image file: data/IMDB/noise/image/I=occlusion_S=3/tt7634968.jpg,
imdb,all_I=occlusion_S=3,tt5971474,tt5971474.jpg,Missing image file: data/IMDB/noise/image/I=occlusion_S=3/tt5971474.jpg,
imdb,all_I=pixelate_S=3,tt12783454,tt12783454.jpg,Missing image file: data/IMDB/noise/image/I=pixelate_S=3/tt12783454.jpg,
imdb,all_I=pixelate_S=3,tt8522006,tt8522006.jpg,Missing image file: data/IMDB/noise/image/I=pixelate_S=3/tt8522006.jpg,
imdb,all_I=pixelate_S=3,tt14960572,tt14960572.jpg,Missing image file: data/IMDB/noise/image/I=pixelate_S=3/tt14960572.jpg,
imdb,all_I=pixelate_S=3,tt2763304,tt2763304.jpg,Missing image file: data/IMDB/noise/image/I=pixelate_S=3/tt2763304.jpg,
imdb,all_I=pixelate_S=3,tt10919380,tt10919380.jpg,Missing image file: data/IMDB/noise/image/I=pixelate_S=3/tt10919380.jpg,
imdb,all_I=pixelate_S=3,tt0092720,tt0092720.jpg,Missing image file: data/IMDB/noise/image/I=pixelate_S=3/tt0092720.jpg,
imdb,all_I=pixelate_S=3,tt0120338,tt0120338.jpg,Missing image file: data/IMDB/noise/image/I=pixelate_S=3/tt0120338.jpg,
imdb,all_I=pixelate_S=3,tt17351924,tt17351924.jpg,Missing image file: data/IMDB/noise/image/I=pixelate_S=3/tt17351924.jpg,
imdb,all_I=pixelate_S=3,tt5649108,tt5649108.jpg,Missing image file: data/IMDB/noise/image/I=pixelate_S=3/tt5649108.jpg,
imdb,all_I=pixelate_S=3,tt14715170,tt14715170.jpg,Missing image file: data/IMDB/noise/image/I=pixelate_S=3/tt14715170.jpg,
imdb,all_I=pixelate_S=3,tt10655524,tt10655524.jpg,Missing image file: data/IMDB/noise/image/I=pixelate_S=3/tt10655524.jpg,
imdb,all_I=pixelate_S=3,tt14452776,tt14452776.jpg,Missing image file: data/IMDB/noise/image/I=pixelate_S=3/tt14452776.jpg,
imdb,all_I=pixelate_S=3,tt0332280,tt0332280.jpg,Missing image file: data/IMDB/noise/image/I=pixelate_S=3/tt0332280.jpg,
imdb,all_I=pixelate_S=3,tt27727074,tt27727074.jpg,Missing image file: data/IMDB/noise/image/I=pixelate_S=3/tt27727074.jpg,
imdb,all_I=pixelate_S=3,tt9115530,tt9115530.jpg,Missing image file: data/IMDB/noise/image/I=pixelate_S=3/tt9115530.jpg,
imdb,all_I=pixelate_S=3,tt22743064,tt22743064.jpg,Missing image file: data/IMDB/noise/image/I=pixelate_S=3/tt22743064.jpg,
imdb,all_I=pixelate_S=3,tt14824792,tt14824792.jpg,Missing image file: data/IMDB/noise/image/I=pixelate_S=3/tt14824792.jpg,
imdb,all_I=pixelate_S=3,tt12477480,tt12477480.jpg,Missing image file: data/IMDB/noise/image/I=pixelate_S=3/tt12477480.jpg,
imdb,all_I=pixelate_S=3,tt2080323,tt2080323.jpg,Missing image file: data/IMDB/noise/image/I=pixelate_S=3/tt2080323.jpg,
imdb,all_I=pixelate_S=3,tt18748482,tt18748482.jpg,Missing image file: data/IMDB/noise/image/I=pixelate_S=3/tt18748482.jpg,
imdb,all_I=pixelate_S=3,tt0805184,tt0805184.jpg,Missing image file: data/IMDB/noise/image/I=pixelate_S=3/tt0805184.jpg,
imdb,all_I=pixelate_S=3,tt6412452,tt6412452.jpg,Missing image file: data/IMDB/noise/image/I=pixelate_S=3/tt6412452.jpg,
imdb,all_I=pixelate_S=3,tt8145202,tt8145202.jpg,Missing image file: data/IMDB/noise/image/I=pixelate_S=3/tt8145202.jpg,
imdb,all_I=pixelate_S=3,tt4586828,tt4586828.jpg,Missing image file: data/IMDB/noise/image/I=pixelate_S=3/tt4586828.jpg,
imdb,all_I=pixelate_S=3,tt23144234,tt23144234.jpg,Missing image file: data/IMDB/noise/image/I=pixelate_S=3/tt23144234.jpg,
imdb,all_I=pixelate_S=3,tt9354842,tt9354842.jpg,Missing image file: data/IMDB/noise/image/I=pixelate_S=3/tt9354842.jpg,
imdb,all_I=pixelate_S=3,tt16794528,tt16794528.jpg,Missing image file: data/IMDB/noise/image/I=pixelate_S=3/tt16794528.jpg,
imdb,all_I=pixelate_S=3,tt7349662,tt7349662.jpg,Missing image file: data/IMDB/noise/image/I=pixelate_S=3/tt7349662.jpg,
imdb,all_I=pixelate_S=3,tt8816194,tt8816194.jpg,Missing image file: data/IMDB/noise/image/I=pixelate_S=3/tt8816194.jpg,
imdb,all_I=pixelate_S=3,tt15184804,tt15184804.jpg,Missing image file: data/IMDB/noise/image/I=pixelate_S=3/tt15184804.jpg,
imdb,all_I=pixelate_S=3,tt11795652,tt11795652.jpg,Missing image file: data/IMDB/noise/image/I=pixelate_S=3/tt11795652.jpg,
imdb,all_I=pixelate_S=3,tt13022984,tt13022984.jpg,Missing image file: data/IMDB/noise/image/I=pixelate_S=3/tt13022984.jpg,
imdb,all_I=pixelate_S=3,tt10682266,tt10682266.jpg,Missing image file: data/IMDB/noise/image/I=pixelate_S=3/tt10682266.jpg,
imdb,all_I=pixelate_S=3,tt4565520,tt4565520.jpg,Missing image file: data/IMDB/noise/image/I=pixelate_S=3/tt4565520.jpg,
imdb,all_I=pixelate_S=3,tt2531344,tt2531344.jpg,Missing image file: data/IMDB/noise/image/I=pixelate_S=3/tt2531344.jpg,
imdb,all_I=pixelate_S=3,tt22041854,tt22041854.jpg,Missing image file: data/IMDB/noise/image/I=pixelate_S=3/tt22041854.jpg,
imdb,all_I=pixelate_S=3,tt5978724,tt5978724.jpg,Missing image file: data/IMDB/noise/image/I=pixelate_S=3/tt5978724.jpg,
imdb,all_I=pixelate_S=3,tt0098904,tt0098904.jpg,Missing image file: data/IMDB/noise/image/I=pixelate_S=3/tt0098904.jpg,
imdb,all_I=pixelate_S=3,tt2263648,tt2263648.jpg,Missing image file: data/IMDB/noise/image/I=pixelate_S=3/tt2263648.jpg,
imdb,all_I=pixelate_S=3,tt0070849,tt0070849.jpg,Missing image file: data/IMDB/noise/image/I=pixelate_S=3/tt0070849.jpg,
imdb,all_I=pixelate_S=3,tt7242142,tt7242142.jpg,Missing image file: data/IMDB/noise/image/I=pixelate_S=3/tt7242142.jpg,
imdb,all_I=pixelate_S=3,tt7703924,tt7703924.jpg,Missing image file: data/IMDB/noise/image/I=pixelate_S=3/tt7703924.jpg,
imdb,all_I=pixelate_S=3,tt4758646,tt4758646.jpg,Missing image file: data/IMDB/noise/image/I=pixelate_S=3/tt4758646.jpg,
imdb,all_I=pixelate_S=3,tt2631186,tt2631186.jpg,Missing image file: data/IMDB/noise/image/I=pixelate_S=3/tt2631186.jpg,
imdb,all_I=pixelate_S=3,tt4995790,tt4995790.jpg,Missing image file: data/IMDB/noise/image/I=pixelate_S=3/tt4995790.jpg,
imdb,all_I=pixelate_S=3,tt12045028,tt12045028.jpg,Missing image file: data/IMDB/noise/image/I=pixelate_S=3/tt12045028.jpg,
imdb,all_I=pixelate_S=3,tt14298328,tt14298328.jpg,Missing image file: data/IMDB/noise/image/I=pixelate_S=3/tt14298328.jpg,
imdb,all_I=pixelate_S=3,tt1442437,tt1442437.jpg,Missing image file: data/IMDB/noise/image/I=pixelate_S=3/tt1442437.jpg,
imdb,all_I=pixelate_S=3,tt6217804,tt6217804.jpg,Missing image file: data/IMDB/noise/image/I=pixelate_S=3/tt6217804.jpg,
imdb,all_I=pixelate_S=3,tt8637428,tt8637428.jpg,Missing image file: data/IMDB/noise/image/I=pixelate_S=3/tt8637428.jpg,
imdb,all_I=pixelate_S=3,tt0119558,tt0119558.jpg,Missing image file: data/IMDB/noise/image/I=pixelate_S=3/tt0119558.jpg,
imdb,all_I=pixelate_S=3,tt4477536,tt4477536.jpg,Missing image file: data/IMDB/noise/image/I=pixelate_S=3/tt4477536.jpg,
imdb,all_I=pixelate_S=3,tt13491620,tt13491620.jpg,Missing image file: data/IMDB/noise/image/I=pixelate_S=3/tt13491620.jpg,
imdb,all_I=pixelate_S=3,tt13288678,tt13288678.jpg,Missing image file: data/IMDB/noise/image/I=pixelate_S=3/tt13288678.jpg,
imdb,all_I=pixelate_S=3,tt6644286,tt6644286.jpg,Missing image file: data/IMDB/noise/image/I=pixelate_S=3/tt6644286.jpg,
imdb,all_I=pixelate_S=3,tt0438488,tt0438488.jpg,Missing image file: data/IMDB/noise/image/I=pixelate_S=3/tt0438488.jpg,
imdb,all_I=pixelate_S=3,tt12879624,tt12879624.jpg,Missing image file: data/IMDB/noise/image/I=pixelate_S=3/tt12879624.jpg,
imdb,all_I=pixelate_S=3,tt8801584,tt8801584.jpg,Missing image file: data/IMDB/noise/image/I=pixelate_S=3/tt8801584.jpg,
imdb,all_I=pixelate_S=3,tt12861850,tt12861850.jpg,Missing image file: data/IMDB/noise/image/I=pixelate_S=3/tt12861850.jpg,
imdb,all_I=pixelate_S=3,tt6472976,tt6472976.jpg,Missing image file: data/IMDB/noise/image/I=pixelate_S=3/tt6472976.jpg,
imdb,all_I=pixelate_S=3,tt2322441,tt2322441.jpg,Missing image file: data/IMDB/noise/image/I=pixelate_S=3/tt2322441.jpg,
imdb,all_I=pixelate_S=3,tt29079885,tt29079885.jpg,Missing image file: data/IMDB/noise/image/I=pixelate_S=3/tt29079885.jpg,
imdb,all_I=pixelate_S=3,tt10262380,tt10262380.jpg,Missing image file: data/IMDB/noise/image/I=pixelate_S=3/tt10262380.jpg,
imdb,all_I=pixelate_S=3,tt7374948,tt7374948.jpg,Missing image file: data/IMDB/noise/image/I=pixelate_S=3/tt7374948.jpg,
imdb,all_I=pixelate_S=3,tt15145764,tt15145764.jpg,Missing image file: data/IMDB/noise/image/I=pixelate_S=3/tt15145764.jpg,
imdb,all_I=pixelate_S=3,tt13535454,tt13535454.jpg,Missing image file: data/IMDB/noise/image/I=pixelate_S=3/tt13535454.jpg,
imdb,all_I=pixelate_S=3,tt1562859,tt1562859.jpg,Missing image file: data/IMDB/noise/image/I=pixelate_S=3/tt1562859.jpg,
imdb,all_I=pixelate_S=3,tt1728239,tt1728239.jpg,Missing image file: data/IMDB/noise/image/I=pixelate_S=3/tt1728239.jpg,
imdb,all_I=pixelate_S=3,tt28228231,tt28228231.jpg,Missing image file: data/IMDB/noise/image/I=pixelate_S=3/tt28228231.jpg,
imdb,all_I=pixelate_S=3,tt13406094,tt13406094.jpg,Missing image file: data/IMDB/noise/image/I=pixelate_S=3/tt13406094.jpg,
imdb,all_I=pixelate_S=3,tt4858674,tt4858674.jpg,Missing image file: data/IMDB/noise/image/I=pixelate_S=3/tt4858674.jpg,
imdb,all_I=pixelate_S=3,tt1879030,tt1879030.jpg,Missing image file: data/IMDB/noise/image/I=pixelate_S=3/tt1879030.jpg,
imdb,all_I=pixelate_S=3,tt22488728,tt22488728.jpg,Missing image file: data/IMDB/noise/image/I=pixelate_S=3/tt22488728.jpg,
imdb,all_I=pixelate_S=3,tt9198364,tt9198364.jpg,Missing image file: data/IMDB/noise/image/I=pixelate_S=3/tt9198364.jpg,
imdb,all_I=pixelate_S=3,tt14849194,tt14849194.jpg,Missing image file: data/IMDB/noise/image/I=pixelate_S=3/tt14849194.jpg,
imdb,all_I=pixelate_S=3,tt7838252,tt7838252.jpg,Missing image file: data/IMDB/noise/image/I=pixelate_S=3/tt7838252.jpg,
imdb,all_I=pixelate_S=3,tt9601220,tt9601220.jpg,Missing image file: data/IMDB/noise/image/I=pixelate_S=3/tt9601220.jpg,
imdb,all_I=pixelate_S=3,tt7598076,tt7598076.jpg,Missing image file: data/IMDB/noise/image/I=pixelate_S=3/tt7598076.jpg,
imdb,all_I=pixelate_S=3,tt5027774,tt5027774.jpg,Missing image file: data/IMDB/noise/image/I=pixelate_S=3/tt5027774.jpg,
imdb,all_I=pixelate_S=3,tt0068935,tt0068935.jpg,Missing image file: data/IMDB/noise/image/I=pixelate_S=3/tt0068935.jpg,
imdb,all_I=pixelate_S=3,tt23561236,tt23561236.jpg,Missing image file: data/IMDB/noise/image/I=pixelate_S=3/tt23561236.jpg,
imdb,all_I=pixelate_S=3,tt0488798,tt0488798.jpg,Missing image file: data/IMDB/noise/image/I=pixelate_S=3/tt0488798.jpg,
imdb,all_I=pixelate_S=3,tt1987680,tt1987680.jpg,Missing image file: data/IMDB/noise/image/I=pixelate_S=3/tt1987680.jpg,
imdb,all_I=pixelate_S=3,tt8155182,tt8155182.jpg,Missing image file: data/IMDB/noise/image/I=pixelate_S=3/tt8155182.jpg,
imdb,all_I=pixelate_S=3,tt16116726,tt16116726.jpg,Missing image file: data/IMDB/noise/image/I=pixelate_S=3/tt16116726.jpg,
imdb,all_I=pixelate_S=3,tt11762114,tt11762114.jpg,Missing image file: data/IMDB/noise/image/I=pixelate_S=3/tt11762114.jpg,
imdb,all_I=pixelate_S=3,tt14873696,tt14873696.jpg,Missing image file: data/IMDB/noise/image/I=pixelate_S=3/tt14873696.jpg,
imdb,all_I=pixelate_S=3,tt7014006,tt7014006.jpg,Missing image file: data/IMDB/noise/image/I=pixelate_S=3/tt7014006.jpg,
imdb,all_I=pixelate_S=3,tt9411972,tt9411972.jpg,Missing image file: data/IMDB/noise/image/I=pixelate_S=3/tt9411972.jpg,
imdb,all_I=pixelate_S=3,tt13978306,tt13978306.jpg,Missing image file: data/IMDB/noise/image/I=pixelate_S=3/tt13978306.jpg,
imdb,all_I=pixelate_S=3,tt10023024,tt10023024.jpg,Missing image file: data/IMDB/noise/image/I=pixelate_S=3/tt10023024.jpg,
imdb,all_I=pixelate_S=3,tt0309987,tt0309987.jpg,Missing image file: data/IMDB/noise/image/I=pixelate_S=3/tt0309987.jpg,
imdb,all_I=pixelate_S=3,tt3281548,tt3281548.jpg,Missing image file: data/IMDB/noise/image/I=pixelate_S=3/tt3281548.jpg,
imdb,all_I=pixelate_S=3,tt10687116,tt10687116.jpg,Missing image file: data/IMDB/noise/image/I=pixelate_S=3/tt10687116.jpg,
imdb,all_I=pixelate_S=3,tt0096697,tt0096697.jpg,Missing image file: data/IMDB/noise/image/I=pixelate_S=3/tt0096697.jpg,
imdb,all_I=pixelate_S=3,tt5613484,tt5613484.jpg,Missing image file: data/IMDB/noise/image/I=pixelate_S=3/tt5613484.jpg,
imdb,all_I=pixelate_S=3,tt0059742,tt0059742.jpg,Missing image file: data/IMDB/noise/image/I=pixelate_S=3/tt0059742.jpg,
imdb,all_I=pixelate_S=3,tt15905460,tt15905460.jpg,Missing image file: data/IMDB/noise/image/I=pixelate_S=3/tt15905460.jpg,
imdb,all_I=pixelate_S=3,tt0182576,tt0182576.jpg,Missing image file: data/IMDB/noise/image/I=pixelate_S=3/tt0182576.jpg,
imdb,all_I=pixelate_S=3,tt2568862,tt2568862.jpg,Missing image file: data/IMDB/noise/image/I=pixelate_S=3/tt2568862.jpg,
imdb,all_I=pixelate_S=3,tt15404468,tt15404468.jpg,Missing image file: data/IMDB/noise/image/I=pixelate_S=3/tt15404468.jpg,
imdb,all_I=pixelate_S=3,tt12077970,tt12077970.jpg,Missing image file: data/IMDB/noise/image/I=pixelate_S=3/tt12077970.jpg,
imdb,all_I=pixelate_S=3,tt10676012,tt10676012.jpg,Missing image file: data/IMDB/noise/image/I=pixelate_S=3/tt10676012.jpg,
imdb,all_I=pixelate_S=3,tt1489887,tt1489887.jpg,Missing image file: data/IMDB/noise/image/I=pixelate_S=3/tt1489887.jpg,
imdb,all_I=pixelate_S=3,tt7401588,tt7401588.jpg,Missing image file: data/IMDB/noise/image/I=pixelate_S=3/tt7401588.jpg,
imdb,all_I=pixelate_S=3,tt6841122,tt6841122.jpg,Missing image file: data/IMDB/noise/image/I=pixelate_S=3/tt6841122.jpg,
imdb,all_I=pixelate_S=3,tt5774062,tt5774062.jpg,Missing image file: data/IMDB/noise/image/I=pixelate_S=3/tt5774062.jpg,
imdb,all_I=pixelate_S=3,tt11388822,tt11388822.jpg,Missing image file: data/IMDB/noise/image/I=pixelate_S=3/tt11388822.jpg,
imdb,all_I=pixelate_S=3,tt22488414,tt22488414.jpg,Missing image file: data/IMDB/noise/image/I=pixelate_S=3/tt22488414.jpg,
imdb,all_I=pixelate_S=3,tt15022184,tt15022184.jpg,Missing image file: data/IMDB/noise/image/I=pixelate_S=3/tt15022184.jpg,
imdb,all_I=pixelate_S=3,tt3846674,tt3846674.jpg,Missing image file: data/IMDB/noise/image/I=pixelate_S=3/tt3846674.jpg,
imdb,all_I=pixelate_S=3,tt3272066,tt3272066.jpg,Missing image file: data/IMDB/noise/image/I=pixelate_S=3/tt3272066.jpg,
imdb,all_I=pixelate_S=3,tt7660850,tt7660850.jpg,Missing image file: data/IMDB/noise/image/I=pixelate_S=3/tt7660850.jpg,
imdb,all_I=pixelate_S=3,tt0368530,tt0368530.jpg,Missing image file: data/IMDB/noise/image/I=pixelate_S=3/tt0368530.jpg,
imdb,all_I=pixelate_S=3,tt5503686,tt5503686.jpg,Missing image file: data/IMDB/noise/image/I=pixelate_S=3/tt5503686.jpg,
imdb,all_I=pixelate_S=3,tt6513120,tt6513120.jpg,Missing image file: data/IMDB/noise/image/I=pixelate_S=3/tt6513120.jpg,
imdb,all_I=pixelate_S=3,tt5439812,tt5439812.jpg,Missing image file: data/IMDB/noise/image/I=pixelate_S=3/tt5439812.jpg,
imdb,all_I=pixelate_S=3,tt3982212,tt3982212.jpg,Missing image file: data/IMDB/noise/image/I=pixelate_S=3/tt3982212.jpg,
imdb,all_I=pixelate_S=3,tt11698662,tt11698662.jpg,Missing image file: data/IMDB/noise/image/I=pixelate_S=3/tt11698662.jpg,
imdb,all_I=pixelate_S=3,tt1563742,tt1563742.jpg,Missing image file: data/IMDB/noise/image/I=pixelate_S=3/tt1563742.jpg,
imdb,all_I=pixelate_S=3,tt13623608,tt13623608.jpg,Missing image file: data/IMDB/noise/image/I=pixelate_S=3/tt13623608.jpg,
imdb,all_I=pixelate_S=3,tt2709692,tt2709692.jpg,Missing image file: data/IMDB/noise/image/I=pixelate_S=3/tt2709692.jpg,
imdb,all_I=pixelate_S=3,tt28229086,tt28229086.jpg,Missing image file: data/IMDB/noise/image/I=pixelate_S=3/tt28229086.jpg,
imdb,all_I=pixelate_S=3,tt5164432,tt5164432.jpg,Missing image file: data/IMDB/noise/image/I=pixelate_S=3/tt5164432.jpg,
imdb,all_I=pixelate_S=3,tt0419058,tt0419058.jpg,Missing image file: data/IMDB/noise/image/I=pixelate_S=3/tt0419058.jpg,
imdb,all_I=pixelate_S=3,tt0070034,tt0070034.jpg,Missing image file: data/IMDB/noise/image/I=pixelate_S=3/tt0070034.jpg,
imdb,all_I=pixelate_S=3,tt11426572,tt11426572.jpg,Missing image file: data/IMDB/noise/image/I=pixelate_S=3/tt11426572.jpg,
imdb,all_I=pixelate_S=3,tt11127878,tt11127878.jpg,Missing image file: data/IMDB/noise/image/I=pixelate_S=3/tt11127878.jpg,
imdb,all_I=pixelate_S=3,tt1620981,tt1620981.jpg,Missing image file: data/IMDB/noise/image/I=pixelate_S=3/tt1620981.jpg,
imdb,all_I=pixelate_S=3,tt3581652,tt3581652.jpg,Missing image file: data/IMDB/noise/image/I=pixelate_S=3/tt3581652.jpg,
imdb,all_I=pixelate_S=3,tt0242519,tt0242519.jpg,Missing image file: data/IMDB/noise/image/I=pixelate_S=3/tt0242519.jpg,
imdb,all_I=pixelate_S=3,tt1433905,tt1433905.jpg,Missing image file: data/IMDB/noise/image/I=pixelate_S=3/tt1433905.jpg,
imdb,all_I=pixelate_S=3,tt8695030,tt8695030.jpg,Missing image file: data/IMDB/noise/image/I=pixelate_S=3/tt8695030.jpg,
imdb,all_I=pixelate_S=3,tt5308322,tt5308322.jpg,Missing image file: data/IMDB/noise/image/I=pixelate_S=3/tt5308322.jpg,
imdb,all_I=pixelate_S=3,tt14783042,tt14783042.jpg,Missing image file: data/IMDB/noise/image/I=pixelate_S=3/tt14783042.jpg,
imdb,all_I=pixelate_S=3,tt10042590,tt10042590.jpg,Missing image file: data/IMDB/noise/image/I=pixelate_S=3/tt10042590.jpg,
imdb,all_I=pixelate_S=3,tt8960382,tt8960382.jpg,Missing image file: data/IMDB/noise/image/I=pixelate_S=3/tt8960382.jpg,
imdb,all_I=pixelate_S=3,tt5697572,tt5697572.jpg,Missing image file: data/IMDB/noise/image/I=pixelate_S=3/tt5697572.jpg,
imdb,all_I=pixelate_S=3,tt5710514,tt5710514.jpg,Missing image file: data/IMDB/noise/image/I=pixelate_S=3/tt5710514.jpg,
imdb,all_I=pixelate_S=3,tt11772746,tt11772746.jpg,Missing image file: data/IMDB/noise/image/I=pixelate_S=3/tt11772746.jpg,
imdb,all_I=pixelate_S=3,tt0104014,tt0104014.jpg,Missing image file: data/IMDB/noise/image/I=pixelate_S=3/tt0104014.jpg,
imdb,all_I=pixelate_S=3,tt7131622,tt7131622.jpg,Missing image file: data/IMDB/noise/image/I=pixelate_S=3/tt7131622.jpg,
imdb,all_I=pixelate_S=3,tt8949056,tt8949056.jpg,Missing image file: data/IMDB/noise/image/I=pixelate_S=3/tt8949056.jpg,
imdb,all_I=pixelate_S=3,tt5462326,tt5462326.jpg,Missing image file: data/IMDB/noise/image/I=pixelate_S=3/tt5462326.jpg,
imdb,all_I=pixelate_S=3,tt6367558,tt6367558.jpg,Missing image file: data/IMDB/noise/image/I=pixelate_S=3/tt6367558.jpg,
imdb,all_I=pixelate_S=3,tt23472806,tt23472806.jpg,Missing image file: data/IMDB/noise/image/I=pixelate_S=3/tt23472806.jpg,
imdb,all_I=pixelate_S=3,tt13438634,tt13438634.jpg,Missing image file: data/IMDB/noise/image/I=pixelate_S=3/tt13438634.jpg,
imdb,all_I=pixelate_S=3,tt1578116,tt1578116.jpg,Missing image file: data/IMDB/noise/image/I=pixelate_S=3/tt1578116.jpg,
imdb,all_I=pixelate_S=3,tt5610554,tt5610554.jpg,Missing image file: data/IMDB/noise/image/I=pixelate_S=3/tt5610554.jpg,
imdb,all_I=pixelate_S=3,tt1340138,tt1340138.jpg,Missing image file: data/IMDB/noise/image/I=pixelate_S=3/tt1340138.jpg,
imdb,all_I=pixelate_S=3,tt0845448,tt0845448.jpg,Missing image file: data/IMDB/noise/image/I=pixelate_S=3/tt0845448.jpg,
imdb,all_I=pixelate_S=3,tt1637725,tt1637725.jpg,Missing image file: data/IMDB/noise/image/I=pixelate_S=3/tt1637725.jpg,
imdb,all_I=pixelate_S=3,tt2119543,tt2119543.jpg,Missing image file: data/IMDB/noise/image/I=pixelate_S=3/tt2119543.jpg,
imdb,all_I=pixelate_S=3,tt3794354,tt3794354.jpg,Missing image file: data/IMDB/noise/image/I=pixelate_S=3/tt3794354.jpg,
imdb,all_I=pixelate_S=3,tt9484998,tt9484998.jpg,Missing image file: data/IMDB/noise/image/I=pixelate_S=3/tt9484998.jpg,
imdb,all_I=pixelate_S=3,tt6823148,tt6823148.jpg,Missing image file: data/IMDB/noise/image/I=pixelate_S=3/tt6823148.jpg,
imdb,all_I=pixelate_S=3,tt13224758,tt13224758.jpg,Missing image file: data/IMDB/noise/image/I=pixelate_S=3/tt13224758.jpg,
imdb,all_I=pixelate_S=3,tt2139881,tt2139881.jpg,Missing image file: data/IMDB/noise/image/I=pixelate_S=3/tt2139881.jpg,
imdb,all_I=pixelate_S=3,tt0386676,tt0386676.jpg,Missing image file: data/IMDB/noise/image/I=pixelate_S=3/tt0386676.jpg,
imdb,all_I=pixelate_S=3,tt2752200,tt2752200.jpg,Missing image file: data/IMDB/noise/image/I=pixelate_S=3/tt2752200.jpg,
imdb,all_I=pixelate_S=3,tt1575539,tt1575539.jpg,Missing image file: data/IMDB/noise/image/I=pixelate_S=3/tt1575539.jpg,
imdb,all_I=pixelate_S=3,tt16360006,tt16360006.jpg,Missing image file: data/IMDB/noise/image/I=pixelate_S=3/tt16360006.jpg,
imdb,all_I=pixelate_S=3,tt22302170,tt22302170.jpg,Missing image file: data/IMDB/noise/image/I=pixelate_S=3/tt22302170.jpg,
imdb,all_I=pixelate_S=3,tt4686844,tt4686844.jpg,Missing image file: data/IMDB/noise/image/I=pixelate_S=3/tt4686844.jpg,
imdb,all_I=pixelate_S=3,tt7653254,tt7653254.jpg,Missing image file: data/IMDB/noise/image/I=pixelate_S=3/tt7653254.jpg,
imdb,all_I=pixelate_S=3,tt13479258,tt13479258.jpg,Missing image file: data/IMDB/noise/image/I=pixelate_S=3/tt13479258.jpg,
imdb,all_I=pixelate_S=3,tt7070818,tt7070818.jpg,Missing image file: data/IMDB/noise/image/I=pixelate_S=3/tt7070818.jpg,
imdb,all_I=pixelate_S=3,tt15214902,tt15214902.jpg,Missing image file: data/IMDB/noise/image/I=pixelate_S=3/tt15214902.jpg,
imdb,all_I=pixelate_S=3,tt10364034,tt10364034.jpg,Missing image file: data/IMDB/noise/image/I=pixelate_S=3/tt10364034.jpg,
imdb,all_I=pixelate_S=3,tt11219254,tt11219254.jpg,Missing image file: data/IMDB/noise/image/I=pixelate_S=3/tt11219254.jpg,
imdb,all_I=pixelate_S=3,tt15255288,tt15255288.jpg,Missing image file: data/IMDB/noise/image/I=pixelate_S=3/tt15255288.jpg,
imdb,all_I=pixelate_S=3,tt4465564,tt4465564.jpg,Missing image file: data/IMDB/noise/image/I=pixelate_S=3/tt4465564.jpg,
imdb,all_I=pixelate_S=3,tt7979142,tt7979142.jpg,Missing image file: data/IMDB/noise/image/I=pixelate_S=3/tt7979142.jpg,
imdb,all_I=pixelate_S=3,tt7286836,tt7286836.jpg,Missing image file: data/IMDB/noise/image/I=pixelate_S=3/tt7286836.jpg,
imdb,all_I=pixelate_S=3,tt0098878,tt0098878.jpg,Missing image file: data/IMDB/noise/image/I=pixelate_S=3/tt0098878.jpg,
imdb,all_I=pixelate_S=3,tt5666304,tt5666304.jpg,Missing image file: data/IMDB/noise/image/I=pixelate_S=3/tt5666304.jpg,
imdb,all_I=pixelate_S=3,tt13751694,tt13751694.jpg,Missing image file: data/IMDB/noise/image/I=pixelate_S=3/tt13751694.jpg,
imdb,all_I=pixelate_S=3,tt12741494,tt12741494.jpg,Missing image file: data/IMDB/noise/image/I=pixelate_S=3/tt12741494.jpg,
imdb,all_I=pixelate_S=3,tt2584384,tt2584384.jpg,Missing image file: data/IMDB/noise/image/I=pixelate_S=3/tt2584384.jpg,
imdb,all_I=pixelate_S=3,tt0411705,tt0411705.jpg,Missing image file: data/IMDB/noise/image/I=pixelate_S=3/tt0411705.jpg,
imdb,all_I=pixelate_S=3,tt4765284,tt4765284.jpg,Missing image file: data/IMDB/noise/image/I=pixelate_S=3/tt4765284.jpg,
imdb,all_I=pixelate_S=3,tt5657846,tt5657846.jpg,Missing image file: data/IMDB/noise/image/I=pixelate_S=3/tt5657846.jpg,
imdb,all_I=pixelate_S=3,tt0995035,tt0995035.jpg,Missing image file: data/IMDB/noise/image/I=pixelate_S=3/tt0995035.jpg,
imdb,all_I=pixelate_S=3,tt11540284,tt11540284.jpg,Missing image file: data/IMDB/noise/image/I=pixelate_S=3/tt11540284.jpg,
imdb,all_I=pixelate_S=3,tt21192142,tt21192142.jpg,Missing image file: data/IMDB/noise/image/I=pixelate_S=3/tt21192142.jpg,
imdb,all_I=pixelate_S=3,tt13401252,tt13401252.jpg,Missing image file: data/IMDB/noise/image/I=pixelate_S=3/tt13401252.jpg,
imdb,all_I=pixelate_S=3,tt4225622,tt4225622.jpg,Missing image file: data/IMDB/noise/image/I=pixelate_S=3/tt4225622.jpg,
imdb,all_I=pixelate_S=3,tt21115444,tt21115444.jpg,Missing image file: data/IMDB/noise/image/I=pixelate_S=3/tt21115444.jpg,
imdb,all_I=pixelate_S=3,tt19769320,tt19769320.jpg,Missing image file: data/IMDB/noise/image/I=pixelate_S=3/tt19769320.jpg,
imdb,all_I=pixelate_S=3,tt0194314,tt0194314.jpg,Missing image file: data/IMDB/noise/image/I=pixelate_S=3/tt0194314.jpg,
imdb,all_I=pixelate_S=3,tt10366514,tt10366514.jpg,Missing image file: data/IMDB/noise/image/I=pixelate_S=3/tt10366514.jpg,
imdb,all_I=pixelate_S=3,tt0254455,tt0254455.jpg,Missing image file: data/IMDB/noise/image/I=pixelate_S=3/tt0254455.jpg,
imdb,all_I=pixelate_S=3,tt0338013,tt0338013.jpg,Missing image file: data/IMDB/noise/image/I=pixelate_S=3/tt0338013.jpg,
imdb,all_I=pixelate_S=3,tt6226232,tt6226232.jpg,Missing image file: data/IMDB/noise/image/I=pixelate_S=3/tt6226232.jpg,
imdb,all_I=pixelate_S=3,tt0111573,tt0111573.jpg,Missing image file: data/IMDB/noise/image/I=pixelate_S=3/tt0111573.jpg,
imdb,all_I=pixelate_S=3,tt4126476,tt4126476.jpg,Missing image file: data/IMDB/noise/image/I=pixelate_S=3/tt4126476.jpg,
imdb,all_I=pixelate_S=3,tt2278871,tt2278871.jpg,Missing image file: data/IMDB/noise/image/I=pixelate_S=3/tt2278871.jpg,
imdb,all_I=pixelate_S=3,tt8079248,tt8079248.jpg,Missing image file: data/IMDB/noise/image/I=pixelate_S=3/tt8079248.jpg,
imdb,all_I=pixelate_S=3,tt11771594,tt11771594.jpg,Missing image file: data/IMDB/noise/image/I=pixelate_S=3/tt11771594.jpg,
imdb,all_I=pixelate_S=3,tt11317142,tt11317142.jpg,Missing image file: data/IMDB/noise/image/I=pixelate_S=3/tt11317142.jpg,
imdb,all_I=pixelate_S=3,tt8976576,tt8976576.jpg,Missing image file: data/IMDB/noise/image/I=pixelate_S=3/tt8976576.jpg,
imdb,all_I=pixelate_S=3,tt1263750,tt1263750.jpg,Missing image file: data/IMDB/noise/image/I=pixelate_S=3/tt1263750.jpg,
imdb,all_I=pixelate_S=3,tt0213847,tt0213847.jpg,Missing image file: data/IMDB/noise/image/I=pixelate_S=3/tt0213847.jpg,
imdb,all_I=pixelate_S=3,tt0348529,tt0348529.jpg,Missing image file: data/IMDB/noise/image/I=pixelate_S=3/tt0348529.jpg,
imdb,all_I=pixelate_S=3,tt0372909,tt0372909.jpg,Missing image file: data/IMDB/noise/image/I=pixelate_S=3/tt0372909.jpg,
imdb,all_I=pixelate_S=3,tt10399674,tt10399674.jpg,Missing image file: data/IMDB/noise/image/I=pixelate_S=3/tt10399674.jpg,
imdb,all_I=pixelate_S=3,tt7040874,tt7040874.jpg,Missing image file: data/IMDB/noise/image/I=pixelate_S=3/tt7040874.jpg,
imdb,all_I=pixelate_S=3,tt0480919,tt0480919.jpg,Missing image file: data/IMDB/noise/image/I=pixelate_S=3/tt0480919.jpg,
imdb,all_I=pixelate_S=3,tt0418832,tt0418832.jpg,Missing image file: data/IMDB/noise/image/I=pixelate_S=3/tt0418832.jpg,
imdb,all_I=pixelate_S=3,tt0377092,tt0377092.jpg,Missing image file: data/IMDB/noise/image/I=pixelate_S=3/tt0377092.jpg,
imdb,all_I=pixelate_S=3,tt5688932,tt5688932.jpg,Missing image file: data/IMDB/noise/image/I=pixelate_S=3/tt5688932.jpg,
imdb,all_I=pixelate_S=3,tt10698680,tt10698680.jpg,Missing image file: data/IMDB/noise/image/I=pixelate_S=3/tt10698680.jpg,
imdb,all_I=pixelate_S=3,tt5619332,tt5619332.jpg,Missing image file: data/IMDB/noise/image/I=pixelate_S=3/tt5619332.jpg,
imdb,all_I=pixelate_S=3,tt8155288,tt8155288.jpg,Missing image file: data/IMDB/noise/image/I=pixelate_S=3/tt8155288.jpg,
imdb,all_I=pixelate_S=3,tt8079510,tt8079510.jpg,Missing image file: data/IMDB/noise/image/I=pixelate_S=3/tt8079510.jpg,
imdb,all_I=pixelate_S=3,tt6317762,tt6317762.jpg,Missing image file: data/IMDB/noise/image/I=pixelate_S=3/tt6317762.jpg,
imdb,all_I=pixelate_S=3,tt9632590,tt9632590.jpg,Missing image file: data/IMDB/noise/image/I=pixelate_S=3/tt9632590.jpg,
imdb,all_I=pixelate_S=3,tt11286314,tt11286314.jpg,Missing image file: data/IMDB/noise/image/I=pixelate_S=3/tt11286314.jpg,
imdb,all_I=pixelate_S=3,tt0397442,tt0397442.jpg,Missing image file: data/IMDB/noise/image/I=pixelate_S=3/tt0397442.jpg,
imdb,all_I=pixelate_S=3,tt21205440,tt21205440.jpg,Missing image file: data/IMDB/noise/image/I=pixelate_S=3/tt21205440.jpg,
imdb,all_I=pixelate_S=3,tt8718158,tt8718158.jpg,Missing image file: data/IMDB/noise/image/I=pixelate_S=3/tt8718158.jpg,
imdb,all_I=pixelate_S=3,tt8707922,tt8707922.jpg,Missing image file: data/IMDB/noise/image/I=pixelate_S=3/tt8707922.jpg,
imdb,all_I=pixelate_S=3,tt0806088,tt0806088.jpg,Missing image file: data/IMDB/noise/image/I=pixelate_S=3/tt0806088.jpg,
imdb,all_I=pixelate_S=3,tt7161712,tt7161712.jpg,Missing image file: data/IMDB/noise/image/I=pixelate_S=3/tt7161712.jpg,
imdb,all_I=pixelate_S=3,tt3799232,tt3799232.jpg,Missing image file: data/IMDB/noise/image/I=pixelate_S=3/tt3799232.jpg,
imdb,all_I=pixelate_S=3,tt4925292,tt4925292.jpg,Missing image file: data/IMDB/noise/image/I=pixelate_S=3/tt4925292.jpg,
imdb,all_I=pixelate_S=3,tt8075260,tt8075260.jpg,Missing image file: data/IMDB/noise/image/I=pixelate_S=3/tt8075260.jpg,
imdb,all_I=pixelate_S=3,tt6108178,tt6108178.jpg,Missing image file: data/IMDB/noise/image/I=pixelate_S=3/tt6108178.jpg,
imdb,all_I=pixelate_S=3,tt15326988,tt15326988.jpg,Missing image file: data/IMDB/noise/image/I=pixelate_S=3/tt15326988.jpg,
imdb,all_I=pixelate_S=3,tt8783130,tt8783130.jpg,Missing image file: data/IMDB/noise/image/I=pixelate_S=3/tt8783130.jpg,
imdb,all_I=pixelate_S=3,tt6857166,tt6857166.jpg,Missing image file: data/IMDB/noise/image/I=pixelate_S=3/tt6857166.jpg,
imdb,all_I=pixelate_S=3,tt12789558,tt12789558.jpg,Missing image file: data/IMDB/noise/image/I=pixelate_S=3/tt12789558.jpg,
imdb,all_I=pixelate_S=3,tt6173826,tt6173826.jpg,Missing image file: data/IMDB/noise/image/I=pixelate_S=3/tt6173826.jpg,
imdb,all_I=pixelate_S=3,tt1586680,tt1586680.jpg,Missing image file: data/IMDB/noise/image/I=pixelate_S=3/tt1586680.jpg,
imdb,all_I=pixelate_S=3,tt21223048,tt21223048.jpg,Missing image file: data/IMDB/noise/image/I=pixelate_S=3/tt21223048.jpg,
imdb,all_I=pixelate_S=3,tt14914988,tt14914988.jpg,Missing image file: data/IMDB/noise/image/I=pixelate_S=3/tt14914988.jpg,
imdb,all_I=pixelate_S=3,tt1298644,tt1298644.jpg,Missing image file: data/IMDB/noise/image/I=pixelate_S=3/tt1298644.jpg,
imdb,all_I=pixelate_S=3,tt15576460,tt15576460.jpg,Missing image file: data/IMDB/noise/image/I=pixelate_S=3/tt15576460.jpg,
imdb,all_I=pixelate_S=3,tt6957966,tt6957966.jpg,Missing image file: data/IMDB/noise/image/I=pixelate_S=3/tt6957966.jpg,
imdb,all_I=pixelate_S=3,tt0472954,tt0472954.jpg,Missing image file: data/IMDB/noise/image/I=pixelate_S=3/tt0472954.jpg,
imdb,all_I=pixelate_S=3,tt2861424,tt2861424.jpg,Missing image file: data/IMDB/noise/image/I=pixelate_S=3/tt2861424.jpg,
imdb,all_I=pixelate_S=3,tt1092005,tt1092005.jpg,Missing image file: data/IMDB/noise/image/I=pixelate_S=3/tt1092005.jpg,
imdb,all_I=pixelate_S=3,tt0098063,tt0098063.jpg,Missing image file: data/IMDB/noise/image/I=pixelate_S=3/tt0098063.jpg,
imdb,all_I=pixelate_S=3,tt6257174,tt6257174.jpg,Missing image file: data/IMDB/noise/image/I=pixelate_S=3/tt6257174.jpg,
imdb,all_I=pixelate_S=3,tt0254686,tt0254686.jpg,Missing image file: data/IMDB/noise/image/I=pixelate_S=3/tt0254686.jpg,
imdb,all_I=pixelate_S=3,tt7139936,tt7139936.jpg,Missing image file: data/IMDB/noise/image/I=pixelate_S=3/tt7139936.jpg,
imdb,all_I=pixelate_S=3,tt5974030,tt5974030.jpg,Missing image file: data/IMDB/noise/image/I=pixelate_S=3/tt5974030.jpg,
imdb,all_I=pixelate_S=3,tt11934846,tt11934846.jpg,Missing image file: data/IMDB/noise/image/I=pixelate_S=3/tt11934846.jpg,
imdb,all_I=pixelate_S=3,tt8400584,tt8400584.jpg,Missing image file: data/IMDB/noise/image/I=pixelate_S=3/tt8400584.jpg,
imdb,all_I=pixelate_S=3,tt1478839,tt1478839.jpg,Missing image file: data/IMDB/noise/image/I=pixelate_S=3/tt1478839.jpg,
imdb,all_I=pixelate_S=3,tt5073620,tt5073620.jpg,Missing image file: data/IMDB/noise/image/I=pixelate_S=3/tt5073620.jpg,
imdb,all_I=pixelate_S=3,tt9058654,tt9058654.jpg,Missing image file: data/IMDB/noise/image/I=pixelate_S=3/tt9058654.jpg,
imdb,all_I=pixelate_S=3,tt16952820,tt16952820.jpg,Missing image file: data/IMDB/noise/image/I=pixelate_S=3/tt16952820.jpg,
imdb,all_I=pixelate_S=3,tt0851851,tt0851851.jpg,Missing image file: data/IMDB/noise/image/I=pixelate_S=3/tt0851851.jpg,
imdb,all_I=pixelate_S=3,tt1806913,tt1806913.jpg,Missing image file: data/IMDB/noise/image/I=pixelate_S=3/tt1806913.jpg,
imdb,all_I=pixelate_S=3,tt6166392,tt6166392.jpg,Missing image file: data/IMDB/noise/image/I=pixelate_S=3/tt6166392.jpg,
imdb,all_I=pixelate_S=3,tt9686708,tt9686708.jpg,Missing image file: data/IMDB/noise/image/I=pixelate_S=3/tt9686708.jpg,
imdb,all_I=pixelate_S=3,tt2402927,tt2402927.jpg,Missing image file: data/IMDB/noise/image/I=pixelate_S=3/tt2402927.jpg,
imdb,all_I=pixelate_S=3,tt4103724,tt4103724.jpg,Missing image file: data/IMDB/noise/image/I=pixelate_S=3/tt4103724.jpg,
imdb,all_I=pixelate_S=3,tt2937366,tt2937366.jpg,Missing image file: data/IMDB/noise/image/I=pixelate_S=3/tt2937366.jpg,
imdb,all_I=pixelate_S=3,tt9893250,tt9893250.jpg,Missing image file: data/IMDB/noise/image/I=pixelate_S=3/tt9893250.jpg,
imdb,all_I=pixelate_S=3,tt0256103,tt0256103.jpg,Missing image file: data/IMDB/noise/image/I=pixelate_S=3/tt0256103.jpg,
imdb,all_I=pixelate_S=3,tt7453138,tt7453138.jpg,Missing image file: data/IMDB/noise/image/I=pixelate_S=3/tt7453138.jpg,
imdb,all_I=pixelate_S=3,tt13320622,tt13320622.jpg,Missing image file: data/IMDB/noise/image/I=pixelate_S=3/tt13320622.jpg,
imdb,all_I=pixelate_S=3,tt0495034,tt0495034.jpg,Missing image file: data/IMDB/noise/image/I=pixelate_S=3/tt0495034.jpg,
imdb,all_I=pixelate_S=3,tt10287908,tt10287908.jpg,Missing image file: data/IMDB/noise/image/I=pixelate_S=3/tt10287908.jpg,
imdb,all_I=pixelate_S=3,tt5692390,tt5692390.jpg,Missing image file: data/IMDB/noise/image/I=pixelate_S=3/tt5692390.jpg,
imdb,all_I=pixelate_S=3,tt18372308,tt18372308.jpg,Missing image file: data/IMDB/noise/image/I=pixelate_S=3/tt18372308.jpg,
imdb,all_I=pixelate_S=3,tt22442176,tt22442176.jpg,Missing image file: data/IMDB/noise/image/I=pixelate_S=3/tt22442176.jpg,
imdb,all_I=pixelate_S=3,tt8976664,tt8976664.jpg,Missing image file: data/IMDB/noise/image/I=pixelate_S=3/tt8976664.jpg,
imdb,all_I=pixelate_S=3,tt8623904,tt8623904.jpg,Missing image file: data/IMDB/noise/image/I=pixelate_S=3/tt8623904.jpg,
imdb,all_I=pixelate_S=3,tt6511932,tt6511932.jpg,Missing image file: data/IMDB/noise/image/I=pixelate_S=3/tt6511932.jpg,
imdb,all_I=pixelate_S=3,tt11464446,tt11464446.jpg,Missing image file: data/IMDB/noise/image/I=pixelate_S=3/tt11464446.jpg,
imdb,all_I=pixelate_S=3,tt0117737,tt0117737.jpg,Missing image file: data/IMDB/noise/image/I=pixelate_S=3/tt0117737.jpg,
imdb,all_I=pixelate_S=3,tt1570970,tt1570970.jpg,Missing image file: data/IMDB/noise/image/I=pixelate_S=3/tt1570970.jpg,
imdb,all_I=pixelate_S=3,tt8580274,tt8580274.jpg,Missing image file: data/IMDB/noise/image/I=pixelate_S=3/tt8580274.jpg,
imdb,all_I=pixelate_S=3,tt7738450,tt7738450.jpg,Missing image file: data/IMDB/noise/image/I=pixelate_S=3/tt7738450.jpg,
imdb,all_I=pixelate_S=3,tt3104988,tt3104988.jpg,Missing image file: data/IMDB/noise/image/I=pixelate_S=3/tt3104988.jpg,
imdb,all_I=pixelate_S=3,tt4799050,tt4799050.jpg,Missing image file: data/IMDB/noise/image/I=pixelate_S=3/tt4799050.jpg,
imdb,all_I=pixelate_S=3,tt8323120,tt8323120.jpg,Missing image file: data/IMDB/noise/image/I=pixelate_S=3/tt8323120.jpg,
imdb,all_I=pixelate_S=3,tt9389998,tt9389998.jpg,Missing image file: data/IMDB/noise/image/I=pixelate_S=3/tt9389998.jpg,
imdb,all_I=pixelate_S=3,tt20414932,tt20414932.jpg,Missing image file: data/IMDB/noise/image/I=pixelate_S=3/tt20414932.jpg,
imdb,all_I=pixelate_S=3,tt13318052,tt13318052.jpg,Missing image file: data/IMDB/noise/image/I=pixelate_S=3/tt13318052.jpg,
imdb,all_I=pixelate_S=3,tt21361340,tt21361340.jpg,Missing image file: data/IMDB/noise/image/I=pixelate_S=3/tt21361340.jpg,
imdb,all_I=pixelate_S=3,tt14993250,tt14993250.jpg,Missing image file: data/IMDB/noise/image/I=pixelate_S=3/tt14993250.jpg,
imdb,all_I=pixelate_S=3,tt6359956,tt6359956.jpg,Missing image file: data/IMDB/noise/image/I=pixelate_S=3/tt6359956.jpg,
imdb,all_I=pixelate_S=3,tt1798709,tt1798709.jpg,Missing image file: data/IMDB/noise/image/I=pixelate_S=3/tt1798709.jpg,
imdb,all_I=pixelate_S=3,tt13438628,tt13438628.jpg,Missing image file: data/IMDB/noise/image/I=pixelate_S=3/tt13438628.jpg,
imdb,all_I=pixelate_S=3,tt20251822,tt20251822.jpg,Missing image file: data/IMDB/noise/image/I=pixelate_S=3/tt20251822.jpg,
imdb,all_I=pixelate_S=3,tt8946378,tt8946378.jpg,Missing image file: data/IMDB/noise/image/I=pixelate_S=3/tt8946378.jpg,
imdb,all_I=pixelate_S=3,tt7645122,tt7645122.jpg,Missing image file: data/IMDB/noise/image/I=pixelate_S=3/tt7645122.jpg,
imdb,all_I=pixelate_S=3,tt20258072,tt20258072.jpg,Missing image file: data/IMDB/noise/image/I=pixelate_S=3/tt20258072.jpg,
imdb,all_I=pixelate_S=3,tt0110200,tt0110200.jpg,Missing image file: data/IMDB/noise/image/I=pixelate_S=3/tt0110200.jpg,
imdb,all_I=pixelate_S=3,tt5865326,tt5865326.jpg,Missing image file: data/IMDB/noise/image/I=pixelate_S=3/tt5865326.jpg,
imdb,all_I=pixelate_S=3,tt1976540,tt1976540.jpg,Missing image file: data/IMDB/noise/image/I=pixelate_S=3/tt1976540.jpg,
imdb,all_I=pixelate_S=3,tt6911608,tt6911608.jpg,Missing image file: data/IMDB/noise/image/I=pixelate_S=3/tt6911608.jpg,
imdb,all_I=pixelate_S=3,tt5721088,tt5721088.jpg,Missing image file: data/IMDB/noise/image/I=pixelate_S=3/tt5721088.jpg,
imdb,all_I=pixelate_S=3,tt7913934,tt7913934.jpg,Missing image file: data/IMDB/noise/image/I=pixelate_S=3/tt7913934.jpg,
imdb,all_I=pixelate_S=3,tt8750570,tt8750570.jpg,Missing image file: data/IMDB/noise/image/I=pixelate_S=3/tt8750570.jpg,
imdb,all_I=pixelate_S=3,tt4481514,tt4481514.jpg,Missing image file: data/IMDB/noise/image/I=pixelate_S=3/tt4481514.jpg,
imdb,all_I=pixelate_S=3,tt14315408,tt14315408.jpg,Missing image file: data/IMDB/noise/image/I=pixelate_S=3/tt14315408.jpg,
imdb,all_I=pixelate_S=3,tt1859522,tt1859522.jpg,Missing image file: data/IMDB/noise/image/I=pixelate_S=3/tt1859522.jpg,
imdb,all_I=pixelate_S=3,tt7988464,tt7988464.jpg,Missing image file: data/IMDB/noise/image/I=pixelate_S=3/tt7988464.jpg,
imdb,all_I=pixelate_S=3,tt11649338,tt11649338.jpg,Missing image file: data/IMDB/noise/image/I=pixelate_S=3/tt11649338.jpg,
imdb,all_I=pixelate_S=3,tt3401882,tt3401882.jpg,Missing image file: data/IMDB/noise/image/I=pixelate_S=3/tt3401882.jpg,
imdb,all_I=pixelate_S=3,tt6432466,tt6432466.jpg,Missing image file: data/IMDB/noise/image/I=pixelate_S=3/tt6432466.jpg,
imdb,all_I=pixelate_S=3,tt7634968,tt7634968.jpg,Missing image file: data/IMDB/noise/image/I=pixelate_S=3/tt7634968.jpg,
imdb,all_I=pixelate_S=3,tt5971474,tt5971474.jpg,Missing image file: data/IMDB/noise/image/I=pixelate_S=3/tt5971474.jpg,
imdb,all_I=scale_down_S=3,tt12783454,tt12783454.jpg,Missing image file: data/IMDB/noise/image/I=scale_down_S=3/tt12783454.jpg,
imdb,all_I=scale_down_S=3,tt8522006,tt8522006.jpg,Missing image file: data/IMDB/noise/image/I=scale_down_S=3/tt8522006.jpg,
imdb,all_I=scale_down_S=3,tt14960572,tt14960572.jpg,Missing image file: data/IMDB/noise/image/I=scale_down_S=3/tt14960572.jpg,
imdb,all_I=scale_down_S=3,tt2763304,tt2763304.jpg,Missing image file: data/IMDB/noise/image/I=scale_down_S=3/tt2763304.jpg,
imdb,all_I=scale_down_S=3,tt10919380,tt10919380.jpg,Missing image file: data/IMDB/noise/image/I=scale_down_S=3/tt10919380.jpg,
imdb,all_I=scale_down_S=3,tt0092720,tt0092720.jpg,Missing image file: data/IMDB/noise/image/I=scale_down_S=3/tt0092720.jpg,
imdb,all_I=scale_down_S=3,tt0120338,tt0120338.jpg,Missing image file: data/IMDB/noise/image/I=scale_down_S=3/tt0120338.jpg,
imdb,all_I=scale_down_S=3,tt17351924,tt17351924.jpg,Missing image file: data/IMDB/noise/image/I=scale_down_S=3/tt17351924.jpg,
imdb,all_I=scale_down_S=3,tt5649108,tt5649108.jpg,Missing image file: data/IMDB/noise/image/I=scale_down_S=3/tt5649108.jpg,
imdb,all_I=scale_down_S=3,tt14715170,tt14715170.jpg,Missing image file: data/IMDB/noise/image/I=scale_down_S=3/tt14715170.jpg,
imdb,all_I=scale_down_S=3,tt10655524,tt10655524.jpg,Missing image file: data/IMDB/noise/image/I=scale_down_S=3/tt10655524.jpg,
imdb,all_I=scale_down_S=3,tt14452776,tt14452776.jpg,Missing image file: data/IMDB/noise/image/I=scale_down_S=3/tt14452776.jpg,
imdb,all_I=scale_down_S=3,tt0332280,tt0332280.jpg,Missing image file: data/IMDB/noise/image/I=scale_down_S=3/tt0332280.jpg,
imdb,all_I=scale_down_S=3,tt27727074,tt27727074.jpg,Missing image file: data/IMDB/noise/image/I=scale_down_S=3/tt27727074.jpg,
imdb,all_I=scale_down_S=3,tt9115530,tt9115530.jpg,Missing image file: data/IMDB/noise/image/I=scale_down_S=3/tt9115530.jpg,
imdb,all_I=scale_down_S=3,tt22743064,tt22743064.jpg,Missing image file: data/IMDB/noise/image/I=scale_down_S=3/tt22743064.jpg,
imdb,all_I=scale_down_S=3,tt14824792,tt14824792.jpg,Missing image file: data/IMDB/noise/image/I=scale_down_S=3/tt14824792.jpg,
imdb,all_I=scale_down_S=3,tt12477480,tt12477480.jpg,Missing image file: data/IMDB/noise/image/I=scale_down_S=3/tt12477480.jpg,
imdb,all_I=scale_down_S=3,tt2080323,tt2080323.jpg,Missing image file: data/IMDB/noise/image/I=scale_down_S=3/tt2080323.jpg,
imdb,all_I=scale_down_S=3,tt18748482,tt18748482.jpg,Missing image file: data/IMDB/noise/image/I=scale_down_S=3/tt18748482.jpg,
imdb,all_I=scale_down_S=3,tt0805184,tt0805184.jpg,Missing image file: data/IMDB/noise/image/I=scale_down_S=3/tt0805184.jpg,
imdb,all_I=scale_down_S=3,tt6412452,tt6412452.jpg,Missing image file: data/IMDB/noise/image/I=scale_down_S=3/tt6412452.jpg,
imdb,all_I=scale_down_S=3,tt8145202,tt8145202.jpg,Missing image file: data/IMDB/noise/image/I=scale_down_S=3/tt8145202.jpg,
imdb,all_I=scale_down_S=3,tt4586828,tt4586828.jpg,Missing image file: data/IMDB/noise/image/I=scale_down_S=3/tt4586828.jpg,
imdb,all_I=scale_down_S=3,tt23144234,tt23144234.jpg,Missing image file: data/IMDB/noise/image/I=scale_down_S=3/tt23144234.jpg,
imdb,all_I=scale_down_S=3,tt9354842,tt9354842.jpg,Missing image file: data/IMDB/noise/image/I=scale_down_S=3/tt9354842.jpg,
imdb,all_I=scale_down_S=3,tt16794528,tt16794528.jpg,Missing image file: data/IMDB/noise/image/I=scale_down_S=3/tt16794528.jpg,
imdb,all_I=scale_down_S=3,tt7349662,tt7349662.jpg,Missing image file: data/IMDB/noise/image/I=scale_down_S=3/tt7349662.jpg,
imdb,all_I=scale_down_S=3,tt8816194,tt8816194.jpg,Missing image file: data/IMDB/noise/image/I=scale_down_S=3/tt8816194.jpg,
imdb,all_I=scale_down_S=3,tt15184804,tt15184804.jpg,Missing image file: data/IMDB/noise/image/I=scale_down_S=3/tt15184804.jpg,
imdb,all_I=scale_down_S=3,tt11795652,tt11795652.jpg,Missing image file: data/IMDB/noise/image/I=scale_down_S=3/tt11795652.jpg,
imdb,all_I=scale_down_S=3,tt13022984,tt13022984.jpg,Missing image file: data/IMDB/noise/image/I=scale_down_S=3/tt13022984.jpg,
imdb,all_I=scale_down_S=3,tt10682266,tt10682266.jpg,Missing image file: data/IMDB/noise/image/I=scale_down_S=3/tt10682266.jpg,
imdb,all_I=scale_down_S=3,tt4565520,tt4565520.jpg,Missing image file: data/IMDB/noise/image/I=scale_down_S=3/tt4565520.jpg,
imdb,all_I=scale_down_S=3,tt2531344,tt2531344.jpg,Missing image file: data/IMDB/noise/image/I=scale_down_S=3/tt2531344.jpg,
imdb,all_I=scale_down_S=3,tt22041854,tt22041854.jpg,Missing image file: data/IMDB/noise/image/I=scale_down_S=3/tt22041854.jpg,
imdb,all_I=scale_down_S=3,tt5978724,tt5978724.jpg,Missing image file: data/IMDB/noise/image/I=scale_down_S=3/tt5978724.jpg,
imdb,all_I=scale_down_S=3,tt0098904,tt0098904.jpg,Missing image file: data/IMDB/noise/image/I=scale_down_S=3/tt0098904.jpg,
imdb,all_I=scale_down_S=3,tt2263648,tt2263648.jpg,Missing image file: data/IMDB/noise/image/I=scale_down_S=3/tt2263648.jpg,
imdb,all_I=scale_down_S=3,tt0070849,tt0070849.jpg,Missing image file: data/IMDB/noise/image/I=scale_down_S=3/tt0070849.jpg,
imdb,all_I=scale_down_S=3,tt7242142,tt7242142.jpg,Missing image file: data/IMDB/noise/image/I=scale_down_S=3/tt7242142.jpg,
imdb,all_I=scale_down_S=3,tt7703924,tt7703924.jpg,Missing image file: data/IMDB/noise/image/I=scale_down_S=3/tt7703924.jpg,
imdb,all_I=scale_down_S=3,tt4758646,tt4758646.jpg,Missing image file: data/IMDB/noise/image/I=scale_down_S=3/tt4758646.jpg,
imdb,all_I=scale_down_S=3,tt2631186,tt2631186.jpg,Missing image file: data/IMDB/noise/image/I=scale_down_S=3/tt2631186.jpg,
imdb,all_I=scale_down_S=3,tt4995790,tt4995790.jpg,Missing image file: data/IMDB/noise/image/I=scale_down_S=3/tt4995790.jpg,
imdb,all_I=scale_down_S=3,tt12045028,tt12045028.jpg,Missing image file: data/IMDB/noise/image/I=scale_down_S=3/tt12045028.jpg,
imdb,all_I=scale_down_S=3,tt14298328,tt14298328.jpg,Missing image file: data/IMDB/noise/image/I=scale_down_S=3/tt14298328.jpg,
imdb,all_I=scale_down_S=3,tt1442437,tt1442437.jpg,Missing image file: data/IMDB/noise/image/I=scale_down_S=3/tt1442437.jpg,
imdb,all_I=scale_down_S=3,tt6217804,tt6217804.jpg,Missing image file: data/IMDB/noise/image/I=scale_down_S=3/tt6217804.jpg,
imdb,all_I=scale_down_S=3,tt8637428,tt8637428.jpg,Missing image file: data/IMDB/noise/image/I=scale_down_S=3/tt8637428.jpg,
imdb,all_I=scale_down_S=3,tt0119558,tt0119558.jpg,Missing image file: data/IMDB/noise/image/I=scale_down_S=3/tt0119558.jpg,
imdb,all_I=scale_down_S=3,tt4477536,tt4477536.jpg,Missing image file: data/IMDB/noise/image/I=scale_down_S=3/tt4477536.jpg,
imdb,all_I=scale_down_S=3,tt13491620,tt13491620.jpg,Missing image file: data/IMDB/noise/image/I=scale_down_S=3/tt13491620.jpg,
imdb,all_I=scale_down_S=3,tt13288678,tt13288678.jpg,Missing image file: data/IMDB/noise/image/I=scale_down_S=3/tt13288678.jpg,
imdb,all_I=scale_down_S=3,tt6644286,tt6644286.jpg,Missing image file: data/IMDB/noise/image/I=scale_down_S=3/tt6644286.jpg,
imdb,all_I=scale_down_S=3,tt0438488,tt0438488.jpg,Missing image file: data/IMDB/noise/image/I=scale_down_S=3/tt0438488.jpg,
imdb,all_I=scale_down_S=3,tt12879624,tt12879624.jpg,Missing image file: data/IMDB/noise/image/I=scale_down_S=3/tt12879624.jpg,
imdb,all_I=scale_down_S=3,tt8801584,tt8801584.jpg,Missing image file: data/IMDB/noise/image/I=scale_down_S=3/tt8801584.jpg,
imdb,all_I=scale_down_S=3,tt12861850,tt12861850.jpg,Missing image file: data/IMDB/noise/image/I=scale_down_S=3/tt12861850.jpg,
imdb,all_I=scale_down_S=3,tt6472976,tt6472976.jpg,Missing image file: data/IMDB/noise/image/I=scale_down_S=3/tt6472976.jpg,
imdb,all_I=scale_down_S=3,tt2322441,tt2322441.jpg,Missing image file: data/IMDB/noise/image/I=scale_down_S=3/tt2322441.jpg,
imdb,all_I=scale_down_S=3,tt29079885,tt29079885.jpg,Missing image file: data/IMDB/noise/image/I=scale_down_S=3/tt29079885.jpg,
imdb,all_I=scale_down_S=3,tt10262380,tt10262380.jpg,Missing image file: data/IMDB/noise/image/I=scale_down_S=3/tt10262380.jpg,
imdb,all_I=scale_down_S=3,tt7374948,tt7374948.jpg,Missing image file: data/IMDB/noise/image/I=scale_down_S=3/tt7374948.jpg,
imdb,all_I=scale_down_S=3,tt15145764,tt15145764.jpg,Missing image file: data/IMDB/noise/image/I=scale_down_S=3/tt15145764.jpg,
imdb,all_I=scale_down_S=3,tt13535454,tt13535454.jpg,Missing image file: data/IMDB/noise/image/I=scale_down_S=3/tt13535454.jpg,
imdb,all_I=scale_down_S=3,tt1562859,tt1562859.jpg,Missing image file: data/IMDB/noise/image/I=scale_down_S=3/tt1562859.jpg,
imdb,all_I=scale_down_S=3,tt1728239,tt1728239.jpg,Missing image file: data/IMDB/noise/image/I=scale_down_S=3/tt1728239.jpg,
imdb,all_I=scale_down_S=3,tt28228231,tt28228231.jpg,Missing image file: data/IMDB/noise/image/I=scale_down_S=3/tt28228231.jpg,
imdb,all_I=scale_down_S=3,tt13406094,tt13406094.jpg,Missing image file: data/IMDB/noise/image/I=scale_down_S=3/tt13406094.jpg,
imdb,all_I=scale_down_S=3,tt4858674,tt4858674.jpg,Missing image file: data/IMDB/noise/image/I=scale_down_S=3/tt4858674.jpg,
imdb,all_I=scale_down_S=3,tt1879030,tt1879030.jpg,Missing image file: data/IMDB/noise/image/I=scale_down_S=3/tt1879030.jpg,
imdb,all_I=scale_down_S=3,tt22488728,tt22488728.jpg,Missing image file: data/IMDB/noise/image/I=scale_down_S=3/tt22488728.jpg,
imdb,all_I=scale_down_S=3,tt9198364,tt9198364.jpg,Missing image file: data/IMDB/noise/image/I=scale_down_S=3/tt9198364.jpg,
imdb,all_I=scale_down_S=3,tt14849194,tt14849194.jpg,Missing image file: data/IMDB/noise/image/I=scale_down_S=3/tt14849194.jpg,
imdb,all_I=scale_down_S=3,tt7838252,tt7838252.jpg,Missing image file: data/IMDB/noise/image/I=scale_down_S=3/tt7838252.jpg,
imdb,all_I=scale_down_S=3,tt9601220,tt9601220.jpg,Missing image file: data/IMDB/noise/image/I=scale_down_S=3/tt9601220.jpg,
imdb,all_I=scale_down_S=3,tt7598076,tt7598076.jpg,Missing image file: data/IMDB/noise/image/I=scale_down_S=3/tt7598076.jpg,
imdb,all_I=scale_down_S=3,tt5027774,tt5027774.jpg,Missing image file: data/IMDB/noise/image/I=scale_down_S=3/tt5027774.jpg,
imdb,all_I=scale_down_S=3,tt0068935,tt0068935.jpg,Missing image file: data/IMDB/noise/image/I=scale_down_S=3/tt0068935.jpg,
imdb,all_I=scale_down_S=3,tt23561236,tt23561236.jpg,Missing image file: data/IMDB/noise/image/I=scale_down_S=3/tt23561236.jpg,
imdb,all_I=scale_down_S=3,tt0488798,tt0488798.jpg,Missing image file: data/IMDB/noise/image/I=scale_down_S=3/tt0488798.jpg,
imdb,all_I=scale_down_S=3,tt1987680,tt1987680.jpg,Missing image file: data/IMDB/noise/image/I=scale_down_S=3/tt1987680.jpg,
imdb,all_I=scale_down_S=3,tt8155182,tt8155182.jpg,Missing image file: data/IMDB/noise/image/I=scale_down_S=3/tt8155182.jpg,
imdb,all_I=scale_down_S=3,tt16116726,tt16116726.jpg,Missing image file: data/IMDB/noise/image/I=scale_down_S=3/tt16116726.jpg,
imdb,all_I=scale_down_S=3,tt11762114,tt11762114.jpg,Missing image file: data/IMDB/noise/image/I=scale_down_S=3/tt11762114.jpg,
imdb,all_I=scale_down_S=3,tt14873696,tt14873696.jpg,Missing image file: data/IMDB/noise/image/I=scale_down_S=3/tt14873696.jpg,
imdb,all_I=scale_down_S=3,tt7014006,tt7014006.jpg,Missing image file: data/IMDB/noise/image/I=scale_down_S=3/tt7014006.jpg,
imdb,all_I=scale_down_S=3,tt9411972,tt9411972.jpg,Missing image file: data/IMDB/noise/image/I=scale_down_S=3/tt9411972.jpg,
imdb,all_I=scale_down_S=3,tt13978306,tt13978306.jpg,Missing image file: data/IMDB/noise/image/I=scale_down_S=3/tt13978306.jpg,
imdb,all_I=scale_down_S=3,tt10023024,tt10023024.jpg,Missing image file: data/IMDB/noise/image/I=scale_down_S=3/tt10023024.jpg,
imdb,all_I=scale_down_S=3,tt0309987,tt0309987.jpg,Missing image file: data/IMDB/noise/image/I=scale_down_S=3/tt0309987.jpg,
imdb,all_I=scale_down_S=3,tt3281548,tt3281548.jpg,Missing image file: data/IMDB/noise/image/I=scale_down_S=3/tt3281548.jpg,
imdb,all_I=scale_down_S=3,tt10687116,tt10687116.jpg,Missing image file: data/IMDB/noise/image/I=scale_down_S=3/tt10687116.jpg,
imdb,all_I=scale_down_S=3,tt0096697,tt0096697.jpg,Missing image file: data/IMDB/noise/image/I=scale_down_S=3/tt0096697.jpg,
imdb,all_I=scale_down_S=3,tt5613484,tt5613484.jpg,Missing image file: data/IMDB/noise/image/I=scale_down_S=3/tt5613484.jpg,
imdb,all_I=scale_down_S=3,tt0059742,tt0059742.jpg,Missing image file: data/IMDB/noise/image/I=scale_down_S=3/tt0059742.jpg,
imdb,all_I=scale_down_S=3,tt15905460,tt15905460.jpg,Missing image file: data/IMDB/noise/image/I=scale_down_S=3/tt15905460.jpg,
imdb,all_I=scale_down_S=3,tt0182576,tt0182576.jpg,Missing image file: data/IMDB/noise/image/I=scale_down_S=3/tt0182576.jpg,
imdb,all_I=scale_down_S=3,tt2568862,tt2568862.jpg,Missing image file: data/IMDB/noise/image/I=scale_down_S=3/tt2568862.jpg,
imdb,all_I=scale_down_S=3,tt15404468,tt15404468.jpg,Missing image file: data/IMDB/noise/image/I=scale_down_S=3/tt15404468.jpg,
imdb,all_I=scale_down_S=3,tt12077970,tt12077970.jpg,Missing image file: data/IMDB/noise/image/I=scale_down_S=3/tt12077970.jpg,
imdb,all_I=scale_down_S=3,tt10676012,tt10676012.jpg,Missing image file: data/IMDB/noise/image/I=scale_down_S=3/tt10676012.jpg,
imdb,all_I=scale_down_S=3,tt1489887,tt1489887.jpg,Missing image file: data/IMDB/noise/image/I=scale_down_S=3/tt1489887.jpg,
imdb,all_I=scale_down_S=3,tt7401588,tt7401588.jpg,Missing image file: data/IMDB/noise/image/I=scale_down_S=3/tt7401588.jpg,
imdb,all_I=scale_down_S=3,tt6841122,tt6841122.jpg,Missing image file: data/IMDB/noise/image/I=scale_down_S=3/tt6841122.jpg,
imdb,all_I=scale_down_S=3,tt5774062,tt5774062.jpg,Missing image file: data/IMDB/noise/image/I=scale_down_S=3/tt5774062.jpg,
imdb,all_I=scale_down_S=3,tt11388822,tt11388822.jpg,Missing image file: data/IMDB/noise/image/I=scale_down_S=3/tt11388822.jpg,
imdb,all_I=scale_down_S=3,tt22488414,tt22488414.jpg,Missing image file: data/IMDB/noise/image/I=scale_down_S=3/tt22488414.jpg,
imdb,all_I=scale_down_S=3,tt15022184,tt15022184.jpg,Missing image file: data/IMDB/noise/image/I=scale_down_S=3/tt15022184.jpg,
imdb,all_I=scale_down_S=3,tt3846674,tt3846674.jpg,Missing image file: data/IMDB/noise/image/I=scale_down_S=3/tt3846674.jpg,
imdb,all_I=scale_down_S=3,tt3272066,tt3272066.jpg,Missing image file: data/IMDB/noise/image/I=scale_down_S=3/tt3272066.jpg,
imdb,all_I=scale_down_S=3,tt7660850,tt7660850.jpg,Missing image file: data/IMDB/noise/image/I=scale_down_S=3/tt7660850.jpg,
imdb,all_I=scale_down_S=3,tt0368530,tt0368530.jpg,Missing image file: data/IMDB/noise/image/I=scale_down_S=3/tt0368530.jpg,
imdb,all_I=scale_down_S=3,tt5503686,tt5503686.jpg,Missing image file: data/IMDB/noise/image/I=scale_down_S=3/tt5503686.jpg,
imdb,all_I=scale_down_S=3,tt6513120,tt6513120.jpg,Missing image file: data/IMDB/noise/image/I=scale_down_S=3/tt6513120.jpg,
imdb,all_I=scale_down_S=3,tt5439812,tt5439812.jpg,Missing image file: data/IMDB/noise/image/I=scale_down_S=3/tt5439812.jpg,
imdb,all_I=scale_down_S=3,tt3982212,tt3982212.jpg,Missing image file: data/IMDB/noise/image/I=scale_down_S=3/tt3982212.jpg,
imdb,all_I=scale_down_S=3,tt11698662,tt11698662.jpg,Missing image file: data/IMDB/noise/image/I=scale_down_S=3/tt11698662.jpg,
imdb,all_I=scale_down_S=3,tt1563742,tt1563742.jpg,Missing image file: data/IMDB/noise/image/I=scale_down_S=3/tt1563742.jpg,
imdb,all_I=scale_down_S=3,tt13623608,tt13623608.jpg,Missing image file: data/IMDB/noise/image/I=scale_down_S=3/tt13623608.jpg,
imdb,all_I=scale_down_S=3,tt2709692,tt2709692.jpg,Missing image file: data/IMDB/noise/image/I=scale_down_S=3/tt2709692.jpg,
imdb,all_I=scale_down_S=3,tt28229086,tt28229086.jpg,Missing image file: data/IMDB/noise/image/I=scale_down_S=3/tt28229086.jpg,
imdb,all_I=scale_down_S=3,tt5164432,tt5164432.jpg,Missing image file: data/IMDB/noise/image/I=scale_down_S=3/tt5164432.jpg,
imdb,all_I=scale_down_S=3,tt0419058,tt0419058.jpg,Missing image file: data/IMDB/noise/image/I=scale_down_S=3/tt0419058.jpg,
imdb,all_I=scale_down_S=3,tt0070034,tt0070034.jpg,Missing image file: data/IMDB/noise/image/I=scale_down_S=3/tt0070034.jpg,
imdb,all_I=scale_down_S=3,tt11426572,tt11426572.jpg,Missing image file: data/IMDB/noise/image/I=scale_down_S=3/tt11426572.jpg,
imdb,all_I=scale_down_S=3,tt11127878,tt11127878.jpg,Missing image file: data/IMDB/noise/image/I=scale_down_S=3/tt11127878.jpg,
imdb,all_I=scale_down_S=3,tt1620981,tt1620981.jpg,Missing image file: data/IMDB/noise/image/I=scale_down_S=3/tt1620981.jpg,
imdb,all_I=scale_down_S=3,tt3581652,tt3581652.jpg,Missing image file: data/IMDB/noise/image/I=scale_down_S=3/tt3581652.jpg,
imdb,all_I=scale_down_S=3,tt0242519,tt0242519.jpg,Missing image file: data/IMDB/noise/image/I=scale_down_S=3/tt0242519.jpg,
imdb,all_I=scale_down_S=3,tt1433905,tt1433905.jpg,Missing image file: data/IMDB/noise/image/I=scale_down_S=3/tt1433905.jpg,
imdb,all_I=scale_down_S=3,tt8695030,tt8695030.jpg,Missing image file: data/IMDB/noise/image/I=scale_down_S=3/tt8695030.jpg,
imdb,all_I=scale_down_S=3,tt5308322,tt5308322.jpg,Missing image file: data/IMDB/noise/image/I=scale_down_S=3/tt5308322.jpg,
imdb,all_I=scale_down_S=3,tt14783042,tt14783042.jpg,Missing image file: data/IMDB/noise/image/I=scale_down_S=3/tt14783042.jpg,
imdb,all_I=scale_down_S=3,tt10042590,tt10042590.jpg,Missing image file: data/IMDB/noise/image/I=scale_down_S=3/tt10042590.jpg,
imdb,all_I=scale_down_S=3,tt8960382,tt8960382.jpg,Missing image file: data/IMDB/noise/image/I=scale_down_S=3/tt8960382.jpg,
imdb,all_I=scale_down_S=3,tt5697572,tt5697572.jpg,Missing image file: data/IMDB/noise/image/I=scale_down_S=3/tt5697572.jpg,
imdb,all_I=scale_down_S=3,tt5710514,tt5710514.jpg,Missing image file: data/IMDB/noise/image/I=scale_down_S=3/tt5710514.jpg,
imdb,all_I=scale_down_S=3,tt11772746,tt11772746.jpg,Missing image file: data/IMDB/noise/image/I=scale_down_S=3/tt11772746.jpg,
imdb,all_I=scale_down_S=3,tt0104014,tt0104014.jpg,Missing image file: data/IMDB/noise/image/I=scale_down_S=3/tt0104014.jpg,
imdb,all_I=scale_down_S=3,tt7131622,tt7131622.jpg,Missing image file: data/IMDB/noise/image/I=scale_down_S=3/tt7131622.jpg,
imdb,all_I=scale_down_S=3,tt8949056,tt8949056.jpg,Missing image file: data/IMDB/noise/image/I=scale_down_S=3/tt8949056.jpg,
imdb,all_I=scale_down_S=3,tt5462326,tt5462326.jpg,Missing image file: data/IMDB/noise/image/I=scale_down_S=3/tt5462326.jpg,
imdb,all_I=scale_down_S=3,tt6367558,tt6367558.jpg,Missing image file: data/IMDB/noise/image/I=scale_down_S=3/tt6367558.jpg,
imdb,all_I=scale_down_S=3,tt23472806,tt23472806.jpg,Missing image file: data/IMDB/noise/image/I=scale_down_S=3/tt23472806.jpg,
imdb,all_I=scale_down_S=3,tt13438634,tt13438634.jpg,Missing image file: data/IMDB/noise/image/I=scale_down_S=3/tt13438634.jpg,
imdb,all_I=scale_down_S=3,tt1578116,tt1578116.jpg,Missing image file: data/IMDB/noise/image/I=scale_down_S=3/tt1578116.jpg,
imdb,all_I=scale_down_S=3,tt5610554,tt5610554.jpg,Missing image file: data/IMDB/noise/image/I=scale_down_S=3/tt5610554.jpg,
imdb,all_I=scale_down_S=3,tt1340138,tt1340138.jpg,Missing image file: data/IMDB/noise/image/I=scale_down_S=3/tt1340138.jpg,
imdb,all_I=scale_down_S=3,tt0845448,tt0845448.jpg,Missing image file: data/IMDB/noise/image/I=scale_down_S=3/tt0845448.jpg,
imdb,all_I=scale_down_S=3,tt1637725,tt1637725.jpg,Missing image file: data/IMDB/noise/image/I=scale_down_S=3/tt1637725.jpg,
imdb,all_I=scale_down_S=3,tt2119543,tt2119543.jpg,Missing image file: data/IMDB/noise/image/I=scale_down_S=3/tt2119543.jpg,
imdb,all_I=scale_down_S=3,tt3794354,tt3794354.jpg,Missing image file: data/IMDB/noise/image/I=scale_down_S=3/tt3794354.jpg,
imdb,all_I=scale_down_S=3,tt9484998,tt9484998.jpg,Missing image file: data/IMDB/noise/image/I=scale_down_S=3/tt9484998.jpg,
imdb,all_I=scale_down_S=3,tt6823148,tt6823148.jpg,Missing image file: data/IMDB/noise/image/I=scale_down_S=3/tt6823148.jpg,
imdb,all_I=scale_down_S=3,tt13224758,tt13224758.jpg,Missing image file: data/IMDB/noise/image/I=scale_down_S=3/tt13224758.jpg,
imdb,all_I=scale_down_S=3,tt2139881,tt2139881.jpg,Missing image file: data/IMDB/noise/image/I=scale_down_S=3/tt2139881.jpg,
imdb,all_I=scale_down_S=3,tt0386676,tt0386676.jpg,Missing image file: data/IMDB/noise/image/I=scale_down_S=3/tt0386676.jpg,
imdb,all_I=scale_down_S=3,tt2752200,tt2752200.jpg,Missing image file: data/IMDB/noise/image/I=scale_down_S=3/tt2752200.jpg,
imdb,all_I=scale_down_S=3,tt1575539,tt1575539.jpg,Missing image file: data/IMDB/noise/image/I=scale_down_S=3/tt1575539.jpg,
imdb,all_I=scale_down_S=3,tt16360006,tt16360006.jpg,Missing image file: data/IMDB/noise/image/I=scale_down_S=3/tt16360006.jpg,
imdb,all_I=scale_down_S=3,tt22302170,tt22302170.jpg,Missing image file: data/IMDB/noise/image/I=scale_down_S=3/tt22302170.jpg,
imdb,all_I=scale_down_S=3,tt4686844,tt4686844.jpg,Missing image file: data/IMDB/noise/image/I=scale_down_S=3/tt4686844.jpg,
imdb,all_I=scale_down_S=3,tt7653254,tt7653254.jpg,Missing image file: data/IMDB/noise/image/I=scale_down_S=3/tt7653254.jpg,
imdb,all_I=scale_down_S=3,tt13479258,tt13479258.jpg,Missing image file: data/IMDB/noise/image/I=scale_down_S=3/tt13479258.jpg,
imdb,all_I=scale_down_S=3,tt7070818,tt7070818.jpg,Missing image file: data/IMDB/noise/image/I=scale_down_S=3/tt7070818.jpg,
imdb,all_I=scale_down_S=3,tt15214902,tt15214902.jpg,Missing image file: data/IMDB/noise/image/I=scale_down_S=3/tt15214902.jpg,
imdb,all_I=scale_down_S=3,tt10364034,tt10364034.jpg,Missing image file: data/IMDB/noise/image/I=scale_down_S=3/tt10364034.jpg,
imdb,all_I=scale_down_S=3,tt11219254,tt11219254.jpg,Missing image file: data/IMDB/noise/image/I=scale_down_S=3/tt11219254.jpg,
imdb,all_I=scale_down_S=3,tt15255288,tt15255288.jpg,Missing image file: data/IMDB/noise/image/I=scale_down_S=3/tt15255288.jpg,
imdb,all_I=scale_down_S=3,tt4465564,tt4465564.jpg,Missing image file: data/IMDB/noise/image/I=scale_down_S=3/tt4465564.jpg,
imdb,all_I=scale_down_S=3,tt7979142,tt7979142.jpg,Missing image file: data/IMDB/noise/image/I=scale_down_S=3/tt7979142.jpg,
imdb,all_I=scale_down_S=3,tt7286836,tt7286836.jpg,Missing image file: data/IMDB/noise/image/I=scale_down_S=3/tt7286836.jpg,
imdb,all_I=scale_down_S=3,tt0098878,tt0098878.jpg,Missing image file: data/IMDB/noise/image/I=scale_down_S=3/tt0098878.jpg,
imdb,all_I=scale_down_S=3,tt5666304,tt5666304.jpg,Missing image file: data/IMDB/noise/image/I=scale_down_S=3/tt5666304.jpg,
imdb,all_I=scale_down_S=3,tt13751694,tt13751694.jpg,Missing image file: data/IMDB/noise/image/I=scale_down_S=3/tt13751694.jpg,
imdb,all_I=scale_down_S=3,tt12741494,tt12741494.jpg,Missing image file: data/IMDB/noise/image/I=scale_down_S=3/tt12741494.jpg,
imdb,all_I=scale_down_S=3,tt2584384,tt2584384.jpg,Missing image file: data/IMDB/noise/image/I=scale_down_S=3/tt2584384.jpg,
imdb,all_I=scale_down_S=3,tt0411705,tt0411705.jpg,Missing image file: data/IMDB/noise/image/I=scale_down_S=3/tt0411705.jpg,
imdb,all_I=scale_down_S=3,tt4765284,tt4765284.jpg,Missing image file: data/IMDB/noise/image/I=scale_down_S=3/tt4765284.jpg,
imdb,all_I=scale_down_S=3,tt5657846,tt5657846.jpg,Missing image file: data/IMDB/noise/image/I=scale_down_S=3/tt5657846.jpg,
imdb,all_I=scale_down_S=3,tt0995035,tt0995035.jpg,Missing image file: data/IMDB/noise/image/I=scale_down_S=3/tt0995035.jpg,
imdb,all_I=scale_down_S=3,tt11540284,tt11540284.jpg,Missing image file: data/IMDB/noise/image/I=scale_down_S=3/tt11540284.jpg,
imdb,all_I=scale_down_S=3,tt21192142,tt21192142.jpg,Missing image file: data/IMDB/noise/image/I=scale_down_S=3/tt21192142.jpg,
imdb,all_I=scale_down_S=3,tt13401252,tt13401252.jpg,Missing image file: data/IMDB/noise/image/I=scale_down_S=3/tt13401252.jpg,
imdb,all_I=scale_down_S=3,tt4225622,tt4225622.jpg,Missing image file: data/IMDB/noise/image/I=scale_down_S=3/tt4225622.jpg,
imdb,all_I=scale_down_S=3,tt21115444,tt21115444.jpg,Missing image file: data/IMDB/noise/image/I=scale_down_S=3/tt21115444.jpg,
imdb,all_I=scale_down_S=3,tt19769320,tt19769320.jpg,Missing image file: data/IMDB/noise/image/I=scale_down_S=3/tt19769320.jpg,
imdb,all_I=scale_down_S=3,tt0194314,tt0194314.jpg,Missing image file: data/IMDB/noise/image/I=scale_down_S=3/tt0194314.jpg,
imdb,all_I=scale_down_S=3,tt10366514,tt10366514.jpg,Missing image file: data/IMDB/noise/image/I=scale_down_S=3/tt10366514.jpg,
imdb,all_I=scale_down_S=3,tt0254455,tt0254455.jpg,Missing image file: data/IMDB/noise/image/I=scale_down_S=3/tt0254455.jpg,
imdb,all_I=scale_down_S=3,tt0338013,tt0338013.jpg,Missing image file: data/IMDB/noise/image/I=scale_down_S=3/tt0338013.jpg,
imdb,all_I=scale_down_S=3,tt6226232,tt6226232.jpg,Missing image file: data/IMDB/noise/image/I=scale_down_S=3/tt6226232.jpg,
imdb,all_I=scale_down_S=3,tt0111573,tt0111573.jpg,Missing image file: data/IMDB/noise/image/I=scale_down_S=3/tt0111573.jpg,
imdb,all_I=scale_down_S=3,tt4126476,tt4126476.jpg,Missing image file: data/IMDB/noise/image/I=scale_down_S=3/tt4126476.jpg,
imdb,all_I=scale_down_S=3,tt2278871,tt2278871.jpg,Missing image file: data/IMDB/noise/image/I=scale_down_S=3/tt2278871.jpg,
imdb,all_I=scale_down_S=3,tt8079248,tt8079248.jpg,Missing image file: data/IMDB/noise/image/I=scale_down_S=3/tt8079248.jpg,
imdb,all_I=scale_down_S=3,tt11771594,tt11771594.jpg,Missing image file: data/IMDB/noise/image/I=scale_down_S=3/tt11771594.jpg,
imdb,all_I=scale_down_S=3,tt11317142,tt11317142.jpg,Missing image file: data/IMDB/noise/image/I=scale_down_S=3/tt11317142.jpg,
imdb,all_I=scale_down_S=3,tt8976576,tt8976576.jpg,Missing image file: data/IMDB/noise/image/I=scale_down_S=3/tt8976576.jpg,
imdb,all_I=scale_down_S=3,tt1263750,tt1263750.jpg,Missing image file: data/IMDB/noise/image/I=scale_down_S=3/tt1263750.jpg,
imdb,all_I=scale_down_S=3,tt0213847,tt0213847.jpg,Missing image file: data/IMDB/noise/image/I=scale_down_S=3/tt0213847.jpg,
imdb,all_I=scale_down_S=3,tt0348529,tt0348529.jpg,Missing image file: data/IMDB/noise/image/I=scale_down_S=3/tt0348529.jpg,
imdb,all_I=scale_down_S=3,tt0372909,tt0372909.jpg,Missing image file: data/IMDB/noise/image/I=scale_down_S=3/tt0372909.jpg,
imdb,all_I=scale_down_S=3,tt10399674,tt10399674.jpg,Missing image file: data/IMDB/noise/image/I=scale_down_S=3/tt10399674.jpg,
imdb,all_I=scale_down_S=3,tt7040874,tt7040874.jpg,Missing image file: data/IMDB/noise/image/I=scale_down_S=3/tt7040874.jpg,
imdb,all_I=scale_down_S=3,tt0480919,tt0480919.jpg,Missing image file: data/IMDB/noise/image/I=scale_down_S=3/tt0480919.jpg,
imdb,all_I=scale_down_S=3,tt0418832,tt0418832.jpg,Missing image file: data/IMDB/noise/image/I=scale_down_S=3/tt0418832.jpg,
imdb,all_I=scale_down_S=3,tt0377092,tt0377092.jpg,Missing image file: data/IMDB/noise/image/I=scale_down_S=3/tt0377092.jpg,
imdb,all_I=scale_down_S=3,tt5688932,tt5688932.jpg,Missing image file: data/IMDB/noise/image/I=scale_down_S=3/tt5688932.jpg,
imdb,all_I=scale_down_S=3,tt10698680,tt10698680.jpg,Missing image file: data/IMDB/noise/image/I=scale_down_S=3/tt10698680.jpg,
imdb,all_I=scale_down_S=3,tt5619332,tt5619332.jpg,Missing image file: data/IMDB/noise/image/I=scale_down_S=3/tt5619332.jpg,
imdb,all_I=scale_down_S=3,tt8155288,tt8155288.jpg,Missing image file: data/IMDB/noise/image/I=scale_down_S=3/tt8155288.jpg,
imdb,all_I=scale_down_S=3,tt8079510,tt8079510.jpg,Missing image file: data/IMDB/noise/image/I=scale_down_S=3/tt8079510.jpg,
imdb,all_I=scale_down_S=3,tt6317762,tt6317762.jpg,Missing image file: data/IMDB/noise/image/I=scale_down_S=3/tt6317762.jpg,
imdb,all_I=scale_down_S=3,tt9632590,tt9632590.jpg,Missing image file: data/IMDB/noise/image/I=scale_down_S=3/tt9632590.jpg,
imdb,all_I=scale_down_S=3,tt11286314,tt11286314.jpg,Missing image file: data/IMDB/noise/image/I=scale_down_S=3/tt11286314.jpg,
imdb,all_I=scale_down_S=3,tt0397442,tt0397442.jpg,Missing image file: data/IMDB/noise/image/I=scale_down_S=3/tt0397442.jpg,
imdb,all_I=scale_down_S=3,tt21205440,tt21205440.jpg,Missing image file: data/IMDB/noise/image/I=scale_down_S=3/tt21205440.jpg,
imdb,all_I=scale_down_S=3,tt8718158,tt8718158.jpg,Missing image file: data/IMDB/noise/image/I=scale_down_S=3/tt8718158.jpg,
imdb,all_I=scale_down_S=3,tt8707922,tt8707922.jpg,Missing image file: data/IMDB/noise/image/I=scale_down_S=3/tt8707922.jpg,
imdb,all_I=scale_down_S=3,tt0806088,tt0806088.jpg,Missing image file: data/IMDB/noise/image/I=scale_down_S=3/tt0806088.jpg,
imdb,all_I=scale_down_S=3,tt7161712,tt7161712.jpg,Missing image file: data/IMDB/noise/image/I=scale_down_S=3/tt7161712.jpg,
imdb,all_I=scale_down_S=3,tt3799232,tt3799232.jpg,Missing image file: data/IMDB/noise/image/I=scale_down_S=3/tt3799232.jpg,
imdb,all_I=scale_down_S=3,tt4925292,tt4925292.jpg,Missing image file: data/IMDB/noise/image/I=scale_down_S=3/tt4925292.jpg,
imdb,all_I=scale_down_S=3,tt8075260,tt8075260.jpg,Missing image file: data/IMDB/noise/image/I=scale_down_S=3/tt8075260.jpg,
imdb,all_I=scale_down_S=3,tt6108178,tt6108178.jpg,Missing image file: data/IMDB/noise/image/I=scale_down_S=3/tt6108178.jpg,
imdb,all_I=scale_down_S=3,tt15326988,tt15326988.jpg,Missing image file: data/IMDB/noise/image/I=scale_down_S=3/tt15326988.jpg,
imdb,all_I=scale_down_S=3,tt8783130,tt8783130.jpg,Missing image file: data/IMDB/noise/image/I=scale_down_S=3/tt8783130.jpg,
imdb,all_I=scale_down_S=3,tt6857166,tt6857166.jpg,Missing image file: data/IMDB/noise/image/I=scale_down_S=3/tt6857166.jpg,
imdb,all_I=scale_down_S=3,tt12789558,tt12789558.jpg,Missing image file: data/IMDB/noise/image/I=scale_down_S=3/tt12789558.jpg,
imdb,all_I=scale_down_S=3,tt6173826,tt6173826.jpg,Missing image file: data/IMDB/noise/image/I=scale_down_S=3/tt6173826.jpg,
imdb,all_I=scale_down_S=3,tt1586680,tt1586680.jpg,Missing image file: data/IMDB/noise/image/I=scale_down_S=3/tt1586680.jpg,
imdb,all_I=scale_down_S=3,tt21223048,tt21223048.jpg,Missing image file: data/IMDB/noise/image/I=scale_down_S=3/tt21223048.jpg,
imdb,all_I=scale_down_S=3,tt14914988,tt14914988.jpg,Missing image file: data/IMDB/noise/image/I=scale_down_S=3/tt14914988.jpg,
imdb,all_I=scale_down_S=3,tt1298644,tt1298644.jpg,Missing image file: data/IMDB/noise/image/I=scale_down_S=3/tt1298644.jpg,
imdb,all_I=scale_down_S=3,tt15576460,tt15576460.jpg,Missing image file: data/IMDB/noise/image/I=scale_down_S=3/tt15576460.jpg,
imdb,all_I=scale_down_S=3,tt6957966,tt6957966.jpg,Missing image file: data/IMDB/noise/image/I=scale_down_S=3/tt6957966.jpg,
imdb,all_I=scale_down_S=3,tt0472954,tt0472954.jpg,Missing image file: data/IMDB/noise/image/I=scale_down_S=3/tt0472954.jpg,
imdb,all_I=scale_down_S=3,tt2861424,tt2861424.jpg,Missing image file: data/IMDB/noise/image/I=scale_down_S=3/tt2861424.jpg,
imdb,all_I=scale_down_S=3,tt1092005,tt1092005.jpg,Missing image file: data/IMDB/noise/image/I=scale_down_S=3/tt1092005.jpg,
imdb,all_I=scale_down_S=3,tt0098063,tt0098063.jpg,Missing image file: data/IMDB/noise/image/I=scale_down_S=3/tt0098063.jpg,
imdb,all_I=scale_down_S=3,tt6257174,tt6257174.jpg,Missing image file: data/IMDB/noise/image/I=scale_down_S=3/tt6257174.jpg,
imdb,all_I=scale_down_S=3,tt0254686,tt0254686.jpg,Missing image file: data/IMDB/noise/image/I=scale_down_S=3/tt0254686.jpg,
imdb,all_I=scale_down_S=3,tt7139936,tt7139936.jpg,Missing image file: data/IMDB/noise/image/I=scale_down_S=3/tt7139936.jpg,
imdb,all_I=scale_down_S=3,tt5974030,tt5974030.jpg,Missing image file: data/IMDB/noise/image/I=scale_down_S=3/tt5974030.jpg,
imdb,all_I=scale_down_S=3,tt11934846,tt11934846.jpg,Missing image file: data/IMDB/noise/image/I=scale_down_S=3/tt11934846.jpg,
imdb,all_I=scale_down_S=3,tt8400584,tt8400584.jpg,Missing image file: data/IMDB/noise/image/I=scale_down_S=3/tt8400584.jpg,
imdb,all_I=scale_down_S=3,tt1478839,tt1478839.jpg,Missing image file: data/IMDB/noise/image/I=scale_down_S=3/tt1478839.jpg,
imdb,all_I=scale_down_S=3,tt5073620,tt5073620.jpg,Missing image file: data/IMDB/noise/image/I=scale_down_S=3/tt5073620.jpg,
imdb,all_I=scale_down_S=3,tt9058654,tt9058654.jpg,Missing image file: data/IMDB/noise/image/I=scale_down_S=3/tt9058654.jpg,
imdb,all_I=scale_down_S=3,tt16952820,tt16952820.jpg,Missing image file: data/IMDB/noise/image/I=scale_down_S=3/tt16952820.jpg,
imdb,all_I=scale_down_S=3,tt0851851,tt0851851.jpg,Missing image file: data/IMDB/noise/image/I=scale_down_S=3/tt0851851.jpg,
imdb,all_I=scale_down_S=3,tt1806913,tt1806913.jpg,Missing image file: data/IMDB/noise/image/I=scale_down_S=3/tt1806913.jpg,
imdb,all_I=scale_down_S=3,tt6166392,tt6166392.jpg,Missing image file: data/IMDB/noise/image/I=scale_down_S=3/tt6166392.jpg,
imdb,all_I=scale_down_S=3,tt9686708,tt9686708.jpg,Missing image file: data/IMDB/noise/image/I=scale_down_S=3/tt9686708.jpg,
imdb,all_I=scale_down_S=3,tt2402927,tt2402927.jpg,Missing image file: data/IMDB/noise/image/I=scale_down_S=3/tt2402927.jpg,
imdb,all_I=scale_down_S=3,tt4103724,tt4103724.jpg,Missing image file: data/IMDB/noise/image/I=scale_down_S=3/tt4103724.jpg,
imdb,all_I=scale_down_S=3,tt2937366,tt2937366.jpg,Missing image file: data/IMDB/noise/image/I=scale_down_S=3/tt2937366.jpg,
imdb,all_I=scale_down_S=3,tt9893250,tt9893250.jpg,Missing image file: data/IMDB/noise/image/I=scale_down_S=3/tt9893250.jpg,
imdb,all_I=scale_down_S=3,tt0256103,tt0256103.jpg,Missing image file: data/IMDB/noise/image/I=scale_down_S=3/tt0256103.jpg,
imdb,all_I=scale_down_S=3,tt7453138,tt7453138.jpg,Missing image file: data/IMDB/noise/image/I=scale_down_S=3/tt7453138.jpg,
imdb,all_I=scale_down_S=3,tt13320622,tt13320622.jpg,Missing image file: data/IMDB/noise/image/I=scale_down_S=3/tt13320622.jpg,
imdb,all_I=scale_down_S=3,tt0495034,tt0495034.jpg,Missing image file: data/IMDB/noise/image/I=scale_down_S=3/tt0495034.jpg,
imdb,all_I=scale_down_S=3,tt10287908,tt10287908.jpg,Missing image file: data/IMDB/noise/image/I=scale_down_S=3/tt10287908.jpg,
imdb,all_I=scale_down_S=3,tt5692390,tt5692390.jpg,Missing image file: data/IMDB/noise/image/I=scale_down_S=3/tt5692390.jpg,
imdb,all_I=scale_down_S=3,tt18372308,tt18372308.jpg,Missing image file: data/IMDB/noise/image/I=scale_down_S=3/tt18372308.jpg,
imdb,all_I=scale_down_S=3,tt22442176,tt22442176.jpg,Missing image file: data/IMDB/noise/image/I=scale_down_S=3/tt22442176.jpg,
imdb,all_I=scale_down_S=3,tt8976664,tt8976664.jpg,Missing image file: data/IMDB/noise/image/I=scale_down_S=3/tt8976664.jpg,
imdb,all_I=scale_down_S=3,tt8623904,tt8623904.jpg,Missing image file: data/IMDB/noise/image/I=scale_down_S=3/tt8623904.jpg,
imdb,all_I=scale_down_S=3,tt6511932,tt6511932.jpg,Missing image file: data/IMDB/noise/image/I=scale_down_S=3/tt6511932.jpg,
imdb,all_I=scale_down_S=3,tt11464446,tt11464446.jpg,Missing image file: data/IMDB/noise/image/I=scale_down_S=3/tt11464446.jpg,
imdb,all_I=scale_down_S=3,tt0117737,tt0117737.jpg,Missing image file: data/IMDB/noise/image/I=scale_down_S=3/tt0117737.jpg,
imdb,all_I=scale_down_S=3,tt1570970,tt1570970.jpg,Missing image file: data/IMDB/noise/image/I=scale_down_S=3/tt1570970.jpg,
imdb,all_I=scale_down_S=3,tt8580274,tt8580274.jpg,Missing image file: data/IMDB/noise/image/I=scale_down_S=3/tt8580274.jpg,
imdb,all_I=scale_down_S=3,tt7738450,tt7738450.jpg,Missing image file: data/IMDB/noise/image/I=scale_down_S=3/tt7738450.jpg,
imdb,all_I=scale_down_S=3,tt3104988,tt3104988.jpg,Missing image file: data/IMDB/noise/image/I=scale_down_S=3/tt3104988.jpg,
imdb,all_I=scale_down_S=3,tt4799050,tt4799050.jpg,Missing image file: data/IMDB/noise/image/I=scale_down_S=3/tt4799050.jpg,
imdb,all_I=scale_down_S=3,tt8323120,tt8323120.jpg,Missing image file: data/IMDB/noise/image/I=scale_down_S=3/tt8323120.jpg,
imdb,all_I=scale_down_S=3,tt9389998,tt9389998.jpg,Missing image file: data/IMDB/noise/image/I=scale_down_S=3/tt9389998.jpg,
imdb,all_I=scale_down_S=3,tt20414932,tt20414932.jpg,Missing image file: data/IMDB/noise/image/I=scale_down_S=3/tt20414932.jpg,
imdb,all_I=scale_down_S=3,tt13318052,tt13318052.jpg,Missing image file: data/IMDB/noise/image/I=scale_down_S=3/tt13318052.jpg,
imdb,all_I=scale_down_S=3,tt21361340,tt21361340.jpg,Missing image file: data/IMDB/noise/image/I=scale_down_S=3/tt21361340.jpg,
imdb,all_I=scale_down_S=3,tt14993250,tt14993250.jpg,Missing image file: data/IMDB/noise/image/I=scale_down_S=3/tt14993250.jpg,
imdb,all_I=scale_down_S=3,tt6359956,tt6359956.jpg,Missing image file: data/IMDB/noise/image/I=scale_down_S=3/tt6359956.jpg,
imdb,all_I=scale_down_S=3,tt1798709,tt1798709.jpg,Missing image file: data/IMDB/noise/image/I=scale_down_S=3/tt1798709.jpg,
imdb,all_I=scale_down_S=3,tt13438628,tt13438628.jpg,Missing image file: data/IMDB/noise/image/I=scale_down_S=3/tt13438628.jpg,
imdb,all_I=scale_down_S=3,tt20251822,tt20251822.jpg,Missing image file: data/IMDB/noise/image/I=scale_down_S=3/tt20251822.jpg,
imdb,all_I=scale_down_S=3,tt8946378,tt8946378.jpg,Missing image file: data/IMDB/noise/image/I=scale_down_S=3/tt8946378.jpg,
imdb,all_I=scale_down_S=3,tt7645122,tt7645122.jpg,Missing image file: data/IMDB/noise/image/I=scale_down_S=3/tt7645122.jpg,
imdb,all_I=scale_down_S=3,tt20258072,tt20258072.jpg,Missing image file: data/IMDB/noise/image/I=scale_down_S=3/tt20258072.jpg,
imdb,all_I=scale_down_S=3,tt0110200,tt0110200.jpg,Missing image file: data/IMDB/noise/image/I=scale_down_S=3/tt0110200.jpg,
imdb,all_I=scale_down_S=3,tt5865326,tt5865326.jpg,Missing image file: data/IMDB/noise/image/I=scale_down_S=3/tt5865326.jpg,
imdb,all_I=scale_down_S=3,tt1976540,tt1976540.jpg,Missing image file: data/IMDB/noise/image/I=scale_down_S=3/tt1976540.jpg,
imdb,all_I=scale_down_S=3,tt6911608,tt6911608.jpg,Missing image file: data/IMDB/noise/image/I=scale_down_S=3/tt6911608.jpg,
imdb,all_I=scale_down_S=3,tt5721088,tt5721088.jpg,Missing image file: data/IMDB/noise/image/I=scale_down_S=3/tt5721088.jpg,
imdb,all_I=scale_down_S=3,tt7913934,tt7913934.jpg,Missing image file: data/IMDB/noise/image/I=scale_down_S=3/tt7913934.jpg,
imdb,all_I=scale_down_S=3,tt8750570,tt8750570.jpg,Missing image file: data/IMDB/noise/image/I=scale_down_S=3/tt8750570.jpg,
imdb,all_I=scale_down_S=3,tt4481514,tt4481514.jpg,Missing image file: data/IMDB/noise/image/I=scale_down_S=3/tt4481514.jpg,
imdb,all_I=scale_down_S=3,tt14315408,tt14315408.jpg,Missing image file: data/IMDB/noise/image/I=scale_down_S=3/tt14315408.jpg,
imdb,all_I=scale_down_S=3,tt1859522,tt1859522.jpg,Missing image file: data/IMDB/noise/image/I=scale_down_S=3/tt1859522.jpg,
imdb,all_I=scale_down_S=3,tt7988464,tt7988464.jpg,Missing image file: data/IMDB/noise/image/I=scale_down_S=3/tt7988464.jpg,
imdb,all_I=scale_down_S=3,tt11649338,tt11649338.jpg,Missing image file: data/IMDB/noise/image/I=scale_down_S=3/tt11649338.jpg,
imdb,all_I=scale_down_S=3,tt3401882,tt3401882.jpg,Missing image file: data/IMDB/noise/image/I=scale_down_S=3/tt3401882.jpg,
imdb,all_I=scale_down_S=3,tt6432466,tt6432466.jpg,Missing image file: data/IMDB/noise/image/I=scale_down_S=3/tt6432466.jpg,
imdb,all_I=scale_down_S=3,tt7634968,tt7634968.jpg,Missing image file: data/IMDB/noise/image/I=scale_down_S=3/tt7634968.jpg,
imdb,all_I=scale_down_S=3,tt5971474,tt5971474.jpg,Missing image file: data/IMDB/noise/image/I=scale_down_S=3/tt5971474.jpg,
imdb,all_I=zoom_blur_S=3,tt12783454,tt12783454.jpg,Missing image file: data/IMDB/noise/image/I=zoom_blur_S=3/tt12783454.jpg,
imdb,all_I=zoom_blur_S=3,tt8522006,tt8522006.jpg,Missing image file: data/IMDB/noise/image/I=zoom_blur_S=3/tt8522006.jpg,
imdb,all_I=zoom_blur_S=3,tt14960572,tt14960572.jpg,Missing image file: data/IMDB/noise/image/I=zoom_blur_S=3/tt14960572.jpg,
imdb,all_I=zoom_blur_S=3,tt2763304,tt2763304.jpg,Missing image file: data/IMDB/noise/image/I=zoom_blur_S=3/tt2763304.jpg,
imdb,all_I=zoom_blur_S=3,tt10919380,tt10919380.jpg,Missing image file: data/IMDB/noise/image/I=zoom_blur_S=3/tt10919380.jpg,
imdb,all_I=zoom_blur_S=3,tt0092720,tt0092720.jpg,Missing image file: data/IMDB/noise/image/I=zoom_blur_S=3/tt0092720.jpg,
imdb,all_I=zoom_blur_S=3,tt0120338,tt0120338.jpg,Missing image file: data/IMDB/noise/image/I=zoom_blur_S=3/tt0120338.jpg,
imdb,all_I=zoom_blur_S=3,tt17351924,tt17351924.jpg,Missing image file: data/IMDB/noise/image/I=zoom_blur_S=3/tt17351924.jpg,
imdb,all_I=zoom_blur_S=3,tt5649108,tt5649108.jpg,Missing image file: data/IMDB/noise/image/I=zoom_blur_S=3/tt5649108.jpg,
imdb,all_I=zoom_blur_S=3,tt14715170,tt14715170.jpg,Missing image file: data/IMDB/noise/image/I=zoom_blur_S=3/tt14715170.jpg,
imdb,all_I=zoom_blur_S=3,tt10655524,tt10655524.jpg,Missing image file: data/IMDB/noise/image/I=zoom_blur_S=3/tt10655524.jpg,
imdb,all_I=zoom_blur_S=3,tt14452776,tt14452776.jpg,Missing image file: data/IMDB/noise/image/I=zoom_blur_S=3/tt14452776.jpg,
imdb,all_I=zoom_blur_S=3,tt0332280,tt0332280.jpg,Missing image file: data/IMDB/noise/image/I=zoom_blur_S=3/tt0332280.jpg,
imdb,all_I=zoom_blur_S=3,tt27727074,tt27727074.jpg,Missing image file: data/IMDB/noise/image/I=zoom_blur_S=3/tt27727074.jpg,
imdb,all_I=zoom_blur_S=3,tt9115530,tt9115530.jpg,Missing image file: data/IMDB/noise/image/I=zoom_blur_S=3/tt9115530.jpg,
imdb,all_I=zoom_blur_S=3,tt22743064,tt22743064.jpg,Missing image file: data/IMDB/noise/image/I=zoom_blur_S=3/tt22743064.jpg,
imdb,all_I=zoom_blur_S=3,tt14824792,tt14824792.jpg,Missing image file: data/IMDB/noise/image/I=zoom_blur_S=3/tt14824792.jpg,
imdb,all_I=zoom_blur_S=3,tt12477480,tt12477480.jpg,Missing image file: data/IMDB/noise/image/I=zoom_blur_S=3/tt12477480.jpg,
imdb,all_I=zoom_blur_S=3,tt2080323,tt2080323.jpg,Missing image file: data/IMDB/noise/image/I=zoom_blur_S=3/tt2080323.jpg,
imdb,all_I=zoom_blur_S=3,tt18748482,tt18748482.jpg,Missing image file: data/IMDB/noise/image/I=zoom_blur_S=3/tt18748482.jpg,
imdb,all_I=zoom_blur_S=3,tt0805184,tt0805184.jpg,Missing image file: data/IMDB/noise/image/I=zoom_blur_S=3/tt0805184.jpg,
imdb,all_I=zoom_blur_S=3,tt6412452,tt6412452.jpg,Missing image file: data/IMDB/noise/image/I=zoom_blur_S=3/tt6412452.jpg,
imdb,all_I=zoom_blur_S=3,tt8145202,tt8145202.jpg,Missing image file: data/IMDB/noise/image/I=zoom_blur_S=3/tt8145202.jpg,
imdb,all_I=zoom_blur_S=3,tt4586828,tt4586828.jpg,Missing image file: data/IMDB/noise/image/I=zoom_blur_S=3/tt4586828.jpg,
imdb,all_I=zoom_blur_S=3,tt23144234,tt23144234.jpg,Missing image file: data/IMDB/noise/image/I=zoom_blur_S=3/tt23144234.jpg,
imdb,all_I=zoom_blur_S=3,tt9354842,tt9354842.jpg,Missing image file: data/IMDB/noise/image/I=zoom_blur_S=3/tt9354842.jpg,
imdb,all_I=zoom_blur_S=3,tt16794528,tt16794528.jpg,Missing image file: data/IMDB/noise/image/I=zoom_blur_S=3/tt16794528.jpg,
imdb,all_I=zoom_blur_S=3,tt7349662,tt7349662.jpg,Missing image file: data/IMDB/noise/image/I=zoom_blur_S=3/tt7349662.jpg,
imdb,all_I=zoom_blur_S=3,tt8816194,tt8816194.jpg,Missing image file: data/IMDB/noise/image/I=zoom_blur_S=3/tt8816194.jpg,
imdb,all_I=zoom_blur_S=3,tt15184804,tt15184804.jpg,Missing image file: data/IMDB/noise/image/I=zoom_blur_S=3/tt15184804.jpg,
imdb,all_I=zoom_blur_S=3,tt11795652,tt11795652.jpg,Missing image file: data/IMDB/noise/image/I=zoom_blur_S=3/tt11795652.jpg,
imdb,all_I=zoom_blur_S=3,tt13022984,tt13022984.jpg,Missing image file: data/IMDB/noise/image/I=zoom_blur_S=3/tt13022984.jpg,
imdb,all_I=zoom_blur_S=3,tt10682266,tt10682266.jpg,Missing image file: data/IMDB/noise/image/I=zoom_blur_S=3/tt10682266.jpg,
imdb,all_I=zoom_blur_S=3,tt4565520,tt4565520.jpg,Missing image file: data/IMDB/noise/image/I=zoom_blur_S=3/tt4565520.jpg,
imdb,all_I=zoom_blur_S=3,tt2531344,tt2531344.jpg,Missing image file: data/IMDB/noise/image/I=zoom_blur_S=3/tt2531344.jpg,
imdb,all_I=zoom_blur_S=3,tt22041854,tt22041854.jpg,Missing image file: data/IMDB/noise/image/I=zoom_blur_S=3/tt22041854.jpg,
imdb,all_I=zoom_blur_S=3,tt5978724,tt5978724.jpg,Missing image file: data/IMDB/noise/image/I=zoom_blur_S=3/tt5978724.jpg,
imdb,all_I=zoom_blur_S=3,tt0098904,tt0098904.jpg,Missing image file: data/IMDB/noise/image/I=zoom_blur_S=3/tt0098904.jpg,
imdb,all_I=zoom_blur_S=3,tt2263648,tt2263648.jpg,Missing image file: data/IMDB/noise/image/I=zoom_blur_S=3/tt2263648.jpg,
imdb,all_I=zoom_blur_S=3,tt0070849,tt0070849.jpg,Missing image file: data/IMDB/noise/image/I=zoom_blur_S=3/tt0070849.jpg,
imdb,all_I=zoom_blur_S=3,tt7242142,tt7242142.jpg,Missing image file: data/IMDB/noise/image/I=zoom_blur_S=3/tt7242142.jpg,
imdb,all_I=zoom_blur_S=3,tt7703924,tt7703924.jpg,Missing image file: data/IMDB/noise/image/I=zoom_blur_S=3/tt7703924.jpg,
imdb,all_I=zoom_blur_S=3,tt4758646,tt4758646.jpg,Missing image file: data/IMDB/noise/image/I=zoom_blur_S=3/tt4758646.jpg,
imdb,all_I=zoom_blur_S=3,tt2631186,tt2631186.jpg,Missing image file: data/IMDB/noise/image/I=zoom_blur_S=3/tt2631186.jpg,
imdb,all_I=zoom_blur_S=3,tt4995790,tt4995790.jpg,Missing image file: data/IMDB/noise/image/I=zoom_blur_S=3/tt4995790.jpg,
imdb,all_I=zoom_blur_S=3,tt12045028,tt12045028.jpg,Missing image file: data/IMDB/noise/image/I=zoom_blur_S=3/tt12045028.jpg,
imdb,all_I=zoom_blur_S=3,tt14298328,tt14298328.jpg,Missing image file: data/IMDB/noise/image/I=zoom_blur_S=3/tt14298328.jpg,
imdb,all_I=zoom_blur_S=3,tt1442437,tt1442437.jpg,Missing image file: data/IMDB/noise/image/I=zoom_blur_S=3/tt1442437.jpg,
imdb,all_I=zoom_blur_S=3,tt6217804,tt6217804.jpg,Missing image file: data/IMDB/noise/image/I=zoom_blur_S=3/tt6217804.jpg,
imdb,all_I=zoom_blur_S=3,tt8637428,tt8637428.jpg,Missing image file: data/IMDB/noise/image/I=zoom_blur_S=3/tt8637428.jpg,
imdb,all_I=zoom_blur_S=3,tt0119558,tt0119558.jpg,Missing image file: data/IMDB/noise/image/I=zoom_blur_S=3/tt0119558.jpg,
imdb,all_I=zoom_blur_S=3,tt4477536,tt4477536.jpg,Missing image file: data/IMDB/noise/image/I=zoom_blur_S=3/tt4477536.jpg,
imdb,all_I=zoom_blur_S=3,tt13491620,tt13491620.jpg,Missing image file: data/IMDB/noise/image/I=zoom_blur_S=3/tt13491620.jpg,
imdb,all_I=zoom_blur_S=3,tt13288678,tt13288678.jpg,Missing image file: data/IMDB/noise/image/I=zoom_blur_S=3/tt13288678.jpg,
imdb,all_I=zoom_blur_S=3,tt6644286,tt6644286.jpg,Missing image file: data/IMDB/noise/image/I=zoom_blur_S=3/tt6644286.jpg,
imdb,all_I=zoom_blur_S=3,tt0438488,tt0438488.jpg,Missing image file: data/IMDB/noise/image/I=zoom_blur_S=3/tt0438488.jpg,
imdb,all_I=zoom_blur_S=3,tt12879624,tt12879624.jpg,Missing image file: data/IMDB/noise/image/I=zoom_blur_S=3/tt12879624.jpg,
imdb,all_I=zoom_blur_S=3,tt8801584,tt8801584.jpg,Missing image file: data/IMDB/noise/image/I=zoom_blur_S=3/tt8801584.jpg,
imdb,all_I=zoom_blur_S=3,tt12861850,tt12861850.jpg,Missing image file: data/IMDB/noise/image/I=zoom_blur_S=3/tt12861850.jpg,
imdb,all_I=zoom_blur_S=3,tt6472976,tt6472976.jpg,Missing image file: data/IMDB/noise/image/I=zoom_blur_S=3/tt6472976.jpg,
imdb,all_I=zoom_blur_S=3,tt2322441,tt2322441.jpg,Missing image file: data/IMDB/noise/image/I=zoom_blur_S=3/tt2322441.jpg,
imdb,all_I=zoom_blur_S=3,tt29079885,tt29079885.jpg,Missing image file: data/IMDB/noise/image/I=zoom_blur_S=3/tt29079885.jpg,
imdb,all_I=zoom_blur_S=3,tt10262380,tt10262380.jpg,Missing image file: data/IMDB/noise/image/I=zoom_blur_S=3/tt10262380.jpg,
imdb,all_I=zoom_blur_S=3,tt7374948,tt7374948.jpg,Missing image file: data/IMDB/noise/image/I=zoom_blur_S=3/tt7374948.jpg,
imdb,all_I=zoom_blur_S=3,tt15145764,tt15145764.jpg,Missing image file: data/IMDB/noise/image/I=zoom_blur_S=3/tt15145764.jpg,
imdb,all_I=zoom_blur_S=3,tt13535454,tt13535454.jpg,Missing image file: data/IMDB/noise/image/I=zoom_blur_S=3/tt13535454.jpg,
imdb,all_I=zoom_blur_S=3,tt1562859,tt1562859.jpg,Missing image file: data/IMDB/noise/image/I=zoom_blur_S=3/tt1562859.jpg,
imdb,all_I=zoom_blur_S=3,tt1728239,tt1728239.jpg,Missing image file: data/IMDB/noise/image/I=zoom_blur_S=3/tt1728239.jpg,
imdb,all_I=zoom_blur_S=3,tt28228231,tt28228231.jpg,Missing image file: data/IMDB/noise/image/I=zoom_blur_S=3/tt28228231.jpg,
imdb,all_I=zoom_blur_S=3,tt13406094,tt13406094.jpg,Missing image file: data/IMDB/noise/image/I=zoom_blur_S=3/tt13406094.jpg,
imdb,all_I=zoom_blur_S=3,tt4858674,tt4858674.jpg,Missing image file: data/IMDB/noise/image/I=zoom_blur_S=3/tt4858674.jpg,
imdb,all_I=zoom_blur_S=3,tt1879030,tt1879030.jpg,Missing image file: data/IMDB/noise/image/I=zoom_blur_S=3/tt1879030.jpg,
imdb,all_I=zoom_blur_S=3,tt22488728,tt22488728.jpg,Missing image file: data/IMDB/noise/image/I=zoom_blur_S=3/tt22488728.jpg,
imdb,all_I=zoom_blur_S=3,tt9198364,tt9198364.jpg,Missing image file: data/IMDB/noise/image/I=zoom_blur_S=3/tt9198364.jpg,
imdb,all_I=zoom_blur_S=3,tt14849194,tt14849194.jpg,Missing image file: data/IMDB/noise/image/I=zoom_blur_S=3/tt14849194.jpg,
imdb,all_I=zoom_blur_S=3,tt7838252,tt7838252.jpg,Missing image file: data/IMDB/noise/image/I=zoom_blur_S=3/tt7838252.jpg,
imdb,all_I=zoom_blur_S=3,tt9601220,tt9601220.jpg,Missing image file: data/IMDB/noise/image/I=zoom_blur_S=3/tt9601220.jpg,
imdb,all_I=zoom_blur_S=3,tt7598076,tt7598076.jpg,Missing image file: data/IMDB/noise/image/I=zoom_blur_S=3/tt7598076.jpg,
imdb,all_I=zoom_blur_S=3,tt5027774,tt5027774.jpg,Missing image file: data/IMDB/noise/image/I=zoom_blur_S=3/tt5027774.jpg,
imdb,all_I=zoom_blur_S=3,tt0068935,tt0068935.jpg,Missing image file: data/IMDB/noise/image/I=zoom_blur_S=3/tt0068935.jpg,
imdb,all_I=zoom_blur_S=3,tt23561236,tt23561236.jpg,Missing image file: data/IMDB/noise/image/I=zoom_blur_S=3/tt23561236.jpg,
imdb,all_I=zoom_blur_S=3,tt0488798,tt0488798.jpg,Missing image file: data/IMDB/noise/image/I=zoom_blur_S=3/tt0488798.jpg,
imdb,all_I=zoom_blur_S=3,tt1987680,tt1987680.jpg,Missing image file: data/IMDB/noise/image/I=zoom_blur_S=3/tt1987680.jpg,
imdb,all_I=zoom_blur_S=3,tt8155182,tt8155182.jpg,Missing image file: data/IMDB/noise/image/I=zoom_blur_S=3/tt8155182.jpg,
imdb,all_I=zoom_blur_S=3,tt16116726,tt16116726.jpg,Missing image file: data/IMDB/noise/image/I=zoom_blur_S=3/tt16116726.jpg,
imdb,all_I=zoom_blur_S=3,tt11762114,tt11762114.jpg,Missing image file: data/IMDB/noise/image/I=zoom_blur_S=3/tt11762114.jpg,
imdb,all_I=zoom_blur_S=3,tt14873696,tt14873696.jpg,Missing image file: data/IMDB/noise/image/I=zoom_blur_S=3/tt14873696.jpg,
imdb,all_I=zoom_blur_S=3,tt7014006,tt7014006.jpg,Missing image file: data/IMDB/noise/image/I=zoom_blur_S=3/tt7014006.jpg,
imdb,all_I=zoom_blur_S=3,tt9411972,tt9411972.jpg,Missing image file: data/IMDB/noise/image/I=zoom_blur_S=3/tt9411972.jpg,
imdb,all_I=zoom_blur_S=3,tt13978306,tt13978306.jpg,Missing image file: data/IMDB/noise/image/I=zoom_blur_S=3/tt13978306.jpg,
imdb,all_I=zoom_blur_S=3,tt10023024,tt10023024.jpg,Missing image file: data/IMDB/noise/image/I=zoom_blur_S=3/tt10023024.jpg,
imdb,all_I=zoom_blur_S=3,tt0309987,tt0309987.jpg,Missing image file: data/IMDB/noise/image/I=zoom_blur_S=3/tt0309987.jpg,
imdb,all_I=zoom_blur_S=3,tt3281548,tt3281548.jpg,Missing image file: data/IMDB/noise/image/I=zoom_blur_S=3/tt3281548.jpg,
imdb,all_I=zoom_blur_S=3,tt10687116,tt10687116.jpg,Missing image file: data/IMDB/noise/image/I=zoom_blur_S=3/tt10687116.jpg,
imdb,all_I=zoom_blur_S=3,tt0096697,tt0096697.jpg,Missing image file: data/IMDB/noise/image/I=zoom_blur_S=3/tt0096697.jpg,
imdb,all_I=zoom_blur_S=3,tt5613484,tt5613484.jpg,Missing image file: data/IMDB/noise/image/I=zoom_blur_S=3/tt5613484.jpg,
imdb,all_I=zoom_blur_S=3,tt0059742,tt0059742.jpg,Missing image file: data/IMDB/noise/image/I=zoom_blur_S=3/tt0059742.jpg,
imdb,all_I=zoom_blur_S=3,tt15905460,tt15905460.jpg,Missing image file: data/IMDB/noise/image/I=zoom_blur_S=3/tt15905460.jpg,
imdb,all_I=zoom_blur_S=3,tt0182576,tt0182576.jpg,Missing image file: data/IMDB/noise/image/I=zoom_blur_S=3/tt0182576.jpg,
imdb,all_I=zoom_blur_S=3,tt2568862,tt2568862.jpg,Missing image file: data/IMDB/noise/image/I=zoom_blur_S=3/tt2568862.jpg,
imdb,all_I=zoom_blur_S=3,tt15404468,tt15404468.jpg,Missing image file: data/IMDB/noise/image/I=zoom_blur_S=3/tt15404468.jpg,
imdb,all_I=zoom_blur_S=3,tt12077970,tt12077970.jpg,Missing image file: data/IMDB/noise/image/I=zoom_blur_S=3/tt12077970.jpg,
imdb,all_I=zoom_blur_S=3,tt10676012,tt10676012.jpg,Missing image file: data/IMDB/noise/image/I=zoom_blur_S=3/tt10676012.jpg,
imdb,all_I=zoom_blur_S=3,tt1489887,tt1489887.jpg,Missing image file: data/IMDB/noise/image/I=zoom_blur_S=3/tt1489887.jpg,
imdb,all_I=zoom_blur_S=3,tt7401588,tt7401588.jpg,Missing image file: data/IMDB/noise/image/I=zoom_blur_S=3/tt7401588.jpg,
imdb,all_I=zoom_blur_S=3,tt6841122,tt6841122.jpg,Missing image file: data/IMDB/noise/image/I=zoom_blur_S=3/tt6841122.jpg,
imdb,all_I=zoom_blur_S=3,tt5774062,tt5774062.jpg,Missing image file: data/IMDB/noise/image/I=zoom_blur_S=3/tt5774062.jpg,
imdb,all_I=zoom_blur_S=3,tt11388822,tt11388822.jpg,Missing image file: data/IMDB/noise/image/I=zoom_blur_S=3/tt11388822.jpg,
imdb,all_I=zoom_blur_S=3,tt22488414,tt22488414.jpg,Missing image file: data/IMDB/noise/image/I=zoom_blur_S=3/tt22488414.jpg,
imdb,all_I=zoom_blur_S=3,tt15022184,tt15022184.jpg,Missing image file: data/IMDB/noise/image/I=zoom_blur_S=3/tt15022184.jpg,
imdb,all_I=zoom_blur_S=3,tt3846674,tt3846674.jpg,Missing image file: data/IMDB/noise/image/I=zoom_blur_S=3/tt3846674.jpg,
imdb,all_I=zoom_blur_S=3,tt3272066,tt3272066.jpg,Missing image file: data/IMDB/noise/image/I=zoom_blur_S=3/tt3272066.jpg,
imdb,all_I=zoom_blur_S=3,tt7660850,tt7660850.jpg,Missing image file: data/IMDB/noise/image/I=zoom_blur_S=3/tt7660850.jpg,
imdb,all_I=zoom_blur_S=3,tt0368530,tt0368530.jpg,Missing image file: data/IMDB/noise/image/I=zoom_blur_S=3/tt0368530.jpg,
imdb,all_I=zoom_blur_S=3,tt5503686,tt5503686.jpg,Missing image file: data/IMDB/noise/image/I=zoom_blur_S=3/tt5503686.jpg,
imdb,all_I=zoom_blur_S=3,tt6513120,tt6513120.jpg,Missing image file: data/IMDB/noise/image/I=zoom_blur_S=3/tt6513120.jpg,
imdb,all_I=zoom_blur_S=3,tt5439812,tt5439812.jpg,Missing image file: data/IMDB/noise/image/I=zoom_blur_S=3/tt5439812.jpg,
imdb,all_I=zoom_blur_S=3,tt3982212,tt3982212.jpg,Missing image file: data/IMDB/noise/image/I=zoom_blur_S=3/tt3982212.jpg,
imdb,all_I=zoom_blur_S=3,tt11698662,tt11698662.jpg,Missing image file: data/IMDB/noise/image/I=zoom_blur_S=3/tt11698662.jpg,
imdb,all_I=zoom_blur_S=3,tt1563742,tt1563742.jpg,Missing image file: data/IMDB/noise/image/I=zoom_blur_S=3/tt1563742.jpg,
imdb,all_I=zoom_blur_S=3,tt13623608,tt13623608.jpg,Missing image file: data/IMDB/noise/image/I=zoom_blur_S=3/tt13623608.jpg,
imdb,all_I=zoom_blur_S=3,tt2709692,tt2709692.jpg,Missing image file: data/IMDB/noise/image/I=zoom_blur_S=3/tt2709692.jpg,
imdb,all_I=zoom_blur_S=3,tt28229086,tt28229086.jpg,Missing image file: data/IMDB/noise/image/I=zoom_blur_S=3/tt28229086.jpg,
imdb,all_I=zoom_blur_S=3,tt5164432,tt5164432.jpg,Missing image file: data/IMDB/noise/image/I=zoom_blur_S=3/tt5164432.jpg,
imdb,all_I=zoom_blur_S=3,tt0419058,tt0419058.jpg,Missing image file: data/IMDB/noise/image/I=zoom_blur_S=3/tt0419058.jpg,
imdb,all_I=zoom_blur_S=3,tt0070034,tt0070034.jpg,Missing image file: data/IMDB/noise/image/I=zoom_blur_S=3/tt0070034.jpg,
imdb,all_I=zoom_blur_S=3,tt11426572,tt11426572.jpg,Missing image file: data/IMDB/noise/image/I=zoom_blur_S=3/tt11426572.jpg,
imdb,all_I=zoom_blur_S=3,tt11127878,tt11127878.jpg,Missing image file: data/IMDB/noise/image/I=zoom_blur_S=3/tt11127878.jpg,
imdb,all_I=zoom_blur_S=3,tt1620981,tt1620981.jpg,Missing image file: data/IMDB/noise/image/I=zoom_blur_S=3/tt1620981.jpg,
imdb,all_I=zoom_blur_S=3,tt3581652,tt3581652.jpg,Missing image file: data/IMDB/noise/image/I=zoom_blur_S=3/tt3581652.jpg,
imdb,all_I=zoom_blur_S=3,tt0242519,tt0242519.jpg,Missing image file: data/IMDB/noise/image/I=zoom_blur_S=3/tt0242519.jpg,
imdb,all_I=zoom_blur_S=3,tt1433905,tt1433905.jpg,Missing image file: data/IMDB/noise/image/I=zoom_blur_S=3/tt1433905.jpg,
imdb,all_I=zoom_blur_S=3,tt8695030,tt8695030.jpg,Missing image file: data/IMDB/noise/image/I=zoom_blur_S=3/tt8695030.jpg,
imdb,all_I=zoom_blur_S=3,tt5308322,tt5308322.jpg,Missing image file: data/IMDB/noise/image/I=zoom_blur_S=3/tt5308322.jpg,
imdb,all_I=zoom_blur_S=3,tt14783042,tt14783042.jpg,Missing image file: data/IMDB/noise/image/I=zoom_blur_S=3/tt14783042.jpg,
imdb,all_I=zoom_blur_S=3,tt10042590,tt10042590.jpg,Missing image file: data/IMDB/noise/image/I=zoom_blur_S=3/tt10042590.jpg,
imdb,all_I=zoom_blur_S=3,tt8960382,tt8960382.jpg,Missing image file: data/IMDB/noise/image/I=zoom_blur_S=3/tt8960382.jpg,
imdb,all_I=zoom_blur_S=3,tt5697572,tt5697572.jpg,Missing image file: data/IMDB/noise/image/I=zoom_blur_S=3/tt5697572.jpg,
imdb,all_I=zoom_blur_S=3,tt5710514,tt5710514.jpg,Missing image file: data/IMDB/noise/image/I=zoom_blur_S=3/tt5710514.jpg,
imdb,all_I=zoom_blur_S=3,tt11772746,tt11772746.jpg,Missing image file: data/IMDB/noise/image/I=zoom_blur_S=3/tt11772746.jpg,
imdb,all_I=zoom_blur_S=3,tt0104014,tt0104014.jpg,Missing image file: data/IMDB/noise/image/I=zoom_blur_S=3/tt0104014.jpg,
imdb,all_I=zoom_blur_S=3,tt7131622,tt7131622.jpg,Missing image file: data/IMDB/noise/image/I=zoom_blur_S=3/tt7131622.jpg,
imdb,all_I=zoom_blur_S=3,tt8949056,tt8949056.jpg,Missing image file: data/IMDB/noise/image/I=zoom_blur_S=3/tt8949056.jpg,
imdb,all_I=zoom_blur_S=3,tt5462326,tt5462326.jpg,Missing image file: data/IMDB/noise/image/I=zoom_blur_S=3/tt5462326.jpg,
imdb,all_I=zoom_blur_S=3,tt6367558,tt6367558.jpg,Missing image file: data/IMDB/noise/image/I=zoom_blur_S=3/tt6367558.jpg,
imdb,all_I=zoom_blur_S=3,tt23472806,tt23472806.jpg,Missing image file: data/IMDB/noise/image/I=zoom_blur_S=3/tt23472806.jpg,
imdb,all_I=zoom_blur_S=3,tt13438634,tt13438634.jpg,Missing image file: data/IMDB/noise/image/I=zoom_blur_S=3/tt13438634.jpg,
imdb,all_I=zoom_blur_S=3,tt1578116,tt1578116.jpg,Missing image file: data/IMDB/noise/image/I=zoom_blur_S=3/tt1578116.jpg,
imdb,all_I=zoom_blur_S=3,tt5610554,tt5610554.jpg,Missing image file: data/IMDB/noise/image/I=zoom_blur_S=3/tt5610554.jpg,
imdb,all_I=zoom_blur_S=3,tt1340138,tt1340138.jpg,Missing image file: data/IMDB/noise/image/I=zoom_blur_S=3/tt1340138.jpg,
imdb,all_I=zoom_blur_S=3,tt0845448,tt0845448.jpg,Missing image file: data/IMDB/noise/image/I=zoom_blur_S=3/tt0845448.jpg,
imdb,all_I=zoom_blur_S=3,tt1637725,tt1637725.jpg,Missing image file: data/IMDB/noise/image/I=zoom_blur_S=3/tt1637725.jpg,
imdb,all_I=zoom_blur_S=3,tt2119543,tt2119543.jpg,Missing image file: data/IMDB/noise/image/I=zoom_blur_S=3/tt2119543.jpg,
imdb,all_I=zoom_blur_S=3,tt3794354,tt3794354.jpg,Missing image file: data/IMDB/noise/image/I=zoom_blur_S=3/tt3794354.jpg,
imdb,all_I=zoom_blur_S=3,tt9484998,tt9484998.jpg,Missing image file: data/IMDB/noise/image/I=zoom_blur_S=3/tt9484998.jpg,
imdb,all_I=zoom_blur_S=3,tt6823148,tt6823148.jpg,Missing image file: data/IMDB/noise/image/I=zoom_blur_S=3/tt6823148.jpg,
imdb,all_I=zoom_blur_S=3,tt13224758,tt13224758.jpg,Missing image file: data/IMDB/noise/image/I=zoom_blur_S=3/tt13224758.jpg,
imdb,all_I=zoom_blur_S=3,tt2139881,tt2139881.jpg,Missing image file: data/IMDB/noise/image/I=zoom_blur_S=3/tt2139881.jpg,
imdb,all_I=zoom_blur_S=3,tt0386676,tt0386676.jpg,Missing image file: data/IMDB/noise/image/I=zoom_blur_S=3/tt0386676.jpg,
imdb,all_I=zoom_blur_S=3,tt2752200,tt2752200.jpg,Missing image file: data/IMDB/noise/image/I=zoom_blur_S=3/tt2752200.jpg,
imdb,all_I=zoom_blur_S=3,tt1575539,tt1575539.jpg,Missing image file: data/IMDB/noise/image/I=zoom_blur_S=3/tt1575539.jpg,
imdb,all_I=zoom_blur_S=3,tt16360006,tt16360006.jpg,Missing image file: data/IMDB/noise/image/I=zoom_blur_S=3/tt16360006.jpg,
imdb,all_I=zoom_blur_S=3,tt22302170,tt22302170.jpg,Missing image file: data/IMDB/noise/image/I=zoom_blur_S=3/tt22302170.jpg,
imdb,all_I=zoom_blur_S=3,tt4686844,tt4686844.jpg,Missing image file: data/IMDB/noise/image/I=zoom_blur_S=3/tt4686844.jpg,
imdb,all_I=zoom_blur_S=3,tt7653254,tt7653254.jpg,Missing image file: data/IMDB/noise/image/I=zoom_blur_S=3/tt7653254.jpg,
imdb,all_I=zoom_blur_S=3,tt13479258,tt13479258.jpg,Missing image file: data/IMDB/noise/image/I=zoom_blur_S=3/tt13479258.jpg,
imdb,all_I=zoom_blur_S=3,tt7070818,tt7070818.jpg,Missing image file: data/IMDB/noise/image/I=zoom_blur_S=3/tt7070818.jpg,
imdb,all_I=zoom_blur_S=3,tt15214902,tt15214902.jpg,Missing image file: data/IMDB/noise/image/I=zoom_blur_S=3/tt15214902.jpg,
imdb,all_I=zoom_blur_S=3,tt10364034,tt10364034.jpg,Missing image file: data/IMDB/noise/image/I=zoom_blur_S=3/tt10364034.jpg,
imdb,all_I=zoom_blur_S=3,tt11219254,tt11219254.jpg,Missing image file: data/IMDB/noise/image/I=zoom_blur_S=3/tt11219254.jpg,
imdb,all_I=zoom_blur_S=3,tt15255288,tt15255288.jpg,Missing image file: data/IMDB/noise/image/I=zoom_blur_S=3/tt15255288.jpg,
imdb,all_I=zoom_blur_S=3,tt4465564,tt4465564.jpg,Missing image file: data/IMDB/noise/image/I=zoom_blur_S=3/tt4465564.jpg,
imdb,all_I=zoom_blur_S=3,tt7979142,tt7979142.jpg,Missing image file: data/IMDB/noise/image/I=zoom_blur_S=3/tt7979142.jpg,
imdb,all_I=zoom_blur_S=3,tt7286836,tt7286836.jpg,Missing image file: data/IMDB/noise/image/I=zoom_blur_S=3/tt7286836.jpg,
imdb,all_I=zoom_blur_S=3,tt0098878,tt0098878.jpg,Missing image file: data/IMDB/noise/image/I=zoom_blur_S=3/tt0098878.jpg,
imdb,all_I=zoom_blur_S=3,tt5666304,tt5666304.jpg,Missing image file: data/IMDB/noise/image/I=zoom_blur_S=3/tt5666304.jpg,
imdb,all_I=zoom_blur_S=3,tt13751694,tt13751694.jpg,Missing image file: data/IMDB/noise/image/I=zoom_blur_S=3/tt13751694.jpg,
imdb,all_I=zoom_blur_S=3,tt12741494,tt12741494.jpg,Missing image file: data/IMDB/noise/image/I=zoom_blur_S=3/tt12741494.jpg,
imdb,all_I=zoom_blur_S=3,tt2584384,tt2584384.jpg,Missing image file: data/IMDB/noise/image/I=zoom_blur_S=3/tt2584384.jpg,
imdb,all_I=zoom_blur_S=3,tt0411705,tt0411705.jpg,Missing image file: data/IMDB/noise/image/I=zoom_blur_S=3/tt0411705.jpg,
imdb,all_I=zoom_blur_S=3,tt4765284,tt4765284.jpg,Missing image file: data/IMDB/noise/image/I=zoom_blur_S=3/tt4765284.jpg,
imdb,all_I=zoom_blur_S=3,tt5657846,tt5657846.jpg,Missing image file: data/IMDB/noise/image/I=zoom_blur_S=3/tt5657846.jpg,
imdb,all_I=zoom_blur_S=3,tt0995035,tt0995035.jpg,Missing image file: data/IMDB/noise/image/I=zoom_blur_S=3/tt0995035.jpg,
imdb,all_I=zoom_blur_S=3,tt11540284,tt11540284.jpg,Missing image file: data/IMDB/noise/image/I=zoom_blur_S=3/tt11540284.jpg,
imdb,all_I=zoom_blur_S=3,tt21192142,tt21192142.jpg,Missing image file: data/IMDB/noise/image/I=zoom_blur_S=3/tt21192142.jpg,
imdb,all_I=zoom_blur_S=3,tt13401252,tt13401252.jpg,Missing image file: data/IMDB/noise/image/I=zoom_blur_S=3/tt13401252.jpg,
imdb,all_I=zoom_blur_S=3,tt4225622,tt4225622.jpg,Missing image file: data/IMDB/noise/image/I=zoom_blur_S=3/tt4225622.jpg,
imdb,all_I=zoom_blur_S=3,tt21115444,tt21115444.jpg,Missing image file: data/IMDB/noise/image/I=zoom_blur_S=3/tt21115444.jpg,
imdb,all_I=zoom_blur_S=3,tt19769320,tt19769320.jpg,Missing image file: data/IMDB/noise/image/I=zoom_blur_S=3/tt19769320.jpg,
imdb,all_I=zoom_blur_S=3,tt0194314,tt0194314.jpg,Missing image file: data/IMDB/noise/image/I=zoom_blur_S=3/tt0194314.jpg,
imdb,all_I=zoom_blur_S=3,tt10366514,tt10366514.jpg,Missing image file: data/IMDB/noise/image/I=zoom_blur_S=3/tt10366514.jpg,
imdb,all_I=zoom_blur_S=3,tt0254455,tt0254455.jpg,Missing image file: data/IMDB/noise/image/I=zoom_blur_S=3/tt0254455.jpg,
imdb,all_I=zoom_blur_S=3,tt0338013,tt0338013.jpg,Missing image file: data/IMDB/noise/image/I=zoom_blur_S=3/tt0338013.jpg,
imdb,all_I=zoom_blur_S=3,tt6226232,tt6226232.jpg,Missing image file: data/IMDB/noise/image/I=zoom_blur_S=3/tt6226232.jpg,
imdb,all_I=zoom_blur_S=3,tt0111573,tt0111573.jpg,Missing image file: data/IMDB/noise/image/I=zoom_blur_S=3/tt0111573.jpg,
imdb,all_I=zoom_blur_S=3,tt4126476,tt4126476.jpg,Missing image file: data/IMDB/noise/image/I=zoom_blur_S=3/tt4126476.jpg,
imdb,all_I=zoom_blur_S=3,tt2278871,tt2278871.jpg,Missing image file: data/IMDB/noise/image/I=zoom_blur_S=3/tt2278871.jpg,
imdb,all_I=zoom_blur_S=3,tt8079248,tt8079248.jpg,Missing image file: data/IMDB/noise/image/I=zoom_blur_S=3/tt8079248.jpg,
imdb,all_I=zoom_blur_S=3,tt11771594,tt11771594.jpg,Missing image file: data/IMDB/noise/image/I=zoom_blur_S=3/tt11771594.jpg,
imdb,all_I=zoom_blur_S=3,tt11317142,tt11317142.jpg,Missing image file: data/IMDB/noise/image/I=zoom_blur_S=3/tt11317142.jpg,
imdb,all_I=zoom_blur_S=3,tt8976576,tt8976576.jpg,Missing image file: data/IMDB/noise/image/I=zoom_blur_S=3/tt8976576.jpg,
imdb,all_I=zoom_blur_S=3,tt1263750,tt1263750.jpg,Missing image file: data/IMDB/noise/image/I=zoom_blur_S=3/tt1263750.jpg,
imdb,all_I=zoom_blur_S=3,tt0213847,tt0213847.jpg,Missing image file: data/IMDB/noise/image/I=zoom_blur_S=3/tt0213847.jpg,
imdb,all_I=zoom_blur_S=3,tt0348529,tt0348529.jpg,Missing image file: data/IMDB/noise/image/I=zoom_blur_S=3/tt0348529.jpg,
imdb,all_I=zoom_blur_S=3,tt0372909,tt0372909.jpg,Missing image file: data/IMDB/noise/image/I=zoom_blur_S=3/tt0372909.jpg,
imdb,all_I=zoom_blur_S=3,tt10399674,tt10399674.jpg,Missing image file: data/IMDB/noise/image/I=zoom_blur_S=3/tt10399674.jpg,
imdb,all_I=zoom_blur_S=3,tt7040874,tt7040874.jpg,Missing image file: data/IMDB/noise/image/I=zoom_blur_S=3/tt7040874.jpg,
imdb,all_I=zoom_blur_S=3,tt0480919,tt0480919.jpg,Missing image file: data/IMDB/noise/image/I=zoom_blur_S=3/tt0480919.jpg,
imdb,all_I=zoom_blur_S=3,tt0418832,tt0418832.jpg,Missing image file: data/IMDB/noise/image/I=zoom_blur_S=3/tt0418832.jpg,
imdb,all_I=zoom_blur_S=3,tt0377092,tt0377092.jpg,Missing image file: data/IMDB/noise/image/I=zoom_blur_S=3/tt0377092.jpg,
imdb,all_I=zoom_blur_S=3,tt5688932,tt5688932.jpg,Missing image file: data/IMDB/noise/image/I=zoom_blur_S=3/tt5688932.jpg,
imdb,all_I=zoom_blur_S=3,tt10698680,tt10698680.jpg,Missing image file: data/IMDB/noise/image/I=zoom_blur_S=3/tt10698680.jpg,
imdb,all_I=zoom_blur_S=3,tt5619332,tt5619332.jpg,Missing image file: data/IMDB/noise/image/I=zoom_blur_S=3/tt5619332.jpg,
imdb,all_I=zoom_blur_S=3,tt8155288,tt8155288.jpg,Missing image file: data/IMDB/noise/image/I=zoom_blur_S=3/tt8155288.jpg,
imdb,all_I=zoom_blur_S=3,tt8079510,tt8079510.jpg,Missing image file: data/IMDB/noise/image/I=zoom_blur_S=3/tt8079510.jpg,
imdb,all_I=zoom_blur_S=3,tt6317762,tt6317762.jpg,Missing image file: data/IMDB/noise/image/I=zoom_blur_S=3/tt6317762.jpg,
imdb,all_I=zoom_blur_S=3,tt9632590,tt9632590.jpg,Missing image file: data/IMDB/noise/image/I=zoom_blur_S=3/tt9632590.jpg,
imdb,all_I=zoom_blur_S=3,tt11286314,tt11286314.jpg,Missing image file: data/IMDB/noise/image/I=zoom_blur_S=3/tt11286314.jpg,
imdb,all_I=zoom_blur_S=3,tt0397442,tt0397442.jpg,Missing image file: data/IMDB/noise/image/I=zoom_blur_S=3/tt0397442.jpg,
imdb,all_I=zoom_blur_S=3,tt21205440,tt21205440.jpg,Missing image file: data/IMDB/noise/image/I=zoom_blur_S=3/tt21205440.jpg,
imdb,all_I=zoom_blur_S=3,tt8718158,tt8718158.jpg,Missing image file: data/IMDB/noise/image/I=zoom_blur_S=3/tt8718158.jpg,
imdb,all_I=zoom_blur_S=3,tt8707922,tt8707922.jpg,Missing image file: data/IMDB/noise/image/I=zoom_blur_S=3/tt8707922.jpg,
imdb,all_I=zoom_blur_S=3,tt0806088,tt0806088.jpg,Missing image file: data/IMDB/noise/image/I=zoom_blur_S=3/tt0806088.jpg,
imdb,all_I=zoom_blur_S=3,tt7161712,tt7161712.jpg,Missing image file: data/IMDB/noise/image/I=zoom_blur_S=3/tt7161712.jpg,
imdb,all_I=zoom_blur_S=3,tt3799232,tt3799232.jpg,Missing image file: data/IMDB/noise/image/I=zoom_blur_S=3/tt3799232.jpg,
imdb,all_I=zoom_blur_S=3,tt4925292,tt4925292.jpg,Missing image file: data/IMDB/noise/image/I=zoom_blur_S=3/tt4925292.jpg,
imdb,all_I=zoom_blur_S=3,tt8075260,tt8075260.jpg,Missing image file: data/IMDB/noise/image/I=zoom_blur_S=3/tt8075260.jpg,
imdb,all_I=zoom_blur_S=3,tt6108178,tt6108178.jpg,Missing image file: data/IMDB/noise/image/I=zoom_blur_S=3/tt6108178.jpg,
imdb,all_I=zoom_blur_S=3,tt15326988,tt15326988.jpg,Missing image file: data/IMDB/noise/image/I=zoom_blur_S=3/tt15326988.jpg,
imdb,all_I=zoom_blur_S=3,tt8783130,tt8783130.jpg,Missing image file: data/IMDB/noise/image/I=zoom_blur_S=3/tt8783130.jpg,
imdb,all_I=zoom_blur_S=3,tt6857166,tt6857166.jpg,Missing image file: data/IMDB/noise/image/I=zoom_blur_S=3/tt6857166.jpg,
imdb,all_I=zoom_blur_S=3,tt12789558,tt12789558.jpg,Missing image file: data/IMDB/noise/image/I=zoom_blur_S=3/tt12789558.jpg,
imdb,all_I=zoom_blur_S=3,tt6173826,tt6173826.jpg,Missing image file: data/IMDB/noise/image/I=zoom_blur_S=3/tt6173826.jpg,
imdb,all_I=zoom_blur_S=3,tt1586680,tt1586680.jpg,Missing image file: data/IMDB/noise/image/I=zoom_blur_S=3/tt1586680.jpg,
imdb,all_I=zoom_blur_S=3,tt21223048,tt21223048.jpg,Missing image file: data/IMDB/noise/image/I=zoom_blur_S=3/tt21223048.jpg,
imdb,all_I=zoom_blur_S=3,tt14914988,tt14914988.jpg,Missing image file: data/IMDB/noise/image/I=zoom_blur_S=3/tt14914988.jpg,
imdb,all_I=zoom_blur_S=3,tt1298644,tt1298644.jpg,Missing image file: data/IMDB/noise/image/I=zoom_blur_S=3/tt1298644.jpg,
imdb,all_I=zoom_blur_S=3,tt15576460,tt15576460.jpg,Missing image file: data/IMDB/noise/image/I=zoom_blur_S=3/tt15576460.jpg,
imdb,all_I=zoom_blur_S=3,tt6957966,tt6957966.jpg,Missing image file: data/IMDB/noise/image/I=zoom_blur_S=3/tt6957966.jpg,
imdb,all_I=zoom_blur_S=3,tt0472954,tt0472954.jpg,Missing image file: data/IMDB/noise/image/I=zoom_blur_S=3/tt0472954.jpg,
imdb,all_I=zoom_blur_S=3,tt2861424,tt2861424.jpg,Missing image file: data/IMDB/noise/image/I=zoom_blur_S=3/tt2861424.jpg,
imdb,all_I=zoom_blur_S=3,tt1092005,tt1092005.jpg,Missing image file: data/IMDB/noise/image/I=zoom_blur_S=3/tt1092005.jpg,
imdb,all_I=zoom_blur_S=3,tt0098063,tt0098063.jpg,Missing image file: data/IMDB/noise/image/I=zoom_blur_S=3/tt0098063.jpg,
imdb,all_I=zoom_blur_S=3,tt6257174,tt6257174.jpg,Missing image file: data/IMDB/noise/image/I=zoom_blur_S=3/tt6257174.jpg,
imdb,all_I=zoom_blur_S=3,tt0254686,tt0254686.jpg,Missing image file: data/IMDB/noise/image/I=zoom_blur_S=3/tt0254686.jpg,
imdb,all_I=zoom_blur_S=3,tt7139936,tt7139936.jpg,Missing image file: data/IMDB/noise/image/I=zoom_blur_S=3/tt7139936.jpg,
imdb,all_I=zoom_blur_S=3,tt5974030,tt5974030.jpg,Missing image file: data/IMDB/noise/image/I=zoom_blur_S=3/tt5974030.jpg,
imdb,all_I=zoom_blur_S=3,tt11934846,tt11934846.jpg,Missing image file: data/IMDB/noise/image/I=zoom_blur_S=3/tt11934846.jpg,
imdb,all_I=zoom_blur_S=3,tt8400584,tt8400584.jpg,Missing image file: data/IMDB/noise/image/I=zoom_blur_S=3/tt8400584.jpg,
imdb,all_I=zoom_blur_S=3,tt1478839,tt1478839.jpg,Missing image file: data/IMDB/noise/image/I=zoom_blur_S=3/tt1478839.jpg,
imdb,all_I=zoom_blur_S=3,tt5073620,tt5073620.jpg,Missing image file: data/IMDB/noise/image/I=zoom_blur_S=3/tt5073620.jpg,
imdb,all_I=zoom_blur_S=3,tt9058654,tt9058654.jpg,Missing image file: data/IMDB/noise/image/I=zoom_blur_S=3/tt9058654.jpg,
imdb,all_I=zoom_blur_S=3,tt16952820,tt16952820.jpg,Missing image file: data/IMDB/noise/image/I=zoom_blur_S=3/tt16952820.jpg,
imdb,all_I=zoom_blur_S=3,tt0851851,tt0851851.jpg,Missing image file: data/IMDB/noise/image/I=zoom_blur_S=3/tt0851851.jpg,
imdb,all_I=zoom_blur_S=3,tt1806913,tt1806913.jpg,Missing image file: data/IMDB/noise/image/I=zoom_blur_S=3/tt1806913.jpg,
imdb,all_I=zoom_blur_S=3,tt6166392,tt6166392.jpg,Missing image file: data/IMDB/noise/image/I=zoom_blur_S=3/tt6166392.jpg,
imdb,all_I=zoom_blur_S=3,tt9686708,tt9686708.jpg,Missing image file: data/IMDB/noise/image/I=zoom_blur_S=3/tt9686708.jpg,
imdb,all_I=zoom_blur_S=3,tt2402927,tt2402927.jpg,Missing image file: data/IMDB/noise/image/I=zoom_blur_S=3/tt2402927.jpg,
imdb,all_I=zoom_blur_S=3,tt4103724,tt4103724.jpg,Missing image file: data/IMDB/noise/image/I=zoom_blur_S=3/tt4103724.jpg,
imdb,all_I=zoom_blur_S=3,tt2937366,tt2937366.jpg,Missing image file: data/IMDB/noise/image/I=zoom_blur_S=3/tt2937366.jpg,
imdb,all_I=zoom_blur_S=3,tt9893250,tt9893250.jpg,Missing image file: data/IMDB/noise/image/I=zoom_blur_S=3/tt9893250.jpg,
imdb,all_I=zoom_blur_S=3,tt0256103,tt0256103.jpg,Missing image file: data/IMDB/noise/image/I=zoom_blur_S=3/tt0256103.jpg,
imdb,all_I=zoom_blur_S=3,tt7453138,tt7453138.jpg,Missing image file: data/IMDB/noise/image/I=zoom_blur_S=3/tt7453138.jpg,
imdb,all_I=zoom_blur_S=3,tt13320622,tt13320622.jpg,Missing image file: data/IMDB/noise/image/I=zoom_blur_S=3/tt13320622.jpg,
imdb,all_I=zoom_blur_S=3,tt0495034,tt0495034.jpg,Missing image file: data/IMDB/noise/image/I=zoom_blur_S=3/tt0495034.jpg,
imdb,all_I=zoom_blur_S=3,tt10287908,tt10287908.jpg,Missing image file: data/IMDB/noise/image/I=zoom_blur_S=3/tt10287908.jpg,
imdb,all_I=zoom_blur_S=3,tt5692390,tt5692390.jpg,Missing image file: data/IMDB/noise/image/I=zoom_blur_S=3/tt5692390.jpg,
imdb,all_I=zoom_blur_S=3,tt18372308,tt18372308.jpg,Missing image file: data/IMDB/noise/image/I=zoom_blur_S=3/tt18372308.jpg,
imdb,all_I=zoom_blur_S=3,tt22442176,tt22442176.jpg,Missing image file: data/IMDB/noise/image/I=zoom_blur_S=3/tt22442176.jpg,
imdb,all_I=zoom_blur_S=3,tt8976664,tt8976664.jpg,Missing image file: data/IMDB/noise/image/I=zoom_blur_S=3/tt8976664.jpg,
imdb,all_I=zoom_blur_S=3,tt8623904,tt8623904.jpg,Missing image file: data/IMDB/noise/image/I=zoom_blur_S=3/tt8623904.jpg,
imdb,all_I=zoom_blur_S=3,tt6511932,tt6511932.jpg,Missing image file: data/IMDB/noise/image/I=zoom_blur_S=3/tt6511932.jpg,
imdb,all_I=zoom_blur_S=3,tt11464446,tt11464446.jpg,Missing image file: data/IMDB/noise/image/I=zoom_blur_S=3/tt11464446.jpg,
imdb,all_I=zoom_blur_S=3,tt0117737,tt0117737.jpg,Missing image file: data/IMDB/noise/image/I=zoom_blur_S=3/tt0117737.jpg,
imdb,all_I=zoom_blur_S=3,tt1570970,tt1570970.jpg,Missing image file: data/IMDB/noise/image/I=zoom_blur_S=3/tt1570970.jpg,
imdb,all_I=zoom_blur_S=3,tt8580274,tt8580274.jpg,Missing image file: data/IMDB/noise/image/I=zoom_blur_S=3/tt8580274.jpg,
imdb,all_I=zoom_blur_S=3,tt7738450,tt7738450.jpg,Missing image file: data/IMDB/noise/image/I=zoom_blur_S=3/tt7738450.jpg,
imdb,all_I=zoom_blur_S=3,tt3104988,tt3104988.jpg,Missing image file: data/IMDB/noise/image/I=zoom_blur_S=3/tt3104988.jpg,
imdb,all_I=zoom_blur_S=3,tt4799050,tt4799050.jpg,Missing image file: data/IMDB/noise/image/I=zoom_blur_S=3/tt4799050.jpg,
imdb,all_I=zoom_blur_S=3,tt8323120,tt8323120.jpg,Missing image file: data/IMDB/noise/image/I=zoom_blur_S=3/tt8323120.jpg,
imdb,all_I=zoom_blur_S=3,tt9389998,tt9389998.jpg,Missing image file: data/IMDB/noise/image/I=zoom_blur_S=3/tt9389998.jpg,
imdb,all_I=zoom_blur_S=3,tt20414932,tt20414932.jpg,Missing image file: data/IMDB/noise/image/I=zoom_blur_S=3/tt20414932.jpg,
imdb,all_I=zoom_blur_S=3,tt13318052,tt13318052.jpg,Missing image file: data/IMDB/noise/image/I=zoom_blur_S=3/tt13318052.jpg,
imdb,all_I=zoom_blur_S=3,tt21361340,tt21361340.jpg,Missing image file: data/IMDB/noise/image/I=zoom_blur_S=3/tt21361340.jpg,
imdb,all_I=zoom_blur_S=3,tt14993250,tt14993250.jpg,Missing image file: data/IMDB/noise/image/I=zoom_blur_S=3/tt14993250.jpg,
imdb,all_I=zoom_blur_S=3,tt6359956,tt6359956.jpg,Missing image file: data/IMDB/noise/image/I=zoom_blur_S=3/tt6359956.jpg,
imdb,all_I=zoom_blur_S=3,tt1798709,tt1798709.jpg,Missing image file: data/IMDB/noise/image/I=zoom_blur_S=3/tt1798709.jpg,
imdb,all_I=zoom_blur_S=3,tt13438628,tt13438628.jpg,Missing image file: data/IMDB/noise/image/I=zoom_blur_S=3/tt13438628.jpg,
imdb,all_I=zoom_blur_S=3,tt20251822,tt20251822.jpg,Missing image file: data/IMDB/noise/image/I=zoom_blur_S=3/tt20251822.jpg,
imdb,all_I=zoom_blur_S=3,tt8946378,tt8946378.jpg,Missing image file: data/IMDB/noise/image/I=zoom_blur_S=3/tt8946378.jpg,
imdb,all_I=zoom_blur_S=3,tt7645122,tt7645122.jpg,Missing image file: data/IMDB/noise/image/I=zoom_blur_S=3/tt7645122.jpg,
imdb,all_I=zoom_blur_S=3,tt20258072,tt20258072.jpg,Missing image file: data/IMDB/noise/image/I=zoom_blur_S=3/tt20258072.jpg,
imdb,all_I=zoom_blur_S=3,tt0110200,tt0110200.jpg,Missing image file: data/IMDB/noise/image/I=zoom_blur_S=3/tt0110200.jpg,
imdb,all_I=zoom_blur_S=3,tt5865326,tt5865326.jpg,Missing image file: data/IMDB/noise/image/I=zoom_blur_S=3/tt5865326.jpg,
imdb,all_I=zoom_blur_S=3,tt1976540,tt1976540.jpg,Missing image file: data/IMDB/noise/image/I=zoom_blur_S=3/tt1976540.jpg,
imdb,all_I=zoom_blur_S=3,tt6911608,tt6911608.jpg,Missing image file: data/IMDB/noise/image/I=zoom_blur_S=3/tt6911608.jpg,
imdb,all_I=zoom_blur_S=3,tt5721088,tt5721088.jpg,Missing image file: data/IMDB/noise/image/I=zoom_blur_S=3/tt5721088.jpg,
imdb,all_I=zoom_blur_S=3,tt7913934,tt7913934.jpg,Missing image file: data/IMDB/noise/image/I=zoom_blur_S=3/tt7913934.jpg,
imdb,all_I=zoom_blur_S=3,tt8750570,tt8750570.jpg,Missing image file: data/IMDB/noise/image/I=zoom_blur_S=3/tt8750570.jpg,
imdb,all_I=zoom_blur_S=3,tt4481514,tt4481514.jpg,Missing image file: data/IMDB/noise/image/I=zoom_blur_S=3/tt4481514.jpg,
imdb,all_I=zoom_blur_S=3,tt14315408,tt14315408.jpg,Missing image file: data/IMDB/noise/image/I=zoom_blur_S=3/tt14315408.jpg,
imdb,all_I=zoom_blur_S=3,tt1859522,tt1859522.jpg,Missing image file: data/IMDB/noise/image/I=zoom_blur_S=3/tt1859522.jpg,
imdb,all_I=zoom_blur_S=3,tt7988464,tt7988464.jpg,Missing image file: data/IMDB/noise/image/I=zoom_blur_S=3/tt7988464.jpg,
imdb,all_I=zoom_blur_S=3,tt11649338,tt11649338.jpg,Missing image file: data/IMDB/noise/image/I=zoom_blur_S=3/tt11649338.jpg,
imdb,all_I=zoom_blur_S=3,tt3401882,tt3401882.jpg,Missing image file: data/IMDB/noise/image/I=zoom_blur_S=3/tt3401882.jpg,
imdb,all_I=zoom_blur_S=3,tt6432466,tt6432466.jpg,Missing image file: data/IMDB/noise/image/I=zoom_blur_S=3/tt6432466.jpg,
imdb,all_I=zoom_blur_S=3,tt7634968,tt7634968.jpg,Missing image file: data/IMDB/noise/image/I=zoom_blur_S=3/tt7634968.jpg,
imdb,all_I=zoom_blur_S=3,tt5971474,tt5971474.jpg,Missing image file: data/IMDB/noise/image/I=zoom_blur_S=3/tt5971474.jpg,
imdb,all_T=char_delete_S=3,tt12783454,tt12783454.jpg,Missing image file: data/IMDB/IMDB_four_genre_posters/tt12783454.jpg,
imdb,all_T=char_delete_S=3,tt8522006,tt8522006.jpg,Missing image file: data/IMDB/IMDB_four_genre_posters/tt8522006.jpg,
imdb,all_T=char_delete_S=3,tt14960572,tt14960572.jpg,Missing image file: data/IMDB/IMDB_four_genre_posters/tt14960572.jpg,
imdb,all_T=char_delete_S=3,tt2763304,tt2763304.jpg,Missing image file: data/IMDB/IMDB_four_genre_posters/tt2763304.jpg,
imdb,all_T=char_delete_S=3,tt10919380,tt10919380.jpg,Missing image file: data/IMDB/IMDB_four_genre_posters/tt10919380.jpg,
imdb,all_T=char_delete_S=3,tt0092720,tt0092720.jpg,Missing image file: data/IMDB/IMDB_four_genre_posters/tt0092720.jpg,
imdb,all_T=char_delete_S=3,tt0120338,tt0120338.jpg,Missing image file: data/IMDB/IMDB_four_genre_posters/tt0120338.jpg,
imdb,all_T=char_delete_S=3,tt17351924,tt17351924.jpg,Missing image file: data/IMDB/IMDB_four_genre_posters/tt17351924.jpg,
imdb,all_T=char_delete_S=3,tt5649108,tt5649108.jpg,Missing image file: data/IMDB/IMDB_four_genre_posters/tt5649108.jpg,
imdb,all_T=char_delete_S=3,tt14715170,tt14715170.jpg,Missing image file: data/IMDB/IMDB_four_genre_posters/tt14715170.jpg,
imdb,all_T=char_delete_S=3,tt10655524,tt10655524.jpg,Missing image file: data/IMDB/IMDB_four_genre_posters/tt10655524.jpg,
imdb,all_T=char_delete_S=3,tt14452776,tt14452776.jpg,Missing image file: data/IMDB/IMDB_four_genre_posters/tt14452776.jpg,
imdb,all_T=char_delete_S=3,tt0332280,tt0332280.jpg,Missing image file: data/IMDB/IMDB_four_genre_posters/tt0332280.jpg,
imdb,all_T=char_delete_S=3,tt27727074,tt27727074.jpg,Missing image file: data/IMDB/IMDB_four_genre_posters/tt27727074.jpg,
imdb,all_T=char_delete_S=3,tt9115530,tt9115530.jpg,Missing image file: data/IMDB/IMDB_four_genre_posters/tt9115530.jpg,
imdb,all_T=char_delete_S=3,tt22743064,tt22743064.jpg,Missing image file: data/IMDB/IMDB_four_genre_posters/tt22743064.jpg,
imdb,all_T=char_delete_S=3,tt14824792,tt14824792.jpg,Missing image file: data/IMDB/IMDB_four_genre_posters/tt14824792.jpg,
imdb,all_T=char_delete_S=3,tt12477480,tt12477480.jpg,Missing image file: data/IMDB/IMDB_four_genre_posters/tt12477480.jpg,
imdb,all_T=char_delete_S=3,tt2080323,tt2080323.jpg,Missing image file: data/IMDB/IMDB_four_genre_posters/tt2080323.jpg,
imdb,all_T=char_delete_S=3,tt18748482,tt18748482.jpg,Missing image file: data/IMDB/IMDB_four_genre_posters/tt18748482.jpg,
imdb,all_T=char_delete_S=3,tt0805184,tt0805184.jpg,Missing image file: data/IMDB/IMDB_four_genre_posters/tt0805184.jpg,
imdb,all_T=char_delete_S=3,tt6412452,tt6412452.jpg,Missing image file: data/IMDB/IMDB_four_genre_posters/tt6412452.jpg,
imdb,all_T=char_delete_S=3,tt8145202,tt8145202.jpg,Missing image file: data/IMDB/IMDB_four_genre_posters/tt8145202.jpg,
imdb,all_T=char_delete_S=3,tt4586828,tt4586828.jpg,Missing image file: data/IMDB/IMDB_four_genre_posters/tt4586828.jpg,
imdb,all_T=char_delete_S=3,tt23144234,tt23144234.jpg,Missing image file: data/IMDB/IMDB_four_genre_posters/tt23144234.jpg,
imdb,all_T=char_delete_S=3,tt9354842,tt9354842.jpg,Missing image file: data/IMDB/IMDB_four_genre_posters/tt9354842.jpg,
imdb,all_T=char_delete_S=3,tt16794528,tt16794528.jpg,Missing image file: data/IMDB/IMDB_four_genre_posters/tt16794528.jpg,
imdb,all_T=char_delete_S=3,tt7349662,tt7349662.jpg,Missing image file: data/IMDB/IMDB_four_genre_posters/tt7349662.jpg,
imdb,all_T=char_delete_S=3,tt8816194,tt8816194.jpg,Missing image file: data/IMDB/IMDB_four_genre_posters/tt8816194.jpg,
imdb,all_T=char_delete_S=3,tt15184804,tt15184804.jpg,Missing image file: data/IMDB/IMDB_four_genre_posters/tt15184804.jpg,
imdb,all_T=char_delete_S=3,tt11795652,tt11795652.jpg,Missing image file: data/IMDB/IMDB_four_genre_posters/tt11795652.jpg,
imdb,all_T=char_delete_S=3,tt13022984,tt13022984.jpg,Missing image file: data/IMDB/IMDB_four_genre_posters/tt13022984.jpg,
imdb,all_T=char_delete_S=3,tt10682266,tt10682266.jpg,Missing image file: data/IMDB/IMDB_four_genre_posters/tt10682266.jpg,
imdb,all_T=char_delete_S=3,tt4565520,tt4565520.jpg,Missing image file: data/IMDB/IMDB_four_genre_posters/tt4565520.jpg,
imdb,all_T=char_delete_S=3,tt2531344,tt2531344.jpg,Missing image file: data/IMDB/IMDB_four_genre_posters/tt2531344.jpg,
imdb,all_T=char_delete_S=3,tt22041854,tt22041854.jpg,Missing image file: data/IMDB/IMDB_four_genre_posters/tt22041854.jpg,
imdb,all_T=char_delete_S=3,tt5978724,tt5978724.jpg,Missing image file: data/IMDB/IMDB_four_genre_posters/tt5978724.jpg,
imdb,all_T=char_delete_S=3,tt0098904,tt0098904.jpg,Missing image file: data/IMDB/IMDB_four_genre_posters/tt0098904.jpg,
imdb,all_T=char_delete_S=3,tt2263648,tt2263648.jpg,Missing image file: data/IMDB/IMDB_four_genre_posters/tt2263648.jpg,
imdb,all_T=char_delete_S=3,tt0070849,tt0070849.jpg,Missing image file: data/IMDB/IMDB_four_genre_posters/tt0070849.jpg,
imdb,all_T=char_delete_S=3,tt7242142,tt7242142.jpg,Missing image file: data/IMDB/IMDB_four_genre_posters/tt7242142.jpg,
imdb,all_T=char_delete_S=3,tt7703924,tt7703924.jpg,Missing image file: data/IMDB/IMDB_four_genre_posters/tt7703924.jpg,
imdb,all_T=char_delete_S=3,tt4758646,tt4758646.jpg,Missing image file: data/IMDB/IMDB_four_genre_posters/tt4758646.jpg,
imdb,all_T=char_delete_S=3,tt2631186,tt2631186.jpg,Missing image file: data/IMDB/IMDB_four_genre_posters/tt2631186.jpg,
imdb,all_T=char_delete_S=3,tt4995790,tt4995790.jpg,Missing image file: data/IMDB/IMDB_four_genre_posters/tt4995790.jpg,
imdb,all_T=char_delete_S=3,tt12045028,tt12045028.jpg,Missing image file: data/IMDB/IMDB_four_genre_posters/tt12045028.jpg,
imdb,all_T=char_delete_S=3,tt14298328,tt14298328.jpg,Missing image file: data/IMDB/IMDB_four_genre_posters/tt14298328.jpg,
imdb,all_T=char_delete_S=3,tt1442437,tt1442437.jpg,Missing image file: data/IMDB/IMDB_four_genre_posters/tt1442437.jpg,
imdb,all_T=char_delete_S=3,tt6217804,tt6217804.jpg,Missing image file: data/IMDB/IMDB_four_genre_posters/tt6217804.jpg,
imdb,all_T=char_delete_S=3,tt8637428,tt8637428.jpg,Missing image file: data/IMDB/IMDB_four_genre_posters/tt8637428.jpg,
imdb,all_T=char_delete_S=3,tt0119558,tt0119558.jpg,Missing image file: data/IMDB/IMDB_four_genre_posters/tt0119558.jpg,
imdb,all_T=char_delete_S=3,tt4477536,tt4477536.jpg,Missing image file: data/IMDB/IMDB_four_genre_posters/tt4477536.jpg,
imdb,all_T=char_delete_S=3,tt13491620,tt13491620.jpg,Missing image file: data/IMDB/IMDB_four_genre_posters/tt13491620.jpg,
imdb,all_T=char_delete_S=3,tt13288678,tt13288678.jpg,Missing image file: data/IMDB/IMDB_four_genre_posters/tt13288678.jpg,
imdb,all_T=char_delete_S=3,tt6644286,tt6644286.jpg,Missing image file: data/IMDB/IMDB_four_genre_posters/tt6644286.jpg,
imdb,all_T=char_delete_S=3,tt0438488,tt0438488.jpg,Missing image file: data/IMDB/IMDB_four_genre_posters/tt0438488.jpg,
imdb,all_T=char_delete_S=3,tt12879624,tt12879624.jpg,Missing image file: data/IMDB/IMDB_four_genre_posters/tt12879624.jpg,
imdb,all_T=char_delete_S=3,tt8801584,tt8801584.jpg,Missing image file: data/IMDB/IMDB_four_genre_posters/tt8801584.jpg,
imdb,all_T=char_delete_S=3,tt12861850,tt12861850.jpg,Missing image file: data/IMDB/IMDB_four_genre_posters/tt12861850.jpg,
imdb,all_T=char_delete_S=3,tt6472976,tt6472976.jpg,Missing image file: data/IMDB/IMDB_four_genre_posters/tt6472976.jpg,
imdb,all_T=char_delete_S=3,tt2322441,tt2322441.jpg,Missing image file: data/IMDB/IMDB_four_genre_posters/tt2322441.jpg,
imdb,all_T=char_delete_S=3,tt29079885,tt29079885.jpg,Missing image file: data/IMDB/IMDB_four_genre_posters/tt29079885.jpg,
imdb,all_T=char_delete_S=3,tt10262380,tt10262380.jpg,Missing image file: data/IMDB/IMDB_four_genre_posters/tt10262380.jpg,
imdb,all_T=char_delete_S=3,tt7374948,tt7374948.jpg,Missing image file: data/IMDB/IMDB_four_genre_posters/tt7374948.jpg,
imdb,all_T=char_delete_S=3,tt15145764,tt15145764.jpg,Missing image file: data/IMDB/IMDB_four_genre_posters/tt15145764.jpg,
imdb,all_T=char_delete_S=3,tt13535454,tt13535454.jpg,Missing image file: data/IMDB/IMDB_four_genre_posters/tt13535454.jpg,
imdb,all_T=char_delete_S=3,tt1562859,tt1562859.jpg,Missing image file: data/IMDB/IMDB_four_genre_posters/tt1562859.jpg,
imdb,all_T=char_delete_S=3,tt1728239,tt1728239.jpg,Missing image file: data/IMDB/IMDB_four_genre_posters/tt1728239.jpg,
imdb,all_T=char_delete_S=3,tt28228231,tt28228231.jpg,Missing image file: data/IMDB/IMDB_four_genre_posters/tt28228231.jpg,
imdb,all_T=char_delete_S=3,tt13406094,tt13406094.jpg,Missing image file: data/IMDB/IMDB_four_genre_posters/tt13406094.jpg,
imdb,all_T=char_delete_S=3,tt4858674,tt4858674.jpg,Missing image file: data/IMDB/IMDB_four_genre_posters/tt4858674.jpg,
imdb,all_T=char_delete_S=3,tt1879030,tt1879030.jpg,Missing image file: data/IMDB/IMDB_four_genre_posters/tt1879030.jpg,
imdb,all_T=char_delete_S=3,tt22488728,tt22488728.jpg,Missing image file: data/IMDB/IMDB_four_genre_posters/tt22488728.jpg,
imdb,all_T=char_delete_S=3,tt9198364,tt9198364.jpg,Missing image file: data/IMDB/IMDB_four_genre_posters/tt9198364.jpg,
imdb,all_T=char_delete_S=3,tt14849194,tt14849194.jpg,Missing image file: data/IMDB/IMDB_four_genre_posters/tt14849194.jpg,
imdb,all_T=char_delete_S=3,tt7838252,tt7838252.jpg,Missing image file: data/IMDB/IMDB_four_genre_posters/tt7838252.jpg,
imdb,all_T=char_delete_S=3,tt9601220,tt9601220.jpg,Missing image file: data/IMDB/IMDB_four_genre_posters/tt9601220.jpg,
imdb,all_T=char_delete_S=3,tt7598076,tt7598076.jpg,Missing image file: data/IMDB/IMDB_four_genre_posters/tt7598076.jpg,
imdb,all_T=char_delete_S=3,tt5027774,tt5027774.jpg,Missing image file: data/IMDB/IMDB_four_genre_posters/tt5027774.jpg,
imdb,all_T=char_delete_S=3,tt0068935,tt0068935.jpg,Missing image file: data/IMDB/IMDB_four_genre_posters/tt0068935.jpg,
imdb,all_T=char_delete_S=3,tt23561236,tt23561236.jpg,Missing image file: data/IMDB/IMDB_four_genre_posters/tt23561236.jpg,
imdb,all_T=char_delete_S=3,tt0488798,tt0488798.jpg,Missing image file: data/IMDB/IMDB_four_genre_posters/tt0488798.jpg,
imdb,all_T=char_delete_S=3,tt1987680,tt1987680.jpg,Missing image file: data/IMDB/IMDB_four_genre_posters/tt1987680.jpg,
imdb,all_T=char_delete_S=3,tt8155182,tt8155182.jpg,Missing image file: data/IMDB/IMDB_four_genre_posters/tt8155182.jpg,
imdb,all_T=char_delete_S=3,tt16116726,tt16116726.jpg,Missing image file: data/IMDB/IMDB_four_genre_posters/tt16116726.jpg,
imdb,all_T=char_delete_S=3,tt11762114,tt11762114.jpg,Missing image file: data/IMDB/IMDB_four_genre_posters/tt11762114.jpg,
imdb,all_T=char_delete_S=3,tt14873696,tt14873696.jpg,Missing image file: data/IMDB/IMDB_four_genre_posters/tt14873696.jpg,
imdb,all_T=char_delete_S=3,tt7014006,tt7014006.jpg,Missing image file: data/IMDB/IMDB_four_genre_posters/tt7014006.jpg,
imdb,all_T=char_delete_S=3,tt9411972,tt9411972.jpg,Missing image file: data/IMDB/IMDB_four_genre_posters/tt9411972.jpg,
imdb,all_T=char_delete_S=3,tt13978306,tt13978306.jpg,Missing image file: data/IMDB/IMDB_four_genre_posters/tt13978306.jpg,
imdb,all_T=char_delete_S=3,tt10023024,tt10023024.jpg,Missing image file: data/IMDB/IMDB_four_genre_posters/tt10023024.jpg,
imdb,all_T=char_delete_S=3,tt0309987,tt0309987.jpg,Missing image file: data/IMDB/IMDB_four_genre_posters/tt0309987.jpg,
imdb,all_T=char_delete_S=3,tt3281548,tt3281548.jpg,Missing image file: data/IMDB/IMDB_four_genre_posters/tt3281548.jpg,
imdb,all_T=char_delete_S=3,tt10687116,tt10687116.jpg,Missing image file: data/IMDB/IMDB_four_genre_posters/tt10687116.jpg,
imdb,all_T=char_delete_S=3,tt0096697,tt0096697.jpg,Missing image file: data/IMDB/IMDB_four_genre_posters/tt0096697.jpg,
imdb,all_T=char_delete_S=3,tt5613484,tt5613484.jpg,Missing image file: data/IMDB/IMDB_four_genre_posters/tt5613484.jpg,
imdb,all_T=char_delete_S=3,tt0059742,tt0059742.jpg,Missing image file: data/IMDB/IMDB_four_genre_posters/tt0059742.jpg,
imdb,all_T=char_delete_S=3,tt15905460,tt15905460.jpg,Missing image file: data/IMDB/IMDB_four_genre_posters/tt15905460.jpg,
imdb,all_T=char_delete_S=3,tt0182576,tt0182576.jpg,Missing image file: data/IMDB/IMDB_four_genre_posters/tt0182576.jpg,
imdb,all_T=char_delete_S=3,tt2568862,tt2568862.jpg,Missing image file: data/IMDB/IMDB_four_genre_posters/tt2568862.jpg,
imdb,all_T=char_delete_S=3,tt15404468,tt15404468.jpg,Missing image file: data/IMDB/IMDB_four_genre_posters/tt15404468.jpg,
imdb,all_T=char_delete_S=3,tt12077970,tt12077970.jpg,Missing image file: data/IMDB/IMDB_four_genre_posters/tt12077970.jpg,
imdb,all_T=char_delete_S=3,tt10676012,tt10676012.jpg,Missing image file: data/IMDB/IMDB_four_genre_posters/tt10676012.jpg,
imdb,all_T=char_delete_S=3,tt1489887,tt1489887.jpg,Missing image file: data/IMDB/IMDB_four_genre_posters/tt1489887.jpg,
imdb,all_T=char_delete_S=3,tt7401588,tt7401588.jpg,Missing image file: data/IMDB/IMDB_four_genre_posters/tt7401588.jpg,
imdb,all_T=char_delete_S=3,tt6841122,tt6841122.jpg,Missing image file: data/IMDB/IMDB_four_genre_posters/tt6841122.jpg,
imdb,all_T=char_delete_S=3,tt5774062,tt5774062.jpg,Missing image file: data/IMDB/IMDB_four_genre_posters/tt5774062.jpg,
imdb,all_T=char_delete_S=3,tt11388822,tt11388822.jpg,Missing image file: data/IMDB/IMDB_four_genre_posters/tt11388822.jpg,
imdb,all_T=char_delete_S=3,tt22488414,tt22488414.jpg,Missing image file: data/IMDB/IMDB_four_genre_posters/tt22488414.jpg,
imdb,all_T=char_delete_S=3,tt15022184,tt15022184.jpg,Missing image file: data/IMDB/IMDB_four_genre_posters/tt15022184.jpg,
imdb,all_T=char_delete_S=3,tt3846674,tt3846674.jpg,Missing image file: data/IMDB/IMDB_four_genre_posters/tt3846674.jpg,
imdb,all_T=char_delete_S=3,tt3272066,tt3272066.jpg,Missing image file: data/IMDB/IMDB_four_genre_posters/tt3272066.jpg,
imdb,all_T=char_delete_S=3,tt7660850,tt7660850.jpg,Missing image file: data/IMDB/IMDB_four_genre_posters/tt7660850.jpg,
imdb,all_T=char_delete_S=3,tt0368530,tt0368530.jpg,Missing image file: data/IMDB/IMDB_four_genre_posters/tt0368530.jpg,
imdb,all_T=char_delete_S=3,tt5503686,tt5503686.jpg,Missing image file: data/IMDB/IMDB_four_genre_posters/tt5503686.jpg,
imdb,all_T=char_delete_S=3,tt6513120,tt6513120.jpg,Missing image file: data/IMDB/IMDB_four_genre_posters/tt6513120.jpg,
imdb,all_T=char_delete_S=3,tt5439812,tt5439812.jpg,Missing image file: data/IMDB/IMDB_four_genre_posters/tt5439812.jpg,
imdb,all_T=char_delete_S=3,tt3982212,tt3982212.jpg,Missing image file: data/IMDB/IMDB_four_genre_posters/tt3982212.jpg,
imdb,all_T=char_delete_S=3,tt11698662,tt11698662.jpg,Missing image file: data/IMDB/IMDB_four_genre_posters/tt11698662.jpg,
imdb,all_T=char_delete_S=3,tt1563742,tt1563742.jpg,Missing image file: data/IMDB/IMDB_four_genre_posters/tt1563742.jpg,
imdb,all_T=char_delete_S=3,tt13623608,tt13623608.jpg,Missing image file: data/IMDB/IMDB_four_genre_posters/tt13623608.jpg,
imdb,all_T=char_delete_S=3,tt2709692,tt2709692.jpg,Missing image file: data/IMDB/IMDB_four_genre_posters/tt2709692.jpg,
imdb,all_T=char_delete_S=3,tt28229086,tt28229086.jpg,Missing image file: data/IMDB/IMDB_four_genre_posters/tt28229086.jpg,
imdb,all_T=char_delete_S=3,tt5164432,tt5164432.jpg,Missing image file: data/IMDB/IMDB_four_genre_posters/tt5164432.jpg,
imdb,all_T=char_delete_S=3,tt0419058,tt0419058.jpg,Missing image file: data/IMDB/IMDB_four_genre_posters/tt0419058.jpg,
imdb,all_T=char_delete_S=3,tt0070034,tt0070034.jpg,Missing image file: data/IMDB/IMDB_four_genre_posters/tt0070034.jpg,
imdb,all_T=char_delete_S=3,tt11426572,tt11426572.jpg,Missing image file: data/IMDB/IMDB_four_genre_posters/tt11426572.jpg,
imdb,all_T=char_delete_S=3,tt11127878,tt11127878.jpg,Missing image file: data/IMDB/IMDB_four_genre_posters/tt11127878.jpg,
imdb,all_T=char_delete_S=3,tt1620981,tt1620981.jpg,Missing image file: data/IMDB/IMDB_four_genre_posters/tt1620981.jpg,
imdb,all_T=char_delete_S=3,tt3581652,tt3581652.jpg,Missing image file: data/IMDB/IMDB_four_genre_posters/tt3581652.jpg,
imdb,all_T=char_delete_S=3,tt0242519,tt0242519.jpg,Missing image file: data/IMDB/IMDB_four_genre_posters/tt0242519.jpg,
imdb,all_T=char_delete_S=3,tt1433905,tt1433905.jpg,Missing image file: data/IMDB/IMDB_four_genre_posters/tt1433905.jpg,
imdb,all_T=char_delete_S=3,tt8695030,tt8695030.jpg,Missing image file: data/IMDB/IMDB_four_genre_posters/tt8695030.jpg,
imdb,all_T=char_delete_S=3,tt5308322,tt5308322.jpg,Missing image file: data/IMDB/IMDB_four_genre_posters/tt5308322.jpg,
imdb,all_T=char_delete_S=3,tt14783042,tt14783042.jpg,Missing image file: data/IMDB/IMDB_four_genre_posters/tt14783042.jpg,
imdb,all_T=char_delete_S=3,tt10042590,tt10042590.jpg,Missing image file: data/IMDB/IMDB_four_genre_posters/tt10042590.jpg,
imdb,all_T=char_delete_S=3,tt8960382,tt8960382.jpg,Missing image file: data/IMDB/IMDB_four_genre_posters/tt8960382.jpg,
imdb,all_T=char_delete_S=3,tt5697572,tt5697572.jpg,Missing image file: data/IMDB/IMDB_four_genre_posters/tt5697572.jpg,
imdb,all_T=char_delete_S=3,tt5710514,tt5710514.jpg,Missing image file: data/IMDB/IMDB_four_genre_posters/tt5710514.jpg,
imdb,all_T=char_delete_S=3,tt11772746,tt11772746.jpg,Missing image file: data/IMDB/IMDB_four_genre_posters/tt11772746.jpg,
imdb,all_T=char_delete_S=3,tt0104014,tt0104014.jpg,Missing image file: data/IMDB/IMDB_four_genre_posters/tt0104014.jpg,
imdb,all_T=char_delete_S=3,tt7131622,tt7131622.jpg,Missing image file: data/IMDB/IMDB_four_genre_posters/tt7131622.jpg,
imdb,all_T=char_delete_S=3,tt8949056,tt8949056.jpg,Missing image file: data/IMDB/IMDB_four_genre_posters/tt8949056.jpg,
imdb,all_T=char_delete_S=3,tt5462326,tt5462326.jpg,Missing image file: data/IMDB/IMDB_four_genre_posters/tt5462326.jpg,
imdb,all_T=char_delete_S=3,tt6367558,tt6367558.jpg,Missing image file: data/IMDB/IMDB_four_genre_posters/tt6367558.jpg,
imdb,all_T=char_delete_S=3,tt23472806,tt23472806.jpg,Missing image file: data/IMDB/IMDB_four_genre_posters/tt23472806.jpg,
imdb,all_T=char_delete_S=3,tt13438634,tt13438634.jpg,Missing image file: data/IMDB/IMDB_four_genre_posters/tt13438634.jpg,
imdb,all_T=char_delete_S=3,tt1578116,tt1578116.jpg,Missing image file: data/IMDB/IMDB_four_genre_posters/tt1578116.jpg,
imdb,all_T=char_delete_S=3,tt5610554,tt5610554.jpg,Missing image file: data/IMDB/IMDB_four_genre_posters/tt5610554.jpg,
imdb,all_T=char_delete_S=3,tt1340138,tt1340138.jpg,Missing image file: data/IMDB/IMDB_four_genre_posters/tt1340138.jpg,
imdb,all_T=char_delete_S=3,tt0845448,tt0845448.jpg,Missing image file: data/IMDB/IMDB_four_genre_posters/tt0845448.jpg,
imdb,all_T=char_delete_S=3,tt1637725,tt1637725.jpg,Missing image file: data/IMDB/IMDB_four_genre_posters/tt1637725.jpg,
imdb,all_T=char_delete_S=3,tt2119543,tt2119543.jpg,Missing image file: data/IMDB/IMDB_four_genre_posters/tt2119543.jpg,
imdb,all_T=char_delete_S=3,tt3794354,tt3794354.jpg,Missing image file: data/IMDB/IMDB_four_genre_posters/tt3794354.jpg,
imdb,all_T=char_delete_S=3,tt9484998,tt9484998.jpg,Missing image file: data/IMDB/IMDB_four_genre_posters/tt9484998.jpg,
imdb,all_T=char_delete_S=3,tt6823148,tt6823148.jpg,Missing image file: data/IMDB/IMDB_four_genre_posters/tt6823148.jpg,
imdb,all_T=char_delete_S=3,tt13224758,tt13224758.jpg,Missing image file: data/IMDB/IMDB_four_genre_posters/tt13224758.jpg,
imdb,all_T=char_delete_S=3,tt2139881,tt2139881.jpg,Missing image file: data/IMDB/IMDB_four_genre_posters/tt2139881.jpg,
imdb,all_T=char_delete_S=3,tt0386676,tt0386676.jpg,Missing image file: data/IMDB/IMDB_four_genre_posters/tt0386676.jpg,
imdb,all_T=char_delete_S=3,tt2752200,tt2752200.jpg,Missing image file: data/IMDB/IMDB_four_genre_posters/tt2752200.jpg,
imdb,all_T=char_delete_S=3,tt1575539,tt1575539.jpg,Missing image file: data/IMDB/IMDB_four_genre_posters/tt1575539.jpg,
imdb,all_T=char_delete_S=3,tt16360006,tt16360006.jpg,Missing image file: data/IMDB/IMDB_four_genre_posters/tt16360006.jpg,
imdb,all_T=char_delete_S=3,tt22302170,tt22302170.jpg,Missing image file: data/IMDB/IMDB_four_genre_posters/tt22302170.jpg,
imdb,all_T=char_delete_S=3,tt4686844,tt4686844.jpg,Missing image file: data/IMDB/IMDB_four_genre_posters/tt4686844.jpg,
imdb,all_T=char_delete_S=3,tt7653254,tt7653254.jpg,Missing image file: data/IMDB/IMDB_four_genre_posters/tt7653254.jpg,
imdb,all_T=char_delete_S=3,tt13479258,tt13479258.jpg,Missing image file: data/IMDB/IMDB_four_genre_posters/tt13479258.jpg,
imdb,all_T=char_delete_S=3,tt7070818,tt7070818.jpg,Missing image file: data/IMDB/IMDB_four_genre_posters/tt7070818.jpg,
imdb,all_T=char_delete_S=3,tt15214902,tt15214902.jpg,Missing image file: data/IMDB/IMDB_four_genre_posters/tt15214902.jpg,
imdb,all_T=char_delete_S=3,tt10364034,tt10364034.jpg,Missing image file: data/IMDB/IMDB_four_genre_posters/tt10364034.jpg,
imdb,all_T=char_delete_S=3,tt11219254,tt11219254.jpg,Missing image file: data/IMDB/IMDB_four_genre_posters/tt11219254.jpg,
imdb,all_T=char_delete_S=3,tt15255288,tt15255288.jpg,Missing image file: data/IMDB/IMDB_four_genre_posters/tt15255288.jpg,
imdb,all_T=char_delete_S=3,tt4465564,tt4465564.jpg,Missing image file: data/IMDB/IMDB_four_genre_posters/tt4465564.jpg,
imdb,all_T=char_delete_S=3,tt7979142,tt7979142.jpg,Missing image file: data/IMDB/IMDB_four_genre_posters/tt7979142.jpg,
imdb,all_T=char_delete_S=3,tt7286836,tt7286836.jpg,Missing image file: data/IMDB/IMDB_four_genre_posters/tt7286836.jpg,
imdb,all_T=char_delete_S=3,tt0098878,tt0098878.jpg,Missing image file: data/IMDB/IMDB_four_genre_posters/tt0098878.jpg,
imdb,all_T=char_delete_S=3,tt5666304,tt5666304.jpg,Missing image file: data/IMDB/IMDB_four_genre_posters/tt5666304.jpg,
imdb,all_T=char_delete_S=3,tt13751694,tt13751694.jpg,Missing image file: data/IMDB/IMDB_four_genre_posters/tt13751694.jpg,
imdb,all_T=char_delete_S=3,tt12741494,tt12741494.jpg,Missing image file: data/IMDB/IMDB_four_genre_posters/tt12741494.jpg,
imdb,all_T=char_delete_S=3,tt2584384,tt2584384.jpg,Missing image file: data/IMDB/IMDB_four_genre_posters/tt2584384.jpg,
imdb,all_T=char_delete_S=3,tt0411705,tt0411705.jpg,Missing image file: data/IMDB/IMDB_four_genre_posters/tt0411705.jpg,
imdb,all_T=char_delete_S=3,tt4765284,tt4765284.jpg,Missing image file: data/IMDB/IMDB_four_genre_posters/tt4765284.jpg,
imdb,all_T=char_delete_S=3,tt5657846,tt5657846.jpg,Missing image file: data/IMDB/IMDB_four_genre_posters/tt5657846.jpg,
imdb,all_T=char_delete_S=3,tt0995035,tt0995035.jpg,Missing image file: data/IMDB/IMDB_four_genre_posters/tt0995035.jpg,
imdb,all_T=char_delete_S=3,tt11540284,tt11540284.jpg,Missing image file: data/IMDB/IMDB_four_genre_posters/tt11540284.jpg,
imdb,all_T=char_delete_S=3,tt21192142,tt21192142.jpg,Missing image file: data/IMDB/IMDB_four_genre_posters/tt21192142.jpg,
imdb,all_T=char_delete_S=3,tt13401252,tt13401252.jpg,Missing image file: data/IMDB/IMDB_four_genre_posters/tt13401252.jpg,
imdb,all_T=char_delete_S=3,tt4225622,tt4225622.jpg,Missing image file: data/IMDB/IMDB_four_genre_posters/tt4225622.jpg,
imdb,all_T=char_delete_S=3,tt21115444,tt21115444.jpg,Missing image file: data/IMDB/IMDB_four_genre_posters/tt21115444.jpg,
imdb,all_T=char_delete_S=3,tt19769320,tt19769320.jpg,Missing image file: data/IMDB/IMDB_four_genre_posters/tt19769320.jpg,
imdb,all_T=char_delete_S=3,tt0194314,tt0194314.jpg,Missing image file: data/IMDB/IMDB_four_genre_posters/tt0194314.jpg,
imdb,all_T=char_delete_S=3,tt10366514,tt10366514.jpg,Missing image file: data/IMDB/IMDB_four_genre_posters/tt10366514.jpg,
imdb,all_T=char_delete_S=3,tt0254455,tt0254455.jpg,Missing image file: data/IMDB/IMDB_four_genre_posters/tt0254455.jpg,
imdb,all_T=char_delete_S=3,tt0338013,tt0338013.jpg,Missing image file: data/IMDB/IMDB_four_genre_posters/tt0338013.jpg,
imdb,all_T=char_delete_S=3,tt6226232,tt6226232.jpg,Missing image file: data/IMDB/IMDB_four_genre_posters/tt6226232.jpg,
imdb,all_T=char_delete_S=3,tt0111573,tt0111573.jpg,Missing image file: data/IMDB/IMDB_four_genre_posters/tt0111573.jpg,
imdb,all_T=char_delete_S=3,tt4126476,tt4126476.jpg,Missing image file: data/IMDB/IMDB_four_genre_posters/tt4126476.jpg,
imdb,all_T=char_delete_S=3,tt2278871,tt2278871.jpg,Missing image file: data/IMDB/IMDB_four_genre_posters/tt2278871.jpg,
imdb,all_T=char_delete_S=3,tt8079248,tt8079248.jpg,Missing image file: data/IMDB/IMDB_four_genre_posters/tt8079248.jpg,
imdb,all_T=char_delete_S=3,tt11771594,tt11771594.jpg,Missing image file: data/IMDB/IMDB_four_genre_posters/tt11771594.jpg,
imdb,all_T=char_delete_S=3,tt11317142,tt11317142.jpg,Missing image file: data/IMDB/IMDB_four_genre_posters/tt11317142.jpg,
imdb,all_T=char_delete_S=3,tt8976576,tt8976576.jpg,Missing image file: data/IMDB/IMDB_four_genre_posters/tt8976576.jpg,
imdb,all_T=char_delete_S=3,tt1263750,tt1263750.jpg,Missing image file: data/IMDB/IMDB_four_genre_posters/tt1263750.jpg,
imdb,all_T=char_delete_S=3,tt0213847,tt0213847.jpg,Missing image file: data/IMDB/IMDB_four_genre_posters/tt0213847.jpg,
imdb,all_T=char_delete_S=3,tt0348529,tt0348529.jpg,Missing image file: data/IMDB/IMDB_four_genre_posters/tt0348529.jpg,
imdb,all_T=char_delete_S=3,tt0372909,tt0372909.jpg,Missing image file: data/IMDB/IMDB_four_genre_posters/tt0372909.jpg,
imdb,all_T=char_delete_S=3,tt10399674,tt10399674.jpg,Missing image file: data/IMDB/IMDB_four_genre_posters/tt10399674.jpg,
imdb,all_T=char_delete_S=3,tt7040874,tt7040874.jpg,Missing image file: data/IMDB/IMDB_four_genre_posters/tt7040874.jpg,
imdb,all_T=char_delete_S=3,tt0480919,tt0480919.jpg,Missing image file: data/IMDB/IMDB_four_genre_posters/tt0480919.jpg,
imdb,all_T=char_delete_S=3,tt0418832,tt0418832.jpg,Missing image file: data/IMDB/IMDB_four_genre_posters/tt0418832.jpg,
imdb,all_T=char_delete_S=3,tt0377092,tt0377092.jpg,Missing image file: data/IMDB/IMDB_four_genre_posters/tt0377092.jpg,
imdb,all_T=char_delete_S=3,tt5688932,tt5688932.jpg,Missing image file: data/IMDB/IMDB_four_genre_posters/tt5688932.jpg,
imdb,all_T=char_delete_S=3,tt10698680,tt10698680.jpg,Missing image file: data/IMDB/IMDB_four_genre_posters/tt10698680.jpg,
imdb,all_T=char_delete_S=3,tt5619332,tt5619332.jpg,Missing image file: data/IMDB/IMDB_four_genre_posters/tt5619332.jpg,
imdb,all_T=char_delete_S=3,tt8155288,tt8155288.jpg,Missing image file: data/IMDB/IMDB_four_genre_posters/tt8155288.jpg,
imdb,all_T=char_delete_S=3,tt8079510,tt8079510.jpg,Missing image file: data/IMDB/IMDB_four_genre_posters/tt8079510.jpg,
imdb,all_T=char_delete_S=3,tt6317762,tt6317762.jpg,Missing image file: data/IMDB/IMDB_four_genre_posters/tt6317762.jpg,
imdb,all_T=char_delete_S=3,tt9632590,tt9632590.jpg,Missing image file: data/IMDB/IMDB_four_genre_posters/tt9632590.jpg,
imdb,all_T=char_delete_S=3,tt11286314,tt11286314.jpg,Missing image file: data/IMDB/IMDB_four_genre_posters/tt11286314.jpg,
imdb,all_T=char_delete_S=3,tt0397442,tt0397442.jpg,Missing image file: data/IMDB/IMDB_four_genre_posters/tt0397442.jpg,
imdb,all_T=char_delete_S=3,tt21205440,tt21205440.jpg,Missing image file: data/IMDB/IMDB_four_genre_posters/tt21205440.jpg,
imdb,all_T=char_delete_S=3,tt8718158,tt8718158.jpg,Missing image file: data/IMDB/IMDB_four_genre_posters/tt8718158.jpg,
imdb,all_T=char_delete_S=3,tt8707922,tt8707922.jpg,Missing image file: data/IMDB/IMDB_four_genre_posters/tt8707922.jpg,
imdb,all_T=char_delete_S=3,tt0806088,tt0806088.jpg,Missing image file: data/IMDB/IMDB_four_genre_posters/tt0806088.jpg,
imdb,all_T=char_delete_S=3,tt7161712,tt7161712.jpg,Missing image file: data/IMDB/IMDB_four_genre_posters/tt7161712.jpg,
imdb,all_T=char_delete_S=3,tt3799232,tt3799232.jpg,Missing image file: data/IMDB/IMDB_four_genre_posters/tt3799232.jpg,
imdb,all_T=char_delete_S=3,tt4925292,tt4925292.jpg,Missing image file: data/IMDB/IMDB_four_genre_posters/tt4925292.jpg,
imdb,all_T=char_delete_S=3,tt8075260,tt8075260.jpg,Missing image file: data/IMDB/IMDB_four_genre_posters/tt8075260.jpg,
imdb,all_T=char_delete_S=3,tt6108178,tt6108178.jpg,Missing image file: data/IMDB/IMDB_four_genre_posters/tt6108178.jpg,
imdb,all_T=char_delete_S=3,tt15326988,tt15326988.jpg,Missing image file: data/IMDB/IMDB_four_genre_posters/tt15326988.jpg,
imdb,all_T=char_delete_S=3,tt8783130,tt8783130.jpg,Missing image file: data/IMDB/IMDB_four_genre_posters/tt8783130.jpg,
imdb,all_T=char_delete_S=3,tt6857166,tt6857166.jpg,Missing image file: data/IMDB/IMDB_four_genre_posters/tt6857166.jpg,
imdb,all_T=char_delete_S=3,tt12789558,tt12789558.jpg,Missing image file: data/IMDB/IMDB_four_genre_posters/tt12789558.jpg,
imdb,all_T=char_delete_S=3,tt6173826,tt6173826.jpg,Missing image file: data/IMDB/IMDB_four_genre_posters/tt6173826.jpg,
imdb,all_T=char_delete_S=3,tt1586680,tt1586680.jpg,Missing image file: data/IMDB/IMDB_four_genre_posters/tt1586680.jpg,
imdb,all_T=char_delete_S=3,tt21223048,tt21223048.jpg,Missing image file: data/IMDB/IMDB_four_genre_posters/tt21223048.jpg,
imdb,all_T=char_delete_S=3,tt14914988,tt14914988.jpg,Missing image file: data/IMDB/IMDB_four_genre_posters/tt14914988.jpg,
imdb,all_T=char_delete_S=3,tt1298644,tt1298644.jpg,Missing image file: data/IMDB/IMDB_four_genre_posters/tt1298644.jpg,
imdb,all_T=char_delete_S=3,tt15576460,tt15576460.jpg,Missing image file: data/IMDB/IMDB_four_genre_posters/tt15576460.jpg,
imdb,all_T=char_delete_S=3,tt6957966,tt6957966.jpg,Missing image file: data/IMDB/IMDB_four_genre_posters/tt6957966.jpg,
imdb,all_T=char_delete_S=3,tt0472954,tt0472954.jpg,Missing image file: data/IMDB/IMDB_four_genre_posters/tt0472954.jpg,
imdb,all_T=char_delete_S=3,tt2861424,tt2861424.jpg,Missing image file: data/IMDB/IMDB_four_genre_posters/tt2861424.jpg,
imdb,all_T=char_delete_S=3,tt1092005,tt1092005.jpg,Missing image file: data/IMDB/IMDB_four_genre_posters/tt1092005.jpg,
imdb,all_T=char_delete_S=3,tt0098063,tt0098063.jpg,Missing image file: data/IMDB/IMDB_four_genre_posters/tt0098063.jpg,
imdb,all_T=char_delete_S=3,tt6257174,tt6257174.jpg,Missing image file: data/IMDB/IMDB_four_genre_posters/tt6257174.jpg,
imdb,all_T=char_delete_S=3,tt0254686,tt0254686.jpg,Missing image file: data/IMDB/IMDB_four_genre_posters/tt0254686.jpg,
imdb,all_T=char_delete_S=3,tt7139936,tt7139936.jpg,Missing image file: data/IMDB/IMDB_four_genre_posters/tt7139936.jpg,
imdb,all_T=char_delete_S=3,tt5974030,tt5974030.jpg,Missing image file: data/IMDB/IMDB_four_genre_posters/tt5974030.jpg,
imdb,all_T=char_delete_S=3,tt11934846,tt11934846.jpg,Missing image file: data/IMDB/IMDB_four_genre_posters/tt11934846.jpg,
imdb,all_T=char_delete_S=3,tt8400584,tt8400584.jpg,Missing image file: data/IMDB/IMDB_four_genre_posters/tt8400584.jpg,
imdb,all_T=char_delete_S=3,tt1478839,tt1478839.jpg,Missing image file: data/IMDB/IMDB_four_genre_posters/tt1478839.jpg,
imdb,all_T=char_delete_S=3,tt5073620,tt5073620.jpg,Missing image file: data/IMDB/IMDB_four_genre_posters/tt5073620.jpg,
imdb,all_T=char_delete_S=3,tt9058654,tt9058654.jpg,Missing image file: data/IMDB/IMDB_four_genre_posters/tt9058654.jpg,
imdb,all_T=char_delete_S=3,tt16952820,tt16952820.jpg,Missing image file: data/IMDB/IMDB_four_genre_posters/tt16952820.jpg,
imdb,all_T=char_delete_S=3,tt0851851,tt0851851.jpg,Missing image file: data/IMDB/IMDB_four_genre_posters/tt0851851.jpg,
imdb,all_T=char_delete_S=3,tt1806913,tt1806913.jpg,Missing image file: data/IMDB/IMDB_four_genre_posters/tt1806913.jpg,
imdb,all_T=char_delete_S=3,tt6166392,tt6166392.jpg,Missing image file: data/IMDB/IMDB_four_genre_posters/tt6166392.jpg,
imdb,all_T=char_delete_S=3,tt9686708,tt9686708.jpg,Missing image file: data/IMDB/IMDB_four_genre_posters/tt9686708.jpg,
imdb,all_T=char_delete_S=3,tt2402927,tt2402927.jpg,Missing image file: data/IMDB/IMDB_four_genre_posters/tt2402927.jpg,
imdb,all_T=char_delete_S=3,tt4103724,tt4103724.jpg,Missing image file: data/IMDB/IMDB_four_genre_posters/tt4103724.jpg,
imdb,all_T=char_delete_S=3,tt2937366,tt2937366.jpg,Missing image file: data/IMDB/IMDB_four_genre_posters/tt2937366.jpg,
imdb,all_T=char_delete_S=3,tt9893250,tt9893250.jpg,Missing image file: data/IMDB/IMDB_four_genre_posters/tt9893250.jpg,
imdb,all_T=char_delete_S=3,tt0256103,tt0256103.jpg,Missing image file: data/IMDB/IMDB_four_genre_posters/tt0256103.jpg,
imdb,all_T=char_delete_S=3,tt7453138,tt7453138.jpg,Missing image file: data/IMDB/IMDB_four_genre_posters/tt7453138.jpg,
imdb,all_T=char_delete_S=3,tt13320622,tt13320622.jpg,Missing image file: data/IMDB/IMDB_four_genre_posters/tt13320622.jpg,
imdb,all_T=char_delete_S=3,tt0495034,tt0495034.jpg,Missing image file: data/IMDB/IMDB_four_genre_posters/tt0495034.jpg,
imdb,all_T=char_delete_S=3,tt10287908,tt10287908.jpg,Missing image file: data/IMDB/IMDB_four_genre_posters/tt10287908.jpg,
imdb,all_T=char_delete_S=3,tt5692390,tt5692390.jpg,Missing image file: data/IMDB/IMDB_four_genre_posters/tt5692390.jpg,
imdb,all_T=char_delete_S=3,tt18372308,tt18372308.jpg,Missing image file: data/IMDB/IMDB_four_genre_posters/tt18372308.jpg,
imdb,all_T=char_delete_S=3,tt22442176,tt22442176.jpg,Missing image file: data/IMDB/IMDB_four_genre_posters/tt22442176.jpg,
imdb,all_T=char_delete_S=3,tt8976664,tt8976664.jpg,Missing image file: data/IMDB/IMDB_four_genre_posters/tt8976664.jpg,
imdb,all_T=char_delete_S=3,tt8623904,tt8623904.jpg,Missing image file: data/IMDB/IMDB_four_genre_posters/tt8623904.jpg,
imdb,all_T=char_delete_S=3,tt6511932,tt6511932.jpg,Missing image file: data/IMDB/IMDB_four_genre_posters/tt6511932.jpg,
imdb,all_T=char_delete_S=3,tt11464446,tt11464446.jpg,Missing image file: data/IMDB/IMDB_four_genre_posters/tt11464446.jpg,
imdb,all_T=char_delete_S=3,tt0117737,tt0117737.jpg,Missing image file: data/IMDB/IMDB_four_genre_posters/tt0117737.jpg,
imdb,all_T=char_delete_S=3,tt1570970,tt1570970.jpg,Missing image file: data/IMDB/IMDB_four_genre_posters/tt1570970.jpg,
imdb,all_T=char_delete_S=3,tt8580274,tt8580274.jpg,Missing image file: data/IMDB/IMDB_four_genre_posters/tt8580274.jpg,
imdb,all_T=char_delete_S=3,tt7738450,tt7738450.jpg,Missing image file: data/IMDB/IMDB_four_genre_posters/tt7738450.jpg,
imdb,all_T=char_delete_S=3,tt3104988,tt3104988.jpg,Missing image file: data/IMDB/IMDB_four_genre_posters/tt3104988.jpg,
imdb,all_T=char_delete_S=3,tt4799050,tt4799050.jpg,Missing image file: data/IMDB/IMDB_four_genre_posters/tt4799050.jpg,
imdb,all_T=char_delete_S=3,tt8323120,tt8323120.jpg,Missing image file: data/IMDB/IMDB_four_genre_posters/tt8323120.jpg,
imdb,all_T=char_delete_S=3,tt9389998,tt9389998.jpg,Missing image file: data/IMDB/IMDB_four_genre_posters/tt9389998.jpg,
imdb,all_T=char_delete_S=3,tt20414932,tt20414932.jpg,Missing image file: data/IMDB/IMDB_four_genre_posters/tt20414932.jpg,
imdb,all_T=char_delete_S=3,tt13318052,tt13318052.jpg,Missing image file: data/IMDB/IMDB_four_genre_posters/tt13318052.jpg,
imdb,all_T=char_delete_S=3,tt21361340,tt21361340.jpg,Missing image file: data/IMDB/IMDB_four_genre_posters/tt21361340.jpg,
imdb,all_T=char_delete_S=3,tt14993250,tt14993250.jpg,Missing image file: data/IMDB/IMDB_four_genre_posters/tt14993250.jpg,
imdb,all_T=char_delete_S=3,tt6359956,tt6359956.jpg,Missing image file: data/IMDB/IMDB_four_genre_posters/tt6359956.jpg,
imdb,all_T=char_delete_S=3,tt1798709,tt1798709.jpg,Missing image file: data/IMDB/IMDB_four_genre_posters/tt1798709.jpg,
imdb,all_T=char_delete_S=3,tt13438628,tt13438628.jpg,Missing image file: data/IMDB/IMDB_four_genre_posters/tt13438628.jpg,
imdb,all_T=char_delete_S=3,tt20251822,tt20251822.jpg,Missing image file: data/IMDB/IMDB_four_genre_posters/tt20251822.jpg,
imdb,all_T=char_delete_S=3,tt8946378,tt8946378.jpg,Missing image file: data/IMDB/IMDB_four_genre_posters/tt8946378.jpg,
imdb,all_T=char_delete_S=3,tt7645122,tt7645122.jpg,Missing image file: data/IMDB/IMDB_four_genre_posters/tt7645122.jpg,
imdb,all_T=char_delete_S=3,tt20258072,tt20258072.jpg,Missing image file: data/IMDB/IMDB_four_genre_posters/tt20258072.jpg,
imdb,all_T=char_delete_S=3,tt0110200,tt0110200.jpg,Missing image file: data/IMDB/IMDB_four_genre_posters/tt0110200.jpg,
imdb,all_T=char_delete_S=3,tt5865326,tt5865326.jpg,Missing image file: data/IMDB/IMDB_four_genre_posters/tt5865326.jpg,
imdb,all_T=char_delete_S=3,tt1976540,tt1976540.jpg,Missing image file: data/IMDB/IMDB_four_genre_posters/tt1976540.jpg,
imdb,all_T=char_delete_S=3,tt6911608,tt6911608.jpg,Missing image file: data/IMDB/IMDB_four_genre_posters/tt6911608.jpg,
imdb,all_T=char_delete_S=3,tt5721088,tt5721088.jpg,Missing image file: data/IMDB/IMDB_four_genre_posters/tt5721088.jpg,
imdb,all_T=char_delete_S=3,tt7913934,tt7913934.jpg,Missing image file: data/IMDB/IMDB_four_genre_posters/tt7913934.jpg,
imdb,all_T=char_delete_S=3,tt8750570,tt8750570.jpg,Missing image file: data/IMDB/IMDB_four_genre_posters/tt8750570.jpg,
imdb,all_T=char_delete_S=3,tt4481514,tt4481514.jpg,Missing image file: data/IMDB/IMDB_four_genre_posters/tt4481514.jpg,
imdb,all_T=char_delete_S=3,tt14315408,tt14315408.jpg,Missing image file: data/IMDB/IMDB_four_genre_posters/tt14315408.jpg,
imdb,all_T=char_delete_S=3,tt1859522,tt1859522.jpg,Missing image file: data/IMDB/IMDB_four_genre_posters/tt1859522.jpg,
imdb,all_T=char_delete_S=3,tt7988464,tt7988464.jpg,Missing image file: data/IMDB/IMDB_four_genre_posters/tt7988464.jpg,
imdb,all_T=char_delete_S=3,tt11649338,tt11649338.jpg,Missing image file: data/IMDB/IMDB_four_genre_posters/tt11649338.jpg,
imdb,all_T=char_delete_S=3,tt3401882,tt3401882.jpg,Missing image file: data/IMDB/IMDB_four_genre_posters/tt3401882.jpg,
imdb,all_T=char_delete_S=3,tt6432466,tt6432466.jpg,Missing image file: data/IMDB/IMDB_four_genre_posters/tt6432466.jpg,
imdb,all_T=char_delete_S=3,tt7634968,tt7634968.jpg,Missing image file: data/IMDB/IMDB_four_genre_posters/tt7634968.jpg,
imdb,all_T=char_delete_S=3,tt5971474,tt5971474.jpg,Missing image file: data/IMDB/IMDB_four_genre_posters/tt5971474.jpg,
imdb,all_T=char_replace_S=3,tt12783454,tt12783454.jpg,Missing image file: data/IMDB/IMDB_four_genre_posters/tt12783454.jpg,
imdb,all_T=char_replace_S=3,tt8522006,tt8522006.jpg,Missing image file: data/IMDB/IMDB_four_genre_posters/tt8522006.jpg,
imdb,all_T=char_replace_S=3,tt14960572,tt14960572.jpg,Missing image file: data/IMDB/IMDB_four_genre_posters/tt14960572.jpg,
imdb,all_T=char_replace_S=3,tt2763304,tt2763304.jpg,Missing image file: data/IMDB/IMDB_four_genre_posters/tt2763304.jpg,
imdb,all_T=char_replace_S=3,tt10919380,tt10919380.jpg,Missing image file: data/IMDB/IMDB_four_genre_posters/tt10919380.jpg,
imdb,all_T=char_replace_S=3,tt0092720,tt0092720.jpg,Missing image file: data/IMDB/IMDB_four_genre_posters/tt0092720.jpg,
imdb,all_T=char_replace_S=3,tt0120338,tt0120338.jpg,Missing image file: data/IMDB/IMDB_four_genre_posters/tt0120338.jpg,
imdb,all_T=char_replace_S=3,tt17351924,tt17351924.jpg,Missing image file: data/IMDB/IMDB_four_genre_posters/tt17351924.jpg,
imdb,all_T=char_replace_S=3,tt5649108,tt5649108.jpg,Missing image file: data/IMDB/IMDB_four_genre_posters/tt5649108.jpg,
imdb,all_T=char_replace_S=3,tt14715170,tt14715170.jpg,Missing image file: data/IMDB/IMDB_four_genre_posters/tt14715170.jpg,
imdb,all_T=char_replace_S=3,tt10655524,tt10655524.jpg,Missing image file: data/IMDB/IMDB_four_genre_posters/tt10655524.jpg,
imdb,all_T=char_replace_S=3,tt14452776,tt14452776.jpg,Missing image file: data/IMDB/IMDB_four_genre_posters/tt14452776.jpg,
imdb,all_T=char_replace_S=3,tt0332280,tt0332280.jpg,Missing image file: data/IMDB/IMDB_four_genre_posters/tt0332280.jpg,
imdb,all_T=char_replace_S=3,tt27727074,tt27727074.jpg,Missing image file: data/IMDB/IMDB_four_genre_posters/tt27727074.jpg,
imdb,all_T=char_replace_S=3,tt9115530,tt9115530.jpg,Missing image file: data/IMDB/IMDB_four_genre_posters/tt9115530.jpg,
imdb,all_T=char_replace_S=3,tt22743064,tt22743064.jpg,Missing image file: data/IMDB/IMDB_four_genre_posters/tt22743064.jpg,
imdb,all_T=char_replace_S=3,tt14824792,tt14824792.jpg,Missing image file: data/IMDB/IMDB_four_genre_posters/tt14824792.jpg,
imdb,all_T=char_replace_S=3,tt12477480,tt12477480.jpg,Missing image file: data/IMDB/IMDB_four_genre_posters/tt12477480.jpg,
imdb,all_T=char_replace_S=3,tt2080323,tt2080323.jpg,Missing image file: data/IMDB/IMDB_four_genre_posters/tt2080323.jpg,
imdb,all_T=char_replace_S=3,tt18748482,tt18748482.jpg,Missing image file: data/IMDB/IMDB_four_genre_posters/tt18748482.jpg,
imdb,all_T=char_replace_S=3,tt0805184,tt0805184.jpg,Missing image file: data/IMDB/IMDB_four_genre_posters/tt0805184.jpg,
imdb,all_T=char_replace_S=3,tt6412452,tt6412452.jpg,Missing image file: data/IMDB/IMDB_four_genre_posters/tt6412452.jpg,
imdb,all_T=char_replace_S=3,tt8145202,tt8145202.jpg,Missing image file: data/IMDB/IMDB_four_genre_posters/tt8145202.jpg,
imdb,all_T=char_replace_S=3,tt4586828,tt4586828.jpg,Missing image file: data/IMDB/IMDB_four_genre_posters/tt4586828.jpg,
imdb,all_T=char_replace_S=3,tt23144234,tt23144234.jpg,Missing image file: data/IMDB/IMDB_four_genre_posters/tt23144234.jpg,
imdb,all_T=char_replace_S=3,tt9354842,tt9354842.jpg,Missing image file: data/IMDB/IMDB_four_genre_posters/tt9354842.jpg,
imdb,all_T=char_replace_S=3,tt16794528,tt16794528.jpg,Missing image file: data/IMDB/IMDB_four_genre_posters/tt16794528.jpg,
imdb,all_T=char_replace_S=3,tt7349662,tt7349662.jpg,Missing image file: data/IMDB/IMDB_four_genre_posters/tt7349662.jpg,
imdb,all_T=char_replace_S=3,tt8816194,tt8816194.jpg,Missing image file: data/IMDB/IMDB_four_genre_posters/tt8816194.jpg,
imdb,all_T=char_replace_S=3,tt15184804,tt15184804.jpg,Missing image file: data/IMDB/IMDB_four_genre_posters/tt15184804.jpg,
imdb,all_T=char_replace_S=3,tt11795652,tt11795652.jpg,Missing image file: data/IMDB/IMDB_four_genre_posters/tt11795652.jpg,
imdb,all_T=char_replace_S=3,tt13022984,tt13022984.jpg,Missing image file: data/IMDB/IMDB_four_genre_posters/tt13022984.jpg,
imdb,all_T=char_replace_S=3,tt10682266,tt10682266.jpg,Missing image file: data/IMDB/IMDB_four_genre_posters/tt10682266.jpg,
imdb,all_T=char_replace_S=3,tt4565520,tt4565520.jpg,Missing image file: data/IMDB/IMDB_four_genre_posters/tt4565520.jpg,
imdb,all_T=char_replace_S=3,tt2531344,tt2531344.jpg,Missing image file: data/IMDB/IMDB_four_genre_posters/tt2531344.jpg,
imdb,all_T=char_replace_S=3,tt22041854,tt22041854.jpg,Missing image file: data/IMDB/IMDB_four_genre_posters/tt22041854.jpg,
imdb,all_T=char_replace_S=3,tt5978724,tt5978724.jpg,Missing image file: data/IMDB/IMDB_four_genre_posters/tt5978724.jpg,
imdb,all_T=char_replace_S=3,tt0098904,tt0098904.jpg,Missing image file: data/IMDB/IMDB_four_genre_posters/tt0098904.jpg,
imdb,all_T=char_replace_S=3,tt2263648,tt2263648.jpg,Missing image file: data/IMDB/IMDB_four_genre_posters/tt2263648.jpg,
imdb,all_T=char_replace_S=3,tt0070849,tt0070849.jpg,Missing image file: data/IMDB/IMDB_four_genre_posters/tt0070849.jpg,
imdb,all_T=char_replace_S=3,tt7242142,tt7242142.jpg,Missing image file: data/IMDB/IMDB_four_genre_posters/tt7242142.jpg,
imdb,all_T=char_replace_S=3,tt7703924,tt7703924.jpg,Missing image file: data/IMDB/IMDB_four_genre_posters/tt7703924.jpg,
imdb,all_T=char_replace_S=3,tt4758646,tt4758646.jpg,Missing image file: data/IMDB/IMDB_four_genre_posters/tt4758646.jpg,
imdb,all_T=char_replace_S=3,tt2631186,tt2631186.jpg,Missing image file: data/IMDB/IMDB_four_genre_posters/tt2631186.jpg,
imdb,all_T=char_replace_S=3,tt4995790,tt4995790.jpg,Missing image file: data/IMDB/IMDB_four_genre_posters/tt4995790.jpg,
imdb,all_T=char_replace_S=3,tt12045028,tt12045028.jpg,Missing image file: data/IMDB/IMDB_four_genre_posters/tt12045028.jpg,
imdb,all_T=char_replace_S=3,tt14298328,tt14298328.jpg,Missing image file: data/IMDB/IMDB_four_genre_posters/tt14298328.jpg,
imdb,all_T=char_replace_S=3,tt1442437,tt1442437.jpg,Missing image file: data/IMDB/IMDB_four_genre_posters/tt1442437.jpg,
imdb,all_T=char_replace_S=3,tt6217804,tt6217804.jpg,Missing image file: data/IMDB/IMDB_four_genre_posters/tt6217804.jpg,
imdb,all_T=char_replace_S=3,tt8637428,tt8637428.jpg,Missing image file: data/IMDB/IMDB_four_genre_posters/tt8637428.jpg,
imdb,all_T=char_replace_S=3,tt0119558,tt0119558.jpg,Missing image file: data/IMDB/IMDB_four_genre_posters/tt0119558.jpg,
imdb,all_T=char_replace_S=3,tt4477536,tt4477536.jpg,Missing image file: data/IMDB/IMDB_four_genre_posters/tt4477536.jpg,
imdb,all_T=char_replace_S=3,tt13491620,tt13491620.jpg,Missing image file: data/IMDB/IMDB_four_genre_posters/tt13491620.jpg,
imdb,all_T=char_replace_S=3,tt13288678,tt13288678.jpg,Missing image file: data/IMDB/IMDB_four_genre_posters/tt13288678.jpg,
imdb,all_T=char_replace_S=3,tt6644286,tt6644286.jpg,Missing image file: data/IMDB/IMDB_four_genre_posters/tt6644286.jpg,
imdb,all_T=char_replace_S=3,tt0438488,tt0438488.jpg,Missing image file: data/IMDB/IMDB_four_genre_posters/tt0438488.jpg,
imdb,all_T=char_replace_S=3,tt12879624,tt12879624.jpg,Missing image file: data/IMDB/IMDB_four_genre_posters/tt12879624.jpg,
imdb,all_T=char_replace_S=3,tt8801584,tt8801584.jpg,Missing image file: data/IMDB/IMDB_four_genre_posters/tt8801584.jpg,
imdb,all_T=char_replace_S=3,tt12861850,tt12861850.jpg,Missing image file: data/IMDB/IMDB_four_genre_posters/tt12861850.jpg,
imdb,all_T=char_replace_S=3,tt6472976,tt6472976.jpg,Missing image file: data/IMDB/IMDB_four_genre_posters/tt6472976.jpg,
imdb,all_T=char_replace_S=3,tt2322441,tt2322441.jpg,Missing image file: data/IMDB/IMDB_four_genre_posters/tt2322441.jpg,
imdb,all_T=char_replace_S=3,tt29079885,tt29079885.jpg,Missing image file: data/IMDB/IMDB_four_genre_posters/tt29079885.jpg,
imdb,all_T=char_replace_S=3,tt10262380,tt10262380.jpg,Missing image file: data/IMDB/IMDB_four_genre_posters/tt10262380.jpg,
imdb,all_T=char_replace_S=3,tt7374948,tt7374948.jpg,Missing image file: data/IMDB/IMDB_four_genre_posters/tt7374948.jpg,
imdb,all_T=char_replace_S=3,tt15145764,tt15145764.jpg,Missing image file: data/IMDB/IMDB_four_genre_posters/tt15145764.jpg,
imdb,all_T=char_replace_S=3,tt13535454,tt13535454.jpg,Missing image file: data/IMDB/IMDB_four_genre_posters/tt13535454.jpg,
imdb,all_T=char_replace_S=3,tt1562859,tt1562859.jpg,Missing image file: data/IMDB/IMDB_four_genre_posters/tt1562859.jpg,
imdb,all_T=char_replace_S=3,tt1728239,tt1728239.jpg,Missing image file: data/IMDB/IMDB_four_genre_posters/tt1728239.jpg,
imdb,all_T=char_replace_S=3,tt28228231,tt28228231.jpg,Missing image file: data/IMDB/IMDB_four_genre_posters/tt28228231.jpg,
imdb,all_T=char_replace_S=3,tt13406094,tt13406094.jpg,Missing image file: data/IMDB/IMDB_four_genre_posters/tt13406094.jpg,
imdb,all_T=char_replace_S=3,tt4858674,tt4858674.jpg,Missing image file: data/IMDB/IMDB_four_genre_posters/tt4858674.jpg,
imdb,all_T=char_replace_S=3,tt1879030,tt1879030.jpg,Missing image file: data/IMDB/IMDB_four_genre_posters/tt1879030.jpg,
imdb,all_T=char_replace_S=3,tt22488728,tt22488728.jpg,Missing image file: data/IMDB/IMDB_four_genre_posters/tt22488728.jpg,
imdb,all_T=char_replace_S=3,tt9198364,tt9198364.jpg,Missing image file: data/IMDB/IMDB_four_genre_posters/tt9198364.jpg,
imdb,all_T=char_replace_S=3,tt14849194,tt14849194.jpg,Missing image file: data/IMDB/IMDB_four_genre_posters/tt14849194.jpg,
imdb,all_T=char_replace_S=3,tt7838252,tt7838252.jpg,Missing image file: data/IMDB/IMDB_four_genre_posters/tt7838252.jpg,
imdb,all_T=char_replace_S=3,tt9601220,tt9601220.jpg,Missing image file: data/IMDB/IMDB_four_genre_posters/tt9601220.jpg,
imdb,all_T=char_replace_S=3,tt7598076,tt7598076.jpg,Missing image file: data/IMDB/IMDB_four_genre_posters/tt7598076.jpg,
imdb,all_T=char_replace_S=3,tt5027774,tt5027774.jpg,Missing image file: data/IMDB/IMDB_four_genre_posters/tt5027774.jpg,
imdb,all_T=char_replace_S=3,tt0068935,tt0068935.jpg,Missing image file: data/IMDB/IMDB_four_genre_posters/tt0068935.jpg,
imdb,all_T=char_replace_S=3,tt23561236,tt23561236.jpg,Missing image file: data/IMDB/IMDB_four_genre_posters/tt23561236.jpg,
imdb,all_T=char_replace_S=3,tt0488798,tt0488798.jpg,Missing image file: data/IMDB/IMDB_four_genre_posters/tt0488798.jpg,
imdb,all_T=char_replace_S=3,tt1987680,tt1987680.jpg,Missing image file: data/IMDB/IMDB_four_genre_posters/tt1987680.jpg,
imdb,all_T=char_replace_S=3,tt8155182,tt8155182.jpg,Missing image file: data/IMDB/IMDB_four_genre_posters/tt8155182.jpg,
imdb,all_T=char_replace_S=3,tt16116726,tt16116726.jpg,Missing image file: data/IMDB/IMDB_four_genre_posters/tt16116726.jpg,
imdb,all_T=char_replace_S=3,tt11762114,tt11762114.jpg,Missing image file: data/IMDB/IMDB_four_genre_posters/tt11762114.jpg,
imdb,all_T=char_replace_S=3,tt14873696,tt14873696.jpg,Missing image file: data/IMDB/IMDB_four_genre_posters/tt14873696.jpg,
imdb,all_T=char_replace_S=3,tt7014006,tt7014006.jpg,Missing image file: data/IMDB/IMDB_four_genre_posters/tt7014006.jpg,
imdb,all_T=char_replace_S=3,tt9411972,tt9411972.jpg,Missing image file: data/IMDB/IMDB_four_genre_posters/tt9411972.jpg,
imdb,all_T=char_replace_S=3,tt13978306,tt13978306.jpg,Missing image file: data/IMDB/IMDB_four_genre_posters/tt13978306.jpg,
imdb,all_T=char_replace_S=3,tt10023024,tt10023024.jpg,Missing image file: data/IMDB/IMDB_four_genre_posters/tt10023024.jpg,
imdb,all_T=char_replace_S=3,tt0309987,tt0309987.jpg,Missing image file: data/IMDB/IMDB_four_genre_posters/tt0309987.jpg,
imdb,all_T=char_replace_S=3,tt3281548,tt3281548.jpg,Missing image file: data/IMDB/IMDB_four_genre_posters/tt3281548.jpg,
imdb,all_T=char_replace_S=3,tt10687116,tt10687116.jpg,Missing image file: data/IMDB/IMDB_four_genre_posters/tt10687116.jpg,
imdb,all_T=char_replace_S=3,tt0096697,tt0096697.jpg,Missing image file: data/IMDB/IMDB_four_genre_posters/tt0096697.jpg,
imdb,all_T=char_replace_S=3,tt5613484,tt5613484.jpg,Missing image file: data/IMDB/IMDB_four_genre_posters/tt5613484.jpg,
imdb,all_T=char_replace_S=3,tt0059742,tt0059742.jpg,Missing image file: data/IMDB/IMDB_four_genre_posters/tt0059742.jpg,
imdb,all_T=char_replace_S=3,tt15905460,tt15905460.jpg,Missing image file: data/IMDB/IMDB_four_genre_posters/tt15905460.jpg,
imdb,all_T=char_replace_S=3,tt0182576,tt0182576.jpg,Missing image file: data/IMDB/IMDB_four_genre_posters/tt0182576.jpg,
imdb,all_T=char_replace_S=3,tt2568862,tt2568862.jpg,Missing image file: data/IMDB/IMDB_four_genre_posters/tt2568862.jpg,
imdb,all_T=char_replace_S=3,tt15404468,tt15404468.jpg,Missing image file: data/IMDB/IMDB_four_genre_posters/tt15404468.jpg,
imdb,all_T=char_replace_S=3,tt12077970,tt12077970.jpg,Missing image file: data/IMDB/IMDB_four_genre_posters/tt12077970.jpg,
imdb,all_T=char_replace_S=3,tt10676012,tt10676012.jpg,Missing image file: data/IMDB/IMDB_four_genre_posters/tt10676012.jpg,
imdb,all_T=char_replace_S=3,tt1489887,tt1489887.jpg,Missing image file: data/IMDB/IMDB_four_genre_posters/tt1489887.jpg,
imdb,all_T=char_replace_S=3,tt7401588,tt7401588.jpg,Missing image file: data/IMDB/IMDB_four_genre_posters/tt7401588.jpg,
imdb,all_T=char_replace_S=3,tt6841122,tt6841122.jpg,Missing image file: data/IMDB/IMDB_four_genre_posters/tt6841122.jpg,
imdb,all_T=char_replace_S=3,tt5774062,tt5774062.jpg,Missing image file: data/IMDB/IMDB_four_genre_posters/tt5774062.jpg,
imdb,all_T=char_replace_S=3,tt11388822,tt11388822.jpg,Missing image file: data/IMDB/IMDB_four_genre_posters/tt11388822.jpg,
imdb,all_T=char_replace_S=3,tt22488414,tt22488414.jpg,Missing image file: data/IMDB/IMDB_four_genre_posters/tt22488414.jpg,
imdb,all_T=char_replace_S=3,tt15022184,tt15022184.jpg,Missing image file: data/IMDB/IMDB_four_genre_posters/tt15022184.jpg,
imdb,all_T=char_replace_S=3,tt3846674,tt3846674.jpg,Missing image file: data/IMDB/IMDB_four_genre_posters/tt3846674.jpg,
imdb,all_T=char_replace_S=3,tt3272066,tt3272066.jpg,Missing image file: data/IMDB/IMDB_four_genre_posters/tt3272066.jpg,
imdb,all_T=char_replace_S=3,tt7660850,tt7660850.jpg,Missing image file: data/IMDB/IMDB_four_genre_posters/tt7660850.jpg,
imdb,all_T=char_replace_S=3,tt0368530,tt0368530.jpg,Missing image file: data/IMDB/IMDB_four_genre_posters/tt0368530.jpg,
imdb,all_T=char_replace_S=3,tt5503686,tt5503686.jpg,Missing image file: data/IMDB/IMDB_four_genre_posters/tt5503686.jpg,
imdb,all_T=char_replace_S=3,tt6513120,tt6513120.jpg,Missing image file: data/IMDB/IMDB_four_genre_posters/tt6513120.jpg,
imdb,all_T=char_replace_S=3,tt5439812,tt5439812.jpg,Missing image file: data/IMDB/IMDB_four_genre_posters/tt5439812.jpg,
imdb,all_T=char_replace_S=3,tt3982212,tt3982212.jpg,Missing image file: data/IMDB/IMDB_four_genre_posters/tt3982212.jpg,
imdb,all_T=char_replace_S=3,tt11698662,tt11698662.jpg,Missing image file: data/IMDB/IMDB_four_genre_posters/tt11698662.jpg,
imdb,all_T=char_replace_S=3,tt1563742,tt1563742.jpg,Missing image file: data/IMDB/IMDB_four_genre_posters/tt1563742.jpg,
imdb,all_T=char_replace_S=3,tt13623608,tt13623608.jpg,Missing image file: data/IMDB/IMDB_four_genre_posters/tt13623608.jpg,
imdb,all_T=char_replace_S=3,tt2709692,tt2709692.jpg,Missing image file: data/IMDB/IMDB_four_genre_posters/tt2709692.jpg,
imdb,all_T=char_replace_S=3,tt28229086,tt28229086.jpg,Missing image file: data/IMDB/IMDB_four_genre_posters/tt28229086.jpg,
imdb,all_T=char_replace_S=3,tt5164432,tt5164432.jpg,Missing image file: data/IMDB/IMDB_four_genre_posters/tt5164432.jpg,
imdb,all_T=char_replace_S=3,tt0419058,tt0419058.jpg,Missing image file: data/IMDB/IMDB_four_genre_posters/tt0419058.jpg,
imdb,all_T=char_replace_S=3,tt0070034,tt0070034.jpg,Missing image file: data/IMDB/IMDB_four_genre_posters/tt0070034.jpg,
imdb,all_T=char_replace_S=3,tt11426572,tt11426572.jpg,Missing image file: data/IMDB/IMDB_four_genre_posters/tt11426572.jpg,
imdb,all_T=char_replace_S=3,tt11127878,tt11127878.jpg,Missing image file: data/IMDB/IMDB_four_genre_posters/tt11127878.jpg,
imdb,all_T=char_replace_S=3,tt1620981,tt1620981.jpg,Missing image file: data/IMDB/IMDB_four_genre_posters/tt1620981.jpg,
imdb,all_T=char_replace_S=3,tt3581652,tt3581652.jpg,Missing image file: data/IMDB/IMDB_four_genre_posters/tt3581652.jpg,
imdb,all_T=char_replace_S=3,tt0242519,tt0242519.jpg,Missing image file: data/IMDB/IMDB_four_genre_posters/tt0242519.jpg,
imdb,all_T=char_replace_S=3,tt1433905,tt1433905.jpg,Missing image file: data/IMDB/IMDB_four_genre_posters/tt1433905.jpg,
imdb,all_T=char_replace_S=3,tt8695030,tt8695030.jpg,Missing image file: data/IMDB/IMDB_four_genre_posters/tt8695030.jpg,
imdb,all_T=char_replace_S=3,tt5308322,tt5308322.jpg,Missing image file: data/IMDB/IMDB_four_genre_posters/tt5308322.jpg,
imdb,all_T=char_replace_S=3,tt14783042,tt14783042.jpg,Missing image file: data/IMDB/IMDB_four_genre_posters/tt14783042.jpg,
imdb,all_T=char_replace_S=3,tt10042590,tt10042590.jpg,Missing image file: data/IMDB/IMDB_four_genre_posters/tt10042590.jpg,
imdb,all_T=char_replace_S=3,tt8960382,tt8960382.jpg,Missing image file: data/IMDB/IMDB_four_genre_posters/tt8960382.jpg,
imdb,all_T=char_replace_S=3,tt5697572,tt5697572.jpg,Missing image file: data/IMDB/IMDB_four_genre_posters/tt5697572.jpg,
imdb,all_T=char_replace_S=3,tt5710514,tt5710514.jpg,Missing image file: data/IMDB/IMDB_four_genre_posters/tt5710514.jpg,
imdb,all_T=char_replace_S=3,tt11772746,tt11772746.jpg,Missing image file: data/IMDB/IMDB_four_genre_posters/tt11772746.jpg,
imdb,all_T=char_replace_S=3,tt0104014,tt0104014.jpg,Missing image file: data/IMDB/IMDB_four_genre_posters/tt0104014.jpg,
imdb,all_T=char_replace_S=3,tt7131622,tt7131622.jpg,Missing image file: data/IMDB/IMDB_four_genre_posters/tt7131622.jpg,
imdb,all_T=char_replace_S=3,tt8949056,tt8949056.jpg,Missing image file: data/IMDB/IMDB_four_genre_posters/tt8949056.jpg,
imdb,all_T=char_replace_S=3,tt5462326,tt5462326.jpg,Missing image file: data/IMDB/IMDB_four_genre_posters/tt5462326.jpg,
imdb,all_T=char_replace_S=3,tt6367558,tt6367558.jpg,Missing image file: data/IMDB/IMDB_four_genre_posters/tt6367558.jpg,
imdb,all_T=char_replace_S=3,tt23472806,tt23472806.jpg,Missing image file: data/IMDB/IMDB_four_genre_posters/tt23472806.jpg,
imdb,all_T=char_replace_S=3,tt13438634,tt13438634.jpg,Missing image file: data/IMDB/IMDB_four_genre_posters/tt13438634.jpg,
imdb,all_T=char_replace_S=3,tt1578116,tt1578116.jpg,Missing image file: data/IMDB/IMDB_four_genre_posters/tt1578116.jpg,
imdb,all_T=char_replace_S=3,tt5610554,tt5610554.jpg,Missing image file: data/IMDB/IMDB_four_genre_posters/tt5610554.jpg,
imdb,all_T=char_replace_S=3,tt1340138,tt1340138.jpg,Missing image file: data/IMDB/IMDB_four_genre_posters/tt1340138.jpg,
imdb,all_T=char_replace_S=3,tt0845448,tt0845448.jpg,Missing image file: data/IMDB/IMDB_four_genre_posters/tt0845448.jpg,
imdb,all_T=char_replace_S=3,tt1637725,tt1637725.jpg,Missing image file: data/IMDB/IMDB_four_genre_posters/tt1637725.jpg,
imdb,all_T=char_replace_S=3,tt2119543,tt2119543.jpg,Missing image file: data/IMDB/IMDB_four_genre_posters/tt2119543.jpg,
imdb,all_T=char_replace_S=3,tt3794354,tt3794354.jpg,Missing image file: data/IMDB/IMDB_four_genre_posters/tt3794354.jpg,
imdb,all_T=char_replace_S=3,tt9484998,tt9484998.jpg,Missing image file: data/IMDB/IMDB_four_genre_posters/tt9484998.jpg,
imdb,all_T=char_replace_S=3,tt6823148,tt6823148.jpg,Missing image file: data/IMDB/IMDB_four_genre_posters/tt6823148.jpg,
imdb,all_T=char_replace_S=3,tt13224758,tt13224758.jpg,Missing image file: data/IMDB/IMDB_four_genre_posters/tt13224758.jpg,
imdb,all_T=char_replace_S=3,tt2139881,tt2139881.jpg,Missing image file: data/IMDB/IMDB_four_genre_posters/tt2139881.jpg,
imdb,all_T=char_replace_S=3,tt0386676,tt0386676.jpg,Missing image file: data/IMDB/IMDB_four_genre_posters/tt0386676.jpg,
imdb,all_T=char_replace_S=3,tt2752200,tt2752200.jpg,Missing image file: data/IMDB/IMDB_four_genre_posters/tt2752200.jpg,
imdb,all_T=char_replace_S=3,tt1575539,tt1575539.jpg,Missing image file: data/IMDB/IMDB_four_genre_posters/tt1575539.jpg,
imdb,all_T=char_replace_S=3,tt16360006,tt16360006.jpg,Missing image file: data/IMDB/IMDB_four_genre_posters/tt16360006.jpg,
imdb,all_T=char_replace_S=3,tt22302170,tt22302170.jpg,Missing image file: data/IMDB/IMDB_four_genre_posters/tt22302170.jpg,
imdb,all_T=char_replace_S=3,tt4686844,tt4686844.jpg,Missing image file: data/IMDB/IMDB_four_genre_posters/tt4686844.jpg,
imdb,all_T=char_replace_S=3,tt7653254,tt7653254.jpg,Missing image file: data/IMDB/IMDB_four_genre_posters/tt7653254.jpg,
imdb,all_T=char_replace_S=3,tt13479258,tt13479258.jpg,Missing image file: data/IMDB/IMDB_four_genre_posters/tt13479258.jpg,
imdb,all_T=char_replace_S=3,tt7070818,tt7070818.jpg,Missing image file: data/IMDB/IMDB_four_genre_posters/tt7070818.jpg,
imdb,all_T=char_replace_S=3,tt15214902,tt15214902.jpg,Missing image file: data/IMDB/IMDB_four_genre_posters/tt15214902.jpg,
imdb,all_T=char_replace_S=3,tt10364034,tt10364034.jpg,Missing image file: data/IMDB/IMDB_four_genre_posters/tt10364034.jpg,
imdb,all_T=char_replace_S=3,tt11219254,tt11219254.jpg,Missing image file: data/IMDB/IMDB_four_genre_posters/tt11219254.jpg,
imdb,all_T=char_replace_S=3,tt15255288,tt15255288.jpg,Missing image file: data/IMDB/IMDB_four_genre_posters/tt15255288.jpg,
imdb,all_T=char_replace_S=3,tt4465564,tt4465564.jpg,Missing image file: data/IMDB/IMDB_four_genre_posters/tt4465564.jpg,
imdb,all_T=char_replace_S=3,tt7979142,tt7979142.jpg,Missing image file: data/IMDB/IMDB_four_genre_posters/tt7979142.jpg,
imdb,all_T=char_replace_S=3,tt7286836,tt7286836.jpg,Missing image file: data/IMDB/IMDB_four_genre_posters/tt7286836.jpg,
imdb,all_T=char_replace_S=3,tt0098878,tt0098878.jpg,Missing image file: data/IMDB/IMDB_four_genre_posters/tt0098878.jpg,
imdb,all_T=char_replace_S=3,tt5666304,tt5666304.jpg,Missing image file: data/IMDB/IMDB_four_genre_posters/tt5666304.jpg,
imdb,all_T=char_replace_S=3,tt13751694,tt13751694.jpg,Missing image file: data/IMDB/IMDB_four_genre_posters/tt13751694.jpg,
imdb,all_T=char_replace_S=3,tt12741494,tt12741494.jpg,Missing image file: data/IMDB/IMDB_four_genre_posters/tt12741494.jpg,
imdb,all_T=char_replace_S=3,tt2584384,tt2584384.jpg,Missing image file: data/IMDB/IMDB_four_genre_posters/tt2584384.jpg,
imdb,all_T=char_replace_S=3,tt0411705,tt0411705.jpg,Missing image file: data/IMDB/IMDB_four_genre_posters/tt0411705.jpg,
imdb,all_T=char_replace_S=3,tt4765284,tt4765284.jpg,Missing image file: data/IMDB/IMDB_four_genre_posters/tt4765284.jpg,
imdb,all_T=char_replace_S=3,tt5657846,tt5657846.jpg,Missing image file: data/IMDB/IMDB_four_genre_posters/tt5657846.jpg,
imdb,all_T=char_replace_S=3,tt0995035,tt0995035.jpg,Missing image file: data/IMDB/IMDB_four_genre_posters/tt0995035.jpg,
imdb,all_T=char_replace_S=3,tt11540284,tt11540284.jpg,Missing image file: data/IMDB/IMDB_four_genre_posters/tt11540284.jpg,
imdb,all_T=char_replace_S=3,tt21192142,tt21192142.jpg,Missing image file: data/IMDB/IMDB_four_genre_posters/tt21192142.jpg,
imdb,all_T=char_replace_S=3,tt13401252,tt13401252.jpg,Missing image file: data/IMDB/IMDB_four_genre_posters/tt13401252.jpg,
imdb,all_T=char_replace_S=3,tt4225622,tt4225622.jpg,Missing image file: data/IMDB/IMDB_four_genre_posters/tt4225622.jpg,
imdb,all_T=char_replace_S=3,tt21115444,tt21115444.jpg,Missing image file: data/IMDB/IMDB_four_genre_posters/tt21115444.jpg,
imdb,all_T=char_replace_S=3,tt19769320,tt19769320.jpg,Missing image file: data/IMDB/IMDB_four_genre_posters/tt19769320.jpg,
imdb,all_T=char_replace_S=3,tt0194314,tt0194314.jpg,Missing image file: data/IMDB/IMDB_four_genre_posters/tt0194314.jpg,
imdb,all_T=char_replace_S=3,tt10366514,tt10366514.jpg,Missing image file: data/IMDB/IMDB_four_genre_posters/tt10366514.jpg,
imdb,all_T=char_replace_S=3,tt0254455,tt0254455.jpg,Missing image file: data/IMDB/IMDB_four_genre_posters/tt0254455.jpg,
imdb,all_T=char_replace_S=3,tt0338013,tt0338013.jpg,Missing image file: data/IMDB/IMDB_four_genre_posters/tt0338013.jpg,
imdb,all_T=char_replace_S=3,tt6226232,tt6226232.jpg,Missing image file: data/IMDB/IMDB_four_genre_posters/tt6226232.jpg,
imdb,all_T=char_replace_S=3,tt0111573,tt0111573.jpg,Missing image file: data/IMDB/IMDB_four_genre_posters/tt0111573.jpg,
imdb,all_T=char_replace_S=3,tt4126476,tt4126476.jpg,Missing image file: data/IMDB/IMDB_four_genre_posters/tt4126476.jpg,
imdb,all_T=char_replace_S=3,tt2278871,tt2278871.jpg,Missing image file: data/IMDB/IMDB_four_genre_posters/tt2278871.jpg,
imdb,all_T=char_replace_S=3,tt8079248,tt8079248.jpg,Missing image file: data/IMDB/IMDB_four_genre_posters/tt8079248.jpg,
imdb,all_T=char_replace_S=3,tt11771594,tt11771594.jpg,Missing image file: data/IMDB/IMDB_four_genre_posters/tt11771594.jpg,
imdb,all_T=char_replace_S=3,tt11317142,tt11317142.jpg,Missing image file: data/IMDB/IMDB_four_genre_posters/tt11317142.jpg,
imdb,all_T=char_replace_S=3,tt8976576,tt8976576.jpg,Missing image file: data/IMDB/IMDB_four_genre_posters/tt8976576.jpg,
imdb,all_T=char_replace_S=3,tt1263750,tt1263750.jpg,Missing image file: data/IMDB/IMDB_four_genre_posters/tt1263750.jpg,
imdb,all_T=char_replace_S=3,tt0213847,tt0213847.jpg,Missing image file: data/IMDB/IMDB_four_genre_posters/tt0213847.jpg,
imdb,all_T=char_replace_S=3,tt0348529,tt0348529.jpg,Missing image file: data/IMDB/IMDB_four_genre_posters/tt0348529.jpg,
imdb,all_T=char_replace_S=3,tt0372909,tt0372909.jpg,Missing image file: data/IMDB/IMDB_four_genre_posters/tt0372909.jpg,
imdb,all_T=char_replace_S=3,tt10399674,tt10399674.jpg,Missing image file: data/IMDB/IMDB_four_genre_posters/tt10399674.jpg,
imdb,all_T=char_replace_S=3,tt7040874,tt7040874.jpg,Missing image file: data/IMDB/IMDB_four_genre_posters/tt7040874.jpg,
imdb,all_T=char_replace_S=3,tt0480919,tt0480919.jpg,Missing image file: data/IMDB/IMDB_four_genre_posters/tt0480919.jpg,
imdb,all_T=char_replace_S=3,tt0418832,tt0418832.jpg,Missing image file: data/IMDB/IMDB_four_genre_posters/tt0418832.jpg,
imdb,all_T=char_replace_S=3,tt0377092,tt0377092.jpg,Missing image file: data/IMDB/IMDB_four_genre_posters/tt0377092.jpg,
imdb,all_T=char_replace_S=3,tt5688932,tt5688932.jpg,Missing image file: data/IMDB/IMDB_four_genre_posters/tt5688932.jpg,
imdb,all_T=char_replace_S=3,tt10698680,tt10698680.jpg,Missing image file: data/IMDB/IMDB_four_genre_posters/tt10698680.jpg,
imdb,all_T=char_replace_S=3,tt5619332,tt5619332.jpg,Missing image file: data/IMDB/IMDB_four_genre_posters/tt5619332.jpg,
imdb,all_T=char_replace_S=3,tt8155288,tt8155288.jpg,Missing image file: data/IMDB/IMDB_four_genre_posters/tt8155288.jpg,
imdb,all_T=char_replace_S=3,tt8079510,tt8079510.jpg,Missing image file: data/IMDB/IMDB_four_genre_posters/tt8079510.jpg,
imdb,all_T=char_replace_S=3,tt6317762,tt6317762.jpg,Missing image file: data/IMDB/IMDB_four_genre_posters/tt6317762.jpg,
imdb,all_T=char_replace_S=3,tt9632590,tt9632590.jpg,Missing image file: data/IMDB/IMDB_four_genre_posters/tt9632590.jpg,
imdb,all_T=char_replace_S=3,tt11286314,tt11286314.jpg,Missing image file: data/IMDB/IMDB_four_genre_posters/tt11286314.jpg,
imdb,all_T=char_replace_S=3,tt0397442,tt0397442.jpg,Missing image file: data/IMDB/IMDB_four_genre_posters/tt0397442.jpg,
imdb,all_T=char_replace_S=3,tt21205440,tt21205440.jpg,Missing image file: data/IMDB/IMDB_four_genre_posters/tt21205440.jpg,
imdb,all_T=char_replace_S=3,tt8718158,tt8718158.jpg,Missing image file: data/IMDB/IMDB_four_genre_posters/tt8718158.jpg,
imdb,all_T=char_replace_S=3,tt8707922,tt8707922.jpg,Missing image file: data/IMDB/IMDB_four_genre_posters/tt8707922.jpg,
imdb,all_T=char_replace_S=3,tt0806088,tt0806088.jpg,Missing image file: data/IMDB/IMDB_four_genre_posters/tt0806088.jpg,
imdb,all_T=char_replace_S=3,tt7161712,tt7161712.jpg,Missing image file: data/IMDB/IMDB_four_genre_posters/tt7161712.jpg,
imdb,all_T=char_replace_S=3,tt3799232,tt3799232.jpg,Missing image file: data/IMDB/IMDB_four_genre_posters/tt3799232.jpg,
imdb,all_T=char_replace_S=3,tt4925292,tt4925292.jpg,Missing image file: data/IMDB/IMDB_four_genre_posters/tt4925292.jpg,
imdb,all_T=char_replace_S=3,tt8075260,tt8075260.jpg,Missing image file: data/IMDB/IMDB_four_genre_posters/tt8075260.jpg,
imdb,all_T=char_replace_S=3,tt6108178,tt6108178.jpg,Missing image file: data/IMDB/IMDB_four_genre_posters/tt6108178.jpg,
imdb,all_T=char_replace_S=3,tt15326988,tt15326988.jpg,Missing image file: data/IMDB/IMDB_four_genre_posters/tt15326988.jpg,
imdb,all_T=char_replace_S=3,tt8783130,tt8783130.jpg,Missing image file: data/IMDB/IMDB_four_genre_posters/tt8783130.jpg,
imdb,all_T=char_replace_S=3,tt6857166,tt6857166.jpg,Missing image file: data/IMDB/IMDB_four_genre_posters/tt6857166.jpg,
imdb,all_T=char_replace_S=3,tt12789558,tt12789558.jpg,Missing image file: data/IMDB/IMDB_four_genre_posters/tt12789558.jpg,
imdb,all_T=char_replace_S=3,tt6173826,tt6173826.jpg,Missing image file: data/IMDB/IMDB_four_genre_posters/tt6173826.jpg,
imdb,all_T=char_replace_S=3,tt1586680,tt1586680.jpg,Missing image file: data/IMDB/IMDB_four_genre_posters/tt1586680.jpg,
imdb,all_T=char_replace_S=3,tt21223048,tt21223048.jpg,Missing image file: data/IMDB/IMDB_four_genre_posters/tt21223048.jpg,
imdb,all_T=char_replace_S=3,tt14914988,tt14914988.jpg,Missing image file: data/IMDB/IMDB_four_genre_posters/tt14914988.jpg,
imdb,all_T=char_replace_S=3,tt1298644,tt1298644.jpg,Missing image file: data/IMDB/IMDB_four_genre_posters/tt1298644.jpg,
imdb,all_T=char_replace_S=3,tt15576460,tt15576460.jpg,Missing image file: data/IMDB/IMDB_four_genre_posters/tt15576460.jpg,
imdb,all_T=char_replace_S=3,tt6957966,tt6957966.jpg,Missing image file: data/IMDB/IMDB_four_genre_posters/tt6957966.jpg,
imdb,all_T=char_replace_S=3,tt0472954,tt0472954.jpg,Missing image file: data/IMDB/IMDB_four_genre_posters/tt0472954.jpg,
imdb,all_T=char_replace_S=3,tt2861424,tt2861424.jpg,Missing image file: data/IMDB/IMDB_four_genre_posters/tt2861424.jpg,
imdb,all_T=char_replace_S=3,tt1092005,tt1092005.jpg,Missing image file: data/IMDB/IMDB_four_genre_posters/tt1092005.jpg,
imdb,all_T=char_replace_S=3,tt0098063,tt0098063.jpg,Missing image file: data/IMDB/IMDB_four_genre_posters/tt0098063.jpg,
imdb,all_T=char_replace_S=3,tt6257174,tt6257174.jpg,Missing image file: data/IMDB/IMDB_four_genre_posters/tt6257174.jpg,
imdb,all_T=char_replace_S=3,tt0254686,tt0254686.jpg,Missing image file: data/IMDB/IMDB_four_genre_posters/tt0254686.jpg,
imdb,all_T=char_replace_S=3,tt7139936,tt7139936.jpg,Missing image file: data/IMDB/IMDB_four_genre_posters/tt7139936.jpg,
imdb,all_T=char_replace_S=3,tt5974030,tt5974030.jpg,Missing image file: data/IMDB/IMDB_four_genre_posters/tt5974030.jpg,
imdb,all_T=char_replace_S=3,tt11934846,tt11934846.jpg,Missing image file: data/IMDB/IMDB_four_genre_posters/tt11934846.jpg,
imdb,all_T=char_replace_S=3,tt8400584,tt8400584.jpg,Missing image file: data/IMDB/IMDB_four_genre_posters/tt8400584.jpg,
imdb,all_T=char_replace_S=3,tt1478839,tt1478839.jpg,Missing image file: data/IMDB/IMDB_four_genre_posters/tt1478839.jpg,
imdb,all_T=char_replace_S=3,tt5073620,tt5073620.jpg,Missing image file: data/IMDB/IMDB_four_genre_posters/tt5073620.jpg,
imdb,all_T=char_replace_S=3,tt9058654,tt9058654.jpg,Missing image file: data/IMDB/IMDB_four_genre_posters/tt9058654.jpg,
imdb,all_T=char_replace_S=3,tt16952820,tt16952820.jpg,Missing image file: data/IMDB/IMDB_four_genre_posters/tt16952820.jpg,
imdb,all_T=char_replace_S=3,tt0851851,tt0851851.jpg,Missing image file: data/IMDB/IMDB_four_genre_posters/tt0851851.jpg,
imdb,all_T=char_replace_S=3,tt1806913,tt1806913.jpg,Missing image file: data/IMDB/IMDB_four_genre_posters/tt1806913.jpg,
imdb,all_T=char_replace_S=3,tt6166392,tt6166392.jpg,Missing image file: data/IMDB/IMDB_four_genre_posters/tt6166392.jpg,
imdb,all_T=char_replace_S=3,tt9686708,tt9686708.jpg,Missing image file: data/IMDB/IMDB_four_genre_posters/tt9686708.jpg,
imdb,all_T=char_replace_S=3,tt2402927,tt2402927.jpg,Missing image file: data/IMDB/IMDB_four_genre_posters/tt2402927.jpg,
imdb,all_T=char_replace_S=3,tt4103724,tt4103724.jpg,Missing image file: data/IMDB/IMDB_four_genre_posters/tt4103724.jpg,
imdb,all_T=char_replace_S=3,tt2937366,tt2937366.jpg,Missing image file: data/IMDB/IMDB_four_genre_posters/tt2937366.jpg,
imdb,all_T=char_replace_S=3,tt9893250,tt9893250.jpg,Missing image file: data/IMDB/IMDB_four_genre_posters/tt9893250.jpg,
imdb,all_T=char_replace_S=3,tt0256103,tt0256103.jpg,Missing image file: data/IMDB/IMDB_four_genre_posters/tt0256103.jpg,
imdb,all_T=char_replace_S=3,tt7453138,tt7453138.jpg,Missing image file: data/IMDB/IMDB_four_genre_posters/tt7453138.jpg,
imdb,all_T=char_replace_S=3,tt13320622,tt13320622.jpg,Missing image file: data/IMDB/IMDB_four_genre_posters/tt13320622.jpg,
imdb,all_T=char_replace_S=3,tt0495034,tt0495034.jpg,Missing image file: data/IMDB/IMDB_four_genre_posters/tt0495034.jpg,
imdb,all_T=char_replace_S=3,tt10287908,tt10287908.jpg,Missing image file: data/IMDB/IMDB_four_genre_posters/tt10287908.jpg,
imdb,all_T=char_replace_S=3,tt5692390,tt5692390.jpg,Missing image file: data/IMDB/IMDB_four_genre_posters/tt5692390.jpg,
imdb,all_T=char_replace_S=3,tt18372308,tt18372308.jpg,Missing image file: data/IMDB/IMDB_four_genre_posters/tt18372308.jpg,
imdb,all_T=char_replace_S=3,tt22442176,tt22442176.jpg,Missing image file: data/IMDB/IMDB_four_genre_posters/tt22442176.jpg,
imdb,all_T=char_replace_S=3,tt8976664,tt8976664.jpg,Missing image file: data/IMDB/IMDB_four_genre_posters/tt8976664.jpg,
imdb,all_T=char_replace_S=3,tt8623904,tt8623904.jpg,Missing image file: data/IMDB/IMDB_four_genre_posters/tt8623904.jpg,
imdb,all_T=char_replace_S=3,tt6511932,tt6511932.jpg,Missing image file: data/IMDB/IMDB_four_genre_posters/tt6511932.jpg,
imdb,all_T=char_replace_S=3,tt11464446,tt11464446.jpg,Missing image file: data/IMDB/IMDB_four_genre_posters/tt11464446.jpg,
imdb,all_T=char_replace_S=3,tt0117737,tt0117737.jpg,Missing image file: data/IMDB/IMDB_four_genre_posters/tt0117737.jpg,
imdb,all_T=char_replace_S=3,tt1570970,tt1570970.jpg,Missing image file: data/IMDB/IMDB_four_genre_posters/tt1570970.jpg,
imdb,all_T=char_replace_S=3,tt8580274,tt8580274.jpg,Missing image file: data/IMDB/IMDB_four_genre_posters/tt8580274.jpg,
imdb,all_T=char_replace_S=3,tt7738450,tt7738450.jpg,Missing image file: data/IMDB/IMDB_four_genre_posters/tt7738450.jpg,
imdb,all_T=char_replace_S=3,tt3104988,tt3104988.jpg,Missing image file: data/IMDB/IMDB_four_genre_posters/tt3104988.jpg,
imdb,all_T=char_replace_S=3,tt4799050,tt4799050.jpg,Missing image file: data/IMDB/IMDB_four_genre_posters/tt4799050.jpg,
imdb,all_T=char_replace_S=3,tt8323120,tt8323120.jpg,Missing image file: data/IMDB/IMDB_four_genre_posters/tt8323120.jpg,
imdb,all_T=char_replace_S=3,tt9389998,tt9389998.jpg,Missing image file: data/IMDB/IMDB_four_genre_posters/tt9389998.jpg,
imdb,all_T=char_replace_S=3,tt20414932,tt20414932.jpg,Missing image file: data/IMDB/IMDB_four_genre_posters/tt20414932.jpg,
imdb,all_T=char_replace_S=3,tt13318052,tt13318052.jpg,Missing image file: data/IMDB/IMDB_four_genre_posters/tt13318052.jpg,
imdb,all_T=char_replace_S=3,tt21361340,tt21361340.jpg,Missing image file: data/IMDB/IMDB_four_genre_posters/tt21361340.jpg,
imdb,all_T=char_replace_S=3,tt14993250,tt14993250.jpg,Missing image file: data/IMDB/IMDB_four_genre_posters/tt14993250.jpg,
imdb,all_T=char_replace_S=3,tt6359956,tt6359956.jpg,Missing image file: data/IMDB/IMDB_four_genre_posters/tt6359956.jpg,
imdb,all_T=char_replace_S=3,tt1798709,tt1798709.jpg,Missing image file: data/IMDB/IMDB_four_genre_posters/tt1798709.jpg,
imdb,all_T=char_replace_S=3,tt13438628,tt13438628.jpg,Missing image file: data/IMDB/IMDB_four_genre_posters/tt13438628.jpg,
imdb,all_T=char_replace_S=3,tt20251822,tt20251822.jpg,Missing image file: data/IMDB/IMDB_four_genre_posters/tt20251822.jpg,
imdb,all_T=char_replace_S=3,tt8946378,tt8946378.jpg,Missing image file: data/IMDB/IMDB_four_genre_posters/tt8946378.jpg,
imdb,all_T=char_replace_S=3,tt7645122,tt7645122.jpg,Missing image file: data/IMDB/IMDB_four_genre_posters/tt7645122.jpg,
imdb,all_T=char_replace_S=3,tt20258072,tt20258072.jpg,Missing image file: data/IMDB/IMDB_four_genre_posters/tt20258072.jpg,
imdb,all_T=char_replace_S=3,tt0110200,tt0110200.jpg,Missing image file: data/IMDB/IMDB_four_genre_posters/tt0110200.jpg,
imdb,all_T=char_replace_S=3,tt5865326,tt5865326.jpg,Missing image file: data/IMDB/IMDB_four_genre_posters/tt5865326.jpg,
imdb,all_T=char_replace_S=3,tt1976540,tt1976540.jpg,Missing image file: data/IMDB/IMDB_four_genre_posters/tt1976540.jpg,
imdb,all_T=char_replace_S=3,tt6911608,tt6911608.jpg,Missing image file: data/IMDB/IMDB_four_genre_posters/tt6911608.jpg,
imdb,all_T=char_replace_S=3,tt5721088,tt5721088.jpg,Missing image file: data/IMDB/IMDB_four_genre_posters/tt5721088.jpg,
imdb,all_T=char_replace_S=3,tt7913934,tt7913934.jpg,Missing image file: data/IMDB/IMDB_four_genre_posters/tt7913934.jpg,
imdb,all_T=char_replace_S=3,tt8750570,tt8750570.jpg,Missing image file: data/IMDB/IMDB_four_genre_posters/tt8750570.jpg,
imdb,all_T=char_replace_S=3,tt4481514,tt4481514.jpg,Missing image file: data/IMDB/IMDB_four_genre_posters/tt4481514.jpg,
imdb,all_T=char_replace_S=3,tt14315408,tt14315408.jpg,Missing image file: data/IMDB/IMDB_four_genre_posters/tt14315408.jpg,
imdb,all_T=char_replace_S=3,tt1859522,tt1859522.jpg,Missing image file: data/IMDB/IMDB_four_genre_posters/tt1859522.jpg,
imdb,all_T=char_replace_S=3,tt7988464,tt7988464.jpg,Missing image file: data/IMDB/IMDB_four_genre_posters/tt7988464.jpg,
imdb,all_T=char_replace_S=3,tt11649338,tt11649338.jpg,Missing image file: data/IMDB/IMDB_four_genre_posters/tt11649338.jpg,
imdb,all_T=char_replace_S=3,tt3401882,tt3401882.jpg,Missing image file: data/IMDB/IMDB_four_genre_posters/tt3401882.jpg,
imdb,all_T=char_replace_S=3,tt6432466,tt6432466.jpg,Missing image file: data/IMDB/IMDB_four_genre_posters/tt6432466.jpg,
imdb,all_T=char_replace_S=3,tt7634968,tt7634968.jpg,Missing image file: data/IMDB/IMDB_four_genre_posters/tt7634968.jpg,
imdb,all_T=char_replace_S=3,tt5971474,tt5971474.jpg,Missing image file: data/IMDB/IMDB_four_genre_posters/tt5971474.jpg,
imdb,all_T=keyboard_S=3,tt12783454,tt12783454.jpg,Missing image file: data/IMDB/IMDB_four_genre_posters/tt12783454.jpg,
imdb,all_T=keyboard_S=3,tt8522006,tt8522006.jpg,Missing image file: data/IMDB/IMDB_four_genre_posters/tt8522006.jpg,
imdb,all_T=keyboard_S=3,tt14960572,tt14960572.jpg,Missing image file: data/IMDB/IMDB_four_genre_posters/tt14960572.jpg,
imdb,all_T=keyboard_S=3,tt2763304,tt2763304.jpg,Missing image file: data/IMDB/IMDB_four_genre_posters/tt2763304.jpg,
imdb,all_T=keyboard_S=3,tt10919380,tt10919380.jpg,Missing image file: data/IMDB/IMDB_four_genre_posters/tt10919380.jpg,
imdb,all_T=keyboard_S=3,tt0092720,tt0092720.jpg,Missing image file: data/IMDB/IMDB_four_genre_posters/tt0092720.jpg,
imdb,all_T=keyboard_S=3,tt0120338,tt0120338.jpg,Missing image file: data/IMDB/IMDB_four_genre_posters/tt0120338.jpg,
imdb,all_T=keyboard_S=3,tt17351924,tt17351924.jpg,Missing image file: data/IMDB/IMDB_four_genre_posters/tt17351924.jpg,
imdb,all_T=keyboard_S=3,tt5649108,tt5649108.jpg,Missing image file: data/IMDB/IMDB_four_genre_posters/tt5649108.jpg,
imdb,all_T=keyboard_S=3,tt14715170,tt14715170.jpg,Missing image file: data/IMDB/IMDB_four_genre_posters/tt14715170.jpg,
imdb,all_T=keyboard_S=3,tt10655524,tt10655524.jpg,Missing image file: data/IMDB/IMDB_four_genre_posters/tt10655524.jpg,
imdb,all_T=keyboard_S=3,tt14452776,tt14452776.jpg,Missing image file: data/IMDB/IMDB_four_genre_posters/tt14452776.jpg,
imdb,all_T=keyboard_S=3,tt0332280,tt0332280.jpg,Missing image file: data/IMDB/IMDB_four_genre_posters/tt0332280.jpg,
imdb,all_T=keyboard_S=3,tt27727074,tt27727074.jpg,Missing image file: data/IMDB/IMDB_four_genre_posters/tt27727074.jpg,
imdb,all_T=keyboard_S=3,tt9115530,tt9115530.jpg,Missing image file: data/IMDB/IMDB_four_genre_posters/tt9115530.jpg,
imdb,all_T=keyboard_S=3,tt22743064,tt22743064.jpg,Missing image file: data/IMDB/IMDB_four_genre_posters/tt22743064.jpg,
imdb,all_T=keyboard_S=3,tt14824792,tt14824792.jpg,Missing image file: data/IMDB/IMDB_four_genre_posters/tt14824792.jpg,
imdb,all_T=keyboard_S=3,tt12477480,tt12477480.jpg,Missing image file: data/IMDB/IMDB_four_genre_posters/tt12477480.jpg,
imdb,all_T=keyboard_S=3,tt2080323,tt2080323.jpg,Missing image file: data/IMDB/IMDB_four_genre_posters/tt2080323.jpg,
imdb,all_T=keyboard_S=3,tt18748482,tt18748482.jpg,Missing image file: data/IMDB/IMDB_four_genre_posters/tt18748482.jpg,
imdb,all_T=keyboard_S=3,tt0805184,tt0805184.jpg,Missing image file: data/IMDB/IMDB_four_genre_posters/tt0805184.jpg,
imdb,all_T=keyboard_S=3,tt6412452,tt6412452.jpg,Missing image file: data/IMDB/IMDB_four_genre_posters/tt6412452.jpg,
imdb,all_T=keyboard_S=3,tt8145202,tt8145202.jpg,Missing image file: data/IMDB/IMDB_four_genre_posters/tt8145202.jpg,
imdb,all_T=keyboard_S=3,tt4586828,tt4586828.jpg,Missing image file: data/IMDB/IMDB_four_genre_posters/tt4586828.jpg,
imdb,all_T=keyboard_S=3,tt23144234,tt23144234.jpg,Missing image file: data/IMDB/IMDB_four_genre_posters/tt23144234.jpg,
imdb,all_T=keyboard_S=3,tt9354842,tt9354842.jpg,Missing image file: data/IMDB/IMDB_four_genre_posters/tt9354842.jpg,
imdb,all_T=keyboard_S=3,tt16794528,tt16794528.jpg,Missing image file: data/IMDB/IMDB_four_genre_posters/tt16794528.jpg,
imdb,all_T=keyboard_S=3,tt7349662,tt7349662.jpg,Missing image file: data/IMDB/IMDB_four_genre_posters/tt7349662.jpg,
imdb,all_T=keyboard_S=3,tt8816194,tt8816194.jpg,Missing image file: data/IMDB/IMDB_four_genre_posters/tt8816194.jpg,
imdb,all_T=keyboard_S=3,tt15184804,tt15184804.jpg,Missing image file: data/IMDB/IMDB_four_genre_posters/tt15184804.jpg,
imdb,all_T=keyboard_S=3,tt11795652,tt11795652.jpg,Missing image file: data/IMDB/IMDB_four_genre_posters/tt11795652.jpg,
imdb,all_T=keyboard_S=3,tt13022984,tt13022984.jpg,Missing image file: data/IMDB/IMDB_four_genre_posters/tt13022984.jpg,
imdb,all_T=keyboard_S=3,tt10682266,tt10682266.jpg,Missing image file: data/IMDB/IMDB_four_genre_posters/tt10682266.jpg,
imdb,all_T=keyboard_S=3,tt4565520,tt4565520.jpg,Missing image file: data/IMDB/IMDB_four_genre_posters/tt4565520.jpg,
imdb,all_T=keyboard_S=3,tt2531344,tt2531344.jpg,Missing image file: data/IMDB/IMDB_four_genre_posters/tt2531344.jpg,
imdb,all_T=keyboard_S=3,tt22041854,tt22041854.jpg,Missing image file: data/IMDB/IMDB_four_genre_posters/tt22041854.jpg,
imdb,all_T=keyboard_S=3,tt5978724,tt5978724.jpg,Missing image file: data/IMDB/IMDB_four_genre_posters/tt5978724.jpg,
imdb,all_T=keyboard_S=3,tt0098904,tt0098904.jpg,Missing image file: data/IMDB/IMDB_four_genre_posters/tt0098904.jpg,
imdb,all_T=keyboard_S=3,tt2263648,tt2263648.jpg,Missing image file: data/IMDB/IMDB_four_genre_posters/tt2263648.jpg,
imdb,all_T=keyboard_S=3,tt0070849,tt0070849.jpg,Missing image file: data/IMDB/IMDB_four_genre_posters/tt0070849.jpg,
imdb,all_T=keyboard_S=3,tt7242142,tt7242142.jpg,Missing image file: data/IMDB/IMDB_four_genre_posters/tt7242142.jpg,
imdb,all_T=keyboard_S=3,tt7703924,tt7703924.jpg,Missing image file: data/IMDB/IMDB_four_genre_posters/tt7703924.jpg,
imdb,all_T=keyboard_S=3,tt4758646,tt4758646.jpg,Missing image file: data/IMDB/IMDB_four_genre_posters/tt4758646.jpg,
imdb,all_T=keyboard_S=3,tt2631186,tt2631186.jpg,Missing image file: data/IMDB/IMDB_four_genre_posters/tt2631186.jpg,
imdb,all_T=keyboard_S=3,tt4995790,tt4995790.jpg,Missing image file: data/IMDB/IMDB_four_genre_posters/tt4995790.jpg,
imdb,all_T=keyboard_S=3,tt12045028,tt12045028.jpg,Missing image file: data/IMDB/IMDB_four_genre_posters/tt12045028.jpg,
imdb,all_T=keyboard_S=3,tt14298328,tt14298328.jpg,Missing image file: data/IMDB/IMDB_four_genre_posters/tt14298328.jpg,
imdb,all_T=keyboard_S=3,tt1442437,tt1442437.jpg,Missing image file: data/IMDB/IMDB_four_genre_posters/tt1442437.jpg,
imdb,all_T=keyboard_S=3,tt6217804,tt6217804.jpg,Missing image file: data/IMDB/IMDB_four_genre_posters/tt6217804.jpg,
imdb,all_T=keyboard_S=3,tt8637428,tt8637428.jpg,Missing image file: data/IMDB/IMDB_four_genre_posters/tt8637428.jpg,
imdb,all_T=keyboard_S=3,tt0119558,tt0119558.jpg,Missing image file: data/IMDB/IMDB_four_genre_posters/tt0119558.jpg,
imdb,all_T=keyboard_S=3,tt4477536,tt4477536.jpg,Missing image file: data/IMDB/IMDB_four_genre_posters/tt4477536.jpg,
imdb,all_T=keyboard_S=3,tt13491620,tt13491620.jpg,Missing image file: data/IMDB/IMDB_four_genre_posters/tt13491620.jpg,
imdb,all_T=keyboard_S=3,tt13288678,tt13288678.jpg,Missing image file: data/IMDB/IMDB_four_genre_posters/tt13288678.jpg,
imdb,all_T=keyboard_S=3,tt6644286,tt6644286.jpg,Missing image file: data/IMDB/IMDB_four_genre_posters/tt6644286.jpg,
imdb,all_T=keyboard_S=3,tt0438488,tt0438488.jpg,Missing image file: data/IMDB/IMDB_four_genre_posters/tt0438488.jpg,
imdb,all_T=keyboard_S=3,tt12879624,tt12879624.jpg,Missing image file: data/IMDB/IMDB_four_genre_posters/tt12879624.jpg,
imdb,all_T=keyboard_S=3,tt8801584,tt8801584.jpg,Missing image file: data/IMDB/IMDB_four_genre_posters/tt8801584.jpg,
imdb,all_T=keyboard_S=3,tt12861850,tt12861850.jpg,Missing image file: data/IMDB/IMDB_four_genre_posters/tt12861850.jpg,
imdb,all_T=keyboard_S=3,tt6472976,tt6472976.jpg,Missing image file: data/IMDB/IMDB_four_genre_posters/tt6472976.jpg,
imdb,all_T=keyboard_S=3,tt2322441,tt2322441.jpg,Missing image file: data/IMDB/IMDB_four_genre_posters/tt2322441.jpg,
imdb,all_T=keyboard_S=3,tt29079885,tt29079885.jpg,Missing image file: data/IMDB/IMDB_four_genre_posters/tt29079885.jpg,
imdb,all_T=keyboard_S=3,tt10262380,tt10262380.jpg,Missing image file: data/IMDB/IMDB_four_genre_posters/tt10262380.jpg,
imdb,all_T=keyboard_S=3,tt7374948,tt7374948.jpg,Missing image file: data/IMDB/IMDB_four_genre_posters/tt7374948.jpg,
imdb,all_T=keyboard_S=3,tt15145764,tt15145764.jpg,Missing image file: data/IMDB/IMDB_four_genre_posters/tt15145764.jpg,
imdb,all_T=keyboard_S=3,tt13535454,tt13535454.jpg,Missing image file: data/IMDB/IMDB_four_genre_posters/tt13535454.jpg,
imdb,all_T=keyboard_S=3,tt1562859,tt1562859.jpg,Missing image file: data/IMDB/IMDB_four_genre_posters/tt1562859.jpg,
imdb,all_T=keyboard_S=3,tt1728239,tt1728239.jpg,Missing image file: data/IMDB/IMDB_four_genre_posters/tt1728239.jpg,
imdb,all_T=keyboard_S=3,tt28228231,tt28228231.jpg,Missing image file: data/IMDB/IMDB_four_genre_posters/tt28228231.jpg,
imdb,all_T=keyboard_S=3,tt13406094,tt13406094.jpg,Missing image file: data/IMDB/IMDB_four_genre_posters/tt13406094.jpg,
imdb,all_T=keyboard_S=3,tt4858674,tt4858674.jpg,Missing image file: data/IMDB/IMDB_four_genre_posters/tt4858674.jpg,
imdb,all_T=keyboard_S=3,tt1879030,tt1879030.jpg,Missing image file: data/IMDB/IMDB_four_genre_posters/tt1879030.jpg,
imdb,all_T=keyboard_S=3,tt22488728,tt22488728.jpg,Missing image file: data/IMDB/IMDB_four_genre_posters/tt22488728.jpg,
imdb,all_T=keyboard_S=3,tt9198364,tt9198364.jpg,Missing image file: data/IMDB/IMDB_four_genre_posters/tt9198364.jpg,
imdb,all_T=keyboard_S=3,tt14849194,tt14849194.jpg,Missing image file: data/IMDB/IMDB_four_genre_posters/tt14849194.jpg,
imdb,all_T=keyboard_S=3,tt7838252,tt7838252.jpg,Missing image file: data/IMDB/IMDB_four_genre_posters/tt7838252.jpg,
imdb,all_T=keyboard_S=3,tt9601220,tt9601220.jpg,Missing image file: data/IMDB/IMDB_four_genre_posters/tt9601220.jpg,
imdb,all_T=keyboard_S=3,tt7598076,tt7598076.jpg,Missing image file: data/IMDB/IMDB_four_genre_posters/tt7598076.jpg,
imdb,all_T=keyboard_S=3,tt5027774,tt5027774.jpg,Missing image file: data/IMDB/IMDB_four_genre_posters/tt5027774.jpg,
imdb,all_T=keyboard_S=3,tt0068935,tt0068935.jpg,Missing image file: data/IMDB/IMDB_four_genre_posters/tt0068935.jpg,
imdb,all_T=keyboard_S=3,tt23561236,tt23561236.jpg,Missing image file: data/IMDB/IMDB_four_genre_posters/tt23561236.jpg,
imdb,all_T=keyboard_S=3,tt0488798,tt0488798.jpg,Missing image file: data/IMDB/IMDB_four_genre_posters/tt0488798.jpg,
imdb,all_T=keyboard_S=3,tt1987680,tt1987680.jpg,Missing image file: data/IMDB/IMDB_four_genre_posters/tt1987680.jpg,
imdb,all_T=keyboard_S=3,tt8155182,tt8155182.jpg,Missing image file: data/IMDB/IMDB_four_genre_posters/tt8155182.jpg,
imdb,all_T=keyboard_S=3,tt16116726,tt16116726.jpg,Missing image file: data/IMDB/IMDB_four_genre_posters/tt16116726.jpg,
imdb,all_T=keyboard_S=3,tt11762114,tt11762114.jpg,Missing image file: data/IMDB/IMDB_four_genre_posters/tt11762114.jpg,
imdb,all_T=keyboard_S=3,tt14873696,tt14873696.jpg,Missing image file: data/IMDB/IMDB_four_genre_posters/tt14873696.jpg,
imdb,all_T=keyboard_S=3,tt7014006,tt7014006.jpg,Missing image file: data/IMDB/IMDB_four_genre_posters/tt7014006.jpg,
imdb,all_T=keyboard_S=3,tt9411972,tt9411972.jpg,Missing image file: data/IMDB/IMDB_four_genre_posters/tt9411972.jpg,
imdb,all_T=keyboard_S=3,tt13978306,tt13978306.jpg,Missing image file: data/IMDB/IMDB_four_genre_posters/tt13978306.jpg,
imdb,all_T=keyboard_S=3,tt10023024,tt10023024.jpg,Missing image file: data/IMDB/IMDB_four_genre_posters/tt10023024.jpg,
imdb,all_T=keyboard_S=3,tt0309987,tt0309987.jpg,Missing image file: data/IMDB/IMDB_four_genre_posters/tt0309987.jpg,
imdb,all_T=keyboard_S=3,tt3281548,tt3281548.jpg,Missing image file: data/IMDB/IMDB_four_genre_posters/tt3281548.jpg,
imdb,all_T=keyboard_S=3,tt10687116,tt10687116.jpg,Missing image file: data/IMDB/IMDB_four_genre_posters/tt10687116.jpg,
imdb,all_T=keyboard_S=3,tt0096697,tt0096697.jpg,Missing image file: data/IMDB/IMDB_four_genre_posters/tt0096697.jpg,
imdb,all_T=keyboard_S=3,tt5613484,tt5613484.jpg,Missing image file: data/IMDB/IMDB_four_genre_posters/tt5613484.jpg,
imdb,all_T=keyboard_S=3,tt0059742,tt0059742.jpg,Missing image file: data/IMDB/IMDB_four_genre_posters/tt0059742.jpg,
imdb,all_T=keyboard_S=3,tt15905460,tt15905460.jpg,Missing image file: data/IMDB/IMDB_four_genre_posters/tt15905460.jpg,
imdb,all_T=keyboard_S=3,tt0182576,tt0182576.jpg,Missing image file: data/IMDB/IMDB_four_genre_posters/tt0182576.jpg,
imdb,all_T=keyboard_S=3,tt2568862,tt2568862.jpg,Missing image file: data/IMDB/IMDB_four_genre_posters/tt2568862.jpg,
imdb,all_T=keyboard_S=3,tt15404468,tt15404468.jpg,Missing image file: data/IMDB/IMDB_four_genre_posters/tt15404468.jpg,
imdb,all_T=keyboard_S=3,tt12077970,tt12077970.jpg,Missing image file: data/IMDB/IMDB_four_genre_posters/tt12077970.jpg,
imdb,all_T=keyboard_S=3,tt10676012,tt10676012.jpg,Missing image file: data/IMDB/IMDB_four_genre_posters/tt10676012.jpg,
imdb,all_T=keyboard_S=3,tt1489887,tt1489887.jpg,Missing image file: data/IMDB/IMDB_four_genre_posters/tt1489887.jpg,
imdb,all_T=keyboard_S=3,tt7401588,tt7401588.jpg,Missing image file: data/IMDB/IMDB_four_genre_posters/tt7401588.jpg,
imdb,all_T=keyboard_S=3,tt6841122,tt6841122.jpg,Missing image file: data/IMDB/IMDB_four_genre_posters/tt6841122.jpg,
imdb,all_T=keyboard_S=3,tt5774062,tt5774062.jpg,Missing image file: data/IMDB/IMDB_four_genre_posters/tt5774062.jpg,
imdb,all_T=keyboard_S=3,tt11388822,tt11388822.jpg,Missing image file: data/IMDB/IMDB_four_genre_posters/tt11388822.jpg,
imdb,all_T=keyboard_S=3,tt22488414,tt22488414.jpg,Missing image file: data/IMDB/IMDB_four_genre_posters/tt22488414.jpg,
imdb,all_T=keyboard_S=3,tt15022184,tt15022184.jpg,Missing image file: data/IMDB/IMDB_four_genre_posters/tt15022184.jpg,
imdb,all_T=keyboard_S=3,tt3846674,tt3846674.jpg,Missing image file: data/IMDB/IMDB_four_genre_posters/tt3846674.jpg,
imdb,all_T=keyboard_S=3,tt3272066,tt3272066.jpg,Missing image file: data/IMDB/IMDB_four_genre_posters/tt3272066.jpg,
imdb,all_T=keyboard_S=3,tt7660850,tt7660850.jpg,Missing image file: data/IMDB/IMDB_four_genre_posters/tt7660850.jpg,
imdb,all_T=keyboard_S=3,tt0368530,tt0368530.jpg,Missing image file: data/IMDB/IMDB_four_genre_posters/tt0368530.jpg,
imdb,all_T=keyboard_S=3,tt5503686,tt5503686.jpg,Missing image file: data/IMDB/IMDB_four_genre_posters/tt5503686.jpg,
imdb,all_T=keyboard_S=3,tt6513120,tt6513120.jpg,Missing image file: data/IMDB/IMDB_four_genre_posters/tt6513120.jpg,
imdb,all_T=keyboard_S=3,tt5439812,tt5439812.jpg,Missing image file: data/IMDB/IMDB_four_genre_posters/tt5439812.jpg,
imdb,all_T=keyboard_S=3,tt3982212,tt3982212.jpg,Missing image file: data/IMDB/IMDB_four_genre_posters/tt3982212.jpg,
imdb,all_T=keyboard_S=3,tt11698662,tt11698662.jpg,Missing image file: data/IMDB/IMDB_four_genre_posters/tt11698662.jpg,
imdb,all_T=keyboard_S=3,tt1563742,tt1563742.jpg,Missing image file: data/IMDB/IMDB_four_genre_posters/tt1563742.jpg,
imdb,all_T=keyboard_S=3,tt13623608,tt13623608.jpg,Missing image file: data/IMDB/IMDB_four_genre_posters/tt13623608.jpg,
imdb,all_T=keyboard_S=3,tt2709692,tt2709692.jpg,Missing image file: data/IMDB/IMDB_four_genre_posters/tt2709692.jpg,
imdb,all_T=keyboard_S=3,tt28229086,tt28229086.jpg,Missing image file: data/IMDB/IMDB_four_genre_posters/tt28229086.jpg,
imdb,all_T=keyboard_S=3,tt5164432,tt5164432.jpg,Missing image file: data/IMDB/IMDB_four_genre_posters/tt5164432.jpg,
imdb,all_T=keyboard_S=3,tt0419058,tt0419058.jpg,Missing image file: data/IMDB/IMDB_four_genre_posters/tt0419058.jpg,
imdb,all_T=keyboard_S=3,tt0070034,tt0070034.jpg,Missing image file: data/IMDB/IMDB_four_genre_posters/tt0070034.jpg,
imdb,all_T=keyboard_S=3,tt11426572,tt11426572.jpg,Missing image file: data/IMDB/IMDB_four_genre_posters/tt11426572.jpg,
imdb,all_T=keyboard_S=3,tt11127878,tt11127878.jpg,Missing image file: data/IMDB/IMDB_four_genre_posters/tt11127878.jpg,
imdb,all_T=keyboard_S=3,tt1620981,tt1620981.jpg,Missing image file: data/IMDB/IMDB_four_genre_posters/tt1620981.jpg,
imdb,all_T=keyboard_S=3,tt3581652,tt3581652.jpg,Missing image file: data/IMDB/IMDB_four_genre_posters/tt3581652.jpg,
imdb,all_T=keyboard_S=3,tt0242519,tt0242519.jpg,Missing image file: data/IMDB/IMDB_four_genre_posters/tt0242519.jpg,
imdb,all_T=keyboard_S=3,tt1433905,tt1433905.jpg,Missing image file: data/IMDB/IMDB_four_genre_posters/tt1433905.jpg,
imdb,all_T=keyboard_S=3,tt8695030,tt8695030.jpg,Missing image file: data/IMDB/IMDB_four_genre_posters/tt8695030.jpg,
imdb,all_T=keyboard_S=3,tt5308322,tt5308322.jpg,Missing image file: data/IMDB/IMDB_four_genre_posters/tt5308322.jpg,
imdb,all_T=keyboard_S=3,tt14783042,tt14783042.jpg,Missing image file: data/IMDB/IMDB_four_genre_posters/tt14783042.jpg,
imdb,all_T=keyboard_S=3,tt10042590,tt10042590.jpg,Missing image file: data/IMDB/IMDB_four_genre_posters/tt10042590.jpg,
imdb,all_T=keyboard_S=3,tt8960382,tt8960382.jpg,Missing image file: data/IMDB/IMDB_four_genre_posters/tt8960382.jpg,
imdb,all_T=keyboard_S=3,tt5697572,tt5697572.jpg,Missing image file: data/IMDB/IMDB_four_genre_posters/tt5697572.jpg,
imdb,all_T=keyboard_S=3,tt5710514,tt5710514.jpg,Missing image file: data/IMDB/IMDB_four_genre_posters/tt5710514.jpg,
imdb,all_T=keyboard_S=3,tt11772746,tt11772746.jpg,Missing image file: data/IMDB/IMDB_four_genre_posters/tt11772746.jpg,
imdb,all_T=keyboard_S=3,tt0104014,tt0104014.jpg,Missing image file: data/IMDB/IMDB_four_genre_posters/tt0104014.jpg,
imdb,all_T=keyboard_S=3,tt7131622,tt7131622.jpg,Missing image file: data/IMDB/IMDB_four_genre_posters/tt7131622.jpg,
imdb,all_T=keyboard_S=3,tt8949056,tt8949056.jpg,Missing image file: data/IMDB/IMDB_four_genre_posters/tt8949056.jpg,
imdb,all_T=keyboard_S=3,tt5462326,tt5462326.jpg,Missing image file: data/IMDB/IMDB_four_genre_posters/tt5462326.jpg,
imdb,all_T=keyboard_S=3,tt6367558,tt6367558.jpg,Missing image file: data/IMDB/IMDB_four_genre_posters/tt6367558.jpg,
imdb,all_T=keyboard_S=3,tt23472806,tt23472806.jpg,Missing image file: data/IMDB/IMDB_four_genre_posters/tt23472806.jpg,
imdb,all_T=keyboard_S=3,tt13438634,tt13438634.jpg,Missing image file: data/IMDB/IMDB_four_genre_posters/tt13438634.jpg,
imdb,all_T=keyboard_S=3,tt1578116,tt1578116.jpg,Missing image file: data/IMDB/IMDB_four_genre_posters/tt1578116.jpg,
imdb,all_T=keyboard_S=3,tt5610554,tt5610554.jpg,Missing image file: data/IMDB/IMDB_four_genre_posters/tt5610554.jpg,
imdb,all_T=keyboard_S=3,tt1340138,tt1340138.jpg,Missing image file: data/IMDB/IMDB_four_genre_posters/tt1340138.jpg,
imdb,all_T=keyboard_S=3,tt0845448,tt0845448.jpg,Missing image file: data/IMDB/IMDB_four_genre_posters/tt0845448.jpg,
imdb,all_T=keyboard_S=3,tt1637725,tt1637725.jpg,Missing image file: data/IMDB/IMDB_four_genre_posters/tt1637725.jpg,
imdb,all_T=keyboard_S=3,tt2119543,tt2119543.jpg,Missing image file: data/IMDB/IMDB_four_genre_posters/tt2119543.jpg,
imdb,all_T=keyboard_S=3,tt3794354,tt3794354.jpg,Missing image file: data/IMDB/IMDB_four_genre_posters/tt3794354.jpg,
imdb,all_T=keyboard_S=3,tt9484998,tt9484998.jpg,Missing image file: data/IMDB/IMDB_four_genre_posters/tt9484998.jpg,
imdb,all_T=keyboard_S=3,tt6823148,tt6823148.jpg,Missing image file: data/IMDB/IMDB_four_genre_posters/tt6823148.jpg,
imdb,all_T=keyboard_S=3,tt13224758,tt13224758.jpg,Missing image file: data/IMDB/IMDB_four_genre_posters/tt13224758.jpg,
imdb,all_T=keyboard_S=3,tt2139881,tt2139881.jpg,Missing image file: data/IMDB/IMDB_four_genre_posters/tt2139881.jpg,
imdb,all_T=keyboard_S=3,tt0386676,tt0386676.jpg,Missing image file: data/IMDB/IMDB_four_genre_posters/tt0386676.jpg,
imdb,all_T=keyboard_S=3,tt2752200,tt2752200.jpg,Missing image file: data/IMDB/IMDB_four_genre_posters/tt2752200.jpg,
imdb,all_T=keyboard_S=3,tt1575539,tt1575539.jpg,Missing image file: data/IMDB/IMDB_four_genre_posters/tt1575539.jpg,
imdb,all_T=keyboard_S=3,tt16360006,tt16360006.jpg,Missing image file: data/IMDB/IMDB_four_genre_posters/tt16360006.jpg,
imdb,all_T=keyboard_S=3,tt22302170,tt22302170.jpg,Missing image file: data/IMDB/IMDB_four_genre_posters/tt22302170.jpg,
imdb,all_T=keyboard_S=3,tt4686844,tt4686844.jpg,Missing image file: data/IMDB/IMDB_four_genre_posters/tt4686844.jpg,
imdb,all_T=keyboard_S=3,tt7653254,tt7653254.jpg,Missing image file: data/IMDB/IMDB_four_genre_posters/tt7653254.jpg,
imdb,all_T=keyboard_S=3,tt13479258,tt13479258.jpg,Missing image file: data/IMDB/IMDB_four_genre_posters/tt13479258.jpg,
imdb,all_T=keyboard_S=3,tt7070818,tt7070818.jpg,Missing image file: data/IMDB/IMDB_four_genre_posters/tt7070818.jpg,
imdb,all_T=keyboard_S=3,tt15214902,tt15214902.jpg,Missing image file: data/IMDB/IMDB_four_genre_posters/tt15214902.jpg,
imdb,all_T=keyboard_S=3,tt10364034,tt10364034.jpg,Missing image file: data/IMDB/IMDB_four_genre_posters/tt10364034.jpg,
imdb,all_T=keyboard_S=3,tt11219254,tt11219254.jpg,Missing image file: data/IMDB/IMDB_four_genre_posters/tt11219254.jpg,
imdb,all_T=keyboard_S=3,tt15255288,tt15255288.jpg,Missing image file: data/IMDB/IMDB_four_genre_posters/tt15255288.jpg,
imdb,all_T=keyboard_S=3,tt4465564,tt4465564.jpg,Missing image file: data/IMDB/IMDB_four_genre_posters/tt4465564.jpg,
imdb,all_T=keyboard_S=3,tt7979142,tt7979142.jpg,Missing image file: data/IMDB/IMDB_four_genre_posters/tt7979142.jpg,
imdb,all_T=keyboard_S=3,tt7286836,tt7286836.jpg,Missing image file: data/IMDB/IMDB_four_genre_posters/tt7286836.jpg,
imdb,all_T=keyboard_S=3,tt0098878,tt0098878.jpg,Missing image file: data/IMDB/IMDB_four_genre_posters/tt0098878.jpg,
imdb,all_T=keyboard_S=3,tt5666304,tt5666304.jpg,Missing image file: data/IMDB/IMDB_four_genre_posters/tt5666304.jpg,
imdb,all_T=keyboard_S=3,tt13751694,tt13751694.jpg,Missing image file: data/IMDB/IMDB_four_genre_posters/tt13751694.jpg,
imdb,all_T=keyboard_S=3,tt12741494,tt12741494.jpg,Missing image file: data/IMDB/IMDB_four_genre_posters/tt12741494.jpg,
imdb,all_T=keyboard_S=3,tt2584384,tt2584384.jpg,Missing image file: data/IMDB/IMDB_four_genre_posters/tt2584384.jpg,
imdb,all_T=keyboard_S=3,tt0411705,tt0411705.jpg,Missing image file: data/IMDB/IMDB_four_genre_posters/tt0411705.jpg,
imdb,all_T=keyboard_S=3,tt4765284,tt4765284.jpg,Missing image file: data/IMDB/IMDB_four_genre_posters/tt4765284.jpg,
imdb,all_T=keyboard_S=3,tt5657846,tt5657846.jpg,Missing image file: data/IMDB/IMDB_four_genre_posters/tt5657846.jpg,
imdb,all_T=keyboard_S=3,tt0995035,tt0995035.jpg,Missing image file: data/IMDB/IMDB_four_genre_posters/tt0995035.jpg,
imdb,all_T=keyboard_S=3,tt11540284,tt11540284.jpg,Missing image file: data/IMDB/IMDB_four_genre_posters/tt11540284.jpg,
imdb,all_T=keyboard_S=3,tt21192142,tt21192142.jpg,Missing image file: data/IMDB/IMDB_four_genre_posters/tt21192142.jpg,
imdb,all_T=keyboard_S=3,tt13401252,tt13401252.jpg,Missing image file: data/IMDB/IMDB_four_genre_posters/tt13401252.jpg,
imdb,all_T=keyboard_S=3,tt4225622,tt4225622.jpg,Missing image file: data/IMDB/IMDB_four_genre_posters/tt4225622.jpg,
imdb,all_T=keyboard_S=3,tt21115444,tt21115444.jpg,Missing image file: data/IMDB/IMDB_four_genre_posters/tt21115444.jpg,
imdb,all_T=keyboard_S=3,tt19769320,tt19769320.jpg,Missing image file: data/IMDB/IMDB_four_genre_posters/tt19769320.jpg,
imdb,all_T=keyboard_S=3,tt0194314,tt0194314.jpg,Missing image file: data/IMDB/IMDB_four_genre_posters/tt0194314.jpg,
imdb,all_T=keyboard_S=3,tt10366514,tt10366514.jpg,Missing image file: data/IMDB/IMDB_four_genre_posters/tt10366514.jpg,
imdb,all_T=keyboard_S=3,tt0254455,tt0254455.jpg,Missing image file: data/IMDB/IMDB_four_genre_posters/tt0254455.jpg,
imdb,all_T=keyboard_S=3,tt0338013,tt0338013.jpg,Missing image file: data/IMDB/IMDB_four_genre_posters/tt0338013.jpg,
imdb,all_T=keyboard_S=3,tt6226232,tt6226232.jpg,Missing image file: data/IMDB/IMDB_four_genre_posters/tt6226232.jpg,
imdb,all_T=keyboard_S=3,tt0111573,tt0111573.jpg,Missing image file: data/IMDB/IMDB_four_genre_posters/tt0111573.jpg,
imdb,all_T=keyboard_S=3,tt4126476,tt4126476.jpg,Missing image file: data/IMDB/IMDB_four_genre_posters/tt4126476.jpg,
imdb,all_T=keyboard_S=3,tt2278871,tt2278871.jpg,Missing image file: data/IMDB/IMDB_four_genre_posters/tt2278871.jpg,
imdb,all_T=keyboard_S=3,tt8079248,tt8079248.jpg,Missing image file: data/IMDB/IMDB_four_genre_posters/tt8079248.jpg,
imdb,all_T=keyboard_S=3,tt11771594,tt11771594.jpg,Missing image file: data/IMDB/IMDB_four_genre_posters/tt11771594.jpg,
imdb,all_T=keyboard_S=3,tt11317142,tt11317142.jpg,Missing image file: data/IMDB/IMDB_four_genre_posters/tt11317142.jpg,
imdb,all_T=keyboard_S=3,tt8976576,tt8976576.jpg,Missing image file: data/IMDB/IMDB_four_genre_posters/tt8976576.jpg,
imdb,all_T=keyboard_S=3,tt1263750,tt1263750.jpg,Missing image file: data/IMDB/IMDB_four_genre_posters/tt1263750.jpg,
imdb,all_T=keyboard_S=3,tt0213847,tt0213847.jpg,Missing image file: data/IMDB/IMDB_four_genre_posters/tt0213847.jpg,
imdb,all_T=keyboard_S=3,tt0348529,tt0348529.jpg,Missing image file: data/IMDB/IMDB_four_genre_posters/tt0348529.jpg,
imdb,all_T=keyboard_S=3,tt0372909,tt0372909.jpg,Missing image file: data/IMDB/IMDB_four_genre_posters/tt0372909.jpg,
imdb,all_T=keyboard_S=3,tt10399674,tt10399674.jpg,Missing image file: data/IMDB/IMDB_four_genre_posters/tt10399674.jpg,
imdb,all_T=keyboard_S=3,tt7040874,tt7040874.jpg,Missing image file: data/IMDB/IMDB_four_genre_posters/tt7040874.jpg,
imdb,all_T=keyboard_S=3,tt0480919,tt0480919.jpg,Missing image file: data/IMDB/IMDB_four_genre_posters/tt0480919.jpg,
imdb,all_T=keyboard_S=3,tt0418832,tt0418832.jpg,Missing image file: data/IMDB/IMDB_four_genre_posters/tt0418832.jpg,
imdb,all_T=keyboard_S=3,tt0377092,tt0377092.jpg,Missing image file: data/IMDB/IMDB_four_genre_posters/tt0377092.jpg,
imdb,all_T=keyboard_S=3,tt5688932,tt5688932.jpg,Missing image file: data/IMDB/IMDB_four_genre_posters/tt5688932.jpg,
imdb,all_T=keyboard_S=3,tt10698680,tt10698680.jpg,Missing image file: data/IMDB/IMDB_four_genre_posters/tt10698680.jpg,
imdb,all_T=keyboard_S=3,tt5619332,tt5619332.jpg,Missing image file: data/IMDB/IMDB_four_genre_posters/tt5619332.jpg,
imdb,all_T=keyboard_S=3,tt8155288,tt8155288.jpg,Missing image file: data/IMDB/IMDB_four_genre_posters/tt8155288.jpg,
imdb,all_T=keyboard_S=3,tt8079510,tt8079510.jpg,Missing image file: data/IMDB/IMDB_four_genre_posters/tt8079510.jpg,
imdb,all_T=keyboard_S=3,tt6317762,tt6317762.jpg,Missing image file: data/IMDB/IMDB_four_genre_posters/tt6317762.jpg,
imdb,all_T=keyboard_S=3,tt9632590,tt9632590.jpg,Missing image file: data/IMDB/IMDB_four_genre_posters/tt9632590.jpg,
imdb,all_T=keyboard_S=3,tt11286314,tt11286314.jpg,Missing image file: data/IMDB/IMDB_four_genre_posters/tt11286314.jpg,
imdb,all_T=keyboard_S=3,tt0397442,tt0397442.jpg,Missing image file: data/IMDB/IMDB_four_genre_posters/tt0397442.jpg,
imdb,all_T=keyboard_S=3,tt21205440,tt21205440.jpg,Missing image file: data/IMDB/IMDB_four_genre_posters/tt21205440.jpg,
imdb,all_T=keyboard_S=3,tt8718158,tt8718158.jpg,Missing image file: data/IMDB/IMDB_four_genre_posters/tt8718158.jpg,
imdb,all_T=keyboard_S=3,tt8707922,tt8707922.jpg,Missing image file: data/IMDB/IMDB_four_genre_posters/tt8707922.jpg,
imdb,all_T=keyboard_S=3,tt0806088,tt0806088.jpg,Missing image file: data/IMDB/IMDB_four_genre_posters/tt0806088.jpg,
imdb,all_T=keyboard_S=3,tt7161712,tt7161712.jpg,Missing image file: data/IMDB/IMDB_four_genre_posters/tt7161712.jpg,
imdb,all_T=keyboard_S=3,tt3799232,tt3799232.jpg,Missing image file: data/IMDB/IMDB_four_genre_posters/tt3799232.jpg,
imdb,all_T=keyboard_S=3,tt4925292,tt4925292.jpg,Missing image file: data/IMDB/IMDB_four_genre_posters/tt4925292.jpg,
imdb,all_T=keyboard_S=3,tt8075260,tt8075260.jpg,Missing image file: data/IMDB/IMDB_four_genre_posters/tt8075260.jpg,
imdb,all_T=keyboard_S=3,tt6108178,tt6108178.jpg,Missing image file: data/IMDB/IMDB_four_genre_posters/tt6108178.jpg,
imdb,all_T=keyboard_S=3,tt15326988,tt15326988.jpg,Missing image file: data/IMDB/IMDB_four_genre_posters/tt15326988.jpg,
imdb,all_T=keyboard_S=3,tt8783130,tt8783130.jpg,Missing image file: data/IMDB/IMDB_four_genre_posters/tt8783130.jpg,
imdb,all_T=keyboard_S=3,tt6857166,tt6857166.jpg,Missing image file: data/IMDB/IMDB_four_genre_posters/tt6857166.jpg,
imdb,all_T=keyboard_S=3,tt12789558,tt12789558.jpg,Missing image file: data/IMDB/IMDB_four_genre_posters/tt12789558.jpg,
imdb,all_T=keyboard_S=3,tt6173826,tt6173826.jpg,Missing image file: data/IMDB/IMDB_four_genre_posters/tt6173826.jpg,
imdb,all_T=keyboard_S=3,tt1586680,tt1586680.jpg,Missing image file: data/IMDB/IMDB_four_genre_posters/tt1586680.jpg,
imdb,all_T=keyboard_S=3,tt21223048,tt21223048.jpg,Missing image file: data/IMDB/IMDB_four_genre_posters/tt21223048.jpg,
imdb,all_T=keyboard_S=3,tt14914988,tt14914988.jpg,Missing image file: data/IMDB/IMDB_four_genre_posters/tt14914988.jpg,
imdb,all_T=keyboard_S=3,tt1298644,tt1298644.jpg,Missing image file: data/IMDB/IMDB_four_genre_posters/tt1298644.jpg,
imdb,all_T=keyboard_S=3,tt15576460,tt15576460.jpg,Missing image file: data/IMDB/IMDB_four_genre_posters/tt15576460.jpg,
imdb,all_T=keyboard_S=3,tt6957966,tt6957966.jpg,Missing image file: data/IMDB/IMDB_four_genre_posters/tt6957966.jpg,
imdb,all_T=keyboard_S=3,tt0472954,tt0472954.jpg,Missing image file: data/IMDB/IMDB_four_genre_posters/tt0472954.jpg,
imdb,all_T=keyboard_S=3,tt2861424,tt2861424.jpg,Missing image file: data/IMDB/IMDB_four_genre_posters/tt2861424.jpg,
imdb,all_T=keyboard_S=3,tt1092005,tt1092005.jpg,Missing image file: data/IMDB/IMDB_four_genre_posters/tt1092005.jpg,
imdb,all_T=keyboard_S=3,tt0098063,tt0098063.jpg,Missing image file: data/IMDB/IMDB_four_genre_posters/tt0098063.jpg,
imdb,all_T=keyboard_S=3,tt6257174,tt6257174.jpg,Missing image file: data/IMDB/IMDB_four_genre_posters/tt6257174.jpg,
imdb,all_T=keyboard_S=3,tt0254686,tt0254686.jpg,Missing image file: data/IMDB/IMDB_four_genre_posters/tt0254686.jpg,
imdb,all_T=keyboard_S=3,tt7139936,tt7139936.jpg,Missing image file: data/IMDB/IMDB_four_genre_posters/tt7139936.jpg,
imdb,all_T=keyboard_S=3,tt5974030,tt5974030.jpg,Missing image file: data/IMDB/IMDB_four_genre_posters/tt5974030.jpg,
imdb,all_T=keyboard_S=3,tt11934846,tt11934846.jpg,Missing image file: data/IMDB/IMDB_four_genre_posters/tt11934846.jpg,
imdb,all_T=keyboard_S=3,tt8400584,tt8400584.jpg,Missing image file: data/IMDB/IMDB_four_genre_posters/tt8400584.jpg,
imdb,all_T=keyboard_S=3,tt1478839,tt1478839.jpg,Missing image file: data/IMDB/IMDB_four_genre_posters/tt1478839.jpg,
imdb,all_T=keyboard_S=3,tt5073620,tt5073620.jpg,Missing image file: data/IMDB/IMDB_four_genre_posters/tt5073620.jpg,
imdb,all_T=keyboard_S=3,tt9058654,tt9058654.jpg,Missing image file: data/IMDB/IMDB_four_genre_posters/tt9058654.jpg,
imdb,all_T=keyboard_S=3,tt16952820,tt16952820.jpg,Missing image file: data/IMDB/IMDB_four_genre_posters/tt16952820.jpg,
imdb,all_T=keyboard_S=3,tt0851851,tt0851851.jpg,Missing image file: data/IMDB/IMDB_four_genre_posters/tt0851851.jpg,
imdb,all_T=keyboard_S=3,tt1806913,tt1806913.jpg,Missing image file: data/IMDB/IMDB_four_genre_posters/tt1806913.jpg,
imdb,all_T=keyboard_S=3,tt6166392,tt6166392.jpg,Missing image file: data/IMDB/IMDB_four_genre_posters/tt6166392.jpg,
imdb,all_T=keyboard_S=3,tt9686708,tt9686708.jpg,Missing image file: data/IMDB/IMDB_four_genre_posters/tt9686708.jpg,
imdb,all_T=keyboard_S=3,tt2402927,tt2402927.jpg,Missing image file: data/IMDB/IMDB_four_genre_posters/tt2402927.jpg,
imdb,all_T=keyboard_S=3,tt4103724,tt4103724.jpg,Missing image file: data/IMDB/IMDB_four_genre_posters/tt4103724.jpg,
imdb,all_T=keyboard_S=3,tt2937366,tt2937366.jpg,Missing image file: data/IMDB/IMDB_four_genre_posters/tt2937366.jpg,
imdb,all_T=keyboard_S=3,tt9893250,tt9893250.jpg,Missing image file: data/IMDB/IMDB_four_genre_posters/tt9893250.jpg,
imdb,all_T=keyboard_S=3,tt0256103,tt0256103.jpg,Missing image file: data/IMDB/IMDB_four_genre_posters/tt0256103.jpg,
imdb,all_T=keyboard_S=3,tt7453138,tt7453138.jpg,Missing image file: data/IMDB/IMDB_four_genre_posters/tt7453138.jpg,
imdb,all_T=keyboard_S=3,tt13320622,tt13320622.jpg,Missing image file: data/IMDB/IMDB_four_genre_posters/tt13320622.jpg,
imdb,all_T=keyboard_S=3,tt0495034,tt0495034.jpg,Missing image file: data/IMDB/IMDB_four_genre_posters/tt0495034.jpg,
imdb,all_T=keyboard_S=3,tt10287908,tt10287908.jpg,Missing image file: data/IMDB/IMDB_four_genre_posters/tt10287908.jpg,
imdb,all_T=keyboard_S=3,tt5692390,tt5692390.jpg,Missing image file: data/IMDB/IMDB_four_genre_posters/tt5692390.jpg,
imdb,all_T=keyboard_S=3,tt18372308,tt18372308.jpg,Missing image file: data/IMDB/IMDB_four_genre_posters/tt18372308.jpg,
imdb,all_T=keyboard_S=3,tt22442176,tt22442176.jpg,Missing image file: data/IMDB/IMDB_four_genre_posters/tt22442176.jpg,
imdb,all_T=keyboard_S=3,tt8976664,tt8976664.jpg,Missing image file: data/IMDB/IMDB_four_genre_posters/tt8976664.jpg,
imdb,all_T=keyboard_S=3,tt8623904,tt8623904.jpg,Missing image file: data/IMDB/IMDB_four_genre_posters/tt8623904.jpg,
imdb,all_T=keyboard_S=3,tt6511932,tt6511932.jpg,Missing image file: data/IMDB/IMDB_four_genre_posters/tt6511932.jpg,
imdb,all_T=keyboard_S=3,tt11464446,tt11464446.jpg,Missing image file: data/IMDB/IMDB_four_genre_posters/tt11464446.jpg,
imdb,all_T=keyboard_S=3,tt0117737,tt0117737.jpg,Missing image file: data/IMDB/IMDB_four_genre_posters/tt0117737.jpg,
imdb,all_T=keyboard_S=3,tt1570970,tt1570970.jpg,Missing image file: data/IMDB/IMDB_four_genre_posters/tt1570970.jpg,
imdb,all_T=keyboard_S=3,tt8580274,tt8580274.jpg,Missing image file: data/IMDB/IMDB_four_genre_posters/tt8580274.jpg,
imdb,all_T=keyboard_S=3,tt7738450,tt7738450.jpg,Missing image file: data/IMDB/IMDB_four_genre_posters/tt7738450.jpg,
imdb,all_T=keyboard_S=3,tt3104988,tt3104988.jpg,Missing image file: data/IMDB/IMDB_four_genre_posters/tt3104988.jpg,
imdb,all_T=keyboard_S=3,tt4799050,tt4799050.jpg,Missing image file: data/IMDB/IMDB_four_genre_posters/tt4799050.jpg,
imdb,all_T=keyboard_S=3,tt8323120,tt8323120.jpg,Missing image file: data/IMDB/IMDB_four_genre_posters/tt8323120.jpg,
imdb,all_T=keyboard_S=3,tt9389998,tt9389998.jpg,Missing image file: data/IMDB/IMDB_four_genre_posters/tt9389998.jpg,
imdb,all_T=keyboard_S=3,tt20414932,tt20414932.jpg,Missing image file: data/IMDB/IMDB_four_genre_posters/tt20414932.jpg,
imdb,all_T=keyboard_S=3,tt13318052,tt13318052.jpg,Missing image file: data/IMDB/IMDB_four_genre_posters/tt13318052.jpg,
imdb,all_T=keyboard_S=3,tt21361340,tt21361340.jpg,Missing image file: data/IMDB/IMDB_four_genre_posters/tt21361340.jpg,
imdb,all_T=keyboard_S=3,tt14993250,tt14993250.jpg,Missing image file: data/IMDB/IMDB_four_genre_posters/tt14993250.jpg,
imdb,all_T=keyboard_S=3,tt6359956,tt6359956.jpg,Missing image file: data/IMDB/IMDB_four_genre_posters/tt6359956.jpg,
imdb,all_T=keyboard_S=3,tt1798709,tt1798709.jpg,Missing image file: data/IMDB/IMDB_four_genre_posters/tt1798709.jpg,
imdb,all_T=keyboard_S=3,tt13438628,tt13438628.jpg,Missing image file: data/IMDB/IMDB_four_genre_posters/tt13438628.jpg,
imdb,all_T=keyboard_S=3,tt20251822,tt20251822.jpg,Missing image file: data/IMDB/IMDB_four_genre_posters/tt20251822.jpg,
imdb,all_T=keyboard_S=3,tt8946378,tt8946378.jpg,Missing image file: data/IMDB/IMDB_four_genre_posters/tt8946378.jpg,
imdb,all_T=keyboard_S=3,tt7645122,tt7645122.jpg,Missing image file: data/IMDB/IMDB_four_genre_posters/tt7645122.jpg,
imdb,all_T=keyboard_S=3,tt20258072,tt20258072.jpg,Missing image file: data/IMDB/IMDB_four_genre_posters/tt20258072.jpg,
imdb,all_T=keyboard_S=3,tt0110200,tt0110200.jpg,Missing image file: data/IMDB/IMDB_four_genre_posters/tt0110200.jpg,
imdb,all_T=keyboard_S=3,tt5865326,tt5865326.jpg,Missing image file: data/IMDB/IMDB_four_genre_posters/tt5865326.jpg,
imdb,all_T=keyboard_S=3,tt1976540,tt1976540.jpg,Missing image file: data/IMDB/IMDB_four_genre_posters/tt1976540.jpg,
imdb,all_T=keyboard_S=3,tt6911608,tt6911608.jpg,Missing image file: data/IMDB/IMDB_four_genre_posters/tt6911608.jpg,
imdb,all_T=keyboard_S=3,tt5721088,tt5721088.jpg,Missing image file: data/IMDB/IMDB_four_genre_posters/tt5721088.jpg,
imdb,all_T=keyboard_S=3,tt7913934,tt7913934.jpg,Missing image file: data/IMDB/IMDB_four_genre_posters/tt7913934.jpg,
imdb,all_T=keyboard_S=3,tt8750570,tt8750570.jpg,Missing image file: data/IMDB/IMDB_four_genre_posters/tt8750570.jpg,
imdb,all_T=keyboard_S=3,tt4481514,tt4481514.jpg,Missing image file: data/IMDB/IMDB_four_genre_posters/tt4481514.jpg,
imdb,all_T=keyboard_S=3,tt14315408,tt14315408.jpg,Missing image file: data/IMDB/IMDB_four_genre_posters/tt14315408.jpg,
imdb,all_T=keyboard_S=3,tt1859522,tt1859522.jpg,Missing image file: data/IMDB/IMDB_four_genre_posters/tt1859522.jpg,
imdb,all_T=keyboard_S=3,tt7988464,tt7988464.jpg,Missing image file: data/IMDB/IMDB_four_genre_posters/tt7988464.jpg,
imdb,all_T=keyboard_S=3,tt11649338,tt11649338.jpg,Missing image file: data/IMDB/IMDB_four_genre_posters/tt11649338.jpg,
imdb,all_T=keyboard_S=3,tt3401882,tt3401882.jpg,Missing image file: data/IMDB/IMDB_four_genre_posters/tt3401882.jpg,
imdb,all_T=keyboard_S=3,tt6432466,tt6432466.jpg,Missing image file: data/IMDB/IMDB_four_genre_posters/tt6432466.jpg,
imdb,all_T=keyboard_S=3,tt7634968,tt7634968.jpg,Missing image file: data/IMDB/IMDB_four_genre_posters/tt7634968.jpg,
imdb,all_T=keyboard_S=3,tt5971474,tt5971474.jpg,Missing image file: data/IMDB/IMDB_four_genre_posters/tt5971474.jpg,
imdb,all_T=ocr_S=3,tt12783454,tt12783454.jpg,Missing image file: data/IMDB/IMDB_four_genre_posters/tt12783454.jpg,
imdb,all_T=ocr_S=3,tt8522006,tt8522006.jpg,Missing image file: data/IMDB/IMDB_four_genre_posters/tt8522006.jpg,
imdb,all_T=ocr_S=3,tt14960572,tt14960572.jpg,Missing image file: data/IMDB/IMDB_four_genre_posters/tt14960572.jpg,
imdb,all_T=ocr_S=3,tt2763304,tt2763304.jpg,Missing image file: data/IMDB/IMDB_four_genre_posters/tt2763304.jpg,
imdb,all_T=ocr_S=3,tt10919380,tt10919380.jpg,Missing image file: data/IMDB/IMDB_four_genre_posters/tt10919380.jpg,
imdb,all_T=ocr_S=3,tt0092720,tt0092720.jpg,Missing image file: data/IMDB/IMDB_four_genre_posters/tt0092720.jpg,
imdb,all_T=ocr_S=3,tt0120338,tt0120338.jpg,Missing image file: data/IMDB/IMDB_four_genre_posters/tt0120338.jpg,
imdb,all_T=ocr_S=3,tt17351924,tt17351924.jpg,Missing image file: data/IMDB/IMDB_four_genre_posters/tt17351924.jpg,
imdb,all_T=ocr_S=3,tt5649108,tt5649108.jpg,Missing image file: data/IMDB/IMDB_four_genre_posters/tt5649108.jpg,
imdb,all_T=ocr_S=3,tt14715170,tt14715170.jpg,Missing image file: data/IMDB/IMDB_four_genre_posters/tt14715170.jpg,
imdb,all_T=ocr_S=3,tt10655524,tt10655524.jpg,Missing image file: data/IMDB/IMDB_four_genre_posters/tt10655524.jpg,
imdb,all_T=ocr_S=3,tt14452776,tt14452776.jpg,Missing image file: data/IMDB/IMDB_four_genre_posters/tt14452776.jpg,
imdb,all_T=ocr_S=3,tt0332280,tt0332280.jpg,Missing image file: data/IMDB/IMDB_four_genre_posters/tt0332280.jpg,
imdb,all_T=ocr_S=3,tt27727074,tt27727074.jpg,Missing image file: data/IMDB/IMDB_four_genre_posters/tt27727074.jpg,
imdb,all_T=ocr_S=3,tt9115530,tt9115530.jpg,Missing image file: data/IMDB/IMDB_four_genre_posters/tt9115530.jpg,
imdb,all_T=ocr_S=3,tt22743064,tt22743064.jpg,Missing image file: data/IMDB/IMDB_four_genre_posters/tt22743064.jpg,
imdb,all_T=ocr_S=3,tt14824792,tt14824792.jpg,Missing image file: data/IMDB/IMDB_four_genre_posters/tt14824792.jpg,
imdb,all_T=ocr_S=3,tt12477480,tt12477480.jpg,Missing image file: data/IMDB/IMDB_four_genre_posters/tt12477480.jpg,
imdb,all_T=ocr_S=3,tt2080323,tt2080323.jpg,Missing image file: data/IMDB/IMDB_four_genre_posters/tt2080323.jpg,
imdb,all_T=ocr_S=3,tt18748482,tt18748482.jpg,Missing image file: data/IMDB/IMDB_four_genre_posters/tt18748482.jpg,
imdb,all_T=ocr_S=3,tt0805184,tt0805184.jpg,Missing image file: data/IMDB/IMDB_four_genre_posters/tt0805184.jpg,
imdb,all_T=ocr_S=3,tt6412452,tt6412452.jpg,Missing image file: data/IMDB/IMDB_four_genre_posters/tt6412452.jpg,
imdb,all_T=ocr_S=3,tt8145202,tt8145202.jpg,Missing image file: data/IMDB/IMDB_four_genre_posters/tt8145202.jpg,
imdb,all_T=ocr_S=3,tt4586828,tt4586828.jpg,Missing image file: data/IMDB/IMDB_four_genre_posters/tt4586828.jpg,
imdb,all_T=ocr_S=3,tt23144234,tt23144234.jpg,Missing image file: data/IMDB/IMDB_four_genre_posters/tt23144234.jpg,
imdb,all_T=ocr_S=3,tt9354842,tt9354842.jpg,Missing image file: data/IMDB/IMDB_four_genre_posters/tt9354842.jpg,
imdb,all_T=ocr_S=3,tt16794528,tt16794528.jpg,Missing image file: data/IMDB/IMDB_four_genre_posters/tt16794528.jpg,
imdb,all_T=ocr_S=3,tt7349662,tt7349662.jpg,Missing image file: data/IMDB/IMDB_four_genre_posters/tt7349662.jpg,
imdb,all_T=ocr_S=3,tt8816194,tt8816194.jpg,Missing image file: data/IMDB/IMDB_four_genre_posters/tt8816194.jpg,
imdb,all_T=ocr_S=3,tt15184804,tt15184804.jpg,Missing image file: data/IMDB/IMDB_four_genre_posters/tt15184804.jpg,
imdb,all_T=ocr_S=3,tt11795652,tt11795652.jpg,Missing image file: data/IMDB/IMDB_four_genre_posters/tt11795652.jpg,
imdb,all_T=ocr_S=3,tt13022984,tt13022984.jpg,Missing image file: data/IMDB/IMDB_four_genre_posters/tt13022984.jpg,
imdb,all_T=ocr_S=3,tt10682266,tt10682266.jpg,Missing image file: data/IMDB/IMDB_four_genre_posters/tt10682266.jpg,
imdb,all_T=ocr_S=3,tt4565520,tt4565520.jpg,Missing image file: data/IMDB/IMDB_four_genre_posters/tt4565520.jpg,
imdb,all_T=ocr_S=3,tt2531344,tt2531344.jpg,Missing image file: data/IMDB/IMDB_four_genre_posters/tt2531344.jpg,
imdb,all_T=ocr_S=3,tt22041854,tt22041854.jpg,Missing image file: data/IMDB/IMDB_four_genre_posters/tt22041854.jpg,
imdb,all_T=ocr_S=3,tt5978724,tt5978724.jpg,Missing image file: data/IMDB/IMDB_four_genre_posters/tt5978724.jpg,
imdb,all_T=ocr_S=3,tt0098904,tt0098904.jpg,Missing image file: data/IMDB/IMDB_four_genre_posters/tt0098904.jpg,
imdb,all_T=ocr_S=3,tt2263648,tt2263648.jpg,Missing image file: data/IMDB/IMDB_four_genre_posters/tt2263648.jpg,
imdb,all_T=ocr_S=3,tt0070849,tt0070849.jpg,Missing image file: data/IMDB/IMDB_four_genre_posters/tt0070849.jpg,
imdb,all_T=ocr_S=3,tt7242142,tt7242142.jpg,Missing image file: data/IMDB/IMDB_four_genre_posters/tt7242142.jpg,
imdb,all_T=ocr_S=3,tt7703924,tt7703924.jpg,Missing image file: data/IMDB/IMDB_four_genre_posters/tt7703924.jpg,
imdb,all_T=ocr_S=3,tt4758646,tt4758646.jpg,Missing image file: data/IMDB/IMDB_four_genre_posters/tt4758646.jpg,
imdb,all_T=ocr_S=3,tt2631186,tt2631186.jpg,Missing image file: data/IMDB/IMDB_four_genre_posters/tt2631186.jpg,
imdb,all_T=ocr_S=3,tt4995790,tt4995790.jpg,Missing image file: data/IMDB/IMDB_four_genre_posters/tt4995790.jpg,
imdb,all_T=ocr_S=3,tt12045028,tt12045028.jpg,Missing image file: data/IMDB/IMDB_four_genre_posters/tt12045028.jpg,
imdb,all_T=ocr_S=3,tt14298328,tt14298328.jpg,Missing image file: data/IMDB/IMDB_four_genre_posters/tt14298328.jpg,
imdb,all_T=ocr_S=3,tt1442437,tt1442437.jpg,Missing image file: data/IMDB/IMDB_four_genre_posters/tt1442437.jpg,
imdb,all_T=ocr_S=3,tt6217804,tt6217804.jpg,Missing image file: data/IMDB/IMDB_four_genre_posters/tt6217804.jpg,
imdb,all_T=ocr_S=3,tt8637428,tt8637428.jpg,Missing image file: data/IMDB/IMDB_four_genre_posters/tt8637428.jpg,
imdb,all_T=ocr_S=3,tt0119558,tt0119558.jpg,Missing image file: data/IMDB/IMDB_four_genre_posters/tt0119558.jpg,
imdb,all_T=ocr_S=3,tt4477536,tt4477536.jpg,Missing image file: data/IMDB/IMDB_four_genre_posters/tt4477536.jpg,
imdb,all_T=ocr_S=3,tt13491620,tt13491620.jpg,Missing image file: data/IMDB/IMDB_four_genre_posters/tt13491620.jpg,
imdb,all_T=ocr_S=3,tt13288678,tt13288678.jpg,Missing image file: data/IMDB/IMDB_four_genre_posters/tt13288678.jpg,
imdb,all_T=ocr_S=3,tt6644286,tt6644286.jpg,Missing image file: data/IMDB/IMDB_four_genre_posters/tt6644286.jpg,
imdb,all_T=ocr_S=3,tt0438488,tt0438488.jpg,Missing image file: data/IMDB/IMDB_four_genre_posters/tt0438488.jpg,
imdb,all_T=ocr_S=3,tt12879624,tt12879624.jpg,Missing image file: data/IMDB/IMDB_four_genre_posters/tt12879624.jpg,
imdb,all_T=ocr_S=3,tt8801584,tt8801584.jpg,Missing image file: data/IMDB/IMDB_four_genre_posters/tt8801584.jpg,
imdb,all_T=ocr_S=3,tt12861850,tt12861850.jpg,Missing image file: data/IMDB/IMDB_four_genre_posters/tt12861850.jpg,
imdb,all_T=ocr_S=3,tt6472976,tt6472976.jpg,Missing image file: data/IMDB/IMDB_four_genre_posters/tt6472976.jpg,
imdb,all_T=ocr_S=3,tt2322441,tt2322441.jpg,Missing image file: data/IMDB/IMDB_four_genre_posters/tt2322441.jpg,
imdb,all_T=ocr_S=3,tt29079885,tt29079885.jpg,Missing image file: data/IMDB/IMDB_four_genre_posters/tt29079885.jpg,
imdb,all_T=ocr_S=3,tt10262380,tt10262380.jpg,Missing image file: data/IMDB/IMDB_four_genre_posters/tt10262380.jpg,
imdb,all_T=ocr_S=3,tt7374948,tt7374948.jpg,Missing image file: data/IMDB/IMDB_four_genre_posters/tt7374948.jpg,
imdb,all_T=ocr_S=3,tt15145764,tt15145764.jpg,Missing image file: data/IMDB/IMDB_four_genre_posters/tt15145764.jpg,
imdb,all_T=ocr_S=3,tt13535454,tt13535454.jpg,Missing image file: data/IMDB/IMDB_four_genre_posters/tt13535454.jpg,
imdb,all_T=ocr_S=3,tt1562859,tt1562859.jpg,Missing image file: data/IMDB/IMDB_four_genre_posters/tt1562859.jpg,
imdb,all_T=ocr_S=3,tt1728239,tt1728239.jpg,Missing image file: data/IMDB/IMDB_four_genre_posters/tt1728239.jpg,
imdb,all_T=ocr_S=3,tt28228231,tt28228231.jpg,Missing image file: data/IMDB/IMDB_four_genre_posters/tt28228231.jpg,
imdb,all_T=ocr_S=3,tt13406094,tt13406094.jpg,Missing image file: data/IMDB/IMDB_four_genre_posters/tt13406094.jpg,
imdb,all_T=ocr_S=3,tt4858674,tt4858674.jpg,Missing image file: data/IMDB/IMDB_four_genre_posters/tt4858674.jpg,
imdb,all_T=ocr_S=3,tt1879030,tt1879030.jpg,Missing image file: data/IMDB/IMDB_four_genre_posters/tt1879030.jpg,
imdb,all_T=ocr_S=3,tt22488728,tt22488728.jpg,Missing image file: data/IMDB/IMDB_four_genre_posters/tt22488728.jpg,
imdb,all_T=ocr_S=3,tt9198364,tt9198364.jpg,Missing image file: data/IMDB/IMDB_four_genre_posters/tt9198364.jpg,
imdb,all_T=ocr_S=3,tt14849194,tt14849194.jpg,Missing image file: data/IMDB/IMDB_four_genre_posters/tt14849194.jpg,
imdb,all_T=ocr_S=3,tt7838252,tt7838252.jpg,Missing image file: data/IMDB/IMDB_four_genre_posters/tt7838252.jpg,
imdb,all_T=ocr_S=3,tt9601220,tt9601220.jpg,Missing image file: data/IMDB/IMDB_four_genre_posters/tt9601220.jpg,
imdb,all_T=ocr_S=3,tt7598076,tt7598076.jpg,Missing image file: data/IMDB/IMDB_four_genre_posters/tt7598076.jpg,
imdb,all_T=ocr_S=3,tt5027774,tt5027774.jpg,Missing image file: data/IMDB/IMDB_four_genre_posters/tt5027774.jpg,
imdb,all_T=ocr_S=3,tt0068935,tt0068935.jpg,Missing image file: data/IMDB/IMDB_four_genre_posters/tt0068935.jpg,
imdb,all_T=ocr_S=3,tt23561236,tt23561236.jpg,Missing image file: data/IMDB/IMDB_four_genre_posters/tt23561236.jpg,
imdb,all_T=ocr_S=3,tt0488798,tt0488798.jpg,Missing image file: data/IMDB/IMDB_four_genre_posters/tt0488798.jpg,
imdb,all_T=ocr_S=3,tt1987680,tt1987680.jpg,Missing image file: data/IMDB/IMDB_four_genre_posters/tt1987680.jpg,
imdb,all_T=ocr_S=3,tt8155182,tt8155182.jpg,Missing image file: data/IMDB/IMDB_four_genre_posters/tt8155182.jpg,
imdb,all_T=ocr_S=3,tt16116726,tt16116726.jpg,Missing image file: data/IMDB/IMDB_four_genre_posters/tt16116726.jpg,
imdb,all_T=ocr_S=3,tt11762114,tt11762114.jpg,Missing image file: data/IMDB/IMDB_four_genre_posters/tt11762114.jpg,
imdb,all_T=ocr_S=3,tt14873696,tt14873696.jpg,Missing image file: data/IMDB/IMDB_four_genre_posters/tt14873696.jpg,
imdb,all_T=ocr_S=3,tt7014006,tt7014006.jpg,Missing image file: data/IMDB/IMDB_four_genre_posters/tt7014006.jpg,
imdb,all_T=ocr_S=3,tt9411972,tt9411972.jpg,Missing image file: data/IMDB/IMDB_four_genre_posters/tt9411972.jpg,
imdb,all_T=ocr_S=3,tt13978306,tt13978306.jpg,Missing image file: data/IMDB/IMDB_four_genre_posters/tt13978306.jpg,
imdb,all_T=ocr_S=3,tt10023024,tt10023024.jpg,Missing image file: data/IMDB/IMDB_four_genre_posters/tt10023024.jpg,
imdb,all_T=ocr_S=3,tt0309987,tt0309987.jpg,Missing image file: data/IMDB/IMDB_four_genre_posters/tt0309987.jpg,
imdb,all_T=ocr_S=3,tt3281548,tt3281548.jpg,Missing image file: data/IMDB/IMDB_four_genre_posters/tt3281548.jpg,
imdb,all_T=ocr_S=3,tt10687116,tt10687116.jpg,Missing image file: data/IMDB/IMDB_four_genre_posters/tt10687116.jpg,
imdb,all_T=ocr_S=3,tt0096697,tt0096697.jpg,Missing image file: data/IMDB/IMDB_four_genre_posters/tt0096697.jpg,
imdb,all_T=ocr_S=3,tt5613484,tt5613484.jpg,Missing image file: data/IMDB/IMDB_four_genre_posters/tt5613484.jpg,
imdb,all_T=ocr_S=3,tt0059742,tt0059742.jpg,Missing image file: data/IMDB/IMDB_four_genre_posters/tt0059742.jpg,
imdb,all_T=ocr_S=3,tt15905460,tt15905460.jpg,Missing image file: data/IMDB/IMDB_four_genre_posters/tt15905460.jpg,
imdb,all_T=ocr_S=3,tt0182576,tt0182576.jpg,Missing image file: data/IMDB/IMDB_four_genre_posters/tt0182576.jpg,
imdb,all_T=ocr_S=3,tt2568862,tt2568862.jpg,Missing image file: data/IMDB/IMDB_four_genre_posters/tt2568862.jpg,
imdb,all_T=ocr_S=3,tt15404468,tt15404468.jpg,Missing image file: data/IMDB/IMDB_four_genre_posters/tt15404468.jpg,
imdb,all_T=ocr_S=3,tt12077970,tt12077970.jpg,Missing image file: data/IMDB/IMDB_four_genre_posters/tt12077970.jpg,
imdb,all_T=ocr_S=3,tt10676012,tt10676012.jpg,Missing image file: data/IMDB/IMDB_four_genre_posters/tt10676012.jpg,
imdb,all_T=ocr_S=3,tt1489887,tt1489887.jpg,Missing image file: data/IMDB/IMDB_four_genre_posters/tt1489887.jpg,
imdb,all_T=ocr_S=3,tt7401588,tt7401588.jpg,Missing image file: data/IMDB/IMDB_four_genre_posters/tt7401588.jpg,
imdb,all_T=ocr_S=3,tt6841122,tt6841122.jpg,Missing image file: data/IMDB/IMDB_four_genre_posters/tt6841122.jpg,
imdb,all_T=ocr_S=3,tt5774062,tt5774062.jpg,Missing image file: data/IMDB/IMDB_four_genre_posters/tt5774062.jpg,
imdb,all_T=ocr_S=3,tt11388822,tt11388822.jpg,Missing image file: data/IMDB/IMDB_four_genre_posters/tt11388822.jpg,
imdb,all_T=ocr_S=3,tt22488414,tt22488414.jpg,Missing image file: data/IMDB/IMDB_four_genre_posters/tt22488414.jpg,
imdb,all_T=ocr_S=3,tt15022184,tt15022184.jpg,Missing image file: data/IMDB/IMDB_four_genre_posters/tt15022184.jpg,
imdb,all_T=ocr_S=3,tt3846674,tt3846674.jpg,Missing image file: data/IMDB/IMDB_four_genre_posters/tt3846674.jpg,
imdb,all_T=ocr_S=3,tt3272066,tt3272066.jpg,Missing image file: data/IMDB/IMDB_four_genre_posters/tt3272066.jpg,
imdb,all_T=ocr_S=3,tt7660850,tt7660850.jpg,Missing image file: data/IMDB/IMDB_four_genre_posters/tt7660850.jpg,
imdb,all_T=ocr_S=3,tt0368530,tt0368530.jpg,Missing image file: data/IMDB/IMDB_four_genre_posters/tt0368530.jpg,
imdb,all_T=ocr_S=3,tt5503686,tt5503686.jpg,Missing image file: data/IMDB/IMDB_four_genre_posters/tt5503686.jpg,
imdb,all_T=ocr_S=3,tt6513120,tt6513120.jpg,Missing image file: data/IMDB/IMDB_four_genre_posters/tt6513120.jpg,
imdb,all_T=ocr_S=3,tt5439812,tt5439812.jpg,Missing image file: data/IMDB/IMDB_four_genre_posters/tt5439812.jpg,
imdb,all_T=ocr_S=3,tt3982212,tt3982212.jpg,Missing image file: data/IMDB/IMDB_four_genre_posters/tt3982212.jpg,
imdb,all_T=ocr_S=3,tt11698662,tt11698662.jpg,Missing image file: data/IMDB/IMDB_four_genre_posters/tt11698662.jpg,
imdb,all_T=ocr_S=3,tt1563742,tt1563742.jpg,Missing image file: data/IMDB/IMDB_four_genre_posters/tt1563742.jpg,
imdb,all_T=ocr_S=3,tt13623608,tt13623608.jpg,Missing image file: data/IMDB/IMDB_four_genre_posters/tt13623608.jpg,
imdb,all_T=ocr_S=3,tt2709692,tt2709692.jpg,Missing image file: data/IMDB/IMDB_four_genre_posters/tt2709692.jpg,
imdb,all_T=ocr_S=3,tt28229086,tt28229086.jpg,Missing image file: data/IMDB/IMDB_four_genre_posters/tt28229086.jpg,
imdb,all_T=ocr_S=3,tt5164432,tt5164432.jpg,Missing image file: data/IMDB/IMDB_four_genre_posters/tt5164432.jpg,
imdb,all_T=ocr_S=3,tt0419058,tt0419058.jpg,Missing image file: data/IMDB/IMDB_four_genre_posters/tt0419058.jpg,
imdb,all_T=ocr_S=3,tt0070034,tt0070034.jpg,Missing image file: data/IMDB/IMDB_four_genre_posters/tt0070034.jpg,
imdb,all_T=ocr_S=3,tt11426572,tt11426572.jpg,Missing image file: data/IMDB/IMDB_four_genre_posters/tt11426572.jpg,
imdb,all_T=ocr_S=3,tt11127878,tt11127878.jpg,Missing image file: data/IMDB/IMDB_four_genre_posters/tt11127878.jpg,
imdb,all_T=ocr_S=3,tt1620981,tt1620981.jpg,Missing image file: data/IMDB/IMDB_four_genre_posters/tt1620981.jpg,
imdb,all_T=ocr_S=3,tt3581652,tt3581652.jpg,Missing image file: data/IMDB/IMDB_four_genre_posters/tt3581652.jpg,
imdb,all_T=ocr_S=3,tt0242519,tt0242519.jpg,Missing image file: data/IMDB/IMDB_four_genre_posters/tt0242519.jpg,
imdb,all_T=ocr_S=3,tt1433905,tt1433905.jpg,Missing image file: data/IMDB/IMDB_four_genre_posters/tt1433905.jpg,
imdb,all_T=ocr_S=3,tt8695030,tt8695030.jpg,Missing image file: data/IMDB/IMDB_four_genre_posters/tt8695030.jpg,
imdb,all_T=ocr_S=3,tt5308322,tt5308322.jpg,Missing image file: data/IMDB/IMDB_four_genre_posters/tt5308322.jpg,
imdb,all_T=ocr_S=3,tt14783042,tt14783042.jpg,Missing image file: data/IMDB/IMDB_four_genre_posters/tt14783042.jpg,
imdb,all_T=ocr_S=3,tt10042590,tt10042590.jpg,Missing image file: data/IMDB/IMDB_four_genre_posters/tt10042590.jpg,
imdb,all_T=ocr_S=3,tt8960382,tt8960382.jpg,Missing image file: data/IMDB/IMDB_four_genre_posters/tt8960382.jpg,
imdb,all_T=ocr_S=3,tt5697572,tt5697572.jpg,Missing image file: data/IMDB/IMDB_four_genre_posters/tt5697572.jpg,
imdb,all_T=ocr_S=3,tt5710514,tt5710514.jpg,Missing image file: data/IMDB/IMDB_four_genre_posters/tt5710514.jpg,
imdb,all_T=ocr_S=3,tt11772746,tt11772746.jpg,Missing image file: data/IMDB/IMDB_four_genre_posters/tt11772746.jpg,
imdb,all_T=ocr_S=3,tt0104014,tt0104014.jpg,Missing image file: data/IMDB/IMDB_four_genre_posters/tt0104014.jpg,
imdb,all_T=ocr_S=3,tt7131622,tt7131622.jpg,Missing image file: data/IMDB/IMDB_four_genre_posters/tt7131622.jpg,
imdb,all_T=ocr_S=3,tt8949056,tt8949056.jpg,Missing image file: data/IMDB/IMDB_four_genre_posters/tt8949056.jpg,
imdb,all_T=ocr_S=3,tt5462326,tt5462326.jpg,Missing image file: data/IMDB/IMDB_four_genre_posters/tt5462326.jpg,
imdb,all_T=ocr_S=3,tt6367558,tt6367558.jpg,Missing image file: data/IMDB/IMDB_four_genre_posters/tt6367558.jpg,
imdb,all_T=ocr_S=3,tt23472806,tt23472806.jpg,Missing image file: data/IMDB/IMDB_four_genre_posters/tt23472806.jpg,
imdb,all_T=ocr_S=3,tt13438634,tt13438634.jpg,Missing image file: data/IMDB/IMDB_four_genre_posters/tt13438634.jpg,
imdb,all_T=ocr_S=3,tt1578116,tt1578116.jpg,Missing image file: data/IMDB/IMDB_four_genre_posters/tt1578116.jpg,
imdb,all_T=ocr_S=3,tt5610554,tt5610554.jpg,Missing image file: data/IMDB/IMDB_four_genre_posters/tt5610554.jpg,
imdb,all_T=ocr_S=3,tt1340138,tt1340138.jpg,Missing image file: data/IMDB/IMDB_four_genre_posters/tt1340138.jpg,
imdb,all_T=ocr_S=3,tt0845448,tt0845448.jpg,Missing image file: data/IMDB/IMDB_four_genre_posters/tt0845448.jpg,
imdb,all_T=ocr_S=3,tt1637725,tt1637725.jpg,Missing image file: data/IMDB/IMDB_four_genre_posters/tt1637725.jpg,
imdb,all_T=ocr_S=3,tt2119543,tt2119543.jpg,Missing image file: data/IMDB/IMDB_four_genre_posters/tt2119543.jpg,
imdb,all_T=ocr_S=3,tt3794354,tt3794354.jpg,Missing image file: data/IMDB/IMDB_four_genre_posters/tt3794354.jpg,
imdb,all_T=ocr_S=3,tt9484998,tt9484998.jpg,Missing image file: data/IMDB/IMDB_four_genre_posters/tt9484998.jpg,
imdb,all_T=ocr_S=3,tt6823148,tt6823148.jpg,Missing image file: data/IMDB/IMDB_four_genre_posters/tt6823148.jpg,
imdb,all_T=ocr_S=3,tt13224758,tt13224758.jpg,Missing image file: data/IMDB/IMDB_four_genre_posters/tt13224758.jpg,
imdb,all_T=ocr_S=3,tt2139881,tt2139881.jpg,Missing image file: data/IMDB/IMDB_four_genre_posters/tt2139881.jpg,
imdb,all_T=ocr_S=3,tt0386676,tt0386676.jpg,Missing image file: data/IMDB/IMDB_four_genre_posters/tt0386676.jpg,
imdb,all_T=ocr_S=3,tt2752200,tt2752200.jpg,Missing image file: data/IMDB/IMDB_four_genre_posters/tt2752200.jpg,
imdb,all_T=ocr_S=3,tt1575539,tt1575539.jpg,Missing image file: data/IMDB/IMDB_four_genre_posters/tt1575539.jpg,
imdb,all_T=ocr_S=3,tt16360006,tt16360006.jpg,Missing image file: data/IMDB/IMDB_four_genre_posters/tt16360006.jpg,
imdb,all_T=ocr_S=3,tt22302170,tt22302170.jpg,Missing image file: data/IMDB/IMDB_four_genre_posters/tt22302170.jpg,
imdb,all_T=ocr_S=3,tt4686844,tt4686844.jpg,Missing image file: data/IMDB/IMDB_four_genre_posters/tt4686844.jpg,
imdb,all_T=ocr_S=3,tt7653254,tt7653254.jpg,Missing image file: data/IMDB/IMDB_four_genre_posters/tt7653254.jpg,
imdb,all_T=ocr_S=3,tt13479258,tt13479258.jpg,Missing image file: data/IMDB/IMDB_four_genre_posters/tt13479258.jpg,
imdb,all_T=ocr_S=3,tt7070818,tt7070818.jpg,Missing image file: data/IMDB/IMDB_four_genre_posters/tt7070818.jpg,
imdb,all_T=ocr_S=3,tt15214902,tt15214902.jpg,Missing image file: data/IMDB/IMDB_four_genre_posters/tt15214902.jpg,
imdb,all_T=ocr_S=3,tt10364034,tt10364034.jpg,Missing image file: data/IMDB/IMDB_four_genre_posters/tt10364034.jpg,
imdb,all_T=ocr_S=3,tt11219254,tt11219254.jpg,Missing image file: data/IMDB/IMDB_four_genre_posters/tt11219254.jpg,
imdb,all_T=ocr_S=3,tt15255288,tt15255288.jpg,Missing image file: data/IMDB/IMDB_four_genre_posters/tt15255288.jpg,
imdb,all_T=ocr_S=3,tt4465564,tt4465564.jpg,Missing image file: data/IMDB/IMDB_four_genre_posters/tt4465564.jpg,
imdb,all_T=ocr_S=3,tt7979142,tt7979142.jpg,Missing image file: data/IMDB/IMDB_four_genre_posters/tt7979142.jpg,
imdb,all_T=ocr_S=3,tt7286836,tt7286836.jpg,Missing image file: data/IMDB/IMDB_four_genre_posters/tt7286836.jpg,
imdb,all_T=ocr_S=3,tt0098878,tt0098878.jpg,Missing image file: data/IMDB/IMDB_four_genre_posters/tt0098878.jpg,
imdb,all_T=ocr_S=3,tt5666304,tt5666304.jpg,Missing image file: data/IMDB/IMDB_four_genre_posters/tt5666304.jpg,
imdb,all_T=ocr_S=3,tt13751694,tt13751694.jpg,Missing image file: data/IMDB/IMDB_four_genre_posters/tt13751694.jpg,
imdb,all_T=ocr_S=3,tt12741494,tt12741494.jpg,Missing image file: data/IMDB/IMDB_four_genre_posters/tt12741494.jpg,
imdb,all_T=ocr_S=3,tt2584384,tt2584384.jpg,Missing image file: data/IMDB/IMDB_four_genre_posters/tt2584384.jpg,
imdb,all_T=ocr_S=3,tt0411705,tt0411705.jpg,Missing image file: data/IMDB/IMDB_four_genre_posters/tt0411705.jpg,
imdb,all_T=ocr_S=3,tt4765284,tt4765284.jpg,Missing image file: data/IMDB/IMDB_four_genre_posters/tt4765284.jpg,
imdb,all_T=ocr_S=3,tt5657846,tt5657846.jpg,Missing image file: data/IMDB/IMDB_four_genre_posters/tt5657846.jpg,
imdb,all_T=ocr_S=3,tt0995035,tt0995035.jpg,Missing image file: data/IMDB/IMDB_four_genre_posters/tt0995035.jpg,
imdb,all_T=ocr_S=3,tt11540284,tt11540284.jpg,Missing image file: data/IMDB/IMDB_four_genre_posters/tt11540284.jpg,
imdb,all_T=ocr_S=3,tt21192142,tt21192142.jpg,Missing image file: data/IMDB/IMDB_four_genre_posters/tt21192142.jpg,
imdb,all_T=ocr_S=3,tt13401252,tt13401252.jpg,Missing image file: data/IMDB/IMDB_four_genre_posters/tt13401252.jpg,
imdb,all_T=ocr_S=3,tt4225622,tt4225622.jpg,Missing image file: data/IMDB/IMDB_four_genre_posters/tt4225622.jpg,
imdb,all_T=ocr_S=3,tt21115444,tt21115444.jpg,Missing image file: data/IMDB/IMDB_four_genre_posters/tt21115444.jpg,
imdb,all_T=ocr_S=3,tt19769320,tt19769320.jpg,Missing image file: data/IMDB/IMDB_four_genre_posters/tt19769320.jpg,
imdb,all_T=ocr_S=3,tt0194314,tt0194314.jpg,Missing image file: data/IMDB/IMDB_four_genre_posters/tt0194314.jpg,
imdb,all_T=ocr_S=3,tt10366514,tt10366514.jpg,Missing image file: data/IMDB/IMDB_four_genre_posters/tt10366514.jpg,
imdb,all_T=ocr_S=3,tt0254455,tt0254455.jpg,Missing image file: data/IMDB/IMDB_four_genre_posters/tt0254455.jpg,
imdb,all_T=ocr_S=3,tt0338013,tt0338013.jpg,Missing image file: data/IMDB/IMDB_four_genre_posters/tt0338013.jpg,
imdb,all_T=ocr_S=3,tt6226232,tt6226232.jpg,Missing image file: data/IMDB/IMDB_four_genre_posters/tt6226232.jpg,
imdb,all_T=ocr_S=3,tt0111573,tt0111573.jpg,Missing image file: data/IMDB/IMDB_four_genre_posters/tt0111573.jpg,
imdb,all_T=ocr_S=3,tt4126476,tt4126476.jpg,Missing image file: data/IMDB/IMDB_four_genre_posters/tt4126476.jpg,
imdb,all_T=ocr_S=3,tt2278871,tt2278871.jpg,Missing image file: data/IMDB/IMDB_four_genre_posters/tt2278871.jpg,
imdb,all_T=ocr_S=3,tt8079248,tt8079248.jpg,Missing image file: data/IMDB/IMDB_four_genre_posters/tt8079248.jpg,
imdb,all_T=ocr_S=3,tt11771594,tt11771594.jpg,Missing image file: data/IMDB/IMDB_four_genre_posters/tt11771594.jpg,
imdb,all_T=ocr_S=3,tt11317142,tt11317142.jpg,Missing image file: data/IMDB/IMDB_four_genre_posters/tt11317142.jpg,
imdb,all_T=ocr_S=3,tt8976576,tt8976576.jpg,Missing image file: data/IMDB/IMDB_four_genre_posters/tt8976576.jpg,
imdb,all_T=ocr_S=3,tt1263750,tt1263750.jpg,Missing image file: data/IMDB/IMDB_four_genre_posters/tt1263750.jpg,
imdb,all_T=ocr_S=3,tt0213847,tt0213847.jpg,Missing image file: data/IMDB/IMDB_four_genre_posters/tt0213847.jpg,
imdb,all_T=ocr_S=3,tt0348529,tt0348529.jpg,Missing image file: data/IMDB/IMDB_four_genre_posters/tt0348529.jpg,
imdb,all_T=ocr_S=3,tt0372909,tt0372909.jpg,Missing image file: data/IMDB/IMDB_four_genre_posters/tt0372909.jpg,
imdb,all_T=ocr_S=3,tt10399674,tt10399674.jpg,Missing image file: data/IMDB/IMDB_four_genre_posters/tt10399674.jpg,
imdb,all_T=ocr_S=3,tt7040874,tt7040874.jpg,Missing image file: data/IMDB/IMDB_four_genre_posters/tt7040874.jpg,
imdb,all_T=ocr_S=3,tt0480919,tt0480919.jpg,Missing image file: data/IMDB/IMDB_four_genre_posters/tt0480919.jpg,
imdb,all_T=ocr_S=3,tt0418832,tt0418832.jpg,Missing image file: data/IMDB/IMDB_four_genre_posters/tt0418832.jpg,
imdb,all_T=ocr_S=3,tt0377092,tt0377092.jpg,Missing image file: data/IMDB/IMDB_four_genre_posters/tt0377092.jpg,
imdb,all_T=ocr_S=3,tt5688932,tt5688932.jpg,Missing image file: data/IMDB/IMDB_four_genre_posters/tt5688932.jpg,
imdb,all_T=ocr_S=3,tt10698680,tt10698680.jpg,Missing image file: data/IMDB/IMDB_four_genre_posters/tt10698680.jpg,
imdb,all_T=ocr_S=3,tt5619332,tt5619332.jpg,Missing image file: data/IMDB/IMDB_four_genre_posters/tt5619332.jpg,
imdb,all_T=ocr_S=3,tt8155288,tt8155288.jpg,Missing image file: data/IMDB/IMDB_four_genre_posters/tt8155288.jpg,
imdb,all_T=ocr_S=3,tt8079510,tt8079510.jpg,Missing image file: data/IMDB/IMDB_four_genre_posters/tt8079510.jpg,
imdb,all_T=ocr_S=3,tt6317762,tt6317762.jpg,Missing image file: data/IMDB/IMDB_four_genre_posters/tt6317762.jpg,
imdb,all_T=ocr_S=3,tt9632590,tt9632590.jpg,Missing image file: data/IMDB/IMDB_four_genre_posters/tt9632590.jpg,
imdb,all_T=ocr_S=3,tt11286314,tt11286314.jpg,Missing image file: data/IMDB/IMDB_four_genre_posters/tt11286314.jpg,
imdb,all_T=ocr_S=3,tt0397442,tt0397442.jpg,Missing image file: data/IMDB/IMDB_four_genre_posters/tt0397442.jpg,
imdb,all_T=ocr_S=3,tt21205440,tt21205440.jpg,Missing image file: data/IMDB/IMDB_four_genre_posters/tt21205440.jpg,
imdb,all_T=ocr_S=3,tt8718158,tt8718158.jpg,Missing image file: data/IMDB/IMDB_four_genre_posters/tt8718158.jpg,
imdb,all_T=ocr_S=3,tt8707922,tt8707922.jpg,Missing image file: data/IMDB/IMDB_four_genre_posters/tt8707922.jpg,
imdb,all_T=ocr_S=3,tt0806088,tt0806088.jpg,Missing image file: data/IMDB/IMDB_four_genre_posters/tt0806088.jpg,
imdb,all_T=ocr_S=3,tt7161712,tt7161712.jpg,Missing image file: data/IMDB/IMDB_four_genre_posters/tt7161712.jpg,
imdb,all_T=ocr_S=3,tt3799232,tt3799232.jpg,Missing image file: data/IMDB/IMDB_four_genre_posters/tt3799232.jpg,
imdb,all_T=ocr_S=3,tt4925292,tt4925292.jpg,Missing image file: data/IMDB/IMDB_four_genre_posters/tt4925292.jpg,
imdb,all_T=ocr_S=3,tt8075260,tt8075260.jpg,Missing image file: data/IMDB/IMDB_four_genre_posters/tt8075260.jpg,
imdb,all_T=ocr_S=3,tt6108178,tt6108178.jpg,Missing image file: data/IMDB/IMDB_four_genre_posters/tt6108178.jpg,
imdb,all_T=ocr_S=3,tt15326988,tt15326988.jpg,Missing image file: data/IMDB/IMDB_four_genre_posters/tt15326988.jpg,
imdb,all_T=ocr_S=3,tt8783130,tt8783130.jpg,Missing image file: data/IMDB/IMDB_four_genre_posters/tt8783130.jpg,
imdb,all_T=ocr_S=3,tt6857166,tt6857166.jpg,Missing image file: data/IMDB/IMDB_four_genre_posters/tt6857166.jpg,
imdb,all_T=ocr_S=3,tt12789558,tt12789558.jpg,Missing image file: data/IMDB/IMDB_four_genre_posters/tt12789558.jpg,
imdb,all_T=ocr_S=3,tt6173826,tt6173826.jpg,Missing image file: data/IMDB/IMDB_four_genre_posters/tt6173826.jpg,
imdb,all_T=ocr_S=3,tt1586680,tt1586680.jpg,Missing image file: data/IMDB/IMDB_four_genre_posters/tt1586680.jpg,
imdb,all_T=ocr_S=3,tt21223048,tt21223048.jpg,Missing image file: data/IMDB/IMDB_four_genre_posters/tt21223048.jpg,
imdb,all_T=ocr_S=3,tt14914988,tt14914988.jpg,Missing image file: data/IMDB/IMDB_four_genre_posters/tt14914988.jpg,
imdb,all_T=ocr_S=3,tt1298644,tt1298644.jpg,Missing image file: data/IMDB/IMDB_four_genre_posters/tt1298644.jpg,
imdb,all_T=ocr_S=3,tt15576460,tt15576460.jpg,Missing image file: data/IMDB/IMDB_four_genre_posters/tt15576460.jpg,
imdb,all_T=ocr_S=3,tt6957966,tt6957966.jpg,Missing image file: data/IMDB/IMDB_four_genre_posters/tt6957966.jpg,
imdb,all_T=ocr_S=3,tt0472954,tt0472954.jpg,Missing image file: data/IMDB/IMDB_four_genre_posters/tt0472954.jpg,
imdb,all_T=ocr_S=3,tt2861424,tt2861424.jpg,Missing image file: data/IMDB/IMDB_four_genre_posters/tt2861424.jpg,
imdb,all_T=ocr_S=3,tt1092005,tt1092005.jpg,Missing image file: data/IMDB/IMDB_four_genre_posters/tt1092005.jpg,
imdb,all_T=ocr_S=3,tt0098063,tt0098063.jpg,Missing image file: data/IMDB/IMDB_four_genre_posters/tt0098063.jpg,
imdb,all_T=ocr_S=3,tt6257174,tt6257174.jpg,Missing image file: data/IMDB/IMDB_four_genre_posters/tt6257174.jpg,
imdb,all_T=ocr_S=3,tt0254686,tt0254686.jpg,Missing image file: data/IMDB/IMDB_four_genre_posters/tt0254686.jpg,
imdb,all_T=ocr_S=3,tt7139936,tt7139936.jpg,Missing image file: data/IMDB/IMDB_four_genre_posters/tt7139936.jpg,
imdb,all_T=ocr_S=3,tt5974030,tt5974030.jpg,Missing image file: data/IMDB/IMDB_four_genre_posters/tt5974030.jpg,
imdb,all_T=ocr_S=3,tt11934846,tt11934846.jpg,Missing image file: data/IMDB/IMDB_four_genre_posters/tt11934846.jpg,
imdb,all_T=ocr_S=3,tt8400584,tt8400584.jpg,Missing image file: data/IMDB/IMDB_four_genre_posters/tt8400584.jpg,
imdb,all_T=ocr_S=3,tt1478839,tt1478839.jpg,Missing image file: data/IMDB/IMDB_four_genre_posters/tt1478839.jpg,
imdb,all_T=ocr_S=3,tt5073620,tt5073620.jpg,Missing image file: data/IMDB/IMDB_four_genre_posters/tt5073620.jpg,
imdb,all_T=ocr_S=3,tt9058654,tt9058654.jpg,Missing image file: data/IMDB/IMDB_four_genre_posters/tt9058654.jpg,
imdb,all_T=ocr_S=3,tt16952820,tt16952820.jpg,Missing image file: data/IMDB/IMDB_four_genre_posters/tt16952820.jpg,
imdb,all_T=ocr_S=3,tt0851851,tt0851851.jpg,Missing image file: data/IMDB/IMDB_four_genre_posters/tt0851851.jpg,
imdb,all_T=ocr_S=3,tt1806913,tt1806913.jpg,Missing image file: data/IMDB/IMDB_four_genre_posters/tt1806913.jpg,
imdb,all_T=ocr_S=3,tt6166392,tt6166392.jpg,Missing image file: data/IMDB/IMDB_four_genre_posters/tt6166392.jpg,
imdb,all_T=ocr_S=3,tt9686708,tt9686708.jpg,Missing image file: data/IMDB/IMDB_four_genre_posters/tt9686708.jpg,
imdb,all_T=ocr_S=3,tt2402927,tt2402927.jpg,Missing image file: data/IMDB/IMDB_four_genre_posters/tt2402927.jpg,
imdb,all_T=ocr_S=3,tt4103724,tt4103724.jpg,Missing image file: data/IMDB/IMDB_four_genre_posters/tt4103724.jpg,
imdb,all_T=ocr_S=3,tt2937366,tt2937366.jpg,Missing image file: data/IMDB/IMDB_four_genre_posters/tt2937366.jpg,
imdb,all_T=ocr_S=3,tt9893250,tt9893250.jpg,Missing image file: data/IMDB/IMDB_four_genre_posters/tt9893250.jpg,
imdb,all_T=ocr_S=3,tt0256103,tt0256103.jpg,Missing image file: data/IMDB/IMDB_four_genre_posters/tt0256103.jpg,
imdb,all_T=ocr_S=3,tt7453138,tt7453138.jpg,Missing image file: data/IMDB/IMDB_four_genre_posters/tt7453138.jpg,
imdb,all_T=ocr_S=3,tt13320622,tt13320622.jpg,Missing image file: data/IMDB/IMDB_four_genre_posters/tt13320622.jpg,
imdb,all_T=ocr_S=3,tt0495034,tt0495034.jpg,Missing image file: data/IMDB/IMDB_four_genre_posters/tt0495034.jpg,
imdb,all_T=ocr_S=3,tt10287908,tt10287908.jpg,Missing image file: data/IMDB/IMDB_four_genre_posters/tt10287908.jpg,
imdb,all_T=ocr_S=3,tt5692390,tt5692390.jpg,Missing image file: data/IMDB/IMDB_four_genre_posters/tt5692390.jpg,
imdb,all_T=ocr_S=3,tt18372308,tt18372308.jpg,Missing image file: data/IMDB/IMDB_four_genre_posters/tt18372308.jpg,
imdb,all_T=ocr_S=3,tt22442176,tt22442176.jpg,Missing image file: data/IMDB/IMDB_four_genre_posters/tt22442176.jpg,
imdb,all_T=ocr_S=3,tt8976664,tt8976664.jpg,Missing image file: data/IMDB/IMDB_four_genre_posters/tt8976664.jpg,
imdb,all_T=ocr_S=3,tt8623904,tt8623904.jpg,Missing image file: data/IMDB/IMDB_four_genre_posters/tt8623904.jpg,
imdb,all_T=ocr_S=3,tt6511932,tt6511932.jpg,Missing image file: data/IMDB/IMDB_four_genre_posters/tt6511932.jpg,
imdb,all_T=ocr_S=3,tt11464446,tt11464446.jpg,Missing image file: data/IMDB/IMDB_four_genre_posters/tt11464446.jpg,
imdb,all_T=ocr_S=3,tt0117737,tt0117737.jpg,Missing image file: data/IMDB/IMDB_four_genre_posters/tt0117737.jpg,
imdb,all_T=ocr_S=3,tt1570970,tt1570970.jpg,Missing image file: data/IMDB/IMDB_four_genre_posters/tt1570970.jpg,
imdb,all_T=ocr_S=3,tt8580274,tt8580274.jpg,Missing image file: data/IMDB/IMDB_four_genre_posters/tt8580274.jpg,
imdb,all_T=ocr_S=3,tt7738450,tt7738450.jpg,Missing image file: data/IMDB/IMDB_four_genre_posters/tt7738450.jpg,
imdb,all_T=ocr_S=3,tt3104988,tt3104988.jpg,Missing image file: data/IMDB/IMDB_four_genre_posters/tt3104988.jpg,
imdb,all_T=ocr_S=3,tt4799050,tt4799050.jpg,Missing image file: data/IMDB/IMDB_four_genre_posters/tt4799050.jpg,
imdb,all_T=ocr_S=3,tt8323120,tt8323120.jpg,Missing image file: data/IMDB/IMDB_four_genre_posters/tt8323120.jpg,
imdb,all_T=ocr_S=3,tt9389998,tt9389998.jpg,Missing image file: data/IMDB/IMDB_four_genre_posters/tt9389998.jpg,
imdb,all_T=ocr_S=3,tt20414932,tt20414932.jpg,Missing image file: data/IMDB/IMDB_four_genre_posters/tt20414932.jpg,
imdb,all_T=ocr_S=3,tt13318052,tt13318052.jpg,Missing image file: data/IMDB/IMDB_four_genre_posters/tt13318052.jpg,
imdb,all_T=ocr_S=3,tt21361340,tt21361340.jpg,Missing image file: data/IMDB/IMDB_four_genre_posters/tt21361340.jpg,
imdb,all_T=ocr_S=3,tt14993250,tt14993250.jpg,Missing image file: data/IMDB/IMDB_four_genre_posters/tt14993250.jpg,
imdb,all_T=ocr_S=3,tt6359956,tt6359956.jpg,Missing image file: data/IMDB/IMDB_four_genre_posters/tt6359956.jpg,
imdb,all_T=ocr_S=3,tt1798709,tt1798709.jpg,Missing image file: data/IMDB/IMDB_four_genre_posters/tt1798709.jpg,
imdb,all_T=ocr_S=3,tt13438628,tt13438628.jpg,Missing image file: data/IMDB/IMDB_four_genre_posters/tt13438628.jpg,
imdb,all_T=ocr_S=3,tt20251822,tt20251822.jpg,Missing image file: data/IMDB/IMDB_four_genre_posters/tt20251822.jpg,
imdb,all_T=ocr_S=3,tt8946378,tt8946378.jpg,Missing image file: data/IMDB/IMDB_four_genre_posters/tt8946378.jpg,
imdb,all_T=ocr_S=3,tt7645122,tt7645122.jpg,Missing image file: data/IMDB/IMDB_four_genre_posters/tt7645122.jpg,
imdb,all_T=ocr_S=3,tt20258072,tt20258072.jpg,Missing image file: data/IMDB/IMDB_four_genre_posters/tt20258072.jpg,
imdb,all_T=ocr_S=3,tt0110200,tt0110200.jpg,Missing image file: data/IMDB/IMDB_four_genre_posters/tt0110200.jpg,
imdb,all_T=ocr_S=3,tt5865326,tt5865326.jpg,Missing image file: data/IMDB/IMDB_four_genre_posters/tt5865326.jpg,
imdb,all_T=ocr_S=3,tt1976540,tt1976540.jpg,Missing image file: data/IMDB/IMDB_four_genre_posters/tt1976540.jpg,
imdb,all_T=ocr_S=3,tt6911608,tt6911608.jpg,Missing image file: data/IMDB/IMDB_four_genre_posters/tt6911608.jpg,
imdb,all_T=ocr_S=3,tt5721088,tt5721088.jpg,Missing image file: data/IMDB/IMDB_four_genre_posters/tt5721088.jpg,
imdb,all_T=ocr_S=3,tt7913934,tt7913934.jpg,Missing image file: data/IMDB/IMDB_four_genre_posters/tt7913934.jpg,
imdb,all_T=ocr_S=3,tt8750570,tt8750570.jpg,Missing image file: data/IMDB/IMDB_four_genre_posters/tt8750570.jpg,
imdb,all_T=ocr_S=3,tt4481514,tt4481514.jpg,Missing image file: data/IMDB/IMDB_four_genre_posters/tt4481514.jpg,
imdb,all_T=ocr_S=3,tt14315408,tt14315408.jpg,Missing image file: data/IMDB/IMDB_four_genre_posters/tt14315408.jpg,
imdb,all_T=ocr_S=3,tt1859522,tt1859522.jpg,Missing image file: data/IMDB/IMDB_four_genre_posters/tt1859522.jpg,
imdb,all_T=ocr_S=3,tt7988464,tt7988464.jpg,Missing image file: data/IMDB/IMDB_four_genre_posters/tt7988464.jpg,
imdb,all_T=ocr_S=3,tt11649338,tt11649338.jpg,Missing image file: data/IMDB/IMDB_four_genre_posters/tt11649338.jpg,
imdb,all_T=ocr_S=3,tt3401882,tt3401882.jpg,Missing image file: data/IMDB/IMDB_four_genre_posters/tt3401882.jpg,
imdb,all_T=ocr_S=3,tt6432466,tt6432466.jpg,Missing image file: data/IMDB/IMDB_four_genre_posters/tt6432466.jpg,
imdb,all_T=ocr_S=3,tt7634968,tt7634968.jpg,Missing image file: data/IMDB/IMDB_four_genre_posters/tt7634968.jpg,
imdb,all_T=ocr_S=3,tt5971474,tt5971474.jpg,Missing image file: data/IMDB/IMDB_four_genre_posters/tt5971474.jpg,
