dialog_id,utterance_id,file,prediction,label,split
0,0,dia0_utt0.mp4,neutral,positive,unmodified/video
0,1,dia0_utt1.mp4,neutral,negative,unmodified/video
0,2,dia0_utt2.mp4,neutral,neutral,unmodified/video
100,0,dia100_utt0.mp4,neutral,neutral,unmodified/video
100,1,dia100_utt1.mp4,neutral,neutral,unmodified/video
100,10,dia100_utt10.mp4,neutral,negative,unmodified/video
100,11,dia100_utt11.mp4,neutral,neutral,unmodified/video
100,12,dia100_utt12.mp4,neutral,neutral,unmodified/video
100,13,dia100_utt13.mp4,neutral,neutral,unmodified/video
100,14,dia100_utt14.mp4,neutral,negative,unmodified/video
100,15,dia100_utt15.mp4,neutral,negative,unmodified/video
100,16,dia100_utt16.mp4,neutral,neutral,unmodified/video
100,17,dia100_utt17.mp4,neutral,neutral,unmodified/video
100,18,dia100_utt18.mp4,neutral,negative,unmodified/video
100,19,dia100_utt19.mp4,neutral,negative,unmodified/video
100,2,dia100_utt2.mp4,neutral,neutral,unmodified/video
100,3,dia100_utt3.mp4,neutral,neutral,unmodified/video
100,4,dia100_utt4.mp4,neutral,neutral,unmodified/video
100,5,dia100_utt5.mp4,neutral,negative,unmodified/video
100,6,dia100_utt6.mp4,neutral,negative,unmodified/video
100,7,dia100_utt7.mp4,neutral,neutral,unmodified/video
100,8,dia100_utt8.mp4,neutral,neutral,unmodified/video
100,9,dia100_utt9.mp4,neutral,neutral,unmodified/video
101,0,dia101_utt0.mp4,neutral,positive,unmodified/video
101,1,dia101_utt1.mp4,neutral,neutral,unmodified/video
101,2,dia101_utt2.mp4,neutral,negative,unmodified/video
101,3,dia101_utt3.mp4,neutral,neutral,unmodified/video
102,0,dia102_utt0.mp4,neutral,negative,unmodified/video
102,1,dia102_utt1.mp4,neutral,neutral,unmodified/video
102,2,dia102_utt2.mp4,neutral,negative,unmodified/video
102,3,dia102_utt3.mp4,neutral,neutral,unmodified/video
102,4,dia102_utt4.mp4,neutral,negative,unmodified/video
102,5,dia102_utt5.mp4,neutral,negative,unmodified/video
102,6,dia102_utt6.mp4,negative,negative,unmodified/video
102,7,dia102_utt7.mp4,neutral,negative,unmodified/video
102,8,dia102_utt8.mp4,neutral,neutral,unmodified/video
102,9,dia102_utt9.mp4,neutral,positive,unmodified/video
103,0,dia103_utt0.mp4,neutral,positive,unmodified/video
103,1,dia103_utt1.mp4,neutral,neutral,unmodified/video
103,2,dia103_utt2.mp4,neutral,negative,unmodified/video
103,3,dia103_utt3.mp4,neutral,negative,unmodified/video
103,4,dia103_utt4.mp4,neutral,negative,unmodified/video
103,5,dia103_utt5.mp4,neutral,positive,unmodified/video
104,0,dia104_utt0.mp4,neutral,positive,unmodified/video
104,1,dia104_utt1.mp4,neutral,negative,unmodified/video
104,2,dia104_utt2.mp4,neutral,neutral,unmodified/video
105,0,dia105_utt0.mp4,neutral,negative,unmodified/video
105,1,dia105_utt1.mp4,neutral,negative,unmodified/video
105,2,dia105_utt2.mp4,neutral,negative,unmodified/video
106,0,dia106_utt0.mp4,neutral,negative,unmodified/video
106,1,dia106_utt1.mp4,neutral,neutral,unmodified/video
106,2,dia106_utt2.mp4,neutral,negative,unmodified/video
106,3,dia106_utt3.mp4,neutral,negative,unmodified/video
107,0,dia107_utt0.mp4,neutral,neutral,unmodified/video
107,1,dia107_utt1.mp4,neutral,neutral,unmodified/video
107,10,dia107_utt10.mp4,neutral,neutral,unmodified/video
107,11,dia107_utt11.mp4,neutral,neutral,unmodified/video
107,12,dia107_utt12.mp4,neutral,positive,unmodified/video
107,2,dia107_utt2.mp4,neutral,positive,unmodified/video
107,3,dia107_utt3.mp4,neutral,negative,unmodified/video
107,4,dia107_utt4.mp4,neutral,neutral,unmodified/video
107,5,dia107_utt5.mp4,neutral,positive,unmodified/video
107,6,dia107_utt6.mp4,neutral,negative,unmodified/video
107,7,dia107_utt7.mp4,positive,negative,unmodified/video
107,8,dia107_utt8.mp4,neutral,neutral,unmodified/video
107,9,dia107_utt9.mp4,neutral,neutral,unmodified/video
108,0,dia108_utt0.mp4,neutral,negative,unmodified/video
108,3,dia108_utt3.mp4,neutral,negative,unmodified/video
108,4,dia108_utt4.mp4,neutral,negative,unmodified/video
108,5,dia108_utt5.mp4,neutral,positive,unmodified/video
108,6,dia108_utt6.mp4,neutral,positive,unmodified/video
108,7,dia108_utt7.mp4,neutral,positive,unmodified/video
108,8,dia108_utt8.mp4,neutral,positive,unmodified/video
108,9,dia108_utt9.mp4,positive,positive,unmodified/video
109,0,dia109_utt0.mp4,positive,positive,unmodified/video
109,1,dia109_utt1.mp4,positive,positive,unmodified/video
109,2,dia109_utt2.mp4,positive,negative,unmodified/video
109,3,dia109_utt3.mp4,neutral,neutral,unmodified/video
109,4,dia109_utt4.mp4,neutral,positive,unmodified/video
109,5,dia109_utt5.mp4,neutral,negative,unmodified/video
109,6,dia109_utt6.mp4,positive,neutral,unmodified/video
109,7,dia109_utt7.mp4,neutral,negative,unmodified/video
10,0,dia10_utt0.mp4,neutral,negative,unmodified/video
10,1,dia10_utt1.mp4,neutral,neutral,unmodified/video
10,2,dia10_utt2.mp4,neutral,neutral,unmodified/video
10,3,dia10_utt3.mp4,neutral,neutral,unmodified/video
110,0,dia110_utt0.mp4,neutral,positive,unmodified/video
110,1,dia110_utt1.mp4,neutral,neutral,unmodified/video
110,2,dia110_utt2.mp4,neutral,neutral,unmodified/video
110,3,dia110_utt3.mp4,neutral,positive,unmodified/video
110,4,dia110_utt4.mp4,neutral,positive,unmodified/video
110,5,dia110_utt5.mp4,neutral,neutral,unmodified/video
110,6,dia110_utt6.mp4,neutral,negative,unmodified/video
110,7,dia110_utt7.mp4,neutral,positive,unmodified/video
110,8,dia110_utt8.mp4,neutral,negative,unmodified/video
111,0,dia111_utt0.mp4,neutral,neutral,unmodified/video
111,1,dia111_utt1.mp4,neutral,neutral,unmodified/video
111,10,dia111_utt10.mp4,neutral,negative,unmodified/video
111,11,dia111_utt11.mp4,neutral,neutral,unmodified/video
111,12,dia111_utt12.mp4,neutral,neutral,unmodified/video
111,13,dia111_utt13.mp4,neutral,negative,unmodified/video
111,14,dia111_utt14.mp4,negative,neutral,unmodified/video
111,2,dia111_utt2.mp4,neutral,positive,unmodified/video
111,3,dia111_utt3.mp4,neutral,negative,unmodified/video
111,4,dia111_utt4.mp4,neutral,negative,unmodified/video
111,5,dia111_utt5.mp4,neutral,negative,unmodified/video
111,6,dia111_utt6.mp4,neutral,negative,unmodified/video
111,7,dia111_utt7.mp4,neutral,negative,unmodified/video
111,8,dia111_utt8.mp4,neutral,negative,unmodified/video
111,9,dia111_utt9.mp4,neutral,negative,unmodified/video
112,0,dia112_utt0.mp4,neutral,neutral,unmodified/video
112,1,dia112_utt1.mp4,neutral,neutral,unmodified/video
112,10,dia112_utt10.mp4,neutral,neutral,unmodified/video
112,11,dia112_utt11.mp4,positive,positive,unmodified/video
112,12,dia112_utt12.mp4,neutral,positive,unmodified/video
112,13,dia112_utt13.mp4,positive,positive,unmodified/video
112,14,dia112_utt14.mp4,positive,positive,unmodified/video
112,15,dia112_utt15.mp4,positive,neutral,unmodified/video
112,16,dia112_utt16.mp4,positive,positive,unmodified/video
112,17,dia112_utt17.mp4,positive,neutral,unmodified/video
112,18,dia112_utt18.mp4,neutral,neutral,unmodified/video
112,19,dia112_utt19.mp4,neutral,positive,unmodified/video
112,2,dia112_utt2.mp4,neutral,negative,unmodified/video
112,20,dia112_utt20.mp4,neutral,positive,unmodified/video
112,21,dia112_utt21.mp4,neutral,neutral,unmodified/video
112,3,dia112_utt3.mp4,neutral,negative,unmodified/video
112,4,dia112_utt4.mp4,neutral,negative,unmodified/video
112,5,dia112_utt5.mp4,neutral,neutral,unmodified/video
112,6,dia112_utt6.mp4,neutral,negative,unmodified/video
112,7,dia112_utt7.mp4,neutral,negative,unmodified/video
112,8,dia112_utt8.mp4,positive,neutral,unmodified/video
112,9,dia112_utt9.mp4,neutral,neutral,unmodified/video
113,0,dia113_utt0.mp4,neutral,negative,unmodified/video
113,1,dia113_utt1.mp4,neutral,negative,unmodified/video
113,10,dia113_utt10.mp4,neutral,negative,unmodified/video
113,11,dia113_utt11.mp4,neutral,neutral,unmodified/video
113,12,dia113_utt12.mp4,neutral,positive,unmodified/video
113,13,dia113_utt13.mp4,neutral,negative,unmodified/video
113,14,dia113_utt14.mp4,neutral,negative,unmodified/video
113,15,dia113_utt15.mp4,neutral,negative,unmodified/video
113,16,dia113_utt16.mp4,neutral,neutral,unmodified/video
113,2,dia113_utt2.mp4,neutral,positive,unmodified/video
113,3,dia113_utt3.mp4,neutral,neutral,unmodified/video
113,4,dia113_utt4.mp4,neutral,negative,unmodified/video
113,5,dia113_utt5.mp4,neutral,negative,unmodified/video
113,6,dia113_utt6.mp4,neutral,negative,unmodified/video
113,7,dia113_utt7.mp4,neutral,negative,unmodified/video
113,8,dia113_utt8.mp4,neutral,negative,unmodified/video
113,9,dia113_utt9.mp4,neutral,neutral,unmodified/video
114,0,dia114_utt0.mp4,neutral,neutral,unmodified/video
114,1,dia114_utt1.mp4,neutral,neutral,unmodified/video
114,2,dia114_utt2.mp4,neutral,positive,unmodified/video
114,3,dia114_utt3.mp4,neutral,neutral,unmodified/video
114,4,dia114_utt4.mp4,neutral,neutral,unmodified/video
114,5,dia114_utt5.mp4,neutral,positive,unmodified/video
115,0,dia115_utt0.mp4,neutral,positive,unmodified/video
115,1,dia115_utt1.mp4,neutral,neutral,unmodified/video
115,2,dia115_utt2.mp4,neutral,negative,unmodified/video
115,3,dia115_utt3.mp4,neutral,negative,unmodified/video
115,4,dia115_utt4.mp4,neutral,neutral,unmodified/video
115,5,dia115_utt5.mp4,neutral,neutral,unmodified/video
116,0,dia116_utt0.mp4,neutral,neutral,unmodified/video
116,1,dia116_utt1.mp4,neutral,neutral,unmodified/video
116,10,dia116_utt10.mp4,neutral,neutral,unmodified/video
116,11,dia116_utt11.mp4,neutral,negative,unmodified/video
116,2,dia116_utt2.mp4,neutral,negative,unmodified/video
116,3,dia116_utt3.mp4,neutral,neutral,unmodified/video
116,4,dia116_utt4.mp4,neutral,negative,unmodified/video
116,5,dia116_utt5.mp4,neutral,negative,unmodified/video
116,6,dia116_utt6.mp4,negative,neutral,unmodified/video
116,7,dia116_utt7.mp4,neutral,neutral,unmodified/video
116,8,dia116_utt8.mp4,neutral,neutral,unmodified/video
116,9,dia116_utt9.mp4,neutral,neutral,unmodified/video
117,0,dia117_utt0.mp4,neutral,neutral,unmodified/video
117,1,dia117_utt1.mp4,neutral,positive,unmodified/video
117,2,dia117_utt2.mp4,neutral,neutral,unmodified/video
117,3,dia117_utt3.mp4,neutral,neutral,unmodified/video
117,4,dia117_utt4.mp4,neutral,neutral,unmodified/video
117,5,dia117_utt5.mp4,neutral,negative,unmodified/video
117,6,dia117_utt6.mp4,neutral,neutral,unmodified/video
117,7,dia117_utt7.mp4,neutral,negative,unmodified/video
117,8,dia117_utt8.mp4,neutral,negative,unmodified/video
118,0,dia118_utt0.mp4,neutral,negative,unmodified/video
118,1,dia118_utt1.mp4,neutral,negative,unmodified/video
118,10,dia118_utt10.mp4,neutral,positive,unmodified/video
118,11,dia118_utt11.mp4,neutral,neutral,unmodified/video
118,2,dia118_utt2.mp4,neutral,positive,unmodified/video
118,3,dia118_utt3.mp4,neutral,positive,unmodified/video
118,4,dia118_utt4.mp4,neutral,negative,unmodified/video
118,5,dia118_utt5.mp4,neutral,negative,unmodified/video
118,6,dia118_utt6.mp4,neutral,neutral,unmodified/video
118,7,dia118_utt7.mp4,neutral,positive,unmodified/video
118,8,dia118_utt8.mp4,neutral,neutral,unmodified/video
118,9,dia118_utt9.mp4,neutral,negative,unmodified/video
119,0,dia119_utt0.mp4,neutral,neutral,unmodified/video
119,1,dia119_utt1.mp4,neutral,negative,unmodified/video
119,2,dia119_utt2.mp4,neutral,neutral,unmodified/video
119,3,dia119_utt3.mp4,neutral,negative,unmodified/video
119,4,dia119_utt4.mp4,neutral,neutral,unmodified/video
119,5,dia119_utt5.mp4,neutral,negative,unmodified/video
119,6,dia119_utt6.mp4,neutral,negative,unmodified/video
11,0,dia11_utt0.mp4,neutral,negative,unmodified/video
11,1,dia11_utt1.mp4,neutral,negative,unmodified/video
11,2,dia11_utt2.mp4,neutral,neutral,unmodified/video
11,3,dia11_utt3.mp4,neutral,neutral,unmodified/video
11,4,dia11_utt4.mp4,neutral,neutral,unmodified/video
120,0,dia120_utt0.mp4,positive,positive,unmodified/video
120,1,dia120_utt1.mp4,neutral,neutral,unmodified/video
120,10,dia120_utt10.mp4,neutral,positive,unmodified/video
120,11,dia120_utt11.mp4,positive,negative,unmodified/video
120,12,dia120_utt12.mp4,neutral,negative,unmodified/video
120,13,dia120_utt13.mp4,positive,neutral,unmodified/video
120,14,dia120_utt14.mp4,neutral,neutral,unmodified/video
120,15,dia120_utt15.mp4,neutral,negative,unmodified/video
120,16,dia120_utt16.mp4,neutral,negative,unmodified/video
120,17,dia120_utt17.mp4,neutral,negative,unmodified/video
120,18,dia120_utt18.mp4,neutral,neutral,unmodified/video
120,2,dia120_utt2.mp4,neutral,positive,unmodified/video
120,3,dia120_utt3.mp4,positive,positive,unmodified/video
120,4,dia120_utt4.mp4,neutral,neutral,unmodified/video
120,5,dia120_utt5.mp4,neutral,positive,unmodified/video
120,6,dia120_utt6.mp4,neutral,positive,unmodified/video
120,7,dia120_utt7.mp4,neutral,neutral,unmodified/video
120,8,dia120_utt8.mp4,neutral,neutral,unmodified/video
120,9,dia120_utt9.mp4,positive,negative,unmodified/video
121,0,dia121_utt0.mp4,positive,positive,unmodified/video
121,1,dia121_utt1.mp4,positive,positive,unmodified/video
121,2,dia121_utt2.mp4,positive,neutral,unmodified/video
121,3,dia121_utt3.mp4,positive,neutral,unmodified/video
121,4,dia121_utt4.mp4,positive,positive,unmodified/video
121,5,dia121_utt5.mp4,positive,positive,unmodified/video
122,0,dia122_utt0.mp4,neutral,neutral,unmodified/video
122,1,dia122_utt1.mp4,neutral,negative,unmodified/video
122,2,dia122_utt2.mp4,neutral,neutral,unmodified/video
122,3,dia122_utt3.mp4,neutral,positive,unmodified/video
122,4,dia122_utt4.mp4,neutral,neutral,unmodified/video
123,0,dia123_utt0.mp4,neutral,neutral,unmodified/video
123,1,dia123_utt1.mp4,neutral,neutral,unmodified/video
123,10,dia123_utt10.mp4,neutral,negative,unmodified/video
123,11,dia123_utt11.mp4,neutral,negative,unmodified/video
123,12,dia123_utt12.mp4,neutral,neutral,unmodified/video
123,13,dia123_utt13.mp4,neutral,negative,unmodified/video
123,14,dia123_utt14.mp4,neutral,neutral,unmodified/video
123,15,dia123_utt15.mp4,neutral,negative,unmodified/video
123,2,dia123_utt2.mp4,neutral,negative,unmodified/video
123,3,dia123_utt3.mp4,neutral,neutral,unmodified/video
123,4,dia123_utt4.mp4,neutral,negative,unmodified/video
123,5,dia123_utt5.mp4,neutral,neutral,unmodified/video
123,6,dia123_utt6.mp4,neutral,negative,unmodified/video
123,7,dia123_utt7.mp4,neutral,neutral,unmodified/video
123,8,dia123_utt8.mp4,neutral,neutral,unmodified/video
123,9,dia123_utt9.mp4,neutral,negative,unmodified/video
124,0,dia124_utt0.mp4,neutral,neutral,unmodified/video
124,1,dia124_utt1.mp4,neutral,negative,unmodified/video
124,10,dia124_utt10.mp4,neutral,positive,unmodified/video
124,11,dia124_utt11.mp4,neutral,positive,unmodified/video
124,12,dia124_utt12.mp4,neutral,negative,unmodified/video
124,13,dia124_utt13.mp4,positive,neutral,unmodified/video
124,14,dia124_utt14.mp4,positive,positive,unmodified/video
124,2,dia124_utt2.mp4,positive,negative,unmodified/video
124,3,dia124_utt3.mp4,negative,neutral,unmodified/video
124,4,dia124_utt4.mp4,positive,neutral,unmodified/video
124,5,dia124_utt5.mp4,positive,negative,unmodified/video
124,6,dia124_utt6.mp4,neutral,neutral,unmodified/video
124,7,dia124_utt7.mp4,neutral,negative,unmodified/video
124,8,dia124_utt8.mp4,neutral,positive,unmodified/video
124,9,dia124_utt9.mp4,neutral,positive,unmodified/video
125,0,dia125_utt0.mp4,neutral,positive,unmodified/video
125,1,dia125_utt1.mp4,neutral,neutral,unmodified/video
125,10,dia125_utt10.mp4,neutral,neutral,unmodified/video
125,11,dia125_utt11.mp4,neutral,positive,unmodified/video
125,12,dia125_utt12.mp4,neutral,neutral,unmodified/video
125,13,dia125_utt13.mp4,neutral,negative,unmodified/video
125,14,dia125_utt14.mp4,neutral,negative,unmodified/video
125,15,dia125_utt15.mp4,neutral,neutral,unmodified/video
125,16,dia125_utt16.mp4,neutral,neutral,unmodified/video
125,17,dia125_utt17.mp4,negative,negative,unmodified/video
125,18,dia125_utt18.mp4,neutral,negative,unmodified/video
125,19,dia125_utt19.mp4,neutral,negative,unmodified/video
125,2,dia125_utt2.mp4,neutral,neutral,unmodified/video
125,20,dia125_utt20.mp4,neutral,negative,unmodified/video
125,21,dia125_utt21.mp4,neutral,negative,unmodified/video
125,22,dia125_utt22.mp4,neutral,negative,unmodified/video
125,3,dia125_utt3.mp4,neutral,neutral,unmodified/video
125,4,dia125_utt4.mp4,neutral,neutral,unmodified/video
125,5,dia125_utt5.mp4,neutral,neutral,unmodified/video
125,6,dia125_utt6.mp4,neutral,neutral,unmodified/video
125,7,dia125_utt7.mp4,neutral,positive,unmodified/video
125,8,dia125_utt8.mp4,neutral,neutral,unmodified/video
125,9,dia125_utt9.mp4,neutral,neutral,unmodified/video
126,0,dia126_utt0.mp4,positive,neutral,unmodified/video
126,1,dia126_utt1.mp4,positive,positive,unmodified/video
126,10,dia126_utt10.mp4,neutral,negative,unmodified/video
126,11,dia126_utt11.mp4,neutral,neutral,unmodified/video
126,12,dia126_utt12.mp4,neutral,negative,unmodified/video
126,13,dia126_utt13.mp4,neutral,positive,unmodified/video
126,14,dia126_utt14.mp4,neutral,positive,unmodified/video
126,15,dia126_utt15.mp4,neutral,neutral,unmodified/video
126,2,dia126_utt2.mp4,positive,positive,unmodified/video
126,3,dia126_utt3.mp4,neutral,neutral,unmodified/video
126,4,dia126_utt4.mp4,negative,negative,unmodified/video
126,5,dia126_utt5.mp4,neutral,neutral,unmodified/video
126,6,dia126_utt6.mp4,neutral,neutral,unmodified/video
126,7,dia126_utt7.mp4,neutral,neutral,unmodified/video
126,8,dia126_utt8.mp4,neutral,negative,unmodified/video
126,9,dia126_utt9.mp4,neutral,neutral,unmodified/video
127,0,dia127_utt0.mp4,neutral,negative,unmodified/video
127,1,dia127_utt1.mp4,neutral,neutral,unmodified/video
127,2,dia127_utt2.mp4,neutral,neutral,unmodified/video
127,3,dia127_utt3.mp4,neutral,neutral,unmodified/video
127,4,dia127_utt4.mp4,neutral,neutral,unmodified/video
127,5,dia127_utt5.mp4,neutral,neutral,unmodified/video
128,0,dia128_utt0.mp4,neutral,neutral,unmodified/video
128,1,dia128_utt1.mp4,neutral,neutral,unmodified/video
128,2,dia128_utt2.mp4,neutral,neutral,unmodified/video
128,3,dia128_utt3.mp4,neutral,negative,unmodified/video
128,4,dia128_utt4.mp4,neutral,negative,unmodified/video
128,5,dia128_utt5.mp4,negative,negative,unmodified/video
128,6,dia128_utt6.mp4,neutral,negative,unmodified/video
128,7,dia128_utt7.mp4,neutral,neutral,unmodified/video
128,8,dia128_utt8.mp4,neutral,negative,unmodified/video
128,9,dia128_utt9.mp4,positive,neutral,unmodified/video
129,0,dia129_utt0.mp4,neutral,positive,unmodified/video
129,1,dia129_utt1.mp4,neutral,negative,unmodified/video
129,2,dia129_utt2.mp4,neutral,neutral,unmodified/video
129,3,dia129_utt3.mp4,neutral,negative,unmodified/video
129,4,dia129_utt4.mp4,neutral,neutral,unmodified/video
129,5,dia129_utt5.mp4,neutral,neutral,unmodified/video
129,6,dia129_utt6.mp4,neutral,neutral,unmodified/video
129,7,dia129_utt7.mp4,neutral,neutral,unmodified/video
12,0,dia12_utt0.mp4,neutral,negative,unmodified/video
12,1,dia12_utt1.mp4,neutral,neutral,unmodified/video
12,10,dia12_utt10.mp4,neutral,neutral,unmodified/video
12,11,dia12_utt11.mp4,neutral,positive,unmodified/video
12,12,dia12_utt12.mp4,neutral,positive,unmodified/video
12,13,dia12_utt13.mp4,neutral,neutral,unmodified/video
12,14,dia12_utt14.mp4,neutral,neutral,unmodified/video
12,15,dia12_utt15.mp4,neutral,neutral,unmodified/video
12,16,dia12_utt16.mp4,positive,neutral,unmodified/video
12,17,dia12_utt17.mp4,neutral,neutral,unmodified/video
12,18,dia12_utt18.mp4,positive,neutral,unmodified/video
12,19,dia12_utt19.mp4,neutral,positive,unmodified/video
12,2,dia12_utt2.mp4,neutral,negative,unmodified/video
12,3,dia12_utt3.mp4,neutral,negative,unmodified/video
12,4,dia12_utt4.mp4,neutral,negative,unmodified/video
12,5,dia12_utt5.mp4,neutral,negative,unmodified/video
12,6,dia12_utt6.mp4,neutral,negative,unmodified/video
12,7,dia12_utt7.mp4,neutral,negative,unmodified/video
12,8,dia12_utt8.mp4,neutral,positive,unmodified/video
12,9,dia12_utt9.mp4,neutral,neutral,unmodified/video
130,0,dia130_utt0.mp4,neutral,neutral,unmodified/video
130,1,dia130_utt1.mp4,neutral,negative,unmodified/video
130,10,dia130_utt10.mp4,neutral,negative,unmodified/video
130,11,dia130_utt11.mp4,neutral,negative,unmodified/video
130,12,dia130_utt12.mp4,neutral,negative,unmodified/video
130,13,dia130_utt13.mp4,neutral,neutral,unmodified/video
130,14,dia130_utt14.mp4,neutral,neutral,unmodified/video
130,15,dia130_utt15.mp4,neutral,neutral,unmodified/video
130,16,dia130_utt16.mp4,neutral,neutral,unmodified/video
130,17,dia130_utt17.mp4,neutral,neutral,unmodified/video
130,2,dia130_utt2.mp4,neutral,neutral,unmodified/video
130,3,dia130_utt3.mp4,neutral,neutral,unmodified/video
130,4,dia130_utt4.mp4,neutral,neutral,unmodified/video
130,5,dia130_utt5.mp4,neutral,positive,unmodified/video
130,6,dia130_utt6.mp4,neutral,positive,unmodified/video
130,7,dia130_utt7.mp4,neutral,neutral,unmodified/video
130,8,dia130_utt8.mp4,neutral,positive,unmodified/video
130,9,dia130_utt9.mp4,neutral,neutral,unmodified/video
131,0,dia131_utt0.mp4,neutral,neutral,unmodified/video
131,1,dia131_utt1.mp4,neutral,positive,unmodified/video
131,2,dia131_utt2.mp4,neutral,neutral,unmodified/video
131,3,dia131_utt3.mp4,neutral,positive,unmodified/video
131,4,dia131_utt4.mp4,neutral,neutral,unmodified/video
131,5,dia131_utt5.mp4,neutral,neutral,unmodified/video
131,6,dia131_utt6.mp4,neutral,positive,unmodified/video
131,7,dia131_utt7.mp4,neutral,neutral,unmodified/video
131,8,dia131_utt8.mp4,neutral,positive,unmodified/video
132,0,dia132_utt0.mp4,neutral,neutral,unmodified/video
132,1,dia132_utt1.mp4,neutral,neutral,unmodified/video
132,10,dia132_utt10.mp4,neutral,negative,unmodified/video
132,11,dia132_utt11.mp4,neutral,neutral,unmodified/video
132,12,dia132_utt12.mp4,neutral,neutral,unmodified/video
132,13,dia132_utt13.mp4,neutral,neutral,unmodified/video
132,14,dia132_utt14.mp4,neutral,neutral,unmodified/video
132,15,dia132_utt15.mp4,neutral,neutral,unmodified/video
132,16,dia132_utt16.mp4,neutral,positive,unmodified/video
132,17,dia132_utt17.mp4,neutral,neutral,unmodified/video
132,18,dia132_utt18.mp4,neutral,neutral,unmodified/video
132,19,dia132_utt19.mp4,neutral,negative,unmodified/video
132,2,dia132_utt2.mp4,neutral,neutral,unmodified/video
132,3,dia132_utt3.mp4,neutral,neutral,unmodified/video
132,4,dia132_utt4.mp4,neutral,positive,unmodified/video
132,5,dia132_utt5.mp4,neutral,neutral,unmodified/video
132,6,dia132_utt6.mp4,neutral,neutral,unmodified/video
132,7,dia132_utt7.mp4,neutral,neutral,unmodified/video
132,8,dia132_utt8.mp4,positive,neutral,unmodified/video
132,9,dia132_utt9.mp4,neutral,negative,unmodified/video
133,0,dia133_utt0.mp4,neutral,positive,unmodified/video
133,1,dia133_utt1.mp4,positive,positive,unmodified/video
133,10,dia133_utt10.mp4,positive,neutral,unmodified/video
133,11,dia133_utt11.mp4,neutral,negative,unmodified/video
133,12,dia133_utt12.mp4,neutral,negative,unmodified/video
133,13,dia133_utt13.mp4,neutral,negative,unmodified/video
133,14,dia133_utt14.mp4,neutral,neutral,unmodified/video
133,15,dia133_utt15.mp4,neutral,negative,unmodified/video
133,2,dia133_utt2.mp4,neutral,neutral,unmodified/video
133,3,dia133_utt3.mp4,neutral,positive,unmodified/video
133,4,dia133_utt4.mp4,neutral,positive,unmodified/video
133,5,dia133_utt5.mp4,positive,positive,unmodified/video
133,6,dia133_utt6.mp4,neutral,neutral,unmodified/video
133,7,dia133_utt7.mp4,neutral,neutral,unmodified/video
133,8,dia133_utt8.mp4,positive,positive,unmodified/video
133,9,dia133_utt9.mp4,positive,neutral,unmodified/video
134,0,dia134_utt0.mp4,neutral,negative,unmodified/video
134,1,dia134_utt1.mp4,neutral,negative,unmodified/video
134,2,dia134_utt2.mp4,neutral,positive,unmodified/video
134,3,dia134_utt3.mp4,neutral,negative,unmodified/video
135,0,dia135_utt0.mp4,neutral,neutral,unmodified/video
135,1,dia135_utt1.mp4,neutral,positive,unmodified/video
135,2,dia135_utt2.mp4,neutral,neutral,unmodified/video
135,3,dia135_utt3.mp4,neutral,positive,unmodified/video
135,4,dia135_utt4.mp4,neutral,positive,unmodified/video
135,5,dia135_utt5.mp4,neutral,positive,unmodified/video
136,0,dia136_utt0.mp4,neutral,positive,unmodified/video
137,0,dia137_utt0.mp4,neutral,neutral,unmodified/video
137,1,dia137_utt1.mp4,neutral,neutral,unmodified/video
137,10,dia137_utt10.mp4,neutral,negative,unmodified/video
137,11,dia137_utt11.mp4,neutral,neutral,unmodified/video
137,12,dia137_utt12.mp4,neutral,negative,unmodified/video
137,13,dia137_utt13.mp4,neutral,negative,unmodified/video
137,14,dia137_utt14.mp4,neutral,negative,unmodified/video
137,2,dia137_utt2.mp4,neutral,neutral,unmodified/video
137,3,dia137_utt3.mp4,neutral,neutral,unmodified/video
137,4,dia137_utt4.mp4,neutral,neutral,unmodified/video
137,5,dia137_utt5.mp4,neutral,neutral,unmodified/video
137,6,dia137_utt6.mp4,neutral,neutral,unmodified/video
137,7,dia137_utt7.mp4,neutral,negative,unmodified/video
137,8,dia137_utt8.mp4,neutral,neutral,unmodified/video
137,9,dia137_utt9.mp4,neutral,negative,unmodified/video
138,0,dia138_utt0.mp4,neutral,neutral,unmodified/video
138,1,dia138_utt1.mp4,neutral,negative,unmodified/video
138,2,dia138_utt2.mp4,neutral,negative,unmodified/video
138,3,dia138_utt3.mp4,neutral,negative,unmodified/video
139,0,dia139_utt0.mp4,negative,neutral,unmodified/video
139,1,dia139_utt1.mp4,neutral,negative,unmodified/video
139,2,dia139_utt2.mp4,positive,neutral,unmodified/video
139,3,dia139_utt3.mp4,neutral,positive,unmodified/video
139,4,dia139_utt4.mp4,neutral,positive,unmodified/video
139,5,dia139_utt5.mp4,neutral,neutral,unmodified/video
139,6,dia139_utt6.mp4,neutral,neutral,unmodified/video
139,7,dia139_utt7.mp4,positive,positive,unmodified/video
139,8,dia139_utt8.mp4,positive,positive,unmodified/video
139,9,dia139_utt9.mp4,positive,neutral,unmodified/video
13,0,dia13_utt0.mp4,neutral,neutral,unmodified/video
13,1,dia13_utt1.mp4,neutral,neutral,unmodified/video
13,2,dia13_utt2.mp4,neutral,neutral,unmodified/video
13,3,dia13_utt3.mp4,neutral,positive,unmodified/video
13,4,dia13_utt4.mp4,neutral,neutral,unmodified/video
13,5,dia13_utt5.mp4,neutral,negative,unmodified/video
13,6,dia13_utt6.mp4,positive,negative,unmodified/video
13,7,dia13_utt7.mp4,neutral,negative,unmodified/video
140,0,dia140_utt0.mp4,neutral,negative,unmodified/video
140,1,dia140_utt1.mp4,neutral,negative,unmodified/video
140,10,dia140_utt10.mp4,neutral,neutral,unmodified/video
140,11,dia140_utt11.mp4,neutral,negative,unmodified/video
140,12,dia140_utt12.mp4,neutral,negative,unmodified/video
140,13,dia140_utt13.mp4,neutral,negative,unmodified/video
140,14,dia140_utt14.mp4,neutral,neutral,unmodified/video
140,15,dia140_utt15.mp4,neutral,neutral,unmodified/video
140,16,dia140_utt16.mp4,neutral,neutral,unmodified/video
140,2,dia140_utt2.mp4,neutral,neutral,unmodified/video
140,3,dia140_utt3.mp4,neutral,neutral,unmodified/video
140,4,dia140_utt4.mp4,neutral,neutral,unmodified/video
140,5,dia140_utt5.mp4,neutral,positive,unmodified/video
140,6,dia140_utt6.mp4,neutral,neutral,unmodified/video
140,7,dia140_utt7.mp4,neutral,neutral,unmodified/video
140,8,dia140_utt8.mp4,neutral,negative,unmodified/video
140,9,dia140_utt9.mp4,neutral,positive,unmodified/video
141,0,dia141_utt0.mp4,neutral,neutral,unmodified/video
141,1,dia141_utt1.mp4,neutral,neutral,unmodified/video
141,2,dia141_utt2.mp4,negative,neutral,unmodified/video
141,3,dia141_utt3.mp4,positive,neutral,unmodified/video
141,4,dia141_utt4.mp4,neutral,neutral,unmodified/video
142,0,dia142_utt0.mp4,neutral,neutral,unmodified/video
142,1,dia142_utt1.mp4,neutral,neutral,unmodified/video
143,0,dia143_utt0.mp4,neutral,neutral,unmodified/video
143,1,dia143_utt1.mp4,neutral,neutral,unmodified/video
143,2,dia143_utt2.mp4,neutral,neutral,unmodified/video
143,3,dia143_utt3.mp4,neutral,negative,unmodified/video
143,4,dia143_utt4.mp4,neutral,neutral,unmodified/video
143,5,dia143_utt5.mp4,neutral,negative,unmodified/video
143,6,dia143_utt6.mp4,neutral,negative,unmodified/video
143,7,dia143_utt7.mp4,positive,negative,unmodified/video
143,8,dia143_utt8.mp4,negative,negative,unmodified/video
144,0,dia144_utt0.mp4,neutral,negative,unmodified/video
144,1,dia144_utt1.mp4,neutral,positive,unmodified/video
144,10,dia144_utt10.mp4,neutral,negative,unmodified/video
144,11,dia144_utt11.mp4,neutral,negative,unmodified/video
144,12,dia144_utt12.mp4,neutral,negative,unmodified/video
144,13,dia144_utt13.mp4,positive,neutral,unmodified/video
144,14,dia144_utt14.mp4,positive,neutral,unmodified/video
144,2,dia144_utt2.mp4,neutral,negative,unmodified/video
144,3,dia144_utt3.mp4,neutral,neutral,unmodified/video
144,4,dia144_utt4.mp4,neutral,negative,unmodified/video
144,5,dia144_utt5.mp4,neutral,negative,unmodified/video
144,6,dia144_utt6.mp4,neutral,negative,unmodified/video
144,7,dia144_utt7.mp4,neutral,neutral,unmodified/video
144,8,dia144_utt8.mp4,neutral,negative,unmodified/video
144,9,dia144_utt9.mp4,neutral,negative,unmodified/video
145,0,dia145_utt0.mp4,neutral,neutral,unmodified/video
145,1,dia145_utt1.mp4,neutral,positive,unmodified/video
145,10,dia145_utt10.mp4,neutral,neutral,unmodified/video
145,11,dia145_utt11.mp4,neutral,neutral,unmodified/video
145,12,dia145_utt12.mp4,neutral,neutral,unmodified/video
145,2,dia145_utt2.mp4,neutral,neutral,unmodified/video
145,3,dia145_utt3.mp4,neutral,positive,unmodified/video
145,4,dia145_utt4.mp4,neutral,neutral,unmodified/video
145,5,dia145_utt5.mp4,neutral,neutral,unmodified/video
145,6,dia145_utt6.mp4,neutral,neutral,unmodified/video
145,7,dia145_utt7.mp4,neutral,neutral,unmodified/video
145,8,dia145_utt8.mp4,neutral,neutral,unmodified/video
145,9,dia145_utt9.mp4,positive,positive,unmodified/video
146,0,dia146_utt0.mp4,neutral,positive,unmodified/video
146,1,dia146_utt1.mp4,neutral,negative,unmodified/video
146,2,dia146_utt2.mp4,neutral,negative,unmodified/video
146,3,dia146_utt3.mp4,neutral,neutral,unmodified/video
146,4,dia146_utt4.mp4,neutral,negative,unmodified/video
146,5,dia146_utt5.mp4,neutral,positive,unmodified/video
146,6,dia146_utt6.mp4,neutral,positive,unmodified/video
147,0,dia147_utt0.mp4,neutral,negative,unmodified/video
147,1,dia147_utt1.mp4,neutral,negative,unmodified/video
147,10,dia147_utt10.mp4,neutral,positive,unmodified/video
147,2,dia147_utt2.mp4,neutral,negative,unmodified/video
147,3,dia147_utt3.mp4,neutral,negative,unmodified/video
147,4,dia147_utt4.mp4,neutral,negative,unmodified/video
147,5,dia147_utt5.mp4,neutral,negative,unmodified/video
147,6,dia147_utt6.mp4,neutral,negative,unmodified/video
147,7,dia147_utt7.mp4,neutral,neutral,unmodified/video
147,8,dia147_utt8.mp4,neutral,neutral,unmodified/video
147,9,dia147_utt9.mp4,neutral,neutral,unmodified/video
148,0,dia148_utt0.mp4,neutral,negative,unmodified/video
149,0,dia149_utt0.mp4,neutral,negative,unmodified/video
149,1,dia149_utt1.mp4,neutral,negative,unmodified/video
149,2,dia149_utt2.mp4,neutral,negative,unmodified/video
14,0,dia14_utt0.mp4,neutral,positive,unmodified/video
14,1,dia14_utt1.mp4,neutral,positive,unmodified/video
14,10,dia14_utt10.mp4,neutral,neutral,unmodified/video
14,2,dia14_utt2.mp4,neutral,positive,unmodified/video
14,3,dia14_utt3.mp4,neutral,positive,unmodified/video
14,4,dia14_utt4.mp4,neutral,neutral,unmodified/video
14,5,dia14_utt5.mp4,neutral,neutral,unmodified/video
14,6,dia14_utt6.mp4,neutral,positive,unmodified/video
14,7,dia14_utt7.mp4,neutral,positive,unmodified/video
14,8,dia14_utt8.mp4,neutral,neutral,unmodified/video
14,9,dia14_utt9.mp4,neutral,positive,unmodified/video
150,0,dia150_utt0.mp4,positive,negative,unmodified/video
150,1,dia150_utt1.mp4,negative,negative,unmodified/video
150,2,dia150_utt2.mp4,neutral,negative,unmodified/video
150,3,dia150_utt3.mp4,neutral,negative,unmodified/video
150,4,dia150_utt4.mp4,neutral,negative,unmodified/video
150,5,dia150_utt5.mp4,neutral,neutral,unmodified/video
151,0,dia151_utt0.mp4,neutral,negative,unmodified/video
151,1,dia151_utt1.mp4,neutral,neutral,unmodified/video
151,2,dia151_utt2.mp4,neutral,neutral,unmodified/video
151,3,dia151_utt3.mp4,neutral,neutral,unmodified/video
152,0,dia152_utt0.mp4,positive,neutral,unmodified/video
152,1,dia152_utt1.mp4,neutral,neutral,unmodified/video
152,2,dia152_utt2.mp4,positive,positive,unmodified/video
152,3,dia152_utt3.mp4,neutral,neutral,unmodified/video
152,4,dia152_utt4.mp4,neutral,neutral,unmodified/video
153,0,dia153_utt0.mp4,neutral,neutral,unmodified/video
153,1,dia153_utt1.mp4,neutral,neutral,unmodified/video
153,10,dia153_utt10.mp4,neutral,positive,unmodified/video
153,11,dia153_utt11.mp4,neutral,negative,unmodified/video
153,2,dia153_utt2.mp4,neutral,neutral,unmodified/video
153,3,dia153_utt3.mp4,neutral,neutral,unmodified/video
153,4,dia153_utt4.mp4,neutral,negative,unmodified/video
153,5,dia153_utt5.mp4,neutral,neutral,unmodified/video
153,6,dia153_utt6.mp4,neutral,neutral,unmodified/video
153,7,dia153_utt7.mp4,neutral,neutral,unmodified/video
153,8,dia153_utt8.mp4,neutral,positive,unmodified/video
153,9,dia153_utt9.mp4,neutral,neutral,unmodified/video
154,0,dia154_utt0.mp4,neutral,positive,unmodified/video
154,1,dia154_utt1.mp4,neutral,positive,unmodified/video
154,10,dia154_utt10.mp4,neutral,positive,unmodified/video
154,11,dia154_utt11.mp4,positive,positive,unmodified/video
154,12,dia154_utt12.mp4,neutral,positive,unmodified/video
154,13,dia154_utt13.mp4,neutral,neutral,unmodified/video
154,14,dia154_utt14.mp4,positive,neutral,unmodified/video
154,15,dia154_utt15.mp4,neutral,negative,unmodified/video
154,16,dia154_utt16.mp4,positive,positive,unmodified/video
154,17,dia154_utt17.mp4,positive,positive,unmodified/video
154,18,dia154_utt18.mp4,neutral,neutral,unmodified/video
154,19,dia154_utt19.mp4,neutral,neutral,unmodified/video
154,2,dia154_utt2.mp4,neutral,positive,unmodified/video
154,20,dia154_utt20.mp4,neutral,neutral,unmodified/video
154,3,dia154_utt3.mp4,positive,positive,unmodified/video
154,4,dia154_utt4.mp4,neutral,neutral,unmodified/video
154,5,dia154_utt5.mp4,neutral,neutral,unmodified/video
154,6,dia154_utt6.mp4,neutral,negative,unmodified/video
154,7,dia154_utt7.mp4,neutral,positive,unmodified/video
154,8,dia154_utt8.mp4,neutral,negative,unmodified/video
154,9,dia154_utt9.mp4,neutral,positive,unmodified/video
155,0,dia155_utt0.mp4,neutral,negative,unmodified/video
155,1,dia155_utt1.mp4,neutral,negative,unmodified/video
155,2,dia155_utt2.mp4,neutral,neutral,unmodified/video
155,3,dia155_utt3.mp4,neutral,negative,unmodified/video
155,4,dia155_utt4.mp4,neutral,neutral,unmodified/video
155,5,dia155_utt5.mp4,neutral,negative,unmodified/video
155,6,dia155_utt6.mp4,neutral,neutral,unmodified/video
155,7,dia155_utt7.mp4,neutral,neutral,unmodified/video
155,8,dia155_utt8.mp4,neutral,negative,unmodified/video
156,0,dia156_utt0.mp4,neutral,positive,unmodified/video
156,1,dia156_utt1.mp4,neutral,positive,unmodified/video
156,10,dia156_utt10.mp4,neutral,negative,unmodified/video
156,11,dia156_utt11.mp4,neutral,positive,unmodified/video
156,12,dia156_utt12.mp4,neutral,negative,unmodified/video
156,13,dia156_utt13.mp4,neutral,neutral,unmodified/video
156,14,dia156_utt14.mp4,negative,positive,unmodified/video
156,15,dia156_utt15.mp4,neutral,negative,unmodified/video
156,2,dia156_utt2.mp4,neutral,neutral,unmodified/video
156,3,dia156_utt3.mp4,neutral,neutral,unmodified/video
156,4,dia156_utt4.mp4,neutral,neutral,unmodified/video
156,5,dia156_utt5.mp4,neutral,neutral,unmodified/video
156,6,dia156_utt6.mp4,neutral,negative,unmodified/video
156,7,dia156_utt7.mp4,neutral,positive,unmodified/video
156,8,dia156_utt8.mp4,neutral,neutral,unmodified/video
156,9,dia156_utt9.mp4,neutral,negative,unmodified/video
157,0,dia157_utt0.mp4,neutral,neutral,unmodified/video
157,1,dia157_utt1.mp4,neutral,neutral,unmodified/video
157,2,dia157_utt2.mp4,neutral,negative,unmodified/video
157,3,dia157_utt3.mp4,neutral,neutral,unmodified/video
157,4,dia157_utt4.mp4,neutral,neutral,unmodified/video
157,5,dia157_utt5.mp4,neutral,neutral,unmodified/video
157,6,dia157_utt6.mp4,neutral,neutral,unmodified/video
157,7,dia157_utt7.mp4,neutral,neutral,unmodified/video
158,0,dia158_utt0.mp4,neutral,neutral,unmodified/video
158,1,dia158_utt1.mp4,neutral,negative,unmodified/video
158,2,dia158_utt2.mp4,neutral,negative,unmodified/video
158,3,dia158_utt3.mp4,neutral,neutral,unmodified/video
158,4,dia158_utt4.mp4,neutral,negative,unmodified/video
158,5,dia158_utt5.mp4,neutral,neutral,unmodified/video
158,6,dia158_utt6.mp4,neutral,negative,unmodified/video
159,0,dia159_utt0.mp4,negative,negative,unmodified/video
159,1,dia159_utt1.mp4,neutral,negative,unmodified/video
15,0,dia15_utt0.mp4,neutral,positive,unmodified/video
15,1,dia15_utt1.mp4,positive,positive,unmodified/video
15,2,dia15_utt2.mp4,neutral,positive,unmodified/video
15,3,dia15_utt3.mp4,neutral,neutral,unmodified/video
15,4,dia15_utt4.mp4,neutral,neutral,unmodified/video
15,5,dia15_utt5.mp4,neutral,negative,unmodified/video
160,0,dia160_utt0.mp4,neutral,negative,unmodified/video
160,1,dia160_utt1.mp4,neutral,negative,unmodified/video
160,10,dia160_utt10.mp4,neutral,negative,unmodified/video
160,11,dia160_utt11.mp4,neutral,negative,unmodified/video
160,12,dia160_utt12.mp4,neutral,negative,unmodified/video
160,13,dia160_utt13.mp4,neutral,negative,unmodified/video
160,2,dia160_utt2.mp4,neutral,negative,unmodified/video
160,3,dia160_utt3.mp4,neutral,negative,unmodified/video
160,4,dia160_utt4.mp4,neutral,negative,unmodified/video
160,5,dia160_utt5.mp4,neutral,negative,unmodified/video
160,6,dia160_utt6.mp4,neutral,negative,unmodified/video
160,7,dia160_utt7.mp4,neutral,negative,unmodified/video
160,8,dia160_utt8.mp4,neutral,negative,unmodified/video
160,9,dia160_utt9.mp4,neutral,negative,unmodified/video
161,0,dia161_utt0.mp4,neutral,neutral,unmodified/video
161,1,dia161_utt1.mp4,neutral,neutral,unmodified/video
161,10,dia161_utt10.mp4,positive,positive,unmodified/video
161,11,dia161_utt11.mp4,positive,positive,unmodified/video
161,2,dia161_utt2.mp4,neutral,neutral,unmodified/video
161,3,dia161_utt3.mp4,neutral,positive,unmodified/video
161,4,dia161_utt4.mp4,neutral,positive,unmodified/video
161,5,dia161_utt5.mp4,positive,neutral,unmodified/video
161,6,dia161_utt6.mp4,positive,positive,unmodified/video
161,7,dia161_utt7.mp4,positive,neutral,unmodified/video
161,8,dia161_utt8.mp4,positive,neutral,unmodified/video
161,9,dia161_utt9.mp4,positive,neutral,unmodified/video
162,0,dia162_utt0.mp4,neutral,positive,unmodified/video
162,1,dia162_utt1.mp4,neutral,neutral,unmodified/video
162,2,dia162_utt2.mp4,neutral,neutral,unmodified/video
162,3,dia162_utt3.mp4,neutral,neutral,unmodified/video
162,4,dia162_utt4.mp4,neutral,neutral,unmodified/video
162,5,dia162_utt5.mp4,neutral,negative,unmodified/video
163,0,dia163_utt0.mp4,neutral,negative,unmodified/video
163,1,dia163_utt1.mp4,neutral,negative,unmodified/video
163,2,dia163_utt2.mp4,neutral,negative,unmodified/video
163,3,dia163_utt3.mp4,neutral,positive,unmodified/video
163,4,dia163_utt4.mp4,positive,neutral,unmodified/video
163,5,dia163_utt5.mp4,neutral,neutral,unmodified/video
163,6,dia163_utt6.mp4,neutral,negative,unmodified/video
163,7,dia163_utt7.mp4,neutral,neutral,unmodified/video
163,8,dia163_utt8.mp4,neutral,neutral,unmodified/video
163,9,dia163_utt9.mp4,neutral,negative,unmodified/video
164,0,dia164_utt0.mp4,neutral,neutral,unmodified/video
164,1,dia164_utt1.mp4,neutral,neutral,unmodified/video
164,2,dia164_utt2.mp4,neutral,neutral,unmodified/video
164,3,dia164_utt3.mp4,neutral,neutral,unmodified/video
164,4,dia164_utt4.mp4,neutral,neutral,unmodified/video
164,5,dia164_utt5.mp4,neutral,neutral,unmodified/video
164,6,dia164_utt6.mp4,positive,neutral,unmodified/video
164,7,dia164_utt7.mp4,neutral,negative,unmodified/video
164,8,dia164_utt8.mp4,neutral,neutral,unmodified/video
165,0,dia165_utt0.mp4,neutral,negative,unmodified/video
165,1,dia165_utt1.mp4,neutral,neutral,unmodified/video
165,2,dia165_utt2.mp4,neutral,negative,unmodified/video
165,3,dia165_utt3.mp4,neutral,negative,unmodified/video
165,4,dia165_utt4.mp4,neutral,negative,unmodified/video
166,0,dia166_utt0.mp4,neutral,negative,unmodified/video
166,1,dia166_utt1.mp4,neutral,negative,unmodified/video
166,10,dia166_utt10.mp4,neutral,neutral,unmodified/video
166,11,dia166_utt11.mp4,neutral,neutral,unmodified/video
166,12,dia166_utt12.mp4,neutral,neutral,unmodified/video
166,13,dia166_utt13.mp4,neutral,neutral,unmodified/video
166,2,dia166_utt2.mp4,neutral,negative,unmodified/video
166,3,dia166_utt3.mp4,neutral,negative,unmodified/video
166,4,dia166_utt4.mp4,neutral,negative,unmodified/video
166,5,dia166_utt5.mp4,neutral,negative,unmodified/video
166,6,dia166_utt6.mp4,neutral,neutral,unmodified/video
166,7,dia166_utt7.mp4,neutral,neutral,unmodified/video
166,8,dia166_utt8.mp4,neutral,neutral,unmodified/video
166,9,dia166_utt9.mp4,neutral,neutral,unmodified/video
167,0,dia167_utt0.mp4,neutral,negative,unmodified/video
167,1,dia167_utt1.mp4,neutral,neutral,unmodified/video
167,10,dia167_utt10.mp4,neutral,neutral,unmodified/video
167,11,dia167_utt11.mp4,neutral,neutral,unmodified/video
167,12,dia167_utt12.mp4,neutral,neutral,unmodified/video
167,13,dia167_utt13.mp4,neutral,neutral,unmodified/video
167,14,dia167_utt14.mp4,neutral,negative,unmodified/video
167,15,dia167_utt15.mp4,neutral,neutral,unmodified/video
167,16,dia167_utt16.mp4,positive,neutral,unmodified/video
167,2,dia167_utt2.mp4,neutral,neutral,unmodified/video
167,3,dia167_utt3.mp4,neutral,neutral,unmodified/video
167,4,dia167_utt4.mp4,neutral,neutral,unmodified/video
167,5,dia167_utt5.mp4,neutral,positive,unmodified/video
167,6,dia167_utt6.mp4,neutral,positive,unmodified/video
167,7,dia167_utt7.mp4,neutral,negative,unmodified/video
167,8,dia167_utt8.mp4,neutral,negative,unmodified/video
167,9,dia167_utt9.mp4,neutral,negative,unmodified/video
168,0,dia168_utt0.mp4,neutral,neutral,unmodified/video
168,1,dia168_utt1.mp4,neutral,neutral,unmodified/video
168,10,dia168_utt10.mp4,neutral,neutral,unmodified/video
168,11,dia168_utt11.mp4,neutral,negative,unmodified/video
168,12,dia168_utt12.mp4,neutral,negative,unmodified/video
168,13,dia168_utt13.mp4,neutral,negative,unmodified/video
168,14,dia168_utt14.mp4,positive,negative,unmodified/video
168,15,dia168_utt15.mp4,neutral,negative,unmodified/video
168,16,dia168_utt16.mp4,neutral,negative,unmodified/video
168,17,dia168_utt17.mp4,neutral,negative,unmodified/video
168,18,dia168_utt18.mp4,neutral,neutral,unmodified/video
168,2,dia168_utt2.mp4,neutral,neutral,unmodified/video
168,3,dia168_utt3.mp4,neutral,neutral,unmodified/video
168,4,dia168_utt4.mp4,neutral,neutral,unmodified/video
168,5,dia168_utt5.mp4,neutral,neutral,unmodified/video
168,6,dia168_utt6.mp4,neutral,neutral,unmodified/video
168,7,dia168_utt7.mp4,neutral,neutral,unmodified/video
168,8,dia168_utt8.mp4,neutral,negative,unmodified/video
168,9,dia168_utt9.mp4,neutral,neutral,unmodified/video
169,0,dia169_utt0.mp4,positive,negative,unmodified/video
169,1,dia169_utt1.mp4,positive,positive,unmodified/video
169,10,dia169_utt10.mp4,neutral,negative,unmodified/video
169,11,dia169_utt11.mp4,neutral,negative,unmodified/video
169,12,dia169_utt12.mp4,neutral,positive,unmodified/video
169,13,dia169_utt13.mp4,neutral,neutral,unmodified/video
169,14,dia169_utt14.mp4,neutral,neutral,unmodified/video
169,15,dia169_utt15.mp4,neutral,negative,unmodified/video
169,16,dia169_utt16.mp4,neutral,neutral,unmodified/video
169,17,dia169_utt17.mp4,neutral,negative,unmodified/video
169,18,dia169_utt18.mp4,neutral,negative,unmodified/video
169,19,dia169_utt19.mp4,neutral,neutral,unmodified/video
169,2,dia169_utt2.mp4,positive,negative,unmodified/video
169,20,dia169_utt20.mp4,neutral,neutral,unmodified/video
169,21,dia169_utt21.mp4,neutral,negative,unmodified/video
169,22,dia169_utt22.mp4,neutral,negative,unmodified/video
169,3,dia169_utt3.mp4,positive,negative,unmodified/video
169,4,dia169_utt4.mp4,positive,negative,unmodified/video
169,5,dia169_utt5.mp4,positive,negative,unmodified/video
169,6,dia169_utt6.mp4,positive,negative,unmodified/video
169,7,dia169_utt7.mp4,neutral,neutral,unmodified/video
169,8,dia169_utt8.mp4,neutral,negative,unmodified/video
169,9,dia169_utt9.mp4,neutral,negative,unmodified/video
16,0,dia16_utt0.mp4,neutral,neutral,unmodified/video
16,1,dia16_utt1.mp4,neutral,neutral,unmodified/video
16,2,dia16_utt2.mp4,neutral,neutral,unmodified/video
16,3,dia16_utt3.mp4,neutral,neutral,unmodified/video
16,4,dia16_utt4.mp4,neutral,negative,unmodified/video
16,5,dia16_utt5.mp4,neutral,neutral,unmodified/video
16,6,dia16_utt6.mp4,neutral,neutral,unmodified/video
16,7,dia16_utt7.mp4,neutral,neutral,unmodified/video
16,8,dia16_utt8.mp4,neutral,neutral,unmodified/video
16,9,dia16_utt9.mp4,neutral,negative,unmodified/video
170,0,dia170_utt0.mp4,neutral,positive,unmodified/video
170,1,dia170_utt1.mp4,positive,positive,unmodified/video
170,2,dia170_utt2.mp4,neutral,neutral,unmodified/video
170,3,dia170_utt3.mp4,neutral,negative,unmodified/video
170,4,dia170_utt4.mp4,neutral,negative,unmodified/video
171,0,dia171_utt0.mp4,neutral,negative,unmodified/video
171,1,dia171_utt1.mp4,positive,positive,unmodified/video
171,2,dia171_utt2.mp4,neutral,neutral,unmodified/video
171,3,dia171_utt3.mp4,neutral,positive,unmodified/video
171,4,dia171_utt4.mp4,positive,positive,unmodified/video
171,5,dia171_utt5.mp4,positive,neutral,unmodified/video
171,6,dia171_utt6.mp4,neutral,neutral,unmodified/video
171,7,dia171_utt7.mp4,positive,positive,unmodified/video
171,8,dia171_utt8.mp4,neutral,positive,unmodified/video
172,0,dia172_utt0.mp4,neutral,neutral,unmodified/video
172,1,dia172_utt1.mp4,neutral,neutral,unmodified/video
172,2,dia172_utt2.mp4,neutral,neutral,unmodified/video
173,0,dia173_utt0.mp4,positive,neutral,unmodified/video
173,1,dia173_utt1.mp4,neutral,negative,unmodified/video
173,10,dia173_utt10.mp4,neutral,neutral,unmodified/video
173,11,dia173_utt11.mp4,neutral,negative,unmodified/video
173,12,dia173_utt12.mp4,neutral,negative,unmodified/video
173,13,dia173_utt13.mp4,neutral,negative,unmodified/video
173,14,dia173_utt14.mp4,neutral,negative,unmodified/video
173,15,dia173_utt15.mp4,neutral,positive,unmodified/video
173,16,dia173_utt16.mp4,neutral,negative,unmodified/video
173,17,dia173_utt17.mp4,positive,neutral,unmodified/video
173,18,dia173_utt18.mp4,negative,neutral,unmodified/video
173,2,dia173_utt2.mp4,neutral,neutral,unmodified/video
173,3,dia173_utt3.mp4,neutral,neutral,unmodified/video
173,4,dia173_utt4.mp4,positive,negative,unmodified/video
173,5,dia173_utt5.mp4,positive,negative,unmodified/video
173,6,dia173_utt6.mp4,neutral,negative,unmodified/video
173,7,dia173_utt7.mp4,neutral,negative,unmodified/video
173,8,dia173_utt8.mp4,neutral,negative,unmodified/video
173,9,dia173_utt9.mp4,neutral,neutral,unmodified/video
174,0,dia174_utt0.mp4,neutral,neutral,unmodified/video
174,1,dia174_utt1.mp4,negative,neutral,unmodified/video
174,10,dia174_utt10.mp4,neutral,neutral,unmodified/video
174,11,dia174_utt11.mp4,neutral,neutral,unmodified/video
174,12,dia174_utt12.mp4,neutral,neutral,unmodified/video
174,13,dia174_utt13.mp4,neutral,negative,unmodified/video
174,14,dia174_utt14.mp4,neutral,neutral,unmodified/video
174,15,dia174_utt15.mp4,neutral,negative,unmodified/video
174,16,dia174_utt16.mp4,neutral,neutral,unmodified/video
174,17,dia174_utt17.mp4,neutral,negative,unmodified/video
174,18,dia174_utt18.mp4,neutral,neutral,unmodified/video
174,2,dia174_utt2.mp4,neutral,neutral,unmodified/video
174,3,dia174_utt3.mp4,neutral,neutral,unmodified/video
174,4,dia174_utt4.mp4,neutral,negative,unmodified/video
174,5,dia174_utt5.mp4,neutral,positive,unmodified/video
174,6,dia174_utt6.mp4,neutral,negative,unmodified/video
174,7,dia174_utt7.mp4,neutral,neutral,unmodified/video
174,8,dia174_utt8.mp4,neutral,negative,unmodified/video
174,9,dia174_utt9.mp4,neutral,neutral,unmodified/video
175,0,dia175_utt0.mp4,positive,neutral,unmodified/video
175,1,dia175_utt1.mp4,positive,neutral,unmodified/video
175,10,dia175_utt10.mp4,neutral,negative,unmodified/video
175,11,dia175_utt11.mp4,neutral,negative,unmodified/video
175,12,dia175_utt12.mp4,neutral,negative,unmodified/video
175,13,dia175_utt13.mp4,neutral,negative,unmodified/video
175,14,dia175_utt14.mp4,neutral,negative,unmodified/video
175,15,dia175_utt15.mp4,neutral,neutral,unmodified/video
175,16,dia175_utt16.mp4,neutral,negative,unmodified/video
175,17,dia175_utt17.mp4,neutral,negative,unmodified/video
175,18,dia175_utt18.mp4,neutral,negative,unmodified/video
175,19,dia175_utt19.mp4,neutral,neutral,unmodified/video
175,2,dia175_utt2.mp4,neutral,positive,unmodified/video
175,20,dia175_utt20.mp4,neutral,negative,unmodified/video
175,21,dia175_utt21.mp4,neutral,neutral,unmodified/video
175,22,dia175_utt22.mp4,neutral,positive,unmodified/video
175,3,dia175_utt3.mp4,neutral,positive,unmodified/video
175,4,dia175_utt4.mp4,neutral,negative,unmodified/video
175,5,dia175_utt5.mp4,neutral,neutral,unmodified/video
175,6,dia175_utt6.mp4,neutral,positive,unmodified/video
175,7,dia175_utt7.mp4,neutral,neutral,unmodified/video
175,8,dia175_utt8.mp4,neutral,negative,unmodified/video
175,9,dia175_utt9.mp4,positive,negative,unmodified/video
176,0,dia176_utt0.mp4,neutral,neutral,unmodified/video
176,1,dia176_utt1.mp4,neutral,neutral,unmodified/video
177,0,dia177_utt0.mp4,neutral,neutral,unmodified/video
177,1,dia177_utt1.mp4,neutral,neutral,unmodified/video
177,2,dia177_utt2.mp4,neutral,neutral,unmodified/video
178,0,dia178_utt0.mp4,neutral,neutral,unmodified/video
178,1,dia178_utt1.mp4,neutral,neutral,unmodified/video
178,2,dia178_utt2.mp4,positive,positive,unmodified/video
178,3,dia178_utt3.mp4,neutral,neutral,unmodified/video
178,4,dia178_utt4.mp4,neutral,neutral,unmodified/video
178,5,dia178_utt5.mp4,neutral,neutral,unmodified/video
178,6,dia178_utt6.mp4,neutral,negative,unmodified/video
178,7,dia178_utt7.mp4,neutral,neutral,unmodified/video
178,8,dia178_utt8.mp4,neutral,neutral,unmodified/video
178,9,dia178_utt9.mp4,neutral,negative,unmodified/video
179,0,dia179_utt0.mp4,neutral,negative,unmodified/video
179,1,dia179_utt1.mp4,neutral,negative,unmodified/video
179,2,dia179_utt2.mp4,neutral,negative,unmodified/video
179,3,dia179_utt3.mp4,neutral,neutral,unmodified/video
17,0,dia17_utt0.mp4,neutral,neutral,unmodified/video
17,1,dia17_utt1.mp4,neutral,neutral,unmodified/video
17,10,dia17_utt10.mp4,neutral,negative,unmodified/video
17,11,dia17_utt11.mp4,neutral,negative,unmodified/video
17,12,dia17_utt12.mp4,neutral,negative,unmodified/video
17,13,dia17_utt13.mp4,neutral,negative,unmodified/video
17,14,dia17_utt14.mp4,neutral,negative,unmodified/video
17,15,dia17_utt15.mp4,neutral,neutral,unmodified/video
17,16,dia17_utt16.mp4,neutral,negative,unmodified/video
17,17,dia17_utt17.mp4,neutral,negative,unmodified/video
17,18,dia17_utt18.mp4,neutral,neutral,unmodified/video
17,19,dia17_utt19.mp4,neutral,neutral,unmodified/video
17,2,dia17_utt2.mp4,neutral,neutral,unmodified/video
17,20,dia17_utt20.mp4,neutral,neutral,unmodified/video
17,21,dia17_utt21.mp4,neutral,neutral,unmodified/video
17,22,dia17_utt22.mp4,neutral,neutral,unmodified/video
17,23,dia17_utt23.mp4,neutral,neutral,unmodified/video
17,24,dia17_utt24.mp4,neutral,negative,unmodified/video
17,25,dia17_utt25.mp4,neutral,neutral,unmodified/video
17,26,dia17_utt26.mp4,neutral,negative,unmodified/video
17,27,dia17_utt27.mp4,neutral,negative,unmodified/video
17,28,dia17_utt28.mp4,neutral,negative,unmodified/video
17,29,dia17_utt29.mp4,neutral,negative,unmodified/video
17,3,dia17_utt3.mp4,neutral,negative,unmodified/video
17,30,dia17_utt30.mp4,neutral,negative,unmodified/video
17,31,dia17_utt31.mp4,negative,negative,unmodified/video
17,32,dia17_utt32.mp4,positive,neutral,unmodified/video
17,4,dia17_utt4.mp4,neutral,negative,unmodified/video
17,5,dia17_utt5.mp4,neutral,positive,unmodified/video
17,6,dia17_utt6.mp4,neutral,negative,unmodified/video
17,7,dia17_utt7.mp4,neutral,negative,unmodified/video
17,8,dia17_utt8.mp4,neutral,negative,unmodified/video
17,9,dia17_utt9.mp4,neutral,negative,unmodified/video
180,0,dia180_utt0.mp4,neutral,neutral,unmodified/video
180,1,dia180_utt1.mp4,neutral,neutral,unmodified/video
180,2,dia180_utt2.mp4,positive,neutral,unmodified/video
180,3,dia180_utt3.mp4,neutral,neutral,unmodified/video
180,4,dia180_utt4.mp4,neutral,positive,unmodified/video
180,5,dia180_utt5.mp4,positive,positive,unmodified/video
180,6,dia180_utt6.mp4,neutral,positive,unmodified/video
180,7,dia180_utt7.mp4,neutral,neutral,unmodified/video
180,8,dia180_utt8.mp4,neutral,negative,unmodified/video
180,9,dia180_utt9.mp4,neutral,negative,unmodified/video
181,0,dia181_utt0.mp4,neutral,neutral,unmodified/video
181,1,dia181_utt1.mp4,neutral,positive,unmodified/video
181,2,dia181_utt2.mp4,neutral,positive,unmodified/video
181,3,dia181_utt3.mp4,neutral,neutral,unmodified/video
181,4,dia181_utt4.mp4,neutral,neutral,unmodified/video
181,5,dia181_utt5.mp4,neutral,negative,unmodified/video
182,0,dia182_utt0.mp4,positive,positive,unmodified/video
182,1,dia182_utt1.mp4,neutral,negative,unmodified/video
182,2,dia182_utt2.mp4,neutral,negative,unmodified/video
182,3,dia182_utt3.mp4,neutral,negative,unmodified/video
182,4,dia182_utt4.mp4,neutral,negative,unmodified/video
182,5,dia182_utt5.mp4,neutral,positive,unmodified/video
182,6,dia182_utt6.mp4,neutral,positive,unmodified/video
182,7,dia182_utt7.mp4,neutral,negative,unmodified/video
182,8,dia182_utt8.mp4,neutral,negative,unmodified/video
182,9,dia182_utt9.mp4,neutral,negative,unmodified/video
183,0,dia183_utt0.mp4,neutral,neutral,unmodified/video
183,1,dia183_utt1.mp4,neutral,neutral,unmodified/video
183,2,dia183_utt2.mp4,neutral,neutral,unmodified/video
183,3,dia183_utt3.mp4,neutral,negative,unmodified/video
183,4,dia183_utt4.mp4,neutral,neutral,unmodified/video
183,5,dia183_utt5.mp4,neutral,neutral,unmodified/video
183,6,dia183_utt6.mp4,neutral,neutral,unmodified/video
183,7,dia183_utt7.mp4,neutral,neutral,unmodified/video
183,8,dia183_utt8.mp4,positive,neutral,unmodified/video
184,0,dia184_utt0.mp4,neutral,negative,unmodified/video
184,1,dia184_utt1.mp4,positive,positive,unmodified/video
184,10,dia184_utt10.mp4,neutral,neutral,unmodified/video
184,11,dia184_utt11.mp4,neutral,positive,unmodified/video
184,12,dia184_utt12.mp4,neutral,neutral,unmodified/video
184,13,dia184_utt13.mp4,positive,neutral,unmodified/video
184,14,dia184_utt14.mp4,neutral,positive,unmodified/video
184,2,dia184_utt2.mp4,positive,negative,unmodified/video
184,3,dia184_utt3.mp4,neutral,negative,unmodified/video
184,4,dia184_utt4.mp4,neutral,negative,unmodified/video
184,5,dia184_utt5.mp4,neutral,neutral,unmodified/video
184,6,dia184_utt6.mp4,neutral,negative,unmodified/video
184,7,dia184_utt7.mp4,neutral,negative,unmodified/video
184,8,dia184_utt8.mp4,neutral,neutral,unmodified/video
184,9,dia184_utt9.mp4,neutral,negative,unmodified/video
185,0,dia185_utt0.mp4,neutral,neutral,unmodified/video
185,1,dia185_utt1.mp4,neutral,neutral,unmodified/video
185,2,dia185_utt2.mp4,neutral,negative,unmodified/video
185,3,dia185_utt3.mp4,neutral,positive,unmodified/video
185,4,dia185_utt4.mp4,positive,negative,unmodified/video
185,5,dia185_utt5.mp4,neutral,neutral,unmodified/video
185,6,dia185_utt6.mp4,neutral,positive,unmodified/video
185,7,dia185_utt7.mp4,neutral,neutral,unmodified/video
186,0,dia186_utt0.mp4,neutral,negative,unmodified/video
186,1,dia186_utt1.mp4,neutral,neutral,unmodified/video
186,2,dia186_utt2.mp4,neutral,neutral,unmodified/video
186,3,dia186_utt3.mp4,neutral,negative,unmodified/video
187,0,dia187_utt0.mp4,neutral,neutral,unmodified/video
187,1,dia187_utt1.mp4,neutral,neutral,unmodified/video
187,2,dia187_utt2.mp4,neutral,neutral,unmodified/video
187,3,dia187_utt3.mp4,positive,positive,unmodified/video
187,4,dia187_utt4.mp4,positive,positive,unmodified/video
187,5,dia187_utt5.mp4,neutral,neutral,unmodified/video
187,6,dia187_utt6.mp4,neutral,neutral,unmodified/video
187,7,dia187_utt7.mp4,neutral,neutral,unmodified/video
187,8,dia187_utt8.mp4,neutral,neutral,unmodified/video
188,0,dia188_utt0.mp4,neutral,neutral,unmodified/video
188,1,dia188_utt1.mp4,neutral,neutral,unmodified/video
188,2,dia188_utt2.mp4,neutral,neutral,unmodified/video
188,3,dia188_utt3.mp4,neutral,neutral,unmodified/video
188,4,dia188_utt4.mp4,neutral,neutral,unmodified/video
188,5,dia188_utt5.mp4,neutral,neutral,unmodified/video
188,6,dia188_utt6.mp4,neutral,neutral,unmodified/video
188,7,dia188_utt7.mp4,neutral,neutral,unmodified/video
188,8,dia188_utt8.mp4,neutral,positive,unmodified/video
189,0,dia189_utt0.mp4,neutral,positive,unmodified/video
189,1,dia189_utt1.mp4,neutral,positive,unmodified/video
189,2,dia189_utt2.mp4,neutral,positive,unmodified/video
189,3,dia189_utt3.mp4,neutral,positive,unmodified/video
189,4,dia189_utt4.mp4,neutral,neutral,unmodified/video
189,5,dia189_utt5.mp4,positive,neutral,unmodified/video
189,6,dia189_utt6.mp4,neutral,neutral,unmodified/video
189,7,dia189_utt7.mp4,neutral,negative,unmodified/video
189,8,dia189_utt8.mp4,neutral,negative,unmodified/video
189,9,dia189_utt9.mp4,neutral,neutral,unmodified/video
18,0,dia18_utt0.mp4,neutral,neutral,unmodified/video
18,1,dia18_utt1.mp4,positive,neutral,unmodified/video
18,2,dia18_utt2.mp4,neutral,neutral,unmodified/video
190,0,dia190_utt0.mp4,neutral,negative,unmodified/video
190,1,dia190_utt1.mp4,neutral,neutral,unmodified/video
190,2,dia190_utt2.mp4,neutral,negative,unmodified/video
190,3,dia190_utt3.mp4,neutral,neutral,unmodified/video
190,4,dia190_utt4.mp4,positive,neutral,unmodified/video
191,0,dia191_utt0.mp4,neutral,negative,unmodified/video
191,1,dia191_utt1.mp4,neutral,neutral,unmodified/video
191,2,dia191_utt2.mp4,neutral,negative,unmodified/video
191,3,dia191_utt3.mp4,neutral,neutral,unmodified/video
191,4,dia191_utt4.mp4,neutral,neutral,unmodified/video
191,5,dia191_utt5.mp4,neutral,neutral,unmodified/video
191,6,dia191_utt6.mp4,neutral,positive,unmodified/video
191,7,dia191_utt7.mp4,neutral,neutral,unmodified/video
191,8,dia191_utt8.mp4,neutral,positive,unmodified/video
191,9,dia191_utt9.mp4,neutral,neutral,unmodified/video
192,0,dia192_utt0.mp4,neutral,negative,unmodified/video
192,1,dia192_utt1.mp4,neutral,neutral,unmodified/video
192,10,dia192_utt10.mp4,neutral,neutral,unmodified/video
192,11,dia192_utt11.mp4,neutral,neutral,unmodified/video
192,2,dia192_utt2.mp4,neutral,negative,unmodified/video
192,3,dia192_utt3.mp4,neutral,neutral,unmodified/video
192,4,dia192_utt4.mp4,neutral,negative,unmodified/video
192,5,dia192_utt5.mp4,neutral,negative,unmodified/video
192,6,dia192_utt6.mp4,neutral,neutral,unmodified/video
192,7,dia192_utt7.mp4,neutral,negative,unmodified/video
192,8,dia192_utt8.mp4,neutral,positive,unmodified/video
192,9,dia192_utt9.mp4,neutral,negative,unmodified/video
193,0,dia193_utt0.mp4,neutral,positive,unmodified/video
193,1,dia193_utt1.mp4,neutral,positive,unmodified/video
193,2,dia193_utt2.mp4,neutral,neutral,unmodified/video
193,3,dia193_utt3.mp4,neutral,neutral,unmodified/video
193,4,dia193_utt4.mp4,neutral,neutral,unmodified/video
194,0,dia194_utt0.mp4,neutral,negative,unmodified/video
194,1,dia194_utt1.mp4,neutral,neutral,unmodified/video
194,2,dia194_utt2.mp4,neutral,neutral,unmodified/video
194,3,dia194_utt3.mp4,neutral,negative,unmodified/video
194,4,dia194_utt4.mp4,neutral,neutral,unmodified/video
195,0,dia195_utt0.mp4,neutral,negative,unmodified/video
195,1,dia195_utt1.mp4,neutral,neutral,unmodified/video
195,10,dia195_utt10.mp4,neutral,positive,unmodified/video
195,11,dia195_utt11.mp4,positive,neutral,unmodified/video
195,2,dia195_utt2.mp4,neutral,negative,unmodified/video
195,3,dia195_utt3.mp4,neutral,neutral,unmodified/video
195,4,dia195_utt4.mp4,neutral,neutral,unmodified/video
195,5,dia195_utt5.mp4,positive,neutral,unmodified/video
195,6,dia195_utt6.mp4,positive,positive,unmodified/video
195,7,dia195_utt7.mp4,neutral,positive,unmodified/video
195,8,dia195_utt8.mp4,neutral,positive,unmodified/video
195,9,dia195_utt9.mp4,positive,neutral,unmodified/video
196,0,dia196_utt0.mp4,neutral,negative,unmodified/video
196,1,dia196_utt1.mp4,neutral,negative,unmodified/video
196,10,dia196_utt10.mp4,neutral,neutral,unmodified/video
196,11,dia196_utt11.mp4,neutral,neutral,unmodified/video
196,12,dia196_utt12.mp4,neutral,negative,unmodified/video
196,13,dia196_utt13.mp4,neutral,neutral,unmodified/video
196,14,dia196_utt14.mp4,neutral,negative,unmodified/video
196,15,dia196_utt15.mp4,neutral,negative,unmodified/video
196,16,dia196_utt16.mp4,neutral,negative,unmodified/video
196,17,dia196_utt17.mp4,neutral,neutral,unmodified/video
196,2,dia196_utt2.mp4,neutral,negative,unmodified/video
196,3,dia196_utt3.mp4,neutral,negative,unmodified/video
196,4,dia196_utt4.mp4,neutral,negative,unmodified/video
196,5,dia196_utt5.mp4,neutral,negative,unmodified/video
196,6,dia196_utt6.mp4,neutral,negative,unmodified/video
196,7,dia196_utt7.mp4,neutral,negative,unmodified/video
196,8,dia196_utt8.mp4,neutral,neutral,unmodified/video
196,9,dia196_utt9.mp4,neutral,neutral,unmodified/video
197,0,dia197_utt0.mp4,neutral,neutral,unmodified/video
197,1,dia197_utt1.mp4,neutral,neutral,unmodified/video
197,2,dia197_utt2.mp4,neutral,neutral,unmodified/video
197,3,dia197_utt3.mp4,neutral,neutral,unmodified/video
197,4,dia197_utt4.mp4,neutral,positive,unmodified/video
198,0,dia198_utt0.mp4,neutral,neutral,unmodified/video
198,1,dia198_utt1.mp4,neutral,positive,unmodified/video
198,10,dia198_utt10.mp4,neutral,neutral,unmodified/video
198,11,dia198_utt11.mp4,neutral,neutral,unmodified/video
198,12,dia198_utt12.mp4,neutral,positive,unmodified/video
198,2,dia198_utt2.mp4,neutral,negative,unmodified/video
198,3,dia198_utt3.mp4,neutral,neutral,unmodified/video
198,4,dia198_utt4.mp4,neutral,negative,unmodified/video
198,5,dia198_utt5.mp4,neutral,negative,unmodified/video
198,6,dia198_utt6.mp4,neutral,positive,unmodified/video
198,7,dia198_utt7.mp4,neutral,positive,unmodified/video
198,8,dia198_utt8.mp4,neutral,negative,unmodified/video
198,9,dia198_utt9.mp4,neutral,neutral,unmodified/video
199,0,dia199_utt0.mp4,neutral,neutral,unmodified/video
199,1,dia199_utt1.mp4,neutral,negative,unmodified/video
199,10,dia199_utt10.mp4,neutral,negative,unmodified/video
199,11,dia199_utt11.mp4,neutral,negative,unmodified/video
199,12,dia199_utt12.mp4,neutral,negative,unmodified/video
199,13,dia199_utt13.mp4,neutral,negative,unmodified/video
199,14,dia199_utt14.mp4,neutral,negative,unmodified/video
199,15,dia199_utt15.mp4,neutral,positive,unmodified/video
199,2,dia199_utt2.mp4,neutral,neutral,unmodified/video
199,3,dia199_utt3.mp4,neutral,neutral,unmodified/video
199,4,dia199_utt4.mp4,neutral,negative,unmodified/video
199,5,dia199_utt5.mp4,neutral,negative,unmodified/video
199,6,dia199_utt6.mp4,neutral,negative,unmodified/video
199,7,dia199_utt7.mp4,neutral,negative,unmodified/video
199,8,dia199_utt8.mp4,neutral,negative,unmodified/video
199,9,dia199_utt9.mp4,neutral,negative,unmodified/video
19,0,dia19_utt0.mp4,positive,positive,unmodified/video
1,0,dia1_utt0.mp4,positive,neutral,unmodified/video
1,1,dia1_utt1.mp4,neutral,positive,unmodified/video
1,2,dia1_utt2.mp4,positive,positive,unmodified/video
1,3,dia1_utt3.mp4,positive,positive,unmodified/video
1,4,dia1_utt4.mp4,positive,positive,unmodified/video
1,5,dia1_utt5.mp4,neutral,positive,unmodified/video
1,6,dia1_utt6.mp4,neutral,positive,unmodified/video
1,7,dia1_utt7.mp4,neutral,positive,unmodified/video
200,0,dia200_utt0.mp4,neutral,negative,unmodified/video
200,1,dia200_utt1.mp4,neutral,negative,unmodified/video
200,2,dia200_utt2.mp4,neutral,negative,unmodified/video
200,3,dia200_utt3.mp4,neutral,negative,unmodified/video
200,4,dia200_utt4.mp4,neutral,negative,unmodified/video
201,0,dia201_utt0.mp4,neutral,neutral,unmodified/video
201,1,dia201_utt1.mp4,neutral,negative,unmodified/video
201,10,dia201_utt10.mp4,neutral,positive,unmodified/video
201,11,dia201_utt11.mp4,neutral,negative,unmodified/video
201,2,dia201_utt2.mp4,neutral,positive,unmodified/video
201,3,dia201_utt3.mp4,neutral,neutral,unmodified/video
201,4,dia201_utt4.mp4,neutral,neutral,unmodified/video
201,5,dia201_utt5.mp4,positive,neutral,unmodified/video
201,6,dia201_utt6.mp4,neutral,neutral,unmodified/video
201,7,dia201_utt7.mp4,neutral,neutral,unmodified/video
201,8,dia201_utt8.mp4,neutral,negative,unmodified/video
201,9,dia201_utt9.mp4,neutral,neutral,unmodified/video
202,0,dia202_utt0.mp4,neutral,neutral,unmodified/video
202,1,dia202_utt1.mp4,neutral,positive,unmodified/video
202,2,dia202_utt2.mp4,neutral,positive,unmodified/video
202,3,dia202_utt3.mp4,positive,positive,unmodified/video
202,4,dia202_utt4.mp4,positive,positive,unmodified/video
202,5,dia202_utt5.mp4,positive,positive,unmodified/video
202,6,dia202_utt6.mp4,positive,positive,unmodified/video
202,7,dia202_utt7.mp4,positive,positive,unmodified/video
203,0,dia203_utt0.mp4,neutral,negative,unmodified/video
203,1,dia203_utt1.mp4,neutral,neutral,unmodified/video
203,10,dia203_utt10.mp4,neutral,positive,unmodified/video
203,11,dia203_utt11.mp4,neutral,neutral,unmodified/video
203,12,dia203_utt12.mp4,neutral,neutral,unmodified/video
203,2,dia203_utt2.mp4,neutral,positive,unmodified/video
203,3,dia203_utt3.mp4,neutral,positive,unmodified/video
203,4,dia203_utt4.mp4,neutral,neutral,unmodified/video
203,5,dia203_utt5.mp4,neutral,positive,unmodified/video
203,6,dia203_utt6.mp4,neutral,positive,unmodified/video
203,7,dia203_utt7.mp4,neutral,neutral,unmodified/video
203,8,dia203_utt8.mp4,neutral,positive,unmodified/video
203,9,dia203_utt9.mp4,neutral,positive,unmodified/video
204,0,dia204_utt0.mp4,neutral,negative,unmodified/video
204,1,dia204_utt1.mp4,neutral,negative,unmodified/video
204,2,dia204_utt2.mp4,neutral,negative,unmodified/video
204,3,dia204_utt3.mp4,neutral,negative,unmodified/video
204,4,dia204_utt4.mp4,neutral,negative,unmodified/video
204,5,dia204_utt5.mp4,neutral,negative,unmodified/video
204,6,dia204_utt6.mp4,neutral,negative,unmodified/video
204,7,dia204_utt7.mp4,neutral,negative,unmodified/video
204,8,dia204_utt8.mp4,neutral,neutral,unmodified/video
204,9,dia204_utt9.mp4,neutral,negative,unmodified/video
205,0,dia205_utt0.mp4,neutral,negative,unmodified/video
205,1,dia205_utt1.mp4,neutral,negative,unmodified/video
205,2,dia205_utt2.mp4,neutral,neutral,unmodified/video
205,3,dia205_utt3.mp4,neutral,negative,unmodified/video
205,4,dia205_utt4.mp4,neutral,negative,unmodified/video
205,5,dia205_utt5.mp4,neutral,negative,unmodified/video
205,6,dia205_utt6.mp4,neutral,negative,unmodified/video
205,7,dia205_utt7.mp4,neutral,negative,unmodified/video
206,0,dia206_utt0.mp4,neutral,positive,unmodified/video
206,1,dia206_utt1.mp4,neutral,neutral,unmodified/video
206,2,dia206_utt2.mp4,neutral,neutral,unmodified/video
206,3,dia206_utt3.mp4,neutral,neutral,unmodified/video
206,4,dia206_utt4.mp4,neutral,negative,unmodified/video
207,0,dia207_utt0.mp4,positive,negative,unmodified/video
207,1,dia207_utt1.mp4,positive,negative,unmodified/video
208,0,dia208_utt0.mp4,neutral,neutral,unmodified/video
208,1,dia208_utt1.mp4,neutral,neutral,unmodified/video
208,10,dia208_utt10.mp4,neutral,neutral,unmodified/video
208,11,dia208_utt11.mp4,neutral,negative,unmodified/video
208,12,dia208_utt12.mp4,neutral,neutral,unmodified/video
208,13,dia208_utt13.mp4,neutral,negative,unmodified/video
208,2,dia208_utt2.mp4,neutral,neutral,unmodified/video
208,3,dia208_utt3.mp4,neutral,neutral,unmodified/video
208,4,dia208_utt4.mp4,neutral,negative,unmodified/video
208,5,dia208_utt5.mp4,neutral,negative,unmodified/video
208,6,dia208_utt6.mp4,neutral,neutral,unmodified/video
208,7,dia208_utt7.mp4,neutral,negative,unmodified/video
208,8,dia208_utt8.mp4,neutral,negative,unmodified/video
208,9,dia208_utt9.mp4,neutral,negative,unmodified/video
209,0,dia209_utt0.mp4,neutral,negative,unmodified/video
209,1,dia209_utt1.mp4,neutral,positive,unmodified/video
20,0,dia20_utt0.mp4,neutral,negative,unmodified/video
20,1,dia20_utt1.mp4,neutral,neutral,unmodified/video
20,2,dia20_utt2.mp4,neutral,neutral,unmodified/video
20,3,dia20_utt3.mp4,neutral,neutral,unmodified/video
20,4,dia20_utt4.mp4,neutral,neutral,unmodified/video
20,5,dia20_utt5.mp4,neutral,neutral,unmodified/video
20,6,dia20_utt6.mp4,positive,positive,unmodified/video
20,7,dia20_utt7.mp4,neutral,neutral,unmodified/video
210,0,dia210_utt0.mp4,neutral,negative,unmodified/video
210,1,dia210_utt1.mp4,neutral,negative,unmodified/video
210,2,dia210_utt2.mp4,neutral,negative,unmodified/video
210,3,dia210_utt3.mp4,neutral,neutral,unmodified/video
210,4,dia210_utt4.mp4,neutral,negative,unmodified/video
210,5,dia210_utt5.mp4,neutral,positive,unmodified/video
210,6,dia210_utt6.mp4,neutral,negative,unmodified/video
210,7,dia210_utt7.mp4,positive,positive,unmodified/video
210,8,dia210_utt8.mp4,neutral,negative,unmodified/video
210,9,dia210_utt9.mp4,neutral,neutral,unmodified/video
211,0,dia211_utt0.mp4,neutral,negative,unmodified/video
211,1,dia211_utt1.mp4,neutral,negative,unmodified/video
211,2,dia211_utt2.mp4,neutral,negative,unmodified/video
211,3,dia211_utt3.mp4,neutral,negative,unmodified/video
211,4,dia211_utt4.mp4,neutral,negative,unmodified/video
211,5,dia211_utt5.mp4,neutral,negative,unmodified/video
211,6,dia211_utt6.mp4,neutral,neutral,unmodified/video
211,7,dia211_utt7.mp4,neutral,neutral,unmodified/video
212,0,dia212_utt0.mp4,neutral,neutral,unmodified/video
212,1,dia212_utt1.mp4,neutral,neutral,unmodified/video
212,2,dia212_utt2.mp4,neutral,negative,unmodified/video
212,3,dia212_utt3.mp4,negative,neutral,unmodified/video
212,4,dia212_utt4.mp4,negative,negative,unmodified/video
212,5,dia212_utt5.mp4,neutral,neutral,unmodified/video
212,6,dia212_utt6.mp4,negative,negative,unmodified/video
213,0,dia213_utt0.mp4,neutral,negative,unmodified/video
213,1,dia213_utt1.mp4,neutral,neutral,unmodified/video
213,10,dia213_utt10.mp4,neutral,neutral,unmodified/video
213,11,dia213_utt11.mp4,neutral,neutral,unmodified/video
213,2,dia213_utt2.mp4,neutral,neutral,unmodified/video
213,3,dia213_utt3.mp4,positive,neutral,unmodified/video
213,4,dia213_utt4.mp4,neutral,neutral,unmodified/video
213,5,dia213_utt5.mp4,neutral,positive,unmodified/video
213,6,dia213_utt6.mp4,neutral,positive,unmodified/video
213,7,dia213_utt7.mp4,neutral,positive,unmodified/video
213,8,dia213_utt8.mp4,neutral,neutral,unmodified/video
213,9,dia213_utt9.mp4,neutral,neutral,unmodified/video
214,0,dia214_utt0.mp4,neutral,negative,unmodified/video
214,1,dia214_utt1.mp4,neutral,negative,unmodified/video
214,2,dia214_utt2.mp4,neutral,neutral,unmodified/video
214,3,dia214_utt3.mp4,neutral,neutral,unmodified/video
214,4,dia214_utt4.mp4,neutral,negative,unmodified/video
214,5,dia214_utt5.mp4,neutral,positive,unmodified/video
214,6,dia214_utt6.mp4,neutral,positive,unmodified/video
214,7,dia214_utt7.mp4,neutral,positive,unmodified/video
215,0,dia215_utt0.mp4,positive,neutral,unmodified/video
215,1,dia215_utt1.mp4,neutral,neutral,unmodified/video
215,10,dia215_utt10.mp4,neutral,negative,unmodified/video
215,2,dia215_utt2.mp4,positive,positive,unmodified/video
215,3,dia215_utt3.mp4,positive,neutral,unmodified/video
215,4,dia215_utt4.mp4,positive,positive,unmodified/video
215,5,dia215_utt5.mp4,neutral,neutral,unmodified/video
215,6,dia215_utt6.mp4,positive,negative,unmodified/video
215,7,dia215_utt7.mp4,neutral,negative,unmodified/video
215,8,dia215_utt8.mp4,neutral,negative,unmodified/video
215,9,dia215_utt9.mp4,positive,neutral,unmodified/video
216,0,dia216_utt0.mp4,positive,positive,unmodified/video
216,1,dia216_utt1.mp4,positive,positive,unmodified/video
216,2,dia216_utt2.mp4,positive,neutral,unmodified/video
216,3,dia216_utt3.mp4,positive,neutral,unmodified/video
217,0,dia217_utt0.mp4,neutral,negative,unmodified/video
217,1,dia217_utt1.mp4,neutral,negative,unmodified/video
217,10,dia217_utt10.mp4,negative,neutral,unmodified/video
217,11,dia217_utt11.mp4,neutral,neutral,unmodified/video
217,2,dia217_utt2.mp4,negative,neutral,unmodified/video
217,3,dia217_utt3.mp4,neutral,neutral,unmodified/video
217,4,dia217_utt4.mp4,neutral,negative,unmodified/video
217,5,dia217_utt5.mp4,neutral,neutral,unmodified/video
217,6,dia217_utt6.mp4,neutral,negative,unmodified/video
217,7,dia217_utt7.mp4,positive,neutral,unmodified/video
217,8,dia217_utt8.mp4,neutral,positive,unmodified/video
217,9,dia217_utt9.mp4,neutral,neutral,unmodified/video
218,0,dia218_utt0.mp4,neutral,neutral,unmodified/video
218,1,dia218_utt1.mp4,positive,neutral,unmodified/video
218,2,dia218_utt2.mp4,neutral,neutral,unmodified/video
219,0,dia219_utt0.mp4,neutral,neutral,unmodified/video
219,1,dia219_utt1.mp4,neutral,negative,unmodified/video
21,0,dia21_utt0.mp4,neutral,neutral,unmodified/video
21,1,dia21_utt1.mp4,neutral,neutral,unmodified/video
21,2,dia21_utt2.mp4,neutral,neutral,unmodified/video
21,3,dia21_utt3.mp4,neutral,neutral,unmodified/video
21,4,dia21_utt4.mp4,neutral,negative,unmodified/video
21,5,dia21_utt5.mp4,neutral,positive,unmodified/video
21,6,dia21_utt6.mp4,positive,positive,unmodified/video
220,1,dia220_utt1.mp4,neutral,negative,unmodified/video
221,0,dia221_utt0.mp4,neutral,neutral,unmodified/video
221,1,dia221_utt1.mp4,neutral,neutral,unmodified/video
221,2,dia221_utt2.mp4,neutral,neutral,unmodified/video
221,3,dia221_utt3.mp4,neutral,neutral,unmodified/video
221,4,dia221_utt4.mp4,neutral,negative,unmodified/video
222,0,dia222_utt0.mp4,neutral,neutral,unmodified/video
222,1,dia222_utt1.mp4,neutral,neutral,unmodified/video
222,10,dia222_utt10.mp4,neutral,negative,unmodified/video
222,11,dia222_utt11.mp4,neutral,neutral,unmodified/video
222,12,dia222_utt12.mp4,neutral,negative,unmodified/video
222,13,dia222_utt13.mp4,neutral,positive,unmodified/video
222,2,dia222_utt2.mp4,neutral,neutral,unmodified/video
222,3,dia222_utt3.mp4,neutral,positive,unmodified/video
222,4,dia222_utt4.mp4,neutral,positive,unmodified/video
222,5,dia222_utt5.mp4,neutral,positive,unmodified/video
222,6,dia222_utt6.mp4,neutral,positive,unmodified/video
222,7,dia222_utt7.mp4,neutral,positive,unmodified/video
222,8,dia222_utt8.mp4,neutral,neutral,unmodified/video
222,9,dia222_utt9.mp4,positive,neutral,unmodified/video
223,0,dia223_utt0.mp4,neutral,negative,unmodified/video
223,1,dia223_utt1.mp4,neutral,negative,unmodified/video
223,2,dia223_utt2.mp4,neutral,neutral,unmodified/video
223,3,dia223_utt3.mp4,neutral,negative,unmodified/video
223,4,dia223_utt4.mp4,neutral,neutral,unmodified/video
223,5,dia223_utt5.mp4,neutral,positive,unmodified/video
223,6,dia223_utt6.mp4,neutral,neutral,unmodified/video
224,0,dia224_utt0.mp4,neutral,neutral,unmodified/video
224,1,dia224_utt1.mp4,neutral,neutral,unmodified/video
224,2,dia224_utt2.mp4,neutral,neutral,unmodified/video
224,3,dia224_utt3.mp4,neutral,neutral,unmodified/video
224,4,dia224_utt4.mp4,neutral,neutral,unmodified/video
224,5,dia224_utt5.mp4,neutral,neutral,unmodified/video
224,6,dia224_utt6.mp4,neutral,neutral,unmodified/video
224,7,dia224_utt7.mp4,neutral,neutral,unmodified/video
224,8,dia224_utt8.mp4,neutral,neutral,unmodified/video
225,0,dia225_utt0.mp4,neutral,neutral,unmodified/video
225,1,dia225_utt1.mp4,neutral,positive,unmodified/video
225,2,dia225_utt2.mp4,neutral,neutral,unmodified/video
225,3,dia225_utt3.mp4,neutral,negative,unmodified/video
225,4,dia225_utt4.mp4,neutral,neutral,unmodified/video
225,5,dia225_utt5.mp4,neutral,neutral,unmodified/video
226,0,dia226_utt0.mp4,neutral,neutral,unmodified/video
226,1,dia226_utt1.mp4,neutral,positive,unmodified/video
226,2,dia226_utt2.mp4,neutral,neutral,unmodified/video
226,3,dia226_utt3.mp4,neutral,negative,unmodified/video
226,4,dia226_utt4.mp4,neutral,neutral,unmodified/video
226,5,dia226_utt5.mp4,neutral,negative,unmodified/video
226,6,dia226_utt6.mp4,positive,neutral,unmodified/video
226,7,dia226_utt7.mp4,neutral,neutral,unmodified/video
226,8,dia226_utt8.mp4,neutral,positive,unmodified/video
227,0,dia227_utt0.mp4,neutral,negative,unmodified/video
227,1,dia227_utt1.mp4,neutral,negative,unmodified/video
227,2,dia227_utt2.mp4,positive,neutral,unmodified/video
227,3,dia227_utt3.mp4,neutral,neutral,unmodified/video
228,0,dia228_utt0.mp4,neutral,neutral,unmodified/video
228,1,dia228_utt1.mp4,positive,neutral,unmodified/video
228,10,dia228_utt10.mp4,neutral,negative,unmodified/video
228,11,dia228_utt11.mp4,neutral,negative,unmodified/video
228,12,dia228_utt12.mp4,neutral,negative,unmodified/video
228,2,dia228_utt2.mp4,neutral,neutral,unmodified/video
228,3,dia228_utt3.mp4,neutral,neutral,unmodified/video
228,4,dia228_utt4.mp4,neutral,negative,unmodified/video
228,5,dia228_utt5.mp4,neutral,neutral,unmodified/video
228,6,dia228_utt6.mp4,neutral,neutral,unmodified/video
228,7,dia228_utt7.mp4,neutral,negative,unmodified/video
228,8,dia228_utt8.mp4,neutral,negative,unmodified/video
228,9,dia228_utt9.mp4,neutral,negative,unmodified/video
229,0,dia229_utt0.mp4,neutral,positive,unmodified/video
229,1,dia229_utt1.mp4,neutral,neutral,unmodified/video
229,10,dia229_utt10.mp4,positive,positive,unmodified/video
229,2,dia229_utt2.mp4,positive,positive,unmodified/video
229,3,dia229_utt3.mp4,neutral,neutral,unmodified/video
229,4,dia229_utt4.mp4,neutral,positive,unmodified/video
229,5,dia229_utt5.mp4,neutral,positive,unmodified/video
229,6,dia229_utt6.mp4,neutral,neutral,unmodified/video
229,7,dia229_utt7.mp4,neutral,neutral,unmodified/video
229,8,dia229_utt8.mp4,neutral,neutral,unmodified/video
229,9,dia229_utt9.mp4,neutral,positive,unmodified/video
22,0,dia22_utt0.mp4,neutral,positive,unmodified/video
22,1,dia22_utt1.mp4,neutral,neutral,unmodified/video
22,10,dia22_utt10.mp4,neutral,negative,unmodified/video
22,11,dia22_utt11.mp4,positive,neutral,unmodified/video
22,12,dia22_utt12.mp4,positive,positive,unmodified/video
22,13,dia22_utt13.mp4,positive,positive,unmodified/video
22,14,dia22_utt14.mp4,positive,neutral,unmodified/video
22,15,dia22_utt15.mp4,positive,positive,unmodified/video
22,16,dia22_utt16.mp4,positive,neutral,unmodified/video
22,17,dia22_utt17.mp4,positive,positive,unmodified/video
22,18,dia22_utt18.mp4,positive,positive,unmodified/video
22,19,dia22_utt19.mp4,neutral,negative,unmodified/video
22,2,dia22_utt2.mp4,neutral,neutral,unmodified/video
22,20,dia22_utt20.mp4,positive,neutral,unmodified/video
22,21,dia22_utt21.mp4,positive,neutral,unmodified/video
22,3,dia22_utt3.mp4,neutral,positive,unmodified/video
22,4,dia22_utt4.mp4,neutral,negative,unmodified/video
22,5,dia22_utt5.mp4,neutral,neutral,unmodified/video
22,6,dia22_utt6.mp4,neutral,negative,unmodified/video
22,7,dia22_utt7.mp4,positive,negative,unmodified/video
22,8,dia22_utt8.mp4,neutral,negative,unmodified/video
22,9,dia22_utt9.mp4,positive,positive,unmodified/video
230,0,dia230_utt0.mp4,neutral,neutral,unmodified/video
230,1,dia230_utt1.mp4,neutral,neutral,unmodified/video
230,2,dia230_utt2.mp4,neutral,neutral,unmodified/video
230,3,dia230_utt3.mp4,neutral,neutral,unmodified/video
230,4,dia230_utt4.mp4,neutral,negative,unmodified/video
230,5,dia230_utt5.mp4,neutral,neutral,unmodified/video
230,6,dia230_utt6.mp4,neutral,neutral,unmodified/video
230,7,dia230_utt7.mp4,neutral,neutral,unmodified/video
230,8,dia230_utt8.mp4,neutral,negative,unmodified/video
231,0,dia231_utt0.mp4,neutral,neutral,unmodified/video
231,1,dia231_utt1.mp4,neutral,neutral,unmodified/video
231,10,dia231_utt10.mp4,neutral,negative,unmodified/video
231,11,dia231_utt11.mp4,neutral,negative,unmodified/video
231,12,dia231_utt12.mp4,neutral,positive,unmodified/video
231,13,dia231_utt13.mp4,neutral,positive,unmodified/video
231,2,dia231_utt2.mp4,neutral,neutral,unmodified/video
231,3,dia231_utt3.mp4,neutral,neutral,unmodified/video
231,4,dia231_utt4.mp4,neutral,neutral,unmodified/video
231,5,dia231_utt5.mp4,neutral,positive,unmodified/video
231,6,dia231_utt6.mp4,neutral,positive,unmodified/video
231,7,dia231_utt7.mp4,neutral,negative,unmodified/video
231,8,dia231_utt8.mp4,negative,negative,unmodified/video
231,9,dia231_utt9.mp4,negative,negative,unmodified/video
232,0,dia232_utt0.mp4,neutral,neutral,unmodified/video
232,1,dia232_utt1.mp4,neutral,neutral,unmodified/video
232,2,dia232_utt2.mp4,neutral,neutral,unmodified/video
232,3,dia232_utt3.mp4,positive,neutral,unmodified/video
232,4,dia232_utt4.mp4,neutral,neutral,unmodified/video
232,5,dia232_utt5.mp4,neutral,positive,unmodified/video
232,6,dia232_utt6.mp4,positive,positive,unmodified/video
232,7,dia232_utt7.mp4,positive,neutral,unmodified/video
232,8,dia232_utt8.mp4,positive,positive,unmodified/video
232,9,dia232_utt9.mp4,neutral,negative,unmodified/video
233,0,dia233_utt0.mp4,neutral,negative,unmodified/video
233,1,dia233_utt1.mp4,neutral,negative,unmodified/video
233,10,dia233_utt10.mp4,positive,positive,unmodified/video
233,11,dia233_utt11.mp4,neutral,positive,unmodified/video
233,12,dia233_utt12.mp4,neutral,neutral,unmodified/video
233,13,dia233_utt13.mp4,neutral,neutral,unmodified/video
233,2,dia233_utt2.mp4,positive,negative,unmodified/video
233,3,dia233_utt3.mp4,neutral,neutral,unmodified/video
233,4,dia233_utt4.mp4,neutral,negative,unmodified/video
233,5,dia233_utt5.mp4,neutral,positive,unmodified/video
233,6,dia233_utt6.mp4,positive,positive,unmodified/video
233,7,dia233_utt7.mp4,positive,positive,unmodified/video
233,8,dia233_utt8.mp4,neutral,neutral,unmodified/video
233,9,dia233_utt9.mp4,positive,positive,unmodified/video
234,0,dia234_utt0.mp4,neutral,neutral,unmodified/video
234,1,dia234_utt1.mp4,neutral,negative,unmodified/video
234,10,dia234_utt10.mp4,neutral,neutral,unmodified/video
234,11,dia234_utt11.mp4,neutral,positive,unmodified/video
234,12,dia234_utt12.mp4,neutral,positive,unmodified/video
234,13,dia234_utt13.mp4,neutral,neutral,unmodified/video
234,14,dia234_utt14.mp4,positive,positive,unmodified/video
234,2,dia234_utt2.mp4,neutral,neutral,unmodified/video
234,3,dia234_utt3.mp4,neutral,negative,unmodified/video
234,4,dia234_utt4.mp4,negative,negative,unmodified/video
234,5,dia234_utt5.mp4,neutral,negative,unmodified/video
234,6,dia234_utt6.mp4,neutral,negative,unmodified/video
234,7,dia234_utt7.mp4,neutral,negative,unmodified/video
234,8,dia234_utt8.mp4,neutral,neutral,unmodified/video
234,9,dia234_utt9.mp4,neutral,neutral,unmodified/video
235,0,dia235_utt0.mp4,neutral,neutral,unmodified/video
236,0,dia236_utt0.mp4,neutral,positive,unmodified/video
237,0,dia237_utt0.mp4,neutral,neutral,unmodified/video
237,1,dia237_utt1.mp4,neutral,neutral,unmodified/video
237,10,dia237_utt10.mp4,neutral,positive,unmodified/video
237,11,dia237_utt11.mp4,neutral,neutral,unmodified/video
237,2,dia237_utt2.mp4,neutral,neutral,unmodified/video
237,3,dia237_utt3.mp4,neutral,negative,unmodified/video
237,4,dia237_utt4.mp4,neutral,negative,unmodified/video
237,5,dia237_utt5.mp4,neutral,negative,unmodified/video
237,6,dia237_utt6.mp4,neutral,negative,unmodified/video
237,7,dia237_utt7.mp4,neutral,positive,unmodified/video
237,8,dia237_utt8.mp4,neutral,negative,unmodified/video
237,9,dia237_utt9.mp4,neutral,negative,unmodified/video
238,0,dia238_utt0.mp4,neutral,neutral,unmodified/video
238,1,dia238_utt1.mp4,neutral,negative,unmodified/video
238,2,dia238_utt2.mp4,neutral,neutral,unmodified/video
238,3,dia238_utt3.mp4,neutral,neutral,unmodified/video
238,4,dia238_utt4.mp4,neutral,neutral,unmodified/video
239,0,dia239_utt0.mp4,neutral,neutral,unmodified/video
239,1,dia239_utt1.mp4,neutral,negative,unmodified/video
239,10,dia239_utt10.mp4,positive,neutral,unmodified/video
239,11,dia239_utt11.mp4,neutral,neutral,unmodified/video
239,2,dia239_utt2.mp4,neutral,positive,unmodified/video
239,3,dia239_utt3.mp4,neutral,neutral,unmodified/video
239,4,dia239_utt4.mp4,neutral,neutral,unmodified/video
239,5,dia239_utt5.mp4,neutral,neutral,unmodified/video
239,6,dia239_utt6.mp4,neutral,neutral,unmodified/video
239,7,dia239_utt7.mp4,neutral,neutral,unmodified/video
239,8,dia239_utt8.mp4,neutral,neutral,unmodified/video
239,9,dia239_utt9.mp4,positive,neutral,unmodified/video
23,0,dia23_utt0.mp4,neutral,positive,unmodified/video
23,1,dia23_utt1.mp4,neutral,neutral,unmodified/video
23,2,dia23_utt2.mp4,neutral,neutral,unmodified/video
240,0,dia240_utt0.mp4,neutral,negative,unmodified/video
240,1,dia240_utt1.mp4,neutral,negative,unmodified/video
240,10,dia240_utt10.mp4,neutral,positive,unmodified/video
240,11,dia240_utt11.mp4,neutral,neutral,unmodified/video
240,12,dia240_utt12.mp4,neutral,negative,unmodified/video
240,13,dia240_utt13.mp4,neutral,neutral,unmodified/video
240,14,dia240_utt14.mp4,neutral,negative,unmodified/video
240,15,dia240_utt15.mp4,neutral,negative,unmodified/video
240,16,dia240_utt16.mp4,neutral,negative,unmodified/video
240,2,dia240_utt2.mp4,neutral,negative,unmodified/video
240,3,dia240_utt3.mp4,positive,negative,unmodified/video
240,4,dia240_utt4.mp4,neutral,positive,unmodified/video
240,5,dia240_utt5.mp4,neutral,neutral,unmodified/video
240,6,dia240_utt6.mp4,neutral,negative,unmodified/video
240,7,dia240_utt7.mp4,neutral,positive,unmodified/video
240,8,dia240_utt8.mp4,neutral,neutral,unmodified/video
240,9,dia240_utt9.mp4,neutral,positive,unmodified/video
241,0,dia241_utt0.mp4,neutral,neutral,unmodified/video
241,1,dia241_utt1.mp4,neutral,positive,unmodified/video
241,10,dia241_utt10.mp4,neutral,positive,unmodified/video
241,11,dia241_utt11.mp4,neutral,neutral,unmodified/video
241,12,dia241_utt12.mp4,neutral,positive,unmodified/video
241,13,dia241_utt13.mp4,neutral,neutral,unmodified/video
241,14,dia241_utt14.mp4,neutral,neutral,unmodified/video
241,2,dia241_utt2.mp4,neutral,positive,unmodified/video
241,3,dia241_utt3.mp4,neutral,neutral,unmodified/video
241,4,dia241_utt4.mp4,neutral,neutral,unmodified/video
241,5,dia241_utt5.mp4,neutral,positive,unmodified/video
241,6,dia241_utt6.mp4,neutral,positive,unmodified/video
241,7,dia241_utt7.mp4,neutral,positive,unmodified/video
241,8,dia241_utt8.mp4,neutral,neutral,unmodified/video
241,9,dia241_utt9.mp4,positive,positive,unmodified/video
242,0,dia242_utt0.mp4,neutral,neutral,unmodified/video
242,1,dia242_utt1.mp4,neutral,negative,unmodified/video
242,2,dia242_utt2.mp4,neutral,negative,unmodified/video
242,3,dia242_utt3.mp4,neutral,negative,unmodified/video
242,4,dia242_utt4.mp4,positive,positive,unmodified/video
242,5,dia242_utt5.mp4,neutral,neutral,unmodified/video
242,6,dia242_utt6.mp4,neutral,neutral,unmodified/video
242,7,dia242_utt7.mp4,neutral,neutral,unmodified/video
243,0,dia243_utt0.mp4,neutral,negative,unmodified/video
243,1,dia243_utt1.mp4,neutral,neutral,unmodified/video
243,2,dia243_utt2.mp4,positive,neutral,unmodified/video
243,3,dia243_utt3.mp4,neutral,neutral,unmodified/video
243,4,dia243_utt4.mp4,neutral,negative,unmodified/video
243,5,dia243_utt5.mp4,neutral,neutral,unmodified/video
244,0,dia244_utt0.mp4,neutral,neutral,unmodified/video
244,1,dia244_utt1.mp4,neutral,neutral,unmodified/video
244,10,dia244_utt10.mp4,neutral,neutral,unmodified/video
244,11,dia244_utt11.mp4,neutral,neutral,unmodified/video
244,12,dia244_utt12.mp4,neutral,neutral,unmodified/video
244,13,dia244_utt13.mp4,neutral,neutral,unmodified/video
244,14,dia244_utt14.mp4,neutral,neutral,unmodified/video
244,15,dia244_utt15.mp4,neutral,negative,unmodified/video
244,16,dia244_utt16.mp4,neutral,neutral,unmodified/video
244,17,dia244_utt17.mp4,neutral,neutral,unmodified/video
244,18,dia244_utt18.mp4,neutral,neutral,unmodified/video
244,19,dia244_utt19.mp4,neutral,neutral,unmodified/video
244,2,dia244_utt2.mp4,neutral,neutral,unmodified/video
244,20,dia244_utt20.mp4,neutral,positive,unmodified/video
244,21,dia244_utt21.mp4,positive,positive,unmodified/video
244,3,dia244_utt3.mp4,neutral,neutral,unmodified/video
244,4,dia244_utt4.mp4,neutral,negative,unmodified/video
244,5,dia244_utt5.mp4,neutral,neutral,unmodified/video
244,6,dia244_utt6.mp4,neutral,negative,unmodified/video
244,7,dia244_utt7.mp4,neutral,negative,unmodified/video
244,8,dia244_utt8.mp4,neutral,negative,unmodified/video
244,9,dia244_utt9.mp4,neutral,neutral,unmodified/video
245,0,dia245_utt0.mp4,neutral,neutral,unmodified/video
245,1,dia245_utt1.mp4,neutral,neutral,unmodified/video
245,2,dia245_utt2.mp4,neutral,negative,unmodified/video
245,3,dia245_utt3.mp4,neutral,positive,unmodified/video
245,4,dia245_utt4.mp4,neutral,negative,unmodified/video
246,0,dia246_utt0.mp4,neutral,neutral,unmodified/video
246,1,dia246_utt1.mp4,neutral,neutral,unmodified/video
246,10,dia246_utt10.mp4,neutral,neutral,unmodified/video
246,11,dia246_utt11.mp4,neutral,neutral,unmodified/video
246,12,dia246_utt12.mp4,neutral,neutral,unmodified/video
246,13,dia246_utt13.mp4,neutral,neutral,unmodified/video
246,2,dia246_utt2.mp4,neutral,negative,unmodified/video
246,3,dia246_utt3.mp4,neutral,neutral,unmodified/video
246,4,dia246_utt4.mp4,neutral,neutral,unmodified/video
246,5,dia246_utt5.mp4,neutral,neutral,unmodified/video
246,6,dia246_utt6.mp4,neutral,neutral,unmodified/video
246,7,dia246_utt7.mp4,neutral,neutral,unmodified/video
246,8,dia246_utt8.mp4,neutral,negative,unmodified/video
246,9,dia246_utt9.mp4,neutral,neutral,unmodified/video
247,0,dia247_utt0.mp4,neutral,neutral,unmodified/video
247,1,dia247_utt1.mp4,neutral,neutral,unmodified/video
247,2,dia247_utt2.mp4,neutral,neutral,unmodified/video
247,3,dia247_utt3.mp4,neutral,positive,unmodified/video
247,4,dia247_utt4.mp4,neutral,positive,unmodified/video
248,0,dia248_utt0.mp4,neutral,neutral,unmodified/video
249,0,dia249_utt0.mp4,neutral,positive,unmodified/video
249,1,dia249_utt1.mp4,positive,neutral,unmodified/video
249,2,dia249_utt2.mp4,neutral,neutral,unmodified/video
249,3,dia249_utt3.mp4,neutral,neutral,unmodified/video
249,4,dia249_utt4.mp4,neutral,neutral,unmodified/video
249,5,dia249_utt5.mp4,neutral,positive,unmodified/video
249,6,dia249_utt6.mp4,neutral,neutral,unmodified/video
249,7,dia249_utt7.mp4,neutral,positive,unmodified/video
24,0,dia24_utt0.mp4,positive,neutral,unmodified/video
24,1,dia24_utt1.mp4,positive,positive,unmodified/video
24,2,dia24_utt2.mp4,positive,neutral,unmodified/video
24,3,dia24_utt3.mp4,positive,positive,unmodified/video
250,0,dia250_utt0.mp4,neutral,negative,unmodified/video
250,1,dia250_utt1.mp4,neutral,neutral,unmodified/video
250,2,dia250_utt2.mp4,neutral,negative,unmodified/video
250,3,dia250_utt3.mp4,neutral,neutral,unmodified/video
250,4,dia250_utt4.mp4,neutral,neutral,unmodified/video
250,5,dia250_utt5.mp4,neutral,negative,unmodified/video
250,6,dia250_utt6.mp4,neutral,neutral,unmodified/video
250,7,dia250_utt7.mp4,neutral,neutral,unmodified/video
250,8,dia250_utt8.mp4,neutral,neutral,unmodified/video
251,0,dia251_utt0.mp4,neutral,positive,unmodified/video
251,1,dia251_utt1.mp4,neutral,neutral,unmodified/video
251,2,dia251_utt2.mp4,neutral,neutral,unmodified/video
251,3,dia251_utt3.mp4,neutral,positive,unmodified/video
251,4,dia251_utt4.mp4,neutral,neutral,unmodified/video
252,0,dia252_utt0.mp4,neutral,negative,unmodified/video
252,1,dia252_utt1.mp4,neutral,negative,unmodified/video
252,10,dia252_utt10.mp4,neutral,negative,unmodified/video
252,11,dia252_utt11.mp4,neutral,negative,unmodified/video
252,12,dia252_utt12.mp4,neutral,neutral,unmodified/video
252,13,dia252_utt13.mp4,neutral,negative,unmodified/video
252,14,dia252_utt14.mp4,neutral,neutral,unmodified/video
252,15,dia252_utt15.mp4,neutral,neutral,unmodified/video
252,16,dia252_utt16.mp4,neutral,neutral,unmodified/video
252,17,dia252_utt17.mp4,neutral,negative,unmodified/video
252,18,dia252_utt18.mp4,neutral,neutral,unmodified/video
252,2,dia252_utt2.mp4,neutral,negative,unmodified/video
252,3,dia252_utt3.mp4,neutral,negative,unmodified/video
252,4,dia252_utt4.mp4,neutral,negative,unmodified/video
252,5,dia252_utt5.mp4,neutral,negative,unmodified/video
252,6,dia252_utt6.mp4,neutral,negative,unmodified/video
252,7,dia252_utt7.mp4,neutral,negative,unmodified/video
252,8,dia252_utt8.mp4,neutral,neutral,unmodified/video
252,9,dia252_utt9.mp4,neutral,neutral,unmodified/video
253,0,dia253_utt0.mp4,neutral,positive,unmodified/video
253,1,dia253_utt1.mp4,neutral,neutral,unmodified/video
253,10,dia253_utt10.mp4,neutral,positive,unmodified/video
253,11,dia253_utt11.mp4,neutral,neutral,unmodified/video
253,12,dia253_utt12.mp4,neutral,neutral,unmodified/video
253,2,dia253_utt2.mp4,neutral,negative,unmodified/video
253,3,dia253_utt3.mp4,neutral,neutral,unmodified/video
253,4,dia253_utt4.mp4,neutral,positive,unmodified/video
253,5,dia253_utt5.mp4,neutral,neutral,unmodified/video
253,6,dia253_utt6.mp4,neutral,positive,unmodified/video
253,7,dia253_utt7.mp4,neutral,positive,unmodified/video
253,8,dia253_utt8.mp4,neutral,neutral,unmodified/video
253,9,dia253_utt9.mp4,neutral,neutral,unmodified/video
254,0,dia254_utt0.mp4,neutral,neutral,unmodified/video
254,1,dia254_utt1.mp4,neutral,neutral,unmodified/video
254,10,dia254_utt10.mp4,neutral,neutral,unmodified/video
254,11,dia254_utt11.mp4,neutral,negative,unmodified/video
254,12,dia254_utt12.mp4,neutral,neutral,unmodified/video
254,13,dia254_utt13.mp4,neutral,positive,unmodified/video
254,14,dia254_utt14.mp4,neutral,negative,unmodified/video
254,15,dia254_utt15.mp4,neutral,negative,unmodified/video
254,16,dia254_utt16.mp4,neutral,neutral,unmodified/video
254,17,dia254_utt17.mp4,neutral,neutral,unmodified/video
254,2,dia254_utt2.mp4,neutral,negative,unmodified/video
254,3,dia254_utt3.mp4,neutral,negative,unmodified/video
254,4,dia254_utt4.mp4,neutral,neutral,unmodified/video
254,5,dia254_utt5.mp4,neutral,negative,unmodified/video
254,6,dia254_utt6.mp4,neutral,negative,unmodified/video
254,7,dia254_utt7.mp4,neutral,negative,unmodified/video
254,8,dia254_utt8.mp4,neutral,neutral,unmodified/video
254,9,dia254_utt9.mp4,neutral,neutral,unmodified/video
255,0,dia255_utt0.mp4,neutral,negative,unmodified/video
255,1,dia255_utt1.mp4,neutral,positive,unmodified/video
255,2,dia255_utt2.mp4,neutral,neutral,unmodified/video
255,3,dia255_utt3.mp4,neutral,neutral,unmodified/video
255,4,dia255_utt4.mp4,neutral,positive,unmodified/video
255,5,dia255_utt5.mp4,neutral,positive,unmodified/video
255,6,dia255_utt6.mp4,neutral,neutral,unmodified/video
255,7,dia255_utt7.mp4,neutral,positive,unmodified/video
255,8,dia255_utt8.mp4,neutral,negative,unmodified/video
256,0,dia256_utt0.mp4,neutral,positive,unmodified/video
256,1,dia256_utt1.mp4,neutral,neutral,unmodified/video
257,0,dia257_utt0.mp4,neutral,neutral,unmodified/video
257,1,dia257_utt1.mp4,neutral,negative,unmodified/video
257,2,dia257_utt2.mp4,neutral,neutral,unmodified/video
257,3,dia257_utt3.mp4,neutral,neutral,unmodified/video
257,4,dia257_utt4.mp4,neutral,positive,unmodified/video
258,0,dia258_utt0.mp4,neutral,neutral,unmodified/video
258,1,dia258_utt1.mp4,neutral,neutral,unmodified/video
258,10,dia258_utt10.mp4,neutral,neutral,unmodified/video
258,11,dia258_utt11.mp4,neutral,positive,unmodified/video
258,12,dia258_utt12.mp4,neutral,positive,unmodified/video
258,2,dia258_utt2.mp4,neutral,neutral,unmodified/video
258,3,dia258_utt3.mp4,neutral,neutral,unmodified/video
258,4,dia258_utt4.mp4,neutral,neutral,unmodified/video
258,5,dia258_utt5.mp4,neutral,neutral,unmodified/video
258,6,dia258_utt6.mp4,neutral,neutral,unmodified/video
258,7,dia258_utt7.mp4,neutral,neutral,unmodified/video
258,8,dia258_utt8.mp4,neutral,neutral,unmodified/video
258,9,dia258_utt9.mp4,neutral,positive,unmodified/video
259,0,dia259_utt0.mp4,neutral,negative,unmodified/video
259,1,dia259_utt1.mp4,neutral,neutral,unmodified/video
259,10,dia259_utt10.mp4,neutral,negative,unmodified/video
259,11,dia259_utt11.mp4,neutral,negative,unmodified/video
259,12,dia259_utt12.mp4,neutral,negative,unmodified/video
259,13,dia259_utt13.mp4,neutral,negative,unmodified/video
259,14,dia259_utt14.mp4,neutral,neutral,unmodified/video
259,15,dia259_utt15.mp4,neutral,negative,unmodified/video
259,2,dia259_utt2.mp4,neutral,positive,unmodified/video
259,3,dia259_utt3.mp4,neutral,positive,unmodified/video
259,4,dia259_utt4.mp4,neutral,negative,unmodified/video
259,5,dia259_utt5.mp4,positive,neutral,unmodified/video
259,6,dia259_utt6.mp4,positive,negative,unmodified/video
259,7,dia259_utt7.mp4,neutral,neutral,unmodified/video
259,8,dia259_utt8.mp4,neutral,neutral,unmodified/video
259,9,dia259_utt9.mp4,positive,negative,unmodified/video
25,0,dia25_utt0.mp4,neutral,neutral,unmodified/video
25,1,dia25_utt1.mp4,neutral,neutral,unmodified/video
25,10,dia25_utt10.mp4,neutral,negative,unmodified/video
25,11,dia25_utt11.mp4,neutral,neutral,unmodified/video
25,12,dia25_utt12.mp4,neutral,neutral,unmodified/video
25,13,dia25_utt13.mp4,neutral,neutral,unmodified/video
25,14,dia25_utt14.mp4,positive,neutral,unmodified/video
25,15,dia25_utt15.mp4,neutral,neutral,unmodified/video
25,16,dia25_utt16.mp4,neutral,negative,unmodified/video
25,2,dia25_utt2.mp4,negative,negative,unmodified/video
25,3,dia25_utt3.mp4,negative,neutral,unmodified/video
25,4,dia25_utt4.mp4,neutral,negative,unmodified/video
25,5,dia25_utt5.mp4,positive,negative,unmodified/video
25,6,dia25_utt6.mp4,neutral,positive,unmodified/video
25,7,dia25_utt7.mp4,neutral,neutral,unmodified/video
25,8,dia25_utt8.mp4,neutral,negative,unmodified/video
25,9,dia25_utt9.mp4,neutral,neutral,unmodified/video
260,0,dia260_utt0.mp4,neutral,positive,unmodified/video
260,1,dia260_utt1.mp4,neutral,positive,unmodified/video
260,10,dia260_utt10.mp4,neutral,negative,unmodified/video
260,2,dia260_utt2.mp4,neutral,neutral,unmodified/video
260,3,dia260_utt3.mp4,neutral,positive,unmodified/video
260,4,dia260_utt4.mp4,positive,positive,unmodified/video
260,5,dia260_utt5.mp4,neutral,neutral,unmodified/video
260,6,dia260_utt6.mp4,neutral,negative,unmodified/video
260,7,dia260_utt7.mp4,neutral,neutral,unmodified/video
260,8,dia260_utt8.mp4,neutral,negative,unmodified/video
260,9,dia260_utt9.mp4,neutral,positive,unmodified/video
261,0,dia261_utt0.mp4,neutral,positive,unmodified/video
261,1,dia261_utt1.mp4,neutral,positive,unmodified/video
261,2,dia261_utt2.mp4,neutral,positive,unmodified/video
261,3,dia261_utt3.mp4,neutral,neutral,unmodified/video
261,4,dia261_utt4.mp4,neutral,positive,unmodified/video
261,5,dia261_utt5.mp4,neutral,neutral,unmodified/video
261,6,dia261_utt6.mp4,neutral,neutral,unmodified/video
261,7,dia261_utt7.mp4,neutral,neutral,unmodified/video
261,8,dia261_utt8.mp4,neutral,neutral,unmodified/video
262,0,dia262_utt0.mp4,neutral,neutral,unmodified/video
262,1,dia262_utt1.mp4,neutral,positive,unmodified/video
262,10,dia262_utt10.mp4,positive,neutral,unmodified/video
262,11,dia262_utt11.mp4,neutral,neutral,unmodified/video
262,12,dia262_utt12.mp4,neutral,neutral,unmodified/video
262,13,dia262_utt13.mp4,neutral,neutral,unmodified/video
262,14,dia262_utt14.mp4,positive,neutral,unmodified/video
262,15,dia262_utt15.mp4,neutral,positive,unmodified/video
262,16,dia262_utt16.mp4,neutral,negative,unmodified/video
262,2,dia262_utt2.mp4,neutral,positive,unmodified/video
262,3,dia262_utt3.mp4,positive,positive,unmodified/video
262,4,dia262_utt4.mp4,neutral,neutral,unmodified/video
262,5,dia262_utt5.mp4,neutral,positive,unmodified/video
262,6,dia262_utt6.mp4,neutral,positive,unmodified/video
262,7,dia262_utt7.mp4,neutral,positive,unmodified/video
262,8,dia262_utt8.mp4,positive,neutral,unmodified/video
262,9,dia262_utt9.mp4,positive,neutral,unmodified/video
263,0,dia263_utt0.mp4,neutral,neutral,unmodified/video
263,1,dia263_utt1.mp4,neutral,neutral,unmodified/video
263,2,dia263_utt2.mp4,neutral,neutral,unmodified/video
263,3,dia263_utt3.mp4,neutral,neutral,unmodified/video
263,4,dia263_utt4.mp4,neutral,negative,unmodified/video
263,5,dia263_utt5.mp4,neutral,negative,unmodified/video
263,6,dia263_utt6.mp4,neutral,positive,unmodified/video
263,7,dia263_utt7.mp4,neutral,negative,unmodified/video
263,8,dia263_utt8.mp4,neutral,neutral,unmodified/video
263,9,dia263_utt9.mp4,neutral,negative,unmodified/video
264,0,dia264_utt0.mp4,neutral,negative,unmodified/video
264,1,dia264_utt1.mp4,neutral,negative,unmodified/video
264,2,dia264_utt2.mp4,neutral,positive,unmodified/video
264,3,dia264_utt3.mp4,neutral,neutral,unmodified/video
265,0,dia265_utt0.mp4,neutral,positive,unmodified/video
265,1,dia265_utt1.mp4,neutral,positive,unmodified/video
266,0,dia266_utt0.mp4,neutral,neutral,unmodified/video
266,1,dia266_utt1.mp4,neutral,neutral,unmodified/video
266,10,dia266_utt10.mp4,neutral,positive,unmodified/video
266,11,dia266_utt11.mp4,neutral,negative,unmodified/video
266,12,dia266_utt12.mp4,neutral,positive,unmodified/video
266,13,dia266_utt13.mp4,neutral,negative,unmodified/video
266,14,dia266_utt14.mp4,neutral,positive,unmodified/video
266,15,dia266_utt15.mp4,neutral,negative,unmodified/video
266,16,dia266_utt16.mp4,neutral,positive,unmodified/video
266,2,dia266_utt2.mp4,neutral,neutral,unmodified/video
266,3,dia266_utt3.mp4,neutral,neutral,unmodified/video
266,4,dia266_utt4.mp4,neutral,neutral,unmodified/video
266,5,dia266_utt5.mp4,neutral,neutral,unmodified/video
266,6,dia266_utt6.mp4,neutral,neutral,unmodified/video
266,7,dia266_utt7.mp4,neutral,neutral,unmodified/video
266,8,dia266_utt8.mp4,neutral,positive,unmodified/video
266,9,dia266_utt9.mp4,neutral,neutral,unmodified/video
267,0,dia267_utt0.mp4,neutral,neutral,unmodified/video
267,1,dia267_utt1.mp4,neutral,neutral,unmodified/video
267,10,dia267_utt10.mp4,neutral,neutral,unmodified/video
267,2,dia267_utt2.mp4,neutral,neutral,unmodified/video
267,3,dia267_utt3.mp4,neutral,negative,unmodified/video
267,4,dia267_utt4.mp4,neutral,neutral,unmodified/video
267,5,dia267_utt5.mp4,neutral,negative,unmodified/video
267,6,dia267_utt6.mp4,neutral,neutral,unmodified/video
267,7,dia267_utt7.mp4,neutral,neutral,unmodified/video
267,8,dia267_utt8.mp4,neutral,negative,unmodified/video
267,9,dia267_utt9.mp4,neutral,neutral,unmodified/video
268,0,dia268_utt0.mp4,neutral,negative,unmodified/video
268,1,dia268_utt1.mp4,neutral,negative,unmodified/video
268,10,dia268_utt10.mp4,neutral,negative,unmodified/video
268,11,dia268_utt11.mp4,neutral,neutral,unmodified/video
268,12,dia268_utt12.mp4,neutral,neutral,unmodified/video
268,13,dia268_utt13.mp4,neutral,neutral,unmodified/video
268,2,dia268_utt2.mp4,neutral,negative,unmodified/video
268,3,dia268_utt3.mp4,neutral,neutral,unmodified/video
268,4,dia268_utt4.mp4,neutral,neutral,unmodified/video
268,5,dia268_utt5.mp4,neutral,neutral,unmodified/video
268,6,dia268_utt6.mp4,neutral,neutral,unmodified/video
268,7,dia268_utt7.mp4,neutral,neutral,unmodified/video
268,8,dia268_utt8.mp4,neutral,neutral,unmodified/video
268,9,dia268_utt9.mp4,neutral,neutral,unmodified/video
269,0,dia269_utt0.mp4,neutral,neutral,unmodified/video
269,1,dia269_utt1.mp4,neutral,negative,unmodified/video
269,2,dia269_utt2.mp4,positive,positive,unmodified/video
269,3,dia269_utt3.mp4,neutral,positive,unmodified/video
269,4,dia269_utt4.mp4,neutral,neutral,unmodified/video
26,0,dia26_utt0.mp4,neutral,positive,unmodified/video
270,0,dia270_utt0.mp4,neutral,neutral,unmodified/video
270,1,dia270_utt1.mp4,neutral,neutral,unmodified/video
270,10,dia270_utt10.mp4,neutral,positive,unmodified/video
270,11,dia270_utt11.mp4,neutral,neutral,unmodified/video
270,12,dia270_utt12.mp4,neutral,positive,unmodified/video
270,13,dia270_utt13.mp4,neutral,positive,unmodified/video
270,14,dia270_utt14.mp4,neutral,negative,unmodified/video
270,2,dia270_utt2.mp4,neutral,neutral,unmodified/video
270,3,dia270_utt3.mp4,neutral,neutral,unmodified/video
270,4,dia270_utt4.mp4,neutral,neutral,unmodified/video
270,5,dia270_utt5.mp4,neutral,neutral,unmodified/video
270,6,dia270_utt6.mp4,neutral,neutral,unmodified/video
270,7,dia270_utt7.mp4,neutral,neutral,unmodified/video
270,8,dia270_utt8.mp4,neutral,positive,unmodified/video
270,9,dia270_utt9.mp4,neutral,neutral,unmodified/video
271,0,dia271_utt0.mp4,neutral,neutral,unmodified/video
271,1,dia271_utt1.mp4,neutral,neutral,unmodified/video
271,2,dia271_utt2.mp4,neutral,neutral,unmodified/video
271,3,dia271_utt3.mp4,neutral,negative,unmodified/video
271,4,dia271_utt4.mp4,neutral,positive,unmodified/video
271,5,dia271_utt5.mp4,neutral,neutral,unmodified/video
272,0,dia272_utt0.mp4,neutral,neutral,unmodified/video
272,1,dia272_utt1.mp4,neutral,neutral,unmodified/video
272,2,dia272_utt2.mp4,neutral,neutral,unmodified/video
272,3,dia272_utt3.mp4,neutral,neutral,unmodified/video
272,4,dia272_utt4.mp4,neutral,negative,unmodified/video
272,5,dia272_utt5.mp4,neutral,negative,unmodified/video
273,0,dia273_utt0.mp4,neutral,neutral,unmodified/video
273,1,dia273_utt1.mp4,neutral,negative,unmodified/video
273,2,dia273_utt2.mp4,neutral,neutral,unmodified/video
273,3,dia273_utt3.mp4,neutral,neutral,unmodified/video
274,0,dia274_utt0.mp4,neutral,neutral,unmodified/video
274,1,dia274_utt1.mp4,neutral,neutral,unmodified/video
274,2,dia274_utt2.mp4,neutral,negative,unmodified/video
274,3,dia274_utt3.mp4,neutral,positive,unmodified/video
274,4,dia274_utt4.mp4,neutral,positive,unmodified/video
275,0,dia275_utt0.mp4,neutral,neutral,unmodified/video
275,1,dia275_utt1.mp4,neutral,neutral,unmodified/video
275,2,dia275_utt2.mp4,neutral,neutral,unmodified/video
275,3,dia275_utt3.mp4,neutral,neutral,unmodified/video
276,0,dia276_utt0.mp4,neutral,neutral,unmodified/video
277,0,dia277_utt0.mp4,neutral,negative,unmodified/video
278,0,dia278_utt0.mp4,neutral,negative,unmodified/video
278,1,dia278_utt1.mp4,neutral,positive,unmodified/video
278,10,dia278_utt10.mp4,neutral,neutral,unmodified/video
278,11,dia278_utt11.mp4,positive,positive,unmodified/video
278,12,dia278_utt12.mp4,neutral,neutral,unmodified/video
278,13,dia278_utt13.mp4,neutral,positive,unmodified/video
278,14,dia278_utt14.mp4,neutral,neutral,unmodified/video
278,15,dia278_utt15.mp4,positive,neutral,unmodified/video
278,16,dia278_utt16.mp4,positive,neutral,unmodified/video
278,2,dia278_utt2.mp4,neutral,neutral,unmodified/video
278,3,dia278_utt3.mp4,neutral,positive,unmodified/video
278,4,dia278_utt4.mp4,neutral,neutral,unmodified/video
278,5,dia278_utt5.mp4,neutral,positive,unmodified/video
278,6,dia278_utt6.mp4,neutral,neutral,unmodified/video
278,7,dia278_utt7.mp4,neutral,negative,unmodified/video
278,8,dia278_utt8.mp4,neutral,negative,unmodified/video
278,9,dia278_utt9.mp4,neutral,positive,unmodified/video
279,0,dia279_utt0.mp4,neutral,negative,unmodified/video
279,1,dia279_utt1.mp4,neutral,negative,unmodified/video
279,10,dia279_utt10.mp4,neutral,negative,unmodified/video
279,11,dia279_utt11.mp4,neutral,neutral,unmodified/video
279,12,dia279_utt12.mp4,neutral,negative,unmodified/video
279,13,dia279_utt13.mp4,neutral,neutral,unmodified/video
279,14,dia279_utt14.mp4,neutral,neutral,unmodified/video
279,15,dia279_utt15.mp4,neutral,neutral,unmodified/video
279,2,dia279_utt2.mp4,neutral,negative,unmodified/video
279,3,dia279_utt3.mp4,negative,negative,unmodified/video
279,4,dia279_utt4.mp4,neutral,negative,unmodified/video
279,5,dia279_utt5.mp4,neutral,neutral,unmodified/video
279,6,dia279_utt6.mp4,neutral,neutral,unmodified/video
279,7,dia279_utt7.mp4,neutral,negative,unmodified/video
279,8,dia279_utt8.mp4,neutral,neutral,unmodified/video
279,9,dia279_utt9.mp4,neutral,neutral,unmodified/video
27,0,dia27_utt0.mp4,neutral,positive,unmodified/video
27,1,dia27_utt1.mp4,neutral,neutral,unmodified/video
28,0,dia28_utt0.mp4,neutral,neutral,unmodified/video
28,1,dia28_utt1.mp4,neutral,positive,unmodified/video
28,10,dia28_utt10.mp4,positive,neutral,unmodified/video
28,11,dia28_utt11.mp4,neutral,neutral,unmodified/video
28,12,dia28_utt12.mp4,neutral,neutral,unmodified/video
28,13,dia28_utt13.mp4,neutral,neutral,unmodified/video
28,14,dia28_utt14.mp4,neutral,positive,unmodified/video
28,15,dia28_utt15.mp4,neutral,negative,unmodified/video
28,16,dia28_utt16.mp4,neutral,neutral,unmodified/video
28,2,dia28_utt2.mp4,neutral,neutral,unmodified/video
28,3,dia28_utt3.mp4,neutral,negative,unmodified/video
28,4,dia28_utt4.mp4,neutral,neutral,unmodified/video
28,5,dia28_utt5.mp4,neutral,neutral,unmodified/video
28,6,dia28_utt6.mp4,neutral,neutral,unmodified/video
28,7,dia28_utt7.mp4,neutral,positive,unmodified/video
28,8,dia28_utt8.mp4,neutral,neutral,unmodified/video
28,9,dia28_utt9.mp4,neutral,negative,unmodified/video
29,0,dia29_utt0.mp4,neutral,neutral,unmodified/video
29,1,dia29_utt1.mp4,neutral,negative,unmodified/video
29,10,dia29_utt10.mp4,neutral,negative,unmodified/video
29,11,dia29_utt11.mp4,neutral,positive,unmodified/video
29,12,dia29_utt12.mp4,neutral,positive,unmodified/video
29,2,dia29_utt2.mp4,neutral,neutral,unmodified/video
29,3,dia29_utt3.mp4,neutral,positive,unmodified/video
29,4,dia29_utt4.mp4,neutral,positive,unmodified/video
29,5,dia29_utt5.mp4,neutral,positive,unmodified/video
29,6,dia29_utt6.mp4,neutral,negative,unmodified/video
29,7,dia29_utt7.mp4,neutral,positive,unmodified/video
29,8,dia29_utt8.mp4,neutral,neutral,unmodified/video
29,9,dia29_utt9.mp4,neutral,neutral,unmodified/video
2,0,dia2_utt0.mp4,neutral,neutral,unmodified/video
2,1,dia2_utt1.mp4,neutral,neutral,unmodified/video
2,10,dia2_utt10.mp4,neutral,neutral,unmodified/video
2,2,dia2_utt2.mp4,neutral,negative,unmodified/video
2,3,dia2_utt3.mp4,neutral,negative,unmodified/video
2,4,dia2_utt4.mp4,neutral,negative,unmodified/video
2,5,dia2_utt5.mp4,neutral,negative,unmodified/video
2,6,dia2_utt6.mp4,neutral,negative,unmodified/video
2,7,dia2_utt7.mp4,neutral,positive,unmodified/video
2,8,dia2_utt8.mp4,neutral,positive,unmodified/video
2,9,dia2_utt9.mp4,neutral,neutral,unmodified/video
30,0,dia30_utt0.mp4,neutral,negative,unmodified/video
30,1,dia30_utt1.mp4,neutral,positive,unmodified/video
30,2,dia30_utt2.mp4,neutral,positive,unmodified/video
30,3,dia30_utt3.mp4,neutral,positive,unmodified/video
30,4,dia30_utt4.mp4,neutral,positive,unmodified/video
30,5,dia30_utt5.mp4,positive,negative,unmodified/video
31,0,dia31_utt0.mp4,neutral,neutral,unmodified/video
32,0,dia32_utt0.mp4,positive,positive,unmodified/video
32,1,dia32_utt1.mp4,neutral,positive,unmodified/video
32,10,dia32_utt10.mp4,neutral,negative,unmodified/video
32,11,dia32_utt11.mp4,neutral,negative,unmodified/video
32,12,dia32_utt12.mp4,neutral,positive,unmodified/video
32,2,dia32_utt2.mp4,neutral,neutral,unmodified/video
32,3,dia32_utt3.mp4,neutral,neutral,unmodified/video
32,4,dia32_utt4.mp4,neutral,neutral,unmodified/video
32,5,dia32_utt5.mp4,neutral,negative,unmodified/video
32,6,dia32_utt6.mp4,neutral,neutral,unmodified/video
32,7,dia32_utt7.mp4,neutral,neutral,unmodified/video
32,8,dia32_utt8.mp4,neutral,positive,unmodified/video
32,9,dia32_utt9.mp4,neutral,negative,unmodified/video
33,0,dia33_utt0.mp4,neutral,negative,unmodified/video
33,1,dia33_utt1.mp4,neutral,negative,unmodified/video
33,10,dia33_utt10.mp4,neutral,negative,unmodified/video
33,2,dia33_utt2.mp4,neutral,neutral,unmodified/video
33,3,dia33_utt3.mp4,neutral,neutral,unmodified/video
33,4,dia33_utt4.mp4,positive,positive,unmodified/video
33,5,dia33_utt5.mp4,neutral,negative,unmodified/video
33,6,dia33_utt6.mp4,neutral,negative,unmodified/video
33,7,dia33_utt7.mp4,neutral,neutral,unmodified/video
33,8,dia33_utt8.mp4,neutral,neutral,unmodified/video
33,9,dia33_utt9.mp4,neutral,negative,unmodified/video
34,0,dia34_utt0.mp4,neutral,neutral,unmodified/video
34,1,dia34_utt1.mp4,neutral,negative,unmodified/video
34,10,dia34_utt10.mp4,neutral,neutral,unmodified/video
34,11,dia34_utt11.mp4,neutral,neutral,unmodified/video
34,12,dia34_utt12.mp4,neutral,negative,unmodified/video
34,13,dia34_utt13.mp4,neutral,positive,unmodified/video
34,14,dia34_utt14.mp4,neutral,negative,unmodified/video
34,15,dia34_utt15.mp4,neutral,negative,unmodified/video
34,16,dia34_utt16.mp4,neutral,neutral,unmodified/video
34,17,dia34_utt17.mp4,neutral,negative,unmodified/video
34,18,dia34_utt18.mp4,neutral,negative,unmodified/video
34,2,dia34_utt2.mp4,positive,positive,unmodified/video
34,3,dia34_utt3.mp4,neutral,positive,unmodified/video
34,4,dia34_utt4.mp4,positive,negative,unmodified/video
34,5,dia34_utt5.mp4,positive,negative,unmodified/video
34,6,dia34_utt6.mp4,neutral,negative,unmodified/video
34,7,dia34_utt7.mp4,neutral,negative,unmodified/video
34,8,dia34_utt8.mp4,neutral,neutral,unmodified/video
34,9,dia34_utt9.mp4,neutral,neutral,unmodified/video
35,0,dia35_utt0.mp4,positive,neutral,unmodified/video
35,1,dia35_utt1.mp4,positive,positive,unmodified/video
35,2,dia35_utt2.mp4,neutral,neutral,unmodified/video
35,3,dia35_utt3.mp4,neutral,neutral,unmodified/video
35,4,dia35_utt4.mp4,neutral,neutral,unmodified/video
36,0,dia36_utt0.mp4,neutral,neutral,unmodified/video
36,1,dia36_utt1.mp4,neutral,negative,unmodified/video
37,0,dia37_utt0.mp4,positive,negative,unmodified/video
37,1,dia37_utt1.mp4,neutral,neutral,unmodified/video
37,2,dia37_utt2.mp4,negative,negative,unmodified/video
37,3,dia37_utt3.mp4,positive,negative,unmodified/video
37,4,dia37_utt4.mp4,neutral,negative,unmodified/video
37,5,dia37_utt5.mp4,neutral,neutral,unmodified/video
37,6,dia37_utt6.mp4,neutral,negative,unmodified/video
37,7,dia37_utt7.mp4,neutral,negative,unmodified/video
38,0,dia38_utt0.mp4,neutral,positive,unmodified/video
38,1,dia38_utt1.mp4,neutral,positive,unmodified/video
38,2,dia38_utt2.mp4,neutral,neutral,unmodified/video
38,3,dia38_utt3.mp4,neutral,positive,unmodified/video
39,0,dia39_utt0.mp4,neutral,neutral,unmodified/video
39,1,dia39_utt1.mp4,neutral,neutral,unmodified/video
39,10,dia39_utt10.mp4,positive,neutral,unmodified/video
39,11,dia39_utt11.mp4,positive,neutral,unmodified/video
39,2,dia39_utt2.mp4,positive,neutral,unmodified/video
39,3,dia39_utt3.mp4,neutral,neutral,unmodified/video
39,4,dia39_utt4.mp4,neutral,neutral,unmodified/video
39,5,dia39_utt5.mp4,neutral,neutral,unmodified/video
39,6,dia39_utt6.mp4,neutral,positive,unmodified/video
39,7,dia39_utt7.mp4,neutral,neutral,unmodified/video
39,8,dia39_utt8.mp4,neutral,neutral,unmodified/video
39,9,dia39_utt9.mp4,positive,positive,unmodified/video
3,0,dia3_utt0.mp4,neutral,neutral,unmodified/video
3,1,dia3_utt1.mp4,neutral,negative,unmodified/video
3,2,dia3_utt2.mp4,neutral,neutral,unmodified/video
3,3,dia3_utt3.mp4,neutral,neutral,unmodified/video
3,4,dia3_utt4.mp4,neutral,negative,unmodified/video
3,5,dia3_utt5.mp4,positive,negative,unmodified/video
3,6,dia3_utt6.mp4,neutral,neutral,unmodified/video
40,0,dia40_utt0.mp4,positive,positive,unmodified/video
40,1,dia40_utt1.mp4,positive,neutral,unmodified/video
41,0,dia41_utt0.mp4,neutral,neutral,unmodified/video
41,1,dia41_utt1.mp4,neutral,negative,unmodified/video
41,10,dia41_utt10.mp4,neutral,negative,unmodified/video
41,11,dia41_utt11.mp4,neutral,negative,unmodified/video
41,12,dia41_utt12.mp4,neutral,neutral,unmodified/video
41,2,dia41_utt2.mp4,neutral,negative,unmodified/video
41,3,dia41_utt3.mp4,neutral,negative,unmodified/video
41,4,dia41_utt4.mp4,neutral,negative,unmodified/video
41,5,dia41_utt5.mp4,neutral,negative,unmodified/video
41,6,dia41_utt6.mp4,neutral,negative,unmodified/video
41,7,dia41_utt7.mp4,neutral,neutral,unmodified/video
41,8,dia41_utt8.mp4,neutral,negative,unmodified/video
41,9,dia41_utt9.mp4,neutral,negative,unmodified/video
42,0,dia42_utt0.mp4,neutral,positive,unmodified/video
42,1,dia42_utt1.mp4,neutral,negative,unmodified/video
42,2,dia42_utt2.mp4,neutral,neutral,unmodified/video
42,3,dia42_utt3.mp4,neutral,positive,unmodified/video
42,4,dia42_utt4.mp4,neutral,neutral,unmodified/video
42,5,dia42_utt5.mp4,neutral,positive,unmodified/video
42,6,dia42_utt6.mp4,neutral,positive,unmodified/video
42,7,dia42_utt7.mp4,neutral,positive,unmodified/video
42,8,dia42_utt8.mp4,neutral,neutral,unmodified/video
43,0,dia43_utt0.mp4,neutral,neutral,unmodified/video
43,1,dia43_utt1.mp4,neutral,neutral,unmodified/video
43,2,dia43_utt2.mp4,neutral,neutral,unmodified/video
43,3,dia43_utt3.mp4,neutral,neutral,unmodified/video
43,4,dia43_utt4.mp4,positive,neutral,unmodified/video
43,5,dia43_utt5.mp4,neutral,neutral,unmodified/video
43,6,dia43_utt6.mp4,neutral,neutral,unmodified/video
44,0,dia44_utt0.mp4,neutral,neutral,unmodified/video
44,1,dia44_utt1.mp4,neutral,neutral,unmodified/video
44,2,dia44_utt2.mp4,neutral,positive,unmodified/video
44,3,dia44_utt3.mp4,neutral,neutral,unmodified/video
45,0,dia45_utt0.mp4,neutral,negative,unmodified/video
45,1,dia45_utt1.mp4,positive,neutral,unmodified/video
45,2,dia45_utt2.mp4,neutral,neutral,unmodified/video
45,3,dia45_utt3.mp4,positive,positive,unmodified/video
45,4,dia45_utt4.mp4,neutral,positive,unmodified/video
45,5,dia45_utt5.mp4,neutral,positive,unmodified/video
45,6,dia45_utt6.mp4,neutral,negative,unmodified/video
45,7,dia45_utt7.mp4,neutral,neutral,unmodified/video
45,8,dia45_utt8.mp4,negative,neutral,unmodified/video
46,0,dia46_utt0.mp4,neutral,positive,unmodified/video
46,1,dia46_utt1.mp4,neutral,positive,unmodified/video
46,2,dia46_utt2.mp4,neutral,positive,unmodified/video
46,3,dia46_utt3.mp4,neutral,positive,unmodified/video
46,4,dia46_utt4.mp4,positive,positive,unmodified/video
46,5,dia46_utt5.mp4,neutral,positive,unmodified/video
46,6,dia46_utt6.mp4,positive,neutral,unmodified/video
46,7,dia46_utt7.mp4,positive,positive,unmodified/video
46,8,dia46_utt8.mp4,positive,positive,unmodified/video
47,0,dia47_utt0.mp4,neutral,negative,unmodified/video
47,1,dia47_utt1.mp4,neutral,negative,unmodified/video
47,10,dia47_utt10.mp4,neutral,neutral,unmodified/video
47,11,dia47_utt11.mp4,neutral,neutral,unmodified/video
47,12,dia47_utt12.mp4,neutral,neutral,unmodified/video
47,13,dia47_utt13.mp4,neutral,neutral,unmodified/video
47,2,dia47_utt2.mp4,neutral,negative,unmodified/video
47,3,dia47_utt3.mp4,neutral,neutral,unmodified/video
47,4,dia47_utt4.mp4,neutral,neutral,unmodified/video
47,5,dia47_utt5.mp4,neutral,neutral,unmodified/video
47,6,dia47_utt6.mp4,neutral,negative,unmodified/video
47,7,dia47_utt7.mp4,neutral,neutral,unmodified/video
47,8,dia47_utt8.mp4,neutral,neutral,unmodified/video
47,9,dia47_utt9.mp4,neutral,neutral,unmodified/video
48,0,dia48_utt0.mp4,neutral,neutral,unmodified/video
48,1,dia48_utt1.mp4,neutral,neutral,unmodified/video
48,2,dia48_utt2.mp4,neutral,neutral,unmodified/video
48,3,dia48_utt3.mp4,neutral,positive,unmodified/video
48,4,dia48_utt4.mp4,neutral,positive,unmodified/video
48,5,dia48_utt5.mp4,neutral,positive,unmodified/video
48,6,dia48_utt6.mp4,neutral,positive,unmodified/video
49,0,dia49_utt0.mp4,positive,positive,unmodified/video
49,1,dia49_utt1.mp4,positive,positive,unmodified/video
49,10,dia49_utt10.mp4,neutral,neutral,unmodified/video
49,11,dia49_utt11.mp4,negative,positive,unmodified/video
49,12,dia49_utt12.mp4,positive,positive,unmodified/video
49,13,dia49_utt13.mp4,neutral,neutral,unmodified/video
49,14,dia49_utt14.mp4,positive,positive,unmodified/video
49,15,dia49_utt15.mp4,positive,neutral,unmodified/video
49,16,dia49_utt16.mp4,neutral,neutral,unmodified/video
49,2,dia49_utt2.mp4,neutral,neutral,unmodified/video
49,3,dia49_utt3.mp4,neutral,neutral,unmodified/video
49,4,dia49_utt4.mp4,neutral,neutral,unmodified/video
49,5,dia49_utt5.mp4,positive,neutral,unmodified/video
49,6,dia49_utt6.mp4,neutral,neutral,unmodified/video
49,7,dia49_utt7.mp4,neutral,neutral,unmodified/video
49,8,dia49_utt8.mp4,neutral,neutral,unmodified/video
49,9,dia49_utt9.mp4,neutral,positive,unmodified/video
4,0,dia4_utt0.mp4,neutral,positive,unmodified/video
4,1,dia4_utt1.mp4,neutral,neutral,unmodified/video
4,2,dia4_utt2.mp4,neutral,positive,unmodified/video
4,3,dia4_utt3.mp4,neutral,positive,unmodified/video
4,4,dia4_utt4.mp4,neutral,neutral,unmodified/video
4,5,dia4_utt5.mp4,neutral,negative,unmodified/video
4,6,dia4_utt6.mp4,neutral,negative,unmodified/video
4,7,dia4_utt7.mp4,neutral,negative,unmodified/video
4,8,dia4_utt8.mp4,neutral,neutral,unmodified/video
50,0,dia50_utt0.mp4,neutral,neutral,unmodified/video
50,1,dia50_utt1.mp4,neutral,neutral,unmodified/video
50,2,dia50_utt2.mp4,neutral,negative,unmodified/video
50,3,dia50_utt3.mp4,neutral,neutral,unmodified/video
51,0,dia51_utt0.mp4,neutral,positive,unmodified/video
51,1,dia51_utt1.mp4,neutral,positive,unmodified/video
51,2,dia51_utt2.mp4,neutral,neutral,unmodified/video
52,0,dia52_utt0.mp4,neutral,neutral,unmodified/video
52,1,dia52_utt1.mp4,neutral,negative,unmodified/video
52,10,dia52_utt10.mp4,neutral,negative,unmodified/video
52,11,dia52_utt11.mp4,neutral,negative,unmodified/video
52,2,dia52_utt2.mp4,neutral,neutral,unmodified/video
52,3,dia52_utt3.mp4,neutral,negative,unmodified/video
52,4,dia52_utt4.mp4,neutral,neutral,unmodified/video
52,5,dia52_utt5.mp4,neutral,neutral,unmodified/video
52,6,dia52_utt6.mp4,neutral,neutral,unmodified/video
52,7,dia52_utt7.mp4,neutral,negative,unmodified/video
52,8,dia52_utt8.mp4,neutral,negative,unmodified/video
52,9,dia52_utt9.mp4,neutral,neutral,unmodified/video
53,0,dia53_utt0.mp4,positive,positive,unmodified/video
53,1,dia53_utt1.mp4,neutral,neutral,unmodified/video
53,10,dia53_utt10.mp4,neutral,neutral,unmodified/video
53,11,dia53_utt11.mp4,neutral,positive,unmodified/video
53,12,dia53_utt12.mp4,neutral,positive,unmodified/video
53,2,dia53_utt2.mp4,neutral,positive,unmodified/video
53,3,dia53_utt3.mp4,neutral,positive,unmodified/video
53,4,dia53_utt4.mp4,neutral,positive,unmodified/video
53,5,dia53_utt5.mp4,neutral,neutral,unmodified/video
53,6,dia53_utt6.mp4,neutral,negative,unmodified/video
53,7,dia53_utt7.mp4,neutral,negative,unmodified/video
53,8,dia53_utt8.mp4,neutral,positive,unmodified/video
53,9,dia53_utt9.mp4,neutral,positive,unmodified/video
54,0,dia54_utt0.mp4,neutral,neutral,unmodified/video
54,1,dia54_utt1.mp4,neutral,neutral,unmodified/video
54,10,dia54_utt10.mp4,neutral,negative,unmodified/video
54,11,dia54_utt11.mp4,neutral,negative,unmodified/video
54,2,dia54_utt2.mp4,neutral,neutral,unmodified/video
54,3,dia54_utt3.mp4,neutral,negative,unmodified/video
54,4,dia54_utt4.mp4,neutral,neutral,unmodified/video
54,5,dia54_utt5.mp4,neutral,negative,unmodified/video
54,6,dia54_utt6.mp4,neutral,neutral,unmodified/video
54,7,dia54_utt7.mp4,positive,negative,unmodified/video
54,8,dia54_utt8.mp4,neutral,neutral,unmodified/video
54,9,dia54_utt9.mp4,neutral,neutral,unmodified/video
55,0,dia55_utt0.mp4,neutral,neutral,unmodified/video
55,1,dia55_utt1.mp4,neutral,neutral,unmodified/video
55,2,dia55_utt2.mp4,neutral,positive,unmodified/video
56,0,dia56_utt0.mp4,negative,negative,unmodified/video
56,1,dia56_utt1.mp4,neutral,neutral,unmodified/video
56,10,dia56_utt10.mp4,neutral,positive,unmodified/video
56,11,dia56_utt11.mp4,neutral,positive,unmodified/video
56,2,dia56_utt2.mp4,neutral,positive,unmodified/video
56,3,dia56_utt3.mp4,neutral,neutral,unmodified/video
56,4,dia56_utt4.mp4,neutral,negative,unmodified/video
56,5,dia56_utt5.mp4,neutral,positive,unmodified/video
56,6,dia56_utt6.mp4,neutral,neutral,unmodified/video
56,7,dia56_utt7.mp4,neutral,positive,unmodified/video
56,8,dia56_utt8.mp4,positive,positive,unmodified/video
56,9,dia56_utt9.mp4,negative,neutral,unmodified/video
57,0,dia57_utt0.mp4,neutral,neutral,unmodified/video
57,1,dia57_utt1.mp4,neutral,positive,unmodified/video
57,2,dia57_utt2.mp4,neutral,positive,unmodified/video
57,3,dia57_utt3.mp4,neutral,neutral,unmodified/video
57,4,dia57_utt4.mp4,neutral,positive,unmodified/video
57,5,dia57_utt5.mp4,neutral,negative,unmodified/video
58,0,dia58_utt0.mp4,neutral,positive,unmodified/video
58,1,dia58_utt1.mp4,neutral,positive,unmodified/video
58,10,dia58_utt10.mp4,neutral,negative,unmodified/video
58,11,dia58_utt11.mp4,neutral,neutral,unmodified/video
58,12,dia58_utt12.mp4,positive,positive,unmodified/video
58,13,dia58_utt13.mp4,neutral,positive,unmodified/video
58,14,dia58_utt14.mp4,neutral,neutral,unmodified/video
58,15,dia58_utt15.mp4,positive,neutral,unmodified/video
58,16,dia58_utt16.mp4,negative,negative,unmodified/video
58,2,dia58_utt2.mp4,neutral,positive,unmodified/video
58,3,dia58_utt3.mp4,positive,positive,unmodified/video
58,4,dia58_utt4.mp4,neutral,neutral,unmodified/video
58,5,dia58_utt5.mp4,neutral,neutral,unmodified/video
58,6,dia58_utt6.mp4,neutral,neutral,unmodified/video
58,7,dia58_utt7.mp4,neutral,positive,unmodified/video
58,8,dia58_utt8.mp4,neutral,positive,unmodified/video
58,9,dia58_utt9.mp4,neutral,negative,unmodified/video
59,0,dia59_utt0.mp4,neutral,neutral,unmodified/video
59,1,dia59_utt1.mp4,neutral,neutral,unmodified/video
59,2,dia59_utt2.mp4,neutral,negative,unmodified/video
5,0,dia5_utt0.mp4,neutral,negative,unmodified/video
5,1,dia5_utt1.mp4,positive,neutral,unmodified/video
5,2,dia5_utt2.mp4,positive,neutral,unmodified/video
5,3,dia5_utt3.mp4,neutral,neutral,unmodified/video
5,4,dia5_utt4.mp4,neutral,neutral,unmodified/video
5,5,dia5_utt5.mp4,neutral,neutral,unmodified/video
5,6,dia5_utt6.mp4,neutral,neutral,unmodified/video
5,7,dia5_utt7.mp4,neutral,neutral,unmodified/video
5,8,dia5_utt8.mp4,neutral,neutral,unmodified/video
60,0,dia60_utt0.mp4,neutral,negative,unmodified/video
60,1,dia60_utt1.mp4,positive,neutral,unmodified/video
60,2,dia60_utt2.mp4,neutral,positive,unmodified/video
60,3,dia60_utt3.mp4,neutral,positive,unmodified/video
60,4,dia60_utt4.mp4,neutral,negative,unmodified/video
60,5,dia60_utt5.mp4,positive,negative,unmodified/video
60,6,dia60_utt6.mp4,neutral,negative,unmodified/video
61,0,dia61_utt0.mp4,neutral,positive,unmodified/video
61,1,dia61_utt1.mp4,positive,negative,unmodified/video
61,2,dia61_utt2.mp4,neutral,positive,unmodified/video
62,0,dia62_utt0.mp4,neutral,neutral,unmodified/video
62,1,dia62_utt1.mp4,neutral,negative,unmodified/video
63,0,dia63_utt0.mp4,neutral,neutral,unmodified/video
63,1,dia63_utt1.mp4,neutral,neutral,unmodified/video
64,0,dia64_utt0.mp4,neutral,negative,unmodified/video
64,1,dia64_utt1.mp4,neutral,neutral,unmodified/video
64,10,dia64_utt10.mp4,neutral,neutral,unmodified/video
64,11,dia64_utt11.mp4,neutral,neutral,unmodified/video
64,12,dia64_utt12.mp4,positive,negative,unmodified/video
64,13,dia64_utt13.mp4,neutral,neutral,unmodified/video
64,14,dia64_utt14.mp4,neutral,negative,unmodified/video
64,15,dia64_utt15.mp4,neutral,neutral,unmodified/video
64,16,dia64_utt16.mp4,neutral,neutral,unmodified/video
64,2,dia64_utt2.mp4,neutral,negative,unmodified/video
64,3,dia64_utt3.mp4,neutral,negative,unmodified/video
64,4,dia64_utt4.mp4,neutral,negative,unmodified/video
64,5,dia64_utt5.mp4,neutral,neutral,unmodified/video
64,6,dia64_utt6.mp4,neutral,neutral,unmodified/video
64,7,dia64_utt7.mp4,neutral,neutral,unmodified/video
64,8,dia64_utt8.mp4,neutral,neutral,unmodified/video
64,9,dia64_utt9.mp4,neutral,neutral,unmodified/video
65,0,dia65_utt0.mp4,neutral,neutral,unmodified/video
65,1,dia65_utt1.mp4,neutral,neutral,unmodified/video
65,10,dia65_utt10.mp4,neutral,negative,unmodified/video
65,2,dia65_utt2.mp4,neutral,neutral,unmodified/video
65,3,dia65_utt3.mp4,neutral,negative,unmodified/video
65,4,dia65_utt4.mp4,neutral,negative,unmodified/video
65,5,dia65_utt5.mp4,neutral,neutral,unmodified/video
65,6,dia65_utt6.mp4,neutral,negative,unmodified/video
65,7,dia65_utt7.mp4,neutral,neutral,unmodified/video
65,8,dia65_utt8.mp4,neutral,neutral,unmodified/video
65,9,dia65_utt9.mp4,negative,negative,unmodified/video
66,0,dia66_utt0.mp4,neutral,neutral,unmodified/video
66,1,dia66_utt1.mp4,neutral,positive,unmodified/video
66,2,dia66_utt2.mp4,neutral,positive,unmodified/video
66,3,dia66_utt3.mp4,neutral,neutral,unmodified/video
66,4,dia66_utt4.mp4,neutral,positive,unmodified/video
67,0,dia67_utt0.mp4,positive,neutral,unmodified/video
67,1,dia67_utt1.mp4,neutral,neutral,unmodified/video
67,2,dia67_utt2.mp4,neutral,neutral,unmodified/video
67,3,dia67_utt3.mp4,positive,positive,unmodified/video
68,0,dia68_utt0.mp4,neutral,negative,unmodified/video
68,1,dia68_utt1.mp4,neutral,negative,unmodified/video
68,10,dia68_utt10.mp4,neutral,neutral,unmodified/video
68,11,dia68_utt11.mp4,neutral,negative,unmodified/video
68,12,dia68_utt12.mp4,neutral,positive,unmodified/video
68,13,dia68_utt13.mp4,positive,positive,unmodified/video
68,14,dia68_utt14.mp4,neutral,neutral,unmodified/video
68,2,dia68_utt2.mp4,neutral,neutral,unmodified/video
68,3,dia68_utt3.mp4,neutral,negative,unmodified/video
68,4,dia68_utt4.mp4,neutral,neutral,unmodified/video
68,5,dia68_utt5.mp4,neutral,negative,unmodified/video
68,6,dia68_utt6.mp4,neutral,neutral,unmodified/video
68,7,dia68_utt7.mp4,neutral,positive,unmodified/video
68,8,dia68_utt8.mp4,neutral,neutral,unmodified/video
68,9,dia68_utt9.mp4,neutral,positive,unmodified/video
69,0,dia69_utt0.mp4,neutral,negative,unmodified/video
69,1,dia69_utt1.mp4,neutral,negative,unmodified/video
69,2,dia69_utt2.mp4,neutral,neutral,unmodified/video
69,3,dia69_utt3.mp4,neutral,neutral,unmodified/video
69,4,dia69_utt4.mp4,neutral,neutral,unmodified/video
69,5,dia69_utt5.mp4,neutral,positive,unmodified/video
6,0,dia6_utt0.mp4,neutral,neutral,unmodified/video
6,1,dia6_utt1.mp4,neutral,neutral,unmodified/video
6,2,dia6_utt2.mp4,neutral,negative,unmodified/video
70,0,dia70_utt0.mp4,neutral,neutral,unmodified/video
70,1,dia70_utt1.mp4,positive,neutral,unmodified/video
70,10,dia70_utt10.mp4,neutral,negative,unmodified/video
70,11,dia70_utt11.mp4,neutral,negative,unmodified/video
70,12,dia70_utt12.mp4,neutral,negative,unmodified/video
70,13,dia70_utt13.mp4,neutral,negative,unmodified/video
70,14,dia70_utt14.mp4,neutral,negative,unmodified/video
70,15,dia70_utt15.mp4,neutral,negative,unmodified/video
70,16,dia70_utt16.mp4,neutral,negative,unmodified/video
70,17,dia70_utt17.mp4,positive,positive,unmodified/video
70,18,dia70_utt18.mp4,neutral,neutral,unmodified/video
70,19,dia70_utt19.mp4,neutral,neutral,unmodified/video
70,2,dia70_utt2.mp4,positive,neutral,unmodified/video
70,20,dia70_utt20.mp4,positive,neutral,unmodified/video
70,21,dia70_utt21.mp4,neutral,neutral,unmodified/video
70,22,dia70_utt22.mp4,neutral,positive,unmodified/video
70,3,dia70_utt3.mp4,neutral,neutral,unmodified/video
70,4,dia70_utt4.mp4,neutral,neutral,unmodified/video
70,5,dia70_utt5.mp4,neutral,neutral,unmodified/video
70,6,dia70_utt6.mp4,neutral,neutral,unmodified/video
70,7,dia70_utt7.mp4,neutral,neutral,unmodified/video
70,8,dia70_utt8.mp4,neutral,negative,unmodified/video
70,9,dia70_utt9.mp4,neutral,negative,unmodified/video
71,0,dia71_utt0.mp4,neutral,positive,unmodified/video
71,1,dia71_utt1.mp4,positive,neutral,unmodified/video
71,10,dia71_utt10.mp4,neutral,neutral,unmodified/video
71,11,dia71_utt11.mp4,neutral,neutral,unmodified/video
71,12,dia71_utt12.mp4,neutral,positive,unmodified/video
71,13,dia71_utt13.mp4,neutral,negative,unmodified/video
71,2,dia71_utt2.mp4,positive,positive,unmodified/video
71,3,dia71_utt3.mp4,neutral,positive,unmodified/video
71,4,dia71_utt4.mp4,neutral,positive,unmodified/video
71,5,dia71_utt5.mp4,neutral,positive,unmodified/video
71,6,dia71_utt6.mp4,neutral,positive,unmodified/video
71,7,dia71_utt7.mp4,neutral,neutral,unmodified/video
71,8,dia71_utt8.mp4,neutral,neutral,unmodified/video
71,9,dia71_utt9.mp4,neutral,neutral,unmodified/video
72,0,dia72_utt0.mp4,neutral,neutral,unmodified/video
72,1,dia72_utt1.mp4,neutral,positive,unmodified/video
72,10,dia72_utt10.mp4,neutral,negative,unmodified/video
72,11,dia72_utt11.mp4,neutral,negative,unmodified/video
72,12,dia72_utt12.mp4,neutral,neutral,unmodified/video
72,13,dia72_utt13.mp4,neutral,negative,unmodified/video
72,14,dia72_utt14.mp4,neutral,neutral,unmodified/video
72,15,dia72_utt15.mp4,neutral,neutral,unmodified/video
72,16,dia72_utt16.mp4,positive,positive,unmodified/video
72,2,dia72_utt2.mp4,neutral,negative,unmodified/video
72,3,dia72_utt3.mp4,neutral,negative,unmodified/video
72,4,dia72_utt4.mp4,neutral,negative,unmodified/video
72,5,dia72_utt5.mp4,positive,negative,unmodified/video
72,6,dia72_utt6.mp4,neutral,negative,unmodified/video
72,7,dia72_utt7.mp4,neutral,negative,unmodified/video
72,8,dia72_utt8.mp4,neutral,negative,unmodified/video
72,9,dia72_utt9.mp4,neutral,negative,unmodified/video
73,0,dia73_utt0.mp4,neutral,negative,unmodified/video
73,1,dia73_utt1.mp4,neutral,neutral,unmodified/video
73,10,dia73_utt10.mp4,neutral,negative,unmodified/video
73,2,dia73_utt2.mp4,neutral,negative,unmodified/video
73,3,dia73_utt3.mp4,neutral,neutral,unmodified/video
73,4,dia73_utt4.mp4,neutral,neutral,unmodified/video
73,5,dia73_utt5.mp4,neutral,neutral,unmodified/video
73,6,dia73_utt6.mp4,positive,neutral,unmodified/video
73,7,dia73_utt7.mp4,neutral,positive,unmodified/video
73,8,dia73_utt8.mp4,neutral,negative,unmodified/video
73,9,dia73_utt9.mp4,neutral,neutral,unmodified/video
74,0,dia74_utt0.mp4,neutral,positive,unmodified/video
74,1,dia74_utt1.mp4,neutral,neutral,unmodified/video
74,2,dia74_utt2.mp4,neutral,neutral,unmodified/video
74,3,dia74_utt3.mp4,neutral,neutral,unmodified/video
74,4,dia74_utt4.mp4,neutral,neutral,unmodified/video
75,0,dia75_utt0.mp4,neutral,neutral,unmodified/video
75,1,dia75_utt1.mp4,neutral,neutral,unmodified/video
75,2,dia75_utt2.mp4,neutral,neutral,unmodified/video
75,3,dia75_utt3.mp4,neutral,neutral,unmodified/video
75,4,dia75_utt4.mp4,neutral,negative,unmodified/video
75,5,dia75_utt5.mp4,neutral,neutral,unmodified/video
76,0,dia76_utt0.mp4,neutral,neutral,unmodified/video
76,1,dia76_utt1.mp4,positive,neutral,unmodified/video
76,10,dia76_utt10.mp4,neutral,neutral,unmodified/video
76,11,dia76_utt11.mp4,neutral,neutral,unmodified/video
76,12,dia76_utt12.mp4,positive,neutral,unmodified/video
76,13,dia76_utt13.mp4,neutral,neutral,unmodified/video
76,14,dia76_utt14.mp4,neutral,neutral,unmodified/video
76,15,dia76_utt15.mp4,neutral,neutral,unmodified/video
76,16,dia76_utt16.mp4,positive,positive,unmodified/video
76,17,dia76_utt17.mp4,neutral,neutral,unmodified/video
76,18,dia76_utt18.mp4,positive,positive,unmodified/video
76,2,dia76_utt2.mp4,neutral,neutral,unmodified/video
76,3,dia76_utt3.mp4,neutral,neutral,unmodified/video
76,4,dia76_utt4.mp4,neutral,neutral,unmodified/video
76,5,dia76_utt5.mp4,positive,neutral,unmodified/video
76,6,dia76_utt6.mp4,neutral,neutral,unmodified/video
76,7,dia76_utt7.mp4,positive,neutral,unmodified/video
76,8,dia76_utt8.mp4,positive,positive,unmodified/video
76,9,dia76_utt9.mp4,neutral,neutral,unmodified/video
77,0,dia77_utt0.mp4,neutral,negative,unmodified/video
77,1,dia77_utt1.mp4,neutral,neutral,unmodified/video
77,2,dia77_utt2.mp4,neutral,negative,unmodified/video
77,3,dia77_utt3.mp4,neutral,negative,unmodified/video
77,4,dia77_utt4.mp4,neutral,negative,unmodified/video
78,0,dia78_utt0.mp4,neutral,negative,unmodified/video
78,1,dia78_utt1.mp4,neutral,neutral,unmodified/video
78,2,dia78_utt2.mp4,neutral,neutral,unmodified/video
78,3,dia78_utt3.mp4,neutral,neutral,unmodified/video
78,4,dia78_utt4.mp4,neutral,neutral,unmodified/video
78,5,dia78_utt5.mp4,neutral,neutral,unmodified/video
78,6,dia78_utt6.mp4,positive,neutral,unmodified/video
78,7,dia78_utt7.mp4,positive,positive,unmodified/video
78,8,dia78_utt8.mp4,positive,positive,unmodified/video
78,9,dia78_utt9.mp4,neutral,positive,unmodified/video
79,0,dia79_utt0.mp4,positive,neutral,unmodified/video
79,1,dia79_utt1.mp4,neutral,neutral,unmodified/video
7,0,dia7_utt0.mp4,neutral,neutral,unmodified/video
7,1,dia7_utt1.mp4,neutral,neutral,unmodified/video
7,2,dia7_utt2.mp4,neutral,neutral,unmodified/video
7,3,dia7_utt3.mp4,neutral,neutral,unmodified/video
7,4,dia7_utt4.mp4,neutral,negative,unmodified/video
7,5,dia7_utt5.mp4,neutral,neutral,unmodified/video
7,6,dia7_utt6.mp4,neutral,negative,unmodified/video
7,7,dia7_utt7.mp4,neutral,neutral,unmodified/video
7,8,dia7_utt8.mp4,neutral,neutral,unmodified/video
80,0,dia80_utt0.mp4,neutral,negative,unmodified/video
80,1,dia80_utt1.mp4,neutral,negative,unmodified/video
80,2,dia80_utt2.mp4,neutral,negative,unmodified/video
80,3,dia80_utt3.mp4,neutral,negative,unmodified/video
80,4,dia80_utt4.mp4,neutral,negative,unmodified/video
80,5,dia80_utt5.mp4,negative,neutral,unmodified/video
80,6,dia80_utt6.mp4,neutral,neutral,unmodified/video
80,7,dia80_utt7.mp4,neutral,negative,unmodified/video
80,8,dia80_utt8.mp4,neutral,neutral,unmodified/video
80,9,dia80_utt9.mp4,neutral,neutral,unmodified/video
81,0,dia81_utt0.mp4,neutral,positive,unmodified/video
81,1,dia81_utt1.mp4,neutral,neutral,unmodified/video
82,0,dia82_utt0.mp4,neutral,neutral,unmodified/video
83,0,dia83_utt0.mp4,neutral,neutral,unmodified/video
83,1,dia83_utt1.mp4,neutral,neutral,unmodified/video
83,10,dia83_utt10.mp4,neutral,negative,unmodified/video
83,2,dia83_utt2.mp4,neutral,neutral,unmodified/video
83,3,dia83_utt3.mp4,neutral,neutral,unmodified/video
83,4,dia83_utt4.mp4,neutral,positive,unmodified/video
83,5,dia83_utt5.mp4,neutral,negative,unmodified/video
83,6,dia83_utt6.mp4,neutral,negative,unmodified/video
83,7,dia83_utt7.mp4,neutral,negative,unmodified/video
83,8,dia83_utt8.mp4,neutral,neutral,unmodified/video
83,9,dia83_utt9.mp4,neutral,negative,unmodified/video
84,0,dia84_utt0.mp4,neutral,negative,unmodified/video
84,1,dia84_utt1.mp4,neutral,negative,unmodified/video
84,2,dia84_utt2.mp4,positive,negative,unmodified/video
85,0,dia85_utt0.mp4,neutral,neutral,unmodified/video
85,1,dia85_utt1.mp4,neutral,negative,unmodified/video
85,2,dia85_utt2.mp4,neutral,negative,unmodified/video
85,3,dia85_utt3.mp4,negative,negative,unmodified/video
85,4,dia85_utt4.mp4,neutral,negative,unmodified/video
85,5,dia85_utt5.mp4,neutral,negative,unmodified/video
86,0,dia86_utt0.mp4,neutral,neutral,unmodified/video
86,1,dia86_utt1.mp4,neutral,neutral,unmodified/video
86,2,dia86_utt2.mp4,neutral,neutral,unmodified/video
86,3,dia86_utt3.mp4,neutral,neutral,unmodified/video
86,4,dia86_utt4.mp4,neutral,neutral,unmodified/video
86,5,dia86_utt5.mp4,neutral,negative,unmodified/video
86,6,dia86_utt6.mp4,neutral,positive,unmodified/video
86,7,dia86_utt7.mp4,neutral,negative,unmodified/video
87,0,dia87_utt0.mp4,neutral,neutral,unmodified/video
87,1,dia87_utt1.mp4,neutral,neutral,unmodified/video
88,0,dia88_utt0.mp4,neutral,positive,unmodified/video
88,1,dia88_utt1.mp4,positive,positive,unmodified/video
88,10,dia88_utt10.mp4,neutral,neutral,unmodified/video
88,11,dia88_utt11.mp4,neutral,positive,unmodified/video
88,12,dia88_utt12.mp4,neutral,positive,unmodified/video
88,13,dia88_utt13.mp4,neutral,neutral,unmodified/video
88,2,dia88_utt2.mp4,neutral,negative,unmodified/video
88,3,dia88_utt3.mp4,neutral,negative,unmodified/video
88,4,dia88_utt4.mp4,neutral,neutral,unmodified/video
88,5,dia88_utt5.mp4,neutral,neutral,unmodified/video
88,6,dia88_utt6.mp4,neutral,negative,unmodified/video
88,7,dia88_utt7.mp4,neutral,neutral,unmodified/video
88,8,dia88_utt8.mp4,neutral,negative,unmodified/video
88,9,dia88_utt9.mp4,neutral,positive,unmodified/video
89,0,dia89_utt0.mp4,neutral,neutral,unmodified/video
89,1,dia89_utt1.mp4,neutral,neutral,unmodified/video
89,2,dia89_utt2.mp4,neutral,positive,unmodified/video
8,0,dia8_utt0.mp4,neutral,negative,unmodified/video
8,1,dia8_utt1.mp4,neutral,positive,unmodified/video
8,2,dia8_utt2.mp4,neutral,neutral,unmodified/video
8,3,dia8_utt3.mp4,neutral,negative,unmodified/video
8,4,dia8_utt4.mp4,neutral,neutral,unmodified/video
8,5,dia8_utt5.mp4,neutral,neutral,unmodified/video
8,6,dia8_utt6.mp4,neutral,positive,unmodified/video
90,0,dia90_utt0.mp4,neutral,neutral,unmodified/video
90,1,dia90_utt1.mp4,neutral,negative,unmodified/video
90,2,dia90_utt2.mp4,neutral,negative,unmodified/video
90,3,dia90_utt3.mp4,neutral,negative,unmodified/video
90,4,dia90_utt4.mp4,neutral,negative,unmodified/video
90,5,dia90_utt5.mp4,neutral,negative,unmodified/video
91,0,dia91_utt0.mp4,neutral,neutral,unmodified/video
92,0,dia92_utt0.mp4,neutral,positive,unmodified/video
92,1,dia92_utt1.mp4,neutral,neutral,unmodified/video
92,2,dia92_utt2.mp4,neutral,neutral,unmodified/video
92,3,dia92_utt3.mp4,neutral,positive,unmodified/video
92,4,dia92_utt4.mp4,neutral,positive,unmodified/video
92,5,dia92_utt5.mp4,neutral,negative,unmodified/video
93,0,dia93_utt0.mp4,neutral,negative,unmodified/video
93,1,dia93_utt1.mp4,neutral,negative,unmodified/video
93,10,dia93_utt10.mp4,neutral,neutral,unmodified/video
93,11,dia93_utt11.mp4,neutral,neutral,unmodified/video
93,12,dia93_utt12.mp4,neutral,negative,unmodified/video
93,13,dia93_utt13.mp4,positive,neutral,unmodified/video
93,14,dia93_utt14.mp4,positive,neutral,unmodified/video
93,15,dia93_utt15.mp4,neutral,neutral,unmodified/video
93,2,dia93_utt2.mp4,neutral,neutral,unmodified/video
93,3,dia93_utt3.mp4,neutral,neutral,unmodified/video
93,4,dia93_utt4.mp4,neutral,neutral,unmodified/video
93,8,dia93_utt8.mp4,neutral,neutral,unmodified/video
93,9,dia93_utt9.mp4,neutral,neutral,unmodified/video
94,0,dia94_utt0.mp4,neutral,negative,unmodified/video
94,1,dia94_utt1.mp4,neutral,neutral,unmodified/video
94,2,dia94_utt2.mp4,neutral,neutral,unmodified/video
95,0,dia95_utt0.mp4,positive,positive,unmodified/video
95,1,dia95_utt1.mp4,neutral,positive,unmodified/video
95,10,dia95_utt10.mp4,positive,neutral,unmodified/video
95,11,dia95_utt11.mp4,positive,positive,unmodified/video
95,12,dia95_utt12.mp4,positive,positive,unmodified/video
95,13,dia95_utt13.mp4,neutral,positive,unmodified/video
95,14,dia95_utt14.mp4,neutral,positive,unmodified/video
95,15,dia95_utt15.mp4,neutral,positive,unmodified/video
95,16,dia95_utt16.mp4,neutral,neutral,unmodified/video
95,17,dia95_utt17.mp4,neutral,negative,unmodified/video
95,18,dia95_utt18.mp4,neutral,neutral,unmodified/video
95,19,dia95_utt19.mp4,neutral,positive,unmodified/video
95,2,dia95_utt2.mp4,neutral,positive,unmodified/video
95,3,dia95_utt3.mp4,neutral,neutral,unmodified/video
95,4,dia95_utt4.mp4,neutral,negative,unmodified/video
95,5,dia95_utt5.mp4,neutral,negative,unmodified/video
95,6,dia95_utt6.mp4,neutral,neutral,unmodified/video
95,7,dia95_utt7.mp4,neutral,positive,unmodified/video
95,8,dia95_utt8.mp4,neutral,positive,unmodified/video
95,9,dia95_utt9.mp4,neutral,negative,unmodified/video
96,0,dia96_utt0.mp4,neutral,neutral,unmodified/video
96,1,dia96_utt1.mp4,neutral,neutral,unmodified/video
96,10,dia96_utt10.mp4,neutral,neutral,unmodified/video
96,11,dia96_utt11.mp4,neutral,neutral,unmodified/video
96,12,dia96_utt12.mp4,neutral,positive,unmodified/video
96,13,dia96_utt13.mp4,neutral,neutral,unmodified/video
96,14,dia96_utt14.mp4,neutral,negative,unmodified/video
96,15,dia96_utt15.mp4,neutral,neutral,unmodified/video
96,16,dia96_utt16.mp4,neutral,neutral,unmodified/video
96,17,dia96_utt17.mp4,neutral,neutral,unmodified/video
96,18,dia96_utt18.mp4,neutral,neutral,unmodified/video
96,19,dia96_utt19.mp4,neutral,neutral,unmodified/video
96,2,dia96_utt2.mp4,neutral,positive,unmodified/video
96,20,dia96_utt20.mp4,positive,neutral,unmodified/video
96,3,dia96_utt3.mp4,neutral,negative,unmodified/video
96,4,dia96_utt4.mp4,neutral,positive,unmodified/video
96,5,dia96_utt5.mp4,neutral,neutral,unmodified/video
96,6,dia96_utt6.mp4,neutral,negative,unmodified/video
96,7,dia96_utt7.mp4,neutral,negative,unmodified/video
96,8,dia96_utt8.mp4,neutral,neutral,unmodified/video
96,9,dia96_utt9.mp4,negative,negative,unmodified/video
97,0,dia97_utt0.mp4,positive,positive,unmodified/video
97,1,dia97_utt1.mp4,positive,positive,unmodified/video
97,10,dia97_utt10.mp4,positive,neutral,unmodified/video
97,11,dia97_utt11.mp4,positive,positive,unmodified/video
97,2,dia97_utt2.mp4,positive,neutral,unmodified/video
97,3,dia97_utt3.mp4,positive,neutral,unmodified/video
97,4,dia97_utt4.mp4,positive,neutral,unmodified/video
97,5,dia97_utt5.mp4,positive,neutral,unmodified/video
97,6,dia97_utt6.mp4,positive,neutral,unmodified/video
97,7,dia97_utt7.mp4,positive,neutral,unmodified/video
97,8,dia97_utt8.mp4,positive,negative,unmodified/video
97,9,dia97_utt9.mp4,positive,neutral,unmodified/video
98,0,dia98_utt0.mp4,neutral,positive,unmodified/video
98,1,dia98_utt1.mp4,neutral,negative,unmodified/video
98,10,dia98_utt10.mp4,neutral,neutral,unmodified/video
98,11,dia98_utt11.mp4,neutral,neutral,unmodified/video
98,2,dia98_utt2.mp4,neutral,positive,unmodified/video
98,3,dia98_utt3.mp4,neutral,negative,unmodified/video
98,4,dia98_utt4.mp4,neutral,negative,unmodified/video
98,5,dia98_utt5.mp4,neutral,negative,unmodified/video
98,6,dia98_utt6.mp4,neutral,negative,unmodified/video
98,7,dia98_utt7.mp4,neutral,negative,unmodified/video
98,8,dia98_utt8.mp4,neutral,negative,unmodified/video
98,9,dia98_utt9.mp4,neutral,neutral,unmodified/video
99,0,dia99_utt0.mp4,neutral,neutral,unmodified/video
99,1,dia99_utt1.mp4,neutral,neutral,unmodified/video
99,2,dia99_utt2.mp4,neutral,neutral,unmodified/video
99,3,dia99_utt3.mp4,neutral,neutral,unmodified/video
99,4,dia99_utt4.mp4,neutral,neutral,unmodified/video
99,5,dia99_utt5.mp4,neutral,neutral,unmodified/video
99,6,dia99_utt6.mp4,neutral,neutral,unmodified/video
99,7,dia99_utt7.mp4,neutral,neutral,unmodified/video
99,8,dia99_utt8.mp4,neutral,neutral,unmodified/video
99,9,dia99_utt9.mp4,neutral,negative,unmodified/video
9,0,dia9_utt0.mp4,neutral,negative,unmodified/video
9,1,dia9_utt1.mp4,neutral,neutral,unmodified/video
9,10,dia9_utt10.mp4,neutral,neutral,unmodified/video
9,11,dia9_utt11.mp4,neutral,negative,unmodified/video
9,12,dia9_utt12.mp4,neutral,neutral,unmodified/video
9,13,dia9_utt13.mp4,neutral,negative,unmodified/video
9,14,dia9_utt14.mp4,neutral,neutral,unmodified/video
9,15,dia9_utt15.mp4,neutral,positive,unmodified/video
9,16,dia9_utt16.mp4,neutral,neutral,unmodified/video
9,17,dia9_utt17.mp4,neutral,neutral,unmodified/video
9,2,dia9_utt2.mp4,neutral,negative,unmodified/video
9,3,dia9_utt3.mp4,neutral,negative,unmodified/video
9,4,dia9_utt4.mp4,neutral,negative,unmodified/video
9,5,dia9_utt5.mp4,neutral,neutral,unmodified/video
9,6,dia9_utt6.mp4,neutral,positive,unmodified/video
9,7,dia9_utt7.mp4,neutral,negative,unmodified/video
9,8,dia9_utt8.mp4,neutral,negative,unmodified/video
9,9,dia9_utt9.mp4,neutral,negative,unmodified/video
