dataset,split,sample_id,file,prediction,label
marine,all_I=gaussian_noise_S=3,atlantic spotted dolphin_matched_1,atlantic spotted dolphin_matched_1.jpg,Bottlenose Dolphin,atlantic spotted dolphin
marine,all_I=gaussian_noise_S=3,atlantic spotted dolphin_matched_10,atlantic spotted dolphin_matched_10.jpg,Bottlenose Dolphin,atlantic spotted dolphin
marine,all_I=gaussian_noise_S=3,atlantic spotted dolphin_matched_11,atlantic spotted dolphin_matched_11.jpg,Bottlenose Dolphin,atlantic spotted dolphin
marine,all_I=gaussian_noise_S=3,atlantic spotted dolphin_matched_12,atlantic spotted dolphin_matched_12.jpg,Bottlenose Dolphin,atlantic spotted dolphin
marine,all_I=gaussian_noise_S=3,atlantic spotted dolphin_matched_13,atlantic spotted dolphin_matched_13.jpg,Pantropical Spotted Dolphin,atlantic spotted dolphin
marine,all_I=gaussian_noise_S=3,atlantic spotted dolphin_matched_14,atlantic spotted dolphin_matched_14.jpg,Atlantic Spotted Dolphin,atlantic spotted dolphin
marine,all_I=gaussian_noise_S=3,atlantic spotted dolphin_matched_15,atlantic spotted dolphin_matched_15.jpg,Bottlenose Dolphin,atlantic spotted dolphin
marine,all_I=gaussian_noise_S=3,atlantic spotted dolphin_matched_16,atlantic spotted dolphin_matched_16.jpg,Bottlenose Dolphin,atlantic spotted dolphin
marine,all_I=gaussian_noise_S=3,atlantic spotted dolphin_matched_17,atlantic spotted dolphin_matched_17.jpg,Bottlenose Dolphin,atlantic spotted dolphin
marine,all_I=gaussian_noise_S=3,atlantic spotted dolphin_matched_18,atlantic spotted dolphin_matched_18.jpg,Bottlenose Dolphin,atlantic spotted dolphin
marine,all_I=gaussian_noise_S=3,atlantic spotted dolphin_matched_19,atlantic spotted dolphin_matched_19.jpg,Bottlenose Dolphin,atlantic spotted dolphin
marine,all_I=gaussian_noise_S=3,atlantic spotted dolphin_matched_2,atlantic spotted dolphin_matched_2.jpg,Bottlenose Dolphin,atlantic spotted dolphin
marine,all_I=gaussian_noise_S=3,atlantic spotted dolphin_matched_20,atlantic spotted dolphin_matched_20.jpg,Bottlenose Dolphin,atlantic spotted dolphin
marine,all_I=gaussian_noise_S=3,atlantic spotted dolphin_matched_21,atlantic spotted dolphin_matched_21.jpg,Bottlenose Dolphin,atlantic spotted dolphin
marine,all_I=gaussian_noise_S=3,atlantic spotted dolphin_matched_22,atlantic spotted dolphin_matched_22.jpg,Atlantic Spotted Dolphin,atlantic spotted dolphin
marine,all_I=gaussian_noise_S=3,atlantic spotted dolphin_matched_23,atlantic spotted dolphin_matched_23.jpg,False Killer Whale,atlantic spotted dolphin
marine,all_I=gaussian_noise_S=3,atlantic spotted dolphin_matched_3,atlantic spotted dolphin_matched_3.jpg,Bottlenose Dolphin,atlantic spotted dolphin
marine,all_I=gaussian_noise_S=3,atlantic spotted dolphin_matched_4,atlantic spotted dolphin_matched_4.jpg,Bottlenose Dolphin,atlantic spotted dolphin
marine,all_I=gaussian_noise_S=3,atlantic spotted dolphin_matched_5,atlantic spotted dolphin_matched_5.jpg,Pantropical Spotted Dolphin,atlantic spotted dolphin
marine,all_I=gaussian_noise_S=3,atlantic spotted dolphin_matched_6,atlantic spotted dolphin_matched_6.jpg,Bottlenose Dolphin,atlantic spotted dolphin
marine,all_I=gaussian_noise_S=3,atlantic spotted dolphin_matched_7,atlantic spotted dolphin_matched_7.jpg,Bottlenose Dolphin,atlantic spotted dolphin
marine,all_I=gaussian_noise_S=3,atlantic spotted dolphin_matched_8,atlantic spotted dolphin_matched_8.jpg,Pantropical Spotted Dolphin,atlantic spotted dolphin
marine,all_I=gaussian_noise_S=3,atlantic spotted dolphin_matched_9,atlantic spotted dolphin_matched_9.jpg,Bottlenose Dolphin,atlantic spotted dolphin
marine,all_I=gaussian_noise_S=3,bearded seal_inat_1,bearded seal_inat_1.jpg,Leopard Seal,bearded seal
marine,all_I=gaussian_noise_S=3,bearded seal_inat_10,bearded seal_inat_10.jpg,Harper Seal,bearded seal
marine,all_I=gaussian_noise_S=3,bearded seal_inat_11,bearded seal_inat_11.jpg,Leopard Seal,bearded seal
marine,all_I=gaussian_noise_S=3,bearded seal_inat_12,bearded seal_inat_12.jpg,Harper Seal,bearded seal
marine,all_I=gaussian_noise_S=3,bearded seal_inat_13,bearded seal_inat_13.jpg,Harp Seal,bearded seal
marine,all_I=gaussian_noise_S=3,bearded seal_inat_14,bearded seal_inat_14.jpg,Harp Seal,bearded seal
marine,all_I=gaussian_noise_S=3,bearded seal_inat_15,bearded seal_inat_15.jpg,Leopard Seal,bearded seal
marine,all_I=gaussian_noise_S=3,bearded seal_inat_16,bearded seal_inat_16.jpg,Leopard Seal,bearded seal
marine,all_I=gaussian_noise_S=3,bearded seal_inat_2,bearded seal_inat_2.jpg,Leopard Seal,bearded seal
marine,all_I=gaussian_noise_S=3,bearded seal_inat_3,bearded seal_inat_3.jpg,Harper Seal,bearded seal
marine,all_I=gaussian_noise_S=3,bearded seal_inat_4,bearded seal_inat_4.jpg,Bearded Seal,bearded seal
marine,all_I=gaussian_noise_S=3,bearded seal_inat_5,bearded seal_inat_5.jpg,Leopard Seal,bearded seal
marine,all_I=gaussian_noise_S=3,bearded seal_inat_6,bearded seal_inat_6.jpg,Leopard Seal,bearded seal
marine,all_I=gaussian_noise_S=3,bearded seal_inat_7,bearded seal_inat_7.jpg,Leopard Seal,bearded seal
marine,all_I=gaussian_noise_S=3,bearded seal_inat_8,bearded seal_inat_8.jpg,Leopard Seal,bearded seal
marine,all_I=gaussian_noise_S=3,bearded seal_inat_9,bearded seal_inat_9.jpg,Leopard Seal,bearded seal
marine,all_I=gaussian_noise_S=3,beluga white whale_inat_1,beluga white whale_inat_1.jpg,False Killer Whale,beluga white whale
marine,all_I=gaussian_noise_S=3,beluga white whale_inat_10,beluga white whale_inat_10.jpg,Beluga White Whale,beluga white whale
marine,all_I=gaussian_noise_S=3,beluga white whale_inat_11,beluga white whale_inat_11.jpg,Beluga White Whale,beluga white whale
marine,all_I=gaussian_noise_S=3,beluga white whale_inat_12,beluga white whale_inat_12.jpg,Beluga White Whale,beluga white whale
marine,all_I=gaussian_noise_S=3,beluga white whale_inat_13,beluga white whale_inat_13.jpg,Beluga White Whale,beluga white whale
marine,all_I=gaussian_noise_S=3,beluga white whale_inat_14,beluga white whale_inat_14.jpg,Beluga White Whale,beluga white whale
marine,all_I=gaussian_noise_S=3,beluga white whale_inat_15,beluga white whale_inat_15.jpg,Beluga White Whale,beluga white whale
marine,all_I=gaussian_noise_S=3,beluga white whale_inat_16,beluga white whale_inat_16.jpg,Beluga White Whale,beluga white whale
marine,all_I=gaussian_noise_S=3,beluga white whale_inat_2,beluga white whale_inat_2.jpg,Beluga White Whale,beluga white whale
marine,all_I=gaussian_noise_S=3,beluga white whale_inat_3,beluga white whale_inat_3.jpg,Beluga White Whale,beluga white whale
marine,all_I=gaussian_noise_S=3,beluga white whale_inat_4,beluga white whale_inat_4.jpg,Beluga White Whale,beluga white whale
marine,all_I=gaussian_noise_S=3,beluga white whale_inat_5,beluga white whale_inat_5.jpg,False Killer Whale,beluga white whale
marine,all_I=gaussian_noise_S=3,beluga white whale_inat_6,beluga white whale_inat_6.jpg,False Killer Whale,beluga white whale
marine,all_I=gaussian_noise_S=3,beluga white whale_inat_7,beluga white whale_inat_7.jpg,Killer Whale,beluga white whale
marine,all_I=gaussian_noise_S=3,beluga white whale_inat_8,beluga white whale_inat_8.jpg,False Killer Whale,beluga white whale
marine,all_I=gaussian_noise_S=3,beluga white whale_inat_9,beluga white whale_inat_9.jpg,Beluga White Whale,beluga white whale
marine,all_I=gaussian_noise_S=3,bottlenose dolphin_inat_1,bottlenose dolphin_inat_1.jpg,Killer Whale,bottlenose dolphin
marine,all_I=gaussian_noise_S=3,bottlenose dolphin_inat_10,bottlenose dolphin_inat_10.jpg,Bottlenose Dolphin,bottlenose dolphin
marine,all_I=gaussian_noise_S=3,bottlenose dolphin_inat_11,bottlenose dolphin_inat_11.jpg,Killer Whale,bottlenose dolphin
marine,all_I=gaussian_noise_S=3,bottlenose dolphin_inat_12,bottlenose dolphin_inat_12.jpg,Bottlenose Dolphin,bottlenose dolphin
marine,all_I=gaussian_noise_S=3,bottlenose dolphin_inat_13,bottlenose dolphin_inat_13.jpg,Bottlenose Dolphin,bottlenose dolphin
marine,all_I=gaussian_noise_S=3,bottlenose dolphin_inat_14,bottlenose dolphin_inat_14.jpg,Bottlenose Dolphin,bottlenose dolphin
marine,all_I=gaussian_noise_S=3,bottlenose dolphin_inat_15,bottlenose dolphin_inat_15.jpg,Bottlenose Dolphin,bottlenose dolphin
marine,all_I=gaussian_noise_S=3,bottlenose dolphin_inat_16,bottlenose dolphin_inat_16.jpg,Bottlenose Dolphin,bottlenose dolphin
marine,all_I=gaussian_noise_S=3,bottlenose dolphin_inat_2,bottlenose dolphin_inat_2.jpg,Bottlenose Dolphin,bottlenose dolphin
marine,all_I=gaussian_noise_S=3,bottlenose dolphin_inat_3,bottlenose dolphin_inat_3.jpg,Bottlenose Dolphin,bottlenose dolphin
marine,all_I=gaussian_noise_S=3,bottlenose dolphin_inat_4,bottlenose dolphin_inat_4.jpg,Bottlenose Dolphin,bottlenose dolphin
marine,all_I=gaussian_noise_S=3,bottlenose dolphin_inat_5,bottlenose dolphin_inat_5.jpg,Bottlenose Dolphin,bottlenose dolphin
marine,all_I=gaussian_noise_S=3,bottlenose dolphin_inat_6,bottlenose dolphin_inat_6.jpg,Common Dolphin,bottlenose dolphin
marine,all_I=gaussian_noise_S=3,bottlenose dolphin_inat_7,bottlenose dolphin_inat_7.jpg,Bottlenose Dolphin,bottlenose dolphin
marine,all_I=gaussian_noise_S=3,bottlenose dolphin_inat_8,bottlenose dolphin_inat_8.jpg,Bottlenose Dolphin,bottlenose dolphin
marine,all_I=gaussian_noise_S=3,bottlenose dolphin_inat_9,bottlenose dolphin_inat_9.jpg,Bottlenose Dolphin,bottlenose dolphin
marine,all_I=gaussian_noise_S=3,bowhead whale_matched_1,bowhead whale_matched_1.jpg,Bowhead Whale,bowhead whale
marine,all_I=gaussian_noise_S=3,bowhead whale_matched_10,bowhead whale_matched_10.jpg,Bowhead Whale,bowhead whale
marine,all_I=gaussian_noise_S=3,bowhead whale_matched_11,bowhead whale_matched_11.jpg,Bowhead Whale,bowhead whale
marine,all_I=gaussian_noise_S=3,bowhead whale_matched_12,bowhead whale_matched_12.jpg,Bowhead Whale,bowhead whale
marine,all_I=gaussian_noise_S=3,bowhead whale_matched_13,bowhead whale_matched_13.jpg,Beluga White Whale,bowhead whale
marine,all_I=gaussian_noise_S=3,bowhead whale_matched_14,bowhead whale_matched_14.jpg,Bottlenose Dolphin,bowhead whale
marine,all_I=gaussian_noise_S=3,bowhead whale_matched_15,bowhead whale_matched_15.jpg,Bottlenose Dolphin,bowhead whale
marine,all_I=gaussian_noise_S=3,bowhead whale_matched_16,bowhead whale_matched_16.jpg,Beluga White Whale,bowhead whale
marine,all_I=gaussian_noise_S=3,bowhead whale_matched_2,bowhead whale_matched_2.jpg,Fin Finback Whale,bowhead whale
marine,all_I=gaussian_noise_S=3,bowhead whale_matched_3,bowhead whale_matched_3.jpg,Minke Whale,bowhead whale
marine,all_I=gaussian_noise_S=3,bowhead whale_matched_4,bowhead whale_matched_4.jpg,Killer Whale,bowhead whale
marine,all_I=gaussian_noise_S=3,bowhead whale_matched_5,bowhead whale_matched_5.jpg,Humpback Whale,bowhead whale
marine,all_I=gaussian_noise_S=3,bowhead whale_matched_6,bowhead whale_matched_6.jpg,Fin Finback Whale,bowhead whale
marine,all_I=gaussian_noise_S=3,bowhead whale_matched_7,bowhead whale_matched_7.jpg,Bowhead Whale,bowhead whale
marine,all_I=gaussian_noise_S=3,bowhead whale_matched_8,bowhead whale_matched_8.jpg,Humpback Whale,bowhead whale
marine,all_I=gaussian_noise_S=3,bowhead whale_matched_9,bowhead whale_matched_9.jpg,Beluga White Whale,bowhead whale
marine,all_I=gaussian_noise_S=3,clymene dolphin_matched_1,clymene dolphin_matched_1.jpg,Common Dolphin,clymene dolphin
marine,all_I=gaussian_noise_S=3,clymene dolphin_matched_10,clymene dolphin_matched_10.jpg,Bottlenose Dolphin,clymene dolphin
marine,all_I=gaussian_noise_S=3,clymene dolphin_matched_11,clymene dolphin_matched_11.jpg,Bottlenose Dolphin,clymene dolphin
marine,all_I=gaussian_noise_S=3,clymene dolphin_matched_12,clymene dolphin_matched_12.jpg,Bottlenose Dolphin,clymene dolphin
marine,all_I=gaussian_noise_S=3,clymene dolphin_matched_13,clymene dolphin_matched_13.jpg,Bottlenose Dolphin,clymene dolphin
marine,all_I=gaussian_noise_S=3,clymene dolphin_matched_14,clymene dolphin_matched_14.jpg,Bottlenose Dolphin,clymene dolphin
marine,all_I=gaussian_noise_S=3,clymene dolphin_matched_15,clymene dolphin_matched_15.jpg,Bottlenose Dolphin,clymene dolphin
marine,all_I=gaussian_noise_S=3,clymene dolphin_matched_16,clymene dolphin_matched_16.jpg,Bottlenose Dolphin,clymene dolphin
marine,all_I=gaussian_noise_S=3,clymene dolphin_matched_17,clymene dolphin_matched_17.jpg,White-beaked Dolphin,clymene dolphin
marine,all_I=gaussian_noise_S=3,clymene dolphin_matched_18,clymene dolphin_matched_18.jpg,Bottlenose Dolphin,clymene dolphin
marine,all_I=gaussian_noise_S=3,clymene dolphin_matched_19,clymene dolphin_matched_19.jpg,Bottlenose Dolphin,clymene dolphin
marine,all_I=gaussian_noise_S=3,clymene dolphin_matched_2,clymene dolphin_matched_2.jpg,Bottlenose Dolphin,clymene dolphin
marine,all_I=gaussian_noise_S=3,clymene dolphin_matched_3,clymene dolphin_matched_3.jpg,Bottlenose Dolphin,clymene dolphin
marine,all_I=gaussian_noise_S=3,clymene dolphin_matched_4,clymene dolphin_matched_4.jpg,Bottlenose Dolphin,clymene dolphin
marine,all_I=gaussian_noise_S=3,clymene dolphin_matched_5,clymene dolphin_matched_5.jpg,Bottlenose Dolphin,clymene dolphin
marine,all_I=gaussian_noise_S=3,clymene dolphin_matched_6,clymene dolphin_matched_6.jpg,Common Dolphin,clymene dolphin
marine,all_I=gaussian_noise_S=3,clymene dolphin_matched_7,clymene dolphin_matched_7.jpg,Bottlenose Dolphin,clymene dolphin
marine,all_I=gaussian_noise_S=3,clymene dolphin_matched_8,clymene dolphin_matched_8.jpg,False Killer Whale,clymene dolphin
marine,all_I=gaussian_noise_S=3,clymene dolphin_matched_9,clymene dolphin_matched_9.jpg,Common Dolphin,clymene dolphin
marine,all_I=gaussian_noise_S=3,common dolphin_matched_1,common dolphin_matched_1.jpg,Common Dolphin,common dolphin
marine,all_I=gaussian_noise_S=3,common dolphin_matched_10,common dolphin_matched_10.jpg,Bottlenose Dolphin,common dolphin
marine,all_I=gaussian_noise_S=3,common dolphin_matched_11,common dolphin_matched_11.jpg,Common Dolphin,common dolphin
marine,all_I=gaussian_noise_S=3,common dolphin_matched_12,common dolphin_matched_12.jpg,Common Dolphin,common dolphin
marine,all_I=gaussian_noise_S=3,common dolphin_matched_13,common dolphin_matched_13.jpg,Bottlenose Dolphin,common dolphin
marine,all_I=gaussian_noise_S=3,common dolphin_matched_14,common dolphin_matched_14.jpg,Bottlenose Dolphin,common dolphin
marine,all_I=gaussian_noise_S=3,common dolphin_matched_15,common dolphin_matched_15.jpg,Common Dolphin,common dolphin
marine,all_I=gaussian_noise_S=3,common dolphin_matched_16,common dolphin_matched_16.jpg,Common Dolphin,common dolphin
marine,all_I=gaussian_noise_S=3,common dolphin_matched_17,common dolphin_matched_17.jpg,Common Dolphin,common dolphin
marine,all_I=gaussian_noise_S=3,common dolphin_matched_18,common dolphin_matched_18.jpg,Common Dolphin,common dolphin
marine,all_I=gaussian_noise_S=3,common dolphin_matched_19,common dolphin_matched_19.jpg,Bottlenose Dolphin,common dolphin
marine,all_I=gaussian_noise_S=3,common dolphin_matched_2,common dolphin_matched_2.jpg,Common Dolphin,common dolphin
marine,all_I=gaussian_noise_S=3,common dolphin_matched_20,common dolphin_matched_20.jpg,Common Dolphin,common dolphin
marine,all_I=gaussian_noise_S=3,common dolphin_matched_21,common dolphin_matched_21.jpg,Bottlenose Dolphin,common dolphin
marine,all_I=gaussian_noise_S=3,common dolphin_matched_22,common dolphin_matched_22.jpg,Common Dolphin,common dolphin
marine,all_I=gaussian_noise_S=3,common dolphin_matched_23,common dolphin_matched_23.jpg,Common Dolphin,common dolphin
marine,all_I=gaussian_noise_S=3,common dolphin_matched_24,common dolphin_matched_24.jpg,Common Dolphin,common dolphin
marine,all_I=gaussian_noise_S=3,common dolphin_matched_25,common dolphin_matched_25.jpg,Common Dolphin,common dolphin
marine,all_I=gaussian_noise_S=3,common dolphin_matched_26,common dolphin_matched_26.jpg,Bottlenose Dolphin,common dolphin
marine,all_I=gaussian_noise_S=3,common dolphin_matched_27,common dolphin_matched_27.jpg,False Killer Whale,common dolphin
marine,all_I=gaussian_noise_S=3,common dolphin_matched_28,common dolphin_matched_28.jpg,Common Dolphin,common dolphin
marine,all_I=gaussian_noise_S=3,common dolphin_matched_29,common dolphin_matched_29.jpg,Common Dolphin,common dolphin
marine,all_I=gaussian_noise_S=3,common dolphin_matched_3,common dolphin_matched_3.jpg,Common Dolphin,common dolphin
marine,all_I=gaussian_noise_S=3,common dolphin_matched_30,common dolphin_matched_30.jpg,Common Dolphin,common dolphin
marine,all_I=gaussian_noise_S=3,common dolphin_matched_31,common dolphin_matched_31.jpg,Common Dolphin,common dolphin
marine,all_I=gaussian_noise_S=3,common dolphin_matched_32,common dolphin_matched_32.jpg,Common Dolphin,common dolphin
marine,all_I=gaussian_noise_S=3,common dolphin_matched_33,common dolphin_matched_33.jpg,Common Dolphin,common dolphin
marine,all_I=gaussian_noise_S=3,common dolphin_matched_34,common dolphin_matched_34.jpg,Common Dolphin,common dolphin
marine,all_I=gaussian_noise_S=3,common dolphin_matched_35,common dolphin_matched_35.jpg,Common Dolphin,common dolphin
marine,all_I=gaussian_noise_S=3,common dolphin_matched_36,common dolphin_matched_36.jpg,Common Dolphin,common dolphin
marine,all_I=gaussian_noise_S=3,common dolphin_matched_4,common dolphin_matched_4.jpg,Common Dolphin,common dolphin
marine,all_I=gaussian_noise_S=3,common dolphin_matched_5,common dolphin_matched_5.jpg,Atlantic Spotted Dolphin,common dolphin
marine,all_I=gaussian_noise_S=3,common dolphin_matched_6,common dolphin_matched_6.jpg,Common Dolphin,common dolphin
marine,all_I=gaussian_noise_S=3,common dolphin_matched_7,common dolphin_matched_7.jpg,Common Dolphin,common dolphin
marine,all_I=gaussian_noise_S=3,common dolphin_matched_8,common dolphin_matched_8.jpg,Bottlenose Dolphin,common dolphin
marine,all_I=gaussian_noise_S=3,common dolphin_matched_9,common dolphin_matched_9.jpg,Common Dolphin,common dolphin
marine,all_I=gaussian_noise_S=3,false killer whale_matched_1,false killer whale_matched_1.jpg,Short-Finned Pacific Pilot Whale,false killer whale
marine,all_I=gaussian_noise_S=3,false killer whale_matched_10,false killer whale_matched_10.jpg,Sperm Whale,false killer whale
marine,all_I=gaussian_noise_S=3,false killer whale_matched_11,false killer whale_matched_11.jpg,False Killer Whale,false killer whale
marine,all_I=gaussian_noise_S=3,false killer whale_matched_12,false killer whale_matched_12.jpg,False Killer Whale,false killer whale
marine,all_I=gaussian_noise_S=3,false killer whale_matched_13,false killer whale_matched_13.jpg,Humpback Whale,false killer whale
marine,all_I=gaussian_noise_S=3,false killer whale_matched_14,false killer whale_matched_14.jpg,Bottlenose Dolphin,false killer whale
marine,all_I=gaussian_noise_S=3,false killer whale_matched_15,false killer whale_matched_15.jpg,False Killer Whale,false killer whale
marine,all_I=gaussian_noise_S=3,false killer whale_matched_16,false killer whale_matched_16.jpg,False Killer Whale,false killer whale
marine,all_I=gaussian_noise_S=3,false killer whale_matched_2,false killer whale_matched_2.jpg,False Killer Whale,false killer whale
marine,all_I=gaussian_noise_S=3,false killer whale_matched_3,false killer whale_matched_3.jpg,False Killer Whale,false killer whale
marine,all_I=gaussian_noise_S=3,false killer whale_matched_4,false killer whale_matched_4.jpg,False Killer Whale,false killer whale
marine,all_I=gaussian_noise_S=3,false killer whale_matched_5,false killer whale_matched_5.jpg,Bottlenose Dolphin,false killer whale
marine,all_I=gaussian_noise_S=3,false killer whale_matched_6,false killer whale_matched_6.jpg,False Killer Whale,false killer whale
marine,all_I=gaussian_noise_S=3,false killer whale_matched_7,false killer whale_matched_7.jpg,False Killer Whale,false killer whale
marine,all_I=gaussian_noise_S=3,false killer whale_matched_8,false killer whale_matched_8.jpg,False Killer Whale,false killer whale
marine,all_I=gaussian_noise_S=3,false killer whale_matched_9,false killer whale_matched_9.jpg,False Killer Whale,false killer whale
marine,all_I=gaussian_noise_S=3,fin finback whale_inat_1,fin finback whale_inat_1.jpg,Bottlenose Dolphin,fin finback whale
marine,all_I=gaussian_noise_S=3,fin finback whale_inat_10,fin finback whale_inat_10.jpg,Bottlenose Dolphin,fin finback whale
marine,all_I=gaussian_noise_S=3,fin finback whale_inat_11,fin finback whale_inat_11.jpg,Bottlenose Dolphin,fin finback whale
marine,all_I=gaussian_noise_S=3,fin finback whale_inat_12,fin finback whale_inat_12.jpg,"None of the provided species labels match the description of the image, which appears to be a fish rather than a marine mammal.",fin finback whale
marine,all_I=gaussian_noise_S=3,fin finback whale_inat_13,fin finback whale_inat_13.jpg,Humpback Whale,fin finback whale
marine,all_I=gaussian_noise_S=3,fin finback whale_inat_14,fin finback whale_inat_14.jpg,"None of the provided species labels match the description of the image, which shows a squid. Squids are not included in the list of species provided.",fin finback whale
marine,all_I=gaussian_noise_S=3,fin finback whale_inat_15,fin finback whale_inat_15.jpg,Clione limacina,fin finback whale
marine,all_I=gaussian_noise_S=3,fin finback whale_inat_16,fin finback whale_inat_16.jpg,Humpback Whale,fin finback whale
marine,all_I=gaussian_noise_S=3,fin finback whale_inat_2,fin finback whale_inat_2.jpg,Humpback Whale,fin finback whale
marine,all_I=gaussian_noise_S=3,fin finback whale_inat_3,fin finback whale_inat_3.jpg,Fin Finback Whale,fin finback whale
marine,all_I=gaussian_noise_S=3,fin finback whale_inat_4,fin finback whale_inat_4.jpg,"None of the provided species labels match the description of the image, which shows a sea slug or nudibranch, not a marine mammal.",fin finback whale
marine,all_I=gaussian_noise_S=3,fin finback whale_inat_5,fin finback whale_inat_5.jpg,Humpback Whale,fin finback whale
marine,all_I=gaussian_noise_S=3,fin finback whale_inat_6,fin finback whale_inat_6.jpg,Sperm Whale,fin finback whale
marine,all_I=gaussian_noise_S=3,fin finback whale_inat_7,fin finback whale_inat_7.jpg,Killer Whale,fin finback whale
marine,all_I=gaussian_noise_S=3,fin finback whale_inat_8,fin finback whale_inat_8.jpg,"None of the provided species labels match the description of a fish. The image appears to depict a fish, but it is not listed among the given species.",fin finback whale
marine,all_I=gaussian_noise_S=3,fin finback whale_inat_9,fin finback whale_inat_9.jpg,Bottlenose Dolphin,fin finback whale
marine,all_I=gaussian_noise_S=3,frasers dolphin_inat_1,frasers dolphin_inat_1.jpg,Walrus,frasers dolphin
marine,all_I=gaussian_noise_S=3,frasers dolphin_inat_10,frasers dolphin_inat_10.jpg,Bottlenose Dolphin,frasers dolphin
marine,all_I=gaussian_noise_S=3,frasers dolphin_inat_11,frasers dolphin_inat_11.jpg,Bottlenose Dolphin,frasers dolphin
marine,all_I=gaussian_noise_S=3,frasers dolphin_inat_12,frasers dolphin_inat_12.jpg,Common Dolphin,frasers dolphin
marine,all_I=gaussian_noise_S=3,frasers dolphin_inat_13,frasers dolphin_inat_13.jpg,False Killer Whale,frasers dolphin
marine,all_I=gaussian_noise_S=3,frasers dolphin_inat_14,frasers dolphin_inat_14.jpg,Killer Whale,frasers dolphin
marine,all_I=gaussian_noise_S=3,frasers dolphin_inat_15,frasers dolphin_inat_15.jpg,Bottlenose Dolphin,frasers dolphin
marine,all_I=gaussian_noise_S=3,frasers dolphin_inat_16,frasers dolphin_inat_16.jpg,False Killer Whale,frasers dolphin
marine,all_I=gaussian_noise_S=3,frasers dolphin_inat_2,frasers dolphin_inat_2.jpg,Bottlenose Dolphin,frasers dolphin
marine,all_I=gaussian_noise_S=3,frasers dolphin_inat_3,frasers dolphin_inat_3.jpg,False Killer Whale,frasers dolphin
marine,all_I=gaussian_noise_S=3,frasers dolphin_inat_4,frasers dolphin_inat_4.jpg,Bottlenose Dolphin,frasers dolphin
marine,all_I=gaussian_noise_S=3,frasers dolphin_inat_5,frasers dolphin_inat_5.jpg,Bottlenose Dolphin,frasers dolphin
marine,all_I=gaussian_noise_S=3,frasers dolphin_inat_6,frasers dolphin_inat_6.jpg,Bottlenose Dolphin,frasers dolphin
marine,all_I=gaussian_noise_S=3,frasers dolphin_inat_7,frasers dolphin_inat_7.jpg,False Killer Whale,frasers dolphin
marine,all_I=gaussian_noise_S=3,frasers dolphin_inat_8,frasers dolphin_inat_8.jpg,Bottlenose Dolphin,frasers dolphin
marine,all_I=gaussian_noise_S=3,frasers dolphin_inat_9,frasers dolphin_inat_9.jpg,Bottlenose Dolphin,frasers dolphin
marine,all_I=gaussian_noise_S=3,grampus rissos dolphin_inat_1,grampus rissos dolphin_inat_1.jpg,Bottlenose Dolphin,grampus rissos dolphin
marine,all_I=gaussian_noise_S=3,grampus rissos dolphin_inat_10,grampus rissos dolphin_inat_10.jpg,Bottlenose Dolphin,grampus rissos dolphin
marine,all_I=gaussian_noise_S=3,grampus rissos dolphin_inat_11,grampus rissos dolphin_inat_11.jpg,Bottlenose Dolphin,grampus rissos dolphin
marine,all_I=gaussian_noise_S=3,grampus rissos dolphin_inat_12,grampus rissos dolphin_inat_12.jpg,False Killer Whale,grampus rissos dolphin
marine,all_I=gaussian_noise_S=3,grampus rissos dolphin_inat_13,grampus rissos dolphin_inat_13.jpg,False Killer Whale,grampus rissos dolphin
marine,all_I=gaussian_noise_S=3,grampus rissos dolphin_inat_14,grampus rissos dolphin_inat_14.jpg,Bottlenose Dolphin,grampus rissos dolphin
marine,all_I=gaussian_noise_S=3,grampus rissos dolphin_inat_15,grampus rissos dolphin_inat_15.jpg,Bottlenose Dolphin,grampus rissos dolphin
marine,all_I=gaussian_noise_S=3,grampus rissos dolphin_inat_16,grampus rissos dolphin_inat_16.jpg,False Killer Whale,grampus rissos dolphin
marine,all_I=gaussian_noise_S=3,grampus rissos dolphin_inat_2,grampus rissos dolphin_inat_2.jpg,Bottlenose Dolphin,grampus rissos dolphin
marine,all_I=gaussian_noise_S=3,grampus rissos dolphin_inat_3,grampus rissos dolphin_inat_3.jpg,False Killer Whale,grampus rissos dolphin
marine,all_I=gaussian_noise_S=3,grampus rissos dolphin_inat_4,grampus rissos dolphin_inat_4.jpg,Bottlenose Dolphin,grampus rissos dolphin
marine,all_I=gaussian_noise_S=3,grampus rissos dolphin_inat_5,grampus rissos dolphin_inat_5.jpg,False Killer Whale,grampus rissos dolphin
marine,all_I=gaussian_noise_S=3,grampus rissos dolphin_inat_6,grampus rissos dolphin_inat_6.jpg,Harp Seal,grampus rissos dolphin
marine,all_I=gaussian_noise_S=3,grampus rissos dolphin_inat_7,grampus rissos dolphin_inat_7.jpg,False Killer Whale,grampus rissos dolphin
marine,all_I=gaussian_noise_S=3,grampus rissos dolphin_inat_8,grampus rissos dolphin_inat_8.jpg,Bottlenose Dolphin,grampus rissos dolphin
marine,all_I=gaussian_noise_S=3,grampus rissos dolphin_inat_9,grampus rissos dolphin_inat_9.jpg,Bottlenose Dolphin,grampus rissos dolphin
marine,all_I=gaussian_noise_S=3,harp seal_matched_1,harp seal_matched_1.jpg,Harp Seal,harp seal
marine,all_I=gaussian_noise_S=3,harp seal_matched_10,harp seal_matched_10.jpg,Harp Seal,harp seal
marine,all_I=gaussian_noise_S=3,harp seal_matched_11,harp seal_matched_11.jpg,Harper Seal,harp seal
marine,all_I=gaussian_noise_S=3,harp seal_matched_12,harp seal_matched_12.jpg,Harper Seal,harp seal
marine,all_I=gaussian_noise_S=3,harp seal_matched_13,harp seal_matched_13.jpg,Harp Seal,harp seal
marine,all_I=gaussian_noise_S=3,harp seal_matched_14,harp seal_matched_14.jpg,Leopard Seal,harp seal
marine,all_I=gaussian_noise_S=3,harp seal_matched_15,harp seal_matched_15.jpg,Harp Seal,harp seal
marine,all_I=gaussian_noise_S=3,harp seal_matched_16,harp seal_matched_16.jpg,Leopard Seal,harp seal
marine,all_I=gaussian_noise_S=3,harp seal_matched_2,harp seal_matched_2.jpg,Leopard Seal,harp seal
marine,all_I=gaussian_noise_S=3,harp seal_matched_3,harp seal_matched_3.jpg,Leopard Seal,harp seal
marine,all_I=gaussian_noise_S=3,harp seal_matched_4,harp seal_matched_4.jpg,Harbor Seal,harp seal
marine,all_I=gaussian_noise_S=3,harp seal_matched_5,harp seal_matched_5.jpg,Leopard Seal,harp seal
marine,all_I=gaussian_noise_S=3,harp seal_matched_6,harp seal_matched_6.jpg,Harbor Seal,harp seal
marine,all_I=gaussian_noise_S=3,harp seal_matched_7,harp seal_matched_7.jpg,Harper Seal,harp seal
marine,all_I=gaussian_noise_S=3,harp seal_matched_8,harp seal_matched_8.jpg,Harbor Seal,harp seal
marine,all_I=gaussian_noise_S=3,harp seal_matched_9,harp seal_matched_9.jpg,Leopard Seal,harp seal
marine,all_I=gaussian_noise_S=3,humpback whale_matched_1,humpback whale_matched_1.jpg,Humpback Whale,humpback whale
marine,all_I=gaussian_noise_S=3,humpback whale_matched_10,humpback whale_matched_10.jpg,Humpback Whale,humpback whale
marine,all_I=gaussian_noise_S=3,humpback whale_matched_11,humpback whale_matched_11.jpg,Humpback Whale,humpback whale
marine,all_I=gaussian_noise_S=3,humpback whale_matched_12,humpback whale_matched_12.jpg,Humpback Whale,humpback whale
marine,all_I=gaussian_noise_S=3,humpback whale_matched_13,humpback whale_matched_13.jpg,Humpback Whale,humpback whale
marine,all_I=gaussian_noise_S=3,humpback whale_matched_14,humpback whale_matched_14.jpg,Humpback Whale,humpback whale
marine,all_I=gaussian_noise_S=3,humpback whale_matched_15,humpback whale_matched_15.jpg,Humpback Whale,humpback whale
marine,all_I=gaussian_noise_S=3,humpback whale_matched_16,humpback whale_matched_16.jpg,Humpback Whale,humpback whale
marine,all_I=gaussian_noise_S=3,humpback whale_matched_2,humpback whale_matched_2.jpg,Humpback Whale,humpback whale
marine,all_I=gaussian_noise_S=3,humpback whale_matched_3,humpback whale_matched_3.jpg,Humpback Whale,humpback whale
marine,all_I=gaussian_noise_S=3,humpback whale_matched_4,humpback whale_matched_4.jpg,Humpback Whale,humpback whale
marine,all_I=gaussian_noise_S=3,humpback whale_matched_5,humpback whale_matched_5.jpg,Humpback Whale,humpback whale
marine,all_I=gaussian_noise_S=3,humpback whale_matched_6,humpback whale_matched_6.jpg,Fin Finback Whale,humpback whale
marine,all_I=gaussian_noise_S=3,humpback whale_matched_7,humpback whale_matched_7.jpg,Humpback Whale,humpback whale
marine,all_I=gaussian_noise_S=3,humpback whale_matched_8,humpback whale_matched_8.jpg,Humpback Whale,humpback whale
marine,all_I=gaussian_noise_S=3,humpback whale_matched_9,humpback whale_matched_9.jpg,Humpback Whale,humpback whale
marine,all_I=gaussian_noise_S=3,killer whale_inat_1,killer whale_inat_1.jpg,Killer Whale,killer whale
marine,all_I=gaussian_noise_S=3,killer whale_inat_10,killer whale_inat_10.jpg,Killer Whale,killer whale
marine,all_I=gaussian_noise_S=3,killer whale_inat_11,killer whale_inat_11.jpg,Killer Whale,killer whale
marine,all_I=gaussian_noise_S=3,killer whale_inat_12,killer whale_inat_12.jpg,Bottlenose Dolphin,killer whale
marine,all_I=gaussian_noise_S=3,killer whale_inat_13,killer whale_inat_13.jpg,False Killer Whale,killer whale
marine,all_I=gaussian_noise_S=3,killer whale_inat_14,killer whale_inat_14.jpg,Killer Whale,killer whale
marine,all_I=gaussian_noise_S=3,killer whale_inat_15,killer whale_inat_15.jpg,Bottlenose Dolphin,killer whale
marine,all_I=gaussian_noise_S=3,killer whale_inat_16,killer whale_inat_16.jpg,Killer Whale,killer whale
marine,all_I=gaussian_noise_S=3,killer whale_inat_2,killer whale_inat_2.jpg,Killer Whale,killer whale
marine,all_I=gaussian_noise_S=3,killer whale_inat_3,killer whale_inat_3.jpg,Killer Whale,killer whale
marine,all_I=gaussian_noise_S=3,killer whale_inat_4,killer whale_inat_4.jpg,Killer Whale,killer whale
marine,all_I=gaussian_noise_S=3,killer whale_inat_5,killer whale_inat_5.jpg,Killer Whale,killer whale
marine,all_I=gaussian_noise_S=3,killer whale_inat_6,killer whale_inat_6.jpg,Killer Whale,killer whale
marine,all_I=gaussian_noise_S=3,killer whale_inat_7,killer whale_inat_7.jpg,Killer Whale,killer whale
marine,all_I=gaussian_noise_S=3,killer whale_inat_8,killer whale_inat_8.jpg,Killer Whale,killer whale
marine,all_I=gaussian_noise_S=3,killer whale_inat_9,killer whale_inat_9.jpg,Killer Whale,killer whale
marine,all_I=gaussian_noise_S=3,leopard seal_matched_1,leopard seal_matched_1.jpg,Leopard Seal,leopard seal
marine,all_I=gaussian_noise_S=3,leopard seal_matched_10,leopard seal_matched_10.jpg,Leopard Seal,leopard seal
marine,all_I=gaussian_noise_S=3,leopard seal_matched_11,leopard seal_matched_11.jpg,Leopard Seal,leopard seal
marine,all_I=gaussian_noise_S=3,leopard seal_matched_12,leopard seal_matched_12.jpg,Leopard Seal,leopard seal
marine,all_I=gaussian_noise_S=3,leopard seal_matched_13,leopard seal_matched_13.jpg,Leopard Seal,leopard seal
marine,all_I=gaussian_noise_S=3,leopard seal_matched_14,leopard seal_matched_14.jpg,Leopard Seal,leopard seal
marine,all_I=gaussian_noise_S=3,leopard seal_matched_15,leopard seal_matched_15.jpg,Leopard Seal,leopard seal
marine,all_I=gaussian_noise_S=3,leopard seal_matched_16,leopard seal_matched_16.jpg,Leopard Seal,leopard seal
marine,all_I=gaussian_noise_S=3,leopard seal_matched_2,leopard seal_matched_2.jpg,Leopard Seal,leopard seal
marine,all_I=gaussian_noise_S=3,leopard seal_matched_3,leopard seal_matched_3.jpg,Leopard Seal,leopard seal
marine,all_I=gaussian_noise_S=3,leopard seal_matched_4,leopard seal_matched_4.jpg,Leopard Seal,leopard seal
marine,all_I=gaussian_noise_S=3,leopard seal_matched_5,leopard seal_matched_5.jpg,Leopard Seal,leopard seal
marine,all_I=gaussian_noise_S=3,leopard seal_matched_6,leopard seal_matched_6.jpg,Leopard Seal,leopard seal
marine,all_I=gaussian_noise_S=3,leopard seal_matched_7,leopard seal_matched_7.jpg,Leopard Seal,leopard seal
marine,all_I=gaussian_noise_S=3,leopard seal_matched_8,leopard seal_matched_8.jpg,Leopard Seal,leopard seal
marine,all_I=gaussian_noise_S=3,leopard seal_matched_9,leopard seal_matched_9.jpg,Leopard Seal,leopard seal
marine,all_I=gaussian_noise_S=3,long-finned pilot whale_inat_1,long-finned pilot whale_inat_1.jpg,Killer Whale,long-finned pilot whale
marine,all_I=gaussian_noise_S=3,long-finned pilot whale_inat_10,long-finned pilot whale_inat_10.jpg,Bottlenose Dolphin,long-finned pilot whale
marine,all_I=gaussian_noise_S=3,long-finned pilot whale_inat_11,long-finned pilot whale_inat_11.jpg,Fin Finback Whale,long-finned pilot whale
marine,all_I=gaussian_noise_S=3,long-finned pilot whale_inat_12,long-finned pilot whale_inat_12.jpg,Walrus,long-finned pilot whale
marine,all_I=gaussian_noise_S=3,long-finned pilot whale_inat_13,long-finned pilot whale_inat_13.jpg,Leopard Seal,long-finned pilot whale
marine,all_I=gaussian_noise_S=3,long-finned pilot whale_inat_14,long-finned pilot whale_inat_14.jpg,Bottlenose Dolphin,long-finned pilot whale
marine,all_I=gaussian_noise_S=3,long-finned pilot whale_inat_15,long-finned pilot whale_inat_15.jpg,False Killer Whale,long-finned pilot whale
marine,all_I=gaussian_noise_S=3,long-finned pilot whale_inat_16,long-finned pilot whale_inat_16.jpg,False Killer Whale,long-finned pilot whale
marine,all_I=gaussian_noise_S=3,long-finned pilot whale_inat_2,long-finned pilot whale_inat_2.jpg,False Killer Whale,long-finned pilot whale
marine,all_I=gaussian_noise_S=3,long-finned pilot whale_inat_3,long-finned pilot whale_inat_3.jpg,Leopard Seal,long-finned pilot whale
marine,all_I=gaussian_noise_S=3,long-finned pilot whale_inat_4,long-finned pilot whale_inat_4.jpg,False Killer Whale,long-finned pilot whale
marine,all_I=gaussian_noise_S=3,long-finned pilot whale_inat_5,long-finned pilot whale_inat_5.jpg,Common Dolphin,long-finned pilot whale
marine,all_I=gaussian_noise_S=3,long-finned pilot whale_inat_6,long-finned pilot whale_inat_6.jpg,False Killer Whale,long-finned pilot whale
marine,all_I=gaussian_noise_S=3,long-finned pilot whale_inat_7,long-finned pilot whale_inat_7.jpg,Bottlenose Dolphin,long-finned pilot whale
marine,all_I=gaussian_noise_S=3,long-finned pilot whale_inat_8,long-finned pilot whale_inat_8.jpg,Killer Whale,long-finned pilot whale
marine,all_I=gaussian_noise_S=3,long-finned pilot whale_inat_9,long-finned pilot whale_inat_9.jpg,False Killer Whale,long-finned pilot whale
marine,all_I=gaussian_noise_S=3,melon headed whale_inat_1,melon headed whale_inat_1.jpg,Bottlenose Dolphin,melon headed whale
marine,all_I=gaussian_noise_S=3,melon headed whale_inat_10,melon headed whale_inat_10.jpg,Bottlenose Dolphin,melon headed whale
marine,all_I=gaussian_noise_S=3,melon headed whale_inat_11,melon headed whale_inat_11.jpg,False Killer Whale,melon headed whale
marine,all_I=gaussian_noise_S=3,melon headed whale_inat_12,melon headed whale_inat_12.jpg,False Killer Whale,melon headed whale
marine,all_I=gaussian_noise_S=3,melon headed whale_inat_13,melon headed whale_inat_13.jpg,Bottlenose Dolphin,melon headed whale
marine,all_I=gaussian_noise_S=3,melon headed whale_inat_14,melon headed whale_inat_14.jpg,Bottlenose Dolphin,melon headed whale
marine,all_I=gaussian_noise_S=3,melon headed whale_inat_15,melon headed whale_inat_15.jpg,False Killer Whale,melon headed whale
marine,all_I=gaussian_noise_S=3,melon headed whale_inat_16,melon headed whale_inat_16.jpg,False Killer Whale,melon headed whale
marine,all_I=gaussian_noise_S=3,melon headed whale_inat_2,melon headed whale_inat_2.jpg,Bottlenose Dolphin,melon headed whale
marine,all_I=gaussian_noise_S=3,melon headed whale_inat_3,melon headed whale_inat_3.jpg,Bottlenose Dolphin,melon headed whale
marine,all_I=gaussian_noise_S=3,melon headed whale_inat_4,melon headed whale_inat_4.jpg,Bottlenose Dolphin,melon headed whale
marine,all_I=gaussian_noise_S=3,melon headed whale_inat_5,melon headed whale_inat_5.jpg,Bottlenose Dolphin,melon headed whale
marine,all_I=gaussian_noise_S=3,melon headed whale_inat_6,melon headed whale_inat_6.jpg,Bottlenose Dolphin,melon headed whale
marine,all_I=gaussian_noise_S=3,melon headed whale_inat_7,melon headed whale_inat_7.jpg,Bottlenose Dolphin,melon headed whale
marine,all_I=gaussian_noise_S=3,melon headed whale_inat_8,melon headed whale_inat_8.jpg,Bottlenose Dolphin,melon headed whale
marine,all_I=gaussian_noise_S=3,melon headed whale_inat_9,melon headed whale_inat_9.jpg,False Killer Whale,melon headed whale
marine,all_I=gaussian_noise_S=3,minke whale_inat_1,minke whale_inat_1.jpg,Fin Finback Whale,minke whale
marine,all_I=gaussian_noise_S=3,minke whale_inat_10,minke whale_inat_10.jpg,Bottlenose Dolphin,minke whale
marine,all_I=gaussian_noise_S=3,minke whale_inat_11,minke whale_inat_11.jpg,Humpback Whale,minke whale
marine,all_I=gaussian_noise_S=3,minke whale_inat_12,minke whale_inat_12.jpg,Fin Finback Whale,minke whale
marine,all_I=gaussian_noise_S=3,minke whale_inat_13,minke whale_inat_13.jpg,Humpback Whale,minke whale
marine,all_I=gaussian_noise_S=3,minke whale_inat_14,minke whale_inat_14.jpg,Bowhead Whale,minke whale
marine,all_I=gaussian_noise_S=3,minke whale_inat_15,minke whale_inat_15.jpg,None of the species listed are terrestrial animals. The image provided does not depict any marine species from the list.,minke whale
marine,all_I=gaussian_noise_S=3,minke whale_inat_16,minke whale_inat_16.jpg,Bowhead Whale,minke whale
marine,all_I=gaussian_noise_S=3,minke whale_inat_2,minke whale_inat_2.jpg,False Killer Whale,minke whale
marine,all_I=gaussian_noise_S=3,minke whale_inat_3,minke whale_inat_3.jpg,Fin Finback Whale,minke whale
marine,all_I=gaussian_noise_S=3,minke whale_inat_4,minke whale_inat_4.jpg,Bottlenose Dolphin,minke whale
marine,all_I=gaussian_noise_S=3,minke whale_inat_5,minke whale_inat_5.jpg,False Killer Whale,minke whale
marine,all_I=gaussian_noise_S=3,minke whale_inat_6,minke whale_inat_6.jpg,Bowhead Whale,minke whale
marine,all_I=gaussian_noise_S=3,minke whale_inat_7,minke whale_inat_7.jpg,Humpback Whale,minke whale
marine,all_I=gaussian_noise_S=3,minke whale_inat_8,minke whale_inat_8.jpg,Killer Whale,minke whale
marine,all_I=gaussian_noise_S=3,minke whale_inat_9,minke whale_inat_9.jpg,Fin Finback Whale,minke whale
marine,all_I=gaussian_noise_S=3,narwhal_matched_1,narwhal_matched_1.jpg,Narwhal,narwhal
marine,all_I=gaussian_noise_S=3,narwhal_matched_10,narwhal_matched_10.jpg,Narwhal,narwhal
marine,all_I=gaussian_noise_S=3,narwhal_matched_11,narwhal_matched_11.jpg,Narwhal,narwhal
marine,all_I=gaussian_noise_S=3,narwhal_matched_12,narwhal_matched_12.jpg,Narwhal,narwhal
marine,all_I=gaussian_noise_S=3,narwhal_matched_13,narwhal_matched_13.jpg,Narwhal,narwhal
marine,all_I=gaussian_noise_S=3,narwhal_matched_14,narwhal_matched_14.jpg,Bottlenose Dolphin,narwhal
marine,all_I=gaussian_noise_S=3,narwhal_matched_15,narwhal_matched_15.jpg,Narwhal,narwhal
marine,all_I=gaussian_noise_S=3,narwhal_matched_16,narwhal_matched_16.jpg,Narwhal,narwhal
marine,all_I=gaussian_noise_S=3,narwhal_matched_2,narwhal_matched_2.jpg,Narwhal,narwhal
marine,all_I=gaussian_noise_S=3,narwhal_matched_3,narwhal_matched_3.jpg,Narwhal,narwhal
marine,all_I=gaussian_noise_S=3,narwhal_matched_4,narwhal_matched_4.jpg,Narwhal,narwhal
marine,all_I=gaussian_noise_S=3,narwhal_matched_5,narwhal_matched_5.jpg,Narwhal,narwhal
marine,all_I=gaussian_noise_S=3,narwhal_matched_6,narwhal_matched_6.jpg,Narwhal,narwhal
marine,all_I=gaussian_noise_S=3,narwhal_matched_7,narwhal_matched_7.jpg,Narwhal,narwhal
marine,all_I=gaussian_noise_S=3,narwhal_matched_8,narwhal_matched_8.jpg,Narwhal,narwhal
marine,all_I=gaussian_noise_S=3,narwhal_matched_9,narwhal_matched_9.jpg,Narwhal,narwhal
marine,all_I=gaussian_noise_S=3,northern right whale_inat_1,northern right whale_inat_1.jpg,White-beaked Dolphin,northern right whale
marine,all_I=gaussian_noise_S=3,northern right whale_inat_10,northern right whale_inat_10.jpg,Bottlenose Dolphin,northern right whale
marine,all_I=gaussian_noise_S=3,northern right whale_inat_11,northern right whale_inat_11.jpg,Bottlenose Dolphin,northern right whale
marine,all_I=gaussian_noise_S=3,northern right whale_inat_12,northern right whale_inat_12.jpg,Humpback Whale,northern right whale
marine,all_I=gaussian_noise_S=3,northern right whale_inat_13,northern right whale_inat_13.jpg,Bottlenose Dolphin,northern right whale
marine,all_I=gaussian_noise_S=3,northern right whale_inat_14,northern right whale_inat_14.jpg,Bottlenose Dolphin,northern right whale
marine,all_I=gaussian_noise_S=3,northern right whale_inat_15,northern right whale_inat_15.jpg,False Killer Whale,northern right whale
marine,all_I=gaussian_noise_S=3,northern right whale_inat_16,northern right whale_inat_16.jpg,False Killer Whale,northern right whale
marine,all_I=gaussian_noise_S=3,northern right whale_inat_2,northern right whale_inat_2.jpg,White-beaked Dolphin,northern right whale
marine,all_I=gaussian_noise_S=3,northern right whale_inat_3,northern right whale_inat_3.jpg,Bottlenose Dolphin,northern right whale
marine,all_I=gaussian_noise_S=3,northern right whale_inat_4,northern right whale_inat_4.jpg,Bottlenose Dolphin,northern right whale
marine,all_I=gaussian_noise_S=3,northern right whale_inat_5,northern right whale_inat_5.jpg,Bottlenose Dolphin,northern right whale
marine,all_I=gaussian_noise_S=3,northern right whale_inat_6,northern right whale_inat_6.jpg,White-beaked Dolphin,northern right whale
marine,all_I=gaussian_noise_S=3,northern right whale_inat_7,northern right whale_inat_7.jpg,Bottlenose Dolphin,northern right whale
marine,all_I=gaussian_noise_S=3,northern right whale_inat_8,northern right whale_inat_8.jpg,Bottlenose Dolphin,northern right whale
marine,all_I=gaussian_noise_S=3,northern right whale_inat_9,northern right whale_inat_9.jpg,Humpback Whale,northern right whale
marine,all_I=gaussian_noise_S=3,pantropical spotted dolphin_inat_1,pantropical spotted dolphin_inat_1.jpg,Common Dolphin,pantropical spotted dolphin
marine,all_I=gaussian_noise_S=3,pantropical spotted dolphin_inat_10,pantropical spotted dolphin_inat_10.jpg,Bottlenose Dolphin,pantropical spotted dolphin
marine,all_I=gaussian_noise_S=3,pantropical spotted dolphin_inat_11,pantropical spotted dolphin_inat_11.jpg,Bottlenose Dolphin,pantropical spotted dolphin
marine,all_I=gaussian_noise_S=3,pantropical spotted dolphin_inat_12,pantropical spotted dolphin_inat_12.jpg,Bottlenose Dolphin,pantropical spotted dolphin
marine,all_I=gaussian_noise_S=3,pantropical spotted dolphin_inat_13,pantropical spotted dolphin_inat_13.jpg,Common Dolphin,pantropical spotted dolphin
marine,all_I=gaussian_noise_S=3,pantropical spotted dolphin_inat_14,pantropical spotted dolphin_inat_14.jpg,Common Dolphin,pantropical spotted dolphin
marine,all_I=gaussian_noise_S=3,pantropical spotted dolphin_inat_15,pantropical spotted dolphin_inat_15.jpg,Bottlenose Dolphin,pantropical spotted dolphin
marine,all_I=gaussian_noise_S=3,pantropical spotted dolphin_inat_16,pantropical spotted dolphin_inat_16.jpg,Bottlenose Dolphin,pantropical spotted dolphin
marine,all_I=gaussian_noise_S=3,pantropical spotted dolphin_inat_2,pantropical spotted dolphin_inat_2.jpg,Common Dolphin,pantropical spotted dolphin
marine,all_I=gaussian_noise_S=3,pantropical spotted dolphin_inat_3,pantropical spotted dolphin_inat_3.jpg,Bottlenose Dolphin,pantropical spotted dolphin
marine,all_I=gaussian_noise_S=3,pantropical spotted dolphin_inat_4,pantropical spotted dolphin_inat_4.jpg,Common Dolphin,pantropical spotted dolphin
marine,all_I=gaussian_noise_S=3,pantropical spotted dolphin_inat_5,pantropical spotted dolphin_inat_5.jpg,Bottlenose Dolphin,pantropical spotted dolphin
marine,all_I=gaussian_noise_S=3,pantropical spotted dolphin_inat_6,pantropical spotted dolphin_inat_6.jpg,Bottlenose Dolphin,pantropical spotted dolphin
marine,all_I=gaussian_noise_S=3,pantropical spotted dolphin_inat_7,pantropical spotted dolphin_inat_7.jpg,Bottlenose Dolphin,pantropical spotted dolphin
marine,all_I=gaussian_noise_S=3,pantropical spotted dolphin_inat_8,pantropical spotted dolphin_inat_8.jpg,Bottlenose Dolphin,pantropical spotted dolphin
marine,all_I=gaussian_noise_S=3,pantropical spotted dolphin_inat_9,pantropical spotted dolphin_inat_9.jpg,Bottlenose Dolphin,pantropical spotted dolphin
marine,all_I=gaussian_noise_S=3,ross seal_inat_1,ross seal_inat_1.jpg,Leopard Seal,ross seal
marine,all_I=gaussian_noise_S=3,ross seal_inat_10,ross seal_inat_10.jpg,Leopard Seal,ross seal
marine,all_I=gaussian_noise_S=3,ross seal_inat_11,ross seal_inat_11.jpg,Leopard Seal,ross seal
marine,all_I=gaussian_noise_S=3,ross seal_inat_12,ross seal_inat_12.jpg,Leopard Seal,ross seal
marine,all_I=gaussian_noise_S=3,ross seal_inat_13,ross seal_inat_13.jpg,Leopard Seal,ross seal
marine,all_I=gaussian_noise_S=3,ross seal_inat_14,ross seal_inat_14.jpg,Bearded Seal,ross seal
marine,all_I=gaussian_noise_S=3,ross seal_inat_15,ross seal_inat_15.jpg,Beluga White Whale,ross seal
marine,all_I=gaussian_noise_S=3,ross seal_inat_16,ross seal_inat_16.jpg,Leopard Seal,ross seal
marine,all_I=gaussian_noise_S=3,ross seal_inat_17,ross seal_inat_17.jpg,Leopard Seal,ross seal
marine,all_I=gaussian_noise_S=3,ross seal_inat_18,ross seal_inat_18.jpg,Leopard Seal,ross seal
marine,all_I=gaussian_noise_S=3,ross seal_inat_2,ross seal_inat_2.jpg,Leopard Seal,ross seal
marine,all_I=gaussian_noise_S=3,ross seal_inat_3,ross seal_inat_3.jpg,Leopard Seal,ross seal
marine,all_I=gaussian_noise_S=3,ross seal_inat_4,ross seal_inat_4.jpg,Leopard Seal,ross seal
marine,all_I=gaussian_noise_S=3,ross seal_inat_5,ross seal_inat_5.jpg,Leopard Seal,ross seal
marine,all_I=gaussian_noise_S=3,ross seal_inat_6,ross seal_inat_6.jpg,Leopard Seal,ross seal
marine,all_I=gaussian_noise_S=3,ross seal_inat_7,ross seal_inat_7.jpg,Leopard Seal,ross seal
marine,all_I=gaussian_noise_S=3,ross seal_inat_8,ross seal_inat_8.jpg,Leopard Seal,ross seal
marine,all_I=gaussian_noise_S=3,ross seal_inat_9,ross seal_inat_9.jpg,Humpback Whale,ross seal
marine,all_I=gaussian_noise_S=3,rough-toothed dolphin_inat_1,rough-toothed dolphin_inat_1.jpg,Bottlenose Dolphin,rough-toothed dolphin
marine,all_I=gaussian_noise_S=3,rough-toothed dolphin_inat_10,rough-toothed dolphin_inat_10.jpg,False Killer Whale,rough-toothed dolphin
marine,all_I=gaussian_noise_S=3,rough-toothed dolphin_inat_11,rough-toothed dolphin_inat_11.jpg,Bottlenose Dolphin,rough-toothed dolphin
marine,all_I=gaussian_noise_S=3,rough-toothed dolphin_inat_12,rough-toothed dolphin_inat_12.jpg,Bottlenose Dolphin,rough-toothed dolphin
marine,all_I=gaussian_noise_S=3,rough-toothed dolphin_inat_13,rough-toothed dolphin_inat_13.jpg,Bottlenose Dolphin,rough-toothed dolphin
marine,all_I=gaussian_noise_S=3,rough-toothed dolphin_inat_14,rough-toothed dolphin_inat_14.jpg,False Killer Whale,rough-toothed dolphin
marine,all_I=gaussian_noise_S=3,rough-toothed dolphin_inat_15,rough-toothed dolphin_inat_15.jpg,Sperm Whale,rough-toothed dolphin
marine,all_I=gaussian_noise_S=3,rough-toothed dolphin_inat_16,rough-toothed dolphin_inat_16.jpg,Common Dolphin,rough-toothed dolphin
marine,all_I=gaussian_noise_S=3,rough-toothed dolphin_inat_2,rough-toothed dolphin_inat_2.jpg,Bottlenose Dolphin,rough-toothed dolphin
marine,all_I=gaussian_noise_S=3,rough-toothed dolphin_inat_3,rough-toothed dolphin_inat_3.jpg,False Killer Whale,rough-toothed dolphin
marine,all_I=gaussian_noise_S=3,rough-toothed dolphin_inat_4,rough-toothed dolphin_inat_4.jpg,False Killer Whale,rough-toothed dolphin
marine,all_I=gaussian_noise_S=3,rough-toothed dolphin_inat_5,rough-toothed dolphin_inat_5.jpg,Bottlenose Dolphin,rough-toothed dolphin
marine,all_I=gaussian_noise_S=3,rough-toothed dolphin_inat_6,rough-toothed dolphin_inat_6.jpg,Bottlenose Dolphin,rough-toothed dolphin
marine,all_I=gaussian_noise_S=3,rough-toothed dolphin_inat_7,rough-toothed dolphin_inat_7.jpg,Bottlenose Dolphin,rough-toothed dolphin
marine,all_I=gaussian_noise_S=3,rough-toothed dolphin_inat_8,rough-toothed dolphin_inat_8.jpg,Bottlenose Dolphin,rough-toothed dolphin
marine,all_I=gaussian_noise_S=3,rough-toothed dolphin_inat_9,rough-toothed dolphin_inat_9.jpg,Bottlenose Dolphin,rough-toothed dolphin
marine,all_I=gaussian_noise_S=3,short-finned pacific pilot whale_inat_1,short-finned pacific pilot whale_inat_1.jpg,Killer Whale,short-finned pacific pilot whale
marine,all_I=gaussian_noise_S=3,short-finned pacific pilot whale_inat_10,short-finned pacific pilot whale_inat_10.jpg,None of the provided species labels match the fish shown in the image. The image depicts a fish that does not correspond to any of the listed marine species.,short-finned pacific pilot whale
marine,all_I=gaussian_noise_S=3,short-finned pacific pilot whale_inat_11,short-finned pacific pilot whale_inat_11.jpg,None of the provided species labels match the image of a fish. The image does not depict any of the marine species listed.,short-finned pacific pilot whale
marine,all_I=gaussian_noise_S=3,short-finned pacific pilot whale_inat_12,short-finned pacific pilot whale_inat_12.jpg,None of the provided species labels match the description of a fish in the image. The image does not contain any marine species listed in the labels.,short-finned pacific pilot whale
marine,all_I=gaussian_noise_S=3,short-finned pacific pilot whale_inat_13,short-finned pacific pilot whale_inat_13.jpg,"None of the provided species labels match the description of the image, which appears to be a fish, not a marine mammal.",short-finned pacific pilot whale
marine,all_I=gaussian_noise_S=3,short-finned pacific pilot whale_inat_14,short-finned pacific pilot whale_inat_14.jpg,None of the provided species labels match the fish shown in the image. The image depicts a fish that is not listed among the species options.,short-finned pacific pilot whale
marine,all_I=gaussian_noise_S=3,short-finned pacific pilot whale_inat_15,short-finned pacific pilot whale_inat_15.jpg,False Killer Whale,short-finned pacific pilot whale
marine,all_I=gaussian_noise_S=3,short-finned pacific pilot whale_inat_16,short-finned pacific pilot whale_inat_16.jpg,None of the provided species labels match the image of the fish. The image does not depict any of the marine species listed.,short-finned pacific pilot whale
marine,all_I=gaussian_noise_S=3,short-finned pacific pilot whale_inat_17,short-finned pacific pilot whale_inat_17.jpg,Bottlenose Dolphin,short-finned pacific pilot whale
marine,all_I=gaussian_noise_S=3,short-finned pacific pilot whale_inat_18,short-finned pacific pilot whale_inat_18.jpg,Long-Finned Pilot Whale,short-finned pacific pilot whale
marine,all_I=gaussian_noise_S=3,short-finned pacific pilot whale_inat_19,short-finned pacific pilot whale_inat_19.jpg,Bottlenose Dolphin,short-finned pacific pilot whale
marine,all_I=gaussian_noise_S=3,short-finned pacific pilot whale_inat_2,short-finned pacific pilot whale_inat_2.jpg,Bottlenose Dolphin,short-finned pacific pilot whale
marine,all_I=gaussian_noise_S=3,short-finned pacific pilot whale_inat_20,short-finned pacific pilot whale_inat_20.jpg,None of the provided species labels match the description of a swan.,short-finned pacific pilot whale
marine,all_I=gaussian_noise_S=3,short-finned pacific pilot whale_inat_3,short-finned pacific pilot whale_inat_3.jpg,None of the provided species labels match the description of a snake.,short-finned pacific pilot whale
marine,all_I=gaussian_noise_S=3,short-finned pacific pilot whale_inat_4,short-finned pacific pilot whale_inat_4.jpg,Bottlenose Dolphin,short-finned pacific pilot whale
marine,all_I=gaussian_noise_S=3,short-finned pacific pilot whale_inat_5,short-finned pacific pilot whale_inat_5.jpg,False Killer Whale,short-finned pacific pilot whale
marine,all_I=gaussian_noise_S=3,short-finned pacific pilot whale_inat_6,short-finned pacific pilot whale_inat_6.jpg,White-sided Dolphin,short-finned pacific pilot whale
marine,all_I=gaussian_noise_S=3,short-finned pacific pilot whale_inat_7,short-finned pacific pilot whale_inat_7.jpg,Killer Whale,short-finned pacific pilot whale
marine,all_I=gaussian_noise_S=3,short-finned pacific pilot whale_inat_8,short-finned pacific pilot whale_inat_8.jpg,False Killer Whale,short-finned pacific pilot whale
marine,all_I=gaussian_noise_S=3,short-finned pacific pilot whale_inat_9,short-finned pacific pilot whale_inat_9.jpg,False Killer Whale,short-finned pacific pilot whale
marine,all_I=gaussian_noise_S=3,southern right whale_inat_1,southern right whale_inat_1.jpg,False Killer Whale,southern right whale
marine,all_I=gaussian_noise_S=3,southern right whale_inat_10,southern right whale_inat_10.jpg,False Killer Whale,southern right whale
marine,all_I=gaussian_noise_S=3,southern right whale_inat_11,southern right whale_inat_11.jpg,Killer Whale,southern right whale
marine,all_I=gaussian_noise_S=3,southern right whale_inat_12,southern right whale_inat_12.jpg,Bottlenose Dolphin,southern right whale
marine,all_I=gaussian_noise_S=3,southern right whale_inat_13,southern right whale_inat_13.jpg,Atlantic Spotted Dolphin,southern right whale
marine,all_I=gaussian_noise_S=3,southern right whale_inat_14,southern right whale_inat_14.jpg,Humpback Whale,southern right whale
marine,all_I=gaussian_noise_S=3,southern right whale_inat_15,southern right whale_inat_15.jpg,Humpback Whale,southern right whale
marine,all_I=gaussian_noise_S=3,southern right whale_inat_16,southern right whale_inat_16.jpg,Fin Finback Whale,southern right whale
marine,all_I=gaussian_noise_S=3,southern right whale_inat_2,southern right whale_inat_2.jpg,False Killer Whale,southern right whale
marine,all_I=gaussian_noise_S=3,southern right whale_inat_3,southern right whale_inat_3.jpg,False Killer Whale,southern right whale
marine,all_I=gaussian_noise_S=3,southern right whale_inat_4,southern right whale_inat_4.jpg,Bottlenose Dolphin,southern right whale
marine,all_I=gaussian_noise_S=3,southern right whale_inat_5,southern right whale_inat_5.jpg,Common Dolphin,southern right whale
marine,all_I=gaussian_noise_S=3,southern right whale_inat_6,southern right whale_inat_6.jpg,False Killer Whale,southern right whale
marine,all_I=gaussian_noise_S=3,southern right whale_inat_7,southern right whale_inat_7.jpg,Humpback Whale,southern right whale
marine,all_I=gaussian_noise_S=3,southern right whale_inat_8,southern right whale_inat_8.jpg,False Killer Whale,southern right whale
marine,all_I=gaussian_noise_S=3,southern right whale_inat_9,southern right whale_inat_9.jpg,Bottlenose Dolphin,southern right whale
marine,all_I=gaussian_noise_S=3,sperm whale_matched_1,sperm whale_matched_1.jpg,Sperm Whale,sperm whale
marine,all_I=gaussian_noise_S=3,sperm whale_matched_10,sperm whale_matched_10.jpg,Sperm Whale,sperm whale
marine,all_I=gaussian_noise_S=3,sperm whale_matched_11,sperm whale_matched_11.jpg,False Killer Whale,sperm whale
marine,all_I=gaussian_noise_S=3,sperm whale_matched_12,sperm whale_matched_12.jpg,Fin Finback Whale,sperm whale
marine,all_I=gaussian_noise_S=3,sperm whale_matched_13,sperm whale_matched_13.jpg,False Killer Whale,sperm whale
marine,all_I=gaussian_noise_S=3,sperm whale_matched_14,sperm whale_matched_14.jpg,Fin Finback Whale,sperm whale
marine,all_I=gaussian_noise_S=3,sperm whale_matched_15,sperm whale_matched_15.jpg,Sperm Whale,sperm whale
marine,all_I=gaussian_noise_S=3,sperm whale_matched_16,sperm whale_matched_16.jpg,False Killer Whale,sperm whale
marine,all_I=gaussian_noise_S=3,sperm whale_matched_2,sperm whale_matched_2.jpg,Sperm Whale,sperm whale
marine,all_I=gaussian_noise_S=3,sperm whale_matched_3,sperm whale_matched_3.jpg,Sperm Whale,sperm whale
marine,all_I=gaussian_noise_S=3,sperm whale_matched_4,sperm whale_matched_4.jpg,Sperm Whale,sperm whale
marine,all_I=gaussian_noise_S=3,sperm whale_matched_5,sperm whale_matched_5.jpg,Fin Finback Whale,sperm whale
marine,all_I=gaussian_noise_S=3,sperm whale_matched_6,sperm whale_matched_6.jpg,Sperm Whale,sperm whale
marine,all_I=gaussian_noise_S=3,sperm whale_matched_7,sperm whale_matched_7.jpg,Sperm Whale,sperm whale
marine,all_I=gaussian_noise_S=3,sperm whale_matched_8,sperm whale_matched_8.jpg,Sperm Whale,sperm whale
marine,all_I=gaussian_noise_S=3,sperm whale_matched_9,sperm whale_matched_9.jpg,Fin Finback Whale,sperm whale
marine,all_I=gaussian_noise_S=3,spinner dolphin_matched_1,spinner dolphin_matched_1.jpg,Bottlenose Dolphin,spinner dolphin
marine,all_I=gaussian_noise_S=3,spinner dolphin_matched_10,spinner dolphin_matched_10.jpg,Bottlenose Dolphin,spinner dolphin
marine,all_I=gaussian_noise_S=3,spinner dolphin_matched_11,spinner dolphin_matched_11.jpg,Bottlenose Dolphin,spinner dolphin
marine,all_I=gaussian_noise_S=3,spinner dolphin_matched_12,spinner dolphin_matched_12.jpg,Bottlenose Dolphin,spinner dolphin
marine,all_I=gaussian_noise_S=3,spinner dolphin_matched_13,spinner dolphin_matched_13.jpg,Bottlenose Dolphin,spinner dolphin
marine,all_I=gaussian_noise_S=3,spinner dolphin_matched_14,spinner dolphin_matched_14.jpg,Bottlenose Dolphin,spinner dolphin
marine,all_I=gaussian_noise_S=3,spinner dolphin_matched_15,spinner dolphin_matched_15.jpg,Bottlenose Dolphin,spinner dolphin
marine,all_I=gaussian_noise_S=3,spinner dolphin_matched_16,spinner dolphin_matched_16.jpg,Bottlenose Dolphin,spinner dolphin
marine,all_I=gaussian_noise_S=3,spinner dolphin_matched_17,spinner dolphin_matched_17.jpg,Bottlenose Dolphin,spinner dolphin
marine,all_I=gaussian_noise_S=3,spinner dolphin_matched_18,spinner dolphin_matched_18.jpg,Bottlenose Dolphin,spinner dolphin
marine,all_I=gaussian_noise_S=3,spinner dolphin_matched_2,spinner dolphin_matched_2.jpg,Common Dolphin,spinner dolphin
marine,all_I=gaussian_noise_S=3,spinner dolphin_matched_3,spinner dolphin_matched_3.jpg,Bottlenose Dolphin,spinner dolphin
marine,all_I=gaussian_noise_S=3,spinner dolphin_matched_4,spinner dolphin_matched_4.jpg,Bottlenose Dolphin,spinner dolphin
marine,all_I=gaussian_noise_S=3,spinner dolphin_matched_5,spinner dolphin_matched_5.jpg,Common Dolphin,spinner dolphin
marine,all_I=gaussian_noise_S=3,spinner dolphin_matched_6,spinner dolphin_matched_6.jpg,Bottlenose Dolphin,spinner dolphin
marine,all_I=gaussian_noise_S=3,spinner dolphin_matched_7,spinner dolphin_matched_7.jpg,Bottlenose Dolphin,spinner dolphin
marine,all_I=gaussian_noise_S=3,spinner dolphin_matched_8,spinner dolphin_matched_8.jpg,Bottlenose Dolphin,spinner dolphin
marine,all_I=gaussian_noise_S=3,spinner dolphin_matched_9,spinner dolphin_matched_9.jpg,Bottlenose Dolphin,spinner dolphin
marine,all_I=gaussian_noise_S=3,striped dolphin_matched_1,striped dolphin_matched_1.jpg,Common Dolphin,striped dolphin
marine,all_I=gaussian_noise_S=3,striped dolphin_matched_10,striped dolphin_matched_10.jpg,Pantropical Spotted Dolphin,striped dolphin
marine,all_I=gaussian_noise_S=3,striped dolphin_matched_11,striped dolphin_matched_11.jpg,Common Dolphin,striped dolphin
marine,all_I=gaussian_noise_S=3,striped dolphin_matched_12,striped dolphin_matched_12.jpg,Bottlenose Dolphin,striped dolphin
marine,all_I=gaussian_noise_S=3,striped dolphin_matched_13,striped dolphin_matched_13.jpg,Common Dolphin,striped dolphin
marine,all_I=gaussian_noise_S=3,striped dolphin_matched_14,striped dolphin_matched_14.jpg,Bottlenose Dolphin,striped dolphin
marine,all_I=gaussian_noise_S=3,striped dolphin_matched_15,striped dolphin_matched_15.jpg,Common Dolphin,striped dolphin
marine,all_I=gaussian_noise_S=3,striped dolphin_matched_16,striped dolphin_matched_16.jpg,Bottlenose Dolphin,striped dolphin
marine,all_I=gaussian_noise_S=3,striped dolphin_matched_17,striped dolphin_matched_17.jpg,Bottlenose Dolphin,striped dolphin
marine,all_I=gaussian_noise_S=3,striped dolphin_matched_18,striped dolphin_matched_18.jpg,Common Dolphin,striped dolphin
marine,all_I=gaussian_noise_S=3,striped dolphin_matched_19,striped dolphin_matched_19.jpg,Common Dolphin,striped dolphin
marine,all_I=gaussian_noise_S=3,striped dolphin_matched_2,striped dolphin_matched_2.jpg,Bottlenose Dolphin,striped dolphin
marine,all_I=gaussian_noise_S=3,striped dolphin_matched_20,striped dolphin_matched_20.jpg,Common Dolphin,striped dolphin
marine,all_I=gaussian_noise_S=3,striped dolphin_matched_21,striped dolphin_matched_21.jpg,Common Dolphin,striped dolphin
marine,all_I=gaussian_noise_S=3,striped dolphin_matched_22,striped dolphin_matched_22.jpg,Common Dolphin,striped dolphin
marine,all_I=gaussian_noise_S=3,striped dolphin_matched_23,striped dolphin_matched_23.jpg,Common Dolphin,striped dolphin
marine,all_I=gaussian_noise_S=3,striped dolphin_matched_24,striped dolphin_matched_24.jpg,Common Dolphin,striped dolphin
marine,all_I=gaussian_noise_S=3,striped dolphin_matched_25,striped dolphin_matched_25.jpg,Bottlenose Dolphin,striped dolphin
marine,all_I=gaussian_noise_S=3,striped dolphin_matched_26,striped dolphin_matched_26.jpg,Common Dolphin,striped dolphin
marine,all_I=gaussian_noise_S=3,striped dolphin_matched_27,striped dolphin_matched_27.jpg,Bottlenose Dolphin,striped dolphin
marine,all_I=gaussian_noise_S=3,striped dolphin_matched_28,striped dolphin_matched_28.jpg,Common Dolphin,striped dolphin
marine,all_I=gaussian_noise_S=3,striped dolphin_matched_29,striped dolphin_matched_29.jpg,Bottlenose Dolphin,striped dolphin
marine,all_I=gaussian_noise_S=3,striped dolphin_matched_3,striped dolphin_matched_3.jpg,Bottlenose Dolphin,striped dolphin
marine,all_I=gaussian_noise_S=3,striped dolphin_matched_30,striped dolphin_matched_30.jpg,Bottlenose Dolphin,striped dolphin
marine,all_I=gaussian_noise_S=3,striped dolphin_matched_31,striped dolphin_matched_31.jpg,Bottlenose Dolphin,striped dolphin
marine,all_I=gaussian_noise_S=3,striped dolphin_matched_32,striped dolphin_matched_32.jpg,Common Dolphin,striped dolphin
marine,all_I=gaussian_noise_S=3,striped dolphin_matched_33,striped dolphin_matched_33.jpg,Bottlenose Dolphin,striped dolphin
marine,all_I=gaussian_noise_S=3,striped dolphin_matched_4,striped dolphin_matched_4.jpg,Bottlenose Dolphin,striped dolphin
marine,all_I=gaussian_noise_S=3,striped dolphin_matched_5,striped dolphin_matched_5.jpg,Bottlenose Dolphin,striped dolphin
marine,all_I=gaussian_noise_S=3,striped dolphin_matched_6,striped dolphin_matched_6.jpg,Bottlenose Dolphin,striped dolphin
marine,all_I=gaussian_noise_S=3,striped dolphin_matched_7,striped dolphin_matched_7.jpg,Bottlenose Dolphin,striped dolphin
marine,all_I=gaussian_noise_S=3,striped dolphin_matched_8,striped dolphin_matched_8.jpg,Bottlenose Dolphin,striped dolphin
marine,all_I=gaussian_noise_S=3,striped dolphin_matched_9,striped dolphin_matched_9.jpg,Bottlenose Dolphin,striped dolphin
marine,all_I=gaussian_noise_S=3,walrus_matched_1,walrus_matched_1.jpg,Walrus,walrus
marine,all_I=gaussian_noise_S=3,walrus_matched_10,walrus_matched_10.jpg,Walrus,walrus
marine,all_I=gaussian_noise_S=3,walrus_matched_11,walrus_matched_11.jpg,Walrus,walrus
marine,all_I=gaussian_noise_S=3,walrus_matched_12,walrus_matched_12.jpg,Walrus,walrus
marine,all_I=gaussian_noise_S=3,walrus_matched_13,walrus_matched_13.jpg,Walrus,walrus
marine,all_I=gaussian_noise_S=3,walrus_matched_14,walrus_matched_14.jpg,Walrus,walrus
marine,all_I=gaussian_noise_S=3,walrus_matched_15,walrus_matched_15.jpg,Walrus,walrus
marine,all_I=gaussian_noise_S=3,walrus_matched_16,walrus_matched_16.jpg,Walrus,walrus
marine,all_I=gaussian_noise_S=3,walrus_matched_17,walrus_matched_17.jpg,Walrus,walrus
marine,all_I=gaussian_noise_S=3,walrus_matched_18,walrus_matched_18.jpg,Walrus,walrus
marine,all_I=gaussian_noise_S=3,walrus_matched_19,walrus_matched_19.jpg,Walrus,walrus
marine,all_I=gaussian_noise_S=3,walrus_matched_2,walrus_matched_2.jpg,Walrus,walrus
marine,all_I=gaussian_noise_S=3,walrus_matched_20,walrus_matched_20.jpg,Walrus,walrus
marine,all_I=gaussian_noise_S=3,walrus_matched_21,walrus_matched_21.jpg,Walrus,walrus
marine,all_I=gaussian_noise_S=3,walrus_matched_22,walrus_matched_22.jpg,Walrus,walrus
marine,all_I=gaussian_noise_S=3,walrus_matched_23,walrus_matched_23.jpg,Walrus,walrus
marine,all_I=gaussian_noise_S=3,walrus_matched_24,walrus_matched_24.jpg,Walrus,walrus
marine,all_I=gaussian_noise_S=3,walrus_matched_25,walrus_matched_25.jpg,Walrus,walrus
marine,all_I=gaussian_noise_S=3,walrus_matched_26,walrus_matched_26.jpg,Walrus,walrus
marine,all_I=gaussian_noise_S=3,walrus_matched_27,walrus_matched_27.jpg,Walrus,walrus
marine,all_I=gaussian_noise_S=3,walrus_matched_28,walrus_matched_28.jpg,Walrus,walrus
marine,all_I=gaussian_noise_S=3,walrus_matched_29,walrus_matched_29.jpg,Walrus,walrus
marine,all_I=gaussian_noise_S=3,walrus_matched_3,walrus_matched_3.jpg,Walrus,walrus
marine,all_I=gaussian_noise_S=3,walrus_matched_30,walrus_matched_30.jpg,Walrus,walrus
marine,all_I=gaussian_noise_S=3,walrus_matched_31,walrus_matched_31.jpg,Bottlenose Dolphin,walrus
marine,all_I=gaussian_noise_S=3,walrus_matched_32,walrus_matched_32.jpg,Walrus,walrus
marine,all_I=gaussian_noise_S=3,walrus_matched_33,walrus_matched_33.jpg,Walrus,walrus
marine,all_I=gaussian_noise_S=3,walrus_matched_34,walrus_matched_34.jpg,Walrus,walrus
marine,all_I=gaussian_noise_S=3,walrus_matched_35,walrus_matched_35.jpg,Walrus,walrus
marine,all_I=gaussian_noise_S=3,walrus_matched_36,walrus_matched_36.jpg,Walrus,walrus
marine,all_I=gaussian_noise_S=3,walrus_matched_4,walrus_matched_4.jpg,Walrus,walrus
marine,all_I=gaussian_noise_S=3,walrus_matched_5,walrus_matched_5.jpg,Walrus,walrus
marine,all_I=gaussian_noise_S=3,walrus_matched_6,walrus_matched_6.jpg,Walrus,walrus
marine,all_I=gaussian_noise_S=3,walrus_matched_7,walrus_matched_7.jpg,Walrus,walrus
marine,all_I=gaussian_noise_S=3,walrus_matched_8,walrus_matched_8.jpg,Walrus,walrus
marine,all_I=gaussian_noise_S=3,walrus_matched_9,walrus_matched_9.jpg,Walrus,walrus
marine,all_I=gaussian_noise_S=3,weddell seal_matched_1,weddell seal_matched_1.jpg,Leopard Seal,weddell seal
marine,all_I=gaussian_noise_S=3,weddell seal_matched_10,weddell seal_matched_10.jpg,Harbor Seal,weddell seal
marine,all_I=gaussian_noise_S=3,weddell seal_matched_11,weddell seal_matched_11.jpg,Leopard Seal,weddell seal
marine,all_I=gaussian_noise_S=3,weddell seal_matched_12,weddell seal_matched_12.jpg,Leopard Seal,weddell seal
marine,all_I=gaussian_noise_S=3,weddell seal_matched_13,weddell seal_matched_13.jpg,Harbor Seal,weddell seal
marine,all_I=gaussian_noise_S=3,weddell seal_matched_14,weddell seal_matched_14.jpg,Harp Seal,weddell seal
marine,all_I=gaussian_noise_S=3,weddell seal_matched_15,weddell seal_matched_15.jpg,Harp Seal,weddell seal
marine,all_I=gaussian_noise_S=3,weddell seal_matched_16,weddell seal_matched_16.jpg,Leopard Seal,weddell seal
marine,all_I=gaussian_noise_S=3,weddell seal_matched_2,weddell seal_matched_2.jpg,Leopard Seal,weddell seal
marine,all_I=gaussian_noise_S=3,weddell seal_matched_3,weddell seal_matched_3.jpg,Leopard Seal,weddell seal
marine,all_I=gaussian_noise_S=3,weddell seal_matched_4,weddell seal_matched_4.jpg,Leopard Seal,weddell seal
marine,all_I=gaussian_noise_S=3,weddell seal_matched_5,weddell seal_matched_5.jpg,Leopard Seal,weddell seal
marine,all_I=gaussian_noise_S=3,weddell seal_matched_6,weddell seal_matched_6.jpg,Leopard Seal,weddell seal
marine,all_I=gaussian_noise_S=3,weddell seal_matched_7,weddell seal_matched_7.jpg,Leopard Seal,weddell seal
marine,all_I=gaussian_noise_S=3,weddell seal_matched_8,weddell seal_matched_8.jpg,Leopard Seal,weddell seal
marine,all_I=gaussian_noise_S=3,weddell seal_matched_9,weddell seal_matched_9.jpg,Harper Seal,weddell seal
marine,all_I=gaussian_noise_S=3,white-beaked dolphin_matched_1,white-beaked dolphin_matched_1.jpg,False Killer Whale,white-beaked dolphin
marine,all_I=gaussian_noise_S=3,white-beaked dolphin_matched_10,white-beaked dolphin_matched_10.jpg,Common Dolphin,white-beaked dolphin
marine,all_I=gaussian_noise_S=3,white-beaked dolphin_matched_11,white-beaked dolphin_matched_11.jpg,False Killer Whale,white-beaked dolphin
marine,all_I=gaussian_noise_S=3,white-beaked dolphin_matched_12,white-beaked dolphin_matched_12.jpg,False Killer Whale,white-beaked dolphin
marine,all_I=gaussian_noise_S=3,white-beaked dolphin_matched_13,white-beaked dolphin_matched_13.jpg,False Killer Whale,white-beaked dolphin
marine,all_I=gaussian_noise_S=3,white-beaked dolphin_matched_14,white-beaked dolphin_matched_14.jpg,False Killer Whale,white-beaked dolphin
marine,all_I=gaussian_noise_S=3,white-beaked dolphin_matched_15,white-beaked dolphin_matched_15.jpg,Bottlenose Dolphin,white-beaked dolphin
marine,all_I=gaussian_noise_S=3,white-beaked dolphin_matched_16,white-beaked dolphin_matched_16.jpg,Bottlenose Dolphin,white-beaked dolphin
marine,all_I=gaussian_noise_S=3,white-beaked dolphin_matched_2,white-beaked dolphin_matched_2.jpg,False Killer Whale,white-beaked dolphin
marine,all_I=gaussian_noise_S=3,white-beaked dolphin_matched_3,white-beaked dolphin_matched_3.jpg,False Killer Whale,white-beaked dolphin
marine,all_I=gaussian_noise_S=3,white-beaked dolphin_matched_4,white-beaked dolphin_matched_4.jpg,Bottlenose Dolphin,white-beaked dolphin
marine,all_I=gaussian_noise_S=3,white-beaked dolphin_matched_5,white-beaked dolphin_matched_5.jpg,Bottlenose Dolphin,white-beaked dolphin
marine,all_I=gaussian_noise_S=3,white-beaked dolphin_matched_6,white-beaked dolphin_matched_6.jpg,Bottlenose Dolphin,white-beaked dolphin
marine,all_I=gaussian_noise_S=3,white-beaked dolphin_matched_7,white-beaked dolphin_matched_7.jpg,Bottlenose Dolphin,white-beaked dolphin
marine,all_I=gaussian_noise_S=3,white-beaked dolphin_matched_8,white-beaked dolphin_matched_8.jpg,Bottlenose Dolphin,white-beaked dolphin
marine,all_I=gaussian_noise_S=3,white-beaked dolphin_matched_9,white-beaked dolphin_matched_9.jpg,Bottlenose Dolphin,white-beaked dolphin
marine,all_I=gaussian_noise_S=3,white-sided dolphin_inat_1,white-sided dolphin_inat_1.jpg,Common Dolphin,white-sided dolphin
marine,all_I=gaussian_noise_S=3,white-sided dolphin_inat_10,white-sided dolphin_inat_10.jpg,Bottlenose Dolphin,white-sided dolphin
marine,all_I=gaussian_noise_S=3,white-sided dolphin_inat_11,white-sided dolphin_inat_11.jpg,Bottlenose Dolphin,white-sided dolphin
marine,all_I=gaussian_noise_S=3,white-sided dolphin_inat_12,white-sided dolphin_inat_12.jpg,Humpback Whale,white-sided dolphin
marine,all_I=gaussian_noise_S=3,white-sided dolphin_inat_13,white-sided dolphin_inat_13.jpg,Bottlenose Dolphin,white-sided dolphin
marine,all_I=gaussian_noise_S=3,white-sided dolphin_inat_14,white-sided dolphin_inat_14.jpg,Bottlenose Dolphin,white-sided dolphin
marine,all_I=gaussian_noise_S=3,white-sided dolphin_inat_15,white-sided dolphin_inat_15.jpg,Common Dolphin,white-sided dolphin
marine,all_I=gaussian_noise_S=3,white-sided dolphin_inat_16,white-sided dolphin_inat_16.jpg,Bottlenose Dolphin,white-sided dolphin
marine,all_I=gaussian_noise_S=3,white-sided dolphin_inat_2,white-sided dolphin_inat_2.jpg,Bottlenose Dolphin,white-sided dolphin
marine,all_I=gaussian_noise_S=3,white-sided dolphin_inat_3,white-sided dolphin_inat_3.jpg,Bottlenose Dolphin,white-sided dolphin
marine,all_I=gaussian_noise_S=3,white-sided dolphin_inat_4,white-sided dolphin_inat_4.jpg,Killer Whale,white-sided dolphin
marine,all_I=gaussian_noise_S=3,white-sided dolphin_inat_5,white-sided dolphin_inat_5.jpg,Bottlenose Dolphin,white-sided dolphin
marine,all_I=gaussian_noise_S=3,white-sided dolphin_inat_6,white-sided dolphin_inat_6.jpg,Common Dolphin,white-sided dolphin
marine,all_I=gaussian_noise_S=3,white-sided dolphin_inat_7,white-sided dolphin_inat_7.jpg,False Killer Whale,white-sided dolphin
marine,all_I=gaussian_noise_S=3,white-sided dolphin_inat_8,white-sided dolphin_inat_8.jpg,Humpback Whale,white-sided dolphin
marine,all_I=gaussian_noise_S=3,white-sided dolphin_inat_9,white-sided dolphin_inat_9.jpg,Bottlenose Dolphin,white-sided dolphin
marine,all_I=jpeg_S=3,atlantic spotted dolphin_matched_1,atlantic spotted dolphin_matched_1.jpg,Clymene Dolphin,atlantic spotted dolphin
marine,all_I=jpeg_S=3,atlantic spotted dolphin_matched_10,atlantic spotted dolphin_matched_10.jpg,False Killer Whale,atlantic spotted dolphin
marine,all_I=jpeg_S=3,atlantic spotted dolphin_matched_11,atlantic spotted dolphin_matched_11.jpg,Clymene Dolphin,atlantic spotted dolphin
marine,all_I=jpeg_S=3,atlantic spotted dolphin_matched_12,atlantic spotted dolphin_matched_12.jpg,Bottlenose Dolphin,atlantic spotted dolphin
marine,all_I=jpeg_S=3,atlantic spotted dolphin_matched_13,atlantic spotted dolphin_matched_13.jpg,Clymene Dolphin,atlantic spotted dolphin
marine,all_I=jpeg_S=3,atlantic spotted dolphin_matched_14,atlantic spotted dolphin_matched_14.jpg,Atlantic Spotted Dolphin,atlantic spotted dolphin
marine,all_I=jpeg_S=3,atlantic spotted dolphin_matched_15,atlantic spotted dolphin_matched_15.jpg,Bottlenose Dolphin,atlantic spotted dolphin
marine,all_I=jpeg_S=3,atlantic spotted dolphin_matched_16,atlantic spotted dolphin_matched_16.jpg,Bottlenose Dolphin,atlantic spotted dolphin
marine,all_I=jpeg_S=3,atlantic spotted dolphin_matched_17,atlantic spotted dolphin_matched_17.jpg,Bottlenose Dolphin,atlantic spotted dolphin
marine,all_I=jpeg_S=3,atlantic spotted dolphin_matched_18,atlantic spotted dolphin_matched_18.jpg,Pantropical Spotted Dolphin,atlantic spotted dolphin
marine,all_I=jpeg_S=3,atlantic spotted dolphin_matched_19,atlantic spotted dolphin_matched_19.jpg,Common Dolphin,atlantic spotted dolphin
marine,all_I=jpeg_S=3,atlantic spotted dolphin_matched_2,atlantic spotted dolphin_matched_2.jpg,Bottlenose Dolphin,atlantic spotted dolphin
marine,all_I=jpeg_S=3,atlantic spotted dolphin_matched_20,atlantic spotted dolphin_matched_20.jpg,Pantropical Spotted Dolphin,atlantic spotted dolphin
marine,all_I=jpeg_S=3,atlantic spotted dolphin_matched_21,atlantic spotted dolphin_matched_21.jpg,Common Dolphin,atlantic spotted dolphin
marine,all_I=jpeg_S=3,atlantic spotted dolphin_matched_22,atlantic spotted dolphin_matched_22.jpg,Clymene Dolphin,atlantic spotted dolphin
marine,all_I=jpeg_S=3,atlantic spotted dolphin_matched_23,atlantic spotted dolphin_matched_23.jpg,Clymene Dolphin,atlantic spotted dolphin
marine,all_I=jpeg_S=3,atlantic spotted dolphin_matched_3,atlantic spotted dolphin_matched_3.jpg,False Killer Whale,atlantic spotted dolphin
marine,all_I=jpeg_S=3,atlantic spotted dolphin_matched_4,atlantic spotted dolphin_matched_4.jpg,Pantropical Spotted Dolphin,atlantic spotted dolphin
marine,all_I=jpeg_S=3,atlantic spotted dolphin_matched_5,atlantic spotted dolphin_matched_5.jpg,Bottlenose Dolphin,atlantic spotted dolphin
marine,all_I=jpeg_S=3,atlantic spotted dolphin_matched_6,atlantic spotted dolphin_matched_6.jpg,Clymene Dolphin,atlantic spotted dolphin
marine,all_I=jpeg_S=3,atlantic spotted dolphin_matched_7,atlantic spotted dolphin_matched_7.jpg,Clymene Dolphin,atlantic spotted dolphin
marine,all_I=jpeg_S=3,atlantic spotted dolphin_matched_8,atlantic spotted dolphin_matched_8.jpg,Atlantic Spotted Dolphin,atlantic spotted dolphin
marine,all_I=jpeg_S=3,atlantic spotted dolphin_matched_9,atlantic spotted dolphin_matched_9.jpg,Bottlenose Dolphin,atlantic spotted dolphin
marine,all_I=jpeg_S=3,bearded seal_inat_1,bearded seal_inat_1.jpg,Leopard Seal,bearded seal
marine,all_I=jpeg_S=3,bearded seal_inat_10,bearded seal_inat_10.jpg,Leopard Seal,bearded seal
marine,all_I=jpeg_S=3,bearded seal_inat_11,bearded seal_inat_11.jpg,Leopard Seal,bearded seal
marine,all_I=jpeg_S=3,bearded seal_inat_12,bearded seal_inat_12.jpg,Walrus,bearded seal
marine,all_I=jpeg_S=3,bearded seal_inat_13,bearded seal_inat_13.jpg,Harp Seal,bearded seal
marine,all_I=jpeg_S=3,bearded seal_inat_14,bearded seal_inat_14.jpg,Leopard Seal,bearded seal
marine,all_I=jpeg_S=3,bearded seal_inat_15,bearded seal_inat_15.jpg,Leopard Seal,bearded seal
marine,all_I=jpeg_S=3,bearded seal_inat_16,bearded seal_inat_16.jpg,Leopard Seal,bearded seal
marine,all_I=jpeg_S=3,bearded seal_inat_2,bearded seal_inat_2.jpg,Harp Seal,bearded seal
marine,all_I=jpeg_S=3,bearded seal_inat_3,bearded seal_inat_3.jpg,Bearded Seal,bearded seal
marine,all_I=jpeg_S=3,bearded seal_inat_4,bearded seal_inat_4.jpg,Leopard Seal,bearded seal
marine,all_I=jpeg_S=3,bearded seal_inat_5,bearded seal_inat_5.jpg,Bearded Seal,bearded seal
marine,all_I=jpeg_S=3,bearded seal_inat_6,bearded seal_inat_6.jpg,Leopard Seal,bearded seal
marine,all_I=jpeg_S=3,bearded seal_inat_7,bearded seal_inat_7.jpg,Leopard Seal,bearded seal
marine,all_I=jpeg_S=3,bearded seal_inat_8,bearded seal_inat_8.jpg,Walrus,bearded seal
marine,all_I=jpeg_S=3,bearded seal_inat_9,bearded seal_inat_9.jpg,Leopard Seal,bearded seal
marine,all_I=jpeg_S=3,beluga white whale_inat_1,beluga white whale_inat_1.jpg,Beluga White Whale,beluga white whale
marine,all_I=jpeg_S=3,beluga white whale_inat_10,beluga white whale_inat_10.jpg,Leopard Seal,beluga white whale
marine,all_I=jpeg_S=3,beluga white whale_inat_11,beluga white whale_inat_11.jpg,Beluga White Whale,beluga white whale
marine,all_I=jpeg_S=3,beluga white whale_inat_12,beluga white whale_inat_12.jpg,Leopard Seal,beluga white whale
marine,all_I=jpeg_S=3,beluga white whale_inat_13,beluga white whale_inat_13.jpg,Beluga White Whale,beluga white whale
marine,all_I=jpeg_S=3,beluga white whale_inat_14,beluga white whale_inat_14.jpg,Beluga White Whale,beluga white whale
marine,all_I=jpeg_S=3,beluga white whale_inat_15,beluga white whale_inat_15.jpg,Beluga White Whale,beluga white whale
marine,all_I=jpeg_S=3,beluga white whale_inat_16,beluga white whale_inat_16.jpg,Beluga White Whale,beluga white whale
marine,all_I=jpeg_S=3,beluga white whale_inat_2,beluga white whale_inat_2.jpg,Leopard Seal,beluga white whale
marine,all_I=jpeg_S=3,beluga white whale_inat_3,beluga white whale_inat_3.jpg,Beluga White Whale,beluga white whale
marine,all_I=jpeg_S=3,beluga white whale_inat_4,beluga white whale_inat_4.jpg,Bottlenose Dolphin,beluga white whale
marine,all_I=jpeg_S=3,beluga white whale_inat_5,beluga white whale_inat_5.jpg,Humpback Whale,beluga white whale
marine,all_I=jpeg_S=3,beluga white whale_inat_6,beluga white whale_inat_6.jpg,Bottlenose Dolphin,beluga white whale
marine,all_I=jpeg_S=3,beluga white whale_inat_7,beluga white whale_inat_7.jpg,White-beaked Dolphin,beluga white whale
marine,all_I=jpeg_S=3,beluga white whale_inat_8,beluga white whale_inat_8.jpg,Humpback Whale,beluga white whale
marine,all_I=jpeg_S=3,beluga white whale_inat_9,beluga white whale_inat_9.jpg,Beluga White Whale,beluga white whale
marine,all_I=jpeg_S=3,bottlenose dolphin_inat_1,bottlenose dolphin_inat_1.jpg,False Killer Whale,bottlenose dolphin
marine,all_I=jpeg_S=3,bottlenose dolphin_inat_10,bottlenose dolphin_inat_10.jpg,Bottlenose Dolphin,bottlenose dolphin
marine,all_I=jpeg_S=3,bottlenose dolphin_inat_11,bottlenose dolphin_inat_11.jpg,Bottlenose Dolphin,bottlenose dolphin
marine,all_I=jpeg_S=3,bottlenose dolphin_inat_12,bottlenose dolphin_inat_12.jpg,Bottlenose Dolphin,bottlenose dolphin
marine,all_I=jpeg_S=3,bottlenose dolphin_inat_13,bottlenose dolphin_inat_13.jpg,Bottlenose Dolphin,bottlenose dolphin
marine,all_I=jpeg_S=3,bottlenose dolphin_inat_14,bottlenose dolphin_inat_14.jpg,Bottlenose Dolphin,bottlenose dolphin
marine,all_I=jpeg_S=3,bottlenose dolphin_inat_15,bottlenose dolphin_inat_15.jpg,Bottlenose Dolphin,bottlenose dolphin
marine,all_I=jpeg_S=3,bottlenose dolphin_inat_16,bottlenose dolphin_inat_16.jpg,Bottlenose Dolphin,bottlenose dolphin
marine,all_I=jpeg_S=3,bottlenose dolphin_inat_2,bottlenose dolphin_inat_2.jpg,Bottlenose Dolphin,bottlenose dolphin
marine,all_I=jpeg_S=3,bottlenose dolphin_inat_3,bottlenose dolphin_inat_3.jpg,Bottlenose Dolphin,bottlenose dolphin
marine,all_I=jpeg_S=3,bottlenose dolphin_inat_4,bottlenose dolphin_inat_4.jpg,Bottlenose Dolphin,bottlenose dolphin
marine,all_I=jpeg_S=3,bottlenose dolphin_inat_5,bottlenose dolphin_inat_5.jpg,Common Dolphin,bottlenose dolphin
marine,all_I=jpeg_S=3,bottlenose dolphin_inat_6,bottlenose dolphin_inat_6.jpg,Bottlenose Dolphin,bottlenose dolphin
marine,all_I=jpeg_S=3,bottlenose dolphin_inat_7,bottlenose dolphin_inat_7.jpg,Bottlenose Dolphin,bottlenose dolphin
marine,all_I=jpeg_S=3,bottlenose dolphin_inat_8,bottlenose dolphin_inat_8.jpg,Bottlenose Dolphin,bottlenose dolphin
marine,all_I=jpeg_S=3,bottlenose dolphin_inat_9,bottlenose dolphin_inat_9.jpg,Bottlenose Dolphin,bottlenose dolphin
marine,all_I=jpeg_S=3,bowhead whale_matched_1,bowhead whale_matched_1.jpg,Bowhead Whale,bowhead whale
marine,all_I=jpeg_S=3,bowhead whale_matched_10,bowhead whale_matched_10.jpg,Humpback Whale,bowhead whale
marine,all_I=jpeg_S=3,bowhead whale_matched_11,bowhead whale_matched_11.jpg,Bowhead Whale,bowhead whale
marine,all_I=jpeg_S=3,bowhead whale_matched_12,bowhead whale_matched_12.jpg,Fin Finback Whale,bowhead whale
marine,all_I=jpeg_S=3,bowhead whale_matched_13,bowhead whale_matched_13.jpg,Killer Whale,bowhead whale
marine,all_I=jpeg_S=3,bowhead whale_matched_14,bowhead whale_matched_14.jpg,Killer Whale,bowhead whale
marine,all_I=jpeg_S=3,bowhead whale_matched_15,bowhead whale_matched_15.jpg,False Killer Whale,bowhead whale
marine,all_I=jpeg_S=3,bowhead whale_matched_16,bowhead whale_matched_16.jpg,Bowhead Whale,bowhead whale
marine,all_I=jpeg_S=3,bowhead whale_matched_2,bowhead whale_matched_2.jpg,Fin Finback Whale,bowhead whale
marine,all_I=jpeg_S=3,bowhead whale_matched_3,bowhead whale_matched_3.jpg,Fin Finback Whale,bowhead whale
marine,all_I=jpeg_S=3,bowhead whale_matched_4,bowhead whale_matched_4.jpg,Bowhead Whale,bowhead whale
marine,all_I=jpeg_S=3,bowhead whale_matched_5,bowhead whale_matched_5.jpg,Humpback Whale,bowhead whale
marine,all_I=jpeg_S=3,bowhead whale_matched_6,bowhead whale_matched_6.jpg,Fin Finback Whale,bowhead whale
marine,all_I=jpeg_S=3,bowhead whale_matched_7,bowhead whale_matched_7.jpg,Fin Finback Whale,bowhead whale
marine,all_I=jpeg_S=3,bowhead whale_matched_8,bowhead whale_matched_8.jpg,Humpback Whale,bowhead whale
marine,all_I=jpeg_S=3,bowhead whale_matched_9,bowhead whale_matched_9.jpg,Beluga White Whale,bowhead whale
marine,all_I=jpeg_S=3,clymene dolphin_matched_1,clymene dolphin_matched_1.jpg,Common Dolphin,clymene dolphin
marine,all_I=jpeg_S=3,clymene dolphin_matched_10,clymene dolphin_matched_10.jpg,Bottlenose Dolphin,clymene dolphin
marine,all_I=jpeg_S=3,clymene dolphin_matched_11,clymene dolphin_matched_11.jpg,Common Dolphin,clymene dolphin
marine,all_I=jpeg_S=3,clymene dolphin_matched_12,clymene dolphin_matched_12.jpg,Common Dolphin,clymene dolphin
marine,all_I=jpeg_S=3,clymene dolphin_matched_13,clymene dolphin_matched_13.jpg,Bottlenose Dolphin,clymene dolphin
marine,all_I=jpeg_S=3,clymene dolphin_matched_14,clymene dolphin_matched_14.jpg,Bottlenose Dolphin,clymene dolphin
marine,all_I=jpeg_S=3,clymene dolphin_matched_15,clymene dolphin_matched_15.jpg,Bottlenose Dolphin,clymene dolphin
marine,all_I=jpeg_S=3,clymene dolphin_matched_16,clymene dolphin_matched_16.jpg,Bottlenose Dolphin,clymene dolphin
marine,all_I=jpeg_S=3,clymene dolphin_matched_17,clymene dolphin_matched_17.jpg,White-beaked Dolphin,clymene dolphin
marine,all_I=jpeg_S=3,clymene dolphin_matched_18,clymene dolphin_matched_18.jpg,Bottlenose Dolphin,clymene dolphin
marine,all_I=jpeg_S=3,clymene dolphin_matched_19,clymene dolphin_matched_19.jpg,Common Dolphin,clymene dolphin
marine,all_I=jpeg_S=3,clymene dolphin_matched_2,clymene dolphin_matched_2.jpg,False Killer Whale,clymene dolphin
marine,all_I=jpeg_S=3,clymene dolphin_matched_3,clymene dolphin_matched_3.jpg,Bottlenose Dolphin,clymene dolphin
marine,all_I=jpeg_S=3,clymene dolphin_matched_4,clymene dolphin_matched_4.jpg,Bottlenose Dolphin,clymene dolphin
marine,all_I=jpeg_S=3,clymene dolphin_matched_5,clymene dolphin_matched_5.jpg,Bottlenose Dolphin,clymene dolphin
marine,all_I=jpeg_S=3,clymene dolphin_matched_6,clymene dolphin_matched_6.jpg,Common Dolphin,clymene dolphin
marine,all_I=jpeg_S=3,clymene dolphin_matched_7,clymene dolphin_matched_7.jpg,Bottlenose Dolphin,clymene dolphin
marine,all_I=jpeg_S=3,clymene dolphin_matched_8,clymene dolphin_matched_8.jpg,False Killer Whale,clymene dolphin
marine,all_I=jpeg_S=3,clymene dolphin_matched_9,clymene dolphin_matched_9.jpg,Common Dolphin,clymene dolphin
marine,all_I=jpeg_S=3,common dolphin_matched_1,common dolphin_matched_1.jpg,Common Dolphin,common dolphin
marine,all_I=jpeg_S=3,common dolphin_matched_10,common dolphin_matched_10.jpg,Common Dolphin,common dolphin
marine,all_I=jpeg_S=3,common dolphin_matched_11,common dolphin_matched_11.jpg,Common Dolphin,common dolphin
marine,all_I=jpeg_S=3,common dolphin_matched_12,common dolphin_matched_12.jpg,Bottlenose Dolphin,common dolphin
marine,all_I=jpeg_S=3,common dolphin_matched_13,common dolphin_matched_13.jpg,Bottlenose Dolphin,common dolphin
marine,all_I=jpeg_S=3,common dolphin_matched_14,common dolphin_matched_14.jpg,Common Dolphin,common dolphin
marine,all_I=jpeg_S=3,common dolphin_matched_15,common dolphin_matched_15.jpg,False Killer Whale,common dolphin
marine,all_I=jpeg_S=3,common dolphin_matched_16,common dolphin_matched_16.jpg,Bottlenose Dolphin,common dolphin
marine,all_I=jpeg_S=3,common dolphin_matched_17,common dolphin_matched_17.jpg,Common Dolphin,common dolphin
marine,all_I=jpeg_S=3,common dolphin_matched_18,common dolphin_matched_18.jpg,Common Dolphin,common dolphin
marine,all_I=jpeg_S=3,common dolphin_matched_19,common dolphin_matched_19.jpg,Common Dolphin,common dolphin
marine,all_I=jpeg_S=3,common dolphin_matched_2,common dolphin_matched_2.jpg,Common Dolphin,common dolphin
marine,all_I=jpeg_S=3,common dolphin_matched_20,common dolphin_matched_20.jpg,Bottlenose Dolphin,common dolphin
marine,all_I=jpeg_S=3,common dolphin_matched_21,common dolphin_matched_21.jpg,Bottlenose Dolphin,common dolphin
marine,all_I=jpeg_S=3,common dolphin_matched_22,common dolphin_matched_22.jpg,Common Dolphin,common dolphin
marine,all_I=jpeg_S=3,common dolphin_matched_23,common dolphin_matched_23.jpg,Common Dolphin,common dolphin
marine,all_I=jpeg_S=3,common dolphin_matched_24,common dolphin_matched_24.jpg,Common Dolphin,common dolphin
marine,all_I=jpeg_S=3,common dolphin_matched_25,common dolphin_matched_25.jpg,Common Dolphin,common dolphin
marine,all_I=jpeg_S=3,common dolphin_matched_26,common dolphin_matched_26.jpg,False Killer Whale,common dolphin
marine,all_I=jpeg_S=3,common dolphin_matched_27,common dolphin_matched_27.jpg,Bottlenose Dolphin,common dolphin
marine,all_I=jpeg_S=3,common dolphin_matched_28,common dolphin_matched_28.jpg,Bottlenose Dolphin,common dolphin
marine,all_I=jpeg_S=3,common dolphin_matched_29,common dolphin_matched_29.jpg,Common Dolphin,common dolphin
marine,all_I=jpeg_S=3,common dolphin_matched_3,common dolphin_matched_3.jpg,Common Dolphin,common dolphin
marine,all_I=jpeg_S=3,common dolphin_matched_30,common dolphin_matched_30.jpg,Common Dolphin,common dolphin
marine,all_I=jpeg_S=3,common dolphin_matched_31,common dolphin_matched_31.jpg,Common Dolphin,common dolphin
marine,all_I=jpeg_S=3,common dolphin_matched_32,common dolphin_matched_32.jpg,Common Dolphin,common dolphin
marine,all_I=jpeg_S=3,common dolphin_matched_33,common dolphin_matched_33.jpg,Bottlenose Dolphin,common dolphin
marine,all_I=jpeg_S=3,common dolphin_matched_34,common dolphin_matched_34.jpg,Common Dolphin,common dolphin
marine,all_I=jpeg_S=3,common dolphin_matched_35,common dolphin_matched_35.jpg,Common Dolphin,common dolphin
marine,all_I=jpeg_S=3,common dolphin_matched_36,common dolphin_matched_36.jpg,Common Dolphin,common dolphin
marine,all_I=jpeg_S=3,common dolphin_matched_4,common dolphin_matched_4.jpg,Common Dolphin,common dolphin
marine,all_I=jpeg_S=3,common dolphin_matched_5,common dolphin_matched_5.jpg,Bottlenose Dolphin,common dolphin
marine,all_I=jpeg_S=3,common dolphin_matched_6,common dolphin_matched_6.jpg,Common Dolphin,common dolphin
marine,all_I=jpeg_S=3,common dolphin_matched_7,common dolphin_matched_7.jpg,Bottlenose Dolphin,common dolphin
marine,all_I=jpeg_S=3,common dolphin_matched_8,common dolphin_matched_8.jpg,Bottlenose Dolphin,common dolphin
marine,all_I=jpeg_S=3,common dolphin_matched_9,common dolphin_matched_9.jpg,Common Dolphin,common dolphin
marine,all_I=jpeg_S=3,false killer whale_matched_1,false killer whale_matched_1.jpg,False Killer Whale,false killer whale
marine,all_I=jpeg_S=3,false killer whale_matched_10,false killer whale_matched_10.jpg,False Killer Whale,false killer whale
marine,all_I=jpeg_S=3,false killer whale_matched_11,false killer whale_matched_11.jpg,False Killer Whale,false killer whale
marine,all_I=jpeg_S=3,false killer whale_matched_12,false killer whale_matched_12.jpg,False Killer Whale,false killer whale
marine,all_I=jpeg_S=3,false killer whale_matched_13,false killer whale_matched_13.jpg,False Killer Whale,false killer whale
marine,all_I=jpeg_S=3,false killer whale_matched_14,false killer whale_matched_14.jpg,Killer Whale,false killer whale
marine,all_I=jpeg_S=3,false killer whale_matched_15,false killer whale_matched_15.jpg,False Killer Whale,false killer whale
marine,all_I=jpeg_S=3,false killer whale_matched_16,false killer whale_matched_16.jpg,False Killer Whale,false killer whale
marine,all_I=jpeg_S=3,false killer whale_matched_2,false killer whale_matched_2.jpg,False Killer Whale,false killer whale
marine,all_I=jpeg_S=3,false killer whale_matched_3,false killer whale_matched_3.jpg,False Killer Whale,false killer whale
marine,all_I=jpeg_S=3,false killer whale_matched_4,false killer whale_matched_4.jpg,False Killer Whale,false killer whale
marine,all_I=jpeg_S=3,false killer whale_matched_5,false killer whale_matched_5.jpg,Bottlenose Dolphin,false killer whale
marine,all_I=jpeg_S=3,false killer whale_matched_6,false killer whale_matched_6.jpg,False Killer Whale,false killer whale
marine,all_I=jpeg_S=3,false killer whale_matched_7,false killer whale_matched_7.jpg,False Killer Whale,false killer whale
marine,all_I=jpeg_S=3,false killer whale_matched_8,false killer whale_matched_8.jpg,False Killer Whale,false killer whale
marine,all_I=jpeg_S=3,false killer whale_matched_9,false killer whale_matched_9.jpg,False Killer Whale,false killer whale
marine,all_I=jpeg_S=3,fin finback whale_inat_1,fin finback whale_inat_1.jpg,False Killer Whale,fin finback whale
marine,all_I=jpeg_S=3,fin finback whale_inat_10,fin finback whale_inat_10.jpg,Bottlenose Dolphin,fin finback whale
marine,all_I=jpeg_S=3,fin finback whale_inat_11,fin finback whale_inat_11.jpg,Bottlenose Dolphin,fin finback whale
marine,all_I=jpeg_S=3,fin finback whale_inat_12,fin finback whale_inat_12.jpg,"None of the provided species labels match the description of the image, which appears to be a fish with a spotted pattern. The image does not depict any of the marine mammals listed in the species labels.",fin finback whale
marine,all_I=jpeg_S=3,fin finback whale_inat_13,fin finback whale_inat_13.jpg,Fin Finback Whale,fin finback whale
marine,all_I=jpeg_S=3,fin finback whale_inat_14,fin finback whale_inat_14.jpg,None of the provided species labels match the description of a jellyfish.,fin finback whale
marine,all_I=jpeg_S=3,fin finback whale_inat_15,fin finback whale_inat_15.jpg,"None of the provided species labels match the description of the image, which appears to depict a jellyfish. Therefore, the correct classification for this image is not among the given options.",fin finback whale
marine,all_I=jpeg_S=3,fin finback whale_inat_16,fin finback whale_inat_16.jpg,Bottlenose Dolphin,fin finback whale
marine,all_I=jpeg_S=3,fin finback whale_inat_2,fin finback whale_inat_2.jpg,Fin Finback Whale,fin finback whale
marine,all_I=jpeg_S=3,fin finback whale_inat_3,fin finback whale_inat_3.jpg,Fin Finback Whale,fin finback whale
marine,all_I=jpeg_S=3,fin finback whale_inat_4,fin finback whale_inat_4.jpg,Glaucus atlanticus,fin finback whale
marine,all_I=jpeg_S=3,fin finback whale_inat_5,fin finback whale_inat_5.jpg,Sperm Whale,fin finback whale
marine,all_I=jpeg_S=3,fin finback whale_inat_6,fin finback whale_inat_6.jpg,False Killer Whale,fin finback whale
marine,all_I=jpeg_S=3,fin finback whale_inat_7,fin finback whale_inat_7.jpg,White-beaked Dolphin,fin finback whale
marine,all_I=jpeg_S=3,fin finback whale_inat_8,fin finback whale_inat_8.jpg,Pantropical Spotted Dolphin,fin finback whale
marine,all_I=jpeg_S=3,fin finback whale_inat_9,fin finback whale_inat_9.jpg,Pantropical Spotted Dolphin,fin finback whale
marine,all_I=jpeg_S=3,frasers dolphin_inat_1,frasers dolphin_inat_1.jpg,Common Dolphin,frasers dolphin
marine,all_I=jpeg_S=3,frasers dolphin_inat_10,frasers dolphin_inat_10.jpg,Bottlenose Dolphin,frasers dolphin
marine,all_I=jpeg_S=3,frasers dolphin_inat_11,frasers dolphin_inat_11.jpg,Bottlenose Dolphin,frasers dolphin
marine,all_I=jpeg_S=3,frasers dolphin_inat_12,frasers dolphin_inat_12.jpg,Common Dolphin,frasers dolphin
marine,all_I=jpeg_S=3,frasers dolphin_inat_13,frasers dolphin_inat_13.jpg,Common Dolphin,frasers dolphin
marine,all_I=jpeg_S=3,frasers dolphin_inat_14,frasers dolphin_inat_14.jpg,False Killer Whale,frasers dolphin
marine,all_I=jpeg_S=3,frasers dolphin_inat_15,frasers dolphin_inat_15.jpg,False Killer Whale,frasers dolphin
marine,all_I=jpeg_S=3,frasers dolphin_inat_16,frasers dolphin_inat_16.jpg,False Killer Whale,frasers dolphin
marine,all_I=jpeg_S=3,frasers dolphin_inat_2,frasers dolphin_inat_2.jpg,Bottlenose Dolphin,frasers dolphin
marine,all_I=jpeg_S=3,frasers dolphin_inat_3,frasers dolphin_inat_3.jpg,Beluga White Whale,frasers dolphin
marine,all_I=jpeg_S=3,frasers dolphin_inat_4,frasers dolphin_inat_4.jpg,False Killer Whale,frasers dolphin
marine,all_I=jpeg_S=3,frasers dolphin_inat_5,frasers dolphin_inat_5.jpg,Bottlenose Dolphin,frasers dolphin
marine,all_I=jpeg_S=3,frasers dolphin_inat_6,frasers dolphin_inat_6.jpg,Bottlenose Dolphin,frasers dolphin
marine,all_I=jpeg_S=3,frasers dolphin_inat_7,frasers dolphin_inat_7.jpg,Bottlenose Dolphin,frasers dolphin
marine,all_I=jpeg_S=3,frasers dolphin_inat_8,frasers dolphin_inat_8.jpg,Bottlenose Dolphin,frasers dolphin
marine,all_I=jpeg_S=3,frasers dolphin_inat_9,frasers dolphin_inat_9.jpg,Bottlenose Dolphin,frasers dolphin
marine,all_I=jpeg_S=3,grampus rissos dolphin_inat_1,grampus rissos dolphin_inat_1.jpg,Bottlenose Dolphin,grampus rissos dolphin
marine,all_I=jpeg_S=3,grampus rissos dolphin_inat_10,grampus rissos dolphin_inat_10.jpg,False Killer Whale,grampus rissos dolphin
marine,all_I=jpeg_S=3,grampus rissos dolphin_inat_11,grampus rissos dolphin_inat_11.jpg,Bottlenose Dolphin,grampus rissos dolphin
marine,all_I=jpeg_S=3,grampus rissos dolphin_inat_12,grampus rissos dolphin_inat_12.jpg,Leopard Seal,grampus rissos dolphin
marine,all_I=jpeg_S=3,grampus rissos dolphin_inat_13,grampus rissos dolphin_inat_13.jpg,Leopard Seal,grampus rissos dolphin
marine,all_I=jpeg_S=3,grampus rissos dolphin_inat_14,grampus rissos dolphin_inat_14.jpg,False Killer Whale,grampus rissos dolphin
marine,all_I=jpeg_S=3,grampus rissos dolphin_inat_15,grampus rissos dolphin_inat_15.jpg,False Killer Whale,grampus rissos dolphin
marine,all_I=jpeg_S=3,grampus rissos dolphin_inat_16,grampus rissos dolphin_inat_16.jpg,False Killer Whale,grampus rissos dolphin
marine,all_I=jpeg_S=3,grampus rissos dolphin_inat_2,grampus rissos dolphin_inat_2.jpg,Bottlenose Dolphin,grampus rissos dolphin
marine,all_I=jpeg_S=3,grampus rissos dolphin_inat_3,grampus rissos dolphin_inat_3.jpg,False Killer Whale,grampus rissos dolphin
marine,all_I=jpeg_S=3,grampus rissos dolphin_inat_4,grampus rissos dolphin_inat_4.jpg,Bottlenose Dolphin,grampus rissos dolphin
marine,all_I=jpeg_S=3,grampus rissos dolphin_inat_5,grampus rissos dolphin_inat_5.jpg,False Killer Whale,grampus rissos dolphin
marine,all_I=jpeg_S=3,grampus rissos dolphin_inat_6,grampus rissos dolphin_inat_6.jpg,False Killer Whale,grampus rissos dolphin
marine,all_I=jpeg_S=3,grampus rissos dolphin_inat_7,grampus rissos dolphin_inat_7.jpg,False Killer Whale,grampus rissos dolphin
marine,all_I=jpeg_S=3,grampus rissos dolphin_inat_8,grampus rissos dolphin_inat_8.jpg,False Killer Whale,grampus rissos dolphin
marine,all_I=jpeg_S=3,grampus rissos dolphin_inat_9,grampus rissos dolphin_inat_9.jpg,False Killer Whale,grampus rissos dolphin
marine,all_I=jpeg_S=3,harp seal_matched_1,harp seal_matched_1.jpg,Harp Seal,harp seal
marine,all_I=jpeg_S=3,harp seal_matched_10,harp seal_matched_10.jpg,Harp Seal,harp seal
marine,all_I=jpeg_S=3,harp seal_matched_11,harp seal_matched_11.jpg,Harper Seal,harp seal
marine,all_I=jpeg_S=3,harp seal_matched_12,harp seal_matched_12.jpg,Harp Seal,harp seal
marine,all_I=jpeg_S=3,harp seal_matched_13,harp seal_matched_13.jpg,Harp Seal,harp seal
marine,all_I=jpeg_S=3,harp seal_matched_14,harp seal_matched_14.jpg,Leopard Seal,harp seal
marine,all_I=jpeg_S=3,harp seal_matched_15,harp seal_matched_15.jpg,Harp Seal,harp seal
marine,all_I=jpeg_S=3,harp seal_matched_16,harp seal_matched_16.jpg,Harper Seal,harp seal
marine,all_I=jpeg_S=3,harp seal_matched_2,harp seal_matched_2.jpg,Leopard Seal,harp seal
marine,all_I=jpeg_S=3,harp seal_matched_3,harp seal_matched_3.jpg,Leopard Seal,harp seal
marine,all_I=jpeg_S=3,harp seal_matched_4,harp seal_matched_4.jpg,Leopard Seal,harp seal
marine,all_I=jpeg_S=3,harp seal_matched_5,harp seal_matched_5.jpg,Harper Seal,harp seal
marine,all_I=jpeg_S=3,harp seal_matched_6,harp seal_matched_6.jpg,Harper Seal,harp seal
marine,all_I=jpeg_S=3,harp seal_matched_7,harp seal_matched_7.jpg,Leopard Seal,harp seal
marine,all_I=jpeg_S=3,harp seal_matched_8,harp seal_matched_8.jpg,Harper Seal,harp seal
marine,all_I=jpeg_S=3,harp seal_matched_9,harp seal_matched_9.jpg,Leopard Seal,harp seal
marine,all_I=jpeg_S=3,humpback whale_matched_1,humpback whale_matched_1.jpg,Humpback Whale,humpback whale
marine,all_I=jpeg_S=3,humpback whale_matched_10,humpback whale_matched_10.jpg,Humpback Whale,humpback whale
marine,all_I=jpeg_S=3,humpback whale_matched_11,humpback whale_matched_11.jpg,Humpback Whale,humpback whale
marine,all_I=jpeg_S=3,humpback whale_matched_12,humpback whale_matched_12.jpg,Humpback Whale,humpback whale
marine,all_I=jpeg_S=3,humpback whale_matched_13,humpback whale_matched_13.jpg,Humpback Whale,humpback whale
marine,all_I=jpeg_S=3,humpback whale_matched_14,humpback whale_matched_14.jpg,Humpback Whale,humpback whale
marine,all_I=jpeg_S=3,humpback whale_matched_15,humpback whale_matched_15.jpg,Humpback Whale,humpback whale
marine,all_I=jpeg_S=3,humpback whale_matched_16,humpback whale_matched_16.jpg,Humpback Whale,humpback whale
marine,all_I=jpeg_S=3,humpback whale_matched_2,humpback whale_matched_2.jpg,Humpback Whale,humpback whale
marine,all_I=jpeg_S=3,humpback whale_matched_3,humpback whale_matched_3.jpg,Humpback Whale,humpback whale
marine,all_I=jpeg_S=3,humpback whale_matched_4,humpback whale_matched_4.jpg,Humpback Whale,humpback whale
marine,all_I=jpeg_S=3,humpback whale_matched_5,humpback whale_matched_5.jpg,Humpback Whale,humpback whale
marine,all_I=jpeg_S=3,humpback whale_matched_6,humpback whale_matched_6.jpg,Humpback Whale,humpback whale
marine,all_I=jpeg_S=3,humpback whale_matched_7,humpback whale_matched_7.jpg,Humpback Whale,humpback whale
marine,all_I=jpeg_S=3,humpback whale_matched_8,humpback whale_matched_8.jpg,Humpback Whale,humpback whale
marine,all_I=jpeg_S=3,humpback whale_matched_9,humpback whale_matched_9.jpg,Humpback Whale,humpback whale
marine,all_I=jpeg_S=3,killer whale_inat_1,killer whale_inat_1.jpg,Killer Whale,killer whale
marine,all_I=jpeg_S=3,killer whale_inat_10,killer whale_inat_10.jpg,Killer Whale,killer whale
marine,all_I=jpeg_S=3,killer whale_inat_11,killer whale_inat_11.jpg,Killer Whale,killer whale
marine,all_I=jpeg_S=3,killer whale_inat_12,killer whale_inat_12.jpg,Killer Whale,killer whale
marine,all_I=jpeg_S=3,killer whale_inat_13,killer whale_inat_13.jpg,Bottlenose Dolphin,killer whale
marine,all_I=jpeg_S=3,killer whale_inat_14,killer whale_inat_14.jpg,Killer Whale,killer whale
marine,all_I=jpeg_S=3,killer whale_inat_15,killer whale_inat_15.jpg,Bottlenose Dolphin,killer whale
marine,all_I=jpeg_S=3,killer whale_inat_16,killer whale_inat_16.jpg,Killer Whale,killer whale
marine,all_I=jpeg_S=3,killer whale_inat_2,killer whale_inat_2.jpg,Killer Whale,killer whale
marine,all_I=jpeg_S=3,killer whale_inat_3,killer whale_inat_3.jpg,Killer Whale,killer whale
marine,all_I=jpeg_S=3,killer whale_inat_4,killer whale_inat_4.jpg,Killer Whale,killer whale
marine,all_I=jpeg_S=3,killer whale_inat_5,killer whale_inat_5.jpg,Killer Whale,killer whale
marine,all_I=jpeg_S=3,killer whale_inat_6,killer whale_inat_6.jpg,Killer Whale,killer whale
marine,all_I=jpeg_S=3,killer whale_inat_7,killer whale_inat_7.jpg,Killer Whale,killer whale
marine,all_I=jpeg_S=3,killer whale_inat_8,killer whale_inat_8.jpg,Killer Whale,killer whale
marine,all_I=jpeg_S=3,killer whale_inat_9,killer whale_inat_9.jpg,Killer Whale,killer whale
marine,all_I=jpeg_S=3,leopard seal_matched_1,leopard seal_matched_1.jpg,Leopard Seal,leopard seal
marine,all_I=jpeg_S=3,leopard seal_matched_10,leopard seal_matched_10.jpg,Leopard Seal,leopard seal
marine,all_I=jpeg_S=3,leopard seal_matched_11,leopard seal_matched_11.jpg,Leopard Seal,leopard seal
marine,all_I=jpeg_S=3,leopard seal_matched_12,leopard seal_matched_12.jpg,Leopard Seal,leopard seal
marine,all_I=jpeg_S=3,leopard seal_matched_13,leopard seal_matched_13.jpg,Leopard Seal,leopard seal
marine,all_I=jpeg_S=3,leopard seal_matched_14,leopard seal_matched_14.jpg,Leopard Seal,leopard seal
marine,all_I=jpeg_S=3,leopard seal_matched_15,leopard seal_matched_15.jpg,Leopard Seal,leopard seal
marine,all_I=jpeg_S=3,leopard seal_matched_16,leopard seal_matched_16.jpg,Leopard Seal,leopard seal
marine,all_I=jpeg_S=3,leopard seal_matched_2,leopard seal_matched_2.jpg,Leopard Seal,leopard seal
marine,all_I=jpeg_S=3,leopard seal_matched_3,leopard seal_matched_3.jpg,Leopard Seal,leopard seal
marine,all_I=jpeg_S=3,leopard seal_matched_4,leopard seal_matched_4.jpg,Leopard Seal,leopard seal
marine,all_I=jpeg_S=3,leopard seal_matched_5,leopard seal_matched_5.jpg,Leopard Seal,leopard seal
marine,all_I=jpeg_S=3,leopard seal_matched_6,leopard seal_matched_6.jpg,Leopard Seal,leopard seal
marine,all_I=jpeg_S=3,leopard seal_matched_7,leopard seal_matched_7.jpg,Leopard Seal,leopard seal
marine,all_I=jpeg_S=3,leopard seal_matched_8,leopard seal_matched_8.jpg,Leopard Seal,leopard seal
marine,all_I=jpeg_S=3,leopard seal_matched_9,leopard seal_matched_9.jpg,Leopard Seal,leopard seal
marine,all_I=jpeg_S=3,long-finned pilot whale_inat_1,long-finned pilot whale_inat_1.jpg,Bottlenose Dolphin,long-finned pilot whale
marine,all_I=jpeg_S=3,long-finned pilot whale_inat_10,long-finned pilot whale_inat_10.jpg,False Killer Whale,long-finned pilot whale
marine,all_I=jpeg_S=3,long-finned pilot whale_inat_11,long-finned pilot whale_inat_11.jpg,Sperm Whale,long-finned pilot whale
marine,all_I=jpeg_S=3,long-finned pilot whale_inat_12,long-finned pilot whale_inat_12.jpg,Bearded Seal,long-finned pilot whale
marine,all_I=jpeg_S=3,long-finned pilot whale_inat_13,long-finned pilot whale_inat_13.jpg,False Killer Whale,long-finned pilot whale
marine,all_I=jpeg_S=3,long-finned pilot whale_inat_14,long-finned pilot whale_inat_14.jpg,Common Dolphin,long-finned pilot whale
marine,all_I=jpeg_S=3,long-finned pilot whale_inat_15,long-finned pilot whale_inat_15.jpg,False Killer Whale,long-finned pilot whale
marine,all_I=jpeg_S=3,long-finned pilot whale_inat_16,long-finned pilot whale_inat_16.jpg,False Killer Whale,long-finned pilot whale
marine,all_I=jpeg_S=3,long-finned pilot whale_inat_2,long-finned pilot whale_inat_2.jpg,False Killer Whale,long-finned pilot whale
marine,all_I=jpeg_S=3,long-finned pilot whale_inat_3,long-finned pilot whale_inat_3.jpg,Walrus,long-finned pilot whale
marine,all_I=jpeg_S=3,long-finned pilot whale_inat_4,long-finned pilot whale_inat_4.jpg,False Killer Whale,long-finned pilot whale
marine,all_I=jpeg_S=3,long-finned pilot whale_inat_5,long-finned pilot whale_inat_5.jpg,False Killer Whale,long-finned pilot whale
marine,all_I=jpeg_S=3,long-finned pilot whale_inat_6,long-finned pilot whale_inat_6.jpg,Fin Finback Whale,long-finned pilot whale
marine,all_I=jpeg_S=3,long-finned pilot whale_inat_7,long-finned pilot whale_inat_7.jpg,False Killer Whale,long-finned pilot whale
marine,all_I=jpeg_S=3,long-finned pilot whale_inat_8,long-finned pilot whale_inat_8.jpg,Bottlenose Dolphin,long-finned pilot whale
marine,all_I=jpeg_S=3,long-finned pilot whale_inat_9,long-finned pilot whale_inat_9.jpg,False Killer Whale,long-finned pilot whale
marine,all_I=jpeg_S=3,melon headed whale_inat_1,melon headed whale_inat_1.jpg,Bottlenose Dolphin,melon headed whale
marine,all_I=jpeg_S=3,melon headed whale_inat_10,melon headed whale_inat_10.jpg,Bottlenose Dolphin,melon headed whale
marine,all_I=jpeg_S=3,melon headed whale_inat_11,melon headed whale_inat_11.jpg,Bottlenose Dolphin,melon headed whale
marine,all_I=jpeg_S=3,melon headed whale_inat_12,melon headed whale_inat_12.jpg,False Killer Whale,melon headed whale
marine,all_I=jpeg_S=3,melon headed whale_inat_13,melon headed whale_inat_13.jpg,Leopard Seal,melon headed whale
marine,all_I=jpeg_S=3,melon headed whale_inat_14,melon headed whale_inat_14.jpg,Bottlenose Dolphin,melon headed whale
marine,all_I=jpeg_S=3,melon headed whale_inat_15,melon headed whale_inat_15.jpg,Bottlenose Dolphin,melon headed whale
marine,all_I=jpeg_S=3,melon headed whale_inat_16,melon headed whale_inat_16.jpg,Bottlenose Dolphin,melon headed whale
marine,all_I=jpeg_S=3,melon headed whale_inat_2,melon headed whale_inat_2.jpg,False Killer Whale,melon headed whale
marine,all_I=jpeg_S=3,melon headed whale_inat_3,melon headed whale_inat_3.jpg,Bottlenose Dolphin,melon headed whale
marine,all_I=jpeg_S=3,melon headed whale_inat_4,melon headed whale_inat_4.jpg,Bottlenose Dolphin,melon headed whale
marine,all_I=jpeg_S=3,melon headed whale_inat_5,melon headed whale_inat_5.jpg,Bottlenose Dolphin,melon headed whale
marine,all_I=jpeg_S=3,melon headed whale_inat_6,melon headed whale_inat_6.jpg,Bottlenose Dolphin,melon headed whale
marine,all_I=jpeg_S=3,melon headed whale_inat_7,melon headed whale_inat_7.jpg,Bottlenose Dolphin,melon headed whale
marine,all_I=jpeg_S=3,melon headed whale_inat_8,melon headed whale_inat_8.jpg,Bottlenose Dolphin,melon headed whale
marine,all_I=jpeg_S=3,melon headed whale_inat_9,melon headed whale_inat_9.jpg,False Killer Whale,melon headed whale
marine,all_I=jpeg_S=3,minke whale_inat_1,minke whale_inat_1.jpg,Fin Finback Whale,minke whale
marine,all_I=jpeg_S=3,minke whale_inat_10,minke whale_inat_10.jpg,Bottlenose Dolphin,minke whale
marine,all_I=jpeg_S=3,minke whale_inat_11,minke whale_inat_11.jpg,Bottlenose Dolphin,minke whale
marine,all_I=jpeg_S=3,minke whale_inat_12,minke whale_inat_12.jpg,Fin Finback Whale,minke whale
marine,all_I=jpeg_S=3,minke whale_inat_13,minke whale_inat_13.jpg,False Killer Whale,minke whale
marine,all_I=jpeg_S=3,minke whale_inat_14,minke whale_inat_14.jpg,Humpback Whale,minke whale
marine,all_I=jpeg_S=3,minke whale_inat_15,minke whale_inat_15.jpg,"None of the species listed are associated with terrestrial environments like the one depicted in the image. The image shows a forested area, which is not a habitat for any of the marine species listed.",minke whale
marine,all_I=jpeg_S=3,minke whale_inat_16,minke whale_inat_16.jpg,Bowhead Whale,minke whale
marine,all_I=jpeg_S=3,minke whale_inat_2,minke whale_inat_2.jpg,False Killer Whale,minke whale
marine,all_I=jpeg_S=3,minke whale_inat_3,minke whale_inat_3.jpg,Killer Whale,minke whale
marine,all_I=jpeg_S=3,minke whale_inat_4,minke whale_inat_4.jpg,False Killer Whale,minke whale
marine,all_I=jpeg_S=3,minke whale_inat_5,minke whale_inat_5.jpg,Bowhead Whale,minke whale
marine,all_I=jpeg_S=3,minke whale_inat_6,minke whale_inat_6.jpg,Bowhead Whale,minke whale
marine,all_I=jpeg_S=3,minke whale_inat_7,minke whale_inat_7.jpg,Humpback Whale,minke whale
marine,all_I=jpeg_S=3,minke whale_inat_8,minke whale_inat_8.jpg,Weddell Seal,minke whale
marine,all_I=jpeg_S=3,minke whale_inat_9,minke whale_inat_9.jpg,Humpback Whale,minke whale
marine,all_I=jpeg_S=3,narwhal_matched_1,narwhal_matched_1.jpg,Narwhal,narwhal
marine,all_I=jpeg_S=3,narwhal_matched_10,narwhal_matched_10.jpg,Narwhal,narwhal
marine,all_I=jpeg_S=3,narwhal_matched_11,narwhal_matched_11.jpg,Narwhal,narwhal
marine,all_I=jpeg_S=3,narwhal_matched_12,narwhal_matched_12.jpg,Narwhal,narwhal
marine,all_I=jpeg_S=3,narwhal_matched_13,narwhal_matched_13.jpg,Narwhal,narwhal
marine,all_I=jpeg_S=3,narwhal_matched_14,narwhal_matched_14.jpg,Narwhal,narwhal
marine,all_I=jpeg_S=3,narwhal_matched_15,narwhal_matched_15.jpg,Narwhal,narwhal
marine,all_I=jpeg_S=3,narwhal_matched_16,narwhal_matched_16.jpg,Narwhal,narwhal
marine,all_I=jpeg_S=3,narwhal_matched_2,narwhal_matched_2.jpg,Narwhal,narwhal
marine,all_I=jpeg_S=3,narwhal_matched_3,narwhal_matched_3.jpg,Narwhal,narwhal
marine,all_I=jpeg_S=3,narwhal_matched_4,narwhal_matched_4.jpg,Narwhal,narwhal
marine,all_I=jpeg_S=3,narwhal_matched_5,narwhal_matched_5.jpg,Narwhal,narwhal
marine,all_I=jpeg_S=3,narwhal_matched_6,narwhal_matched_6.jpg,Narwhal,narwhal
marine,all_I=jpeg_S=3,narwhal_matched_7,narwhal_matched_7.jpg,False Killer Whale,narwhal
marine,all_I=jpeg_S=3,narwhal_matched_8,narwhal_matched_8.jpg,Narwhal,narwhal
marine,all_I=jpeg_S=3,narwhal_matched_9,narwhal_matched_9.jpg,Narwhal,narwhal
marine,all_I=jpeg_S=3,northern right whale_inat_1,northern right whale_inat_1.jpg,White-beaked Dolphin,northern right whale
marine,all_I=jpeg_S=3,northern right whale_inat_10,northern right whale_inat_10.jpg,Bottlenose Dolphin,northern right whale
marine,all_I=jpeg_S=3,northern right whale_inat_11,northern right whale_inat_11.jpg,Bottlenose Dolphin,northern right whale
marine,all_I=jpeg_S=3,northern right whale_inat_12,northern right whale_inat_12.jpg,False Killer Whale,northern right whale
marine,all_I=jpeg_S=3,northern right whale_inat_13,northern right whale_inat_13.jpg,Bottlenose Dolphin,northern right whale
marine,all_I=jpeg_S=3,northern right whale_inat_14,northern right whale_inat_14.jpg,False Killer Whale,northern right whale
marine,all_I=jpeg_S=3,northern right whale_inat_15,northern right whale_inat_15.jpg,False Killer Whale,northern right whale
marine,all_I=jpeg_S=3,northern right whale_inat_16,northern right whale_inat_16.jpg,Beluga White Whale,northern right whale
marine,all_I=jpeg_S=3,northern right whale_inat_2,northern right whale_inat_2.jpg,White-sided Dolphin,northern right whale
marine,all_I=jpeg_S=3,northern right whale_inat_3,northern right whale_inat_3.jpg,False Killer Whale,northern right whale
marine,all_I=jpeg_S=3,northern right whale_inat_4,northern right whale_inat_4.jpg,False Killer Whale,northern right whale
marine,all_I=jpeg_S=3,northern right whale_inat_5,northern right whale_inat_5.jpg,False Killer Whale,northern right whale
marine,all_I=jpeg_S=3,northern right whale_inat_6,northern right whale_inat_6.jpg,False Killer Whale,northern right whale
marine,all_I=jpeg_S=3,northern right whale_inat_7,northern right whale_inat_7.jpg,White-beaked Dolphin,northern right whale
marine,all_I=jpeg_S=3,northern right whale_inat_8,northern right whale_inat_8.jpg,Bottlenose Dolphin,northern right whale
marine,all_I=jpeg_S=3,northern right whale_inat_9,northern right whale_inat_9.jpg,False Killer Whale,northern right whale
marine,all_I=jpeg_S=3,pantropical spotted dolphin_inat_1,pantropical spotted dolphin_inat_1.jpg,Bottlenose Dolphin,pantropical spotted dolphin
marine,all_I=jpeg_S=3,pantropical spotted dolphin_inat_10,pantropical spotted dolphin_inat_10.jpg,Bottlenose Dolphin,pantropical spotted dolphin
marine,all_I=jpeg_S=3,pantropical spotted dolphin_inat_11,pantropical spotted dolphin_inat_11.jpg,Bottlenose Dolphin,pantropical spotted dolphin
marine,all_I=jpeg_S=3,pantropical spotted dolphin_inat_12,pantropical spotted dolphin_inat_12.jpg,Bottlenose Dolphin,pantropical spotted dolphin
marine,all_I=jpeg_S=3,pantropical spotted dolphin_inat_13,pantropical spotted dolphin_inat_13.jpg,Bottlenose Dolphin,pantropical spotted dolphin
marine,all_I=jpeg_S=3,pantropical spotted dolphin_inat_14,pantropical spotted dolphin_inat_14.jpg,Bottlenose Dolphin,pantropical spotted dolphin
marine,all_I=jpeg_S=3,pantropical spotted dolphin_inat_15,pantropical spotted dolphin_inat_15.jpg,Bottlenose Dolphin,pantropical spotted dolphin
marine,all_I=jpeg_S=3,pantropical spotted dolphin_inat_16,pantropical spotted dolphin_inat_16.jpg,Bottlenose Dolphin,pantropical spotted dolphin
marine,all_I=jpeg_S=3,pantropical spotted dolphin_inat_2,pantropical spotted dolphin_inat_2.jpg,Common Dolphin,pantropical spotted dolphin
marine,all_I=jpeg_S=3,pantropical spotted dolphin_inat_3,pantropical spotted dolphin_inat_3.jpg,Bottlenose Dolphin,pantropical spotted dolphin
marine,all_I=jpeg_S=3,pantropical spotted dolphin_inat_4,pantropical spotted dolphin_inat_4.jpg,Bottlenose Dolphin,pantropical spotted dolphin
marine,all_I=jpeg_S=3,pantropical spotted dolphin_inat_5,pantropical spotted dolphin_inat_5.jpg,Bottlenose Dolphin,pantropical spotted dolphin
marine,all_I=jpeg_S=3,pantropical spotted dolphin_inat_6,pantropical spotted dolphin_inat_6.jpg,Bottlenose Dolphin,pantropical spotted dolphin
marine,all_I=jpeg_S=3,pantropical spotted dolphin_inat_7,pantropical spotted dolphin_inat_7.jpg,Bottlenose Dolphin,pantropical spotted dolphin
marine,all_I=jpeg_S=3,pantropical spotted dolphin_inat_8,pantropical spotted dolphin_inat_8.jpg,Bottlenose Dolphin,pantropical spotted dolphin
marine,all_I=jpeg_S=3,pantropical spotted dolphin_inat_9,pantropical spotted dolphin_inat_9.jpg,Bottlenose Dolphin,pantropical spotted dolphin
marine,all_I=jpeg_S=3,ross seal_inat_1,ross seal_inat_1.jpg,Leopard Seal,ross seal
marine,all_I=jpeg_S=3,ross seal_inat_10,ross seal_inat_10.jpg,Harp Seal,ross seal
marine,all_I=jpeg_S=3,ross seal_inat_11,ross seal_inat_11.jpg,Leopard Seal,ross seal
marine,all_I=jpeg_S=3,ross seal_inat_12,ross seal_inat_12.jpg,Leopard Seal,ross seal
marine,all_I=jpeg_S=3,ross seal_inat_13,ross seal_inat_13.jpg,Leopard Seal,ross seal
marine,all_I=jpeg_S=3,ross seal_inat_14,ross seal_inat_14.jpg,Leopard Seal,ross seal
marine,all_I=jpeg_S=3,ross seal_inat_15,ross seal_inat_15.jpg,Leopard Seal,ross seal
marine,all_I=jpeg_S=3,ross seal_inat_16,ross seal_inat_16.jpg,Leopard Seal,ross seal
marine,all_I=jpeg_S=3,ross seal_inat_17,ross seal_inat_17.jpg,Beluga White Whale,ross seal
marine,all_I=jpeg_S=3,ross seal_inat_18,ross seal_inat_18.jpg,Walrus,ross seal
marine,all_I=jpeg_S=3,ross seal_inat_2,ross seal_inat_2.jpg,Leopard Seal,ross seal
marine,all_I=jpeg_S=3,ross seal_inat_3,ross seal_inat_3.jpg,Leopard Seal,ross seal
marine,all_I=jpeg_S=3,ross seal_inat_4,ross seal_inat_4.jpg,Leopard Seal,ross seal
marine,all_I=jpeg_S=3,ross seal_inat_5,ross seal_inat_5.jpg,Leopard Seal,ross seal
marine,all_I=jpeg_S=3,ross seal_inat_6,ross seal_inat_6.jpg,Leopard Seal,ross seal
marine,all_I=jpeg_S=3,ross seal_inat_7,ross seal_inat_7.jpg,Leopard Seal,ross seal
marine,all_I=jpeg_S=3,ross seal_inat_8,ross seal_inat_8.jpg,Leopard Seal,ross seal
marine,all_I=jpeg_S=3,ross seal_inat_9,ross seal_inat_9.jpg,Leopard Seal,ross seal
marine,all_I=jpeg_S=3,rough-toothed dolphin_inat_1,rough-toothed dolphin_inat_1.jpg,False Killer Whale,rough-toothed dolphin
marine,all_I=jpeg_S=3,rough-toothed dolphin_inat_10,rough-toothed dolphin_inat_10.jpg,Bottlenose Dolphin,rough-toothed dolphin
marine,all_I=jpeg_S=3,rough-toothed dolphin_inat_11,rough-toothed dolphin_inat_11.jpg,Bottlenose Dolphin,rough-toothed dolphin
marine,all_I=jpeg_S=3,rough-toothed dolphin_inat_12,rough-toothed dolphin_inat_12.jpg,Bottlenose Dolphin,rough-toothed dolphin
marine,all_I=jpeg_S=3,rough-toothed dolphin_inat_13,rough-toothed dolphin_inat_13.jpg,Bottlenose Dolphin,rough-toothed dolphin
marine,all_I=jpeg_S=3,rough-toothed dolphin_inat_14,rough-toothed dolphin_inat_14.jpg,False Killer Whale,rough-toothed dolphin
marine,all_I=jpeg_S=3,rough-toothed dolphin_inat_15,rough-toothed dolphin_inat_15.jpg,False Killer Whale,rough-toothed dolphin
marine,all_I=jpeg_S=3,rough-toothed dolphin_inat_16,rough-toothed dolphin_inat_16.jpg,Bottlenose Dolphin,rough-toothed dolphin
marine,all_I=jpeg_S=3,rough-toothed dolphin_inat_2,rough-toothed dolphin_inat_2.jpg,False Killer Whale,rough-toothed dolphin
marine,all_I=jpeg_S=3,rough-toothed dolphin_inat_3,rough-toothed dolphin_inat_3.jpg,Bottlenose Dolphin,rough-toothed dolphin
marine,all_I=jpeg_S=3,rough-toothed dolphin_inat_4,rough-toothed dolphin_inat_4.jpg,Bottlenose Dolphin,rough-toothed dolphin
marine,all_I=jpeg_S=3,rough-toothed dolphin_inat_5,rough-toothed dolphin_inat_5.jpg,Common Dolphin,rough-toothed dolphin
marine,all_I=jpeg_S=3,rough-toothed dolphin_inat_6,rough-toothed dolphin_inat_6.jpg,Bottlenose Dolphin,rough-toothed dolphin
marine,all_I=jpeg_S=3,rough-toothed dolphin_inat_7,rough-toothed dolphin_inat_7.jpg,Bottlenose Dolphin,rough-toothed dolphin
marine,all_I=jpeg_S=3,rough-toothed dolphin_inat_8,rough-toothed dolphin_inat_8.jpg,Bottlenose Dolphin,rough-toothed dolphin
marine,all_I=jpeg_S=3,rough-toothed dolphin_inat_9,rough-toothed dolphin_inat_9.jpg,Bottlenose Dolphin,rough-toothed dolphin
marine,all_I=jpeg_S=3,short-finned pacific pilot whale_inat_1,short-finned pacific pilot whale_inat_1.jpg,False Killer Whale,short-finned pacific pilot whale
marine,all_I=jpeg_S=3,short-finned pacific pilot whale_inat_10,short-finned pacific pilot whale_inat_10.jpg,None of the provided species labels match the description of a fish being held in someone's hand. The image does not depict any of the marine species listed.,short-finned pacific pilot whale
marine,all_I=jpeg_S=3,short-finned pacific pilot whale_inat_11,short-finned pacific pilot whale_inat_11.jpg,"None of the provided species labels match the description of a fish in the image. The image shows a fish, but it is not one of the marine species listed.",short-finned pacific pilot whale
marine,all_I=jpeg_S=3,short-finned pacific pilot whale_inat_12,short-finned pacific pilot whale_inat_12.jpg,Clymene Dolphin,short-finned pacific pilot whale
marine,all_I=jpeg_S=3,short-finned pacific pilot whale_inat_13,short-finned pacific pilot whale_inat_13.jpg,"None of the provided species labels match the fish shown in the image. The fish in the image is a freshwater species, specifically a type of sunfish, which is not listed among the marine species in the dataset.",short-finned pacific pilot whale
marine,all_I=jpeg_S=3,short-finned pacific pilot whale_inat_14,short-finned pacific pilot whale_inat_14.jpg,"None of the provided species labels match the fish shown in the image. The fish appears to be a freshwater species, possibly a sunfish or a similar type of fish, which is not listed among the marine species options.",short-finned pacific pilot whale
marine,all_I=jpeg_S=3,short-finned pacific pilot whale_inat_15,short-finned pacific pilot whale_inat_15.jpg,False Killer Whale,short-finned pacific pilot whale
marine,all_I=jpeg_S=3,short-finned pacific pilot whale_inat_16,short-finned pacific pilot whale_inat_16.jpg,Minke Whale,short-finned pacific pilot whale
marine,all_I=jpeg_S=3,short-finned pacific pilot whale_inat_17,short-finned pacific pilot whale_inat_17.jpg,False Killer Whale,short-finned pacific pilot whale
marine,all_I=jpeg_S=3,short-finned pacific pilot whale_inat_18,short-finned pacific pilot whale_inat_18.jpg,Sperm Whale,short-finned pacific pilot whale
marine,all_I=jpeg_S=3,short-finned pacific pilot whale_inat_19,short-finned pacific pilot whale_inat_19.jpg,Bottlenose Dolphin,short-finned pacific pilot whale
marine,all_I=jpeg_S=3,short-finned pacific pilot whale_inat_2,short-finned pacific pilot whale_inat_2.jpg,Bottlenose Dolphin,short-finned pacific pilot whale
marine,all_I=jpeg_S=3,short-finned pacific pilot whale_inat_20,short-finned pacific pilot whale_inat_20.jpg,Harp Seal,short-finned pacific pilot whale
marine,all_I=jpeg_S=3,short-finned pacific pilot whale_inat_3,short-finned pacific pilot whale_inat_3.jpg,None of the provided species labels match the description of a worm.,short-finned pacific pilot whale
marine,all_I=jpeg_S=3,short-finned pacific pilot whale_inat_4,short-finned pacific pilot whale_inat_4.jpg,Bottlenose Dolphin,short-finned pacific pilot whale
marine,all_I=jpeg_S=3,short-finned pacific pilot whale_inat_5,short-finned pacific pilot whale_inat_5.jpg,Bottlenose Dolphin,short-finned pacific pilot whale
marine,all_I=jpeg_S=3,short-finned pacific pilot whale_inat_6,short-finned pacific pilot whale_inat_6.jpg,None of the provided species labels match the description of a snake.,short-finned pacific pilot whale
marine,all_I=jpeg_S=3,short-finned pacific pilot whale_inat_7,short-finned pacific pilot whale_inat_7.jpg,Killer Whale,short-finned pacific pilot whale
marine,all_I=jpeg_S=3,short-finned pacific pilot whale_inat_8,short-finned pacific pilot whale_inat_8.jpg,False Killer Whale,short-finned pacific pilot whale
marine,all_I=jpeg_S=3,short-finned pacific pilot whale_inat_9,short-finned pacific pilot whale_inat_9.jpg,White-sided Dolphin,short-finned pacific pilot whale
marine,all_I=jpeg_S=3,southern right whale_inat_1,southern right whale_inat_1.jpg,White-beaked Dolphin,southern right whale
marine,all_I=jpeg_S=3,southern right whale_inat_10,southern right whale_inat_10.jpg,Bowhead Whale,southern right whale
marine,all_I=jpeg_S=3,southern right whale_inat_11,southern right whale_inat_11.jpg,False Killer Whale,southern right whale
marine,all_I=jpeg_S=3,southern right whale_inat_12,southern right whale_inat_12.jpg,White-beaked Dolphin,southern right whale
marine,all_I=jpeg_S=3,southern right whale_inat_13,southern right whale_inat_13.jpg,Beluga White Whale,southern right whale
marine,all_I=jpeg_S=3,southern right whale_inat_14,southern right whale_inat_14.jpg,Humpback Whale,southern right whale
marine,all_I=jpeg_S=3,southern right whale_inat_15,southern right whale_inat_15.jpg,Humpback Whale,southern right whale
marine,all_I=jpeg_S=3,southern right whale_inat_16,southern right whale_inat_16.jpg,Humpback Whale,southern right whale
marine,all_I=jpeg_S=3,southern right whale_inat_2,southern right whale_inat_2.jpg,Killer Whale,southern right whale
marine,all_I=jpeg_S=3,southern right whale_inat_3,southern right whale_inat_3.jpg,White-beaked Dolphin,southern right whale
marine,all_I=jpeg_S=3,southern right whale_inat_4,southern right whale_inat_4.jpg,Common Dolphin,southern right whale
marine,all_I=jpeg_S=3,southern right whale_inat_5,southern right whale_inat_5.jpg,Bottlenose Dolphin,southern right whale
marine,all_I=jpeg_S=3,southern right whale_inat_6,southern right whale_inat_6.jpg,False Killer Whale,southern right whale
marine,all_I=jpeg_S=3,southern right whale_inat_7,southern right whale_inat_7.jpg,Humpback Whale,southern right whale
marine,all_I=jpeg_S=3,southern right whale_inat_8,southern right whale_inat_8.jpg,False Killer Whale,southern right whale
marine,all_I=jpeg_S=3,southern right whale_inat_9,southern right whale_inat_9.jpg,False Killer Whale,southern right whale
marine,all_I=jpeg_S=3,sperm whale_matched_1,sperm whale_matched_1.jpg,Sperm Whale,sperm whale
marine,all_I=jpeg_S=3,sperm whale_matched_10,sperm whale_matched_10.jpg,Sperm Whale,sperm whale
marine,all_I=jpeg_S=3,sperm whale_matched_11,sperm whale_matched_11.jpg,Fin Finback Whale,sperm whale
marine,all_I=jpeg_S=3,sperm whale_matched_12,sperm whale_matched_12.jpg,Bowhead Whale,sperm whale
marine,all_I=jpeg_S=3,sperm whale_matched_13,sperm whale_matched_13.jpg,Fin Finback Whale,sperm whale
marine,all_I=jpeg_S=3,sperm whale_matched_14,sperm whale_matched_14.jpg,Fin Finback Whale,sperm whale
marine,all_I=jpeg_S=3,sperm whale_matched_15,sperm whale_matched_15.jpg,Sperm Whale,sperm whale
marine,all_I=jpeg_S=3,sperm whale_matched_16,sperm whale_matched_16.jpg,Sperm Whale,sperm whale
marine,all_I=jpeg_S=3,sperm whale_matched_2,sperm whale_matched_2.jpg,Fin Finback Whale,sperm whale
marine,all_I=jpeg_S=3,sperm whale_matched_3,sperm whale_matched_3.jpg,Fin Finback Whale,sperm whale
marine,all_I=jpeg_S=3,sperm whale_matched_4,sperm whale_matched_4.jpg,Sperm Whale,sperm whale
marine,all_I=jpeg_S=3,sperm whale_matched_5,sperm whale_matched_5.jpg,Fin Finback Whale,sperm whale
marine,all_I=jpeg_S=3,sperm whale_matched_6,sperm whale_matched_6.jpg,Fin Finback Whale,sperm whale
marine,all_I=jpeg_S=3,sperm whale_matched_7,sperm whale_matched_7.jpg,Sperm Whale,sperm whale
marine,all_I=jpeg_S=3,sperm whale_matched_8,sperm whale_matched_8.jpg,Sperm Whale,sperm whale
marine,all_I=jpeg_S=3,sperm whale_matched_9,sperm whale_matched_9.jpg,Fin Finback Whale,sperm whale
marine,all_I=jpeg_S=3,spinner dolphin_matched_1,spinner dolphin_matched_1.jpg,Common Dolphin,spinner dolphin
marine,all_I=jpeg_S=3,spinner dolphin_matched_10,spinner dolphin_matched_10.jpg,Bottlenose Dolphin,spinner dolphin
marine,all_I=jpeg_S=3,spinner dolphin_matched_11,spinner dolphin_matched_11.jpg,Bottlenose Dolphin,spinner dolphin
marine,all_I=jpeg_S=3,spinner dolphin_matched_12,spinner dolphin_matched_12.jpg,Bottlenose Dolphin,spinner dolphin
marine,all_I=jpeg_S=3,spinner dolphin_matched_13,spinner dolphin_matched_13.jpg,Bottlenose Dolphin,spinner dolphin
marine,all_I=jpeg_S=3,spinner dolphin_matched_14,spinner dolphin_matched_14.jpg,Common Dolphin,spinner dolphin
marine,all_I=jpeg_S=3,spinner dolphin_matched_15,spinner dolphin_matched_15.jpg,Bottlenose Dolphin,spinner dolphin
marine,all_I=jpeg_S=3,spinner dolphin_matched_16,spinner dolphin_matched_16.jpg,Bottlenose Dolphin,spinner dolphin
marine,all_I=jpeg_S=3,spinner dolphin_matched_17,spinner dolphin_matched_17.jpg,Bottlenose Dolphin,spinner dolphin
marine,all_I=jpeg_S=3,spinner dolphin_matched_18,spinner dolphin_matched_18.jpg,Bottlenose Dolphin,spinner dolphin
marine,all_I=jpeg_S=3,spinner dolphin_matched_2,spinner dolphin_matched_2.jpg,Common Dolphin,spinner dolphin
marine,all_I=jpeg_S=3,spinner dolphin_matched_3,spinner dolphin_matched_3.jpg,Bottlenose Dolphin,spinner dolphin
marine,all_I=jpeg_S=3,spinner dolphin_matched_4,spinner dolphin_matched_4.jpg,Bottlenose Dolphin,spinner dolphin
marine,all_I=jpeg_S=3,spinner dolphin_matched_5,spinner dolphin_matched_5.jpg,Common Dolphin,spinner dolphin
marine,all_I=jpeg_S=3,spinner dolphin_matched_6,spinner dolphin_matched_6.jpg,Bottlenose Dolphin,spinner dolphin
marine,all_I=jpeg_S=3,spinner dolphin_matched_7,spinner dolphin_matched_7.jpg,Bottlenose Dolphin,spinner dolphin
marine,all_I=jpeg_S=3,spinner dolphin_matched_8,spinner dolphin_matched_8.jpg,Clymene Dolphin,spinner dolphin
marine,all_I=jpeg_S=3,spinner dolphin_matched_9,spinner dolphin_matched_9.jpg,Bottlenose Dolphin,spinner dolphin
marine,all_I=jpeg_S=3,striped dolphin_matched_1,striped dolphin_matched_1.jpg,Bottlenose Dolphin,striped dolphin
marine,all_I=jpeg_S=3,striped dolphin_matched_10,striped dolphin_matched_10.jpg,Common Dolphin,striped dolphin
marine,all_I=jpeg_S=3,striped dolphin_matched_11,striped dolphin_matched_11.jpg,Common Dolphin,striped dolphin
marine,all_I=jpeg_S=3,striped dolphin_matched_12,striped dolphin_matched_12.jpg,Bottlenose Dolphin,striped dolphin
marine,all_I=jpeg_S=3,striped dolphin_matched_13,striped dolphin_matched_13.jpg,Common Dolphin,striped dolphin
marine,all_I=jpeg_S=3,striped dolphin_matched_14,striped dolphin_matched_14.jpg,Bottlenose Dolphin,striped dolphin
marine,all_I=jpeg_S=3,striped dolphin_matched_15,striped dolphin_matched_15.jpg,Bottlenose Dolphin,striped dolphin
marine,all_I=jpeg_S=3,striped dolphin_matched_16,striped dolphin_matched_16.jpg,Bottlenose Dolphin,striped dolphin
marine,all_I=jpeg_S=3,striped dolphin_matched_17,striped dolphin_matched_17.jpg,Bottlenose Dolphin,striped dolphin
marine,all_I=jpeg_S=3,striped dolphin_matched_18,striped dolphin_matched_18.jpg,False Killer Whale,striped dolphin
marine,all_I=jpeg_S=3,striped dolphin_matched_19,striped dolphin_matched_19.jpg,Common Dolphin,striped dolphin
marine,all_I=jpeg_S=3,striped dolphin_matched_2,striped dolphin_matched_2.jpg,Bottlenose Dolphin,striped dolphin
marine,all_I=jpeg_S=3,striped dolphin_matched_20,striped dolphin_matched_20.jpg,Common Dolphin,striped dolphin
marine,all_I=jpeg_S=3,striped dolphin_matched_21,striped dolphin_matched_21.jpg,Bottlenose Dolphin,striped dolphin
marine,all_I=jpeg_S=3,striped dolphin_matched_22,striped dolphin_matched_22.jpg,Common Dolphin,striped dolphin
marine,all_I=jpeg_S=3,striped dolphin_matched_23,striped dolphin_matched_23.jpg,Pantropical Spotted Dolphin,striped dolphin
marine,all_I=jpeg_S=3,striped dolphin_matched_24,striped dolphin_matched_24.jpg,Common Dolphin,striped dolphin
marine,all_I=jpeg_S=3,striped dolphin_matched_25,striped dolphin_matched_25.jpg,Common Dolphin,striped dolphin
marine,all_I=jpeg_S=3,striped dolphin_matched_26,striped dolphin_matched_26.jpg,Common Dolphin,striped dolphin
marine,all_I=jpeg_S=3,striped dolphin_matched_27,striped dolphin_matched_27.jpg,Common Dolphin,striped dolphin
marine,all_I=jpeg_S=3,striped dolphin_matched_28,striped dolphin_matched_28.jpg,Common Dolphin,striped dolphin
marine,all_I=jpeg_S=3,striped dolphin_matched_29,striped dolphin_matched_29.jpg,Bottlenose Dolphin,striped dolphin
marine,all_I=jpeg_S=3,striped dolphin_matched_3,striped dolphin_matched_3.jpg,Bottlenose Dolphin,striped dolphin
marine,all_I=jpeg_S=3,striped dolphin_matched_30,striped dolphin_matched_30.jpg,Bottlenose Dolphin,striped dolphin
marine,all_I=jpeg_S=3,striped dolphin_matched_31,striped dolphin_matched_31.jpg,False Killer Whale,striped dolphin
marine,all_I=jpeg_S=3,striped dolphin_matched_32,striped dolphin_matched_32.jpg,Common Dolphin,striped dolphin
marine,all_I=jpeg_S=3,striped dolphin_matched_33,striped dolphin_matched_33.jpg,False Killer Whale,striped dolphin
marine,all_I=jpeg_S=3,striped dolphin_matched_4,striped dolphin_matched_4.jpg,Bottlenose Dolphin,striped dolphin
marine,all_I=jpeg_S=3,striped dolphin_matched_5,striped dolphin_matched_5.jpg,False Killer Whale,striped dolphin
marine,all_I=jpeg_S=3,striped dolphin_matched_6,striped dolphin_matched_6.jpg,Bottlenose Dolphin,striped dolphin
marine,all_I=jpeg_S=3,striped dolphin_matched_7,striped dolphin_matched_7.jpg,Bottlenose Dolphin,striped dolphin
marine,all_I=jpeg_S=3,striped dolphin_matched_8,striped dolphin_matched_8.jpg,Common Dolphin,striped dolphin
marine,all_I=jpeg_S=3,striped dolphin_matched_9,striped dolphin_matched_9.jpg,Bottlenose Dolphin,striped dolphin
marine,all_I=jpeg_S=3,walrus_matched_1,walrus_matched_1.jpg,Walrus,walrus
marine,all_I=jpeg_S=3,walrus_matched_10,walrus_matched_10.jpg,Walrus,walrus
marine,all_I=jpeg_S=3,walrus_matched_11,walrus_matched_11.jpg,Walrus,walrus
marine,all_I=jpeg_S=3,walrus_matched_12,walrus_matched_12.jpg,Walrus,walrus
marine,all_I=jpeg_S=3,walrus_matched_13,walrus_matched_13.jpg,Walrus,walrus
marine,all_I=jpeg_S=3,walrus_matched_14,walrus_matched_14.jpg,Walrus,walrus
marine,all_I=jpeg_S=3,walrus_matched_15,walrus_matched_15.jpg,Walrus,walrus
marine,all_I=jpeg_S=3,walrus_matched_16,walrus_matched_16.jpg,Walrus,walrus
marine,all_I=jpeg_S=3,walrus_matched_17,walrus_matched_17.jpg,Walrus,walrus
marine,all_I=jpeg_S=3,walrus_matched_18,walrus_matched_18.jpg,Walrus,walrus
marine,all_I=jpeg_S=3,walrus_matched_19,walrus_matched_19.jpg,Walrus,walrus
marine,all_I=jpeg_S=3,walrus_matched_2,walrus_matched_2.jpg,Walrus,walrus
marine,all_I=jpeg_S=3,walrus_matched_20,walrus_matched_20.jpg,Walrus,walrus
marine,all_I=jpeg_S=3,walrus_matched_21,walrus_matched_21.jpg,Walrus,walrus
marine,all_I=jpeg_S=3,walrus_matched_22,walrus_matched_22.jpg,Walrus,walrus
marine,all_I=jpeg_S=3,walrus_matched_23,walrus_matched_23.jpg,Walrus,walrus
marine,all_I=jpeg_S=3,walrus_matched_24,walrus_matched_24.jpg,Walrus,walrus
marine,all_I=jpeg_S=3,walrus_matched_25,walrus_matched_25.jpg,Walrus,walrus
marine,all_I=jpeg_S=3,walrus_matched_26,walrus_matched_26.jpg,Walrus,walrus
marine,all_I=jpeg_S=3,walrus_matched_27,walrus_matched_27.jpg,Walrus,walrus
marine,all_I=jpeg_S=3,walrus_matched_28,walrus_matched_28.jpg,Walrus,walrus
marine,all_I=jpeg_S=3,walrus_matched_29,walrus_matched_29.jpg,Walrus,walrus
marine,all_I=jpeg_S=3,walrus_matched_3,walrus_matched_3.jpg,Walrus,walrus
marine,all_I=jpeg_S=3,walrus_matched_30,walrus_matched_30.jpg,Walrus,walrus
marine,all_I=jpeg_S=3,walrus_matched_31,walrus_matched_31.jpg,Walrus,walrus
marine,all_I=jpeg_S=3,walrus_matched_32,walrus_matched_32.jpg,Walrus,walrus
marine,all_I=jpeg_S=3,walrus_matched_33,walrus_matched_33.jpg,Walrus,walrus
marine,all_I=jpeg_S=3,walrus_matched_34,walrus_matched_34.jpg,Walrus,walrus
marine,all_I=jpeg_S=3,walrus_matched_35,walrus_matched_35.jpg,Walrus,walrus
marine,all_I=jpeg_S=3,walrus_matched_36,walrus_matched_36.jpg,Sperm Whale,walrus
marine,all_I=jpeg_S=3,walrus_matched_4,walrus_matched_4.jpg,Walrus,walrus
marine,all_I=jpeg_S=3,walrus_matched_5,walrus_matched_5.jpg,Walrus,walrus
marine,all_I=jpeg_S=3,walrus_matched_6,walrus_matched_6.jpg,Walrus,walrus
marine,all_I=jpeg_S=3,walrus_matched_7,walrus_matched_7.jpg,Walrus,walrus
marine,all_I=jpeg_S=3,walrus_matched_8,walrus_matched_8.jpg,Walrus,walrus
marine,all_I=jpeg_S=3,walrus_matched_9,walrus_matched_9.jpg,Walrus,walrus
marine,all_I=jpeg_S=3,weddell seal_matched_1,weddell seal_matched_1.jpg,Harp Seal,weddell seal
marine,all_I=jpeg_S=3,weddell seal_matched_10,weddell seal_matched_10.jpg,Harbor Seal,weddell seal
marine,all_I=jpeg_S=3,weddell seal_matched_11,weddell seal_matched_11.jpg,Leopard Seal,weddell seal
marine,all_I=jpeg_S=3,weddell seal_matched_12,weddell seal_matched_12.jpg,Leopard Seal,weddell seal
marine,all_I=jpeg_S=3,weddell seal_matched_13,weddell seal_matched_13.jpg,Leopard Seal,weddell seal
marine,all_I=jpeg_S=3,weddell seal_matched_14,weddell seal_matched_14.jpg,Leopard Seal,weddell seal
marine,all_I=jpeg_S=3,weddell seal_matched_15,weddell seal_matched_15.jpg,Leopard Seal,weddell seal
marine,all_I=jpeg_S=3,weddell seal_matched_16,weddell seal_matched_16.jpg,Leopard Seal,weddell seal
marine,all_I=jpeg_S=3,weddell seal_matched_2,weddell seal_matched_2.jpg,Leopard Seal,weddell seal
marine,all_I=jpeg_S=3,weddell seal_matched_3,weddell seal_matched_3.jpg,Harper Seal,weddell seal
marine,all_I=jpeg_S=3,weddell seal_matched_4,weddell seal_matched_4.jpg,Leopard Seal,weddell seal
marine,all_I=jpeg_S=3,weddell seal_matched_5,weddell seal_matched_5.jpg,Leopard Seal,weddell seal
marine,all_I=jpeg_S=3,weddell seal_matched_6,weddell seal_matched_6.jpg,Leopard Seal,weddell seal
marine,all_I=jpeg_S=3,weddell seal_matched_7,weddell seal_matched_7.jpg,Leopard Seal,weddell seal
marine,all_I=jpeg_S=3,weddell seal_matched_8,weddell seal_matched_8.jpg,Leopard Seal,weddell seal
marine,all_I=jpeg_S=3,weddell seal_matched_9,weddell seal_matched_9.jpg,Harper Seal,weddell seal
marine,all_I=jpeg_S=3,white-beaked dolphin_matched_1,white-beaked dolphin_matched_1.jpg,False Killer Whale,white-beaked dolphin
marine,all_I=jpeg_S=3,white-beaked dolphin_matched_10,white-beaked dolphin_matched_10.jpg,Bottlenose Dolphin,white-beaked dolphin
marine,all_I=jpeg_S=3,white-beaked dolphin_matched_11,white-beaked dolphin_matched_11.jpg,White-sided Dolphin,white-beaked dolphin
marine,all_I=jpeg_S=3,white-beaked dolphin_matched_12,white-beaked dolphin_matched_12.jpg,False Killer Whale,white-beaked dolphin
marine,all_I=jpeg_S=3,white-beaked dolphin_matched_13,white-beaked dolphin_matched_13.jpg,False Killer Whale,white-beaked dolphin
marine,all_I=jpeg_S=3,white-beaked dolphin_matched_14,white-beaked dolphin_matched_14.jpg,Bottlenose Dolphin,white-beaked dolphin
marine,all_I=jpeg_S=3,white-beaked dolphin_matched_15,white-beaked dolphin_matched_15.jpg,Bottlenose Dolphin,white-beaked dolphin
marine,all_I=jpeg_S=3,white-beaked dolphin_matched_16,white-beaked dolphin_matched_16.jpg,False Killer Whale,white-beaked dolphin
marine,all_I=jpeg_S=3,white-beaked dolphin_matched_2,white-beaked dolphin_matched_2.jpg,Common Dolphin,white-beaked dolphin
marine,all_I=jpeg_S=3,white-beaked dolphin_matched_3,white-beaked dolphin_matched_3.jpg,False Killer Whale,white-beaked dolphin
marine,all_I=jpeg_S=3,white-beaked dolphin_matched_4,white-beaked dolphin_matched_4.jpg,False Killer Whale,white-beaked dolphin
marine,all_I=jpeg_S=3,white-beaked dolphin_matched_5,white-beaked dolphin_matched_5.jpg,Bottlenose Dolphin,white-beaked dolphin
marine,all_I=jpeg_S=3,white-beaked dolphin_matched_6,white-beaked dolphin_matched_6.jpg,Bottlenose Dolphin,white-beaked dolphin
marine,all_I=jpeg_S=3,white-beaked dolphin_matched_7,white-beaked dolphin_matched_7.jpg,Bottlenose Dolphin,white-beaked dolphin
marine,all_I=jpeg_S=3,white-beaked dolphin_matched_8,white-beaked dolphin_matched_8.jpg,Bottlenose Dolphin,white-beaked dolphin
marine,all_I=jpeg_S=3,white-beaked dolphin_matched_9,white-beaked dolphin_matched_9.jpg,Common Dolphin,white-beaked dolphin
marine,all_I=jpeg_S=3,white-sided dolphin_inat_1,white-sided dolphin_inat_1.jpg,Common Dolphin,white-sided dolphin
marine,all_I=jpeg_S=3,white-sided dolphin_inat_10,white-sided dolphin_inat_10.jpg,Bottlenose Dolphin,white-sided dolphin
marine,all_I=jpeg_S=3,white-sided dolphin_inat_11,white-sided dolphin_inat_11.jpg,Bottlenose Dolphin,white-sided dolphin
marine,all_I=jpeg_S=3,white-sided dolphin_inat_12,white-sided dolphin_inat_12.jpg,Bottlenose Dolphin,white-sided dolphin
marine,all_I=jpeg_S=3,white-sided dolphin_inat_13,white-sided dolphin_inat_13.jpg,Common Dolphin,white-sided dolphin
marine,all_I=jpeg_S=3,white-sided dolphin_inat_14,white-sided dolphin_inat_14.jpg,Common Dolphin,white-sided dolphin
marine,all_I=jpeg_S=3,white-sided dolphin_inat_15,white-sided dolphin_inat_15.jpg,Bottlenose Dolphin,white-sided dolphin
marine,all_I=jpeg_S=3,white-sided dolphin_inat_16,white-sided dolphin_inat_16.jpg,False Killer Whale,white-sided dolphin
marine,all_I=jpeg_S=3,white-sided dolphin_inat_2,white-sided dolphin_inat_2.jpg,Common Dolphin,white-sided dolphin
marine,all_I=jpeg_S=3,white-sided dolphin_inat_3,white-sided dolphin_inat_3.jpg,Bottlenose Dolphin,white-sided dolphin
marine,all_I=jpeg_S=3,white-sided dolphin_inat_4,white-sided dolphin_inat_4.jpg,Bottlenose Dolphin,white-sided dolphin
marine,all_I=jpeg_S=3,white-sided dolphin_inat_5,white-sided dolphin_inat_5.jpg,Bottlenose Dolphin,white-sided dolphin
marine,all_I=jpeg_S=3,white-sided dolphin_inat_6,white-sided dolphin_inat_6.jpg,Bottlenose Dolphin,white-sided dolphin
marine,all_I=jpeg_S=3,white-sided dolphin_inat_7,white-sided dolphin_inat_7.jpg,Bottlenose Dolphin,white-sided dolphin
marine,all_I=jpeg_S=3,white-sided dolphin_inat_8,white-sided dolphin_inat_8.jpg,False Killer Whale,white-sided dolphin
marine,all_I=jpeg_S=3,white-sided dolphin_inat_9,white-sided dolphin_inat_9.jpg,Bottlenose Dolphin,white-sided dolphin
marine,all_I=motion_blur_S=3,atlantic spotted dolphin_matched_1,atlantic spotted dolphin_matched_1.jpg,Pantropical Spotted Dolphin,atlantic spotted dolphin
marine,all_I=motion_blur_S=3,atlantic spotted dolphin_matched_10,atlantic spotted dolphin_matched_10.jpg,Pantropical Spotted Dolphin,atlantic spotted dolphin
marine,all_I=motion_blur_S=3,atlantic spotted dolphin_matched_11,atlantic spotted dolphin_matched_11.jpg,Bottlenose Dolphin,atlantic spotted dolphin
marine,all_I=motion_blur_S=3,atlantic spotted dolphin_matched_12,atlantic spotted dolphin_matched_12.jpg,Pantropical Spotted Dolphin,atlantic spotted dolphin
marine,all_I=motion_blur_S=3,atlantic spotted dolphin_matched_13,atlantic spotted dolphin_matched_13.jpg,Pantropical Spotted Dolphin,atlantic spotted dolphin
marine,all_I=motion_blur_S=3,atlantic spotted dolphin_matched_14,atlantic spotted dolphin_matched_14.jpg,Pantropical Spotted Dolphin,atlantic spotted dolphin
marine,all_I=motion_blur_S=3,atlantic spotted dolphin_matched_15,atlantic spotted dolphin_matched_15.jpg,Bottlenose Dolphin,atlantic spotted dolphin
marine,all_I=motion_blur_S=3,atlantic spotted dolphin_matched_16,atlantic spotted dolphin_matched_16.jpg,White-beaked Dolphin,atlantic spotted dolphin
marine,all_I=motion_blur_S=3,atlantic spotted dolphin_matched_17,atlantic spotted dolphin_matched_17.jpg,Bottlenose Dolphin,atlantic spotted dolphin
marine,all_I=motion_blur_S=3,atlantic spotted dolphin_matched_18,atlantic spotted dolphin_matched_18.jpg,Atlantic Spotted Dolphin,atlantic spotted dolphin
marine,all_I=motion_blur_S=3,atlantic spotted dolphin_matched_19,atlantic spotted dolphin_matched_19.jpg,Common Dolphin,atlantic spotted dolphin
marine,all_I=motion_blur_S=3,atlantic spotted dolphin_matched_2,atlantic spotted dolphin_matched_2.jpg,Bottlenose Dolphin,atlantic spotted dolphin
marine,all_I=motion_blur_S=3,atlantic spotted dolphin_matched_20,atlantic spotted dolphin_matched_20.jpg,Bottlenose Dolphin,atlantic spotted dolphin
marine,all_I=motion_blur_S=3,atlantic spotted dolphin_matched_21,atlantic spotted dolphin_matched_21.jpg,Common Dolphin,atlantic spotted dolphin
marine,all_I=motion_blur_S=3,atlantic spotted dolphin_matched_22,atlantic spotted dolphin_matched_22.jpg,Pantropical Spotted Dolphin,atlantic spotted dolphin
marine,all_I=motion_blur_S=3,atlantic spotted dolphin_matched_23,atlantic spotted dolphin_matched_23.jpg,Pantropical Spotted Dolphin,atlantic spotted dolphin
marine,all_I=motion_blur_S=3,atlantic spotted dolphin_matched_3,atlantic spotted dolphin_matched_3.jpg,Bottlenose Dolphin,atlantic spotted dolphin
marine,all_I=motion_blur_S=3,atlantic spotted dolphin_matched_4,atlantic spotted dolphin_matched_4.jpg,Bottlenose Dolphin,atlantic spotted dolphin
marine,all_I=motion_blur_S=3,atlantic spotted dolphin_matched_5,atlantic spotted dolphin_matched_5.jpg,Clymene Dolphin,atlantic spotted dolphin
marine,all_I=motion_blur_S=3,atlantic spotted dolphin_matched_6,atlantic spotted dolphin_matched_6.jpg,Clymene Dolphin,atlantic spotted dolphin
marine,all_I=motion_blur_S=3,atlantic spotted dolphin_matched_7,atlantic spotted dolphin_matched_7.jpg,Bottlenose Dolphin,atlantic spotted dolphin
marine,all_I=motion_blur_S=3,atlantic spotted dolphin_matched_8,atlantic spotted dolphin_matched_8.jpg,Bottlenose Dolphin,atlantic spotted dolphin
marine,all_I=motion_blur_S=3,atlantic spotted dolphin_matched_9,atlantic spotted dolphin_matched_9.jpg,Bottlenose Dolphin,atlantic spotted dolphin
marine,all_I=motion_blur_S=3,bearded seal_inat_1,bearded seal_inat_1.jpg,Leopard Seal,bearded seal
marine,all_I=motion_blur_S=3,bearded seal_inat_10,bearded seal_inat_10.jpg,Harp Seal,bearded seal
marine,all_I=motion_blur_S=3,bearded seal_inat_11,bearded seal_inat_11.jpg,Leopard Seal,bearded seal
marine,all_I=motion_blur_S=3,bearded seal_inat_12,bearded seal_inat_12.jpg,Harp Seal,bearded seal
marine,all_I=motion_blur_S=3,bearded seal_inat_13,bearded seal_inat_13.jpg,Leopard Seal,bearded seal
marine,all_I=motion_blur_S=3,bearded seal_inat_14,bearded seal_inat_14.jpg,Leopard Seal,bearded seal
marine,all_I=motion_blur_S=3,bearded seal_inat_15,bearded seal_inat_15.jpg,Leopard Seal,bearded seal
marine,all_I=motion_blur_S=3,bearded seal_inat_16,bearded seal_inat_16.jpg,Leopard Seal,bearded seal
marine,all_I=motion_blur_S=3,bearded seal_inat_2,bearded seal_inat_2.jpg,Harp Seal,bearded seal
marine,all_I=motion_blur_S=3,bearded seal_inat_3,bearded seal_inat_3.jpg,Harp Seal,bearded seal
marine,all_I=motion_blur_S=3,bearded seal_inat_4,bearded seal_inat_4.jpg,Leopard Seal,bearded seal
marine,all_I=motion_blur_S=3,bearded seal_inat_5,bearded seal_inat_5.jpg,Harp Seal,bearded seal
marine,all_I=motion_blur_S=3,bearded seal_inat_6,bearded seal_inat_6.jpg,Leopard Seal,bearded seal
marine,all_I=motion_blur_S=3,bearded seal_inat_7,bearded seal_inat_7.jpg,Leopard Seal,bearded seal
marine,all_I=motion_blur_S=3,bearded seal_inat_8,bearded seal_inat_8.jpg,Leopard Seal,bearded seal
marine,all_I=motion_blur_S=3,bearded seal_inat_9,bearded seal_inat_9.jpg,Leopard Seal,bearded seal
marine,all_I=motion_blur_S=3,beluga white whale_inat_1,beluga white whale_inat_1.jpg,White-beaked Dolphin,beluga white whale
marine,all_I=motion_blur_S=3,beluga white whale_inat_10,beluga white whale_inat_10.jpg,Bottlenose Dolphin,beluga white whale
marine,all_I=motion_blur_S=3,beluga white whale_inat_11,beluga white whale_inat_11.jpg,Humpback Whale,beluga white whale
marine,all_I=motion_blur_S=3,beluga white whale_inat_12,beluga white whale_inat_12.jpg,False Killer Whale,beluga white whale
marine,all_I=motion_blur_S=3,beluga white whale_inat_13,beluga white whale_inat_13.jpg,Beluga White Whale,beluga white whale
marine,all_I=motion_blur_S=3,beluga white whale_inat_14,beluga white whale_inat_14.jpg,Beluga White Whale,beluga white whale
marine,all_I=motion_blur_S=3,beluga white whale_inat_15,beluga white whale_inat_15.jpg,Beluga White Whale,beluga white whale
marine,all_I=motion_blur_S=3,beluga white whale_inat_16,beluga white whale_inat_16.jpg,Beluga White Whale,beluga white whale
marine,all_I=motion_blur_S=3,beluga white whale_inat_2,beluga white whale_inat_2.jpg,Bottlenose Dolphin,beluga white whale
marine,all_I=motion_blur_S=3,beluga white whale_inat_3,beluga white whale_inat_3.jpg,Beluga White Whale,beluga white whale
marine,all_I=motion_blur_S=3,beluga white whale_inat_4,beluga white whale_inat_4.jpg,False Killer Whale,beluga white whale
marine,all_I=motion_blur_S=3,beluga white whale_inat_5,beluga white whale_inat_5.jpg,False Killer Whale,beluga white whale
marine,all_I=motion_blur_S=3,beluga white whale_inat_6,beluga white whale_inat_6.jpg,Common Dolphin,beluga white whale
marine,all_I=motion_blur_S=3,beluga white whale_inat_7,beluga white whale_inat_7.jpg,Beluga White Whale,beluga white whale
marine,all_I=motion_blur_S=3,beluga white whale_inat_8,beluga white whale_inat_8.jpg,False Killer Whale,beluga white whale
marine,all_I=motion_blur_S=3,beluga white whale_inat_9,beluga white whale_inat_9.jpg,False Killer Whale,beluga white whale
marine,all_I=motion_blur_S=3,bottlenose dolphin_inat_1,bottlenose dolphin_inat_1.jpg,Killer Whale,bottlenose dolphin
marine,all_I=motion_blur_S=3,bottlenose dolphin_inat_10,bottlenose dolphin_inat_10.jpg,Bottlenose Dolphin,bottlenose dolphin
marine,all_I=motion_blur_S=3,bottlenose dolphin_inat_11,bottlenose dolphin_inat_11.jpg,Bottlenose Dolphin,bottlenose dolphin
marine,all_I=motion_blur_S=3,bottlenose dolphin_inat_12,bottlenose dolphin_inat_12.jpg,Common Dolphin,bottlenose dolphin
marine,all_I=motion_blur_S=3,bottlenose dolphin_inat_13,bottlenose dolphin_inat_13.jpg,Bottlenose Dolphin,bottlenose dolphin
marine,all_I=motion_blur_S=3,bottlenose dolphin_inat_14,bottlenose dolphin_inat_14.jpg,Bottlenose Dolphin,bottlenose dolphin
marine,all_I=motion_blur_S=3,bottlenose dolphin_inat_15,bottlenose dolphin_inat_15.jpg,Common Dolphin,bottlenose dolphin
marine,all_I=motion_blur_S=3,bottlenose dolphin_inat_16,bottlenose dolphin_inat_16.jpg,Bottlenose Dolphin,bottlenose dolphin
marine,all_I=motion_blur_S=3,bottlenose dolphin_inat_2,bottlenose dolphin_inat_2.jpg,False Killer Whale,bottlenose dolphin
marine,all_I=motion_blur_S=3,bottlenose dolphin_inat_3,bottlenose dolphin_inat_3.jpg,Bottlenose Dolphin,bottlenose dolphin
marine,all_I=motion_blur_S=3,bottlenose dolphin_inat_4,bottlenose dolphin_inat_4.jpg,Bottlenose Dolphin,bottlenose dolphin
marine,all_I=motion_blur_S=3,bottlenose dolphin_inat_5,bottlenose dolphin_inat_5.jpg,Bottlenose Dolphin,bottlenose dolphin
marine,all_I=motion_blur_S=3,bottlenose dolphin_inat_6,bottlenose dolphin_inat_6.jpg,Bottlenose Dolphin,bottlenose dolphin
marine,all_I=motion_blur_S=3,bottlenose dolphin_inat_7,bottlenose dolphin_inat_7.jpg,Bottlenose Dolphin,bottlenose dolphin
marine,all_I=motion_blur_S=3,bottlenose dolphin_inat_8,bottlenose dolphin_inat_8.jpg,Bottlenose Dolphin,bottlenose dolphin
marine,all_I=motion_blur_S=3,bottlenose dolphin_inat_9,bottlenose dolphin_inat_9.jpg,Bottlenose Dolphin,bottlenose dolphin
marine,all_I=motion_blur_S=3,bowhead whale_matched_1,bowhead whale_matched_1.jpg,Bowhead Whale,bowhead whale
marine,all_I=motion_blur_S=3,bowhead whale_matched_10,bowhead whale_matched_10.jpg,Bowhead Whale,bowhead whale
marine,all_I=motion_blur_S=3,bowhead whale_matched_11,bowhead whale_matched_11.jpg,Bowhead Whale,bowhead whale
marine,all_I=motion_blur_S=3,bowhead whale_matched_12,bowhead whale_matched_12.jpg,Bowhead Whale,bowhead whale
marine,all_I=motion_blur_S=3,bowhead whale_matched_13,bowhead whale_matched_13.jpg,Beluga White Whale,bowhead whale
marine,all_I=motion_blur_S=3,bowhead whale_matched_14,bowhead whale_matched_14.jpg,Killer Whale,bowhead whale
marine,all_I=motion_blur_S=3,bowhead whale_matched_15,bowhead whale_matched_15.jpg,Fin Finback Whale,bowhead whale
marine,all_I=motion_blur_S=3,bowhead whale_matched_16,bowhead whale_matched_16.jpg,Bowhead Whale,bowhead whale
marine,all_I=motion_blur_S=3,bowhead whale_matched_2,bowhead whale_matched_2.jpg,Fin Finback Whale,bowhead whale
marine,all_I=motion_blur_S=3,bowhead whale_matched_3,bowhead whale_matched_3.jpg,Fin Finback Whale,bowhead whale
marine,all_I=motion_blur_S=3,bowhead whale_matched_4,bowhead whale_matched_4.jpg,Killer Whale,bowhead whale
marine,all_I=motion_blur_S=3,bowhead whale_matched_5,bowhead whale_matched_5.jpg,Fin Finback Whale,bowhead whale
marine,all_I=motion_blur_S=3,bowhead whale_matched_6,bowhead whale_matched_6.jpg,Fin Finback Whale,bowhead whale
marine,all_I=motion_blur_S=3,bowhead whale_matched_7,bowhead whale_matched_7.jpg,Bowhead Whale,bowhead whale
marine,all_I=motion_blur_S=3,bowhead whale_matched_8,bowhead whale_matched_8.jpg,Bowhead Whale,bowhead whale
marine,all_I=motion_blur_S=3,bowhead whale_matched_9,bowhead whale_matched_9.jpg,Beluga White Whale,bowhead whale
marine,all_I=motion_blur_S=3,clymene dolphin_matched_1,clymene dolphin_matched_1.jpg,Common Dolphin,clymene dolphin
marine,all_I=motion_blur_S=3,clymene dolphin_matched_10,clymene dolphin_matched_10.jpg,Bottlenose Dolphin,clymene dolphin
marine,all_I=motion_blur_S=3,clymene dolphin_matched_11,clymene dolphin_matched_11.jpg,Bottlenose Dolphin,clymene dolphin
marine,all_I=motion_blur_S=3,clymene dolphin_matched_12,clymene dolphin_matched_12.jpg,Bottlenose Dolphin,clymene dolphin
marine,all_I=motion_blur_S=3,clymene dolphin_matched_13,clymene dolphin_matched_13.jpg,Bottlenose Dolphin,clymene dolphin
marine,all_I=motion_blur_S=3,clymene dolphin_matched_14,clymene dolphin_matched_14.jpg,Common Dolphin,clymene dolphin
marine,all_I=motion_blur_S=3,clymene dolphin_matched_15,clymene dolphin_matched_15.jpg,Bottlenose Dolphin,clymene dolphin
marine,all_I=motion_blur_S=3,clymene dolphin_matched_16,clymene dolphin_matched_16.jpg,Common Dolphin,clymene dolphin
marine,all_I=motion_blur_S=3,clymene dolphin_matched_17,clymene dolphin_matched_17.jpg,Bottlenose Dolphin,clymene dolphin
marine,all_I=motion_blur_S=3,clymene dolphin_matched_18,clymene dolphin_matched_18.jpg,Bottlenose Dolphin,clymene dolphin
marine,all_I=motion_blur_S=3,clymene dolphin_matched_19,clymene dolphin_matched_19.jpg,Common Dolphin,clymene dolphin
marine,all_I=motion_blur_S=3,clymene dolphin_matched_2,clymene dolphin_matched_2.jpg,Bottlenose Dolphin,clymene dolphin
marine,all_I=motion_blur_S=3,clymene dolphin_matched_3,clymene dolphin_matched_3.jpg,Bottlenose Dolphin,clymene dolphin
marine,all_I=motion_blur_S=3,clymene dolphin_matched_4,clymene dolphin_matched_4.jpg,Common Dolphin,clymene dolphin
marine,all_I=motion_blur_S=3,clymene dolphin_matched_5,clymene dolphin_matched_5.jpg,Bottlenose Dolphin,clymene dolphin
marine,all_I=motion_blur_S=3,clymene dolphin_matched_6,clymene dolphin_matched_6.jpg,Common Dolphin,clymene dolphin
marine,all_I=motion_blur_S=3,clymene dolphin_matched_7,clymene dolphin_matched_7.jpg,Bottlenose Dolphin,clymene dolphin
marine,all_I=motion_blur_S=3,clymene dolphin_matched_8,clymene dolphin_matched_8.jpg,Common Dolphin,clymene dolphin
marine,all_I=motion_blur_S=3,clymene dolphin_matched_9,clymene dolphin_matched_9.jpg,Common Dolphin,clymene dolphin
marine,all_I=motion_blur_S=3,common dolphin_matched_1,common dolphin_matched_1.jpg,Common Dolphin,common dolphin
marine,all_I=motion_blur_S=3,common dolphin_matched_10,common dolphin_matched_10.jpg,Common Dolphin,common dolphin
marine,all_I=motion_blur_S=3,common dolphin_matched_11,common dolphin_matched_11.jpg,Common Dolphin,common dolphin
marine,all_I=motion_blur_S=3,common dolphin_matched_12,common dolphin_matched_12.jpg,Bottlenose Dolphin,common dolphin
marine,all_I=motion_blur_S=3,common dolphin_matched_13,common dolphin_matched_13.jpg,Bottlenose Dolphin,common dolphin
marine,all_I=motion_blur_S=3,common dolphin_matched_14,common dolphin_matched_14.jpg,Common Dolphin,common dolphin
marine,all_I=motion_blur_S=3,common dolphin_matched_15,common dolphin_matched_15.jpg,False Killer Whale,common dolphin
marine,all_I=motion_blur_S=3,common dolphin_matched_16,common dolphin_matched_16.jpg,Common Dolphin,common dolphin
marine,all_I=motion_blur_S=3,common dolphin_matched_17,common dolphin_matched_17.jpg,Common Dolphin,common dolphin
marine,all_I=motion_blur_S=3,common dolphin_matched_18,common dolphin_matched_18.jpg,Common Dolphin,common dolphin
marine,all_I=motion_blur_S=3,common dolphin_matched_19,common dolphin_matched_19.jpg,Common Dolphin,common dolphin
marine,all_I=motion_blur_S=3,common dolphin_matched_2,common dolphin_matched_2.jpg,Common Dolphin,common dolphin
marine,all_I=motion_blur_S=3,common dolphin_matched_20,common dolphin_matched_20.jpg,Common Dolphin,common dolphin
marine,all_I=motion_blur_S=3,common dolphin_matched_21,common dolphin_matched_21.jpg,Common Dolphin,common dolphin
marine,all_I=motion_blur_S=3,common dolphin_matched_22,common dolphin_matched_22.jpg,Common Dolphin,common dolphin
marine,all_I=motion_blur_S=3,common dolphin_matched_23,common dolphin_matched_23.jpg,Common Dolphin,common dolphin
marine,all_I=motion_blur_S=3,common dolphin_matched_24,common dolphin_matched_24.jpg,Common Dolphin,common dolphin
marine,all_I=motion_blur_S=3,common dolphin_matched_25,common dolphin_matched_25.jpg,Common Dolphin,common dolphin
marine,all_I=motion_blur_S=3,common dolphin_matched_26,common dolphin_matched_26.jpg,Bottlenose Dolphin,common dolphin
marine,all_I=motion_blur_S=3,common dolphin_matched_27,common dolphin_matched_27.jpg,Common Dolphin,common dolphin
marine,all_I=motion_blur_S=3,common dolphin_matched_28,common dolphin_matched_28.jpg,Bottlenose Dolphin,common dolphin
marine,all_I=motion_blur_S=3,common dolphin_matched_29,common dolphin_matched_29.jpg,Common Dolphin,common dolphin
marine,all_I=motion_blur_S=3,common dolphin_matched_3,common dolphin_matched_3.jpg,Common Dolphin,common dolphin
marine,all_I=motion_blur_S=3,common dolphin_matched_30,common dolphin_matched_30.jpg,Common Dolphin,common dolphin
marine,all_I=motion_blur_S=3,common dolphin_matched_31,common dolphin_matched_31.jpg,Bottlenose Dolphin,common dolphin
marine,all_I=motion_blur_S=3,common dolphin_matched_32,common dolphin_matched_32.jpg,Common Dolphin,common dolphin
marine,all_I=motion_blur_S=3,common dolphin_matched_33,common dolphin_matched_33.jpg,False Killer Whale,common dolphin
marine,all_I=motion_blur_S=3,common dolphin_matched_34,common dolphin_matched_34.jpg,Common Dolphin,common dolphin
marine,all_I=motion_blur_S=3,common dolphin_matched_35,common dolphin_matched_35.jpg,Common Dolphin,common dolphin
marine,all_I=motion_blur_S=3,common dolphin_matched_36,common dolphin_matched_36.jpg,Common Dolphin,common dolphin
marine,all_I=motion_blur_S=3,common dolphin_matched_4,common dolphin_matched_4.jpg,Common Dolphin,common dolphin
marine,all_I=motion_blur_S=3,common dolphin_matched_5,common dolphin_matched_5.jpg,Bottlenose Dolphin,common dolphin
marine,all_I=motion_blur_S=3,common dolphin_matched_6,common dolphin_matched_6.jpg,Common Dolphin,common dolphin
marine,all_I=motion_blur_S=3,common dolphin_matched_7,common dolphin_matched_7.jpg,Common Dolphin,common dolphin
marine,all_I=motion_blur_S=3,common dolphin_matched_8,common dolphin_matched_8.jpg,Common Dolphin,common dolphin
marine,all_I=motion_blur_S=3,common dolphin_matched_9,common dolphin_matched_9.jpg,Common Dolphin,common dolphin
marine,all_I=motion_blur_S=3,false killer whale_matched_1,false killer whale_matched_1.jpg,Short-Finned Pacific Pilot Whale,false killer whale
marine,all_I=motion_blur_S=3,false killer whale_matched_10,false killer whale_matched_10.jpg,False Killer Whale,false killer whale
marine,all_I=motion_blur_S=3,false killer whale_matched_11,false killer whale_matched_11.jpg,False Killer Whale,false killer whale
marine,all_I=motion_blur_S=3,false killer whale_matched_12,false killer whale_matched_12.jpg,False Killer Whale,false killer whale
marine,all_I=motion_blur_S=3,false killer whale_matched_13,false killer whale_matched_13.jpg,False Killer Whale,false killer whale
marine,all_I=motion_blur_S=3,false killer whale_matched_14,false killer whale_matched_14.jpg,Bottlenose Dolphin,false killer whale
marine,all_I=motion_blur_S=3,false killer whale_matched_15,false killer whale_matched_15.jpg,False Killer Whale,false killer whale
marine,all_I=motion_blur_S=3,false killer whale_matched_16,false killer whale_matched_16.jpg,False Killer Whale,false killer whale
marine,all_I=motion_blur_S=3,false killer whale_matched_2,false killer whale_matched_2.jpg,False Killer Whale,false killer whale
marine,all_I=motion_blur_S=3,false killer whale_matched_3,false killer whale_matched_3.jpg,False Killer Whale,false killer whale
marine,all_I=motion_blur_S=3,false killer whale_matched_4,false killer whale_matched_4.jpg,False Killer Whale,false killer whale
marine,all_I=motion_blur_S=3,false killer whale_matched_5,false killer whale_matched_5.jpg,Bottlenose Dolphin,false killer whale
marine,all_I=motion_blur_S=3,false killer whale_matched_6,false killer whale_matched_6.jpg,Fin Finback Whale,false killer whale
marine,all_I=motion_blur_S=3,false killer whale_matched_7,false killer whale_matched_7.jpg,False Killer Whale,false killer whale
marine,all_I=motion_blur_S=3,false killer whale_matched_8,false killer whale_matched_8.jpg,False Killer Whale,false killer whale
marine,all_I=motion_blur_S=3,false killer whale_matched_9,false killer whale_matched_9.jpg,False Killer Whale,false killer whale
marine,all_I=motion_blur_S=3,fin finback whale_inat_1,fin finback whale_inat_1.jpg,False Killer Whale,fin finback whale
marine,all_I=motion_blur_S=3,fin finback whale_inat_10,fin finback whale_inat_10.jpg,Bottlenose Dolphin,fin finback whale
marine,all_I=motion_blur_S=3,fin finback whale_inat_11,fin finback whale_inat_11.jpg,Bottlenose Dolphin,fin finback whale
marine,all_I=motion_blur_S=3,fin finback whale_inat_12,fin finback whale_inat_12.jpg,"None of the provided species labels match the description of the image, which appears to be a fish with a striped pattern. The image does not depict any of the marine mammals listed in the species labels.",fin finback whale
marine,all_I=motion_blur_S=3,fin finback whale_inat_13,fin finback whale_inat_13.jpg,Fin Finback Whale,fin finback whale
marine,all_I=motion_blur_S=3,fin finback whale_inat_14,fin finback whale_inat_14.jpg,Sperm Whale,fin finback whale
marine,all_I=motion_blur_S=3,fin finback whale_inat_15,fin finback whale_inat_15.jpg,Clione limacina,fin finback whale
marine,all_I=motion_blur_S=3,fin finback whale_inat_16,fin finback whale_inat_16.jpg,Bottlenose Dolphin,fin finback whale
marine,all_I=motion_blur_S=3,fin finback whale_inat_2,fin finback whale_inat_2.jpg,Fin Finback Whale,fin finback whale
marine,all_I=motion_blur_S=3,fin finback whale_inat_3,fin finback whale_inat_3.jpg,Fin Finback Whale,fin finback whale
marine,all_I=motion_blur_S=3,fin finback whale_inat_4,fin finback whale_inat_4.jpg,Glaucus atlanticus,fin finback whale
marine,all_I=motion_blur_S=3,fin finback whale_inat_5,fin finback whale_inat_5.jpg,Harp Seal,fin finback whale
marine,all_I=motion_blur_S=3,fin finback whale_inat_6,fin finback whale_inat_6.jpg,Spinner Dolphin,fin finback whale
marine,all_I=motion_blur_S=3,fin finback whale_inat_7,fin finback whale_inat_7.jpg,Leopard Seal,fin finback whale
marine,all_I=motion_blur_S=3,fin finback whale_inat_8,fin finback whale_inat_8.jpg,Pantropical Spotted Dolphin,fin finback whale
marine,all_I=motion_blur_S=3,fin finback whale_inat_9,fin finback whale_inat_9.jpg,None of the provided species labels match the description of a fish in the image. The image does not contain any marine species listed in the labels.,fin finback whale
marine,all_I=motion_blur_S=3,frasers dolphin_inat_1,frasers dolphin_inat_1.jpg,White-sided Dolphin,frasers dolphin
marine,all_I=motion_blur_S=3,frasers dolphin_inat_10,frasers dolphin_inat_10.jpg,Bottlenose Dolphin,frasers dolphin
marine,all_I=motion_blur_S=3,frasers dolphin_inat_11,frasers dolphin_inat_11.jpg,Bottlenose Dolphin,frasers dolphin
marine,all_I=motion_blur_S=3,frasers dolphin_inat_12,frasers dolphin_inat_12.jpg,False Killer Whale,frasers dolphin
marine,all_I=motion_blur_S=3,frasers dolphin_inat_13,frasers dolphin_inat_13.jpg,Common Dolphin,frasers dolphin
marine,all_I=motion_blur_S=3,frasers dolphin_inat_14,frasers dolphin_inat_14.jpg,False Killer Whale,frasers dolphin
marine,all_I=motion_blur_S=3,frasers dolphin_inat_15,frasers dolphin_inat_15.jpg,Common Dolphin,frasers dolphin
marine,all_I=motion_blur_S=3,frasers dolphin_inat_16,frasers dolphin_inat_16.jpg,False Killer Whale,frasers dolphin
marine,all_I=motion_blur_S=3,frasers dolphin_inat_2,frasers dolphin_inat_2.jpg,Common Dolphin,frasers dolphin
marine,all_I=motion_blur_S=3,frasers dolphin_inat_3,frasers dolphin_inat_3.jpg,Beluga White Whale,frasers dolphin
marine,all_I=motion_blur_S=3,frasers dolphin_inat_4,frasers dolphin_inat_4.jpg,Bottlenose Dolphin,frasers dolphin
marine,all_I=motion_blur_S=3,frasers dolphin_inat_5,frasers dolphin_inat_5.jpg,Bottlenose Dolphin,frasers dolphin
marine,all_I=motion_blur_S=3,frasers dolphin_inat_6,frasers dolphin_inat_6.jpg,False Killer Whale,frasers dolphin
marine,all_I=motion_blur_S=3,frasers dolphin_inat_7,frasers dolphin_inat_7.jpg,Bottlenose Dolphin,frasers dolphin
marine,all_I=motion_blur_S=3,frasers dolphin_inat_8,frasers dolphin_inat_8.jpg,Bottlenose Dolphin,frasers dolphin
marine,all_I=motion_blur_S=3,frasers dolphin_inat_9,frasers dolphin_inat_9.jpg,Bottlenose Dolphin,frasers dolphin
marine,all_I=motion_blur_S=3,grampus rissos dolphin_inat_1,grampus rissos dolphin_inat_1.jpg,Bottlenose Dolphin,grampus rissos dolphin
marine,all_I=motion_blur_S=3,grampus rissos dolphin_inat_10,grampus rissos dolphin_inat_10.jpg,Bottlenose Dolphin,grampus rissos dolphin
marine,all_I=motion_blur_S=3,grampus rissos dolphin_inat_11,grampus rissos dolphin_inat_11.jpg,False Killer Whale,grampus rissos dolphin
marine,all_I=motion_blur_S=3,grampus rissos dolphin_inat_12,grampus rissos dolphin_inat_12.jpg,White-beaked Dolphin,grampus rissos dolphin
marine,all_I=motion_blur_S=3,grampus rissos dolphin_inat_13,grampus rissos dolphin_inat_13.jpg,False Killer Whale,grampus rissos dolphin
marine,all_I=motion_blur_S=3,grampus rissos dolphin_inat_14,grampus rissos dolphin_inat_14.jpg,Common Dolphin,grampus rissos dolphin
marine,all_I=motion_blur_S=3,grampus rissos dolphin_inat_15,grampus rissos dolphin_inat_15.jpg,False Killer Whale,grampus rissos dolphin
marine,all_I=motion_blur_S=3,grampus rissos dolphin_inat_16,grampus rissos dolphin_inat_16.jpg,False Killer Whale,grampus rissos dolphin
marine,all_I=motion_blur_S=3,grampus rissos dolphin_inat_2,grampus rissos dolphin_inat_2.jpg,False Killer Whale,grampus rissos dolphin
marine,all_I=motion_blur_S=3,grampus rissos dolphin_inat_3,grampus rissos dolphin_inat_3.jpg,False Killer Whale,grampus rissos dolphin
marine,all_I=motion_blur_S=3,grampus rissos dolphin_inat_4,grampus rissos dolphin_inat_4.jpg,Bottlenose Dolphin,grampus rissos dolphin
marine,all_I=motion_blur_S=3,grampus rissos dolphin_inat_5,grampus rissos dolphin_inat_5.jpg,False Killer Whale,grampus rissos dolphin
marine,all_I=motion_blur_S=3,grampus rissos dolphin_inat_6,grampus rissos dolphin_inat_6.jpg,False Killer Whale,grampus rissos dolphin
marine,all_I=motion_blur_S=3,grampus rissos dolphin_inat_7,grampus rissos dolphin_inat_7.jpg,False Killer Whale,grampus rissos dolphin
marine,all_I=motion_blur_S=3,grampus rissos dolphin_inat_8,grampus rissos dolphin_inat_8.jpg,False Killer Whale,grampus rissos dolphin
marine,all_I=motion_blur_S=3,grampus rissos dolphin_inat_9,grampus rissos dolphin_inat_9.jpg,False Killer Whale,grampus rissos dolphin
marine,all_I=motion_blur_S=3,harp seal_matched_1,harp seal_matched_1.jpg,Harp Seal,harp seal
marine,all_I=motion_blur_S=3,harp seal_matched_10,harp seal_matched_10.jpg,Harp Seal,harp seal
marine,all_I=motion_blur_S=3,harp seal_matched_11,harp seal_matched_11.jpg,Harper Seal,harp seal
marine,all_I=motion_blur_S=3,harp seal_matched_12,harp seal_matched_12.jpg,Harp Seal,harp seal
marine,all_I=motion_blur_S=3,harp seal_matched_13,harp seal_matched_13.jpg,Harp Seal,harp seal
marine,all_I=motion_blur_S=3,harp seal_matched_14,harp seal_matched_14.jpg,Leopard Seal,harp seal
marine,all_I=motion_blur_S=3,harp seal_matched_15,harp seal_matched_15.jpg,Harp Seal,harp seal
marine,all_I=motion_blur_S=3,harp seal_matched_16,harp seal_matched_16.jpg,Harper Seal,harp seal
marine,all_I=motion_blur_S=3,harp seal_matched_2,harp seal_matched_2.jpg,Leopard Seal,harp seal
marine,all_I=motion_blur_S=3,harp seal_matched_3,harp seal_matched_3.jpg,Leopard Seal,harp seal
marine,all_I=motion_blur_S=3,harp seal_matched_4,harp seal_matched_4.jpg,Harbor Seal,harp seal
marine,all_I=motion_blur_S=3,harp seal_matched_5,harp seal_matched_5.jpg,Harper Seal,harp seal
marine,all_I=motion_blur_S=3,harp seal_matched_6,harp seal_matched_6.jpg,Harp Seal,harp seal
marine,all_I=motion_blur_S=3,harp seal_matched_7,harp seal_matched_7.jpg,Harper Seal,harp seal
marine,all_I=motion_blur_S=3,harp seal_matched_8,harp seal_matched_8.jpg,Harp Seal,harp seal
marine,all_I=motion_blur_S=3,harp seal_matched_9,harp seal_matched_9.jpg,Leopard Seal,harp seal
marine,all_I=motion_blur_S=3,humpback whale_matched_1,humpback whale_matched_1.jpg,Humpback Whale,humpback whale
marine,all_I=motion_blur_S=3,humpback whale_matched_10,humpback whale_matched_10.jpg,Humpback Whale,humpback whale
marine,all_I=motion_blur_S=3,humpback whale_matched_11,humpback whale_matched_11.jpg,Humpback Whale,humpback whale
marine,all_I=motion_blur_S=3,humpback whale_matched_12,humpback whale_matched_12.jpg,Humpback Whale,humpback whale
marine,all_I=motion_blur_S=3,humpback whale_matched_13,humpback whale_matched_13.jpg,Humpback Whale,humpback whale
marine,all_I=motion_blur_S=3,humpback whale_matched_14,humpback whale_matched_14.jpg,Humpback Whale,humpback whale
marine,all_I=motion_blur_S=3,humpback whale_matched_15,humpback whale_matched_15.jpg,Humpback Whale,humpback whale
marine,all_I=motion_blur_S=3,humpback whale_matched_16,humpback whale_matched_16.jpg,Humpback Whale,humpback whale
marine,all_I=motion_blur_S=3,humpback whale_matched_2,humpback whale_matched_2.jpg,Humpback Whale,humpback whale
marine,all_I=motion_blur_S=3,humpback whale_matched_3,humpback whale_matched_3.jpg,Humpback Whale,humpback whale
marine,all_I=motion_blur_S=3,humpback whale_matched_4,humpback whale_matched_4.jpg,Humpback Whale,humpback whale
marine,all_I=motion_blur_S=3,humpback whale_matched_5,humpback whale_matched_5.jpg,Humpback Whale,humpback whale
marine,all_I=motion_blur_S=3,humpback whale_matched_6,humpback whale_matched_6.jpg,Humpback Whale,humpback whale
marine,all_I=motion_blur_S=3,humpback whale_matched_7,humpback whale_matched_7.jpg,Humpback Whale,humpback whale
marine,all_I=motion_blur_S=3,humpback whale_matched_8,humpback whale_matched_8.jpg,Humpback Whale,humpback whale
marine,all_I=motion_blur_S=3,humpback whale_matched_9,humpback whale_matched_9.jpg,Humpback Whale,humpback whale
marine,all_I=motion_blur_S=3,killer whale_inat_1,killer whale_inat_1.jpg,Killer Whale,killer whale
marine,all_I=motion_blur_S=3,killer whale_inat_10,killer whale_inat_10.jpg,Killer Whale,killer whale
marine,all_I=motion_blur_S=3,killer whale_inat_11,killer whale_inat_11.jpg,Killer Whale,killer whale
marine,all_I=motion_blur_S=3,killer whale_inat_12,killer whale_inat_12.jpg,Killer Whale,killer whale
marine,all_I=motion_blur_S=3,killer whale_inat_13,killer whale_inat_13.jpg,False Killer Whale,killer whale
marine,all_I=motion_blur_S=3,killer whale_inat_14,killer whale_inat_14.jpg,Killer Whale,killer whale
marine,all_I=motion_blur_S=3,killer whale_inat_15,killer whale_inat_15.jpg,Bottlenose Dolphin,killer whale
marine,all_I=motion_blur_S=3,killer whale_inat_16,killer whale_inat_16.jpg,Killer Whale,killer whale
marine,all_I=motion_blur_S=3,killer whale_inat_2,killer whale_inat_2.jpg,Killer Whale,killer whale
marine,all_I=motion_blur_S=3,killer whale_inat_3,killer whale_inat_3.jpg,Killer Whale,killer whale
marine,all_I=motion_blur_S=3,killer whale_inat_4,killer whale_inat_4.jpg,Killer Whale,killer whale
marine,all_I=motion_blur_S=3,killer whale_inat_5,killer whale_inat_5.jpg,Killer Whale,killer whale
marine,all_I=motion_blur_S=3,killer whale_inat_6,killer whale_inat_6.jpg,Killer Whale,killer whale
marine,all_I=motion_blur_S=3,killer whale_inat_7,killer whale_inat_7.jpg,False Killer Whale,killer whale
marine,all_I=motion_blur_S=3,killer whale_inat_8,killer whale_inat_8.jpg,Killer Whale,killer whale
marine,all_I=motion_blur_S=3,killer whale_inat_9,killer whale_inat_9.jpg,Killer Whale,killer whale
marine,all_I=motion_blur_S=3,leopard seal_matched_1,leopard seal_matched_1.jpg,Leopard Seal,leopard seal
marine,all_I=motion_blur_S=3,leopard seal_matched_10,leopard seal_matched_10.jpg,Leopard Seal,leopard seal
marine,all_I=motion_blur_S=3,leopard seal_matched_11,leopard seal_matched_11.jpg,Leopard Seal,leopard seal
marine,all_I=motion_blur_S=3,leopard seal_matched_12,leopard seal_matched_12.jpg,Leopard Seal,leopard seal
marine,all_I=motion_blur_S=3,leopard seal_matched_13,leopard seal_matched_13.jpg,Leopard Seal,leopard seal
marine,all_I=motion_blur_S=3,leopard seal_matched_14,leopard seal_matched_14.jpg,Leopard Seal,leopard seal
marine,all_I=motion_blur_S=3,leopard seal_matched_15,leopard seal_matched_15.jpg,Leopard Seal,leopard seal
marine,all_I=motion_blur_S=3,leopard seal_matched_16,leopard seal_matched_16.jpg,Leopard Seal,leopard seal
marine,all_I=motion_blur_S=3,leopard seal_matched_2,leopard seal_matched_2.jpg,Leopard Seal,leopard seal
marine,all_I=motion_blur_S=3,leopard seal_matched_3,leopard seal_matched_3.jpg,Leopard Seal,leopard seal
marine,all_I=motion_blur_S=3,leopard seal_matched_4,leopard seal_matched_4.jpg,Leopard Seal,leopard seal
marine,all_I=motion_blur_S=3,leopard seal_matched_5,leopard seal_matched_5.jpg,Leopard Seal,leopard seal
marine,all_I=motion_blur_S=3,leopard seal_matched_6,leopard seal_matched_6.jpg,Leopard Seal,leopard seal
marine,all_I=motion_blur_S=3,leopard seal_matched_7,leopard seal_matched_7.jpg,Leopard Seal,leopard seal
marine,all_I=motion_blur_S=3,leopard seal_matched_8,leopard seal_matched_8.jpg,Leopard Seal,leopard seal
marine,all_I=motion_blur_S=3,leopard seal_matched_9,leopard seal_matched_9.jpg,Leopard Seal,leopard seal
marine,all_I=motion_blur_S=3,long-finned pilot whale_inat_1,long-finned pilot whale_inat_1.jpg,Common Dolphin,long-finned pilot whale
marine,all_I=motion_blur_S=3,long-finned pilot whale_inat_10,long-finned pilot whale_inat_10.jpg,False Killer Whale,long-finned pilot whale
marine,all_I=motion_blur_S=3,long-finned pilot whale_inat_11,long-finned pilot whale_inat_11.jpg,False Killer Whale,long-finned pilot whale
marine,all_I=motion_blur_S=3,long-finned pilot whale_inat_12,long-finned pilot whale_inat_12.jpg,False Killer Whale,long-finned pilot whale
marine,all_I=motion_blur_S=3,long-finned pilot whale_inat_13,long-finned pilot whale_inat_13.jpg,False Killer Whale,long-finned pilot whale
marine,all_I=motion_blur_S=3,long-finned pilot whale_inat_14,long-finned pilot whale_inat_14.jpg,Bottlenose Dolphin,long-finned pilot whale
marine,all_I=motion_blur_S=3,long-finned pilot whale_inat_15,long-finned pilot whale_inat_15.jpg,False Killer Whale,long-finned pilot whale
marine,all_I=motion_blur_S=3,long-finned pilot whale_inat_16,long-finned pilot whale_inat_16.jpg,False Killer Whale,long-finned pilot whale
marine,all_I=motion_blur_S=3,long-finned pilot whale_inat_2,long-finned pilot whale_inat_2.jpg,False Killer Whale,long-finned pilot whale
marine,all_I=motion_blur_S=3,long-finned pilot whale_inat_3,long-finned pilot whale_inat_3.jpg,Killer Whale,long-finned pilot whale
marine,all_I=motion_blur_S=3,long-finned pilot whale_inat_4,long-finned pilot whale_inat_4.jpg,False Killer Whale,long-finned pilot whale
marine,all_I=motion_blur_S=3,long-finned pilot whale_inat_5,long-finned pilot whale_inat_5.jpg,False Killer Whale,long-finned pilot whale
marine,all_I=motion_blur_S=3,long-finned pilot whale_inat_6,long-finned pilot whale_inat_6.jpg,Fin Finback Whale,long-finned pilot whale
marine,all_I=motion_blur_S=3,long-finned pilot whale_inat_7,long-finned pilot whale_inat_7.jpg,Bottlenose Dolphin,long-finned pilot whale
marine,all_I=motion_blur_S=3,long-finned pilot whale_inat_8,long-finned pilot whale_inat_8.jpg,False Killer Whale,long-finned pilot whale
marine,all_I=motion_blur_S=3,long-finned pilot whale_inat_9,long-finned pilot whale_inat_9.jpg,False Killer Whale,long-finned pilot whale
marine,all_I=motion_blur_S=3,melon headed whale_inat_1,melon headed whale_inat_1.jpg,False Killer Whale,melon headed whale
marine,all_I=motion_blur_S=3,melon headed whale_inat_10,melon headed whale_inat_10.jpg,Bottlenose Dolphin,melon headed whale
marine,all_I=motion_blur_S=3,melon headed whale_inat_11,melon headed whale_inat_11.jpg,Bottlenose Dolphin,melon headed whale
marine,all_I=motion_blur_S=3,melon headed whale_inat_12,melon headed whale_inat_12.jpg,False Killer Whale,melon headed whale
marine,all_I=motion_blur_S=3,melon headed whale_inat_13,melon headed whale_inat_13.jpg,Harp Seal,melon headed whale
marine,all_I=motion_blur_S=3,melon headed whale_inat_14,melon headed whale_inat_14.jpg,False Killer Whale,melon headed whale
marine,all_I=motion_blur_S=3,melon headed whale_inat_15,melon headed whale_inat_15.jpg,Bottlenose Dolphin,melon headed whale
marine,all_I=motion_blur_S=3,melon headed whale_inat_16,melon headed whale_inat_16.jpg,Bottlenose Dolphin,melon headed whale
marine,all_I=motion_blur_S=3,melon headed whale_inat_2,melon headed whale_inat_2.jpg,False Killer Whale,melon headed whale
marine,all_I=motion_blur_S=3,melon headed whale_inat_3,melon headed whale_inat_3.jpg,Bottlenose Dolphin,melon headed whale
marine,all_I=motion_blur_S=3,melon headed whale_inat_4,melon headed whale_inat_4.jpg,Bottlenose Dolphin,melon headed whale
marine,all_I=motion_blur_S=3,melon headed whale_inat_5,melon headed whale_inat_5.jpg,Bottlenose Dolphin,melon headed whale
marine,all_I=motion_blur_S=3,melon headed whale_inat_6,melon headed whale_inat_6.jpg,False Killer Whale,melon headed whale
marine,all_I=motion_blur_S=3,melon headed whale_inat_7,melon headed whale_inat_7.jpg,Bottlenose Dolphin,melon headed whale
marine,all_I=motion_blur_S=3,melon headed whale_inat_8,melon headed whale_inat_8.jpg,Common Dolphin,melon headed whale
marine,all_I=motion_blur_S=3,melon headed whale_inat_9,melon headed whale_inat_9.jpg,Bottlenose Dolphin,melon headed whale
marine,all_I=motion_blur_S=3,minke whale_inat_1,minke whale_inat_1.jpg,False Killer Whale,minke whale
marine,all_I=motion_blur_S=3,minke whale_inat_10,minke whale_inat_10.jpg,False Killer Whale,minke whale
marine,all_I=motion_blur_S=3,minke whale_inat_11,minke whale_inat_11.jpg,Fin Finback Whale,minke whale
marine,all_I=motion_blur_S=3,minke whale_inat_12,minke whale_inat_12.jpg,False Killer Whale,minke whale
marine,all_I=motion_blur_S=3,minke whale_inat_13,minke whale_inat_13.jpg,Fin Finback Whale,minke whale
marine,all_I=motion_blur_S=3,minke whale_inat_14,minke whale_inat_14.jpg,Bowhead Whale,minke whale
marine,all_I=motion_blur_S=3,minke whale_inat_15,minke whale_inat_15.jpg,None of the species listed are terrestrial animals. The image provided does not depict any marine species.,minke whale
marine,all_I=motion_blur_S=3,minke whale_inat_16,minke whale_inat_16.jpg,None of the provided species are typically associated with forest environments. The image does not depict any marine species.,minke whale
marine,all_I=motion_blur_S=3,minke whale_inat_2,minke whale_inat_2.jpg,Fin Finback Whale,minke whale
marine,all_I=motion_blur_S=3,minke whale_inat_3,minke whale_inat_3.jpg,Minke Whale,minke whale
marine,all_I=motion_blur_S=3,minke whale_inat_4,minke whale_inat_4.jpg,False Killer Whale,minke whale
marine,all_I=motion_blur_S=3,minke whale_inat_5,minke whale_inat_5.jpg,Pantropical Spotted Dolphin,minke whale
marine,all_I=motion_blur_S=3,minke whale_inat_6,minke whale_inat_6.jpg,False Killer Whale,minke whale
marine,all_I=motion_blur_S=3,minke whale_inat_7,minke whale_inat_7.jpg,Humpback Whale,minke whale
marine,all_I=motion_blur_S=3,minke whale_inat_8,minke whale_inat_8.jpg,Fin Finback Whale,minke whale
marine,all_I=motion_blur_S=3,minke whale_inat_9,minke whale_inat_9.jpg,False Killer Whale,minke whale
marine,all_I=motion_blur_S=3,narwhal_matched_1,narwhal_matched_1.jpg,Narwhal,narwhal
marine,all_I=motion_blur_S=3,narwhal_matched_10,narwhal_matched_10.jpg,Narwhal,narwhal
marine,all_I=motion_blur_S=3,narwhal_matched_11,narwhal_matched_11.jpg,Narwhal,narwhal
marine,all_I=motion_blur_S=3,narwhal_matched_12,narwhal_matched_12.jpg,Narwhal,narwhal
marine,all_I=motion_blur_S=3,narwhal_matched_13,narwhal_matched_13.jpg,Narwhal,narwhal
marine,all_I=motion_blur_S=3,narwhal_matched_14,narwhal_matched_14.jpg,False Killer Whale,narwhal
marine,all_I=motion_blur_S=3,narwhal_matched_15,narwhal_matched_15.jpg,Narwhal,narwhal
marine,all_I=motion_blur_S=3,narwhal_matched_16,narwhal_matched_16.jpg,Narwhal,narwhal
marine,all_I=motion_blur_S=3,narwhal_matched_2,narwhal_matched_2.jpg,Narwhal,narwhal
marine,all_I=motion_blur_S=3,narwhal_matched_3,narwhal_matched_3.jpg,Narwhal,narwhal
marine,all_I=motion_blur_S=3,narwhal_matched_4,narwhal_matched_4.jpg,Narwhal,narwhal
marine,all_I=motion_blur_S=3,narwhal_matched_5,narwhal_matched_5.jpg,Narwhal,narwhal
marine,all_I=motion_blur_S=3,narwhal_matched_6,narwhal_matched_6.jpg,Narwhal,narwhal
marine,all_I=motion_blur_S=3,narwhal_matched_7,narwhal_matched_7.jpg,Narwhal,narwhal
marine,all_I=motion_blur_S=3,narwhal_matched_8,narwhal_matched_8.jpg,Narwhal,narwhal
marine,all_I=motion_blur_S=3,narwhal_matched_9,narwhal_matched_9.jpg,Narwhal,narwhal
marine,all_I=motion_blur_S=3,northern right whale_inat_1,northern right whale_inat_1.jpg,White-sided Dolphin,northern right whale
marine,all_I=motion_blur_S=3,northern right whale_inat_10,northern right whale_inat_10.jpg,Bottlenose Dolphin,northern right whale
marine,all_I=motion_blur_S=3,northern right whale_inat_11,northern right whale_inat_11.jpg,Humpback Whale,northern right whale
marine,all_I=motion_blur_S=3,northern right whale_inat_12,northern right whale_inat_12.jpg,Bottlenose Dolphin,northern right whale
marine,all_I=motion_blur_S=3,northern right whale_inat_13,northern right whale_inat_13.jpg,Humpback Whale,northern right whale
marine,all_I=motion_blur_S=3,northern right whale_inat_14,northern right whale_inat_14.jpg,Bottlenose Dolphin,northern right whale
marine,all_I=motion_blur_S=3,northern right whale_inat_15,northern right whale_inat_15.jpg,False Killer Whale,northern right whale
marine,all_I=motion_blur_S=3,northern right whale_inat_16,northern right whale_inat_16.jpg,False Killer Whale,northern right whale
marine,all_I=motion_blur_S=3,northern right whale_inat_2,northern right whale_inat_2.jpg,False Killer Whale,northern right whale
marine,all_I=motion_blur_S=3,northern right whale_inat_3,northern right whale_inat_3.jpg,False Killer Whale,northern right whale
marine,all_I=motion_blur_S=3,northern right whale_inat_4,northern right whale_inat_4.jpg,False Killer Whale,northern right whale
marine,all_I=motion_blur_S=3,northern right whale_inat_5,northern right whale_inat_5.jpg,Bottlenose Dolphin,northern right whale
marine,all_I=motion_blur_S=3,northern right whale_inat_6,northern right whale_inat_6.jpg,False Killer Whale,northern right whale
marine,all_I=motion_blur_S=3,northern right whale_inat_7,northern right whale_inat_7.jpg,White-beaked Dolphin,northern right whale
marine,all_I=motion_blur_S=3,northern right whale_inat_8,northern right whale_inat_8.jpg,Bottlenose Dolphin,northern right whale
marine,all_I=motion_blur_S=3,northern right whale_inat_9,northern right whale_inat_9.jpg,Humpback Whale,northern right whale
marine,all_I=motion_blur_S=3,pantropical spotted dolphin_inat_1,pantropical spotted dolphin_inat_1.jpg,Bottlenose Dolphin,pantropical spotted dolphin
marine,all_I=motion_blur_S=3,pantropical spotted dolphin_inat_10,pantropical spotted dolphin_inat_10.jpg,Bottlenose Dolphin,pantropical spotted dolphin
marine,all_I=motion_blur_S=3,pantropical spotted dolphin_inat_11,pantropical spotted dolphin_inat_11.jpg,Bottlenose Dolphin,pantropical spotted dolphin
marine,all_I=motion_blur_S=3,pantropical spotted dolphin_inat_12,pantropical spotted dolphin_inat_12.jpg,Bottlenose Dolphin,pantropical spotted dolphin
marine,all_I=motion_blur_S=3,pantropical spotted dolphin_inat_13,pantropical spotted dolphin_inat_13.jpg,Common Dolphin,pantropical spotted dolphin
marine,all_I=motion_blur_S=3,pantropical spotted dolphin_inat_14,pantropical spotted dolphin_inat_14.jpg,Bottlenose Dolphin,pantropical spotted dolphin
marine,all_I=motion_blur_S=3,pantropical spotted dolphin_inat_15,pantropical spotted dolphin_inat_15.jpg,Bottlenose Dolphin,pantropical spotted dolphin
marine,all_I=motion_blur_S=3,pantropical spotted dolphin_inat_16,pantropical spotted dolphin_inat_16.jpg,Bottlenose Dolphin,pantropical spotted dolphin
marine,all_I=motion_blur_S=3,pantropical spotted dolphin_inat_2,pantropical spotted dolphin_inat_2.jpg,Common Dolphin,pantropical spotted dolphin
marine,all_I=motion_blur_S=3,pantropical spotted dolphin_inat_3,pantropical spotted dolphin_inat_3.jpg,Common Dolphin,pantropical spotted dolphin
marine,all_I=motion_blur_S=3,pantropical spotted dolphin_inat_4,pantropical spotted dolphin_inat_4.jpg,False Killer Whale,pantropical spotted dolphin
marine,all_I=motion_blur_S=3,pantropical spotted dolphin_inat_5,pantropical spotted dolphin_inat_5.jpg,Bottlenose Dolphin,pantropical spotted dolphin
marine,all_I=motion_blur_S=3,pantropical spotted dolphin_inat_6,pantropical spotted dolphin_inat_6.jpg,Bottlenose Dolphin,pantropical spotted dolphin
marine,all_I=motion_blur_S=3,pantropical spotted dolphin_inat_7,pantropical spotted dolphin_inat_7.jpg,Bottlenose Dolphin,pantropical spotted dolphin
marine,all_I=motion_blur_S=3,pantropical spotted dolphin_inat_8,pantropical spotted dolphin_inat_8.jpg,Bottlenose Dolphin,pantropical spotted dolphin
marine,all_I=motion_blur_S=3,pantropical spotted dolphin_inat_9,pantropical spotted dolphin_inat_9.jpg,Bottlenose Dolphin,pantropical spotted dolphin
marine,all_I=motion_blur_S=3,ross seal_inat_1,ross seal_inat_1.jpg,Leopard Seal,ross seal
marine,all_I=motion_blur_S=3,ross seal_inat_10,ross seal_inat_10.jpg,Leopard Seal,ross seal
marine,all_I=motion_blur_S=3,ross seal_inat_11,ross seal_inat_11.jpg,Leopard Seal,ross seal
marine,all_I=motion_blur_S=3,ross seal_inat_12,ross seal_inat_12.jpg,Leopard Seal,ross seal
marine,all_I=motion_blur_S=3,ross seal_inat_13,ross seal_inat_13.jpg,Leopard Seal,ross seal
marine,all_I=motion_blur_S=3,ross seal_inat_14,ross seal_inat_14.jpg,Leopard Seal,ross seal
marine,all_I=motion_blur_S=3,ross seal_inat_15,ross seal_inat_15.jpg,Bottlenose Dolphin,ross seal
marine,all_I=motion_blur_S=3,ross seal_inat_16,ross seal_inat_16.jpg,Leopard Seal,ross seal
marine,all_I=motion_blur_S=3,ross seal_inat_17,ross seal_inat_17.jpg,False Killer Whale,ross seal
marine,all_I=motion_blur_S=3,ross seal_inat_18,ross seal_inat_18.jpg,Leopard Seal,ross seal
marine,all_I=motion_blur_S=3,ross seal_inat_2,ross seal_inat_2.jpg,Leopard Seal,ross seal
marine,all_I=motion_blur_S=3,ross seal_inat_3,ross seal_inat_3.jpg,Leopard Seal,ross seal
marine,all_I=motion_blur_S=3,ross seal_inat_4,ross seal_inat_4.jpg,Leopard Seal,ross seal
marine,all_I=motion_blur_S=3,ross seal_inat_5,ross seal_inat_5.jpg,Leopard Seal,ross seal
marine,all_I=motion_blur_S=3,ross seal_inat_6,ross seal_inat_6.jpg,Leopard Seal,ross seal
marine,all_I=motion_blur_S=3,ross seal_inat_7,ross seal_inat_7.jpg,Leopard Seal,ross seal
marine,all_I=motion_blur_S=3,ross seal_inat_8,ross seal_inat_8.jpg,Leopard Seal,ross seal
marine,all_I=motion_blur_S=3,ross seal_inat_9,ross seal_inat_9.jpg,Bearded Seal,ross seal
marine,all_I=motion_blur_S=3,rough-toothed dolphin_inat_1,rough-toothed dolphin_inat_1.jpg,False Killer Whale,rough-toothed dolphin
marine,all_I=motion_blur_S=3,rough-toothed dolphin_inat_10,rough-toothed dolphin_inat_10.jpg,Humpback Whale,rough-toothed dolphin
marine,all_I=motion_blur_S=3,rough-toothed dolphin_inat_11,rough-toothed dolphin_inat_11.jpg,Bottlenose Dolphin,rough-toothed dolphin
marine,all_I=motion_blur_S=3,rough-toothed dolphin_inat_12,rough-toothed dolphin_inat_12.jpg,False Killer Whale,rough-toothed dolphin
marine,all_I=motion_blur_S=3,rough-toothed dolphin_inat_13,rough-toothed dolphin_inat_13.jpg,Bottlenose Dolphin,rough-toothed dolphin
marine,all_I=motion_blur_S=3,rough-toothed dolphin_inat_14,rough-toothed dolphin_inat_14.jpg,Bottlenose Dolphin,rough-toothed dolphin
marine,all_I=motion_blur_S=3,rough-toothed dolphin_inat_15,rough-toothed dolphin_inat_15.jpg,Leopard Seal,rough-toothed dolphin
marine,all_I=motion_blur_S=3,rough-toothed dolphin_inat_16,rough-toothed dolphin_inat_16.jpg,Common Dolphin,rough-toothed dolphin
marine,all_I=motion_blur_S=3,rough-toothed dolphin_inat_2,rough-toothed dolphin_inat_2.jpg,Bottlenose Dolphin,rough-toothed dolphin
marine,all_I=motion_blur_S=3,rough-toothed dolphin_inat_3,rough-toothed dolphin_inat_3.jpg,Humpback Whale,rough-toothed dolphin
marine,all_I=motion_blur_S=3,rough-toothed dolphin_inat_4,rough-toothed dolphin_inat_4.jpg,Bottlenose Dolphin,rough-toothed dolphin
marine,all_I=motion_blur_S=3,rough-toothed dolphin_inat_5,rough-toothed dolphin_inat_5.jpg,Common Dolphin,rough-toothed dolphin
marine,all_I=motion_blur_S=3,rough-toothed dolphin_inat_6,rough-toothed dolphin_inat_6.jpg,False Killer Whale,rough-toothed dolphin
marine,all_I=motion_blur_S=3,rough-toothed dolphin_inat_7,rough-toothed dolphin_inat_7.jpg,Bottlenose Dolphin,rough-toothed dolphin
marine,all_I=motion_blur_S=3,rough-toothed dolphin_inat_8,rough-toothed dolphin_inat_8.jpg,Bottlenose Dolphin,rough-toothed dolphin
marine,all_I=motion_blur_S=3,rough-toothed dolphin_inat_9,rough-toothed dolphin_inat_9.jpg,Bottlenose Dolphin,rough-toothed dolphin
marine,all_I=motion_blur_S=3,short-finned pacific pilot whale_inat_1,short-finned pacific pilot whale_inat_1.jpg,Killer Whale,short-finned pacific pilot whale
marine,all_I=motion_blur_S=3,short-finned pacific pilot whale_inat_10,short-finned pacific pilot whale_inat_10.jpg,"None of the provided species labels match the fish in the image. The fish appears to be a freshwater species, possibly a sunfish or a similar type of fish, which is not listed among the marine species in the dataset.",short-finned pacific pilot whale
marine,all_I=motion_blur_S=3,short-finned pacific pilot whale_inat_11,short-finned pacific pilot whale_inat_11.jpg,"None of the provided species labels match the fish shown in the image. The fish in the image is a sunfish, which is not listed among the species options.",short-finned pacific pilot whale
marine,all_I=motion_blur_S=3,short-finned pacific pilot whale_inat_12,short-finned pacific pilot whale_inat_12.jpg,"None of the provided species labels match the fish shown in the image. The image depicts a fish that is not a marine species but rather a freshwater fish, likely a type of sunfish or bass, which is not included in the list of marine species provided.",short-finned pacific pilot whale
marine,all_I=motion_blur_S=3,short-finned pacific pilot whale_inat_13,short-finned pacific pilot whale_inat_13.jpg,"None of the provided species labels match the fish shown in the image. The fish in the image is a freshwater species, specifically a type of sunfish, which is not marine.",short-finned pacific pilot whale
marine,all_I=motion_blur_S=3,short-finned pacific pilot whale_inat_14,short-finned pacific pilot whale_inat_14.jpg,None of the provided species labels match the fish shown in the image. The image depicts a fish that is not listed among the species options.,short-finned pacific pilot whale
marine,all_I=motion_blur_S=3,short-finned pacific pilot whale_inat_15,short-finned pacific pilot whale_inat_15.jpg,False Killer Whale,short-finned pacific pilot whale
marine,all_I=motion_blur_S=3,short-finned pacific pilot whale_inat_16,short-finned pacific pilot whale_inat_16.jpg,Common Dolphin,short-finned pacific pilot whale
marine,all_I=motion_blur_S=3,short-finned pacific pilot whale_inat_17,short-finned pacific pilot whale_inat_17.jpg,False Killer Whale,short-finned pacific pilot whale
marine,all_I=motion_blur_S=3,short-finned pacific pilot whale_inat_18,short-finned pacific pilot whale_inat_18.jpg,False Killer Whale,short-finned pacific pilot whale
marine,all_I=motion_blur_S=3,short-finned pacific pilot whale_inat_19,short-finned pacific pilot whale_inat_19.jpg,Bottlenose Dolphin,short-finned pacific pilot whale
marine,all_I=motion_blur_S=3,short-finned pacific pilot whale_inat_2,short-finned pacific pilot whale_inat_2.jpg,False Killer Whale,short-finned pacific pilot whale
marine,all_I=motion_blur_S=3,short-finned pacific pilot whale_inat_20,short-finned pacific pilot whale_inat_20.jpg,Walrus,short-finned pacific pilot whale
marine,all_I=motion_blur_S=3,short-finned pacific pilot whale_inat_3,short-finned pacific pilot whale_inat_3.jpg,"None of the species listed are reptiles, and the image provided does not depict a marine species. It appears to be a snake, which is a reptile.",short-finned pacific pilot whale
marine,all_I=motion_blur_S=3,short-finned pacific pilot whale_inat_4,short-finned pacific pilot whale_inat_4.jpg,False Killer Whale,short-finned pacific pilot whale
marine,all_I=motion_blur_S=3,short-finned pacific pilot whale_inat_5,short-finned pacific pilot whale_inat_5.jpg,False Killer Whale,short-finned pacific pilot whale
marine,all_I=motion_blur_S=3,short-finned pacific pilot whale_inat_6,short-finned pacific pilot whale_inat_6.jpg,None of the provided species are snakes.,short-finned pacific pilot whale
marine,all_I=motion_blur_S=3,short-finned pacific pilot whale_inat_7,short-finned pacific pilot whale_inat_7.jpg,Narwhal,short-finned pacific pilot whale
marine,all_I=motion_blur_S=3,short-finned pacific pilot whale_inat_8,short-finned pacific pilot whale_inat_8.jpg,False Killer Whale,short-finned pacific pilot whale
marine,all_I=motion_blur_S=3,short-finned pacific pilot whale_inat_9,short-finned pacific pilot whale_inat_9.jpg,"None of the provided species labels match the description of a fish. The image likely depicts a fish, but it is not listed among the given options.",short-finned pacific pilot whale
marine,all_I=motion_blur_S=3,southern right whale_inat_1,southern right whale_inat_1.jpg,False Killer Whale,southern right whale
marine,all_I=motion_blur_S=3,southern right whale_inat_10,southern right whale_inat_10.jpg,Bowhead Whale,southern right whale
marine,all_I=motion_blur_S=3,southern right whale_inat_11,southern right whale_inat_11.jpg,False Killer Whale,southern right whale
marine,all_I=motion_blur_S=3,southern right whale_inat_12,southern right whale_inat_12.jpg,Common Dolphin,southern right whale
marine,all_I=motion_blur_S=3,southern right whale_inat_13,southern right whale_inat_13.jpg,Common Dolphin,southern right whale
marine,all_I=motion_blur_S=3,southern right whale_inat_14,southern right whale_inat_14.jpg,Bowhead Whale,southern right whale
marine,all_I=motion_blur_S=3,southern right whale_inat_15,southern right whale_inat_15.jpg,Humpback Whale,southern right whale
marine,all_I=motion_blur_S=3,southern right whale_inat_16,southern right whale_inat_16.jpg,Humpback Whale,southern right whale
marine,all_I=motion_blur_S=3,southern right whale_inat_2,southern right whale_inat_2.jpg,Common Dolphin,southern right whale
marine,all_I=motion_blur_S=3,southern right whale_inat_3,southern right whale_inat_3.jpg,False Killer Whale,southern right whale
marine,all_I=motion_blur_S=3,southern right whale_inat_4,southern right whale_inat_4.jpg,Common Dolphin,southern right whale
marine,all_I=motion_blur_S=3,southern right whale_inat_5,southern right whale_inat_5.jpg,Bottlenose Dolphin,southern right whale
marine,all_I=motion_blur_S=3,southern right whale_inat_6,southern right whale_inat_6.jpg,False Killer Whale,southern right whale
marine,all_I=motion_blur_S=3,southern right whale_inat_7,southern right whale_inat_7.jpg,Humpback Whale,southern right whale
marine,all_I=motion_blur_S=3,southern right whale_inat_8,southern right whale_inat_8.jpg,Humpback Whale,southern right whale
marine,all_I=motion_blur_S=3,southern right whale_inat_9,southern right whale_inat_9.jpg,False Killer Whale,southern right whale
marine,all_I=motion_blur_S=3,sperm whale_matched_1,sperm whale_matched_1.jpg,Sperm Whale,sperm whale
marine,all_I=motion_blur_S=3,sperm whale_matched_10,sperm whale_matched_10.jpg,Sperm Whale,sperm whale
marine,all_I=motion_blur_S=3,sperm whale_matched_11,sperm whale_matched_11.jpg,False Killer Whale,sperm whale
marine,all_I=motion_blur_S=3,sperm whale_matched_12,sperm whale_matched_12.jpg,Sperm Whale,sperm whale
marine,all_I=motion_blur_S=3,sperm whale_matched_13,sperm whale_matched_13.jpg,Fin Finback Whale,sperm whale
marine,all_I=motion_blur_S=3,sperm whale_matched_14,sperm whale_matched_14.jpg,Fin Finback Whale,sperm whale
marine,all_I=motion_blur_S=3,sperm whale_matched_15,sperm whale_matched_15.jpg,Sperm Whale,sperm whale
marine,all_I=motion_blur_S=3,sperm whale_matched_16,sperm whale_matched_16.jpg,Sperm Whale,sperm whale
marine,all_I=motion_blur_S=3,sperm whale_matched_2,sperm whale_matched_2.jpg,Sperm Whale,sperm whale
marine,all_I=motion_blur_S=3,sperm whale_matched_3,sperm whale_matched_3.jpg,Sperm Whale,sperm whale
marine,all_I=motion_blur_S=3,sperm whale_matched_4,sperm whale_matched_4.jpg,Sperm Whale,sperm whale
marine,all_I=motion_blur_S=3,sperm whale_matched_5,sperm whale_matched_5.jpg,Sperm Whale,sperm whale
marine,all_I=motion_blur_S=3,sperm whale_matched_6,sperm whale_matched_6.jpg,Fin Finback Whale,sperm whale
marine,all_I=motion_blur_S=3,sperm whale_matched_7,sperm whale_matched_7.jpg,Sperm Whale,sperm whale
marine,all_I=motion_blur_S=3,sperm whale_matched_8,sperm whale_matched_8.jpg,Sperm Whale,sperm whale
marine,all_I=motion_blur_S=3,sperm whale_matched_9,sperm whale_matched_9.jpg,Fin Finback Whale,sperm whale
marine,all_I=motion_blur_S=3,spinner dolphin_matched_1,spinner dolphin_matched_1.jpg,Bottlenose Dolphin,spinner dolphin
marine,all_I=motion_blur_S=3,spinner dolphin_matched_10,spinner dolphin_matched_10.jpg,Bottlenose Dolphin,spinner dolphin
marine,all_I=motion_blur_S=3,spinner dolphin_matched_11,spinner dolphin_matched_11.jpg,False Killer Whale,spinner dolphin
marine,all_I=motion_blur_S=3,spinner dolphin_matched_12,spinner dolphin_matched_12.jpg,Bottlenose Dolphin,spinner dolphin
marine,all_I=motion_blur_S=3,spinner dolphin_matched_13,spinner dolphin_matched_13.jpg,Bottlenose Dolphin,spinner dolphin
marine,all_I=motion_blur_S=3,spinner dolphin_matched_14,spinner dolphin_matched_14.jpg,Common Dolphin,spinner dolphin
marine,all_I=motion_blur_S=3,spinner dolphin_matched_15,spinner dolphin_matched_15.jpg,Bottlenose Dolphin,spinner dolphin
marine,all_I=motion_blur_S=3,spinner dolphin_matched_16,spinner dolphin_matched_16.jpg,Common Dolphin,spinner dolphin
marine,all_I=motion_blur_S=3,spinner dolphin_matched_17,spinner dolphin_matched_17.jpg,Bottlenose Dolphin,spinner dolphin
marine,all_I=motion_blur_S=3,spinner dolphin_matched_18,spinner dolphin_matched_18.jpg,Bottlenose Dolphin,spinner dolphin
marine,all_I=motion_blur_S=3,spinner dolphin_matched_2,spinner dolphin_matched_2.jpg,Common Dolphin,spinner dolphin
marine,all_I=motion_blur_S=3,spinner dolphin_matched_3,spinner dolphin_matched_3.jpg,Bottlenose Dolphin,spinner dolphin
marine,all_I=motion_blur_S=3,spinner dolphin_matched_4,spinner dolphin_matched_4.jpg,False Killer Whale,spinner dolphin
marine,all_I=motion_blur_S=3,spinner dolphin_matched_5,spinner dolphin_matched_5.jpg,Common Dolphin,spinner dolphin
marine,all_I=motion_blur_S=3,spinner dolphin_matched_6,spinner dolphin_matched_6.jpg,False Killer Whale,spinner dolphin
marine,all_I=motion_blur_S=3,spinner dolphin_matched_7,spinner dolphin_matched_7.jpg,Bottlenose Dolphin,spinner dolphin
marine,all_I=motion_blur_S=3,spinner dolphin_matched_8,spinner dolphin_matched_8.jpg,Bottlenose Dolphin,spinner dolphin
marine,all_I=motion_blur_S=3,spinner dolphin_matched_9,spinner dolphin_matched_9.jpg,Bottlenose Dolphin,spinner dolphin
marine,all_I=motion_blur_S=3,striped dolphin_matched_1,striped dolphin_matched_1.jpg,Common Dolphin,striped dolphin
marine,all_I=motion_blur_S=3,striped dolphin_matched_10,striped dolphin_matched_10.jpg,Common Dolphin,striped dolphin
marine,all_I=motion_blur_S=3,striped dolphin_matched_11,striped dolphin_matched_11.jpg,Common Dolphin,striped dolphin
marine,all_I=motion_blur_S=3,striped dolphin_matched_12,striped dolphin_matched_12.jpg,Bottlenose Dolphin,striped dolphin
marine,all_I=motion_blur_S=3,striped dolphin_matched_13,striped dolphin_matched_13.jpg,Bottlenose Dolphin,striped dolphin
marine,all_I=motion_blur_S=3,striped dolphin_matched_14,striped dolphin_matched_14.jpg,Common Dolphin,striped dolphin
marine,all_I=motion_blur_S=3,striped dolphin_matched_15,striped dolphin_matched_15.jpg,Common Dolphin,striped dolphin
marine,all_I=motion_blur_S=3,striped dolphin_matched_16,striped dolphin_matched_16.jpg,Bottlenose Dolphin,striped dolphin
marine,all_I=motion_blur_S=3,striped dolphin_matched_17,striped dolphin_matched_17.jpg,Common Dolphin,striped dolphin
marine,all_I=motion_blur_S=3,striped dolphin_matched_18,striped dolphin_matched_18.jpg,Common Dolphin,striped dolphin
marine,all_I=motion_blur_S=3,striped dolphin_matched_19,striped dolphin_matched_19.jpg,Common Dolphin,striped dolphin
marine,all_I=motion_blur_S=3,striped dolphin_matched_2,striped dolphin_matched_2.jpg,White-beaked Dolphin,striped dolphin
marine,all_I=motion_blur_S=3,striped dolphin_matched_20,striped dolphin_matched_20.jpg,Common Dolphin,striped dolphin
marine,all_I=motion_blur_S=3,striped dolphin_matched_21,striped dolphin_matched_21.jpg,Bottlenose Dolphin,striped dolphin
marine,all_I=motion_blur_S=3,striped dolphin_matched_22,striped dolphin_matched_22.jpg,Bottlenose Dolphin,striped dolphin
marine,all_I=motion_blur_S=3,striped dolphin_matched_23,striped dolphin_matched_23.jpg,White-sided Dolphin,striped dolphin
marine,all_I=motion_blur_S=3,striped dolphin_matched_24,striped dolphin_matched_24.jpg,Common Dolphin,striped dolphin
marine,all_I=motion_blur_S=3,striped dolphin_matched_25,striped dolphin_matched_25.jpg,Common Dolphin,striped dolphin
marine,all_I=motion_blur_S=3,striped dolphin_matched_26,striped dolphin_matched_26.jpg,Bottlenose Dolphin,striped dolphin
marine,all_I=motion_blur_S=3,striped dolphin_matched_27,striped dolphin_matched_27.jpg,Bottlenose Dolphin,striped dolphin
marine,all_I=motion_blur_S=3,striped dolphin_matched_28,striped dolphin_matched_28.jpg,Common Dolphin,striped dolphin
marine,all_I=motion_blur_S=3,striped dolphin_matched_29,striped dolphin_matched_29.jpg,Common Dolphin,striped dolphin
marine,all_I=motion_blur_S=3,striped dolphin_matched_3,striped dolphin_matched_3.jpg,Bottlenose Dolphin,striped dolphin
marine,all_I=motion_blur_S=3,striped dolphin_matched_30,striped dolphin_matched_30.jpg,Common Dolphin,striped dolphin
marine,all_I=motion_blur_S=3,striped dolphin_matched_31,striped dolphin_matched_31.jpg,False Killer Whale,striped dolphin
marine,all_I=motion_blur_S=3,striped dolphin_matched_32,striped dolphin_matched_32.jpg,Common Dolphin,striped dolphin
marine,all_I=motion_blur_S=3,striped dolphin_matched_33,striped dolphin_matched_33.jpg,Bottlenose Dolphin,striped dolphin
marine,all_I=motion_blur_S=3,striped dolphin_matched_4,striped dolphin_matched_4.jpg,Bottlenose Dolphin,striped dolphin
marine,all_I=motion_blur_S=3,striped dolphin_matched_5,striped dolphin_matched_5.jpg,Bottlenose Dolphin,striped dolphin
marine,all_I=motion_blur_S=3,striped dolphin_matched_6,striped dolphin_matched_6.jpg,Bottlenose Dolphin,striped dolphin
marine,all_I=motion_blur_S=3,striped dolphin_matched_7,striped dolphin_matched_7.jpg,Bottlenose Dolphin,striped dolphin
marine,all_I=motion_blur_S=3,striped dolphin_matched_8,striped dolphin_matched_8.jpg,Bottlenose Dolphin,striped dolphin
marine,all_I=motion_blur_S=3,striped dolphin_matched_9,striped dolphin_matched_9.jpg,Bottlenose Dolphin,striped dolphin
marine,all_I=motion_blur_S=3,walrus_matched_1,walrus_matched_1.jpg,Walrus,walrus
marine,all_I=motion_blur_S=3,walrus_matched_10,walrus_matched_10.jpg,Walrus,walrus
marine,all_I=motion_blur_S=3,walrus_matched_11,walrus_matched_11.jpg,Walrus,walrus
marine,all_I=motion_blur_S=3,walrus_matched_12,walrus_matched_12.jpg,Walrus,walrus
marine,all_I=motion_blur_S=3,walrus_matched_13,walrus_matched_13.jpg,Walrus,walrus
marine,all_I=motion_blur_S=3,walrus_matched_14,walrus_matched_14.jpg,Walrus,walrus
marine,all_I=motion_blur_S=3,walrus_matched_15,walrus_matched_15.jpg,Walrus,walrus
marine,all_I=motion_blur_S=3,walrus_matched_16,walrus_matched_16.jpg,Walrus,walrus
marine,all_I=motion_blur_S=3,walrus_matched_17,walrus_matched_17.jpg,Walrus,walrus
marine,all_I=motion_blur_S=3,walrus_matched_18,walrus_matched_18.jpg,Walrus,walrus
marine,all_I=motion_blur_S=3,walrus_matched_19,walrus_matched_19.jpg,Walrus,walrus
marine,all_I=motion_blur_S=3,walrus_matched_2,walrus_matched_2.jpg,Walrus,walrus
marine,all_I=motion_blur_S=3,walrus_matched_20,walrus_matched_20.jpg,Walrus,walrus
marine,all_I=motion_blur_S=3,walrus_matched_21,walrus_matched_21.jpg,Walrus,walrus
marine,all_I=motion_blur_S=3,walrus_matched_22,walrus_matched_22.jpg,Walrus,walrus
marine,all_I=motion_blur_S=3,walrus_matched_23,walrus_matched_23.jpg,Walrus,walrus
marine,all_I=motion_blur_S=3,walrus_matched_24,walrus_matched_24.jpg,Walrus,walrus
marine,all_I=motion_blur_S=3,walrus_matched_25,walrus_matched_25.jpg,Walrus,walrus
marine,all_I=motion_blur_S=3,walrus_matched_26,walrus_matched_26.jpg,Walrus,walrus
marine,all_I=motion_blur_S=3,walrus_matched_27,walrus_matched_27.jpg,Walrus,walrus
marine,all_I=motion_blur_S=3,walrus_matched_28,walrus_matched_28.jpg,Walrus,walrus
marine,all_I=motion_blur_S=3,walrus_matched_29,walrus_matched_29.jpg,Walrus,walrus
marine,all_I=motion_blur_S=3,walrus_matched_3,walrus_matched_3.jpg,Walrus,walrus
marine,all_I=motion_blur_S=3,walrus_matched_30,walrus_matched_30.jpg,Walrus,walrus
marine,all_I=motion_blur_S=3,walrus_matched_31,walrus_matched_31.jpg,Walrus,walrus
marine,all_I=motion_blur_S=3,walrus_matched_32,walrus_matched_32.jpg,Walrus,walrus
marine,all_I=motion_blur_S=3,walrus_matched_33,walrus_matched_33.jpg,Walrus,walrus
marine,all_I=motion_blur_S=3,walrus_matched_34,walrus_matched_34.jpg,Walrus,walrus
marine,all_I=motion_blur_S=3,walrus_matched_35,walrus_matched_35.jpg,Walrus,walrus
marine,all_I=motion_blur_S=3,walrus_matched_36,walrus_matched_36.jpg,Walrus,walrus
marine,all_I=motion_blur_S=3,walrus_matched_4,walrus_matched_4.jpg,Walrus,walrus
marine,all_I=motion_blur_S=3,walrus_matched_5,walrus_matched_5.jpg,Walrus,walrus
marine,all_I=motion_blur_S=3,walrus_matched_6,walrus_matched_6.jpg,Walrus,walrus
marine,all_I=motion_blur_S=3,walrus_matched_7,walrus_matched_7.jpg,Walrus,walrus
marine,all_I=motion_blur_S=3,walrus_matched_8,walrus_matched_8.jpg,Walrus,walrus
marine,all_I=motion_blur_S=3,walrus_matched_9,walrus_matched_9.jpg,Walrus,walrus
marine,all_I=motion_blur_S=3,weddell seal_matched_1,weddell seal_matched_1.jpg,Leopard Seal,weddell seal
marine,all_I=motion_blur_S=3,weddell seal_matched_10,weddell seal_matched_10.jpg,Harbor Seal,weddell seal
marine,all_I=motion_blur_S=3,weddell seal_matched_11,weddell seal_matched_11.jpg,Leopard Seal,weddell seal
marine,all_I=motion_blur_S=3,weddell seal_matched_12,weddell seal_matched_12.jpg,Harper Seal,weddell seal
marine,all_I=motion_blur_S=3,weddell seal_matched_13,weddell seal_matched_13.jpg,Leopard Seal,weddell seal
marine,all_I=motion_blur_S=3,weddell seal_matched_14,weddell seal_matched_14.jpg,Leopard Seal,weddell seal
marine,all_I=motion_blur_S=3,weddell seal_matched_15,weddell seal_matched_15.jpg,Harper Seal,weddell seal
marine,all_I=motion_blur_S=3,weddell seal_matched_16,weddell seal_matched_16.jpg,Leopard Seal,weddell seal
marine,all_I=motion_blur_S=3,weddell seal_matched_2,weddell seal_matched_2.jpg,Leopard Seal,weddell seal
marine,all_I=motion_blur_S=3,weddell seal_matched_3,weddell seal_matched_3.jpg,Harp Seal,weddell seal
marine,all_I=motion_blur_S=3,weddell seal_matched_4,weddell seal_matched_4.jpg,Leopard Seal,weddell seal
marine,all_I=motion_blur_S=3,weddell seal_matched_5,weddell seal_matched_5.jpg,Harper Seal,weddell seal
marine,all_I=motion_blur_S=3,weddell seal_matched_6,weddell seal_matched_6.jpg,Leopard Seal,weddell seal
marine,all_I=motion_blur_S=3,weddell seal_matched_7,weddell seal_matched_7.jpg,Leopard Seal,weddell seal
marine,all_I=motion_blur_S=3,weddell seal_matched_8,weddell seal_matched_8.jpg,Leopard Seal,weddell seal
marine,all_I=motion_blur_S=3,weddell seal_matched_9,weddell seal_matched_9.jpg,Harp Seal,weddell seal
marine,all_I=motion_blur_S=3,white-beaked dolphin_matched_1,white-beaked dolphin_matched_1.jpg,False Killer Whale,white-beaked dolphin
marine,all_I=motion_blur_S=3,white-beaked dolphin_matched_10,white-beaked dolphin_matched_10.jpg,Common Dolphin,white-beaked dolphin
marine,all_I=motion_blur_S=3,white-beaked dolphin_matched_11,white-beaked dolphin_matched_11.jpg,False Killer Whale,white-beaked dolphin
marine,all_I=motion_blur_S=3,white-beaked dolphin_matched_12,white-beaked dolphin_matched_12.jpg,False Killer Whale,white-beaked dolphin
marine,all_I=motion_blur_S=3,white-beaked dolphin_matched_13,white-beaked dolphin_matched_13.jpg,False Killer Whale,white-beaked dolphin
marine,all_I=motion_blur_S=3,white-beaked dolphin_matched_14,white-beaked dolphin_matched_14.jpg,Humpback Whale,white-beaked dolphin
marine,all_I=motion_blur_S=3,white-beaked dolphin_matched_15,white-beaked dolphin_matched_15.jpg,Bottlenose Dolphin,white-beaked dolphin
marine,all_I=motion_blur_S=3,white-beaked dolphin_matched_16,white-beaked dolphin_matched_16.jpg,False Killer Whale,white-beaked dolphin
marine,all_I=motion_blur_S=3,white-beaked dolphin_matched_2,white-beaked dolphin_matched_2.jpg,False Killer Whale,white-beaked dolphin
marine,all_I=motion_blur_S=3,white-beaked dolphin_matched_3,white-beaked dolphin_matched_3.jpg,False Killer Whale,white-beaked dolphin
marine,all_I=motion_blur_S=3,white-beaked dolphin_matched_4,white-beaked dolphin_matched_4.jpg,False Killer Whale,white-beaked dolphin
marine,all_I=motion_blur_S=3,white-beaked dolphin_matched_5,white-beaked dolphin_matched_5.jpg,Bottlenose Dolphin,white-beaked dolphin
marine,all_I=motion_blur_S=3,white-beaked dolphin_matched_6,white-beaked dolphin_matched_6.jpg,Bottlenose Dolphin,white-beaked dolphin
marine,all_I=motion_blur_S=3,white-beaked dolphin_matched_7,white-beaked dolphin_matched_7.jpg,Common Dolphin,white-beaked dolphin
marine,all_I=motion_blur_S=3,white-beaked dolphin_matched_8,white-beaked dolphin_matched_8.jpg,White-beaked Dolphin,white-beaked dolphin
marine,all_I=motion_blur_S=3,white-beaked dolphin_matched_9,white-beaked dolphin_matched_9.jpg,False Killer Whale,white-beaked dolphin
marine,all_I=motion_blur_S=3,white-sided dolphin_inat_1,white-sided dolphin_inat_1.jpg,Common Dolphin,white-sided dolphin
marine,all_I=motion_blur_S=3,white-sided dolphin_inat_10,white-sided dolphin_inat_10.jpg,False Killer Whale,white-sided dolphin
marine,all_I=motion_blur_S=3,white-sided dolphin_inat_11,white-sided dolphin_inat_11.jpg,Bottlenose Dolphin,white-sided dolphin
marine,all_I=motion_blur_S=3,white-sided dolphin_inat_12,white-sided dolphin_inat_12.jpg,Humpback Whale,white-sided dolphin
marine,all_I=motion_blur_S=3,white-sided dolphin_inat_13,white-sided dolphin_inat_13.jpg,Common Dolphin,white-sided dolphin
marine,all_I=motion_blur_S=3,white-sided dolphin_inat_14,white-sided dolphin_inat_14.jpg,Common Dolphin,white-sided dolphin
marine,all_I=motion_blur_S=3,white-sided dolphin_inat_15,white-sided dolphin_inat_15.jpg,Common Dolphin,white-sided dolphin
marine,all_I=motion_blur_S=3,white-sided dolphin_inat_16,white-sided dolphin_inat_16.jpg,Bottlenose Dolphin,white-sided dolphin
marine,all_I=motion_blur_S=3,white-sided dolphin_inat_2,white-sided dolphin_inat_2.jpg,Bottlenose Dolphin,white-sided dolphin
marine,all_I=motion_blur_S=3,white-sided dolphin_inat_3,white-sided dolphin_inat_3.jpg,Bottlenose Dolphin,white-sided dolphin
marine,all_I=motion_blur_S=3,white-sided dolphin_inat_4,white-sided dolphin_inat_4.jpg,Common Dolphin,white-sided dolphin
marine,all_I=motion_blur_S=3,white-sided dolphin_inat_5,white-sided dolphin_inat_5.jpg,Bottlenose Dolphin,white-sided dolphin
marine,all_I=motion_blur_S=3,white-sided dolphin_inat_6,white-sided dolphin_inat_6.jpg,Common Dolphin,white-sided dolphin
marine,all_I=motion_blur_S=3,white-sided dolphin_inat_7,white-sided dolphin_inat_7.jpg,Bottlenose Dolphin,white-sided dolphin
marine,all_I=motion_blur_S=3,white-sided dolphin_inat_8,white-sided dolphin_inat_8.jpg,Killer Whale,white-sided dolphin
marine,all_I=motion_blur_S=3,white-sided dolphin_inat_9,white-sided dolphin_inat_9.jpg,Bottlenose Dolphin,white-sided dolphin
marine,all_I=occlusion_S=3,atlantic spotted dolphin_matched_1,atlantic spotted dolphin_matched_1.jpg,Clymene Dolphin,atlantic spotted dolphin
marine,all_I=occlusion_S=3,atlantic spotted dolphin_matched_10,atlantic spotted dolphin_matched_10.jpg,False Killer Whale,atlantic spotted dolphin
marine,all_I=occlusion_S=3,atlantic spotted dolphin_matched_11,atlantic spotted dolphin_matched_11.jpg,False Killer Whale,atlantic spotted dolphin
marine,all_I=occlusion_S=3,atlantic spotted dolphin_matched_12,atlantic spotted dolphin_matched_12.jpg,Leopard Seal,atlantic spotted dolphin
marine,all_I=occlusion_S=3,atlantic spotted dolphin_matched_13,atlantic spotted dolphin_matched_13.jpg,Clymene Dolphin,atlantic spotted dolphin
marine,all_I=occlusion_S=3,atlantic spotted dolphin_matched_14,atlantic spotted dolphin_matched_14.jpg,Leopard Seal,atlantic spotted dolphin
marine,all_I=occlusion_S=3,atlantic spotted dolphin_matched_15,atlantic spotted dolphin_matched_15.jpg,Bottlenose Dolphin,atlantic spotted dolphin
marine,all_I=occlusion_S=3,atlantic spotted dolphin_matched_16,atlantic spotted dolphin_matched_16.jpg,Beluga White Whale,atlantic spotted dolphin
marine,all_I=occlusion_S=3,atlantic spotted dolphin_matched_17,atlantic spotted dolphin_matched_17.jpg,Clymene Dolphin,atlantic spotted dolphin
marine,all_I=occlusion_S=3,atlantic spotted dolphin_matched_18,atlantic spotted dolphin_matched_18.jpg,Leopard Seal,atlantic spotted dolphin
marine,all_I=occlusion_S=3,atlantic spotted dolphin_matched_19,atlantic spotted dolphin_matched_19.jpg,Bottlenose Dolphin,atlantic spotted dolphin
marine,all_I=occlusion_S=3,atlantic spotted dolphin_matched_2,atlantic spotted dolphin_matched_2.jpg,Bottlenose Dolphin,atlantic spotted dolphin
marine,all_I=occlusion_S=3,atlantic spotted dolphin_matched_20,atlantic spotted dolphin_matched_20.jpg,Clymene Dolphin,atlantic spotted dolphin
marine,all_I=occlusion_S=3,atlantic spotted dolphin_matched_21,atlantic spotted dolphin_matched_21.jpg,Common Dolphin,atlantic spotted dolphin
marine,all_I=occlusion_S=3,atlantic spotted dolphin_matched_22,atlantic spotted dolphin_matched_22.jpg,Clymene Dolphin,atlantic spotted dolphin
marine,all_I=occlusion_S=3,atlantic spotted dolphin_matched_23,atlantic spotted dolphin_matched_23.jpg,Clymene Dolphin,atlantic spotted dolphin
marine,all_I=occlusion_S=3,atlantic spotted dolphin_matched_3,atlantic spotted dolphin_matched_3.jpg,False Killer Whale,atlantic spotted dolphin
marine,all_I=occlusion_S=3,atlantic spotted dolphin_matched_4,atlantic spotted dolphin_matched_4.jpg,Leopard Seal,atlantic spotted dolphin
marine,all_I=occlusion_S=3,atlantic spotted dolphin_matched_5,atlantic spotted dolphin_matched_5.jpg,Leopard Seal,atlantic spotted dolphin
marine,all_I=occlusion_S=3,atlantic spotted dolphin_matched_6,atlantic spotted dolphin_matched_6.jpg,Atlantic Spotted Dolphin,atlantic spotted dolphin
marine,all_I=occlusion_S=3,atlantic spotted dolphin_matched_7,atlantic spotted dolphin_matched_7.jpg,Bottlenose Dolphin,atlantic spotted dolphin
marine,all_I=occlusion_S=3,atlantic spotted dolphin_matched_8,atlantic spotted dolphin_matched_8.jpg,Atlantic Spotted Dolphin,atlantic spotted dolphin
marine,all_I=occlusion_S=3,atlantic spotted dolphin_matched_9,atlantic spotted dolphin_matched_9.jpg,False Killer Whale,atlantic spotted dolphin
marine,all_I=occlusion_S=3,bearded seal_inat_1,bearded seal_inat_1.jpg,Leopard Seal,bearded seal
marine,all_I=occlusion_S=3,bearded seal_inat_10,bearded seal_inat_10.jpg,Bearded Seal,bearded seal
marine,all_I=occlusion_S=3,bearded seal_inat_11,bearded seal_inat_11.jpg,False Killer Whale,bearded seal
marine,all_I=occlusion_S=3,bearded seal_inat_12,bearded seal_inat_12.jpg,Beluga White Whale,bearded seal
marine,all_I=occlusion_S=3,bearded seal_inat_13,bearded seal_inat_13.jpg,Leopard Seal,bearded seal
marine,all_I=occlusion_S=3,bearded seal_inat_14,bearded seal_inat_14.jpg,Leopard Seal,bearded seal
marine,all_I=occlusion_S=3,bearded seal_inat_15,bearded seal_inat_15.jpg,Leopard Seal,bearded seal
marine,all_I=occlusion_S=3,bearded seal_inat_16,bearded seal_inat_16.jpg,Leopard Seal,bearded seal
marine,all_I=occlusion_S=3,bearded seal_inat_2,bearded seal_inat_2.jpg,Leopard Seal,bearded seal
marine,all_I=occlusion_S=3,bearded seal_inat_3,bearded seal_inat_3.jpg,Leopard Seal,bearded seal
marine,all_I=occlusion_S=3,bearded seal_inat_4,bearded seal_inat_4.jpg,Leopard Seal,bearded seal
marine,all_I=occlusion_S=3,bearded seal_inat_5,bearded seal_inat_5.jpg,Leopard Seal,bearded seal
marine,all_I=occlusion_S=3,bearded seal_inat_6,bearded seal_inat_6.jpg,Leopard Seal,bearded seal
marine,all_I=occlusion_S=3,bearded seal_inat_7,bearded seal_inat_7.jpg,Leopard Seal,bearded seal
marine,all_I=occlusion_S=3,bearded seal_inat_8,bearded seal_inat_8.jpg,Leopard Seal,bearded seal
marine,all_I=occlusion_S=3,bearded seal_inat_9,bearded seal_inat_9.jpg,Walrus,bearded seal
marine,all_I=occlusion_S=3,beluga white whale_inat_1,beluga white whale_inat_1.jpg,False Killer Whale,beluga white whale
marine,all_I=occlusion_S=3,beluga white whale_inat_10,beluga white whale_inat_10.jpg,False Killer Whale,beluga white whale
marine,all_I=occlusion_S=3,beluga white whale_inat_11,beluga white whale_inat_11.jpg,False Killer Whale,beluga white whale
marine,all_I=occlusion_S=3,beluga white whale_inat_12,beluga white whale_inat_12.jpg,Beluga White Whale,beluga white whale
marine,all_I=occlusion_S=3,beluga white whale_inat_13,beluga white whale_inat_13.jpg,Beluga White Whale,beluga white whale
marine,all_I=occlusion_S=3,beluga white whale_inat_14,beluga white whale_inat_14.jpg,Beluga White Whale,beluga white whale
marine,all_I=occlusion_S=3,beluga white whale_inat_15,beluga white whale_inat_15.jpg,Beluga White Whale,beluga white whale
marine,all_I=occlusion_S=3,beluga white whale_inat_16,beluga white whale_inat_16.jpg,Beluga White Whale,beluga white whale
marine,all_I=occlusion_S=3,beluga white whale_inat_2,beluga white whale_inat_2.jpg,False Killer Whale,beluga white whale
marine,all_I=occlusion_S=3,beluga white whale_inat_3,beluga white whale_inat_3.jpg,Beluga White Whale,beluga white whale
marine,all_I=occlusion_S=3,beluga white whale_inat_4,beluga white whale_inat_4.jpg,False Killer Whale,beluga white whale
marine,all_I=occlusion_S=3,beluga white whale_inat_5,beluga white whale_inat_5.jpg,Beluga White Whale,beluga white whale
marine,all_I=occlusion_S=3,beluga white whale_inat_6,beluga white whale_inat_6.jpg,False Killer Whale,beluga white whale
marine,all_I=occlusion_S=3,beluga white whale_inat_7,beluga white whale_inat_7.jpg,Beluga White Whale,beluga white whale
marine,all_I=occlusion_S=3,beluga white whale_inat_8,beluga white whale_inat_8.jpg,Killer Whale,beluga white whale
marine,all_I=occlusion_S=3,beluga white whale_inat_9,beluga white whale_inat_9.jpg,False Killer Whale,beluga white whale
marine,all_I=occlusion_S=3,bottlenose dolphin_inat_1,bottlenose dolphin_inat_1.jpg,False Killer Whale,bottlenose dolphin
marine,all_I=occlusion_S=3,bottlenose dolphin_inat_10,bottlenose dolphin_inat_10.jpg,False Killer Whale,bottlenose dolphin
marine,all_I=occlusion_S=3,bottlenose dolphin_inat_11,bottlenose dolphin_inat_11.jpg,False Killer Whale,bottlenose dolphin
marine,all_I=occlusion_S=3,bottlenose dolphin_inat_12,bottlenose dolphin_inat_12.jpg,False Killer Whale,bottlenose dolphin
marine,all_I=occlusion_S=3,bottlenose dolphin_inat_13,bottlenose dolphin_inat_13.jpg,False Killer Whale,bottlenose dolphin
marine,all_I=occlusion_S=3,bottlenose dolphin_inat_14,bottlenose dolphin_inat_14.jpg,False Killer Whale,bottlenose dolphin
marine,all_I=occlusion_S=3,bottlenose dolphin_inat_15,bottlenose dolphin_inat_15.jpg,Bottlenose Dolphin,bottlenose dolphin
marine,all_I=occlusion_S=3,bottlenose dolphin_inat_16,bottlenose dolphin_inat_16.jpg,Bottlenose Dolphin,bottlenose dolphin
marine,all_I=occlusion_S=3,bottlenose dolphin_inat_2,bottlenose dolphin_inat_2.jpg,Bottlenose Dolphin,bottlenose dolphin
marine,all_I=occlusion_S=3,bottlenose dolphin_inat_3,bottlenose dolphin_inat_3.jpg,Bottlenose Dolphin,bottlenose dolphin
marine,all_I=occlusion_S=3,bottlenose dolphin_inat_4,bottlenose dolphin_inat_4.jpg,Bottlenose Dolphin,bottlenose dolphin
marine,all_I=occlusion_S=3,bottlenose dolphin_inat_5,bottlenose dolphin_inat_5.jpg,Leopard Seal,bottlenose dolphin
marine,all_I=occlusion_S=3,bottlenose dolphin_inat_6,bottlenose dolphin_inat_6.jpg,False Killer Whale,bottlenose dolphin
marine,all_I=occlusion_S=3,bottlenose dolphin_inat_7,bottlenose dolphin_inat_7.jpg,Bottlenose Dolphin,bottlenose dolphin
marine,all_I=occlusion_S=3,bottlenose dolphin_inat_8,bottlenose dolphin_inat_8.jpg,Bottlenose Dolphin,bottlenose dolphin
marine,all_I=occlusion_S=3,bottlenose dolphin_inat_9,bottlenose dolphin_inat_9.jpg,False Killer Whale,bottlenose dolphin
marine,all_I=occlusion_S=3,bowhead whale_matched_1,bowhead whale_matched_1.jpg,Fin Finback Whale,bowhead whale
marine,all_I=occlusion_S=3,bowhead whale_matched_10,bowhead whale_matched_10.jpg,Fin Finback Whale,bowhead whale
marine,all_I=occlusion_S=3,bowhead whale_matched_11,bowhead whale_matched_11.jpg,Bowhead Whale,bowhead whale
marine,all_I=occlusion_S=3,bowhead whale_matched_12,bowhead whale_matched_12.jpg,Fin Finback Whale,bowhead whale
marine,all_I=occlusion_S=3,bowhead whale_matched_13,bowhead whale_matched_13.jpg,Beluga White Whale,bowhead whale
marine,all_I=occlusion_S=3,bowhead whale_matched_14,bowhead whale_matched_14.jpg,Bottlenose Dolphin,bowhead whale
marine,all_I=occlusion_S=3,bowhead whale_matched_15,bowhead whale_matched_15.jpg,Fin Finback Whale,bowhead whale
marine,all_I=occlusion_S=3,bowhead whale_matched_16,bowhead whale_matched_16.jpg,Bowhead Whale,bowhead whale
marine,all_I=occlusion_S=3,bowhead whale_matched_2,bowhead whale_matched_2.jpg,Sperm Whale,bowhead whale
marine,all_I=occlusion_S=3,bowhead whale_matched_3,bowhead whale_matched_3.jpg,Bowhead Whale,bowhead whale
marine,all_I=occlusion_S=3,bowhead whale_matched_4,bowhead whale_matched_4.jpg,Humpback Whale,bowhead whale
marine,all_I=occlusion_S=3,bowhead whale_matched_5,bowhead whale_matched_5.jpg,False Killer Whale,bowhead whale
marine,all_I=occlusion_S=3,bowhead whale_matched_6,bowhead whale_matched_6.jpg,Fin Finback Whale,bowhead whale
marine,all_I=occlusion_S=3,bowhead whale_matched_7,bowhead whale_matched_7.jpg,Bowhead Whale,bowhead whale
marine,all_I=occlusion_S=3,bowhead whale_matched_8,bowhead whale_matched_8.jpg,Humpback Whale,bowhead whale
marine,all_I=occlusion_S=3,bowhead whale_matched_9,bowhead whale_matched_9.jpg,Beluga White Whale,bowhead whale
marine,all_I=occlusion_S=3,clymene dolphin_matched_1,clymene dolphin_matched_1.jpg,Common Dolphin,clymene dolphin
marine,all_I=occlusion_S=3,clymene dolphin_matched_10,clymene dolphin_matched_10.jpg,Bottlenose Dolphin,clymene dolphin
marine,all_I=occlusion_S=3,clymene dolphin_matched_11,clymene dolphin_matched_11.jpg,Bottlenose Dolphin,clymene dolphin
marine,all_I=occlusion_S=3,clymene dolphin_matched_12,clymene dolphin_matched_12.jpg,Bottlenose Dolphin,clymene dolphin
marine,all_I=occlusion_S=3,clymene dolphin_matched_13,clymene dolphin_matched_13.jpg,False Killer Whale,clymene dolphin
marine,all_I=occlusion_S=3,clymene dolphin_matched_14,clymene dolphin_matched_14.jpg,Pantropical Spotted Dolphin,clymene dolphin
marine,all_I=occlusion_S=3,clymene dolphin_matched_15,clymene dolphin_matched_15.jpg,Bottlenose Dolphin,clymene dolphin
marine,all_I=occlusion_S=3,clymene dolphin_matched_16,clymene dolphin_matched_16.jpg,Bottlenose Dolphin,clymene dolphin
marine,all_I=occlusion_S=3,clymene dolphin_matched_17,clymene dolphin_matched_17.jpg,False Killer Whale,clymene dolphin
marine,all_I=occlusion_S=3,clymene dolphin_matched_18,clymene dolphin_matched_18.jpg,Bottlenose Dolphin,clymene dolphin
marine,all_I=occlusion_S=3,clymene dolphin_matched_19,clymene dolphin_matched_19.jpg,Bottlenose Dolphin,clymene dolphin
marine,all_I=occlusion_S=3,clymene dolphin_matched_2,clymene dolphin_matched_2.jpg,Bottlenose Dolphin,clymene dolphin
marine,all_I=occlusion_S=3,clymene dolphin_matched_3,clymene dolphin_matched_3.jpg,Bottlenose Dolphin,clymene dolphin
marine,all_I=occlusion_S=3,clymene dolphin_matched_4,clymene dolphin_matched_4.jpg,Bottlenose Dolphin,clymene dolphin
marine,all_I=occlusion_S=3,clymene dolphin_matched_5,clymene dolphin_matched_5.jpg,Bottlenose Dolphin,clymene dolphin
marine,all_I=occlusion_S=3,clymene dolphin_matched_6,clymene dolphin_matched_6.jpg,Bottlenose Dolphin,clymene dolphin
marine,all_I=occlusion_S=3,clymene dolphin_matched_7,clymene dolphin_matched_7.jpg,Bottlenose Dolphin,clymene dolphin
marine,all_I=occlusion_S=3,clymene dolphin_matched_8,clymene dolphin_matched_8.jpg,False Killer Whale,clymene dolphin
marine,all_I=occlusion_S=3,clymene dolphin_matched_9,clymene dolphin_matched_9.jpg,Bottlenose Dolphin,clymene dolphin
marine,all_I=occlusion_S=3,common dolphin_matched_1,common dolphin_matched_1.jpg,Bottlenose Dolphin,common dolphin
marine,all_I=occlusion_S=3,common dolphin_matched_10,common dolphin_matched_10.jpg,Common Dolphin,common dolphin
marine,all_I=occlusion_S=3,common dolphin_matched_11,common dolphin_matched_11.jpg,Common Dolphin,common dolphin
marine,all_I=occlusion_S=3,common dolphin_matched_12,common dolphin_matched_12.jpg,False Killer Whale,common dolphin
marine,all_I=occlusion_S=3,common dolphin_matched_13,common dolphin_matched_13.jpg,Bottlenose Dolphin,common dolphin
marine,all_I=occlusion_S=3,common dolphin_matched_14,common dolphin_matched_14.jpg,Common Dolphin,common dolphin
marine,all_I=occlusion_S=3,common dolphin_matched_15,common dolphin_matched_15.jpg,Bottlenose Dolphin,common dolphin
marine,all_I=occlusion_S=3,common dolphin_matched_16,common dolphin_matched_16.jpg,Bottlenose Dolphin,common dolphin
marine,all_I=occlusion_S=3,common dolphin_matched_17,common dolphin_matched_17.jpg,Bottlenose Dolphin,common dolphin
marine,all_I=occlusion_S=3,common dolphin_matched_18,common dolphin_matched_18.jpg,Common Dolphin,common dolphin
marine,all_I=occlusion_S=3,common dolphin_matched_19,common dolphin_matched_19.jpg,False Killer Whale,common dolphin
marine,all_I=occlusion_S=3,common dolphin_matched_2,common dolphin_matched_2.jpg,Bottlenose Dolphin,common dolphin
marine,all_I=occlusion_S=3,common dolphin_matched_20,common dolphin_matched_20.jpg,Bottlenose Dolphin,common dolphin
marine,all_I=occlusion_S=3,common dolphin_matched_21,common dolphin_matched_21.jpg,Bottlenose Dolphin,common dolphin
marine,all_I=occlusion_S=3,common dolphin_matched_22,common dolphin_matched_22.jpg,Bottlenose Dolphin,common dolphin
marine,all_I=occlusion_S=3,common dolphin_matched_23,common dolphin_matched_23.jpg,Bottlenose Dolphin,common dolphin
marine,all_I=occlusion_S=3,common dolphin_matched_24,common dolphin_matched_24.jpg,Common Dolphin,common dolphin
marine,all_I=occlusion_S=3,common dolphin_matched_25,common dolphin_matched_25.jpg,Bottlenose Dolphin,common dolphin
marine,all_I=occlusion_S=3,common dolphin_matched_26,common dolphin_matched_26.jpg,False Killer Whale,common dolphin
marine,all_I=occlusion_S=3,common dolphin_matched_27,common dolphin_matched_27.jpg,False Killer Whale,common dolphin
marine,all_I=occlusion_S=3,common dolphin_matched_28,common dolphin_matched_28.jpg,False Killer Whale,common dolphin
marine,all_I=occlusion_S=3,common dolphin_matched_29,common dolphin_matched_29.jpg,Bottlenose Dolphin,common dolphin
marine,all_I=occlusion_S=3,common dolphin_matched_3,common dolphin_matched_3.jpg,Leopard Seal,common dolphin
marine,all_I=occlusion_S=3,common dolphin_matched_30,common dolphin_matched_30.jpg,Bottlenose Dolphin,common dolphin
marine,all_I=occlusion_S=3,common dolphin_matched_31,common dolphin_matched_31.jpg,False Killer Whale,common dolphin
marine,all_I=occlusion_S=3,common dolphin_matched_32,common dolphin_matched_32.jpg,Bottlenose Dolphin,common dolphin
marine,all_I=occlusion_S=3,common dolphin_matched_33,common dolphin_matched_33.jpg,False Killer Whale,common dolphin
marine,all_I=occlusion_S=3,common dolphin_matched_34,common dolphin_matched_34.jpg,Common Dolphin,common dolphin
marine,all_I=occlusion_S=3,common dolphin_matched_35,common dolphin_matched_35.jpg,Common Dolphin,common dolphin
marine,all_I=occlusion_S=3,common dolphin_matched_36,common dolphin_matched_36.jpg,Bottlenose Dolphin,common dolphin
marine,all_I=occlusion_S=3,common dolphin_matched_4,common dolphin_matched_4.jpg,Bottlenose Dolphin,common dolphin
marine,all_I=occlusion_S=3,common dolphin_matched_5,common dolphin_matched_5.jpg,Bottlenose Dolphin,common dolphin
marine,all_I=occlusion_S=3,common dolphin_matched_6,common dolphin_matched_6.jpg,Bottlenose Dolphin,common dolphin
marine,all_I=occlusion_S=3,common dolphin_matched_7,common dolphin_matched_7.jpg,Bottlenose Dolphin,common dolphin
marine,all_I=occlusion_S=3,common dolphin_matched_8,common dolphin_matched_8.jpg,Bottlenose Dolphin,common dolphin
marine,all_I=occlusion_S=3,common dolphin_matched_9,common dolphin_matched_9.jpg,Bottlenose Dolphin,common dolphin
marine,all_I=occlusion_S=3,false killer whale_matched_1,false killer whale_matched_1.jpg,Sperm Whale,false killer whale
marine,all_I=occlusion_S=3,false killer whale_matched_10,false killer whale_matched_10.jpg,False Killer Whale,false killer whale
marine,all_I=occlusion_S=3,false killer whale_matched_11,false killer whale_matched_11.jpg,False Killer Whale,false killer whale
marine,all_I=occlusion_S=3,false killer whale_matched_12,false killer whale_matched_12.jpg,False Killer Whale,false killer whale
marine,all_I=occlusion_S=3,false killer whale_matched_13,false killer whale_matched_13.jpg,False Killer Whale,false killer whale
marine,all_I=occlusion_S=3,false killer whale_matched_14,false killer whale_matched_14.jpg,Killer Whale,false killer whale
marine,all_I=occlusion_S=3,false killer whale_matched_15,false killer whale_matched_15.jpg,False Killer Whale,false killer whale
marine,all_I=occlusion_S=3,false killer whale_matched_16,false killer whale_matched_16.jpg,False Killer Whale,false killer whale
marine,all_I=occlusion_S=3,false killer whale_matched_2,false killer whale_matched_2.jpg,False Killer Whale,false killer whale
marine,all_I=occlusion_S=3,false killer whale_matched_3,false killer whale_matched_3.jpg,False Killer Whale,false killer whale
marine,all_I=occlusion_S=3,false killer whale_matched_4,false killer whale_matched_4.jpg,False Killer Whale,false killer whale
marine,all_I=occlusion_S=3,false killer whale_matched_5,false killer whale_matched_5.jpg,False Killer Whale,false killer whale
marine,all_I=occlusion_S=3,false killer whale_matched_6,false killer whale_matched_6.jpg,False Killer Whale,false killer whale
marine,all_I=occlusion_S=3,false killer whale_matched_7,false killer whale_matched_7.jpg,False Killer Whale,false killer whale
marine,all_I=occlusion_S=3,false killer whale_matched_8,false killer whale_matched_8.jpg,False Killer Whale,false killer whale
marine,all_I=occlusion_S=3,false killer whale_matched_9,false killer whale_matched_9.jpg,False Killer Whale,false killer whale
marine,all_I=occlusion_S=3,fin finback whale_inat_1,fin finback whale_inat_1.jpg,False Killer Whale,fin finback whale
marine,all_I=occlusion_S=3,fin finback whale_inat_10,fin finback whale_inat_10.jpg,Bottlenose Dolphin,fin finback whale
marine,all_I=occlusion_S=3,fin finback whale_inat_11,fin finback whale_inat_11.jpg,Bottlenose Dolphin,fin finback whale
marine,all_I=occlusion_S=3,fin finback whale_inat_12,fin finback whale_inat_12.jpg,None of the provided species labels match the description of a fish in the image. The image does not depict any of the marine species listed.,fin finback whale
marine,all_I=occlusion_S=3,fin finback whale_inat_13,fin finback whale_inat_13.jpg,False Killer Whale,fin finback whale
marine,all_I=occlusion_S=3,fin finback whale_inat_14,fin finback whale_inat_14.jpg,Jellyfish,fin finback whale
marine,all_I=occlusion_S=3,fin finback whale_inat_15,fin finback whale_inat_15.jpg,None of the provided species can be classified from the image provided.,fin finback whale
marine,all_I=occlusion_S=3,fin finback whale_inat_16,fin finback whale_inat_16.jpg,Pantropical Spotted Dolphin,fin finback whale
marine,all_I=occlusion_S=3,fin finback whale_inat_2,fin finback whale_inat_2.jpg,False Killer Whale,fin finback whale
marine,all_I=occlusion_S=3,fin finback whale_inat_3,fin finback whale_inat_3.jpg,Fin Finback Whale,fin finback whale
marine,all_I=occlusion_S=3,fin finback whale_inat_4,fin finback whale_inat_4.jpg,Pantropical Spotted Dolphin,fin finback whale
marine,all_I=occlusion_S=3,fin finback whale_inat_5,fin finback whale_inat_5.jpg,Clymene Dolphin,fin finback whale
marine,all_I=occlusion_S=3,fin finback whale_inat_6,fin finback whale_inat_6.jpg,Bottlenose Dolphin,fin finback whale
marine,all_I=occlusion_S=3,fin finback whale_inat_7,fin finback whale_inat_7.jpg,Pantropical Spotted Dolphin,fin finback whale
marine,all_I=occlusion_S=3,fin finback whale_inat_8,fin finback whale_inat_8.jpg,Pantropical Spotted Dolphin,fin finback whale
marine,all_I=occlusion_S=3,fin finback whale_inat_9,fin finback whale_inat_9.jpg,Pantropical Spotted Dolphin,fin finback whale
marine,all_I=occlusion_S=3,frasers dolphin_inat_1,frasers dolphin_inat_1.jpg,False Killer Whale,frasers dolphin
marine,all_I=occlusion_S=3,frasers dolphin_inat_10,frasers dolphin_inat_10.jpg,Bottlenose Dolphin,frasers dolphin
marine,all_I=occlusion_S=3,frasers dolphin_inat_11,frasers dolphin_inat_11.jpg,Humpback Whale,frasers dolphin
marine,all_I=occlusion_S=3,frasers dolphin_inat_12,frasers dolphin_inat_12.jpg,False Killer Whale,frasers dolphin
marine,all_I=occlusion_S=3,frasers dolphin_inat_13,frasers dolphin_inat_13.jpg,False Killer Whale,frasers dolphin
marine,all_I=occlusion_S=3,frasers dolphin_inat_14,frasers dolphin_inat_14.jpg,Bottlenose Dolphin,frasers dolphin
marine,all_I=occlusion_S=3,frasers dolphin_inat_15,frasers dolphin_inat_15.jpg,Bottlenose Dolphin,frasers dolphin
marine,all_I=occlusion_S=3,frasers dolphin_inat_16,frasers dolphin_inat_16.jpg,False Killer Whale,frasers dolphin
marine,all_I=occlusion_S=3,frasers dolphin_inat_2,frasers dolphin_inat_2.jpg,Humpback Whale,frasers dolphin
marine,all_I=occlusion_S=3,frasers dolphin_inat_3,frasers dolphin_inat_3.jpg,False Killer Whale,frasers dolphin
marine,all_I=occlusion_S=3,frasers dolphin_inat_4,frasers dolphin_inat_4.jpg,Bottlenose Dolphin,frasers dolphin
marine,all_I=occlusion_S=3,frasers dolphin_inat_5,frasers dolphin_inat_5.jpg,Bottlenose Dolphin,frasers dolphin
marine,all_I=occlusion_S=3,frasers dolphin_inat_6,frasers dolphin_inat_6.jpg,Killer Whale,frasers dolphin
marine,all_I=occlusion_S=3,frasers dolphin_inat_7,frasers dolphin_inat_7.jpg,Bottlenose Dolphin,frasers dolphin
marine,all_I=occlusion_S=3,frasers dolphin_inat_8,frasers dolphin_inat_8.jpg,Beluga White Whale,frasers dolphin
marine,all_I=occlusion_S=3,frasers dolphin_inat_9,frasers dolphin_inat_9.jpg,False Killer Whale,frasers dolphin
marine,all_I=occlusion_S=3,grampus rissos dolphin_inat_1,grampus rissos dolphin_inat_1.jpg,False Killer Whale,grampus rissos dolphin
marine,all_I=occlusion_S=3,grampus rissos dolphin_inat_10,grampus rissos dolphin_inat_10.jpg,False Killer Whale,grampus rissos dolphin
marine,all_I=occlusion_S=3,grampus rissos dolphin_inat_11,grampus rissos dolphin_inat_11.jpg,False Killer Whale,grampus rissos dolphin
marine,all_I=occlusion_S=3,grampus rissos dolphin_inat_12,grampus rissos dolphin_inat_12.jpg,False Killer Whale,grampus rissos dolphin
marine,all_I=occlusion_S=3,grampus rissos dolphin_inat_13,grampus rissos dolphin_inat_13.jpg,False Killer Whale,grampus rissos dolphin
marine,all_I=occlusion_S=3,grampus rissos dolphin_inat_14,grampus rissos dolphin_inat_14.jpg,False Killer Whale,grampus rissos dolphin
marine,all_I=occlusion_S=3,grampus rissos dolphin_inat_15,grampus rissos dolphin_inat_15.jpg,False Killer Whale,grampus rissos dolphin
marine,all_I=occlusion_S=3,grampus rissos dolphin_inat_16,grampus rissos dolphin_inat_16.jpg,False Killer Whale,grampus rissos dolphin
marine,all_I=occlusion_S=3,grampus rissos dolphin_inat_2,grampus rissos dolphin_inat_2.jpg,False Killer Whale,grampus rissos dolphin
marine,all_I=occlusion_S=3,grampus rissos dolphin_inat_3,grampus rissos dolphin_inat_3.jpg,False Killer Whale,grampus rissos dolphin
marine,all_I=occlusion_S=3,grampus rissos dolphin_inat_4,grampus rissos dolphin_inat_4.jpg,Killer Whale,grampus rissos dolphin
marine,all_I=occlusion_S=3,grampus rissos dolphin_inat_5,grampus rissos dolphin_inat_5.jpg,False Killer Whale,grampus rissos dolphin
marine,all_I=occlusion_S=3,grampus rissos dolphin_inat_6,grampus rissos dolphin_inat_6.jpg,False Killer Whale,grampus rissos dolphin
marine,all_I=occlusion_S=3,grampus rissos dolphin_inat_7,grampus rissos dolphin_inat_7.jpg,False Killer Whale,grampus rissos dolphin
marine,all_I=occlusion_S=3,grampus rissos dolphin_inat_8,grampus rissos dolphin_inat_8.jpg,False Killer Whale,grampus rissos dolphin
marine,all_I=occlusion_S=3,grampus rissos dolphin_inat_9,grampus rissos dolphin_inat_9.jpg,Bottlenose Dolphin,grampus rissos dolphin
marine,all_I=occlusion_S=3,harp seal_matched_1,harp seal_matched_1.jpg,Harp Seal,harp seal
marine,all_I=occlusion_S=3,harp seal_matched_10,harp seal_matched_10.jpg,Harp Seal,harp seal
marine,all_I=occlusion_S=3,harp seal_matched_11,harp seal_matched_11.jpg,Harper Seal,harp seal
marine,all_I=occlusion_S=3,harp seal_matched_12,harp seal_matched_12.jpg,Harbor Seal,harp seal
marine,all_I=occlusion_S=3,harp seal_matched_13,harp seal_matched_13.jpg,Harbor Seal,harp seal
marine,all_I=occlusion_S=3,harp seal_matched_14,harp seal_matched_14.jpg,Leopard Seal,harp seal
marine,all_I=occlusion_S=3,harp seal_matched_15,harp seal_matched_15.jpg,Leopard Seal,harp seal
marine,all_I=occlusion_S=3,harp seal_matched_16,harp seal_matched_16.jpg,Harper Seal,harp seal
marine,all_I=occlusion_S=3,harp seal_matched_2,harp seal_matched_2.jpg,Leopard Seal,harp seal
marine,all_I=occlusion_S=3,harp seal_matched_3,harp seal_matched_3.jpg,Leopard Seal,harp seal
marine,all_I=occlusion_S=3,harp seal_matched_4,harp seal_matched_4.jpg,Leopard Seal,harp seal
marine,all_I=occlusion_S=3,harp seal_matched_5,harp seal_matched_5.jpg,Leopard Seal,harp seal
marine,all_I=occlusion_S=3,harp seal_matched_6,harp seal_matched_6.jpg,Harp Seal,harp seal
marine,all_I=occlusion_S=3,harp seal_matched_7,harp seal_matched_7.jpg,Leopard Seal,harp seal
marine,all_I=occlusion_S=3,harp seal_matched_8,harp seal_matched_8.jpg,Harp Seal,harp seal
marine,all_I=occlusion_S=3,harp seal_matched_9,harp seal_matched_9.jpg,Leopard Seal,harp seal
marine,all_I=occlusion_S=3,humpback whale_matched_1,humpback whale_matched_1.jpg,Humpback Whale,humpback whale
marine,all_I=occlusion_S=3,humpback whale_matched_10,humpback whale_matched_10.jpg,Humpback Whale,humpback whale
marine,all_I=occlusion_S=3,humpback whale_matched_11,humpback whale_matched_11.jpg,Humpback Whale,humpback whale
marine,all_I=occlusion_S=3,humpback whale_matched_12,humpback whale_matched_12.jpg,Humpback Whale,humpback whale
marine,all_I=occlusion_S=3,humpback whale_matched_13,humpback whale_matched_13.jpg,Humpback Whale,humpback whale
marine,all_I=occlusion_S=3,humpback whale_matched_14,humpback whale_matched_14.jpg,Humpback Whale,humpback whale
marine,all_I=occlusion_S=3,humpback whale_matched_15,humpback whale_matched_15.jpg,Humpback Whale,humpback whale
marine,all_I=occlusion_S=3,humpback whale_matched_16,humpback whale_matched_16.jpg,Humpback Whale,humpback whale
marine,all_I=occlusion_S=3,humpback whale_matched_2,humpback whale_matched_2.jpg,Humpback Whale,humpback whale
marine,all_I=occlusion_S=3,humpback whale_matched_3,humpback whale_matched_3.jpg,Humpback Whale,humpback whale
marine,all_I=occlusion_S=3,humpback whale_matched_4,humpback whale_matched_4.jpg,Humpback Whale,humpback whale
marine,all_I=occlusion_S=3,humpback whale_matched_5,humpback whale_matched_5.jpg,Humpback Whale,humpback whale
marine,all_I=occlusion_S=3,humpback whale_matched_6,humpback whale_matched_6.jpg,Humpback Whale,humpback whale
marine,all_I=occlusion_S=3,humpback whale_matched_7,humpback whale_matched_7.jpg,Humpback Whale,humpback whale
marine,all_I=occlusion_S=3,humpback whale_matched_8,humpback whale_matched_8.jpg,Humpback Whale,humpback whale
marine,all_I=occlusion_S=3,humpback whale_matched_9,humpback whale_matched_9.jpg,Humpback Whale,humpback whale
marine,all_I=occlusion_S=3,killer whale_inat_1,killer whale_inat_1.jpg,Killer Whale,killer whale
marine,all_I=occlusion_S=3,killer whale_inat_10,killer whale_inat_10.jpg,False Killer Whale,killer whale
marine,all_I=occlusion_S=3,killer whale_inat_11,killer whale_inat_11.jpg,False Killer Whale,killer whale
marine,all_I=occlusion_S=3,killer whale_inat_12,killer whale_inat_12.jpg,Bottlenose Dolphin,killer whale
marine,all_I=occlusion_S=3,killer whale_inat_13,killer whale_inat_13.jpg,Killer Whale,killer whale
marine,all_I=occlusion_S=3,killer whale_inat_14,killer whale_inat_14.jpg,Bottlenose Dolphin,killer whale
marine,all_I=occlusion_S=3,killer whale_inat_15,killer whale_inat_15.jpg,Bottlenose Dolphin,killer whale
marine,all_I=occlusion_S=3,killer whale_inat_16,killer whale_inat_16.jpg,Killer Whale,killer whale
marine,all_I=occlusion_S=3,killer whale_inat_2,killer whale_inat_2.jpg,False Killer Whale,killer whale
marine,all_I=occlusion_S=3,killer whale_inat_3,killer whale_inat_3.jpg,False Killer Whale,killer whale
marine,all_I=occlusion_S=3,killer whale_inat_4,killer whale_inat_4.jpg,False Killer Whale,killer whale
marine,all_I=occlusion_S=3,killer whale_inat_5,killer whale_inat_5.jpg,Killer Whale,killer whale
marine,all_I=occlusion_S=3,killer whale_inat_6,killer whale_inat_6.jpg,Killer Whale,killer whale
marine,all_I=occlusion_S=3,killer whale_inat_7,killer whale_inat_7.jpg,False Killer Whale,killer whale
marine,all_I=occlusion_S=3,killer whale_inat_8,killer whale_inat_8.jpg,False Killer Whale,killer whale
marine,all_I=occlusion_S=3,killer whale_inat_9,killer whale_inat_9.jpg,Killer Whale,killer whale
marine,all_I=occlusion_S=3,leopard seal_matched_1,leopard seal_matched_1.jpg,Leopard Seal,leopard seal
marine,all_I=occlusion_S=3,leopard seal_matched_10,leopard seal_matched_10.jpg,Leopard Seal,leopard seal
marine,all_I=occlusion_S=3,leopard seal_matched_11,leopard seal_matched_11.jpg,Leopard Seal,leopard seal
marine,all_I=occlusion_S=3,leopard seal_matched_12,leopard seal_matched_12.jpg,Leopard Seal,leopard seal
marine,all_I=occlusion_S=3,leopard seal_matched_13,leopard seal_matched_13.jpg,Leopard Seal,leopard seal
marine,all_I=occlusion_S=3,leopard seal_matched_14,leopard seal_matched_14.jpg,Leopard Seal,leopard seal
marine,all_I=occlusion_S=3,leopard seal_matched_15,leopard seal_matched_15.jpg,Leopard Seal,leopard seal
marine,all_I=occlusion_S=3,leopard seal_matched_16,leopard seal_matched_16.jpg,Leopard Seal,leopard seal
marine,all_I=occlusion_S=3,leopard seal_matched_2,leopard seal_matched_2.jpg,Leopard Seal,leopard seal
marine,all_I=occlusion_S=3,leopard seal_matched_3,leopard seal_matched_3.jpg,Leopard Seal,leopard seal
marine,all_I=occlusion_S=3,leopard seal_matched_4,leopard seal_matched_4.jpg,Leopard Seal,leopard seal
marine,all_I=occlusion_S=3,leopard seal_matched_5,leopard seal_matched_5.jpg,Leopard Seal,leopard seal
marine,all_I=occlusion_S=3,leopard seal_matched_6,leopard seal_matched_6.jpg,Bottlenose Dolphin,leopard seal
marine,all_I=occlusion_S=3,leopard seal_matched_7,leopard seal_matched_7.jpg,Leopard Seal,leopard seal
marine,all_I=occlusion_S=3,leopard seal_matched_8,leopard seal_matched_8.jpg,Leopard Seal,leopard seal
marine,all_I=occlusion_S=3,leopard seal_matched_9,leopard seal_matched_9.jpg,Leopard Seal,leopard seal
marine,all_I=occlusion_S=3,long-finned pilot whale_inat_1,long-finned pilot whale_inat_1.jpg,Killer Whale,long-finned pilot whale
marine,all_I=occlusion_S=3,long-finned pilot whale_inat_10,long-finned pilot whale_inat_10.jpg,False Killer Whale,long-finned pilot whale
marine,all_I=occlusion_S=3,long-finned pilot whale_inat_11,long-finned pilot whale_inat_11.jpg,Killer Whale,long-finned pilot whale
marine,all_I=occlusion_S=3,long-finned pilot whale_inat_12,long-finned pilot whale_inat_12.jpg,Leopard Seal,long-finned pilot whale
marine,all_I=occlusion_S=3,long-finned pilot whale_inat_13,long-finned pilot whale_inat_13.jpg,False Killer Whale,long-finned pilot whale
marine,all_I=occlusion_S=3,long-finned pilot whale_inat_14,long-finned pilot whale_inat_14.jpg,False Killer Whale,long-finned pilot whale
marine,all_I=occlusion_S=3,long-finned pilot whale_inat_15,long-finned pilot whale_inat_15.jpg,False Killer Whale,long-finned pilot whale
marine,all_I=occlusion_S=3,long-finned pilot whale_inat_16,long-finned pilot whale_inat_16.jpg,False Killer Whale,long-finned pilot whale
marine,all_I=occlusion_S=3,long-finned pilot whale_inat_2,long-finned pilot whale_inat_2.jpg,False Killer Whale,long-finned pilot whale
marine,all_I=occlusion_S=3,long-finned pilot whale_inat_3,long-finned pilot whale_inat_3.jpg,Fin Finback Whale,long-finned pilot whale
marine,all_I=occlusion_S=3,long-finned pilot whale_inat_4,long-finned pilot whale_inat_4.jpg,Humpback Whale,long-finned pilot whale
marine,all_I=occlusion_S=3,long-finned pilot whale_inat_5,long-finned pilot whale_inat_5.jpg,False Killer Whale,long-finned pilot whale
marine,all_I=occlusion_S=3,long-finned pilot whale_inat_6,long-finned pilot whale_inat_6.jpg,False Killer Whale,long-finned pilot whale
marine,all_I=occlusion_S=3,long-finned pilot whale_inat_7,long-finned pilot whale_inat_7.jpg,False Killer Whale,long-finned pilot whale
marine,all_I=occlusion_S=3,long-finned pilot whale_inat_8,long-finned pilot whale_inat_8.jpg,False Killer Whale,long-finned pilot whale
marine,all_I=occlusion_S=3,long-finned pilot whale_inat_9,long-finned pilot whale_inat_9.jpg,Killer Whale,long-finned pilot whale
marine,all_I=occlusion_S=3,melon headed whale_inat_1,melon headed whale_inat_1.jpg,Bottlenose Dolphin,melon headed whale
marine,all_I=occlusion_S=3,melon headed whale_inat_10,melon headed whale_inat_10.jpg,Bottlenose Dolphin,melon headed whale
marine,all_I=occlusion_S=3,melon headed whale_inat_11,melon headed whale_inat_11.jpg,False Killer Whale,melon headed whale
marine,all_I=occlusion_S=3,melon headed whale_inat_12,melon headed whale_inat_12.jpg,False Killer Whale,melon headed whale
marine,all_I=occlusion_S=3,melon headed whale_inat_13,melon headed whale_inat_13.jpg,Humpback Whale,melon headed whale
marine,all_I=occlusion_S=3,melon headed whale_inat_14,melon headed whale_inat_14.jpg,Killer Whale,melon headed whale
marine,all_I=occlusion_S=3,melon headed whale_inat_15,melon headed whale_inat_15.jpg,Bottlenose Dolphin,melon headed whale
marine,all_I=occlusion_S=3,melon headed whale_inat_16,melon headed whale_inat_16.jpg,False Killer Whale,melon headed whale
marine,all_I=occlusion_S=3,melon headed whale_inat_2,melon headed whale_inat_2.jpg,Bottlenose Dolphin,melon headed whale
marine,all_I=occlusion_S=3,melon headed whale_inat_3,melon headed whale_inat_3.jpg,Bottlenose Dolphin,melon headed whale
marine,all_I=occlusion_S=3,melon headed whale_inat_4,melon headed whale_inat_4.jpg,Bottlenose Dolphin,melon headed whale
marine,all_I=occlusion_S=3,melon headed whale_inat_5,melon headed whale_inat_5.jpg,Bottlenose Dolphin,melon headed whale
marine,all_I=occlusion_S=3,melon headed whale_inat_6,melon headed whale_inat_6.jpg,Minke Whale,melon headed whale
marine,all_I=occlusion_S=3,melon headed whale_inat_7,melon headed whale_inat_7.jpg,Bottlenose Dolphin,melon headed whale
marine,all_I=occlusion_S=3,melon headed whale_inat_8,melon headed whale_inat_8.jpg,Bottlenose Dolphin,melon headed whale
marine,all_I=occlusion_S=3,melon headed whale_inat_9,melon headed whale_inat_9.jpg,Bottlenose Dolphin,melon headed whale
marine,all_I=occlusion_S=3,minke whale_inat_1,minke whale_inat_1.jpg,False Killer Whale,minke whale
marine,all_I=occlusion_S=3,minke whale_inat_10,minke whale_inat_10.jpg,Fin Finback Whale,minke whale
marine,all_I=occlusion_S=3,minke whale_inat_11,minke whale_inat_11.jpg,Minke Whale,minke whale
marine,all_I=occlusion_S=3,minke whale_inat_12,minke whale_inat_12.jpg,Minke Whale,minke whale
marine,all_I=occlusion_S=3,minke whale_inat_13,minke whale_inat_13.jpg,False Killer Whale,minke whale
marine,all_I=occlusion_S=3,minke whale_inat_14,minke whale_inat_14.jpg,Fin Finback Whale,minke whale
marine,all_I=occlusion_S=3,minke whale_inat_15,minke whale_inat_15.jpg,None of the provided species are typically found in forest environments. The image does not depict any marine species.,minke whale
marine,all_I=occlusion_S=3,minke whale_inat_16,minke whale_inat_16.jpg,Walrus,minke whale
marine,all_I=occlusion_S=3,minke whale_inat_2,minke whale_inat_2.jpg,Minke Whale,minke whale
marine,all_I=occlusion_S=3,minke whale_inat_3,minke whale_inat_3.jpg,Fin Finback Whale,minke whale
marine,all_I=occlusion_S=3,minke whale_inat_4,minke whale_inat_4.jpg,False Killer Whale,minke whale
marine,all_I=occlusion_S=3,minke whale_inat_5,minke whale_inat_5.jpg,Leopard Seal,minke whale
marine,all_I=occlusion_S=3,minke whale_inat_6,minke whale_inat_6.jpg,Beluga White Whale,minke whale
marine,all_I=occlusion_S=3,minke whale_inat_7,minke whale_inat_7.jpg,Beluga White Whale,minke whale
marine,all_I=occlusion_S=3,minke whale_inat_8,minke whale_inat_8.jpg,Leopard Seal,minke whale
marine,all_I=occlusion_S=3,minke whale_inat_9,minke whale_inat_9.jpg,False Killer Whale,minke whale
marine,all_I=occlusion_S=3,narwhal_matched_1,narwhal_matched_1.jpg,Beluga White Whale,narwhal
marine,all_I=occlusion_S=3,narwhal_matched_10,narwhal_matched_10.jpg,Beluga White Whale,narwhal
marine,all_I=occlusion_S=3,narwhal_matched_11,narwhal_matched_11.jpg,Narwhal,narwhal
marine,all_I=occlusion_S=3,narwhal_matched_12,narwhal_matched_12.jpg,Sperm Whale,narwhal
marine,all_I=occlusion_S=3,narwhal_matched_13,narwhal_matched_13.jpg,Narwhal,narwhal
marine,all_I=occlusion_S=3,narwhal_matched_14,narwhal_matched_14.jpg,Narwhal,narwhal
marine,all_I=occlusion_S=3,narwhal_matched_15,narwhal_matched_15.jpg,Narwhal,narwhal
marine,all_I=occlusion_S=3,narwhal_matched_16,narwhal_matched_16.jpg,Humpback Whale,narwhal
marine,all_I=occlusion_S=3,narwhal_matched_2,narwhal_matched_2.jpg,Beluga White Whale,narwhal
marine,all_I=occlusion_S=3,narwhal_matched_3,narwhal_matched_3.jpg,Humpback Whale,narwhal
marine,all_I=occlusion_S=3,narwhal_matched_4,narwhal_matched_4.jpg,Fin Finback Whale,narwhal
marine,all_I=occlusion_S=3,narwhal_matched_5,narwhal_matched_5.jpg,Narwhal,narwhal
marine,all_I=occlusion_S=3,narwhal_matched_6,narwhal_matched_6.jpg,Narwhal,narwhal
marine,all_I=occlusion_S=3,narwhal_matched_7,narwhal_matched_7.jpg,Narwhal,narwhal
marine,all_I=occlusion_S=3,narwhal_matched_8,narwhal_matched_8.jpg,Bowhead Whale,narwhal
marine,all_I=occlusion_S=3,narwhal_matched_9,narwhal_matched_9.jpg,False Killer Whale,narwhal
marine,all_I=occlusion_S=3,northern right whale_inat_1,northern right whale_inat_1.jpg,False Killer Whale,northern right whale
marine,all_I=occlusion_S=3,northern right whale_inat_10,northern right whale_inat_10.jpg,Bottlenose Dolphin,northern right whale
marine,all_I=occlusion_S=3,northern right whale_inat_11,northern right whale_inat_11.jpg,Killer Whale,northern right whale
marine,all_I=occlusion_S=3,northern right whale_inat_12,northern right whale_inat_12.jpg,False Killer Whale,northern right whale
marine,all_I=occlusion_S=3,northern right whale_inat_13,northern right whale_inat_13.jpg,False Killer Whale,northern right whale
marine,all_I=occlusion_S=3,northern right whale_inat_14,northern right whale_inat_14.jpg,Humpback Whale,northern right whale
marine,all_I=occlusion_S=3,northern right whale_inat_15,northern right whale_inat_15.jpg,False Killer Whale,northern right whale
marine,all_I=occlusion_S=3,northern right whale_inat_16,northern right whale_inat_16.jpg,False Killer Whale,northern right whale
marine,all_I=occlusion_S=3,northern right whale_inat_2,northern right whale_inat_2.jpg,False Killer Whale,northern right whale
marine,all_I=occlusion_S=3,northern right whale_inat_3,northern right whale_inat_3.jpg,Bottlenose Dolphin,northern right whale
marine,all_I=occlusion_S=3,northern right whale_inat_4,northern right whale_inat_4.jpg,Fin Finback Whale,northern right whale
marine,all_I=occlusion_S=3,northern right whale_inat_5,northern right whale_inat_5.jpg,Fin Finback Whale,northern right whale
marine,all_I=occlusion_S=3,northern right whale_inat_6,northern right whale_inat_6.jpg,Killer Whale,northern right whale
marine,all_I=occlusion_S=3,northern right whale_inat_7,northern right whale_inat_7.jpg,False Killer Whale,northern right whale
marine,all_I=occlusion_S=3,northern right whale_inat_8,northern right whale_inat_8.jpg,Bottlenose Dolphin,northern right whale
marine,all_I=occlusion_S=3,northern right whale_inat_9,northern right whale_inat_9.jpg,False Killer Whale,northern right whale
marine,all_I=occlusion_S=3,pantropical spotted dolphin_inat_1,pantropical spotted dolphin_inat_1.jpg,False Killer Whale,pantropical spotted dolphin
marine,all_I=occlusion_S=3,pantropical spotted dolphin_inat_10,pantropical spotted dolphin_inat_10.jpg,False Killer Whale,pantropical spotted dolphin
marine,all_I=occlusion_S=3,pantropical spotted dolphin_inat_11,pantropical spotted dolphin_inat_11.jpg,Bottlenose Dolphin,pantropical spotted dolphin
marine,all_I=occlusion_S=3,pantropical spotted dolphin_inat_12,pantropical spotted dolphin_inat_12.jpg,Bottlenose Dolphin,pantropical spotted dolphin
marine,all_I=occlusion_S=3,pantropical spotted dolphin_inat_13,pantropical spotted dolphin_inat_13.jpg,Bottlenose Dolphin,pantropical spotted dolphin
marine,all_I=occlusion_S=3,pantropical spotted dolphin_inat_14,pantropical spotted dolphin_inat_14.jpg,Bottlenose Dolphin,pantropical spotted dolphin
marine,all_I=occlusion_S=3,pantropical spotted dolphin_inat_15,pantropical spotted dolphin_inat_15.jpg,Bottlenose Dolphin,pantropical spotted dolphin
marine,all_I=occlusion_S=3,pantropical spotted dolphin_inat_16,pantropical spotted dolphin_inat_16.jpg,False Killer Whale,pantropical spotted dolphin
marine,all_I=occlusion_S=3,pantropical spotted dolphin_inat_2,pantropical spotted dolphin_inat_2.jpg,Bottlenose Dolphin,pantropical spotted dolphin
marine,all_I=occlusion_S=3,pantropical spotted dolphin_inat_3,pantropical spotted dolphin_inat_3.jpg,Bottlenose Dolphin,pantropical spotted dolphin
marine,all_I=occlusion_S=3,pantropical spotted dolphin_inat_4,pantropical spotted dolphin_inat_4.jpg,Bottlenose Dolphin,pantropical spotted dolphin
marine,all_I=occlusion_S=3,pantropical spotted dolphin_inat_5,pantropical spotted dolphin_inat_5.jpg,Bottlenose Dolphin,pantropical spotted dolphin
marine,all_I=occlusion_S=3,pantropical spotted dolphin_inat_6,pantropical spotted dolphin_inat_6.jpg,Bottlenose Dolphin,pantropical spotted dolphin
marine,all_I=occlusion_S=3,pantropical spotted dolphin_inat_7,pantropical spotted dolphin_inat_7.jpg,Bottlenose Dolphin,pantropical spotted dolphin
marine,all_I=occlusion_S=3,pantropical spotted dolphin_inat_8,pantropical spotted dolphin_inat_8.jpg,Bottlenose Dolphin,pantropical spotted dolphin
marine,all_I=occlusion_S=3,pantropical spotted dolphin_inat_9,pantropical spotted dolphin_inat_9.jpg,Bottlenose Dolphin,pantropical spotted dolphin
marine,all_I=occlusion_S=3,ross seal_inat_1,ross seal_inat_1.jpg,Leopard Seal,ross seal
marine,all_I=occlusion_S=3,ross seal_inat_10,ross seal_inat_10.jpg,Leopard Seal,ross seal
marine,all_I=occlusion_S=3,ross seal_inat_11,ross seal_inat_11.jpg,Leopard Seal,ross seal
marine,all_I=occlusion_S=3,ross seal_inat_12,ross seal_inat_12.jpg,Leopard Seal,ross seal
marine,all_I=occlusion_S=3,ross seal_inat_13,ross seal_inat_13.jpg,Leopard Seal,ross seal
marine,all_I=occlusion_S=3,ross seal_inat_14,ross seal_inat_14.jpg,Leopard Seal,ross seal
marine,all_I=occlusion_S=3,ross seal_inat_15,ross seal_inat_15.jpg,Leopard Seal,ross seal
marine,all_I=occlusion_S=3,ross seal_inat_16,ross seal_inat_16.jpg,Leopard Seal,ross seal
marine,all_I=occlusion_S=3,ross seal_inat_17,ross seal_inat_17.jpg,Beluga White Whale,ross seal
marine,all_I=occlusion_S=3,ross seal_inat_18,ross seal_inat_18.jpg,Leopard Seal,ross seal
marine,all_I=occlusion_S=3,ross seal_inat_2,ross seal_inat_2.jpg,Leopard Seal,ross seal
marine,all_I=occlusion_S=3,ross seal_inat_3,ross seal_inat_3.jpg,Leopard Seal,ross seal
marine,all_I=occlusion_S=3,ross seal_inat_4,ross seal_inat_4.jpg,Leopard Seal,ross seal
marine,all_I=occlusion_S=3,ross seal_inat_5,ross seal_inat_5.jpg,Leopard Seal,ross seal
marine,all_I=occlusion_S=3,ross seal_inat_6,ross seal_inat_6.jpg,Leopard Seal,ross seal
marine,all_I=occlusion_S=3,ross seal_inat_7,ross seal_inat_7.jpg,Harp Seal,ross seal
marine,all_I=occlusion_S=3,ross seal_inat_8,ross seal_inat_8.jpg,Leopard Seal,ross seal
marine,all_I=occlusion_S=3,ross seal_inat_9,ross seal_inat_9.jpg,Weddell Seal,ross seal
marine,all_I=occlusion_S=3,rough-toothed dolphin_inat_1,rough-toothed dolphin_inat_1.jpg,Bottlenose Dolphin,rough-toothed dolphin
marine,all_I=occlusion_S=3,rough-toothed dolphin_inat_10,rough-toothed dolphin_inat_10.jpg,Humpback Whale,rough-toothed dolphin
marine,all_I=occlusion_S=3,rough-toothed dolphin_inat_11,rough-toothed dolphin_inat_11.jpg,Bottlenose Dolphin,rough-toothed dolphin
marine,all_I=occlusion_S=3,rough-toothed dolphin_inat_12,rough-toothed dolphin_inat_12.jpg,Bottlenose Dolphin,rough-toothed dolphin
marine,all_I=occlusion_S=3,rough-toothed dolphin_inat_13,rough-toothed dolphin_inat_13.jpg,False Killer Whale,rough-toothed dolphin
marine,all_I=occlusion_S=3,rough-toothed dolphin_inat_14,rough-toothed dolphin_inat_14.jpg,False Killer Whale,rough-toothed dolphin
marine,all_I=occlusion_S=3,rough-toothed dolphin_inat_15,rough-toothed dolphin_inat_15.jpg,False Killer Whale,rough-toothed dolphin
marine,all_I=occlusion_S=3,rough-toothed dolphin_inat_16,rough-toothed dolphin_inat_16.jpg,Bottlenose Dolphin,rough-toothed dolphin
marine,all_I=occlusion_S=3,rough-toothed dolphin_inat_2,rough-toothed dolphin_inat_2.jpg,Fin Finback Whale,rough-toothed dolphin
marine,all_I=occlusion_S=3,rough-toothed dolphin_inat_3,rough-toothed dolphin_inat_3.jpg,Humpback Whale,rough-toothed dolphin
marine,all_I=occlusion_S=3,rough-toothed dolphin_inat_4,rough-toothed dolphin_inat_4.jpg,Humpback Whale,rough-toothed dolphin
marine,all_I=occlusion_S=3,rough-toothed dolphin_inat_5,rough-toothed dolphin_inat_5.jpg,Bottlenose Dolphin,rough-toothed dolphin
marine,all_I=occlusion_S=3,rough-toothed dolphin_inat_6,rough-toothed dolphin_inat_6.jpg,Bottlenose Dolphin,rough-toothed dolphin
marine,all_I=occlusion_S=3,rough-toothed dolphin_inat_7,rough-toothed dolphin_inat_7.jpg,Bottlenose Dolphin,rough-toothed dolphin
marine,all_I=occlusion_S=3,rough-toothed dolphin_inat_8,rough-toothed dolphin_inat_8.jpg,False Killer Whale,rough-toothed dolphin
marine,all_I=occlusion_S=3,rough-toothed dolphin_inat_9,rough-toothed dolphin_inat_9.jpg,False Killer Whale,rough-toothed dolphin
marine,all_I=occlusion_S=3,short-finned pacific pilot whale_inat_1,short-finned pacific pilot whale_inat_1.jpg,False Killer Whale,short-finned pacific pilot whale
marine,all_I=occlusion_S=3,short-finned pacific pilot whale_inat_10,short-finned pacific pilot whale_inat_10.jpg,None of the provided species labels match the description of a fish in the image. The image does not contain any marine species from the list.,short-finned pacific pilot whale
marine,all_I=occlusion_S=3,short-finned pacific pilot whale_inat_11,short-finned pacific pilot whale_inat_11.jpg,"None of the provided species labels match the fish shown in the image. The fish in the image is a sunfish, which is not included in the list of marine species provided.",short-finned pacific pilot whale
marine,all_I=occlusion_S=3,short-finned pacific pilot whale_inat_12,short-finned pacific pilot whale_inat_12.jpg,"None of the provided species labels match the fish shown in the image. The fish in the image is a freshwater species, specifically a type of cichlid, which is not listed among the marine species in the dataset.",short-finned pacific pilot whale
marine,all_I=occlusion_S=3,short-finned pacific pilot whale_inat_13,short-finned pacific pilot whale_inat_13.jpg,None of the provided species labels match the description of a fish in the image. The image does not contain a marine species from the list.,short-finned pacific pilot whale
marine,all_I=occlusion_S=3,short-finned pacific pilot whale_inat_14,short-finned pacific pilot whale_inat_14.jpg,Bottlenose Dolphin,short-finned pacific pilot whale
marine,all_I=occlusion_S=3,short-finned pacific pilot whale_inat_15,short-finned pacific pilot whale_inat_15.jpg,Bottlenose Dolphin,short-finned pacific pilot whale
marine,all_I=occlusion_S=3,short-finned pacific pilot whale_inat_16,short-finned pacific pilot whale_inat_16.jpg,Pantropical Spotted Dolphin,short-finned pacific pilot whale
marine,all_I=occlusion_S=3,short-finned pacific pilot whale_inat_17,short-finned pacific pilot whale_inat_17.jpg,False Killer Whale,short-finned pacific pilot whale
marine,all_I=occlusion_S=3,short-finned pacific pilot whale_inat_18,short-finned pacific pilot whale_inat_18.jpg,False Killer Whale,short-finned pacific pilot whale
marine,all_I=occlusion_S=3,short-finned pacific pilot whale_inat_19,short-finned pacific pilot whale_inat_19.jpg,False Killer Whale,short-finned pacific pilot whale
marine,all_I=occlusion_S=3,short-finned pacific pilot whale_inat_2,short-finned pacific pilot whale_inat_2.jpg,Bottlenose Dolphin,short-finned pacific pilot whale
marine,all_I=occlusion_S=3,short-finned pacific pilot whale_inat_20,short-finned pacific pilot whale_inat_20.jpg,None of the provided species labels match the description of a black swan.,short-finned pacific pilot whale
marine,all_I=occlusion_S=3,short-finned pacific pilot whale_inat_3,short-finned pacific pilot whale_inat_3.jpg,False Killer Whale,short-finned pacific pilot whale
marine,all_I=occlusion_S=3,short-finned pacific pilot whale_inat_4,short-finned pacific pilot whale_inat_4.jpg,Bottlenose Dolphin,short-finned pacific pilot whale
marine,all_I=occlusion_S=3,short-finned pacific pilot whale_inat_5,short-finned pacific pilot whale_inat_5.jpg,False Killer Whale,short-finned pacific pilot whale
marine,all_I=occlusion_S=3,short-finned pacific pilot whale_inat_6,short-finned pacific pilot whale_inat_6.jpg,None of the provided species can be classified from the image.,short-finned pacific pilot whale
marine,all_I=occlusion_S=3,short-finned pacific pilot whale_inat_7,short-finned pacific pilot whale_inat_7.jpg,False Killer Whale,short-finned pacific pilot whale
marine,all_I=occlusion_S=3,short-finned pacific pilot whale_inat_8,short-finned pacific pilot whale_inat_8.jpg,White-beaked Dolphin,short-finned pacific pilot whale
marine,all_I=occlusion_S=3,short-finned pacific pilot whale_inat_9,short-finned pacific pilot whale_inat_9.jpg,Spinner Dolphin,short-finned pacific pilot whale
marine,all_I=occlusion_S=3,southern right whale_inat_1,southern right whale_inat_1.jpg,Humpback Whale,southern right whale
marine,all_I=occlusion_S=3,southern right whale_inat_10,southern right whale_inat_10.jpg,Humpback Whale,southern right whale
marine,all_I=occlusion_S=3,southern right whale_inat_11,southern right whale_inat_11.jpg,Southern Right Whale,southern right whale
marine,all_I=occlusion_S=3,southern right whale_inat_12,southern right whale_inat_12.jpg,False Killer Whale,southern right whale
marine,all_I=occlusion_S=3,southern right whale_inat_13,southern right whale_inat_13.jpg,False Killer Whale,southern right whale
marine,all_I=occlusion_S=3,southern right whale_inat_14,southern right whale_inat_14.jpg,Humpback Whale,southern right whale
marine,all_I=occlusion_S=3,southern right whale_inat_15,southern right whale_inat_15.jpg,Southern Right Whale,southern right whale
marine,all_I=occlusion_S=3,southern right whale_inat_16,southern right whale_inat_16.jpg,Fin Finback Whale,southern right whale
marine,all_I=occlusion_S=3,southern right whale_inat_2,southern right whale_inat_2.jpg,Humpback Whale,southern right whale
marine,all_I=occlusion_S=3,southern right whale_inat_3,southern right whale_inat_3.jpg,Minke Whale,southern right whale
marine,all_I=occlusion_S=3,southern right whale_inat_4,southern right whale_inat_4.jpg,False Killer Whale,southern right whale
marine,all_I=occlusion_S=3,southern right whale_inat_5,southern right whale_inat_5.jpg,False Killer Whale,southern right whale
marine,all_I=occlusion_S=3,southern right whale_inat_6,southern right whale_inat_6.jpg,Killer Whale,southern right whale
marine,all_I=occlusion_S=3,southern right whale_inat_7,southern right whale_inat_7.jpg,Humpback Whale,southern right whale
marine,all_I=occlusion_S=3,southern right whale_inat_8,southern right whale_inat_8.jpg,False Killer Whale,southern right whale
marine,all_I=occlusion_S=3,southern right whale_inat_9,southern right whale_inat_9.jpg,False Killer Whale,southern right whale
marine,all_I=occlusion_S=3,sperm whale_matched_1,sperm whale_matched_1.jpg,False Killer Whale,sperm whale
marine,all_I=occlusion_S=3,sperm whale_matched_10,sperm whale_matched_10.jpg,Sperm Whale,sperm whale
marine,all_I=occlusion_S=3,sperm whale_matched_11,sperm whale_matched_11.jpg,Fin Finback Whale,sperm whale
marine,all_I=occlusion_S=3,sperm whale_matched_12,sperm whale_matched_12.jpg,Sperm Whale,sperm whale
marine,all_I=occlusion_S=3,sperm whale_matched_13,sperm whale_matched_13.jpg,Fin Finback Whale,sperm whale
marine,all_I=occlusion_S=3,sperm whale_matched_14,sperm whale_matched_14.jpg,Humpback Whale,sperm whale
marine,all_I=occlusion_S=3,sperm whale_matched_15,sperm whale_matched_15.jpg,Sperm Whale,sperm whale
marine,all_I=occlusion_S=3,sperm whale_matched_16,sperm whale_matched_16.jpg,Sperm Whale,sperm whale
marine,all_I=occlusion_S=3,sperm whale_matched_2,sperm whale_matched_2.jpg,Sperm Whale,sperm whale
marine,all_I=occlusion_S=3,sperm whale_matched_3,sperm whale_matched_3.jpg,Fin Finback Whale,sperm whale
marine,all_I=occlusion_S=3,sperm whale_matched_4,sperm whale_matched_4.jpg,Fin Finback Whale,sperm whale
marine,all_I=occlusion_S=3,sperm whale_matched_5,sperm whale_matched_5.jpg,Sperm Whale,sperm whale
marine,all_I=occlusion_S=3,sperm whale_matched_6,sperm whale_matched_6.jpg,Fin Finback Whale,sperm whale
marine,all_I=occlusion_S=3,sperm whale_matched_7,sperm whale_matched_7.jpg,Sperm Whale,sperm whale
marine,all_I=occlusion_S=3,sperm whale_matched_8,sperm whale_matched_8.jpg,Sperm Whale,sperm whale
marine,all_I=occlusion_S=3,sperm whale_matched_9,sperm whale_matched_9.jpg,Fin Finback Whale,sperm whale
marine,all_I=occlusion_S=3,spinner dolphin_matched_1,spinner dolphin_matched_1.jpg,Bottlenose Dolphin,spinner dolphin
marine,all_I=occlusion_S=3,spinner dolphin_matched_10,spinner dolphin_matched_10.jpg,False Killer Whale,spinner dolphin
marine,all_I=occlusion_S=3,spinner dolphin_matched_11,spinner dolphin_matched_11.jpg,Common Dolphin,spinner dolphin
marine,all_I=occlusion_S=3,spinner dolphin_matched_12,spinner dolphin_matched_12.jpg,Bottlenose Dolphin,spinner dolphin
marine,all_I=occlusion_S=3,spinner dolphin_matched_13,spinner dolphin_matched_13.jpg,Humpback Whale,spinner dolphin
marine,all_I=occlusion_S=3,spinner dolphin_matched_14,spinner dolphin_matched_14.jpg,Bottlenose Dolphin,spinner dolphin
marine,all_I=occlusion_S=3,spinner dolphin_matched_15,spinner dolphin_matched_15.jpg,False Killer Whale,spinner dolphin
marine,all_I=occlusion_S=3,spinner dolphin_matched_16,spinner dolphin_matched_16.jpg,Bottlenose Dolphin,spinner dolphin
marine,all_I=occlusion_S=3,spinner dolphin_matched_17,spinner dolphin_matched_17.jpg,Bottlenose Dolphin,spinner dolphin
marine,all_I=occlusion_S=3,spinner dolphin_matched_18,spinner dolphin_matched_18.jpg,False Killer Whale,spinner dolphin
marine,all_I=occlusion_S=3,spinner dolphin_matched_2,spinner dolphin_matched_2.jpg,Bottlenose Dolphin,spinner dolphin
marine,all_I=occlusion_S=3,spinner dolphin_matched_3,spinner dolphin_matched_3.jpg,Bottlenose Dolphin,spinner dolphin
marine,all_I=occlusion_S=3,spinner dolphin_matched_4,spinner dolphin_matched_4.jpg,Bottlenose Dolphin,spinner dolphin
marine,all_I=occlusion_S=3,spinner dolphin_matched_5,spinner dolphin_matched_5.jpg,Common Dolphin,spinner dolphin
marine,all_I=occlusion_S=3,spinner dolphin_matched_6,spinner dolphin_matched_6.jpg,Bottlenose Dolphin,spinner dolphin
marine,all_I=occlusion_S=3,spinner dolphin_matched_7,spinner dolphin_matched_7.jpg,Bottlenose Dolphin,spinner dolphin
marine,all_I=occlusion_S=3,spinner dolphin_matched_8,spinner dolphin_matched_8.jpg,Bottlenose Dolphin,spinner dolphin
marine,all_I=occlusion_S=3,spinner dolphin_matched_9,spinner dolphin_matched_9.jpg,Bottlenose Dolphin,spinner dolphin
marine,all_I=occlusion_S=3,striped dolphin_matched_1,striped dolphin_matched_1.jpg,Bottlenose Dolphin,striped dolphin
marine,all_I=occlusion_S=3,striped dolphin_matched_10,striped dolphin_matched_10.jpg,Bottlenose Dolphin,striped dolphin
marine,all_I=occlusion_S=3,striped dolphin_matched_11,striped dolphin_matched_11.jpg,Bottlenose Dolphin,striped dolphin
marine,all_I=occlusion_S=3,striped dolphin_matched_12,striped dolphin_matched_12.jpg,Bottlenose Dolphin,striped dolphin
marine,all_I=occlusion_S=3,striped dolphin_matched_13,striped dolphin_matched_13.jpg,Bottlenose Dolphin,striped dolphin
marine,all_I=occlusion_S=3,striped dolphin_matched_14,striped dolphin_matched_14.jpg,Bottlenose Dolphin,striped dolphin
marine,all_I=occlusion_S=3,striped dolphin_matched_15,striped dolphin_matched_15.jpg,Bottlenose Dolphin,striped dolphin
marine,all_I=occlusion_S=3,striped dolphin_matched_16,striped dolphin_matched_16.jpg,Bottlenose Dolphin,striped dolphin
marine,all_I=occlusion_S=3,striped dolphin_matched_17,striped dolphin_matched_17.jpg,False Killer Whale,striped dolphin
marine,all_I=occlusion_S=3,striped dolphin_matched_18,striped dolphin_matched_18.jpg,False Killer Whale,striped dolphin
marine,all_I=occlusion_S=3,striped dolphin_matched_19,striped dolphin_matched_19.jpg,Bottlenose Dolphin,striped dolphin
marine,all_I=occlusion_S=3,striped dolphin_matched_2,striped dolphin_matched_2.jpg,Bottlenose Dolphin,striped dolphin
marine,all_I=occlusion_S=3,striped dolphin_matched_20,striped dolphin_matched_20.jpg,Common Dolphin,striped dolphin
marine,all_I=occlusion_S=3,striped dolphin_matched_21,striped dolphin_matched_21.jpg,Bottlenose Dolphin,striped dolphin
marine,all_I=occlusion_S=3,striped dolphin_matched_22,striped dolphin_matched_22.jpg,Bottlenose Dolphin,striped dolphin
marine,all_I=occlusion_S=3,striped dolphin_matched_23,striped dolphin_matched_23.jpg,Bottlenose Dolphin,striped dolphin
marine,all_I=occlusion_S=3,striped dolphin_matched_24,striped dolphin_matched_24.jpg,Bottlenose Dolphin,striped dolphin
marine,all_I=occlusion_S=3,striped dolphin_matched_25,striped dolphin_matched_25.jpg,Bottlenose Dolphin,striped dolphin
marine,all_I=occlusion_S=3,striped dolphin_matched_26,striped dolphin_matched_26.jpg,Bottlenose Dolphin,striped dolphin
marine,all_I=occlusion_S=3,striped dolphin_matched_27,striped dolphin_matched_27.jpg,Bottlenose Dolphin,striped dolphin
marine,all_I=occlusion_S=3,striped dolphin_matched_28,striped dolphin_matched_28.jpg,Bottlenose Dolphin,striped dolphin
marine,all_I=occlusion_S=3,striped dolphin_matched_29,striped dolphin_matched_29.jpg,False Killer Whale,striped dolphin
marine,all_I=occlusion_S=3,striped dolphin_matched_3,striped dolphin_matched_3.jpg,Bottlenose Dolphin,striped dolphin
marine,all_I=occlusion_S=3,striped dolphin_matched_30,striped dolphin_matched_30.jpg,Bottlenose Dolphin,striped dolphin
marine,all_I=occlusion_S=3,striped dolphin_matched_31,striped dolphin_matched_31.jpg,False Killer Whale,striped dolphin
marine,all_I=occlusion_S=3,striped dolphin_matched_32,striped dolphin_matched_32.jpg,Bottlenose Dolphin,striped dolphin
marine,all_I=occlusion_S=3,striped dolphin_matched_33,striped dolphin_matched_33.jpg,Bottlenose Dolphin,striped dolphin
marine,all_I=occlusion_S=3,striped dolphin_matched_4,striped dolphin_matched_4.jpg,Bottlenose Dolphin,striped dolphin
marine,all_I=occlusion_S=3,striped dolphin_matched_5,striped dolphin_matched_5.jpg,Bottlenose Dolphin,striped dolphin
marine,all_I=occlusion_S=3,striped dolphin_matched_6,striped dolphin_matched_6.jpg,Bottlenose Dolphin,striped dolphin
marine,all_I=occlusion_S=3,striped dolphin_matched_7,striped dolphin_matched_7.jpg,Bottlenose Dolphin,striped dolphin
marine,all_I=occlusion_S=3,striped dolphin_matched_8,striped dolphin_matched_8.jpg,Bottlenose Dolphin,striped dolphin
marine,all_I=occlusion_S=3,striped dolphin_matched_9,striped dolphin_matched_9.jpg,Bottlenose Dolphin,striped dolphin
marine,all_I=occlusion_S=3,walrus_matched_1,walrus_matched_1.jpg,Walrus,walrus
marine,all_I=occlusion_S=3,walrus_matched_10,walrus_matched_10.jpg,Leopard Seal,walrus
marine,all_I=occlusion_S=3,walrus_matched_11,walrus_matched_11.jpg,Walrus,walrus
marine,all_I=occlusion_S=3,walrus_matched_12,walrus_matched_12.jpg,Walrus,walrus
marine,all_I=occlusion_S=3,walrus_matched_13,walrus_matched_13.jpg,Walrus,walrus
marine,all_I=occlusion_S=3,walrus_matched_14,walrus_matched_14.jpg,Walrus,walrus
marine,all_I=occlusion_S=3,walrus_matched_15,walrus_matched_15.jpg,Bottlenose Dolphin,walrus
marine,all_I=occlusion_S=3,walrus_matched_16,walrus_matched_16.jpg,Walrus,walrus
marine,all_I=occlusion_S=3,walrus_matched_17,walrus_matched_17.jpg,Walrus,walrus
marine,all_I=occlusion_S=3,walrus_matched_18,walrus_matched_18.jpg,Walrus,walrus
marine,all_I=occlusion_S=3,walrus_matched_19,walrus_matched_19.jpg,Bottlenose Dolphin,walrus
marine,all_I=occlusion_S=3,walrus_matched_2,walrus_matched_2.jpg,Walrus,walrus
marine,all_I=occlusion_S=3,walrus_matched_20,walrus_matched_20.jpg,Walrus,walrus
marine,all_I=occlusion_S=3,walrus_matched_21,walrus_matched_21.jpg,Walrus,walrus
marine,all_I=occlusion_S=3,walrus_matched_22,walrus_matched_22.jpg,Bottlenose Dolphin,walrus
marine,all_I=occlusion_S=3,walrus_matched_23,walrus_matched_23.jpg,Walrus,walrus
marine,all_I=occlusion_S=3,walrus_matched_24,walrus_matched_24.jpg,Walrus,walrus
marine,all_I=occlusion_S=3,walrus_matched_25,walrus_matched_25.jpg,Bottlenose Dolphin,walrus
marine,all_I=occlusion_S=3,walrus_matched_26,walrus_matched_26.jpg,Walrus,walrus
marine,all_I=occlusion_S=3,walrus_matched_27,walrus_matched_27.jpg,Leopard Seal,walrus
marine,all_I=occlusion_S=3,walrus_matched_28,walrus_matched_28.jpg,Walrus,walrus
marine,all_I=occlusion_S=3,walrus_matched_29,walrus_matched_29.jpg,Bearded Seal,walrus
marine,all_I=occlusion_S=3,walrus_matched_3,walrus_matched_3.jpg,Bearded Seal,walrus
marine,all_I=occlusion_S=3,walrus_matched_30,walrus_matched_30.jpg,Bottlenose Dolphin,walrus
marine,all_I=occlusion_S=3,walrus_matched_31,walrus_matched_31.jpg,Killer Whale,walrus
marine,all_I=occlusion_S=3,walrus_matched_32,walrus_matched_32.jpg,Walrus,walrus
marine,all_I=occlusion_S=3,walrus_matched_33,walrus_matched_33.jpg,Walrus,walrus
marine,all_I=occlusion_S=3,walrus_matched_34,walrus_matched_34.jpg,Walrus,walrus
marine,all_I=occlusion_S=3,walrus_matched_35,walrus_matched_35.jpg,Walrus,walrus
marine,all_I=occlusion_S=3,walrus_matched_36,walrus_matched_36.jpg,Walrus,walrus
marine,all_I=occlusion_S=3,walrus_matched_4,walrus_matched_4.jpg,Leopard Seal,walrus
marine,all_I=occlusion_S=3,walrus_matched_5,walrus_matched_5.jpg,Walrus,walrus
marine,all_I=occlusion_S=3,walrus_matched_6,walrus_matched_6.jpg,Walrus,walrus
marine,all_I=occlusion_S=3,walrus_matched_7,walrus_matched_7.jpg,Bottlenose Dolphin,walrus
marine,all_I=occlusion_S=3,walrus_matched_8,walrus_matched_8.jpg,Walrus,walrus
marine,all_I=occlusion_S=3,walrus_matched_9,walrus_matched_9.jpg,Bottlenose Dolphin,walrus
marine,all_I=occlusion_S=3,weddell seal_matched_1,weddell seal_matched_1.jpg,Leopard Seal,weddell seal
marine,all_I=occlusion_S=3,weddell seal_matched_10,weddell seal_matched_10.jpg,Leopard Seal,weddell seal
marine,all_I=occlusion_S=3,weddell seal_matched_11,weddell seal_matched_11.jpg,Leopard Seal,weddell seal
marine,all_I=occlusion_S=3,weddell seal_matched_12,weddell seal_matched_12.jpg,Leopard Seal,weddell seal
marine,all_I=occlusion_S=3,weddell seal_matched_13,weddell seal_matched_13.jpg,Leopard Seal,weddell seal
marine,all_I=occlusion_S=3,weddell seal_matched_14,weddell seal_matched_14.jpg,Leopard Seal,weddell seal
marine,all_I=occlusion_S=3,weddell seal_matched_15,weddell seal_matched_15.jpg,Leopard Seal,weddell seal
marine,all_I=occlusion_S=3,weddell seal_matched_16,weddell seal_matched_16.jpg,Leopard Seal,weddell seal
marine,all_I=occlusion_S=3,weddell seal_matched_2,weddell seal_matched_2.jpg,Leopard Seal,weddell seal
marine,all_I=occlusion_S=3,weddell seal_matched_3,weddell seal_matched_3.jpg,Harp Seal,weddell seal
marine,all_I=occlusion_S=3,weddell seal_matched_4,weddell seal_matched_4.jpg,Leopard Seal,weddell seal
marine,all_I=occlusion_S=3,weddell seal_matched_5,weddell seal_matched_5.jpg,Leopard Seal,weddell seal
marine,all_I=occlusion_S=3,weddell seal_matched_6,weddell seal_matched_6.jpg,Leopard Seal,weddell seal
marine,all_I=occlusion_S=3,weddell seal_matched_7,weddell seal_matched_7.jpg,Leopard Seal,weddell seal
marine,all_I=occlusion_S=3,weddell seal_matched_8,weddell seal_matched_8.jpg,Leopard Seal,weddell seal
marine,all_I=occlusion_S=3,weddell seal_matched_9,weddell seal_matched_9.jpg,Harper Seal,weddell seal
marine,all_I=occlusion_S=3,white-beaked dolphin_matched_1,white-beaked dolphin_matched_1.jpg,Bottlenose Dolphin,white-beaked dolphin
marine,all_I=occlusion_S=3,white-beaked dolphin_matched_10,white-beaked dolphin_matched_10.jpg,False Killer Whale,white-beaked dolphin
marine,all_I=occlusion_S=3,white-beaked dolphin_matched_11,white-beaked dolphin_matched_11.jpg,False Killer Whale,white-beaked dolphin
marine,all_I=occlusion_S=3,white-beaked dolphin_matched_12,white-beaked dolphin_matched_12.jpg,Bottlenose Dolphin,white-beaked dolphin
marine,all_I=occlusion_S=3,white-beaked dolphin_matched_13,white-beaked dolphin_matched_13.jpg,False Killer Whale,white-beaked dolphin
marine,all_I=occlusion_S=3,white-beaked dolphin_matched_14,white-beaked dolphin_matched_14.jpg,False Killer Whale,white-beaked dolphin
marine,all_I=occlusion_S=3,white-beaked dolphin_matched_15,white-beaked dolphin_matched_15.jpg,False Killer Whale,white-beaked dolphin
marine,all_I=occlusion_S=3,white-beaked dolphin_matched_16,white-beaked dolphin_matched_16.jpg,False Killer Whale,white-beaked dolphin
marine,all_I=occlusion_S=3,white-beaked dolphin_matched_2,white-beaked dolphin_matched_2.jpg,Bottlenose Dolphin,white-beaked dolphin
marine,all_I=occlusion_S=3,white-beaked dolphin_matched_3,white-beaked dolphin_matched_3.jpg,False Killer Whale,white-beaked dolphin
marine,all_I=occlusion_S=3,white-beaked dolphin_matched_4,white-beaked dolphin_matched_4.jpg,Bottlenose Dolphin,white-beaked dolphin
marine,all_I=occlusion_S=3,white-beaked dolphin_matched_5,white-beaked dolphin_matched_5.jpg,False Killer Whale,white-beaked dolphin
marine,all_I=occlusion_S=3,white-beaked dolphin_matched_6,white-beaked dolphin_matched_6.jpg,False Killer Whale,white-beaked dolphin
marine,all_I=occlusion_S=3,white-beaked dolphin_matched_7,white-beaked dolphin_matched_7.jpg,False Killer Whale,white-beaked dolphin
marine,all_I=occlusion_S=3,white-beaked dolphin_matched_8,white-beaked dolphin_matched_8.jpg,Bottlenose Dolphin,white-beaked dolphin
marine,all_I=occlusion_S=3,white-beaked dolphin_matched_9,white-beaked dolphin_matched_9.jpg,Bottlenose Dolphin,white-beaked dolphin
marine,all_I=occlusion_S=3,white-sided dolphin_inat_1,white-sided dolphin_inat_1.jpg,Common Dolphin,white-sided dolphin
marine,all_I=occlusion_S=3,white-sided dolphin_inat_10,white-sided dolphin_inat_10.jpg,Killer Whale,white-sided dolphin
marine,all_I=occlusion_S=3,white-sided dolphin_inat_11,white-sided dolphin_inat_11.jpg,Bottlenose Dolphin,white-sided dolphin
marine,all_I=occlusion_S=3,white-sided dolphin_inat_12,white-sided dolphin_inat_12.jpg,Killer Whale,white-sided dolphin
marine,all_I=occlusion_S=3,white-sided dolphin_inat_13,white-sided dolphin_inat_13.jpg,Bottlenose Dolphin,white-sided dolphin
marine,all_I=occlusion_S=3,white-sided dolphin_inat_14,white-sided dolphin_inat_14.jpg,Bottlenose Dolphin,white-sided dolphin
marine,all_I=occlusion_S=3,white-sided dolphin_inat_15,white-sided dolphin_inat_15.jpg,Fin Finback Whale,white-sided dolphin
marine,all_I=occlusion_S=3,white-sided dolphin_inat_16,white-sided dolphin_inat_16.jpg,Bottlenose Dolphin,white-sided dolphin
marine,all_I=occlusion_S=3,white-sided dolphin_inat_2,white-sided dolphin_inat_2.jpg,Killer Whale,white-sided dolphin
marine,all_I=occlusion_S=3,white-sided dolphin_inat_3,white-sided dolphin_inat_3.jpg,False Killer Whale,white-sided dolphin
marine,all_I=occlusion_S=3,white-sided dolphin_inat_4,white-sided dolphin_inat_4.jpg,False Killer Whale,white-sided dolphin
marine,all_I=occlusion_S=3,white-sided dolphin_inat_5,white-sided dolphin_inat_5.jpg,Killer Whale,white-sided dolphin
marine,all_I=occlusion_S=3,white-sided dolphin_inat_6,white-sided dolphin_inat_6.jpg,False Killer Whale,white-sided dolphin
marine,all_I=occlusion_S=3,white-sided dolphin_inat_7,white-sided dolphin_inat_7.jpg,False Killer Whale,white-sided dolphin
marine,all_I=occlusion_S=3,white-sided dolphin_inat_8,white-sided dolphin_inat_8.jpg,Killer Whale,white-sided dolphin
marine,all_I=occlusion_S=3,white-sided dolphin_inat_9,white-sided dolphin_inat_9.jpg,Bottlenose Dolphin,white-sided dolphin
marine,all_I=pixelate_S=3,atlantic spotted dolphin_matched_1,atlantic spotted dolphin_matched_1.jpg,Pantropical Spotted Dolphin,atlantic spotted dolphin
marine,all_I=pixelate_S=3,atlantic spotted dolphin_matched_10,atlantic spotted dolphin_matched_10.jpg,Bottlenose Dolphin,atlantic spotted dolphin
marine,all_I=pixelate_S=3,atlantic spotted dolphin_matched_11,atlantic spotted dolphin_matched_11.jpg,Bottlenose Dolphin,atlantic spotted dolphin
marine,all_I=pixelate_S=3,atlantic spotted dolphin_matched_12,atlantic spotted dolphin_matched_12.jpg,Bottlenose Dolphin,atlantic spotted dolphin
marine,all_I=pixelate_S=3,atlantic spotted dolphin_matched_13,atlantic spotted dolphin_matched_13.jpg,Bottlenose Dolphin,atlantic spotted dolphin
marine,all_I=pixelate_S=3,atlantic spotted dolphin_matched_14,atlantic spotted dolphin_matched_14.jpg,Pantropical Spotted Dolphin,atlantic spotted dolphin
marine,all_I=pixelate_S=3,atlantic spotted dolphin_matched_15,atlantic spotted dolphin_matched_15.jpg,Bottlenose Dolphin,atlantic spotted dolphin
marine,all_I=pixelate_S=3,atlantic spotted dolphin_matched_16,atlantic spotted dolphin_matched_16.jpg,Bottlenose Dolphin,atlantic spotted dolphin
marine,all_I=pixelate_S=3,atlantic spotted dolphin_matched_17,atlantic spotted dolphin_matched_17.jpg,Atlantic Spotted Dolphin,atlantic spotted dolphin
marine,all_I=pixelate_S=3,atlantic spotted dolphin_matched_18,atlantic spotted dolphin_matched_18.jpg,Bottlenose Dolphin,atlantic spotted dolphin
marine,all_I=pixelate_S=3,atlantic spotted dolphin_matched_19,atlantic spotted dolphin_matched_19.jpg,Bottlenose Dolphin,atlantic spotted dolphin
marine,all_I=pixelate_S=3,atlantic spotted dolphin_matched_2,atlantic spotted dolphin_matched_2.jpg,Bottlenose Dolphin,atlantic spotted dolphin
marine,all_I=pixelate_S=3,atlantic spotted dolphin_matched_20,atlantic spotted dolphin_matched_20.jpg,Bottlenose Dolphin,atlantic spotted dolphin
marine,all_I=pixelate_S=3,atlantic spotted dolphin_matched_21,atlantic spotted dolphin_matched_21.jpg,Bottlenose Dolphin,atlantic spotted dolphin
marine,all_I=pixelate_S=3,atlantic spotted dolphin_matched_22,atlantic spotted dolphin_matched_22.jpg,Clymene Dolphin,atlantic spotted dolphin
marine,all_I=pixelate_S=3,atlantic spotted dolphin_matched_23,atlantic spotted dolphin_matched_23.jpg,Bottlenose Dolphin,atlantic spotted dolphin
marine,all_I=pixelate_S=3,atlantic spotted dolphin_matched_3,atlantic spotted dolphin_matched_3.jpg,Bottlenose Dolphin,atlantic spotted dolphin
marine,all_I=pixelate_S=3,atlantic spotted dolphin_matched_4,atlantic spotted dolphin_matched_4.jpg,Bottlenose Dolphin,atlantic spotted dolphin
marine,all_I=pixelate_S=3,atlantic spotted dolphin_matched_5,atlantic spotted dolphin_matched_5.jpg,Pantropical Spotted Dolphin,atlantic spotted dolphin
marine,all_I=pixelate_S=3,atlantic spotted dolphin_matched_6,atlantic spotted dolphin_matched_6.jpg,Bottlenose Dolphin,atlantic spotted dolphin
marine,all_I=pixelate_S=3,atlantic spotted dolphin_matched_7,atlantic spotted dolphin_matched_7.jpg,Bottlenose Dolphin,atlantic spotted dolphin
marine,all_I=pixelate_S=3,atlantic spotted dolphin_matched_8,atlantic spotted dolphin_matched_8.jpg,Bottlenose Dolphin,atlantic spotted dolphin
marine,all_I=pixelate_S=3,atlantic spotted dolphin_matched_9,atlantic spotted dolphin_matched_9.jpg,Bottlenose Dolphin,atlantic spotted dolphin
marine,all_I=pixelate_S=3,bearded seal_inat_1,bearded seal_inat_1.jpg,Leopard Seal,bearded seal
marine,all_I=pixelate_S=3,bearded seal_inat_10,bearded seal_inat_10.jpg,Beluga White Whale,bearded seal
marine,all_I=pixelate_S=3,bearded seal_inat_11,bearded seal_inat_11.jpg,Bottlenose Dolphin,bearded seal
marine,all_I=pixelate_S=3,bearded seal_inat_12,bearded seal_inat_12.jpg,Beluga White Whale,bearded seal
marine,all_I=pixelate_S=3,bearded seal_inat_13,bearded seal_inat_13.jpg,Beluga White Whale,bearded seal
marine,all_I=pixelate_S=3,bearded seal_inat_14,bearded seal_inat_14.jpg,Leopard Seal,bearded seal
marine,all_I=pixelate_S=3,bearded seal_inat_15,bearded seal_inat_15.jpg,Leopard Seal,bearded seal
marine,all_I=pixelate_S=3,bearded seal_inat_16,bearded seal_inat_16.jpg,Leopard Seal,bearded seal
marine,all_I=pixelate_S=3,bearded seal_inat_2,bearded seal_inat_2.jpg,Harp Seal,bearded seal
marine,all_I=pixelate_S=3,bearded seal_inat_3,bearded seal_inat_3.jpg,Harp Seal,bearded seal
marine,all_I=pixelate_S=3,bearded seal_inat_4,bearded seal_inat_4.jpg,Leopard Seal,bearded seal
marine,all_I=pixelate_S=3,bearded seal_inat_5,bearded seal_inat_5.jpg,Bearded Seal,bearded seal
marine,all_I=pixelate_S=3,bearded seal_inat_6,bearded seal_inat_6.jpg,Leopard Seal,bearded seal
marine,all_I=pixelate_S=3,bearded seal_inat_7,bearded seal_inat_7.jpg,Leopard Seal,bearded seal
marine,all_I=pixelate_S=3,bearded seal_inat_8,bearded seal_inat_8.jpg,Leopard Seal,bearded seal
marine,all_I=pixelate_S=3,bearded seal_inat_9,bearded seal_inat_9.jpg,Bottlenose Dolphin,bearded seal
marine,all_I=pixelate_S=3,beluga white whale_inat_1,beluga white whale_inat_1.jpg,False Killer Whale,beluga white whale
marine,all_I=pixelate_S=3,beluga white whale_inat_10,beluga white whale_inat_10.jpg,White-beaked Dolphin,beluga white whale
marine,all_I=pixelate_S=3,beluga white whale_inat_11,beluga white whale_inat_11.jpg,White-beaked Dolphin,beluga white whale
marine,all_I=pixelate_S=3,beluga white whale_inat_12,beluga white whale_inat_12.jpg,Beluga White Whale,beluga white whale
marine,all_I=pixelate_S=3,beluga white whale_inat_13,beluga white whale_inat_13.jpg,Beluga White Whale,beluga white whale
marine,all_I=pixelate_S=3,beluga white whale_inat_14,beluga white whale_inat_14.jpg,Beluga White Whale,beluga white whale
marine,all_I=pixelate_S=3,beluga white whale_inat_15,beluga white whale_inat_15.jpg,Beluga White Whale,beluga white whale
marine,all_I=pixelate_S=3,beluga white whale_inat_16,beluga white whale_inat_16.jpg,Beluga White Whale,beluga white whale
marine,all_I=pixelate_S=3,beluga white whale_inat_2,beluga white whale_inat_2.jpg,White-beaked Dolphin,beluga white whale
marine,all_I=pixelate_S=3,beluga white whale_inat_3,beluga white whale_inat_3.jpg,White-beaked Dolphin,beluga white whale
marine,all_I=pixelate_S=3,beluga white whale_inat_4,beluga white whale_inat_4.jpg,Bottlenose Dolphin,beluga white whale
marine,all_I=pixelate_S=3,beluga white whale_inat_5,beluga white whale_inat_5.jpg,False Killer Whale,beluga white whale
marine,all_I=pixelate_S=3,beluga white whale_inat_6,beluga white whale_inat_6.jpg,Bottlenose Dolphin,beluga white whale
marine,all_I=pixelate_S=3,beluga white whale_inat_7,beluga white whale_inat_7.jpg,White-beaked Dolphin,beluga white whale
marine,all_I=pixelate_S=3,beluga white whale_inat_8,beluga white whale_inat_8.jpg,Humpback Whale,beluga white whale
marine,all_I=pixelate_S=3,beluga white whale_inat_9,beluga white whale_inat_9.jpg,White-beaked Dolphin,beluga white whale
marine,all_I=pixelate_S=3,bottlenose dolphin_inat_1,bottlenose dolphin_inat_1.jpg,Killer Whale,bottlenose dolphin
marine,all_I=pixelate_S=3,bottlenose dolphin_inat_10,bottlenose dolphin_inat_10.jpg,Bottlenose Dolphin,bottlenose dolphin
marine,all_I=pixelate_S=3,bottlenose dolphin_inat_11,bottlenose dolphin_inat_11.jpg,Bottlenose Dolphin,bottlenose dolphin
marine,all_I=pixelate_S=3,bottlenose dolphin_inat_12,bottlenose dolphin_inat_12.jpg,Common Dolphin,bottlenose dolphin
marine,all_I=pixelate_S=3,bottlenose dolphin_inat_13,bottlenose dolphin_inat_13.jpg,Bottlenose Dolphin,bottlenose dolphin
marine,all_I=pixelate_S=3,bottlenose dolphin_inat_14,bottlenose dolphin_inat_14.jpg,Bottlenose Dolphin,bottlenose dolphin
marine,all_I=pixelate_S=3,bottlenose dolphin_inat_15,bottlenose dolphin_inat_15.jpg,Bottlenose Dolphin,bottlenose dolphin
marine,all_I=pixelate_S=3,bottlenose dolphin_inat_16,bottlenose dolphin_inat_16.jpg,Bottlenose Dolphin,bottlenose dolphin
marine,all_I=pixelate_S=3,bottlenose dolphin_inat_2,bottlenose dolphin_inat_2.jpg,Bottlenose Dolphin,bottlenose dolphin
marine,all_I=pixelate_S=3,bottlenose dolphin_inat_3,bottlenose dolphin_inat_3.jpg,Bottlenose Dolphin,bottlenose dolphin
marine,all_I=pixelate_S=3,bottlenose dolphin_inat_4,bottlenose dolphin_inat_4.jpg,Bottlenose Dolphin,bottlenose dolphin
marine,all_I=pixelate_S=3,bottlenose dolphin_inat_5,bottlenose dolphin_inat_5.jpg,Bottlenose Dolphin,bottlenose dolphin
marine,all_I=pixelate_S=3,bottlenose dolphin_inat_6,bottlenose dolphin_inat_6.jpg,Beluga White Whale,bottlenose dolphin
marine,all_I=pixelate_S=3,bottlenose dolphin_inat_7,bottlenose dolphin_inat_7.jpg,Bottlenose Dolphin,bottlenose dolphin
marine,all_I=pixelate_S=3,bottlenose dolphin_inat_8,bottlenose dolphin_inat_8.jpg,Bottlenose Dolphin,bottlenose dolphin
marine,all_I=pixelate_S=3,bottlenose dolphin_inat_9,bottlenose dolphin_inat_9.jpg,Bottlenose Dolphin,bottlenose dolphin
marine,all_I=pixelate_S=3,bowhead whale_matched_1,bowhead whale_matched_1.jpg,Bowhead Whale,bowhead whale
marine,all_I=pixelate_S=3,bowhead whale_matched_10,bowhead whale_matched_10.jpg,Humpback Whale,bowhead whale
marine,all_I=pixelate_S=3,bowhead whale_matched_11,bowhead whale_matched_11.jpg,Humpback Whale,bowhead whale
marine,all_I=pixelate_S=3,bowhead whale_matched_12,bowhead whale_matched_12.jpg,Fin Finback Whale,bowhead whale
marine,all_I=pixelate_S=3,bowhead whale_matched_13,bowhead whale_matched_13.jpg,Beluga White Whale,bowhead whale
marine,all_I=pixelate_S=3,bowhead whale_matched_14,bowhead whale_matched_14.jpg,Bottlenose Dolphin,bowhead whale
marine,all_I=pixelate_S=3,bowhead whale_matched_15,bowhead whale_matched_15.jpg,False Killer Whale,bowhead whale
marine,all_I=pixelate_S=3,bowhead whale_matched_16,bowhead whale_matched_16.jpg,Bowhead Whale,bowhead whale
marine,all_I=pixelate_S=3,bowhead whale_matched_2,bowhead whale_matched_2.jpg,Humpback Whale,bowhead whale
marine,all_I=pixelate_S=3,bowhead whale_matched_3,bowhead whale_matched_3.jpg,Humpback Whale,bowhead whale
marine,all_I=pixelate_S=3,bowhead whale_matched_4,bowhead whale_matched_4.jpg,Fin Finback Whale,bowhead whale
marine,all_I=pixelate_S=3,bowhead whale_matched_5,bowhead whale_matched_5.jpg,False Killer Whale,bowhead whale
marine,all_I=pixelate_S=3,bowhead whale_matched_6,bowhead whale_matched_6.jpg,Humpback Whale,bowhead whale
marine,all_I=pixelate_S=3,bowhead whale_matched_7,bowhead whale_matched_7.jpg,Fin Finback Whale,bowhead whale
marine,all_I=pixelate_S=3,bowhead whale_matched_8,bowhead whale_matched_8.jpg,Humpback Whale,bowhead whale
marine,all_I=pixelate_S=3,bowhead whale_matched_9,bowhead whale_matched_9.jpg,Beluga White Whale,bowhead whale
marine,all_I=pixelate_S=3,clymene dolphin_matched_1,clymene dolphin_matched_1.jpg,Bottlenose Dolphin,clymene dolphin
marine,all_I=pixelate_S=3,clymene dolphin_matched_10,clymene dolphin_matched_10.jpg,Bottlenose Dolphin,clymene dolphin
marine,all_I=pixelate_S=3,clymene dolphin_matched_11,clymene dolphin_matched_11.jpg,Bottlenose Dolphin,clymene dolphin
marine,all_I=pixelate_S=3,clymene dolphin_matched_12,clymene dolphin_matched_12.jpg,Bottlenose Dolphin,clymene dolphin
marine,all_I=pixelate_S=3,clymene dolphin_matched_13,clymene dolphin_matched_13.jpg,Bottlenose Dolphin,clymene dolphin
marine,all_I=pixelate_S=3,clymene dolphin_matched_14,clymene dolphin_matched_14.jpg,Bottlenose Dolphin,clymene dolphin
marine,all_I=pixelate_S=3,clymene dolphin_matched_15,clymene dolphin_matched_15.jpg,Bottlenose Dolphin,clymene dolphin
marine,all_I=pixelate_S=3,clymene dolphin_matched_16,clymene dolphin_matched_16.jpg,Common Dolphin,clymene dolphin
marine,all_I=pixelate_S=3,clymene dolphin_matched_17,clymene dolphin_matched_17.jpg,False Killer Whale,clymene dolphin
marine,all_I=pixelate_S=3,clymene dolphin_matched_18,clymene dolphin_matched_18.jpg,Bottlenose Dolphin,clymene dolphin
marine,all_I=pixelate_S=3,clymene dolphin_matched_19,clymene dolphin_matched_19.jpg,Bottlenose Dolphin,clymene dolphin
marine,all_I=pixelate_S=3,clymene dolphin_matched_2,clymene dolphin_matched_2.jpg,Bottlenose Dolphin,clymene dolphin
marine,all_I=pixelate_S=3,clymene dolphin_matched_3,clymene dolphin_matched_3.jpg,Bottlenose Dolphin,clymene dolphin
marine,all_I=pixelate_S=3,clymene dolphin_matched_4,clymene dolphin_matched_4.jpg,Bottlenose Dolphin,clymene dolphin
marine,all_I=pixelate_S=3,clymene dolphin_matched_5,clymene dolphin_matched_5.jpg,Bottlenose Dolphin,clymene dolphin
marine,all_I=pixelate_S=3,clymene dolphin_matched_6,clymene dolphin_matched_6.jpg,Common Dolphin,clymene dolphin
marine,all_I=pixelate_S=3,clymene dolphin_matched_7,clymene dolphin_matched_7.jpg,Humpback Whale,clymene dolphin
marine,all_I=pixelate_S=3,clymene dolphin_matched_8,clymene dolphin_matched_8.jpg,Atlantic Spotted Dolphin,clymene dolphin
marine,all_I=pixelate_S=3,clymene dolphin_matched_9,clymene dolphin_matched_9.jpg,Common Dolphin,clymene dolphin
marine,all_I=pixelate_S=3,common dolphin_matched_1,common dolphin_matched_1.jpg,Bottlenose Dolphin,common dolphin
marine,all_I=pixelate_S=3,common dolphin_matched_10,common dolphin_matched_10.jpg,Bottlenose Dolphin,common dolphin
marine,all_I=pixelate_S=3,common dolphin_matched_11,common dolphin_matched_11.jpg,Common Dolphin,common dolphin
marine,all_I=pixelate_S=3,common dolphin_matched_12,common dolphin_matched_12.jpg,Bottlenose Dolphin,common dolphin
marine,all_I=pixelate_S=3,common dolphin_matched_13,common dolphin_matched_13.jpg,Bottlenose Dolphin,common dolphin
marine,all_I=pixelate_S=3,common dolphin_matched_14,common dolphin_matched_14.jpg,Atlantic Spotted Dolphin,common dolphin
marine,all_I=pixelate_S=3,common dolphin_matched_15,common dolphin_matched_15.jpg,Common Dolphin,common dolphin
marine,all_I=pixelate_S=3,common dolphin_matched_16,common dolphin_matched_16.jpg,Common Dolphin,common dolphin
marine,all_I=pixelate_S=3,common dolphin_matched_17,common dolphin_matched_17.jpg,Common Dolphin,common dolphin
marine,all_I=pixelate_S=3,common dolphin_matched_18,common dolphin_matched_18.jpg,Common Dolphin,common dolphin
marine,all_I=pixelate_S=3,common dolphin_matched_19,common dolphin_matched_19.jpg,Common Dolphin,common dolphin
marine,all_I=pixelate_S=3,common dolphin_matched_2,common dolphin_matched_2.jpg,Bottlenose Dolphin,common dolphin
marine,all_I=pixelate_S=3,common dolphin_matched_20,common dolphin_matched_20.jpg,Bottlenose Dolphin,common dolphin
marine,all_I=pixelate_S=3,common dolphin_matched_21,common dolphin_matched_21.jpg,White-beaked Dolphin,common dolphin
marine,all_I=pixelate_S=3,common dolphin_matched_22,common dolphin_matched_22.jpg,Bottlenose Dolphin,common dolphin
marine,all_I=pixelate_S=3,common dolphin_matched_23,common dolphin_matched_23.jpg,Bottlenose Dolphin,common dolphin
marine,all_I=pixelate_S=3,common dolphin_matched_24,common dolphin_matched_24.jpg,Common Dolphin,common dolphin
marine,all_I=pixelate_S=3,common dolphin_matched_25,common dolphin_matched_25.jpg,Bottlenose Dolphin,common dolphin
marine,all_I=pixelate_S=3,common dolphin_matched_26,common dolphin_matched_26.jpg,False Killer Whale,common dolphin
marine,all_I=pixelate_S=3,common dolphin_matched_27,common dolphin_matched_27.jpg,White-beaked Dolphin,common dolphin
marine,all_I=pixelate_S=3,common dolphin_matched_28,common dolphin_matched_28.jpg,Bottlenose Dolphin,common dolphin
marine,all_I=pixelate_S=3,common dolphin_matched_29,common dolphin_matched_29.jpg,Common Dolphin,common dolphin
marine,all_I=pixelate_S=3,common dolphin_matched_3,common dolphin_matched_3.jpg,Common Dolphin,common dolphin
marine,all_I=pixelate_S=3,common dolphin_matched_30,common dolphin_matched_30.jpg,Bottlenose Dolphin,common dolphin
marine,all_I=pixelate_S=3,common dolphin_matched_31,common dolphin_matched_31.jpg,False Killer Whale,common dolphin
marine,all_I=pixelate_S=3,common dolphin_matched_32,common dolphin_matched_32.jpg,Bottlenose Dolphin,common dolphin
marine,all_I=pixelate_S=3,common dolphin_matched_33,common dolphin_matched_33.jpg,Bottlenose Dolphin,common dolphin
marine,all_I=pixelate_S=3,common dolphin_matched_34,common dolphin_matched_34.jpg,Common Dolphin,common dolphin
marine,all_I=pixelate_S=3,common dolphin_matched_35,common dolphin_matched_35.jpg,Bottlenose Dolphin,common dolphin
marine,all_I=pixelate_S=3,common dolphin_matched_36,common dolphin_matched_36.jpg,Common Dolphin,common dolphin
marine,all_I=pixelate_S=3,common dolphin_matched_4,common dolphin_matched_4.jpg,Bottlenose Dolphin,common dolphin
marine,all_I=pixelate_S=3,common dolphin_matched_5,common dolphin_matched_5.jpg,Bottlenose Dolphin,common dolphin
marine,all_I=pixelate_S=3,common dolphin_matched_6,common dolphin_matched_6.jpg,Common Dolphin,common dolphin
marine,all_I=pixelate_S=3,common dolphin_matched_7,common dolphin_matched_7.jpg,Bottlenose Dolphin,common dolphin
marine,all_I=pixelate_S=3,common dolphin_matched_8,common dolphin_matched_8.jpg,Bottlenose Dolphin,common dolphin
marine,all_I=pixelate_S=3,common dolphin_matched_9,common dolphin_matched_9.jpg,Bottlenose Dolphin,common dolphin
marine,all_I=pixelate_S=3,false killer whale_matched_1,false killer whale_matched_1.jpg,Short-Finned Pacific Pilot Whale,false killer whale
marine,all_I=pixelate_S=3,false killer whale_matched_10,false killer whale_matched_10.jpg,False Killer Whale,false killer whale
marine,all_I=pixelate_S=3,false killer whale_matched_11,false killer whale_matched_11.jpg,False Killer Whale,false killer whale
marine,all_I=pixelate_S=3,false killer whale_matched_12,false killer whale_matched_12.jpg,False Killer Whale,false killer whale
marine,all_I=pixelate_S=3,false killer whale_matched_13,false killer whale_matched_13.jpg,Bottlenose Dolphin,false killer whale
marine,all_I=pixelate_S=3,false killer whale_matched_14,false killer whale_matched_14.jpg,Bottlenose Dolphin,false killer whale
marine,all_I=pixelate_S=3,false killer whale_matched_15,false killer whale_matched_15.jpg,False Killer Whale,false killer whale
marine,all_I=pixelate_S=3,false killer whale_matched_16,false killer whale_matched_16.jpg,Fin Finback Whale,false killer whale
marine,all_I=pixelate_S=3,false killer whale_matched_2,false killer whale_matched_2.jpg,False Killer Whale,false killer whale
marine,all_I=pixelate_S=3,false killer whale_matched_3,false killer whale_matched_3.jpg,False Killer Whale,false killer whale
marine,all_I=pixelate_S=3,false killer whale_matched_4,false killer whale_matched_4.jpg,False Killer Whale,false killer whale
marine,all_I=pixelate_S=3,false killer whale_matched_5,false killer whale_matched_5.jpg,Bottlenose Dolphin,false killer whale
marine,all_I=pixelate_S=3,false killer whale_matched_6,false killer whale_matched_6.jpg,False Killer Whale,false killer whale
marine,all_I=pixelate_S=3,false killer whale_matched_7,false killer whale_matched_7.jpg,Bottlenose Dolphin,false killer whale
marine,all_I=pixelate_S=3,false killer whale_matched_8,false killer whale_matched_8.jpg,False Killer Whale,false killer whale
marine,all_I=pixelate_S=3,false killer whale_matched_9,false killer whale_matched_9.jpg,Bottlenose Dolphin,false killer whale
marine,all_I=pixelate_S=3,fin finback whale_inat_1,fin finback whale_inat_1.jpg,False Killer Whale,fin finback whale
marine,all_I=pixelate_S=3,fin finback whale_inat_10,fin finback whale_inat_10.jpg,Bottlenose Dolphin,fin finback whale
marine,all_I=pixelate_S=3,fin finback whale_inat_11,fin finback whale_inat_11.jpg,Bottlenose Dolphin,fin finback whale
marine,all_I=pixelate_S=3,fin finback whale_inat_12,fin finback whale_inat_12.jpg,False Killer Whale,fin finback whale
marine,all_I=pixelate_S=3,fin finback whale_inat_13,fin finback whale_inat_13.jpg,Humpback Whale,fin finback whale
marine,all_I=pixelate_S=3,fin finback whale_inat_14,fin finback whale_inat_14.jpg,None of the provided species labels match the description of a jellyfish.,fin finback whale
marine,all_I=pixelate_S=3,fin finback whale_inat_15,fin finback whale_inat_15.jpg,Killer Whale,fin finback whale
marine,all_I=pixelate_S=3,fin finback whale_inat_16,fin finback whale_inat_16.jpg,Bottlenose Dolphin,fin finback whale
marine,all_I=pixelate_S=3,fin finback whale_inat_2,fin finback whale_inat_2.jpg,False Killer Whale,fin finback whale
marine,all_I=pixelate_S=3,fin finback whale_inat_3,fin finback whale_inat_3.jpg,Fin Finback Whale,fin finback whale
marine,all_I=pixelate_S=3,fin finback whale_inat_4,fin finback whale_inat_4.jpg,Leopard Seal,fin finback whale
marine,all_I=pixelate_S=3,fin finback whale_inat_5,fin finback whale_inat_5.jpg,Killer Whale,fin finback whale
marine,all_I=pixelate_S=3,fin finback whale_inat_6,fin finback whale_inat_6.jpg,Bottlenose Dolphin,fin finback whale
marine,all_I=pixelate_S=3,fin finback whale_inat_7,fin finback whale_inat_7.jpg,Killer Whale,fin finback whale
marine,all_I=pixelate_S=3,fin finback whale_inat_8,fin finback whale_inat_8.jpg,Pantropical Spotted Dolphin,fin finback whale
marine,all_I=pixelate_S=3,fin finback whale_inat_9,fin finback whale_inat_9.jpg,Pantropical Spotted Dolphin,fin finback whale
marine,all_I=pixelate_S=3,frasers dolphin_inat_1,frasers dolphin_inat_1.jpg,Beluga White Whale,frasers dolphin
marine,all_I=pixelate_S=3,frasers dolphin_inat_10,frasers dolphin_inat_10.jpg,Bottlenose Dolphin,frasers dolphin
marine,all_I=pixelate_S=3,frasers dolphin_inat_11,frasers dolphin_inat_11.jpg,Bottlenose Dolphin,frasers dolphin
marine,all_I=pixelate_S=3,frasers dolphin_inat_12,frasers dolphin_inat_12.jpg,False Killer Whale,frasers dolphin
marine,all_I=pixelate_S=3,frasers dolphin_inat_13,frasers dolphin_inat_13.jpg,False Killer Whale,frasers dolphin
marine,all_I=pixelate_S=3,frasers dolphin_inat_14,frasers dolphin_inat_14.jpg,False Killer Whale,frasers dolphin
marine,all_I=pixelate_S=3,frasers dolphin_inat_15,frasers dolphin_inat_15.jpg,Bottlenose Dolphin,frasers dolphin
marine,all_I=pixelate_S=3,frasers dolphin_inat_16,frasers dolphin_inat_16.jpg,Bottlenose Dolphin,frasers dolphin
marine,all_I=pixelate_S=3,frasers dolphin_inat_2,frasers dolphin_inat_2.jpg,Bottlenose Dolphin,frasers dolphin
marine,all_I=pixelate_S=3,frasers dolphin_inat_3,frasers dolphin_inat_3.jpg,Beluga White Whale,frasers dolphin
marine,all_I=pixelate_S=3,frasers dolphin_inat_4,frasers dolphin_inat_4.jpg,Bottlenose Dolphin,frasers dolphin
marine,all_I=pixelate_S=3,frasers dolphin_inat_5,frasers dolphin_inat_5.jpg,Bottlenose Dolphin,frasers dolphin
marine,all_I=pixelate_S=3,frasers dolphin_inat_6,frasers dolphin_inat_6.jpg,Bottlenose Dolphin,frasers dolphin
marine,all_I=pixelate_S=3,frasers dolphin_inat_7,frasers dolphin_inat_7.jpg,Bottlenose Dolphin,frasers dolphin
marine,all_I=pixelate_S=3,frasers dolphin_inat_8,frasers dolphin_inat_8.jpg,Beluga White Whale,frasers dolphin
marine,all_I=pixelate_S=3,frasers dolphin_inat_9,frasers dolphin_inat_9.jpg,Bottlenose Dolphin,frasers dolphin
marine,all_I=pixelate_S=3,grampus rissos dolphin_inat_1,grampus rissos dolphin_inat_1.jpg,Bottlenose Dolphin,grampus rissos dolphin
marine,all_I=pixelate_S=3,grampus rissos dolphin_inat_10,grampus rissos dolphin_inat_10.jpg,False Killer Whale,grampus rissos dolphin
marine,all_I=pixelate_S=3,grampus rissos dolphin_inat_11,grampus rissos dolphin_inat_11.jpg,Bottlenose Dolphin,grampus rissos dolphin
marine,all_I=pixelate_S=3,grampus rissos dolphin_inat_12,grampus rissos dolphin_inat_12.jpg,False Killer Whale,grampus rissos dolphin
marine,all_I=pixelate_S=3,grampus rissos dolphin_inat_13,grampus rissos dolphin_inat_13.jpg,Killer Whale,grampus rissos dolphin
marine,all_I=pixelate_S=3,grampus rissos dolphin_inat_14,grampus rissos dolphin_inat_14.jpg,Bottlenose Dolphin,grampus rissos dolphin
marine,all_I=pixelate_S=3,grampus rissos dolphin_inat_15,grampus rissos dolphin_inat_15.jpg,Bottlenose Dolphin,grampus rissos dolphin
marine,all_I=pixelate_S=3,grampus rissos dolphin_inat_16,grampus rissos dolphin_inat_16.jpg,White-beaked Dolphin,grampus rissos dolphin
marine,all_I=pixelate_S=3,grampus rissos dolphin_inat_2,grampus rissos dolphin_inat_2.jpg,Bottlenose Dolphin,grampus rissos dolphin
marine,all_I=pixelate_S=3,grampus rissos dolphin_inat_3,grampus rissos dolphin_inat_3.jpg,Bottlenose Dolphin,grampus rissos dolphin
marine,all_I=pixelate_S=3,grampus rissos dolphin_inat_4,grampus rissos dolphin_inat_4.jpg,Bottlenose Dolphin,grampus rissos dolphin
marine,all_I=pixelate_S=3,grampus rissos dolphin_inat_5,grampus rissos dolphin_inat_5.jpg,Bottlenose Dolphin,grampus rissos dolphin
marine,all_I=pixelate_S=3,grampus rissos dolphin_inat_6,grampus rissos dolphin_inat_6.jpg,White-beaked Dolphin,grampus rissos dolphin
marine,all_I=pixelate_S=3,grampus rissos dolphin_inat_7,grampus rissos dolphin_inat_7.jpg,Bottlenose Dolphin,grampus rissos dolphin
marine,all_I=pixelate_S=3,grampus rissos dolphin_inat_8,grampus rissos dolphin_inat_8.jpg,Bottlenose Dolphin,grampus rissos dolphin
marine,all_I=pixelate_S=3,grampus rissos dolphin_inat_9,grampus rissos dolphin_inat_9.jpg,Killer Whale,grampus rissos dolphin
marine,all_I=pixelate_S=3,harp seal_matched_1,harp seal_matched_1.jpg,Harp Seal,harp seal
marine,all_I=pixelate_S=3,harp seal_matched_10,harp seal_matched_10.jpg,Harp Seal,harp seal
marine,all_I=pixelate_S=3,harp seal_matched_11,harp seal_matched_11.jpg,Harp Seal,harp seal
marine,all_I=pixelate_S=3,harp seal_matched_12,harp seal_matched_12.jpg,Harp Seal,harp seal
marine,all_I=pixelate_S=3,harp seal_matched_13,harp seal_matched_13.jpg,Harp Seal,harp seal
marine,all_I=pixelate_S=3,harp seal_matched_14,harp seal_matched_14.jpg,Leopard Seal,harp seal
marine,all_I=pixelate_S=3,harp seal_matched_15,harp seal_matched_15.jpg,Harp Seal,harp seal
marine,all_I=pixelate_S=3,harp seal_matched_16,harp seal_matched_16.jpg,Harbor Seal,harp seal
marine,all_I=pixelate_S=3,harp seal_matched_2,harp seal_matched_2.jpg,Leopard Seal,harp seal
marine,all_I=pixelate_S=3,harp seal_matched_3,harp seal_matched_3.jpg,Leopard Seal,harp seal
marine,all_I=pixelate_S=3,harp seal_matched_4,harp seal_matched_4.jpg,Harbor Seal,harp seal
marine,all_I=pixelate_S=3,harp seal_matched_5,harp seal_matched_5.jpg,Harbor Seal,harp seal
marine,all_I=pixelate_S=3,harp seal_matched_6,harp seal_matched_6.jpg,Harp Seal,harp seal
marine,all_I=pixelate_S=3,harp seal_matched_7,harp seal_matched_7.jpg,Leopard Seal,harp seal
marine,all_I=pixelate_S=3,harp seal_matched_8,harp seal_matched_8.jpg,Harbor Seal,harp seal
marine,all_I=pixelate_S=3,harp seal_matched_9,harp seal_matched_9.jpg,Leopard Seal,harp seal
marine,all_I=pixelate_S=3,humpback whale_matched_1,humpback whale_matched_1.jpg,Humpback Whale,humpback whale
marine,all_I=pixelate_S=3,humpback whale_matched_10,humpback whale_matched_10.jpg,Killer Whale,humpback whale
marine,all_I=pixelate_S=3,humpback whale_matched_11,humpback whale_matched_11.jpg,Humpback Whale,humpback whale
marine,all_I=pixelate_S=3,humpback whale_matched_12,humpback whale_matched_12.jpg,Humpback Whale,humpback whale
marine,all_I=pixelate_S=3,humpback whale_matched_13,humpback whale_matched_13.jpg,Humpback Whale,humpback whale
marine,all_I=pixelate_S=3,humpback whale_matched_14,humpback whale_matched_14.jpg,Humpback Whale,humpback whale
marine,all_I=pixelate_S=3,humpback whale_matched_15,humpback whale_matched_15.jpg,Humpback Whale,humpback whale
marine,all_I=pixelate_S=3,humpback whale_matched_16,humpback whale_matched_16.jpg,Humpback Whale,humpback whale
marine,all_I=pixelate_S=3,humpback whale_matched_2,humpback whale_matched_2.jpg,Humpback Whale,humpback whale
marine,all_I=pixelate_S=3,humpback whale_matched_3,humpback whale_matched_3.jpg,Fin Finback Whale,humpback whale
marine,all_I=pixelate_S=3,humpback whale_matched_4,humpback whale_matched_4.jpg,Humpback Whale,humpback whale
marine,all_I=pixelate_S=3,humpback whale_matched_5,humpback whale_matched_5.jpg,Fin Finback Whale,humpback whale
marine,all_I=pixelate_S=3,humpback whale_matched_6,humpback whale_matched_6.jpg,Humpback Whale,humpback whale
marine,all_I=pixelate_S=3,humpback whale_matched_7,humpback whale_matched_7.jpg,Humpback Whale,humpback whale
marine,all_I=pixelate_S=3,humpback whale_matched_8,humpback whale_matched_8.jpg,Humpback Whale,humpback whale
marine,all_I=pixelate_S=3,humpback whale_matched_9,humpback whale_matched_9.jpg,Humpback Whale,humpback whale
marine,all_I=pixelate_S=3,killer whale_inat_1,killer whale_inat_1.jpg,Bottlenose Dolphin,killer whale
marine,all_I=pixelate_S=3,killer whale_inat_10,killer whale_inat_10.jpg,Fin Finback Whale,killer whale
marine,all_I=pixelate_S=3,killer whale_inat_11,killer whale_inat_11.jpg,Killer Whale,killer whale
marine,all_I=pixelate_S=3,killer whale_inat_12,killer whale_inat_12.jpg,Killer Whale,killer whale
marine,all_I=pixelate_S=3,killer whale_inat_13,killer whale_inat_13.jpg,Bottlenose Dolphin,killer whale
marine,all_I=pixelate_S=3,killer whale_inat_14,killer whale_inat_14.jpg,Killer Whale,killer whale
marine,all_I=pixelate_S=3,killer whale_inat_15,killer whale_inat_15.jpg,Bottlenose Dolphin,killer whale
marine,all_I=pixelate_S=3,killer whale_inat_16,killer whale_inat_16.jpg,Killer Whale,killer whale
marine,all_I=pixelate_S=3,killer whale_inat_2,killer whale_inat_2.jpg,Killer Whale,killer whale
marine,all_I=pixelate_S=3,killer whale_inat_3,killer whale_inat_3.jpg,Killer Whale,killer whale
marine,all_I=pixelate_S=3,killer whale_inat_4,killer whale_inat_4.jpg,Killer Whale,killer whale
marine,all_I=pixelate_S=3,killer whale_inat_5,killer whale_inat_5.jpg,Killer Whale,killer whale
marine,all_I=pixelate_S=3,killer whale_inat_6,killer whale_inat_6.jpg,Killer Whale,killer whale
marine,all_I=pixelate_S=3,killer whale_inat_7,killer whale_inat_7.jpg,False Killer Whale,killer whale
marine,all_I=pixelate_S=3,killer whale_inat_8,killer whale_inat_8.jpg,Killer Whale,killer whale
marine,all_I=pixelate_S=3,killer whale_inat_9,killer whale_inat_9.jpg,Killer Whale,killer whale
marine,all_I=pixelate_S=3,leopard seal_matched_1,leopard seal_matched_1.jpg,Leopard Seal,leopard seal
marine,all_I=pixelate_S=3,leopard seal_matched_10,leopard seal_matched_10.jpg,Leopard Seal,leopard seal
marine,all_I=pixelate_S=3,leopard seal_matched_11,leopard seal_matched_11.jpg,Leopard Seal,leopard seal
marine,all_I=pixelate_S=3,leopard seal_matched_12,leopard seal_matched_12.jpg,Leopard Seal,leopard seal
marine,all_I=pixelate_S=3,leopard seal_matched_13,leopard seal_matched_13.jpg,Leopard Seal,leopard seal
marine,all_I=pixelate_S=3,leopard seal_matched_14,leopard seal_matched_14.jpg,Leopard Seal,leopard seal
marine,all_I=pixelate_S=3,leopard seal_matched_15,leopard seal_matched_15.jpg,Leopard Seal,leopard seal
marine,all_I=pixelate_S=3,leopard seal_matched_16,leopard seal_matched_16.jpg,Leopard Seal,leopard seal
marine,all_I=pixelate_S=3,leopard seal_matched_2,leopard seal_matched_2.jpg,Leopard Seal,leopard seal
marine,all_I=pixelate_S=3,leopard seal_matched_3,leopard seal_matched_3.jpg,Leopard Seal,leopard seal
marine,all_I=pixelate_S=3,leopard seal_matched_4,leopard seal_matched_4.jpg,Leopard Seal,leopard seal
marine,all_I=pixelate_S=3,leopard seal_matched_5,leopard seal_matched_5.jpg,Leopard Seal,leopard seal
marine,all_I=pixelate_S=3,leopard seal_matched_6,leopard seal_matched_6.jpg,Leopard Seal,leopard seal
marine,all_I=pixelate_S=3,leopard seal_matched_7,leopard seal_matched_7.jpg,Leopard Seal,leopard seal
marine,all_I=pixelate_S=3,leopard seal_matched_8,leopard seal_matched_8.jpg,Leopard Seal,leopard seal
marine,all_I=pixelate_S=3,leopard seal_matched_9,leopard seal_matched_9.jpg,Leopard Seal,leopard seal
marine,all_I=pixelate_S=3,long-finned pilot whale_inat_1,long-finned pilot whale_inat_1.jpg,Bottlenose Dolphin,long-finned pilot whale
marine,all_I=pixelate_S=3,long-finned pilot whale_inat_10,long-finned pilot whale_inat_10.jpg,False Killer Whale,long-finned pilot whale
marine,all_I=pixelate_S=3,long-finned pilot whale_inat_11,long-finned pilot whale_inat_11.jpg,Killer Whale,long-finned pilot whale
marine,all_I=pixelate_S=3,long-finned pilot whale_inat_12,long-finned pilot whale_inat_12.jpg,Bearded Seal,long-finned pilot whale
marine,all_I=pixelate_S=3,long-finned pilot whale_inat_13,long-finned pilot whale_inat_13.jpg,Walrus,long-finned pilot whale
marine,all_I=pixelate_S=3,long-finned pilot whale_inat_14,long-finned pilot whale_inat_14.jpg,Common Dolphin,long-finned pilot whale
marine,all_I=pixelate_S=3,long-finned pilot whale_inat_15,long-finned pilot whale_inat_15.jpg,Killer Whale,long-finned pilot whale
marine,all_I=pixelate_S=3,long-finned pilot whale_inat_16,long-finned pilot whale_inat_16.jpg,Bottlenose Dolphin,long-finned pilot whale
marine,all_I=pixelate_S=3,long-finned pilot whale_inat_2,long-finned pilot whale_inat_2.jpg,Leopard Seal,long-finned pilot whale
marine,all_I=pixelate_S=3,long-finned pilot whale_inat_3,long-finned pilot whale_inat_3.jpg,Killer Whale,long-finned pilot whale
marine,all_I=pixelate_S=3,long-finned pilot whale_inat_4,long-finned pilot whale_inat_4.jpg,False Killer Whale,long-finned pilot whale
marine,all_I=pixelate_S=3,long-finned pilot whale_inat_5,long-finned pilot whale_inat_5.jpg,False Killer Whale,long-finned pilot whale
marine,all_I=pixelate_S=3,long-finned pilot whale_inat_6,long-finned pilot whale_inat_6.jpg,False Killer Whale,long-finned pilot whale
marine,all_I=pixelate_S=3,long-finned pilot whale_inat_7,long-finned pilot whale_inat_7.jpg,Bottlenose Dolphin,long-finned pilot whale
marine,all_I=pixelate_S=3,long-finned pilot whale_inat_8,long-finned pilot whale_inat_8.jpg,Bottlenose Dolphin,long-finned pilot whale
marine,all_I=pixelate_S=3,long-finned pilot whale_inat_9,long-finned pilot whale_inat_9.jpg,False Killer Whale,long-finned pilot whale
marine,all_I=pixelate_S=3,melon headed whale_inat_1,melon headed whale_inat_1.jpg,Bottlenose Dolphin,melon headed whale
marine,all_I=pixelate_S=3,melon headed whale_inat_10,melon headed whale_inat_10.jpg,Bottlenose Dolphin,melon headed whale
marine,all_I=pixelate_S=3,melon headed whale_inat_11,melon headed whale_inat_11.jpg,Bottlenose Dolphin,melon headed whale
marine,all_I=pixelate_S=3,melon headed whale_inat_12,melon headed whale_inat_12.jpg,False Killer Whale,melon headed whale
marine,all_I=pixelate_S=3,melon headed whale_inat_13,melon headed whale_inat_13.jpg,False Killer Whale,melon headed whale
marine,all_I=pixelate_S=3,melon headed whale_inat_14,melon headed whale_inat_14.jpg,Bottlenose Dolphin,melon headed whale
marine,all_I=pixelate_S=3,melon headed whale_inat_15,melon headed whale_inat_15.jpg,Bottlenose Dolphin,melon headed whale
marine,all_I=pixelate_S=3,melon headed whale_inat_16,melon headed whale_inat_16.jpg,Bottlenose Dolphin,melon headed whale
marine,all_I=pixelate_S=3,melon headed whale_inat_2,melon headed whale_inat_2.jpg,Bottlenose Dolphin,melon headed whale
marine,all_I=pixelate_S=3,melon headed whale_inat_3,melon headed whale_inat_3.jpg,Bottlenose Dolphin,melon headed whale
marine,all_I=pixelate_S=3,melon headed whale_inat_4,melon headed whale_inat_4.jpg,Bottlenose Dolphin,melon headed whale
marine,all_I=pixelate_S=3,melon headed whale_inat_5,melon headed whale_inat_5.jpg,Bottlenose Dolphin,melon headed whale
marine,all_I=pixelate_S=3,melon headed whale_inat_6,melon headed whale_inat_6.jpg,Bottlenose Dolphin,melon headed whale
marine,all_I=pixelate_S=3,melon headed whale_inat_7,melon headed whale_inat_7.jpg,Bottlenose Dolphin,melon headed whale
marine,all_I=pixelate_S=3,melon headed whale_inat_8,melon headed whale_inat_8.jpg,Bottlenose Dolphin,melon headed whale
marine,all_I=pixelate_S=3,melon headed whale_inat_9,melon headed whale_inat_9.jpg,Bottlenose Dolphin,melon headed whale
marine,all_I=pixelate_S=3,minke whale_inat_1,minke whale_inat_1.jpg,False Killer Whale,minke whale
marine,all_I=pixelate_S=3,minke whale_inat_10,minke whale_inat_10.jpg,Bottlenose Dolphin,minke whale
marine,all_I=pixelate_S=3,minke whale_inat_11,minke whale_inat_11.jpg,Fin Finback Whale,minke whale
marine,all_I=pixelate_S=3,minke whale_inat_12,minke whale_inat_12.jpg,Fin Finback Whale,minke whale
marine,all_I=pixelate_S=3,minke whale_inat_13,minke whale_inat_13.jpg,Fin Finback Whale,minke whale
marine,all_I=pixelate_S=3,minke whale_inat_14,minke whale_inat_14.jpg,Fin Finback Whale,minke whale
marine,all_I=pixelate_S=3,minke whale_inat_15,minke whale_inat_15.jpg,Humpback Whale,minke whale
marine,all_I=pixelate_S=3,minke whale_inat_16,minke whale_inat_16.jpg,Humpback Whale,minke whale
marine,all_I=pixelate_S=3,minke whale_inat_2,minke whale_inat_2.jpg,False Killer Whale,minke whale
marine,all_I=pixelate_S=3,minke whale_inat_3,minke whale_inat_3.jpg,Humpback Whale,minke whale
marine,all_I=pixelate_S=3,minke whale_inat_4,minke whale_inat_4.jpg,Bottlenose Dolphin,minke whale
marine,all_I=pixelate_S=3,minke whale_inat_5,minke whale_inat_5.jpg,Minke Whale,minke whale
marine,all_I=pixelate_S=3,minke whale_inat_6,minke whale_inat_6.jpg,False Killer Whale,minke whale
marine,all_I=pixelate_S=3,minke whale_inat_7,minke whale_inat_7.jpg,Humpback Whale,minke whale
marine,all_I=pixelate_S=3,minke whale_inat_8,minke whale_inat_8.jpg,Beluga White Whale,minke whale
marine,all_I=pixelate_S=3,minke whale_inat_9,minke whale_inat_9.jpg,Bottlenose Dolphin,minke whale
marine,all_I=pixelate_S=3,narwhal_matched_1,narwhal_matched_1.jpg,Narwhal,narwhal
marine,all_I=pixelate_S=3,narwhal_matched_10,narwhal_matched_10.jpg,Narwhal,narwhal
marine,all_I=pixelate_S=3,narwhal_matched_11,narwhal_matched_11.jpg,Narwhal,narwhal
marine,all_I=pixelate_S=3,narwhal_matched_12,narwhal_matched_12.jpg,Narwhal,narwhal
marine,all_I=pixelate_S=3,narwhal_matched_13,narwhal_matched_13.jpg,Narwhal,narwhal
marine,all_I=pixelate_S=3,narwhal_matched_14,narwhal_matched_14.jpg,False Killer Whale,narwhal
marine,all_I=pixelate_S=3,narwhal_matched_15,narwhal_matched_15.jpg,False Killer Whale,narwhal
marine,all_I=pixelate_S=3,narwhal_matched_16,narwhal_matched_16.jpg,Killer Whale,narwhal
marine,all_I=pixelate_S=3,narwhal_matched_2,narwhal_matched_2.jpg,Narwhal,narwhal
marine,all_I=pixelate_S=3,narwhal_matched_3,narwhal_matched_3.jpg,Narwhal,narwhal
marine,all_I=pixelate_S=3,narwhal_matched_4,narwhal_matched_4.jpg,Sperm Whale,narwhal
marine,all_I=pixelate_S=3,narwhal_matched_5,narwhal_matched_5.jpg,Narwhal,narwhal
marine,all_I=pixelate_S=3,narwhal_matched_6,narwhal_matched_6.jpg,False Killer Whale,narwhal
marine,all_I=pixelate_S=3,narwhal_matched_7,narwhal_matched_7.jpg,Bottlenose Dolphin,narwhal
marine,all_I=pixelate_S=3,narwhal_matched_8,narwhal_matched_8.jpg,Narwhal,narwhal
marine,all_I=pixelate_S=3,narwhal_matched_9,narwhal_matched_9.jpg,False Killer Whale,narwhal
marine,all_I=pixelate_S=3,northern right whale_inat_1,northern right whale_inat_1.jpg,White-beaked Dolphin,northern right whale
marine,all_I=pixelate_S=3,northern right whale_inat_10,northern right whale_inat_10.jpg,Bottlenose Dolphin,northern right whale
marine,all_I=pixelate_S=3,northern right whale_inat_11,northern right whale_inat_11.jpg,Bottlenose Dolphin,northern right whale
marine,all_I=pixelate_S=3,northern right whale_inat_12,northern right whale_inat_12.jpg,Killer Whale,northern right whale
marine,all_I=pixelate_S=3,northern right whale_inat_13,northern right whale_inat_13.jpg,Bottlenose Dolphin,northern right whale
marine,all_I=pixelate_S=3,northern right whale_inat_14,northern right whale_inat_14.jpg,False Killer Whale,northern right whale
marine,all_I=pixelate_S=3,northern right whale_inat_15,northern right whale_inat_15.jpg,False Killer Whale,northern right whale
marine,all_I=pixelate_S=3,northern right whale_inat_16,northern right whale_inat_16.jpg,Killer Whale,northern right whale
marine,all_I=pixelate_S=3,northern right whale_inat_2,northern right whale_inat_2.jpg,White-beaked Dolphin,northern right whale
marine,all_I=pixelate_S=3,northern right whale_inat_3,northern right whale_inat_3.jpg,Bottlenose Dolphin,northern right whale
marine,all_I=pixelate_S=3,northern right whale_inat_4,northern right whale_inat_4.jpg,Bottlenose Dolphin,northern right whale
marine,all_I=pixelate_S=3,northern right whale_inat_5,northern right whale_inat_5.jpg,Bottlenose Dolphin,northern right whale
marine,all_I=pixelate_S=3,northern right whale_inat_6,northern right whale_inat_6.jpg,White-beaked Dolphin,northern right whale
marine,all_I=pixelate_S=3,northern right whale_inat_7,northern right whale_inat_7.jpg,White-beaked Dolphin,northern right whale
marine,all_I=pixelate_S=3,northern right whale_inat_8,northern right whale_inat_8.jpg,Bottlenose Dolphin,northern right whale
marine,all_I=pixelate_S=3,northern right whale_inat_9,northern right whale_inat_9.jpg,Humpback Whale,northern right whale
marine,all_I=pixelate_S=3,pantropical spotted dolphin_inat_1,pantropical spotted dolphin_inat_1.jpg,Bottlenose Dolphin,pantropical spotted dolphin
marine,all_I=pixelate_S=3,pantropical spotted dolphin_inat_10,pantropical spotted dolphin_inat_10.jpg,Bottlenose Dolphin,pantropical spotted dolphin
marine,all_I=pixelate_S=3,pantropical spotted dolphin_inat_11,pantropical spotted dolphin_inat_11.jpg,Bottlenose Dolphin,pantropical spotted dolphin
marine,all_I=pixelate_S=3,pantropical spotted dolphin_inat_12,pantropical spotted dolphin_inat_12.jpg,Bottlenose Dolphin,pantropical spotted dolphin
marine,all_I=pixelate_S=3,pantropical spotted dolphin_inat_13,pantropical spotted dolphin_inat_13.jpg,Bottlenose Dolphin,pantropical spotted dolphin
marine,all_I=pixelate_S=3,pantropical spotted dolphin_inat_14,pantropical spotted dolphin_inat_14.jpg,Bottlenose Dolphin,pantropical spotted dolphin
marine,all_I=pixelate_S=3,pantropical spotted dolphin_inat_15,pantropical spotted dolphin_inat_15.jpg,Bottlenose Dolphin,pantropical spotted dolphin
marine,all_I=pixelate_S=3,pantropical spotted dolphin_inat_16,pantropical spotted dolphin_inat_16.jpg,Bottlenose Dolphin,pantropical spotted dolphin
marine,all_I=pixelate_S=3,pantropical spotted dolphin_inat_2,pantropical spotted dolphin_inat_2.jpg,Bottlenose Dolphin,pantropical spotted dolphin
marine,all_I=pixelate_S=3,pantropical spotted dolphin_inat_3,pantropical spotted dolphin_inat_3.jpg,Bottlenose Dolphin,pantropical spotted dolphin
marine,all_I=pixelate_S=3,pantropical spotted dolphin_inat_4,pantropical spotted dolphin_inat_4.jpg,Bottlenose Dolphin,pantropical spotted dolphin
marine,all_I=pixelate_S=3,pantropical spotted dolphin_inat_5,pantropical spotted dolphin_inat_5.jpg,Bottlenose Dolphin,pantropical spotted dolphin
marine,all_I=pixelate_S=3,pantropical spotted dolphin_inat_6,pantropical spotted dolphin_inat_6.jpg,Bottlenose Dolphin,pantropical spotted dolphin
marine,all_I=pixelate_S=3,pantropical spotted dolphin_inat_7,pantropical spotted dolphin_inat_7.jpg,Bottlenose Dolphin,pantropical spotted dolphin
marine,all_I=pixelate_S=3,pantropical spotted dolphin_inat_8,pantropical spotted dolphin_inat_8.jpg,Bottlenose Dolphin,pantropical spotted dolphin
marine,all_I=pixelate_S=3,pantropical spotted dolphin_inat_9,pantropical spotted dolphin_inat_9.jpg,Bottlenose Dolphin,pantropical spotted dolphin
marine,all_I=pixelate_S=3,ross seal_inat_1,ross seal_inat_1.jpg,Leopard Seal,ross seal
marine,all_I=pixelate_S=3,ross seal_inat_10,ross seal_inat_10.jpg,Leopard Seal,ross seal
marine,all_I=pixelate_S=3,ross seal_inat_11,ross seal_inat_11.jpg,Leopard Seal,ross seal
marine,all_I=pixelate_S=3,ross seal_inat_12,ross seal_inat_12.jpg,Leopard Seal,ross seal
marine,all_I=pixelate_S=3,ross seal_inat_13,ross seal_inat_13.jpg,Leopard Seal,ross seal
marine,all_I=pixelate_S=3,ross seal_inat_14,ross seal_inat_14.jpg,Bearded Seal,ross seal
marine,all_I=pixelate_S=3,ross seal_inat_15,ross seal_inat_15.jpg,Leopard Seal,ross seal
marine,all_I=pixelate_S=3,ross seal_inat_16,ross seal_inat_16.jpg,Leopard Seal,ross seal
marine,all_I=pixelate_S=3,ross seal_inat_17,ross seal_inat_17.jpg,None of the provided species can be classified from the image.,ross seal
marine,all_I=pixelate_S=3,ross seal_inat_18,ross seal_inat_18.jpg,Leopard Seal,ross seal
marine,all_I=pixelate_S=3,ross seal_inat_2,ross seal_inat_2.jpg,Leopard Seal,ross seal
marine,all_I=pixelate_S=3,ross seal_inat_3,ross seal_inat_3.jpg,Leopard Seal,ross seal
marine,all_I=pixelate_S=3,ross seal_inat_4,ross seal_inat_4.jpg,Leopard Seal,ross seal
marine,all_I=pixelate_S=3,ross seal_inat_5,ross seal_inat_5.jpg,Leopard Seal,ross seal
marine,all_I=pixelate_S=3,ross seal_inat_6,ross seal_inat_6.jpg,Leopard Seal,ross seal
marine,all_I=pixelate_S=3,ross seal_inat_7,ross seal_inat_7.jpg,Harp Seal,ross seal
marine,all_I=pixelate_S=3,ross seal_inat_8,ross seal_inat_8.jpg,Harp Seal,ross seal
marine,all_I=pixelate_S=3,ross seal_inat_9,ross seal_inat_9.jpg,Leopard Seal,ross seal
marine,all_I=pixelate_S=3,rough-toothed dolphin_inat_1,rough-toothed dolphin_inat_1.jpg,Bottlenose Dolphin,rough-toothed dolphin
marine,all_I=pixelate_S=3,rough-toothed dolphin_inat_10,rough-toothed dolphin_inat_10.jpg,Humpback Whale,rough-toothed dolphin
marine,all_I=pixelate_S=3,rough-toothed dolphin_inat_11,rough-toothed dolphin_inat_11.jpg,Bottlenose Dolphin,rough-toothed dolphin
marine,all_I=pixelate_S=3,rough-toothed dolphin_inat_12,rough-toothed dolphin_inat_12.jpg,Bottlenose Dolphin,rough-toothed dolphin
marine,all_I=pixelate_S=3,rough-toothed dolphin_inat_13,rough-toothed dolphin_inat_13.jpg,Bottlenose Dolphin,rough-toothed dolphin
marine,all_I=pixelate_S=3,rough-toothed dolphin_inat_14,rough-toothed dolphin_inat_14.jpg,Bottlenose Dolphin,rough-toothed dolphin
marine,all_I=pixelate_S=3,rough-toothed dolphin_inat_15,rough-toothed dolphin_inat_15.jpg,Leopard Seal,rough-toothed dolphin
marine,all_I=pixelate_S=3,rough-toothed dolphin_inat_16,rough-toothed dolphin_inat_16.jpg,Bottlenose Dolphin,rough-toothed dolphin
marine,all_I=pixelate_S=3,rough-toothed dolphin_inat_2,rough-toothed dolphin_inat_2.jpg,Bottlenose Dolphin,rough-toothed dolphin
marine,all_I=pixelate_S=3,rough-toothed dolphin_inat_3,rough-toothed dolphin_inat_3.jpg,Humpback Whale,rough-toothed dolphin
marine,all_I=pixelate_S=3,rough-toothed dolphin_inat_4,rough-toothed dolphin_inat_4.jpg,Bottlenose Dolphin,rough-toothed dolphin
marine,all_I=pixelate_S=3,rough-toothed dolphin_inat_5,rough-toothed dolphin_inat_5.jpg,Bottlenose Dolphin,rough-toothed dolphin
marine,all_I=pixelate_S=3,rough-toothed dolphin_inat_6,rough-toothed dolphin_inat_6.jpg,Bottlenose Dolphin,rough-toothed dolphin
marine,all_I=pixelate_S=3,rough-toothed dolphin_inat_7,rough-toothed dolphin_inat_7.jpg,Bottlenose Dolphin,rough-toothed dolphin
marine,all_I=pixelate_S=3,rough-toothed dolphin_inat_8,rough-toothed dolphin_inat_8.jpg,Bottlenose Dolphin,rough-toothed dolphin
marine,all_I=pixelate_S=3,rough-toothed dolphin_inat_9,rough-toothed dolphin_inat_9.jpg,Bottlenose Dolphin,rough-toothed dolphin
marine,all_I=pixelate_S=3,short-finned pacific pilot whale_inat_1,short-finned pacific pilot whale_inat_1.jpg,Killer Whale,short-finned pacific pilot whale
marine,all_I=pixelate_S=3,short-finned pacific pilot whale_inat_10,short-finned pacific pilot whale_inat_10.jpg,None of the provided species labels match the description of a fish being held in a person's hand. The image does not depict any marine species listed.,short-finned pacific pilot whale
marine,all_I=pixelate_S=3,short-finned pacific pilot whale_inat_11,short-finned pacific pilot whale_inat_11.jpg,None of the provided species labels match the image of a fish. The image does not depict any of the marine species listed.,short-finned pacific pilot whale
marine,all_I=pixelate_S=3,short-finned pacific pilot whale_inat_12,short-finned pacific pilot whale_inat_12.jpg,"None of the provided species labels match the description of a fish. The image appears to show a fish, but it is not listed among the given species.",short-finned pacific pilot whale
marine,all_I=pixelate_S=3,short-finned pacific pilot whale_inat_13,short-finned pacific pilot whale_inat_13.jpg,None of the provided species labels match the description of a fish in the image. The image does not depict any of the marine species listed.,short-finned pacific pilot whale
marine,all_I=pixelate_S=3,short-finned pacific pilot whale_inat_14,short-finned pacific pilot whale_inat_14.jpg,"None of the provided species labels match the fish shown in the image. The fish appears to be a freshwater species, possibly a type of sunfish or bass, which is not listed among the marine species in the dataset.",short-finned pacific pilot whale
marine,all_I=pixelate_S=3,short-finned pacific pilot whale_inat_15,short-finned pacific pilot whale_inat_15.jpg,False Killer Whale,short-finned pacific pilot whale
marine,all_I=pixelate_S=3,short-finned pacific pilot whale_inat_16,short-finned pacific pilot whale_inat_16.jpg,Fin Finback Whale,short-finned pacific pilot whale
marine,all_I=pixelate_S=3,short-finned pacific pilot whale_inat_17,short-finned pacific pilot whale_inat_17.jpg,False Killer Whale,short-finned pacific pilot whale
marine,all_I=pixelate_S=3,short-finned pacific pilot whale_inat_18,short-finned pacific pilot whale_inat_18.jpg,Sperm Whale,short-finned pacific pilot whale
marine,all_I=pixelate_S=3,short-finned pacific pilot whale_inat_19,short-finned pacific pilot whale_inat_19.jpg,False Killer Whale,short-finned pacific pilot whale
marine,all_I=pixelate_S=3,short-finned pacific pilot whale_inat_2,short-finned pacific pilot whale_inat_2.jpg,Bottlenose Dolphin,short-finned pacific pilot whale
marine,all_I=pixelate_S=3,short-finned pacific pilot whale_inat_20,short-finned pacific pilot whale_inat_20.jpg,Humpback Whale,short-finned pacific pilot whale
marine,all_I=pixelate_S=3,short-finned pacific pilot whale_inat_3,short-finned pacific pilot whale_inat_3.jpg,None of the provided species labels match the description of a worm.,short-finned pacific pilot whale
marine,all_I=pixelate_S=3,short-finned pacific pilot whale_inat_4,short-finned pacific pilot whale_inat_4.jpg,Bottlenose Dolphin,short-finned pacific pilot whale
marine,all_I=pixelate_S=3,short-finned pacific pilot whale_inat_5,short-finned pacific pilot whale_inat_5.jpg,Bottlenose Dolphin,short-finned pacific pilot whale
marine,all_I=pixelate_S=3,short-finned pacific pilot whale_inat_6,short-finned pacific pilot whale_inat_6.jpg,Atlantic Spotted Dolphin,short-finned pacific pilot whale
marine,all_I=pixelate_S=3,short-finned pacific pilot whale_inat_7,short-finned pacific pilot whale_inat_7.jpg,Narwhal,short-finned pacific pilot whale
marine,all_I=pixelate_S=3,short-finned pacific pilot whale_inat_8,short-finned pacific pilot whale_inat_8.jpg,False Killer Whale,short-finned pacific pilot whale
marine,all_I=pixelate_S=3,short-finned pacific pilot whale_inat_9,short-finned pacific pilot whale_inat_9.jpg,Sperm Whale,short-finned pacific pilot whale
marine,all_I=pixelate_S=3,southern right whale_inat_1,southern right whale_inat_1.jpg,Bottlenose Dolphin,southern right whale
marine,all_I=pixelate_S=3,southern right whale_inat_10,southern right whale_inat_10.jpg,False Killer Whale,southern right whale
marine,all_I=pixelate_S=3,southern right whale_inat_11,southern right whale_inat_11.jpg,Bottlenose Dolphin,southern right whale
marine,all_I=pixelate_S=3,southern right whale_inat_12,southern right whale_inat_12.jpg,White-beaked Dolphin,southern right whale
marine,all_I=pixelate_S=3,southern right whale_inat_13,southern right whale_inat_13.jpg,Killer Whale,southern right whale
marine,all_I=pixelate_S=3,southern right whale_inat_14,southern right whale_inat_14.jpg,Humpback Whale,southern right whale
marine,all_I=pixelate_S=3,southern right whale_inat_15,southern right whale_inat_15.jpg,Humpback Whale,southern right whale
marine,all_I=pixelate_S=3,southern right whale_inat_16,southern right whale_inat_16.jpg,False Killer Whale,southern right whale
marine,all_I=pixelate_S=3,southern right whale_inat_2,southern right whale_inat_2.jpg,Humpback Whale,southern right whale
marine,all_I=pixelate_S=3,southern right whale_inat_3,southern right whale_inat_3.jpg,Bottlenose Dolphin,southern right whale
marine,all_I=pixelate_S=3,southern right whale_inat_4,southern right whale_inat_4.jpg,Bottlenose Dolphin,southern right whale
marine,all_I=pixelate_S=3,southern right whale_inat_5,southern right whale_inat_5.jpg,Bottlenose Dolphin,southern right whale
marine,all_I=pixelate_S=3,southern right whale_inat_6,southern right whale_inat_6.jpg,White-beaked Dolphin,southern right whale
marine,all_I=pixelate_S=3,southern right whale_inat_7,southern right whale_inat_7.jpg,Bottlenose Dolphin,southern right whale
marine,all_I=pixelate_S=3,southern right whale_inat_8,southern right whale_inat_8.jpg,False Killer Whale,southern right whale
marine,all_I=pixelate_S=3,southern right whale_inat_9,southern right whale_inat_9.jpg,False Killer Whale,southern right whale
marine,all_I=pixelate_S=3,sperm whale_matched_1,sperm whale_matched_1.jpg,Sperm Whale,sperm whale
marine,all_I=pixelate_S=3,sperm whale_matched_10,sperm whale_matched_10.jpg,Sperm Whale,sperm whale
marine,all_I=pixelate_S=3,sperm whale_matched_11,sperm whale_matched_11.jpg,False Killer Whale,sperm whale
marine,all_I=pixelate_S=3,sperm whale_matched_12,sperm whale_matched_12.jpg,Fin Finback Whale,sperm whale
marine,all_I=pixelate_S=3,sperm whale_matched_13,sperm whale_matched_13.jpg,Fin Finback Whale,sperm whale
marine,all_I=pixelate_S=3,sperm whale_matched_14,sperm whale_matched_14.jpg,Fin Finback Whale,sperm whale
marine,all_I=pixelate_S=3,sperm whale_matched_15,sperm whale_matched_15.jpg,Sperm Whale,sperm whale
marine,all_I=pixelate_S=3,sperm whale_matched_16,sperm whale_matched_16.jpg,Sperm Whale,sperm whale
marine,all_I=pixelate_S=3,sperm whale_matched_2,sperm whale_matched_2.jpg,Sperm Whale,sperm whale
marine,all_I=pixelate_S=3,sperm whale_matched_3,sperm whale_matched_3.jpg,Fin Finback Whale,sperm whale
marine,all_I=pixelate_S=3,sperm whale_matched_4,sperm whale_matched_4.jpg,Sperm Whale,sperm whale
marine,all_I=pixelate_S=3,sperm whale_matched_5,sperm whale_matched_5.jpg,Sperm Whale,sperm whale
marine,all_I=pixelate_S=3,sperm whale_matched_6,sperm whale_matched_6.jpg,Humpback Whale,sperm whale
marine,all_I=pixelate_S=3,sperm whale_matched_7,sperm whale_matched_7.jpg,Sperm Whale,sperm whale
marine,all_I=pixelate_S=3,sperm whale_matched_8,sperm whale_matched_8.jpg,Sperm Whale,sperm whale
marine,all_I=pixelate_S=3,sperm whale_matched_9,sperm whale_matched_9.jpg,Whale Shark,sperm whale
marine,all_I=pixelate_S=3,spinner dolphin_matched_1,spinner dolphin_matched_1.jpg,Bottlenose Dolphin,spinner dolphin
marine,all_I=pixelate_S=3,spinner dolphin_matched_10,spinner dolphin_matched_10.jpg,Bottlenose Dolphin,spinner dolphin
marine,all_I=pixelate_S=3,spinner dolphin_matched_11,spinner dolphin_matched_11.jpg,Bottlenose Dolphin,spinner dolphin
marine,all_I=pixelate_S=3,spinner dolphin_matched_12,spinner dolphin_matched_12.jpg,Bottlenose Dolphin,spinner dolphin
marine,all_I=pixelate_S=3,spinner dolphin_matched_13,spinner dolphin_matched_13.jpg,Bottlenose Dolphin,spinner dolphin
marine,all_I=pixelate_S=3,spinner dolphin_matched_14,spinner dolphin_matched_14.jpg,Bottlenose Dolphin,spinner dolphin
marine,all_I=pixelate_S=3,spinner dolphin_matched_15,spinner dolphin_matched_15.jpg,Bottlenose Dolphin,spinner dolphin
marine,all_I=pixelate_S=3,spinner dolphin_matched_16,spinner dolphin_matched_16.jpg,Common Dolphin,spinner dolphin
marine,all_I=pixelate_S=3,spinner dolphin_matched_17,spinner dolphin_matched_17.jpg,Bottlenose Dolphin,spinner dolphin
marine,all_I=pixelate_S=3,spinner dolphin_matched_18,spinner dolphin_matched_18.jpg,Bottlenose Dolphin,spinner dolphin
marine,all_I=pixelate_S=3,spinner dolphin_matched_2,spinner dolphin_matched_2.jpg,Bottlenose Dolphin,spinner dolphin
marine,all_I=pixelate_S=3,spinner dolphin_matched_3,spinner dolphin_matched_3.jpg,Common Dolphin,spinner dolphin
marine,all_I=pixelate_S=3,spinner dolphin_matched_4,spinner dolphin_matched_4.jpg,Bottlenose Dolphin,spinner dolphin
marine,all_I=pixelate_S=3,spinner dolphin_matched_5,spinner dolphin_matched_5.jpg,Bottlenose Dolphin,spinner dolphin
marine,all_I=pixelate_S=3,spinner dolphin_matched_6,spinner dolphin_matched_6.jpg,Bottlenose Dolphin,spinner dolphin
marine,all_I=pixelate_S=3,spinner dolphin_matched_7,spinner dolphin_matched_7.jpg,Bottlenose Dolphin,spinner dolphin
marine,all_I=pixelate_S=3,spinner dolphin_matched_8,spinner dolphin_matched_8.jpg,Bottlenose Dolphin,spinner dolphin
marine,all_I=pixelate_S=3,spinner dolphin_matched_9,spinner dolphin_matched_9.jpg,Bottlenose Dolphin,spinner dolphin
marine,all_I=pixelate_S=3,striped dolphin_matched_1,striped dolphin_matched_1.jpg,Bottlenose Dolphin,striped dolphin
marine,all_I=pixelate_S=3,striped dolphin_matched_10,striped dolphin_matched_10.jpg,Common Dolphin,striped dolphin
marine,all_I=pixelate_S=3,striped dolphin_matched_11,striped dolphin_matched_11.jpg,Bottlenose Dolphin,striped dolphin
marine,all_I=pixelate_S=3,striped dolphin_matched_12,striped dolphin_matched_12.jpg,Bottlenose Dolphin,striped dolphin
marine,all_I=pixelate_S=3,striped dolphin_matched_13,striped dolphin_matched_13.jpg,Bottlenose Dolphin,striped dolphin
marine,all_I=pixelate_S=3,striped dolphin_matched_14,striped dolphin_matched_14.jpg,Bottlenose Dolphin,striped dolphin
marine,all_I=pixelate_S=3,striped dolphin_matched_15,striped dolphin_matched_15.jpg,Bottlenose Dolphin,striped dolphin
marine,all_I=pixelate_S=3,striped dolphin_matched_16,striped dolphin_matched_16.jpg,Bottlenose Dolphin,striped dolphin
marine,all_I=pixelate_S=3,striped dolphin_matched_17,striped dolphin_matched_17.jpg,Bottlenose Dolphin,striped dolphin
marine,all_I=pixelate_S=3,striped dolphin_matched_18,striped dolphin_matched_18.jpg,False Killer Whale,striped dolphin
marine,all_I=pixelate_S=3,striped dolphin_matched_19,striped dolphin_matched_19.jpg,Bottlenose Dolphin,striped dolphin
marine,all_I=pixelate_S=3,striped dolphin_matched_2,striped dolphin_matched_2.jpg,Bottlenose Dolphin,striped dolphin
marine,all_I=pixelate_S=3,striped dolphin_matched_20,striped dolphin_matched_20.jpg,Bottlenose Dolphin,striped dolphin
marine,all_I=pixelate_S=3,striped dolphin_matched_21,striped dolphin_matched_21.jpg,Bottlenose Dolphin,striped dolphin
marine,all_I=pixelate_S=3,striped dolphin_matched_22,striped dolphin_matched_22.jpg,Bottlenose Dolphin,striped dolphin
marine,all_I=pixelate_S=3,striped dolphin_matched_23,striped dolphin_matched_23.jpg,Striped Dolphin,striped dolphin
marine,all_I=pixelate_S=3,striped dolphin_matched_24,striped dolphin_matched_24.jpg,Common Dolphin,striped dolphin
marine,all_I=pixelate_S=3,striped dolphin_matched_25,striped dolphin_matched_25.jpg,Bottlenose Dolphin,striped dolphin
marine,all_I=pixelate_S=3,striped dolphin_matched_26,striped dolphin_matched_26.jpg,Bottlenose Dolphin,striped dolphin
marine,all_I=pixelate_S=3,striped dolphin_matched_27,striped dolphin_matched_27.jpg,Bottlenose Dolphin,striped dolphin
marine,all_I=pixelate_S=3,striped dolphin_matched_28,striped dolphin_matched_28.jpg,Common Dolphin,striped dolphin
marine,all_I=pixelate_S=3,striped dolphin_matched_29,striped dolphin_matched_29.jpg,Bottlenose Dolphin,striped dolphin
marine,all_I=pixelate_S=3,striped dolphin_matched_3,striped dolphin_matched_3.jpg,Bottlenose Dolphin,striped dolphin
marine,all_I=pixelate_S=3,striped dolphin_matched_30,striped dolphin_matched_30.jpg,Bottlenose Dolphin,striped dolphin
marine,all_I=pixelate_S=3,striped dolphin_matched_31,striped dolphin_matched_31.jpg,Bottlenose Dolphin,striped dolphin
marine,all_I=pixelate_S=3,striped dolphin_matched_32,striped dolphin_matched_32.jpg,Bottlenose Dolphin,striped dolphin
marine,all_I=pixelate_S=3,striped dolphin_matched_33,striped dolphin_matched_33.jpg,Bottlenose Dolphin,striped dolphin
marine,all_I=pixelate_S=3,striped dolphin_matched_4,striped dolphin_matched_4.jpg,Bottlenose Dolphin,striped dolphin
marine,all_I=pixelate_S=3,striped dolphin_matched_5,striped dolphin_matched_5.jpg,Killer Whale,striped dolphin
marine,all_I=pixelate_S=3,striped dolphin_matched_6,striped dolphin_matched_6.jpg,Bottlenose Dolphin,striped dolphin
marine,all_I=pixelate_S=3,striped dolphin_matched_7,striped dolphin_matched_7.jpg,Bottlenose Dolphin,striped dolphin
marine,all_I=pixelate_S=3,striped dolphin_matched_8,striped dolphin_matched_8.jpg,Bottlenose Dolphin,striped dolphin
marine,all_I=pixelate_S=3,striped dolphin_matched_9,striped dolphin_matched_9.jpg,Bottlenose Dolphin,striped dolphin
marine,all_I=pixelate_S=3,walrus_matched_1,walrus_matched_1.jpg,Walrus,walrus
marine,all_I=pixelate_S=3,walrus_matched_10,walrus_matched_10.jpg,Walrus,walrus
marine,all_I=pixelate_S=3,walrus_matched_11,walrus_matched_11.jpg,Walrus,walrus
marine,all_I=pixelate_S=3,walrus_matched_12,walrus_matched_12.jpg,Walrus,walrus
marine,all_I=pixelate_S=3,walrus_matched_13,walrus_matched_13.jpg,Walrus,walrus
marine,all_I=pixelate_S=3,walrus_matched_14,walrus_matched_14.jpg,Walrus,walrus
marine,all_I=pixelate_S=3,walrus_matched_15,walrus_matched_15.jpg,Walrus,walrus
marine,all_I=pixelate_S=3,walrus_matched_16,walrus_matched_16.jpg,Walrus,walrus
marine,all_I=pixelate_S=3,walrus_matched_17,walrus_matched_17.jpg,Walrus,walrus
marine,all_I=pixelate_S=3,walrus_matched_18,walrus_matched_18.jpg,Walrus,walrus
marine,all_I=pixelate_S=3,walrus_matched_19,walrus_matched_19.jpg,Walrus,walrus
marine,all_I=pixelate_S=3,walrus_matched_2,walrus_matched_2.jpg,Walrus,walrus
marine,all_I=pixelate_S=3,walrus_matched_20,walrus_matched_20.jpg,Walrus,walrus
marine,all_I=pixelate_S=3,walrus_matched_21,walrus_matched_21.jpg,Walrus,walrus
marine,all_I=pixelate_S=3,walrus_matched_22,walrus_matched_22.jpg,Walrus,walrus
marine,all_I=pixelate_S=3,walrus_matched_23,walrus_matched_23.jpg,Walrus,walrus
marine,all_I=pixelate_S=3,walrus_matched_24,walrus_matched_24.jpg,Walrus,walrus
marine,all_I=pixelate_S=3,walrus_matched_25,walrus_matched_25.jpg,Walrus,walrus
marine,all_I=pixelate_S=3,walrus_matched_26,walrus_matched_26.jpg,Walrus,walrus
marine,all_I=pixelate_S=3,walrus_matched_27,walrus_matched_27.jpg,Leopard Seal,walrus
marine,all_I=pixelate_S=3,walrus_matched_28,walrus_matched_28.jpg,Walrus,walrus
marine,all_I=pixelate_S=3,walrus_matched_29,walrus_matched_29.jpg,Narwhal,walrus
marine,all_I=pixelate_S=3,walrus_matched_3,walrus_matched_3.jpg,Walrus,walrus
marine,all_I=pixelate_S=3,walrus_matched_30,walrus_matched_30.jpg,Walrus,walrus
marine,all_I=pixelate_S=3,walrus_matched_31,walrus_matched_31.jpg,Bottlenose Dolphin,walrus
marine,all_I=pixelate_S=3,walrus_matched_32,walrus_matched_32.jpg,Walrus,walrus
marine,all_I=pixelate_S=3,walrus_matched_33,walrus_matched_33.jpg,Walrus,walrus
marine,all_I=pixelate_S=3,walrus_matched_34,walrus_matched_34.jpg,Walrus,walrus
marine,all_I=pixelate_S=3,walrus_matched_35,walrus_matched_35.jpg,Walrus,walrus
marine,all_I=pixelate_S=3,walrus_matched_36,walrus_matched_36.jpg,Walrus,walrus
marine,all_I=pixelate_S=3,walrus_matched_4,walrus_matched_4.jpg,Walrus,walrus
marine,all_I=pixelate_S=3,walrus_matched_5,walrus_matched_5.jpg,Leopard Seal,walrus
marine,all_I=pixelate_S=3,walrus_matched_6,walrus_matched_6.jpg,Walrus,walrus
marine,all_I=pixelate_S=3,walrus_matched_7,walrus_matched_7.jpg,Bottlenose Dolphin,walrus
marine,all_I=pixelate_S=3,walrus_matched_8,walrus_matched_8.jpg,Walrus,walrus
marine,all_I=pixelate_S=3,walrus_matched_9,walrus_matched_9.jpg,Bottlenose Dolphin,walrus
marine,all_I=pixelate_S=3,weddell seal_matched_1,weddell seal_matched_1.jpg,Leopard Seal,weddell seal
marine,all_I=pixelate_S=3,weddell seal_matched_10,weddell seal_matched_10.jpg,Leopard Seal,weddell seal
marine,all_I=pixelate_S=3,weddell seal_matched_11,weddell seal_matched_11.jpg,Leopard Seal,weddell seal
marine,all_I=pixelate_S=3,weddell seal_matched_12,weddell seal_matched_12.jpg,Harper Seal,weddell seal
marine,all_I=pixelate_S=3,weddell seal_matched_13,weddell seal_matched_13.jpg,Leopard Seal,weddell seal
marine,all_I=pixelate_S=3,weddell seal_matched_14,weddell seal_matched_14.jpg,Harp Seal,weddell seal
marine,all_I=pixelate_S=3,weddell seal_matched_15,weddell seal_matched_15.jpg,Harper Seal,weddell seal
marine,all_I=pixelate_S=3,weddell seal_matched_16,weddell seal_matched_16.jpg,Leopard Seal,weddell seal
marine,all_I=pixelate_S=3,weddell seal_matched_2,weddell seal_matched_2.jpg,Leopard Seal,weddell seal
marine,all_I=pixelate_S=3,weddell seal_matched_3,weddell seal_matched_3.jpg,Harper Seal,weddell seal
marine,all_I=pixelate_S=3,weddell seal_matched_4,weddell seal_matched_4.jpg,Harp Seal,weddell seal
marine,all_I=pixelate_S=3,weddell seal_matched_5,weddell seal_matched_5.jpg,Harper Seal,weddell seal
marine,all_I=pixelate_S=3,weddell seal_matched_6,weddell seal_matched_6.jpg,Leopard Seal,weddell seal
marine,all_I=pixelate_S=3,weddell seal_matched_7,weddell seal_matched_7.jpg,Leopard Seal,weddell seal
marine,all_I=pixelate_S=3,weddell seal_matched_8,weddell seal_matched_8.jpg,Leopard Seal,weddell seal
marine,all_I=pixelate_S=3,weddell seal_matched_9,weddell seal_matched_9.jpg,Harp Seal,weddell seal
marine,all_I=pixelate_S=3,white-beaked dolphin_matched_1,white-beaked dolphin_matched_1.jpg,Common Dolphin,white-beaked dolphin
marine,all_I=pixelate_S=3,white-beaked dolphin_matched_10,white-beaked dolphin_matched_10.jpg,Common Dolphin,white-beaked dolphin
marine,all_I=pixelate_S=3,white-beaked dolphin_matched_11,white-beaked dolphin_matched_11.jpg,Bottlenose Dolphin,white-beaked dolphin
marine,all_I=pixelate_S=3,white-beaked dolphin_matched_12,white-beaked dolphin_matched_12.jpg,False Killer Whale,white-beaked dolphin
marine,all_I=pixelate_S=3,white-beaked dolphin_matched_13,white-beaked dolphin_matched_13.jpg,False Killer Whale,white-beaked dolphin
marine,all_I=pixelate_S=3,white-beaked dolphin_matched_14,white-beaked dolphin_matched_14.jpg,False Killer Whale,white-beaked dolphin
marine,all_I=pixelate_S=3,white-beaked dolphin_matched_15,white-beaked dolphin_matched_15.jpg,Bottlenose Dolphin,white-beaked dolphin
marine,all_I=pixelate_S=3,white-beaked dolphin_matched_16,white-beaked dolphin_matched_16.jpg,Bottlenose Dolphin,white-beaked dolphin
marine,all_I=pixelate_S=3,white-beaked dolphin_matched_2,white-beaked dolphin_matched_2.jpg,White-beaked Dolphin,white-beaked dolphin
marine,all_I=pixelate_S=3,white-beaked dolphin_matched_3,white-beaked dolphin_matched_3.jpg,False Killer Whale,white-beaked dolphin
marine,all_I=pixelate_S=3,white-beaked dolphin_matched_4,white-beaked dolphin_matched_4.jpg,False Killer Whale,white-beaked dolphin
marine,all_I=pixelate_S=3,white-beaked dolphin_matched_5,white-beaked dolphin_matched_5.jpg,Bottlenose Dolphin,white-beaked dolphin
marine,all_I=pixelate_S=3,white-beaked dolphin_matched_6,white-beaked dolphin_matched_6.jpg,Bottlenose Dolphin,white-beaked dolphin
marine,all_I=pixelate_S=3,white-beaked dolphin_matched_7,white-beaked dolphin_matched_7.jpg,False Killer Whale,white-beaked dolphin
marine,all_I=pixelate_S=3,white-beaked dolphin_matched_8,white-beaked dolphin_matched_8.jpg,Bottlenose Dolphin,white-beaked dolphin
marine,all_I=pixelate_S=3,white-beaked dolphin_matched_9,white-beaked dolphin_matched_9.jpg,False Killer Whale,white-beaked dolphin
marine,all_I=pixelate_S=3,white-sided dolphin_inat_1,white-sided dolphin_inat_1.jpg,Bottlenose Dolphin,white-sided dolphin
marine,all_I=pixelate_S=3,white-sided dolphin_inat_10,white-sided dolphin_inat_10.jpg,White-beaked Dolphin,white-sided dolphin
marine,all_I=pixelate_S=3,white-sided dolphin_inat_11,white-sided dolphin_inat_11.jpg,Bottlenose Dolphin,white-sided dolphin
marine,all_I=pixelate_S=3,white-sided dolphin_inat_12,white-sided dolphin_inat_12.jpg,Bottlenose Dolphin,white-sided dolphin
marine,all_I=pixelate_S=3,white-sided dolphin_inat_13,white-sided dolphin_inat_13.jpg,Bottlenose Dolphin,white-sided dolphin
marine,all_I=pixelate_S=3,white-sided dolphin_inat_14,white-sided dolphin_inat_14.jpg,Bottlenose Dolphin,white-sided dolphin
marine,all_I=pixelate_S=3,white-sided dolphin_inat_15,white-sided dolphin_inat_15.jpg,Bottlenose Dolphin,white-sided dolphin
marine,all_I=pixelate_S=3,white-sided dolphin_inat_16,white-sided dolphin_inat_16.jpg,Bottlenose Dolphin,white-sided dolphin
marine,all_I=pixelate_S=3,white-sided dolphin_inat_2,white-sided dolphin_inat_2.jpg,Bottlenose Dolphin,white-sided dolphin
marine,all_I=pixelate_S=3,white-sided dolphin_inat_3,white-sided dolphin_inat_3.jpg,Bottlenose Dolphin,white-sided dolphin
marine,all_I=pixelate_S=3,white-sided dolphin_inat_4,white-sided dolphin_inat_4.jpg,Bottlenose Dolphin,white-sided dolphin
marine,all_I=pixelate_S=3,white-sided dolphin_inat_5,white-sided dolphin_inat_5.jpg,Bottlenose Dolphin,white-sided dolphin
marine,all_I=pixelate_S=3,white-sided dolphin_inat_6,white-sided dolphin_inat_6.jpg,Bottlenose Dolphin,white-sided dolphin
marine,all_I=pixelate_S=3,white-sided dolphin_inat_7,white-sided dolphin_inat_7.jpg,False Killer Whale,white-sided dolphin
marine,all_I=pixelate_S=3,white-sided dolphin_inat_8,white-sided dolphin_inat_8.jpg,Beluga White Whale,white-sided dolphin
marine,all_I=pixelate_S=3,white-sided dolphin_inat_9,white-sided dolphin_inat_9.jpg,Bottlenose Dolphin,white-sided dolphin
marine,all_I=scale_down_S=3,atlantic spotted dolphin_matched_1,atlantic spotted dolphin_matched_1.jpg,Pantropical Spotted Dolphin,atlantic spotted dolphin
marine,all_I=scale_down_S=3,atlantic spotted dolphin_matched_10,atlantic spotted dolphin_matched_10.jpg,Pantropical Spotted Dolphin,atlantic spotted dolphin
marine,all_I=scale_down_S=3,atlantic spotted dolphin_matched_11,atlantic spotted dolphin_matched_11.jpg,Bottlenose Dolphin,atlantic spotted dolphin
marine,all_I=scale_down_S=3,atlantic spotted dolphin_matched_12,atlantic spotted dolphin_matched_12.jpg,Leopard Seal,atlantic spotted dolphin
marine,all_I=scale_down_S=3,atlantic spotted dolphin_matched_13,atlantic spotted dolphin_matched_13.jpg,Clymene Dolphin,atlantic spotted dolphin
marine,all_I=scale_down_S=3,atlantic spotted dolphin_matched_14,atlantic spotted dolphin_matched_14.jpg,Pantropical Spotted Dolphin,atlantic spotted dolphin
marine,all_I=scale_down_S=3,atlantic spotted dolphin_matched_15,atlantic spotted dolphin_matched_15.jpg,Bottlenose Dolphin,atlantic spotted dolphin
marine,all_I=scale_down_S=3,atlantic spotted dolphin_matched_16,atlantic spotted dolphin_matched_16.jpg,Bottlenose Dolphin,atlantic spotted dolphin
marine,all_I=scale_down_S=3,atlantic spotted dolphin_matched_17,atlantic spotted dolphin_matched_17.jpg,Bottlenose Dolphin,atlantic spotted dolphin
marine,all_I=scale_down_S=3,atlantic spotted dolphin_matched_18,atlantic spotted dolphin_matched_18.jpg,Clymene Dolphin,atlantic spotted dolphin
marine,all_I=scale_down_S=3,atlantic spotted dolphin_matched_19,atlantic spotted dolphin_matched_19.jpg,Bottlenose Dolphin,atlantic spotted dolphin
marine,all_I=scale_down_S=3,atlantic spotted dolphin_matched_2,atlantic spotted dolphin_matched_2.jpg,Bottlenose Dolphin,atlantic spotted dolphin
marine,all_I=scale_down_S=3,atlantic spotted dolphin_matched_20,atlantic spotted dolphin_matched_20.jpg,Pantropical Spotted Dolphin,atlantic spotted dolphin
marine,all_I=scale_down_S=3,atlantic spotted dolphin_matched_21,atlantic spotted dolphin_matched_21.jpg,Bottlenose Dolphin,atlantic spotted dolphin
marine,all_I=scale_down_S=3,atlantic spotted dolphin_matched_22,atlantic spotted dolphin_matched_22.jpg,Pantropical Spotted Dolphin,atlantic spotted dolphin
marine,all_I=scale_down_S=3,atlantic spotted dolphin_matched_23,atlantic spotted dolphin_matched_23.jpg,Clymene Dolphin,atlantic spotted dolphin
marine,all_I=scale_down_S=3,atlantic spotted dolphin_matched_3,atlantic spotted dolphin_matched_3.jpg,Bottlenose Dolphin,atlantic spotted dolphin
marine,all_I=scale_down_S=3,atlantic spotted dolphin_matched_4,atlantic spotted dolphin_matched_4.jpg,Bottlenose Dolphin,atlantic spotted dolphin
marine,all_I=scale_down_S=3,atlantic spotted dolphin_matched_5,atlantic spotted dolphin_matched_5.jpg,Clymene Dolphin,atlantic spotted dolphin
marine,all_I=scale_down_S=3,atlantic spotted dolphin_matched_6,atlantic spotted dolphin_matched_6.jpg,Pantropical Spotted Dolphin,atlantic spotted dolphin
marine,all_I=scale_down_S=3,atlantic spotted dolphin_matched_7,atlantic spotted dolphin_matched_7.jpg,Bottlenose Dolphin,atlantic spotted dolphin
marine,all_I=scale_down_S=3,atlantic spotted dolphin_matched_8,atlantic spotted dolphin_matched_8.jpg,Bottlenose Dolphin,atlantic spotted dolphin
marine,all_I=scale_down_S=3,atlantic spotted dolphin_matched_9,atlantic spotted dolphin_matched_9.jpg,Common Dolphin,atlantic spotted dolphin
marine,all_I=scale_down_S=3,bearded seal_inat_1,bearded seal_inat_1.jpg,Harp Seal,bearded seal
marine,all_I=scale_down_S=3,bearded seal_inat_10,bearded seal_inat_10.jpg,Harper Seal,bearded seal
marine,all_I=scale_down_S=3,bearded seal_inat_11,bearded seal_inat_11.jpg,Leopard Seal,bearded seal
marine,all_I=scale_down_S=3,bearded seal_inat_12,bearded seal_inat_12.jpg,Harp Seal,bearded seal
marine,all_I=scale_down_S=3,bearded seal_inat_13,bearded seal_inat_13.jpg,Harbor Seal,bearded seal
marine,all_I=scale_down_S=3,bearded seal_inat_14,bearded seal_inat_14.jpg,Leopard Seal,bearded seal
marine,all_I=scale_down_S=3,bearded seal_inat_15,bearded seal_inat_15.jpg,Leopard Seal,bearded seal
marine,all_I=scale_down_S=3,bearded seal_inat_16,bearded seal_inat_16.jpg,Leopard Seal,bearded seal
marine,all_I=scale_down_S=3,bearded seal_inat_2,bearded seal_inat_2.jpg,Harp Seal,bearded seal
marine,all_I=scale_down_S=3,bearded seal_inat_3,bearded seal_inat_3.jpg,Harp Seal,bearded seal
marine,all_I=scale_down_S=3,bearded seal_inat_4,bearded seal_inat_4.jpg,Leopard Seal,bearded seal
marine,all_I=scale_down_S=3,bearded seal_inat_5,bearded seal_inat_5.jpg,Harp Seal,bearded seal
marine,all_I=scale_down_S=3,bearded seal_inat_6,bearded seal_inat_6.jpg,Bearded Seal,bearded seal
marine,all_I=scale_down_S=3,bearded seal_inat_7,bearded seal_inat_7.jpg,Leopard Seal,bearded seal
marine,all_I=scale_down_S=3,bearded seal_inat_8,bearded seal_inat_8.jpg,Walrus,bearded seal
marine,all_I=scale_down_S=3,bearded seal_inat_9,bearded seal_inat_9.jpg,Leopard Seal,bearded seal
marine,all_I=scale_down_S=3,beluga white whale_inat_1,beluga white whale_inat_1.jpg,Beluga White Whale,beluga white whale
marine,all_I=scale_down_S=3,beluga white whale_inat_10,beluga white whale_inat_10.jpg,Beluga White Whale,beluga white whale
marine,all_I=scale_down_S=3,beluga white whale_inat_11,beluga white whale_inat_11.jpg,Beluga White Whale,beluga white whale
marine,all_I=scale_down_S=3,beluga white whale_inat_12,beluga white whale_inat_12.jpg,Humpback Whale,beluga white whale
marine,all_I=scale_down_S=3,beluga white whale_inat_13,beluga white whale_inat_13.jpg,Beluga White Whale,beluga white whale
marine,all_I=scale_down_S=3,beluga white whale_inat_14,beluga white whale_inat_14.jpg,Beluga White Whale,beluga white whale
marine,all_I=scale_down_S=3,beluga white whale_inat_15,beluga white whale_inat_15.jpg,Beluga White Whale,beluga white whale
marine,all_I=scale_down_S=3,beluga white whale_inat_16,beluga white whale_inat_16.jpg,Beluga White Whale,beluga white whale
marine,all_I=scale_down_S=3,beluga white whale_inat_2,beluga white whale_inat_2.jpg,Beluga White Whale,beluga white whale
marine,all_I=scale_down_S=3,beluga white whale_inat_3,beluga white whale_inat_3.jpg,Beluga White Whale,beluga white whale
marine,all_I=scale_down_S=3,beluga white whale_inat_4,beluga white whale_inat_4.jpg,Beluga White Whale,beluga white whale
marine,all_I=scale_down_S=3,beluga white whale_inat_5,beluga white whale_inat_5.jpg,False Killer Whale,beluga white whale
marine,all_I=scale_down_S=3,beluga white whale_inat_6,beluga white whale_inat_6.jpg,White-beaked Dolphin,beluga white whale
marine,all_I=scale_down_S=3,beluga white whale_inat_7,beluga white whale_inat_7.jpg,White-beaked Dolphin,beluga white whale
marine,all_I=scale_down_S=3,beluga white whale_inat_8,beluga white whale_inat_8.jpg,False Killer Whale,beluga white whale
marine,all_I=scale_down_S=3,beluga white whale_inat_9,beluga white whale_inat_9.jpg,Beluga White Whale,beluga white whale
marine,all_I=scale_down_S=3,bottlenose dolphin_inat_1,bottlenose dolphin_inat_1.jpg,Killer Whale,bottlenose dolphin
marine,all_I=scale_down_S=3,bottlenose dolphin_inat_10,bottlenose dolphin_inat_10.jpg,Bottlenose Dolphin,bottlenose dolphin
marine,all_I=scale_down_S=3,bottlenose dolphin_inat_11,bottlenose dolphin_inat_11.jpg,Bottlenose Dolphin,bottlenose dolphin
marine,all_I=scale_down_S=3,bottlenose dolphin_inat_12,bottlenose dolphin_inat_12.jpg,Common Dolphin,bottlenose dolphin
marine,all_I=scale_down_S=3,bottlenose dolphin_inat_13,bottlenose dolphin_inat_13.jpg,Bottlenose Dolphin,bottlenose dolphin
marine,all_I=scale_down_S=3,bottlenose dolphin_inat_14,bottlenose dolphin_inat_14.jpg,Bottlenose Dolphin,bottlenose dolphin
marine,all_I=scale_down_S=3,bottlenose dolphin_inat_15,bottlenose dolphin_inat_15.jpg,Bottlenose Dolphin,bottlenose dolphin
marine,all_I=scale_down_S=3,bottlenose dolphin_inat_16,bottlenose dolphin_inat_16.jpg,Bottlenose Dolphin,bottlenose dolphin
marine,all_I=scale_down_S=3,bottlenose dolphin_inat_2,bottlenose dolphin_inat_2.jpg,False Killer Whale,bottlenose dolphin
marine,all_I=scale_down_S=3,bottlenose dolphin_inat_3,bottlenose dolphin_inat_3.jpg,Bottlenose Dolphin,bottlenose dolphin
marine,all_I=scale_down_S=3,bottlenose dolphin_inat_4,bottlenose dolphin_inat_4.jpg,Bottlenose Dolphin,bottlenose dolphin
marine,all_I=scale_down_S=3,bottlenose dolphin_inat_5,bottlenose dolphin_inat_5.jpg,Common Dolphin,bottlenose dolphin
marine,all_I=scale_down_S=3,bottlenose dolphin_inat_6,bottlenose dolphin_inat_6.jpg,Bottlenose Dolphin,bottlenose dolphin
marine,all_I=scale_down_S=3,bottlenose dolphin_inat_7,bottlenose dolphin_inat_7.jpg,Bottlenose Dolphin,bottlenose dolphin
marine,all_I=scale_down_S=3,bottlenose dolphin_inat_8,bottlenose dolphin_inat_8.jpg,Bottlenose Dolphin,bottlenose dolphin
marine,all_I=scale_down_S=3,bottlenose dolphin_inat_9,bottlenose dolphin_inat_9.jpg,Bottlenose Dolphin,bottlenose dolphin
marine,all_I=scale_down_S=3,bowhead whale_matched_1,bowhead whale_matched_1.jpg,Bowhead Whale,bowhead whale
marine,all_I=scale_down_S=3,bowhead whale_matched_10,bowhead whale_matched_10.jpg,Bowhead Whale,bowhead whale
marine,all_I=scale_down_S=3,bowhead whale_matched_11,bowhead whale_matched_11.jpg,Bowhead Whale,bowhead whale
marine,all_I=scale_down_S=3,bowhead whale_matched_12,bowhead whale_matched_12.jpg,Bowhead Whale,bowhead whale
marine,all_I=scale_down_S=3,bowhead whale_matched_13,bowhead whale_matched_13.jpg,Bowhead Whale,bowhead whale
marine,all_I=scale_down_S=3,bowhead whale_matched_14,bowhead whale_matched_14.jpg,Killer Whale,bowhead whale
marine,all_I=scale_down_S=3,bowhead whale_matched_15,bowhead whale_matched_15.jpg,Fin Finback Whale,bowhead whale
marine,all_I=scale_down_S=3,bowhead whale_matched_16,bowhead whale_matched_16.jpg,Bowhead Whale,bowhead whale
marine,all_I=scale_down_S=3,bowhead whale_matched_2,bowhead whale_matched_2.jpg,Fin Finback Whale,bowhead whale
marine,all_I=scale_down_S=3,bowhead whale_matched_3,bowhead whale_matched_3.jpg,Fin Finback Whale,bowhead whale
marine,all_I=scale_down_S=3,bowhead whale_matched_4,bowhead whale_matched_4.jpg,Bowhead Whale,bowhead whale
marine,all_I=scale_down_S=3,bowhead whale_matched_5,bowhead whale_matched_5.jpg,Fin Finback Whale,bowhead whale
marine,all_I=scale_down_S=3,bowhead whale_matched_6,bowhead whale_matched_6.jpg,Fin Finback Whale,bowhead whale
marine,all_I=scale_down_S=3,bowhead whale_matched_7,bowhead whale_matched_7.jpg,Fin Finback Whale,bowhead whale
marine,all_I=scale_down_S=3,bowhead whale_matched_8,bowhead whale_matched_8.jpg,Humpback Whale,bowhead whale
marine,all_I=scale_down_S=3,bowhead whale_matched_9,bowhead whale_matched_9.jpg,Bowhead Whale,bowhead whale
marine,all_I=scale_down_S=3,clymene dolphin_matched_1,clymene dolphin_matched_1.jpg,Common Dolphin,clymene dolphin
marine,all_I=scale_down_S=3,clymene dolphin_matched_10,clymene dolphin_matched_10.jpg,Bottlenose Dolphin,clymene dolphin
marine,all_I=scale_down_S=3,clymene dolphin_matched_11,clymene dolphin_matched_11.jpg,Bottlenose Dolphin,clymene dolphin
marine,all_I=scale_down_S=3,clymene dolphin_matched_12,clymene dolphin_matched_12.jpg,Bottlenose Dolphin,clymene dolphin
marine,all_I=scale_down_S=3,clymene dolphin_matched_13,clymene dolphin_matched_13.jpg,Bottlenose Dolphin,clymene dolphin
marine,all_I=scale_down_S=3,clymene dolphin_matched_14,clymene dolphin_matched_14.jpg,Bottlenose Dolphin,clymene dolphin
marine,all_I=scale_down_S=3,clymene dolphin_matched_15,clymene dolphin_matched_15.jpg,Bottlenose Dolphin,clymene dolphin
marine,all_I=scale_down_S=3,clymene dolphin_matched_16,clymene dolphin_matched_16.jpg,Bottlenose Dolphin,clymene dolphin
marine,all_I=scale_down_S=3,clymene dolphin_matched_17,clymene dolphin_matched_17.jpg,Bottlenose Dolphin,clymene dolphin
marine,all_I=scale_down_S=3,clymene dolphin_matched_18,clymene dolphin_matched_18.jpg,Bottlenose Dolphin,clymene dolphin
marine,all_I=scale_down_S=3,clymene dolphin_matched_19,clymene dolphin_matched_19.jpg,Common Dolphin,clymene dolphin
marine,all_I=scale_down_S=3,clymene dolphin_matched_2,clymene dolphin_matched_2.jpg,Common Dolphin,clymene dolphin
marine,all_I=scale_down_S=3,clymene dolphin_matched_3,clymene dolphin_matched_3.jpg,Bottlenose Dolphin,clymene dolphin
marine,all_I=scale_down_S=3,clymene dolphin_matched_4,clymene dolphin_matched_4.jpg,Common Dolphin,clymene dolphin
marine,all_I=scale_down_S=3,clymene dolphin_matched_5,clymene dolphin_matched_5.jpg,Bottlenose Dolphin,clymene dolphin
marine,all_I=scale_down_S=3,clymene dolphin_matched_6,clymene dolphin_matched_6.jpg,Common Dolphin,clymene dolphin
marine,all_I=scale_down_S=3,clymene dolphin_matched_7,clymene dolphin_matched_7.jpg,Bottlenose Dolphin,clymene dolphin
marine,all_I=scale_down_S=3,clymene dolphin_matched_8,clymene dolphin_matched_8.jpg,Common Dolphin,clymene dolphin
marine,all_I=scale_down_S=3,clymene dolphin_matched_9,clymene dolphin_matched_9.jpg,Common Dolphin,clymene dolphin
marine,all_I=scale_down_S=3,common dolphin_matched_1,common dolphin_matched_1.jpg,Common Dolphin,common dolphin
marine,all_I=scale_down_S=3,common dolphin_matched_10,common dolphin_matched_10.jpg,Common Dolphin,common dolphin
marine,all_I=scale_down_S=3,common dolphin_matched_11,common dolphin_matched_11.jpg,Common Dolphin,common dolphin
marine,all_I=scale_down_S=3,common dolphin_matched_12,common dolphin_matched_12.jpg,Common Dolphin,common dolphin
marine,all_I=scale_down_S=3,common dolphin_matched_13,common dolphin_matched_13.jpg,Bottlenose Dolphin,common dolphin
marine,all_I=scale_down_S=3,common dolphin_matched_14,common dolphin_matched_14.jpg,Common Dolphin,common dolphin
marine,all_I=scale_down_S=3,common dolphin_matched_15,common dolphin_matched_15.jpg,False Killer Whale,common dolphin
marine,all_I=scale_down_S=3,common dolphin_matched_16,common dolphin_matched_16.jpg,Common Dolphin,common dolphin
marine,all_I=scale_down_S=3,common dolphin_matched_17,common dolphin_matched_17.jpg,Common Dolphin,common dolphin
marine,all_I=scale_down_S=3,common dolphin_matched_18,common dolphin_matched_18.jpg,Common Dolphin,common dolphin
marine,all_I=scale_down_S=3,common dolphin_matched_19,common dolphin_matched_19.jpg,Common Dolphin,common dolphin
marine,all_I=scale_down_S=3,common dolphin_matched_2,common dolphin_matched_2.jpg,Bottlenose Dolphin,common dolphin
marine,all_I=scale_down_S=3,common dolphin_matched_20,common dolphin_matched_20.jpg,Common Dolphin,common dolphin
marine,all_I=scale_down_S=3,common dolphin_matched_21,common dolphin_matched_21.jpg,Common Dolphin,common dolphin
marine,all_I=scale_down_S=3,common dolphin_matched_22,common dolphin_matched_22.jpg,Common Dolphin,common dolphin
marine,all_I=scale_down_S=3,common dolphin_matched_23,common dolphin_matched_23.jpg,Common Dolphin,common dolphin
marine,all_I=scale_down_S=3,common dolphin_matched_24,common dolphin_matched_24.jpg,Common Dolphin,common dolphin
marine,all_I=scale_down_S=3,common dolphin_matched_25,common dolphin_matched_25.jpg,Common Dolphin,common dolphin
marine,all_I=scale_down_S=3,common dolphin_matched_26,common dolphin_matched_26.jpg,Bottlenose Dolphin,common dolphin
marine,all_I=scale_down_S=3,common dolphin_matched_27,common dolphin_matched_27.jpg,Common Dolphin,common dolphin
marine,all_I=scale_down_S=3,common dolphin_matched_28,common dolphin_matched_28.jpg,Common Dolphin,common dolphin
marine,all_I=scale_down_S=3,common dolphin_matched_29,common dolphin_matched_29.jpg,Common Dolphin,common dolphin
marine,all_I=scale_down_S=3,common dolphin_matched_3,common dolphin_matched_3.jpg,Common Dolphin,common dolphin
marine,all_I=scale_down_S=3,common dolphin_matched_30,common dolphin_matched_30.jpg,Common Dolphin,common dolphin
marine,all_I=scale_down_S=3,common dolphin_matched_31,common dolphin_matched_31.jpg,Common Dolphin,common dolphin
marine,all_I=scale_down_S=3,common dolphin_matched_32,common dolphin_matched_32.jpg,Common Dolphin,common dolphin
marine,all_I=scale_down_S=3,common dolphin_matched_33,common dolphin_matched_33.jpg,Common Dolphin,common dolphin
marine,all_I=scale_down_S=3,common dolphin_matched_34,common dolphin_matched_34.jpg,Common Dolphin,common dolphin
marine,all_I=scale_down_S=3,common dolphin_matched_35,common dolphin_matched_35.jpg,Common Dolphin,common dolphin
marine,all_I=scale_down_S=3,common dolphin_matched_36,common dolphin_matched_36.jpg,Common Dolphin,common dolphin
marine,all_I=scale_down_S=3,common dolphin_matched_4,common dolphin_matched_4.jpg,Common Dolphin,common dolphin
marine,all_I=scale_down_S=3,common dolphin_matched_5,common dolphin_matched_5.jpg,Bottlenose Dolphin,common dolphin
marine,all_I=scale_down_S=3,common dolphin_matched_6,common dolphin_matched_6.jpg,Common Dolphin,common dolphin
marine,all_I=scale_down_S=3,common dolphin_matched_7,common dolphin_matched_7.jpg,Common Dolphin,common dolphin
marine,all_I=scale_down_S=3,common dolphin_matched_8,common dolphin_matched_8.jpg,Common Dolphin,common dolphin
marine,all_I=scale_down_S=3,common dolphin_matched_9,common dolphin_matched_9.jpg,Common Dolphin,common dolphin
marine,all_I=scale_down_S=3,false killer whale_matched_1,false killer whale_matched_1.jpg,Short-Finned Pacific Pilot Whale,false killer whale
marine,all_I=scale_down_S=3,false killer whale_matched_10,false killer whale_matched_10.jpg,False Killer Whale,false killer whale
marine,all_I=scale_down_S=3,false killer whale_matched_11,false killer whale_matched_11.jpg,False Killer Whale,false killer whale
marine,all_I=scale_down_S=3,false killer whale_matched_12,false killer whale_matched_12.jpg,False Killer Whale,false killer whale
marine,all_I=scale_down_S=3,false killer whale_matched_13,false killer whale_matched_13.jpg,False Killer Whale,false killer whale
marine,all_I=scale_down_S=3,false killer whale_matched_14,false killer whale_matched_14.jpg,Bottlenose Dolphin,false killer whale
marine,all_I=scale_down_S=3,false killer whale_matched_15,false killer whale_matched_15.jpg,False Killer Whale,false killer whale
marine,all_I=scale_down_S=3,false killer whale_matched_16,false killer whale_matched_16.jpg,False Killer Whale,false killer whale
marine,all_I=scale_down_S=3,false killer whale_matched_2,false killer whale_matched_2.jpg,False Killer Whale,false killer whale
marine,all_I=scale_down_S=3,false killer whale_matched_3,false killer whale_matched_3.jpg,False Killer Whale,false killer whale
marine,all_I=scale_down_S=3,false killer whale_matched_4,false killer whale_matched_4.jpg,False Killer Whale,false killer whale
marine,all_I=scale_down_S=3,false killer whale_matched_5,false killer whale_matched_5.jpg,Bottlenose Dolphin,false killer whale
marine,all_I=scale_down_S=3,false killer whale_matched_6,false killer whale_matched_6.jpg,False Killer Whale,false killer whale
marine,all_I=scale_down_S=3,false killer whale_matched_7,false killer whale_matched_7.jpg,False Killer Whale,false killer whale
marine,all_I=scale_down_S=3,false killer whale_matched_8,false killer whale_matched_8.jpg,False Killer Whale,false killer whale
marine,all_I=scale_down_S=3,false killer whale_matched_9,false killer whale_matched_9.jpg,False Killer Whale,false killer whale
marine,all_I=scale_down_S=3,fin finback whale_inat_1,fin finback whale_inat_1.jpg,False Killer Whale,fin finback whale
marine,all_I=scale_down_S=3,fin finback whale_inat_10,fin finback whale_inat_10.jpg,Bottlenose Dolphin,fin finback whale
marine,all_I=scale_down_S=3,fin finback whale_inat_11,fin finback whale_inat_11.jpg,Bottlenose Dolphin,fin finback whale
marine,all_I=scale_down_S=3,fin finback whale_inat_12,fin finback whale_inat_12.jpg,"None of the provided species labels match the description of the image, which appears to be a fish rather than a marine mammal.",fin finback whale
marine,all_I=scale_down_S=3,fin finback whale_inat_13,fin finback whale_inat_13.jpg,Fin Finback Whale,fin finback whale
marine,all_I=scale_down_S=3,fin finback whale_inat_14,fin finback whale_inat_14.jpg,Salp,fin finback whale
marine,all_I=scale_down_S=3,fin finback whale_inat_15,fin finback whale_inat_15.jpg,Clione limacina,fin finback whale
marine,all_I=scale_down_S=3,fin finback whale_inat_16,fin finback whale_inat_16.jpg,Common Dolphin,fin finback whale
marine,all_I=scale_down_S=3,fin finback whale_inat_2,fin finback whale_inat_2.jpg,Fin Finback Whale,fin finback whale
marine,all_I=scale_down_S=3,fin finback whale_inat_3,fin finback whale_inat_3.jpg,Fin Finback Whale,fin finback whale
marine,all_I=scale_down_S=3,fin finback whale_inat_4,fin finback whale_inat_4.jpg,Glaucus atlanticus,fin finback whale
marine,all_I=scale_down_S=3,fin finback whale_inat_5,fin finback whale_inat_5.jpg,None of the provided species labels match the description of a sea slug.,fin finback whale
marine,all_I=scale_down_S=3,fin finback whale_inat_6,fin finback whale_inat_6.jpg,Short-Finned Pacific Pilot Whale,fin finback whale
marine,all_I=scale_down_S=3,fin finback whale_inat_7,fin finback whale_inat_7.jpg,Leopard Seal,fin finback whale
marine,all_I=scale_down_S=3,fin finback whale_inat_8,fin finback whale_inat_8.jpg,Pantropical Spotted Dolphin,fin finback whale
marine,all_I=scale_down_S=3,fin finback whale_inat_9,fin finback whale_inat_9.jpg,Pantropical Spotted Dolphin,fin finback whale
marine,all_I=scale_down_S=3,frasers dolphin_inat_1,frasers dolphin_inat_1.jpg,Common Dolphin,frasers dolphin
marine,all_I=scale_down_S=3,frasers dolphin_inat_10,frasers dolphin_inat_10.jpg,Bottlenose Dolphin,frasers dolphin
marine,all_I=scale_down_S=3,frasers dolphin_inat_11,frasers dolphin_inat_11.jpg,Bottlenose Dolphin,frasers dolphin
marine,all_I=scale_down_S=3,frasers dolphin_inat_12,frasers dolphin_inat_12.jpg,False Killer Whale,frasers dolphin
marine,all_I=scale_down_S=3,frasers dolphin_inat_13,frasers dolphin_inat_13.jpg,Common Dolphin,frasers dolphin
marine,all_I=scale_down_S=3,frasers dolphin_inat_14,frasers dolphin_inat_14.jpg,Humpback Whale,frasers dolphin
marine,all_I=scale_down_S=3,frasers dolphin_inat_15,frasers dolphin_inat_15.jpg,Common Dolphin,frasers dolphin
marine,all_I=scale_down_S=3,frasers dolphin_inat_16,frasers dolphin_inat_16.jpg,False Killer Whale,frasers dolphin
marine,all_I=scale_down_S=3,frasers dolphin_inat_2,frasers dolphin_inat_2.jpg,Bottlenose Dolphin,frasers dolphin
marine,all_I=scale_down_S=3,frasers dolphin_inat_3,frasers dolphin_inat_3.jpg,Beluga White Whale,frasers dolphin
marine,all_I=scale_down_S=3,frasers dolphin_inat_4,frasers dolphin_inat_4.jpg,False Killer Whale,frasers dolphin
marine,all_I=scale_down_S=3,frasers dolphin_inat_5,frasers dolphin_inat_5.jpg,Bottlenose Dolphin,frasers dolphin
marine,all_I=scale_down_S=3,frasers dolphin_inat_6,frasers dolphin_inat_6.jpg,False Killer Whale,frasers dolphin
marine,all_I=scale_down_S=3,frasers dolphin_inat_7,frasers dolphin_inat_7.jpg,Bottlenose Dolphin,frasers dolphin
marine,all_I=scale_down_S=3,frasers dolphin_inat_8,frasers dolphin_inat_8.jpg,Common Dolphin,frasers dolphin
marine,all_I=scale_down_S=3,frasers dolphin_inat_9,frasers dolphin_inat_9.jpg,Common Dolphin,frasers dolphin
marine,all_I=scale_down_S=3,grampus rissos dolphin_inat_1,grampus rissos dolphin_inat_1.jpg,Bottlenose Dolphin,grampus rissos dolphin
marine,all_I=scale_down_S=3,grampus rissos dolphin_inat_10,grampus rissos dolphin_inat_10.jpg,False Killer Whale,grampus rissos dolphin
marine,all_I=scale_down_S=3,grampus rissos dolphin_inat_11,grampus rissos dolphin_inat_11.jpg,Bottlenose Dolphin,grampus rissos dolphin
marine,all_I=scale_down_S=3,grampus rissos dolphin_inat_12,grampus rissos dolphin_inat_12.jpg,False Killer Whale,grampus rissos dolphin
marine,all_I=scale_down_S=3,grampus rissos dolphin_inat_13,grampus rissos dolphin_inat_13.jpg,False Killer Whale,grampus rissos dolphin
marine,all_I=scale_down_S=3,grampus rissos dolphin_inat_14,grampus rissos dolphin_inat_14.jpg,Common Dolphin,grampus rissos dolphin
marine,all_I=scale_down_S=3,grampus rissos dolphin_inat_15,grampus rissos dolphin_inat_15.jpg,False Killer Whale,grampus rissos dolphin
marine,all_I=scale_down_S=3,grampus rissos dolphin_inat_16,grampus rissos dolphin_inat_16.jpg,Clymene Dolphin,grampus rissos dolphin
marine,all_I=scale_down_S=3,grampus rissos dolphin_inat_2,grampus rissos dolphin_inat_2.jpg,Bottlenose Dolphin,grampus rissos dolphin
marine,all_I=scale_down_S=3,grampus rissos dolphin_inat_3,grampus rissos dolphin_inat_3.jpg,Common Dolphin,grampus rissos dolphin
marine,all_I=scale_down_S=3,grampus rissos dolphin_inat_4,grampus rissos dolphin_inat_4.jpg,Bottlenose Dolphin,grampus rissos dolphin
marine,all_I=scale_down_S=3,grampus rissos dolphin_inat_5,grampus rissos dolphin_inat_5.jpg,False Killer Whale,grampus rissos dolphin
marine,all_I=scale_down_S=3,grampus rissos dolphin_inat_6,grampus rissos dolphin_inat_6.jpg,Bottlenose Dolphin,grampus rissos dolphin
marine,all_I=scale_down_S=3,grampus rissos dolphin_inat_7,grampus rissos dolphin_inat_7.jpg,False Killer Whale,grampus rissos dolphin
marine,all_I=scale_down_S=3,grampus rissos dolphin_inat_8,grampus rissos dolphin_inat_8.jpg,False Killer Whale,grampus rissos dolphin
marine,all_I=scale_down_S=3,grampus rissos dolphin_inat_9,grampus rissos dolphin_inat_9.jpg,Bottlenose Dolphin,grampus rissos dolphin
marine,all_I=scale_down_S=3,harp seal_matched_1,harp seal_matched_1.jpg,Harp Seal,harp seal
marine,all_I=scale_down_S=3,harp seal_matched_10,harp seal_matched_10.jpg,Harp Seal,harp seal
marine,all_I=scale_down_S=3,harp seal_matched_11,harp seal_matched_11.jpg,Harper Seal,harp seal
marine,all_I=scale_down_S=3,harp seal_matched_12,harp seal_matched_12.jpg,Harp Seal,harp seal
marine,all_I=scale_down_S=3,harp seal_matched_13,harp seal_matched_13.jpg,Harp Seal,harp seal
marine,all_I=scale_down_S=3,harp seal_matched_14,harp seal_matched_14.jpg,Leopard Seal,harp seal
marine,all_I=scale_down_S=3,harp seal_matched_15,harp seal_matched_15.jpg,Harp Seal,harp seal
marine,all_I=scale_down_S=3,harp seal_matched_16,harp seal_matched_16.jpg,Harper Seal,harp seal
marine,all_I=scale_down_S=3,harp seal_matched_2,harp seal_matched_2.jpg,Leopard Seal,harp seal
marine,all_I=scale_down_S=3,harp seal_matched_3,harp seal_matched_3.jpg,Leopard Seal,harp seal
marine,all_I=scale_down_S=3,harp seal_matched_4,harp seal_matched_4.jpg,Harbor Seal,harp seal
marine,all_I=scale_down_S=3,harp seal_matched_5,harp seal_matched_5.jpg,Harper Seal,harp seal
marine,all_I=scale_down_S=3,harp seal_matched_6,harp seal_matched_6.jpg,Harp Seal,harp seal
marine,all_I=scale_down_S=3,harp seal_matched_7,harp seal_matched_7.jpg,Harper Seal,harp seal
marine,all_I=scale_down_S=3,harp seal_matched_8,harp seal_matched_8.jpg,Harp Seal,harp seal
marine,all_I=scale_down_S=3,harp seal_matched_9,harp seal_matched_9.jpg,Leopard Seal,harp seal
marine,all_I=scale_down_S=3,humpback whale_matched_1,humpback whale_matched_1.jpg,Humpback Whale,humpback whale
marine,all_I=scale_down_S=3,humpback whale_matched_10,humpback whale_matched_10.jpg,Humpback Whale,humpback whale
marine,all_I=scale_down_S=3,humpback whale_matched_11,humpback whale_matched_11.jpg,Humpback Whale,humpback whale
marine,all_I=scale_down_S=3,humpback whale_matched_12,humpback whale_matched_12.jpg,Humpback Whale,humpback whale
marine,all_I=scale_down_S=3,humpback whale_matched_13,humpback whale_matched_13.jpg,Humpback Whale,humpback whale
marine,all_I=scale_down_S=3,humpback whale_matched_14,humpback whale_matched_14.jpg,Humpback Whale,humpback whale
marine,all_I=scale_down_S=3,humpback whale_matched_15,humpback whale_matched_15.jpg,Humpback Whale,humpback whale
marine,all_I=scale_down_S=3,humpback whale_matched_16,humpback whale_matched_16.jpg,Humpback Whale,humpback whale
marine,all_I=scale_down_S=3,humpback whale_matched_2,humpback whale_matched_2.jpg,Humpback Whale,humpback whale
marine,all_I=scale_down_S=3,humpback whale_matched_3,humpback whale_matched_3.jpg,Humpback Whale,humpback whale
marine,all_I=scale_down_S=3,humpback whale_matched_4,humpback whale_matched_4.jpg,Humpback Whale,humpback whale
marine,all_I=scale_down_S=3,humpback whale_matched_5,humpback whale_matched_5.jpg,Humpback Whale,humpback whale
marine,all_I=scale_down_S=3,humpback whale_matched_6,humpback whale_matched_6.jpg,Humpback Whale,humpback whale
marine,all_I=scale_down_S=3,humpback whale_matched_7,humpback whale_matched_7.jpg,Humpback Whale,humpback whale
marine,all_I=scale_down_S=3,humpback whale_matched_8,humpback whale_matched_8.jpg,Humpback Whale,humpback whale
marine,all_I=scale_down_S=3,humpback whale_matched_9,humpback whale_matched_9.jpg,Humpback Whale,humpback whale
marine,all_I=scale_down_S=3,killer whale_inat_1,killer whale_inat_1.jpg,Killer Whale,killer whale
marine,all_I=scale_down_S=3,killer whale_inat_10,killer whale_inat_10.jpg,Killer Whale,killer whale
marine,all_I=scale_down_S=3,killer whale_inat_11,killer whale_inat_11.jpg,Killer Whale,killer whale
marine,all_I=scale_down_S=3,killer whale_inat_12,killer whale_inat_12.jpg,False Killer Whale,killer whale
marine,all_I=scale_down_S=3,killer whale_inat_13,killer whale_inat_13.jpg,Killer Whale,killer whale
marine,all_I=scale_down_S=3,killer whale_inat_14,killer whale_inat_14.jpg,Killer Whale,killer whale
marine,all_I=scale_down_S=3,killer whale_inat_15,killer whale_inat_15.jpg,Humpback Whale,killer whale
marine,all_I=scale_down_S=3,killer whale_inat_16,killer whale_inat_16.jpg,Killer Whale,killer whale
marine,all_I=scale_down_S=3,killer whale_inat_2,killer whale_inat_2.jpg,Killer Whale,killer whale
marine,all_I=scale_down_S=3,killer whale_inat_3,killer whale_inat_3.jpg,Killer Whale,killer whale
marine,all_I=scale_down_S=3,killer whale_inat_4,killer whale_inat_4.jpg,Killer Whale,killer whale
marine,all_I=scale_down_S=3,killer whale_inat_5,killer whale_inat_5.jpg,Killer Whale,killer whale
marine,all_I=scale_down_S=3,killer whale_inat_6,killer whale_inat_6.jpg,Killer Whale,killer whale
marine,all_I=scale_down_S=3,killer whale_inat_7,killer whale_inat_7.jpg,False Killer Whale,killer whale
marine,all_I=scale_down_S=3,killer whale_inat_8,killer whale_inat_8.jpg,Killer Whale,killer whale
marine,all_I=scale_down_S=3,killer whale_inat_9,killer whale_inat_9.jpg,Killer Whale,killer whale
marine,all_I=scale_down_S=3,leopard seal_matched_1,leopard seal_matched_1.jpg,Leopard Seal,leopard seal
marine,all_I=scale_down_S=3,leopard seal_matched_10,leopard seal_matched_10.jpg,Leopard Seal,leopard seal
marine,all_I=scale_down_S=3,leopard seal_matched_11,leopard seal_matched_11.jpg,Leopard Seal,leopard seal
marine,all_I=scale_down_S=3,leopard seal_matched_12,leopard seal_matched_12.jpg,Leopard Seal,leopard seal
marine,all_I=scale_down_S=3,leopard seal_matched_13,leopard seal_matched_13.jpg,Leopard Seal,leopard seal
marine,all_I=scale_down_S=3,leopard seal_matched_14,leopard seal_matched_14.jpg,Leopard Seal,leopard seal
marine,all_I=scale_down_S=3,leopard seal_matched_15,leopard seal_matched_15.jpg,Leopard Seal,leopard seal
marine,all_I=scale_down_S=3,leopard seal_matched_16,leopard seal_matched_16.jpg,Leopard Seal,leopard seal
marine,all_I=scale_down_S=3,leopard seal_matched_2,leopard seal_matched_2.jpg,Leopard Seal,leopard seal
marine,all_I=scale_down_S=3,leopard seal_matched_3,leopard seal_matched_3.jpg,Leopard Seal,leopard seal
marine,all_I=scale_down_S=3,leopard seal_matched_4,leopard seal_matched_4.jpg,Leopard Seal,leopard seal
marine,all_I=scale_down_S=3,leopard seal_matched_5,leopard seal_matched_5.jpg,Leopard Seal,leopard seal
marine,all_I=scale_down_S=3,leopard seal_matched_6,leopard seal_matched_6.jpg,Leopard Seal,leopard seal
marine,all_I=scale_down_S=3,leopard seal_matched_7,leopard seal_matched_7.jpg,Leopard Seal,leopard seal
marine,all_I=scale_down_S=3,leopard seal_matched_8,leopard seal_matched_8.jpg,Leopard Seal,leopard seal
marine,all_I=scale_down_S=3,leopard seal_matched_9,leopard seal_matched_9.jpg,Leopard Seal,leopard seal
marine,all_I=scale_down_S=3,long-finned pilot whale_inat_1,long-finned pilot whale_inat_1.jpg,Common Dolphin,long-finned pilot whale
marine,all_I=scale_down_S=3,long-finned pilot whale_inat_10,long-finned pilot whale_inat_10.jpg,False Killer Whale,long-finned pilot whale
marine,all_I=scale_down_S=3,long-finned pilot whale_inat_11,long-finned pilot whale_inat_11.jpg,False Killer Whale,long-finned pilot whale
marine,all_I=scale_down_S=3,long-finned pilot whale_inat_12,long-finned pilot whale_inat_12.jpg,False Killer Whale,long-finned pilot whale
marine,all_I=scale_down_S=3,long-finned pilot whale_inat_13,long-finned pilot whale_inat_13.jpg,Leopard Seal,long-finned pilot whale
marine,all_I=scale_down_S=3,long-finned pilot whale_inat_14,long-finned pilot whale_inat_14.jpg,Bottlenose Dolphin,long-finned pilot whale
marine,all_I=scale_down_S=3,long-finned pilot whale_inat_15,long-finned pilot whale_inat_15.jpg,False Killer Whale,long-finned pilot whale
marine,all_I=scale_down_S=3,long-finned pilot whale_inat_16,long-finned pilot whale_inat_16.jpg,False Killer Whale,long-finned pilot whale
marine,all_I=scale_down_S=3,long-finned pilot whale_inat_2,long-finned pilot whale_inat_2.jpg,False Killer Whale,long-finned pilot whale
marine,all_I=scale_down_S=3,long-finned pilot whale_inat_3,long-finned pilot whale_inat_3.jpg,False Killer Whale,long-finned pilot whale
marine,all_I=scale_down_S=3,long-finned pilot whale_inat_4,long-finned pilot whale_inat_4.jpg,False Killer Whale,long-finned pilot whale
marine,all_I=scale_down_S=3,long-finned pilot whale_inat_5,long-finned pilot whale_inat_5.jpg,False Killer Whale,long-finned pilot whale
marine,all_I=scale_down_S=3,long-finned pilot whale_inat_6,long-finned pilot whale_inat_6.jpg,Fin Finback Whale,long-finned pilot whale
marine,all_I=scale_down_S=3,long-finned pilot whale_inat_7,long-finned pilot whale_inat_7.jpg,Bottlenose Dolphin,long-finned pilot whale
marine,all_I=scale_down_S=3,long-finned pilot whale_inat_8,long-finned pilot whale_inat_8.jpg,False Killer Whale,long-finned pilot whale
marine,all_I=scale_down_S=3,long-finned pilot whale_inat_9,long-finned pilot whale_inat_9.jpg,False Killer Whale,long-finned pilot whale
marine,all_I=scale_down_S=3,melon headed whale_inat_1,melon headed whale_inat_1.jpg,False Killer Whale,melon headed whale
marine,all_I=scale_down_S=3,melon headed whale_inat_10,melon headed whale_inat_10.jpg,Bottlenose Dolphin,melon headed whale
marine,all_I=scale_down_S=3,melon headed whale_inat_11,melon headed whale_inat_11.jpg,Bottlenose Dolphin,melon headed whale
marine,all_I=scale_down_S=3,melon headed whale_inat_12,melon headed whale_inat_12.jpg,False Killer Whale,melon headed whale
marine,all_I=scale_down_S=3,melon headed whale_inat_13,melon headed whale_inat_13.jpg,Humpback Whale,melon headed whale
marine,all_I=scale_down_S=3,melon headed whale_inat_14,melon headed whale_inat_14.jpg,False Killer Whale,melon headed whale
marine,all_I=scale_down_S=3,melon headed whale_inat_15,melon headed whale_inat_15.jpg,Bottlenose Dolphin,melon headed whale
marine,all_I=scale_down_S=3,melon headed whale_inat_16,melon headed whale_inat_16.jpg,Bottlenose Dolphin,melon headed whale
marine,all_I=scale_down_S=3,melon headed whale_inat_2,melon headed whale_inat_2.jpg,False Killer Whale,melon headed whale
marine,all_I=scale_down_S=3,melon headed whale_inat_3,melon headed whale_inat_3.jpg,Bottlenose Dolphin,melon headed whale
marine,all_I=scale_down_S=3,melon headed whale_inat_4,melon headed whale_inat_4.jpg,Bottlenose Dolphin,melon headed whale
marine,all_I=scale_down_S=3,melon headed whale_inat_5,melon headed whale_inat_5.jpg,Bottlenose Dolphin,melon headed whale
marine,all_I=scale_down_S=3,melon headed whale_inat_6,melon headed whale_inat_6.jpg,False Killer Whale,melon headed whale
marine,all_I=scale_down_S=3,melon headed whale_inat_7,melon headed whale_inat_7.jpg,Bottlenose Dolphin,melon headed whale
marine,all_I=scale_down_S=3,melon headed whale_inat_8,melon headed whale_inat_8.jpg,Common Dolphin,melon headed whale
marine,all_I=scale_down_S=3,melon headed whale_inat_9,melon headed whale_inat_9.jpg,Bottlenose Dolphin,melon headed whale
marine,all_I=scale_down_S=3,minke whale_inat_1,minke whale_inat_1.jpg,Minke Whale,minke whale
marine,all_I=scale_down_S=3,minke whale_inat_10,minke whale_inat_10.jpg,False Killer Whale,minke whale
marine,all_I=scale_down_S=3,minke whale_inat_11,minke whale_inat_11.jpg,Minke Whale,minke whale
marine,all_I=scale_down_S=3,minke whale_inat_12,minke whale_inat_12.jpg,False Killer Whale,minke whale
marine,all_I=scale_down_S=3,minke whale_inat_13,minke whale_inat_13.jpg,Fin Finback Whale,minke whale
marine,all_I=scale_down_S=3,minke whale_inat_14,minke whale_inat_14.jpg,Fin Finback Whale,minke whale
marine,all_I=scale_down_S=3,minke whale_inat_15,minke whale_inat_15.jpg,None of the species listed are terrestrial animals. The image provided does not depict any marine species.,minke whale
marine,all_I=scale_down_S=3,minke whale_inat_16,minke whale_inat_16.jpg,Bowhead Whale,minke whale
marine,all_I=scale_down_S=3,minke whale_inat_2,minke whale_inat_2.jpg,Fin Finback Whale,minke whale
marine,all_I=scale_down_S=3,minke whale_inat_3,minke whale_inat_3.jpg,False Killer Whale,minke whale
marine,all_I=scale_down_S=3,minke whale_inat_4,minke whale_inat_4.jpg,False Killer Whale,minke whale
marine,all_I=scale_down_S=3,minke whale_inat_5,minke whale_inat_5.jpg,Pantropical Spotted Dolphin,minke whale
marine,all_I=scale_down_S=3,minke whale_inat_6,minke whale_inat_6.jpg,Beluga White Whale,minke whale
marine,all_I=scale_down_S=3,minke whale_inat_7,minke whale_inat_7.jpg,Bowhead Whale,minke whale
marine,all_I=scale_down_S=3,minke whale_inat_8,minke whale_inat_8.jpg,Fin Finback Whale,minke whale
marine,all_I=scale_down_S=3,minke whale_inat_9,minke whale_inat_9.jpg,False Killer Whale,minke whale
marine,all_I=scale_down_S=3,narwhal_matched_1,narwhal_matched_1.jpg,Narwhal,narwhal
marine,all_I=scale_down_S=3,narwhal_matched_10,narwhal_matched_10.jpg,Narwhal,narwhal
marine,all_I=scale_down_S=3,narwhal_matched_11,narwhal_matched_11.jpg,Narwhal,narwhal
marine,all_I=scale_down_S=3,narwhal_matched_12,narwhal_matched_12.jpg,Narwhal,narwhal
marine,all_I=scale_down_S=3,narwhal_matched_13,narwhal_matched_13.jpg,Narwhal,narwhal
marine,all_I=scale_down_S=3,narwhal_matched_14,narwhal_matched_14.jpg,False Killer Whale,narwhal
marine,all_I=scale_down_S=3,narwhal_matched_15,narwhal_matched_15.jpg,Narwhal,narwhal
marine,all_I=scale_down_S=3,narwhal_matched_16,narwhal_matched_16.jpg,Narwhal,narwhal
marine,all_I=scale_down_S=3,narwhal_matched_2,narwhal_matched_2.jpg,Narwhal,narwhal
marine,all_I=scale_down_S=3,narwhal_matched_3,narwhal_matched_3.jpg,Narwhal,narwhal
marine,all_I=scale_down_S=3,narwhal_matched_4,narwhal_matched_4.jpg,Narwhal,narwhal
marine,all_I=scale_down_S=3,narwhal_matched_5,narwhal_matched_5.jpg,Narwhal,narwhal
marine,all_I=scale_down_S=3,narwhal_matched_6,narwhal_matched_6.jpg,Narwhal,narwhal
marine,all_I=scale_down_S=3,narwhal_matched_7,narwhal_matched_7.jpg,Narwhal,narwhal
marine,all_I=scale_down_S=3,narwhal_matched_8,narwhal_matched_8.jpg,Narwhal,narwhal
marine,all_I=scale_down_S=3,narwhal_matched_9,narwhal_matched_9.jpg,Narwhal,narwhal
marine,all_I=scale_down_S=3,northern right whale_inat_1,northern right whale_inat_1.jpg,White-sided Dolphin,northern right whale
marine,all_I=scale_down_S=3,northern right whale_inat_10,northern right whale_inat_10.jpg,Bottlenose Dolphin,northern right whale
marine,all_I=scale_down_S=3,northern right whale_inat_11,northern right whale_inat_11.jpg,Humpback Whale,northern right whale
marine,all_I=scale_down_S=3,northern right whale_inat_12,northern right whale_inat_12.jpg,Common Dolphin,northern right whale
marine,all_I=scale_down_S=3,northern right whale_inat_13,northern right whale_inat_13.jpg,Killer Whale,northern right whale
marine,all_I=scale_down_S=3,northern right whale_inat_14,northern right whale_inat_14.jpg,Bottlenose Dolphin,northern right whale
marine,all_I=scale_down_S=3,northern right whale_inat_15,northern right whale_inat_15.jpg,False Killer Whale,northern right whale
marine,all_I=scale_down_S=3,northern right whale_inat_16,northern right whale_inat_16.jpg,Bottlenose Dolphin,northern right whale
marine,all_I=scale_down_S=3,northern right whale_inat_2,northern right whale_inat_2.jpg,False Killer Whale,northern right whale
marine,all_I=scale_down_S=3,northern right whale_inat_3,northern right whale_inat_3.jpg,Bottlenose Dolphin,northern right whale
marine,all_I=scale_down_S=3,northern right whale_inat_4,northern right whale_inat_4.jpg,Bottlenose Dolphin,northern right whale
marine,all_I=scale_down_S=3,northern right whale_inat_5,northern right whale_inat_5.jpg,Bottlenose Dolphin,northern right whale
marine,all_I=scale_down_S=3,northern right whale_inat_6,northern right whale_inat_6.jpg,False Killer Whale,northern right whale
marine,all_I=scale_down_S=3,northern right whale_inat_7,northern right whale_inat_7.jpg,White-beaked Dolphin,northern right whale
marine,all_I=scale_down_S=3,northern right whale_inat_8,northern right whale_inat_8.jpg,Bottlenose Dolphin,northern right whale
marine,all_I=scale_down_S=3,northern right whale_inat_9,northern right whale_inat_9.jpg,Humpback Whale,northern right whale
marine,all_I=scale_down_S=3,pantropical spotted dolphin_inat_1,pantropical spotted dolphin_inat_1.jpg,Common Dolphin,pantropical spotted dolphin
marine,all_I=scale_down_S=3,pantropical spotted dolphin_inat_10,pantropical spotted dolphin_inat_10.jpg,Bottlenose Dolphin,pantropical spotted dolphin
marine,all_I=scale_down_S=3,pantropical spotted dolphin_inat_11,pantropical spotted dolphin_inat_11.jpg,Bottlenose Dolphin,pantropical spotted dolphin
marine,all_I=scale_down_S=3,pantropical spotted dolphin_inat_12,pantropical spotted dolphin_inat_12.jpg,Bottlenose Dolphin,pantropical spotted dolphin
marine,all_I=scale_down_S=3,pantropical spotted dolphin_inat_13,pantropical spotted dolphin_inat_13.jpg,Bottlenose Dolphin,pantropical spotted dolphin
marine,all_I=scale_down_S=3,pantropical spotted dolphin_inat_14,pantropical spotted dolphin_inat_14.jpg,Bottlenose Dolphin,pantropical spotted dolphin
marine,all_I=scale_down_S=3,pantropical spotted dolphin_inat_15,pantropical spotted dolphin_inat_15.jpg,Bottlenose Dolphin,pantropical spotted dolphin
marine,all_I=scale_down_S=3,pantropical spotted dolphin_inat_16,pantropical spotted dolphin_inat_16.jpg,Bottlenose Dolphin,pantropical spotted dolphin
marine,all_I=scale_down_S=3,pantropical spotted dolphin_inat_2,pantropical spotted dolphin_inat_2.jpg,Common Dolphin,pantropical spotted dolphin
marine,all_I=scale_down_S=3,pantropical spotted dolphin_inat_3,pantropical spotted dolphin_inat_3.jpg,Bottlenose Dolphin,pantropical spotted dolphin
marine,all_I=scale_down_S=3,pantropical spotted dolphin_inat_4,pantropical spotted dolphin_inat_4.jpg,Bottlenose Dolphin,pantropical spotted dolphin
marine,all_I=scale_down_S=3,pantropical spotted dolphin_inat_5,pantropical spotted dolphin_inat_5.jpg,Bottlenose Dolphin,pantropical spotted dolphin
marine,all_I=scale_down_S=3,pantropical spotted dolphin_inat_6,pantropical spotted dolphin_inat_6.jpg,Bottlenose Dolphin,pantropical spotted dolphin
marine,all_I=scale_down_S=3,pantropical spotted dolphin_inat_7,pantropical spotted dolphin_inat_7.jpg,Bottlenose Dolphin,pantropical spotted dolphin
marine,all_I=scale_down_S=3,pantropical spotted dolphin_inat_8,pantropical spotted dolphin_inat_8.jpg,Bottlenose Dolphin,pantropical spotted dolphin
marine,all_I=scale_down_S=3,pantropical spotted dolphin_inat_9,pantropical spotted dolphin_inat_9.jpg,Bottlenose Dolphin,pantropical spotted dolphin
marine,all_I=scale_down_S=3,ross seal_inat_1,ross seal_inat_1.jpg,Leopard Seal,ross seal
marine,all_I=scale_down_S=3,ross seal_inat_10,ross seal_inat_10.jpg,Leopard Seal,ross seal
marine,all_I=scale_down_S=3,ross seal_inat_11,ross seal_inat_11.jpg,Leopard Seal,ross seal
marine,all_I=scale_down_S=3,ross seal_inat_12,ross seal_inat_12.jpg,Leopard Seal,ross seal
marine,all_I=scale_down_S=3,ross seal_inat_13,ross seal_inat_13.jpg,Leopard Seal,ross seal
marine,all_I=scale_down_S=3,ross seal_inat_14,ross seal_inat_14.jpg,Leopard Seal,ross seal
marine,all_I=scale_down_S=3,ross seal_inat_15,ross seal_inat_15.jpg,Leopard Seal,ross seal
marine,all_I=scale_down_S=3,ross seal_inat_16,ross seal_inat_16.jpg,Leopard Seal,ross seal
marine,all_I=scale_down_S=3,ross seal_inat_17,ross seal_inat_17.jpg,Beluga White Whale,ross seal
marine,all_I=scale_down_S=3,ross seal_inat_18,ross seal_inat_18.jpg,Leopard Seal,ross seal
marine,all_I=scale_down_S=3,ross seal_inat_2,ross seal_inat_2.jpg,Leopard Seal,ross seal
marine,all_I=scale_down_S=3,ross seal_inat_3,ross seal_inat_3.jpg,Leopard Seal,ross seal
marine,all_I=scale_down_S=3,ross seal_inat_4,ross seal_inat_4.jpg,Leopard Seal,ross seal
marine,all_I=scale_down_S=3,ross seal_inat_5,ross seal_inat_5.jpg,Leopard Seal,ross seal
marine,all_I=scale_down_S=3,ross seal_inat_6,ross seal_inat_6.jpg,Leopard Seal,ross seal
marine,all_I=scale_down_S=3,ross seal_inat_7,ross seal_inat_7.jpg,Harp Seal,ross seal
marine,all_I=scale_down_S=3,ross seal_inat_8,ross seal_inat_8.jpg,Leopard Seal,ross seal
marine,all_I=scale_down_S=3,ross seal_inat_9,ross seal_inat_9.jpg,Leopard Seal,ross seal
marine,all_I=scale_down_S=3,rough-toothed dolphin_inat_1,rough-toothed dolphin_inat_1.jpg,False Killer Whale,rough-toothed dolphin
marine,all_I=scale_down_S=3,rough-toothed dolphin_inat_10,rough-toothed dolphin_inat_10.jpg,Humpback Whale,rough-toothed dolphin
marine,all_I=scale_down_S=3,rough-toothed dolphin_inat_11,rough-toothed dolphin_inat_11.jpg,Bottlenose Dolphin,rough-toothed dolphin
marine,all_I=scale_down_S=3,rough-toothed dolphin_inat_12,rough-toothed dolphin_inat_12.jpg,False Killer Whale,rough-toothed dolphin
marine,all_I=scale_down_S=3,rough-toothed dolphin_inat_13,rough-toothed dolphin_inat_13.jpg,Bottlenose Dolphin,rough-toothed dolphin
marine,all_I=scale_down_S=3,rough-toothed dolphin_inat_14,rough-toothed dolphin_inat_14.jpg,False Killer Whale,rough-toothed dolphin
marine,all_I=scale_down_S=3,rough-toothed dolphin_inat_15,rough-toothed dolphin_inat_15.jpg,Sperm Whale,rough-toothed dolphin
marine,all_I=scale_down_S=3,rough-toothed dolphin_inat_16,rough-toothed dolphin_inat_16.jpg,Common Dolphin,rough-toothed dolphin
marine,all_I=scale_down_S=3,rough-toothed dolphin_inat_2,rough-toothed dolphin_inat_2.jpg,Bottlenose Dolphin,rough-toothed dolphin
marine,all_I=scale_down_S=3,rough-toothed dolphin_inat_3,rough-toothed dolphin_inat_3.jpg,Humpback Whale,rough-toothed dolphin
marine,all_I=scale_down_S=3,rough-toothed dolphin_inat_4,rough-toothed dolphin_inat_4.jpg,Bottlenose Dolphin,rough-toothed dolphin
marine,all_I=scale_down_S=3,rough-toothed dolphin_inat_5,rough-toothed dolphin_inat_5.jpg,Common Dolphin,rough-toothed dolphin
marine,all_I=scale_down_S=3,rough-toothed dolphin_inat_6,rough-toothed dolphin_inat_6.jpg,False Killer Whale,rough-toothed dolphin
marine,all_I=scale_down_S=3,rough-toothed dolphin_inat_7,rough-toothed dolphin_inat_7.jpg,Bottlenose Dolphin,rough-toothed dolphin
marine,all_I=scale_down_S=3,rough-toothed dolphin_inat_8,rough-toothed dolphin_inat_8.jpg,Bottlenose Dolphin,rough-toothed dolphin
marine,all_I=scale_down_S=3,rough-toothed dolphin_inat_9,rough-toothed dolphin_inat_9.jpg,Bottlenose Dolphin,rough-toothed dolphin
marine,all_I=scale_down_S=3,short-finned pacific pilot whale_inat_1,short-finned pacific pilot whale_inat_1.jpg,Killer Whale,short-finned pacific pilot whale
marine,all_I=scale_down_S=3,short-finned pacific pilot whale_inat_10,short-finned pacific pilot whale_inat_10.jpg,"None of the provided species labels match the fish shown in the image. The fish in the image is a sunfish, which is not listed among the options.",short-finned pacific pilot whale
marine,all_I=scale_down_S=3,short-finned pacific pilot whale_inat_11,short-finned pacific pilot whale_inat_11.jpg,"None of the species listed are applicable to the image provided. The image appears to be of a fish, but it does not match any of the marine species listed.",short-finned pacific pilot whale
marine,all_I=scale_down_S=3,short-finned pacific pilot whale_inat_12,short-finned pacific pilot whale_inat_12.jpg,"None of the provided species labels match the fish shown in the image. The fish in the image is a freshwater species, specifically a type of sunfish, which is not marine.",short-finned pacific pilot whale
marine,all_I=scale_down_S=3,short-finned pacific pilot whale_inat_13,short-finned pacific pilot whale_inat_13.jpg,"None of the provided species labels match the fish shown in the image. The fish in the image is a Largemouth Bass, which is not listed among the species options.",short-finned pacific pilot whale
marine,all_I=scale_down_S=3,short-finned pacific pilot whale_inat_14,short-finned pacific pilot whale_inat_14.jpg,"None of the provided species labels match the fish shown in the image. The fish in the image is a sunfish, which is not listed among the species options.",short-finned pacific pilot whale
marine,all_I=scale_down_S=3,short-finned pacific pilot whale_inat_15,short-finned pacific pilot whale_inat_15.jpg,False Killer Whale,short-finned pacific pilot whale
marine,all_I=scale_down_S=3,short-finned pacific pilot whale_inat_16,short-finned pacific pilot whale_inat_16.jpg,None of the provided species labels match the image of the fish shown. The image does not depict any of the marine species listed.,short-finned pacific pilot whale
marine,all_I=scale_down_S=3,short-finned pacific pilot whale_inat_17,short-finned pacific pilot whale_inat_17.jpg,False Killer Whale,short-finned pacific pilot whale
marine,all_I=scale_down_S=3,short-finned pacific pilot whale_inat_18,short-finned pacific pilot whale_inat_18.jpg,Long-Finned Pilot Whale,short-finned pacific pilot whale
marine,all_I=scale_down_S=3,short-finned pacific pilot whale_inat_19,short-finned pacific pilot whale_inat_19.jpg,Bottlenose Dolphin,short-finned pacific pilot whale
marine,all_I=scale_down_S=3,short-finned pacific pilot whale_inat_2,short-finned pacific pilot whale_inat_2.jpg,False Killer Whale,short-finned pacific pilot whale
marine,all_I=scale_down_S=3,short-finned pacific pilot whale_inat_20,short-finned pacific pilot whale_inat_20.jpg,"None of the species listed are swans. The image provided is of a swan, which is not included in the list of marine species.",short-finned pacific pilot whale
marine,all_I=scale_down_S=3,short-finned pacific pilot whale_inat_3,short-finned pacific pilot whale_inat_3.jpg,None of the provided species labels match the description of a snake.,short-finned pacific pilot whale
marine,all_I=scale_down_S=3,short-finned pacific pilot whale_inat_4,short-finned pacific pilot whale_inat_4.jpg,False Killer Whale,short-finned pacific pilot whale
marine,all_I=scale_down_S=3,short-finned pacific pilot whale_inat_5,short-finned pacific pilot whale_inat_5.jpg,False Killer Whale,short-finned pacific pilot whale
marine,all_I=scale_down_S=3,short-finned pacific pilot whale_inat_6,short-finned pacific pilot whale_inat_6.jpg,None of the species listed are snakes.,short-finned pacific pilot whale
marine,all_I=scale_down_S=3,short-finned pacific pilot whale_inat_7,short-finned pacific pilot whale_inat_7.jpg,Killer Whale,short-finned pacific pilot whale
marine,all_I=scale_down_S=3,short-finned pacific pilot whale_inat_8,short-finned pacific pilot whale_inat_8.jpg,None of the provided species labels match the description of a fish in the image. The image does not contain any marine species listed in the labels.,short-finned pacific pilot whale
marine,all_I=scale_down_S=3,short-finned pacific pilot whale_inat_9,short-finned pacific pilot whale_inat_9.jpg,False Killer Whale,short-finned pacific pilot whale
marine,all_I=scale_down_S=3,southern right whale_inat_1,southern right whale_inat_1.jpg,False Killer Whale,southern right whale
marine,all_I=scale_down_S=3,southern right whale_inat_10,southern right whale_inat_10.jpg,Southern Right Whale,southern right whale
marine,all_I=scale_down_S=3,southern right whale_inat_11,southern right whale_inat_11.jpg,Killer Whale,southern right whale
marine,all_I=scale_down_S=3,southern right whale_inat_12,southern right whale_inat_12.jpg,False Killer Whale,southern right whale
marine,all_I=scale_down_S=3,southern right whale_inat_13,southern right whale_inat_13.jpg,Common Dolphin,southern right whale
marine,all_I=scale_down_S=3,southern right whale_inat_14,southern right whale_inat_14.jpg,Southern Right Whale,southern right whale
marine,all_I=scale_down_S=3,southern right whale_inat_15,southern right whale_inat_15.jpg,Humpback Whale,southern right whale
marine,all_I=scale_down_S=3,southern right whale_inat_16,southern right whale_inat_16.jpg,Humpback Whale,southern right whale
marine,all_I=scale_down_S=3,southern right whale_inat_2,southern right whale_inat_2.jpg,False Killer Whale,southern right whale
marine,all_I=scale_down_S=3,southern right whale_inat_3,southern right whale_inat_3.jpg,False Killer Whale,southern right whale
marine,all_I=scale_down_S=3,southern right whale_inat_4,southern right whale_inat_4.jpg,Common Dolphin,southern right whale
marine,all_I=scale_down_S=3,southern right whale_inat_5,southern right whale_inat_5.jpg,Common Dolphin,southern right whale
marine,all_I=scale_down_S=3,southern right whale_inat_6,southern right whale_inat_6.jpg,False Killer Whale,southern right whale
marine,all_I=scale_down_S=3,southern right whale_inat_7,southern right whale_inat_7.jpg,Humpback Whale,southern right whale
marine,all_I=scale_down_S=3,southern right whale_inat_8,southern right whale_inat_8.jpg,False Killer Whale,southern right whale
marine,all_I=scale_down_S=3,southern right whale_inat_9,southern right whale_inat_9.jpg,False Killer Whale,southern right whale
marine,all_I=scale_down_S=3,sperm whale_matched_1,sperm whale_matched_1.jpg,Sperm Whale,sperm whale
marine,all_I=scale_down_S=3,sperm whale_matched_10,sperm whale_matched_10.jpg,Sperm Whale,sperm whale
marine,all_I=scale_down_S=3,sperm whale_matched_11,sperm whale_matched_11.jpg,False Killer Whale,sperm whale
marine,all_I=scale_down_S=3,sperm whale_matched_12,sperm whale_matched_12.jpg,Sperm Whale,sperm whale
marine,all_I=scale_down_S=3,sperm whale_matched_13,sperm whale_matched_13.jpg,Fin Finback Whale,sperm whale
marine,all_I=scale_down_S=3,sperm whale_matched_14,sperm whale_matched_14.jpg,Fin Finback Whale,sperm whale
marine,all_I=scale_down_S=3,sperm whale_matched_15,sperm whale_matched_15.jpg,Sperm Whale,sperm whale
marine,all_I=scale_down_S=3,sperm whale_matched_16,sperm whale_matched_16.jpg,Sperm Whale,sperm whale
marine,all_I=scale_down_S=3,sperm whale_matched_2,sperm whale_matched_2.jpg,Sperm Whale,sperm whale
marine,all_I=scale_down_S=3,sperm whale_matched_3,sperm whale_matched_3.jpg,Sperm Whale,sperm whale
marine,all_I=scale_down_S=3,sperm whale_matched_4,sperm whale_matched_4.jpg,Sperm Whale,sperm whale
marine,all_I=scale_down_S=3,sperm whale_matched_5,sperm whale_matched_5.jpg,Sperm Whale,sperm whale
marine,all_I=scale_down_S=3,sperm whale_matched_6,sperm whale_matched_6.jpg,Fin Finback Whale,sperm whale
marine,all_I=scale_down_S=3,sperm whale_matched_7,sperm whale_matched_7.jpg,Sperm Whale,sperm whale
marine,all_I=scale_down_S=3,sperm whale_matched_8,sperm whale_matched_8.jpg,Sperm Whale,sperm whale
marine,all_I=scale_down_S=3,sperm whale_matched_9,sperm whale_matched_9.jpg,Fin Finback Whale,sperm whale
marine,all_I=scale_down_S=3,spinner dolphin_matched_1,spinner dolphin_matched_1.jpg,Bottlenose Dolphin,spinner dolphin
marine,all_I=scale_down_S=3,spinner dolphin_matched_10,spinner dolphin_matched_10.jpg,Bottlenose Dolphin,spinner dolphin
marine,all_I=scale_down_S=3,spinner dolphin_matched_11,spinner dolphin_matched_11.jpg,Bottlenose Dolphin,spinner dolphin
marine,all_I=scale_down_S=3,spinner dolphin_matched_12,spinner dolphin_matched_12.jpg,Bottlenose Dolphin,spinner dolphin
marine,all_I=scale_down_S=3,spinner dolphin_matched_13,spinner dolphin_matched_13.jpg,Bottlenose Dolphin,spinner dolphin
marine,all_I=scale_down_S=3,spinner dolphin_matched_14,spinner dolphin_matched_14.jpg,Common Dolphin,spinner dolphin
marine,all_I=scale_down_S=3,spinner dolphin_matched_15,spinner dolphin_matched_15.jpg,Bottlenose Dolphin,spinner dolphin
marine,all_I=scale_down_S=3,spinner dolphin_matched_16,spinner dolphin_matched_16.jpg,Common Dolphin,spinner dolphin
marine,all_I=scale_down_S=3,spinner dolphin_matched_17,spinner dolphin_matched_17.jpg,Bottlenose Dolphin,spinner dolphin
marine,all_I=scale_down_S=3,spinner dolphin_matched_18,spinner dolphin_matched_18.jpg,Bottlenose Dolphin,spinner dolphin
marine,all_I=scale_down_S=3,spinner dolphin_matched_2,spinner dolphin_matched_2.jpg,Bottlenose Dolphin,spinner dolphin
marine,all_I=scale_down_S=3,spinner dolphin_matched_3,spinner dolphin_matched_3.jpg,Common Dolphin,spinner dolphin
marine,all_I=scale_down_S=3,spinner dolphin_matched_4,spinner dolphin_matched_4.jpg,Bottlenose Dolphin,spinner dolphin
marine,all_I=scale_down_S=3,spinner dolphin_matched_5,spinner dolphin_matched_5.jpg,Common Dolphin,spinner dolphin
marine,all_I=scale_down_S=3,spinner dolphin_matched_6,spinner dolphin_matched_6.jpg,Bottlenose Dolphin,spinner dolphin
marine,all_I=scale_down_S=3,spinner dolphin_matched_7,spinner dolphin_matched_7.jpg,Bottlenose Dolphin,spinner dolphin
marine,all_I=scale_down_S=3,spinner dolphin_matched_8,spinner dolphin_matched_8.jpg,Bottlenose Dolphin,spinner dolphin
marine,all_I=scale_down_S=3,spinner dolphin_matched_9,spinner dolphin_matched_9.jpg,Bottlenose Dolphin,spinner dolphin
marine,all_I=scale_down_S=3,striped dolphin_matched_1,striped dolphin_matched_1.jpg,Common Dolphin,striped dolphin
marine,all_I=scale_down_S=3,striped dolphin_matched_10,striped dolphin_matched_10.jpg,Common Dolphin,striped dolphin
marine,all_I=scale_down_S=3,striped dolphin_matched_11,striped dolphin_matched_11.jpg,Common Dolphin,striped dolphin
marine,all_I=scale_down_S=3,striped dolphin_matched_12,striped dolphin_matched_12.jpg,Bottlenose Dolphin,striped dolphin
marine,all_I=scale_down_S=3,striped dolphin_matched_13,striped dolphin_matched_13.jpg,Bottlenose Dolphin,striped dolphin
marine,all_I=scale_down_S=3,striped dolphin_matched_14,striped dolphin_matched_14.jpg,Common Dolphin,striped dolphin
marine,all_I=scale_down_S=3,striped dolphin_matched_15,striped dolphin_matched_15.jpg,Common Dolphin,striped dolphin
marine,all_I=scale_down_S=3,striped dolphin_matched_16,striped dolphin_matched_16.jpg,Bottlenose Dolphin,striped dolphin
marine,all_I=scale_down_S=3,striped dolphin_matched_17,striped dolphin_matched_17.jpg,Common Dolphin,striped dolphin
marine,all_I=scale_down_S=3,striped dolphin_matched_18,striped dolphin_matched_18.jpg,Common Dolphin,striped dolphin
marine,all_I=scale_down_S=3,striped dolphin_matched_19,striped dolphin_matched_19.jpg,Bottlenose Dolphin,striped dolphin
marine,all_I=scale_down_S=3,striped dolphin_matched_2,striped dolphin_matched_2.jpg,Common Dolphin,striped dolphin
marine,all_I=scale_down_S=3,striped dolphin_matched_20,striped dolphin_matched_20.jpg,Common Dolphin,striped dolphin
marine,all_I=scale_down_S=3,striped dolphin_matched_21,striped dolphin_matched_21.jpg,Common Dolphin,striped dolphin
marine,all_I=scale_down_S=3,striped dolphin_matched_22,striped dolphin_matched_22.jpg,Bottlenose Dolphin,striped dolphin
marine,all_I=scale_down_S=3,striped dolphin_matched_23,striped dolphin_matched_23.jpg,Common Dolphin,striped dolphin
marine,all_I=scale_down_S=3,striped dolphin_matched_24,striped dolphin_matched_24.jpg,Common Dolphin,striped dolphin
marine,all_I=scale_down_S=3,striped dolphin_matched_25,striped dolphin_matched_25.jpg,Common Dolphin,striped dolphin
marine,all_I=scale_down_S=3,striped dolphin_matched_26,striped dolphin_matched_26.jpg,Bottlenose Dolphin,striped dolphin
marine,all_I=scale_down_S=3,striped dolphin_matched_27,striped dolphin_matched_27.jpg,Bottlenose Dolphin,striped dolphin
marine,all_I=scale_down_S=3,striped dolphin_matched_28,striped dolphin_matched_28.jpg,Common Dolphin,striped dolphin
marine,all_I=scale_down_S=3,striped dolphin_matched_29,striped dolphin_matched_29.jpg,Bottlenose Dolphin,striped dolphin
marine,all_I=scale_down_S=3,striped dolphin_matched_3,striped dolphin_matched_3.jpg,Bottlenose Dolphin,striped dolphin
marine,all_I=scale_down_S=3,striped dolphin_matched_30,striped dolphin_matched_30.jpg,Common Dolphin,striped dolphin
marine,all_I=scale_down_S=3,striped dolphin_matched_31,striped dolphin_matched_31.jpg,Common Dolphin,striped dolphin
marine,all_I=scale_down_S=3,striped dolphin_matched_32,striped dolphin_matched_32.jpg,Bottlenose Dolphin,striped dolphin
marine,all_I=scale_down_S=3,striped dolphin_matched_33,striped dolphin_matched_33.jpg,Bottlenose Dolphin,striped dolphin
marine,all_I=scale_down_S=3,striped dolphin_matched_4,striped dolphin_matched_4.jpg,Bottlenose Dolphin,striped dolphin
marine,all_I=scale_down_S=3,striped dolphin_matched_5,striped dolphin_matched_5.jpg,Bottlenose Dolphin,striped dolphin
marine,all_I=scale_down_S=3,striped dolphin_matched_6,striped dolphin_matched_6.jpg,Common Dolphin,striped dolphin
marine,all_I=scale_down_S=3,striped dolphin_matched_7,striped dolphin_matched_7.jpg,Bottlenose Dolphin,striped dolphin
marine,all_I=scale_down_S=3,striped dolphin_matched_8,striped dolphin_matched_8.jpg,Bottlenose Dolphin,striped dolphin
marine,all_I=scale_down_S=3,striped dolphin_matched_9,striped dolphin_matched_9.jpg,Bottlenose Dolphin,striped dolphin
marine,all_I=scale_down_S=3,walrus_matched_1,walrus_matched_1.jpg,Walrus,walrus
marine,all_I=scale_down_S=3,walrus_matched_10,walrus_matched_10.jpg,Walrus,walrus
marine,all_I=scale_down_S=3,walrus_matched_11,walrus_matched_11.jpg,Walrus,walrus
marine,all_I=scale_down_S=3,walrus_matched_12,walrus_matched_12.jpg,Walrus,walrus
marine,all_I=scale_down_S=3,walrus_matched_13,walrus_matched_13.jpg,Walrus,walrus
marine,all_I=scale_down_S=3,walrus_matched_14,walrus_matched_14.jpg,Walrus,walrus
marine,all_I=scale_down_S=3,walrus_matched_15,walrus_matched_15.jpg,Walrus,walrus
marine,all_I=scale_down_S=3,walrus_matched_16,walrus_matched_16.jpg,Walrus,walrus
marine,all_I=scale_down_S=3,walrus_matched_17,walrus_matched_17.jpg,Walrus,walrus
marine,all_I=scale_down_S=3,walrus_matched_18,walrus_matched_18.jpg,Walrus,walrus
marine,all_I=scale_down_S=3,walrus_matched_19,walrus_matched_19.jpg,Walrus,walrus
marine,all_I=scale_down_S=3,walrus_matched_2,walrus_matched_2.jpg,Walrus,walrus
marine,all_I=scale_down_S=3,walrus_matched_20,walrus_matched_20.jpg,Walrus,walrus
marine,all_I=scale_down_S=3,walrus_matched_21,walrus_matched_21.jpg,Walrus,walrus
marine,all_I=scale_down_S=3,walrus_matched_22,walrus_matched_22.jpg,Walrus,walrus
marine,all_I=scale_down_S=3,walrus_matched_23,walrus_matched_23.jpg,Walrus,walrus
marine,all_I=scale_down_S=3,walrus_matched_24,walrus_matched_24.jpg,Walrus,walrus
marine,all_I=scale_down_S=3,walrus_matched_25,walrus_matched_25.jpg,Walrus,walrus
marine,all_I=scale_down_S=3,walrus_matched_26,walrus_matched_26.jpg,Walrus,walrus
marine,all_I=scale_down_S=3,walrus_matched_27,walrus_matched_27.jpg,Walrus,walrus
marine,all_I=scale_down_S=3,walrus_matched_28,walrus_matched_28.jpg,Walrus,walrus
marine,all_I=scale_down_S=3,walrus_matched_29,walrus_matched_29.jpg,Walrus,walrus
marine,all_I=scale_down_S=3,walrus_matched_3,walrus_matched_3.jpg,Walrus,walrus
marine,all_I=scale_down_S=3,walrus_matched_30,walrus_matched_30.jpg,Walrus,walrus
marine,all_I=scale_down_S=3,walrus_matched_31,walrus_matched_31.jpg,Walrus,walrus
marine,all_I=scale_down_S=3,walrus_matched_32,walrus_matched_32.jpg,Walrus,walrus
marine,all_I=scale_down_S=3,walrus_matched_33,walrus_matched_33.jpg,Walrus,walrus
marine,all_I=scale_down_S=3,walrus_matched_34,walrus_matched_34.jpg,Walrus,walrus
marine,all_I=scale_down_S=3,walrus_matched_35,walrus_matched_35.jpg,Walrus,walrus
marine,all_I=scale_down_S=3,walrus_matched_36,walrus_matched_36.jpg,Walrus,walrus
marine,all_I=scale_down_S=3,walrus_matched_4,walrus_matched_4.jpg,Walrus,walrus
marine,all_I=scale_down_S=3,walrus_matched_5,walrus_matched_5.jpg,Walrus,walrus
marine,all_I=scale_down_S=3,walrus_matched_6,walrus_matched_6.jpg,Walrus,walrus
marine,all_I=scale_down_S=3,walrus_matched_7,walrus_matched_7.jpg,Walrus,walrus
marine,all_I=scale_down_S=3,walrus_matched_8,walrus_matched_8.jpg,Walrus,walrus
marine,all_I=scale_down_S=3,walrus_matched_9,walrus_matched_9.jpg,Walrus,walrus
marine,all_I=scale_down_S=3,weddell seal_matched_1,weddell seal_matched_1.jpg,Leopard Seal,weddell seal
marine,all_I=scale_down_S=3,weddell seal_matched_10,weddell seal_matched_10.jpg,Leopard Seal,weddell seal
marine,all_I=scale_down_S=3,weddell seal_matched_11,weddell seal_matched_11.jpg,Leopard Seal,weddell seal
marine,all_I=scale_down_S=3,weddell seal_matched_12,weddell seal_matched_12.jpg,Harper Seal,weddell seal
marine,all_I=scale_down_S=3,weddell seal_matched_13,weddell seal_matched_13.jpg,Leopard Seal,weddell seal
marine,all_I=scale_down_S=3,weddell seal_matched_14,weddell seal_matched_14.jpg,Leopard Seal,weddell seal
marine,all_I=scale_down_S=3,weddell seal_matched_15,weddell seal_matched_15.jpg,Harp Seal,weddell seal
marine,all_I=scale_down_S=3,weddell seal_matched_16,weddell seal_matched_16.jpg,Leopard Seal,weddell seal
marine,all_I=scale_down_S=3,weddell seal_matched_2,weddell seal_matched_2.jpg,Leopard Seal,weddell seal
marine,all_I=scale_down_S=3,weddell seal_matched_3,weddell seal_matched_3.jpg,Harp Seal,weddell seal
marine,all_I=scale_down_S=3,weddell seal_matched_4,weddell seal_matched_4.jpg,Leopard Seal,weddell seal
marine,all_I=scale_down_S=3,weddell seal_matched_5,weddell seal_matched_5.jpg,Harper Seal,weddell seal
marine,all_I=scale_down_S=3,weddell seal_matched_6,weddell seal_matched_6.jpg,Leopard Seal,weddell seal
marine,all_I=scale_down_S=3,weddell seal_matched_7,weddell seal_matched_7.jpg,Leopard Seal,weddell seal
marine,all_I=scale_down_S=3,weddell seal_matched_8,weddell seal_matched_8.jpg,Leopard Seal,weddell seal
marine,all_I=scale_down_S=3,weddell seal_matched_9,weddell seal_matched_9.jpg,Harp Seal,weddell seal
marine,all_I=scale_down_S=3,white-beaked dolphin_matched_1,white-beaked dolphin_matched_1.jpg,Common Dolphin,white-beaked dolphin
marine,all_I=scale_down_S=3,white-beaked dolphin_matched_10,white-beaked dolphin_matched_10.jpg,Common Dolphin,white-beaked dolphin
marine,all_I=scale_down_S=3,white-beaked dolphin_matched_11,white-beaked dolphin_matched_11.jpg,Bottlenose Dolphin,white-beaked dolphin
marine,all_I=scale_down_S=3,white-beaked dolphin_matched_12,white-beaked dolphin_matched_12.jpg,False Killer Whale,white-beaked dolphin
marine,all_I=scale_down_S=3,white-beaked dolphin_matched_13,white-beaked dolphin_matched_13.jpg,False Killer Whale,white-beaked dolphin
marine,all_I=scale_down_S=3,white-beaked dolphin_matched_14,white-beaked dolphin_matched_14.jpg,False Killer Whale,white-beaked dolphin
marine,all_I=scale_down_S=3,white-beaked dolphin_matched_15,white-beaked dolphin_matched_15.jpg,Bottlenose Dolphin,white-beaked dolphin
marine,all_I=scale_down_S=3,white-beaked dolphin_matched_16,white-beaked dolphin_matched_16.jpg,Bottlenose Dolphin,white-beaked dolphin
marine,all_I=scale_down_S=3,white-beaked dolphin_matched_2,white-beaked dolphin_matched_2.jpg,False Killer Whale,white-beaked dolphin
marine,all_I=scale_down_S=3,white-beaked dolphin_matched_3,white-beaked dolphin_matched_3.jpg,False Killer Whale,white-beaked dolphin
marine,all_I=scale_down_S=3,white-beaked dolphin_matched_4,white-beaked dolphin_matched_4.jpg,False Killer Whale,white-beaked dolphin
marine,all_I=scale_down_S=3,white-beaked dolphin_matched_5,white-beaked dolphin_matched_5.jpg,False Killer Whale,white-beaked dolphin
marine,all_I=scale_down_S=3,white-beaked dolphin_matched_6,white-beaked dolphin_matched_6.jpg,Bottlenose Dolphin,white-beaked dolphin
marine,all_I=scale_down_S=3,white-beaked dolphin_matched_7,white-beaked dolphin_matched_7.jpg,Bottlenose Dolphin,white-beaked dolphin
marine,all_I=scale_down_S=3,white-beaked dolphin_matched_8,white-beaked dolphin_matched_8.jpg,False Killer Whale,white-beaked dolphin
marine,all_I=scale_down_S=3,white-beaked dolphin_matched_9,white-beaked dolphin_matched_9.jpg,False Killer Whale,white-beaked dolphin
marine,all_I=scale_down_S=3,white-sided dolphin_inat_1,white-sided dolphin_inat_1.jpg,Common Dolphin,white-sided dolphin
marine,all_I=scale_down_S=3,white-sided dolphin_inat_10,white-sided dolphin_inat_10.jpg,False Killer Whale,white-sided dolphin
marine,all_I=scale_down_S=3,white-sided dolphin_inat_11,white-sided dolphin_inat_11.jpg,Bottlenose Dolphin,white-sided dolphin
marine,all_I=scale_down_S=3,white-sided dolphin_inat_12,white-sided dolphin_inat_12.jpg,Humpback Whale,white-sided dolphin
marine,all_I=scale_down_S=3,white-sided dolphin_inat_13,white-sided dolphin_inat_13.jpg,Common Dolphin,white-sided dolphin
marine,all_I=scale_down_S=3,white-sided dolphin_inat_14,white-sided dolphin_inat_14.jpg,Common Dolphin,white-sided dolphin
marine,all_I=scale_down_S=3,white-sided dolphin_inat_15,white-sided dolphin_inat_15.jpg,Bottlenose Dolphin,white-sided dolphin
marine,all_I=scale_down_S=3,white-sided dolphin_inat_16,white-sided dolphin_inat_16.jpg,False Killer Whale,white-sided dolphin
marine,all_I=scale_down_S=3,white-sided dolphin_inat_2,white-sided dolphin_inat_2.jpg,Bottlenose Dolphin,white-sided dolphin
marine,all_I=scale_down_S=3,white-sided dolphin_inat_3,white-sided dolphin_inat_3.jpg,Bottlenose Dolphin,white-sided dolphin
marine,all_I=scale_down_S=3,white-sided dolphin_inat_4,white-sided dolphin_inat_4.jpg,Common Dolphin,white-sided dolphin
marine,all_I=scale_down_S=3,white-sided dolphin_inat_5,white-sided dolphin_inat_5.jpg,Common Dolphin,white-sided dolphin
marine,all_I=scale_down_S=3,white-sided dolphin_inat_6,white-sided dolphin_inat_6.jpg,Common Dolphin,white-sided dolphin
marine,all_I=scale_down_S=3,white-sided dolphin_inat_7,white-sided dolphin_inat_7.jpg,Bottlenose Dolphin,white-sided dolphin
marine,all_I=scale_down_S=3,white-sided dolphin_inat_8,white-sided dolphin_inat_8.jpg,Killer Whale,white-sided dolphin
marine,all_I=scale_down_S=3,white-sided dolphin_inat_9,white-sided dolphin_inat_9.jpg,Bottlenose Dolphin,white-sided dolphin
marine,all_I=zoom_blur_S=3,atlantic spotted dolphin_matched_1,atlantic spotted dolphin_matched_1.jpg,Bottlenose Dolphin,atlantic spotted dolphin
marine,all_I=zoom_blur_S=3,atlantic spotted dolphin_matched_10,atlantic spotted dolphin_matched_10.jpg,Bottlenose Dolphin,atlantic spotted dolphin
marine,all_I=zoom_blur_S=3,atlantic spotted dolphin_matched_11,atlantic spotted dolphin_matched_11.jpg,Bottlenose Dolphin,atlantic spotted dolphin
marine,all_I=zoom_blur_S=3,atlantic spotted dolphin_matched_12,atlantic spotted dolphin_matched_12.jpg,Bottlenose Dolphin,atlantic spotted dolphin
marine,all_I=zoom_blur_S=3,atlantic spotted dolphin_matched_13,atlantic spotted dolphin_matched_13.jpg,Clymene Dolphin,atlantic spotted dolphin
marine,all_I=zoom_blur_S=3,atlantic spotted dolphin_matched_14,atlantic spotted dolphin_matched_14.jpg,Killer Whale,atlantic spotted dolphin
marine,all_I=zoom_blur_S=3,atlantic spotted dolphin_matched_15,atlantic spotted dolphin_matched_15.jpg,Bottlenose Dolphin,atlantic spotted dolphin
marine,all_I=zoom_blur_S=3,atlantic spotted dolphin_matched_16,atlantic spotted dolphin_matched_16.jpg,Beluga White Whale,atlantic spotted dolphin
marine,all_I=zoom_blur_S=3,atlantic spotted dolphin_matched_17,atlantic spotted dolphin_matched_17.jpg,Common Dolphin,atlantic spotted dolphin
marine,all_I=zoom_blur_S=3,atlantic spotted dolphin_matched_18,atlantic spotted dolphin_matched_18.jpg,False Killer Whale,atlantic spotted dolphin
marine,all_I=zoom_blur_S=3,atlantic spotted dolphin_matched_19,atlantic spotted dolphin_matched_19.jpg,Bottlenose Dolphin,atlantic spotted dolphin
marine,all_I=zoom_blur_S=3,atlantic spotted dolphin_matched_2,atlantic spotted dolphin_matched_2.jpg,Bottlenose Dolphin,atlantic spotted dolphin
marine,all_I=zoom_blur_S=3,atlantic spotted dolphin_matched_20,atlantic spotted dolphin_matched_20.jpg,False Killer Whale,atlantic spotted dolphin
marine,all_I=zoom_blur_S=3,atlantic spotted dolphin_matched_21,atlantic spotted dolphin_matched_21.jpg,Bottlenose Dolphin,atlantic spotted dolphin
marine,all_I=zoom_blur_S=3,atlantic spotted dolphin_matched_22,atlantic spotted dolphin_matched_22.jpg,Pantropical Spotted Dolphin,atlantic spotted dolphin
marine,all_I=zoom_blur_S=3,atlantic spotted dolphin_matched_23,atlantic spotted dolphin_matched_23.jpg,Clymene Dolphin,atlantic spotted dolphin
marine,all_I=zoom_blur_S=3,atlantic spotted dolphin_matched_3,atlantic spotted dolphin_matched_3.jpg,Bottlenose Dolphin,atlantic spotted dolphin
marine,all_I=zoom_blur_S=3,atlantic spotted dolphin_matched_4,atlantic spotted dolphin_matched_4.jpg,Bottlenose Dolphin,atlantic spotted dolphin
marine,all_I=zoom_blur_S=3,atlantic spotted dolphin_matched_5,atlantic spotted dolphin_matched_5.jpg,False Killer Whale,atlantic spotted dolphin
marine,all_I=zoom_blur_S=3,atlantic spotted dolphin_matched_6,atlantic spotted dolphin_matched_6.jpg,False Killer Whale,atlantic spotted dolphin
marine,all_I=zoom_blur_S=3,atlantic spotted dolphin_matched_7,atlantic spotted dolphin_matched_7.jpg,Bottlenose Dolphin,atlantic spotted dolphin
marine,all_I=zoom_blur_S=3,atlantic spotted dolphin_matched_8,atlantic spotted dolphin_matched_8.jpg,False Killer Whale,atlantic spotted dolphin
marine,all_I=zoom_blur_S=3,atlantic spotted dolphin_matched_9,atlantic spotted dolphin_matched_9.jpg,Bottlenose Dolphin,atlantic spotted dolphin
marine,all_I=zoom_blur_S=3,bearded seal_inat_1,bearded seal_inat_1.jpg,Harper Seal,bearded seal
marine,all_I=zoom_blur_S=3,bearded seal_inat_10,bearded seal_inat_10.jpg,Leopard Seal,bearded seal
marine,all_I=zoom_blur_S=3,bearded seal_inat_11,bearded seal_inat_11.jpg,Leopard Seal,bearded seal
marine,all_I=zoom_blur_S=3,bearded seal_inat_12,bearded seal_inat_12.jpg,Harper Seal,bearded seal
marine,all_I=zoom_blur_S=3,bearded seal_inat_13,bearded seal_inat_13.jpg,Leopard Seal,bearded seal
marine,all_I=zoom_blur_S=3,bearded seal_inat_14,bearded seal_inat_14.jpg,Leopard Seal,bearded seal
marine,all_I=zoom_blur_S=3,bearded seal_inat_15,bearded seal_inat_15.jpg,Leopard Seal,bearded seal
marine,all_I=zoom_blur_S=3,bearded seal_inat_16,bearded seal_inat_16.jpg,Leopard Seal,bearded seal
marine,all_I=zoom_blur_S=3,bearded seal_inat_2,bearded seal_inat_2.jpg,Harp Seal,bearded seal
marine,all_I=zoom_blur_S=3,bearded seal_inat_3,bearded seal_inat_3.jpg,Harper Seal,bearded seal
marine,all_I=zoom_blur_S=3,bearded seal_inat_4,bearded seal_inat_4.jpg,Leopard Seal,bearded seal
marine,all_I=zoom_blur_S=3,bearded seal_inat_5,bearded seal_inat_5.jpg,Leopard Seal,bearded seal
marine,all_I=zoom_blur_S=3,bearded seal_inat_6,bearded seal_inat_6.jpg,Leopard Seal,bearded seal
marine,all_I=zoom_blur_S=3,bearded seal_inat_7,bearded seal_inat_7.jpg,Leopard Seal,bearded seal
marine,all_I=zoom_blur_S=3,bearded seal_inat_8,bearded seal_inat_8.jpg,Walrus,bearded seal
marine,all_I=zoom_blur_S=3,bearded seal_inat_9,bearded seal_inat_9.jpg,Leopard Seal,bearded seal
marine,all_I=zoom_blur_S=3,beluga white whale_inat_1,beluga white whale_inat_1.jpg,False Killer Whale,beluga white whale
marine,all_I=zoom_blur_S=3,beluga white whale_inat_10,beluga white whale_inat_10.jpg,White-beaked Dolphin,beluga white whale
marine,all_I=zoom_blur_S=3,beluga white whale_inat_11,beluga white whale_inat_11.jpg,White-beaked Dolphin,beluga white whale
marine,all_I=zoom_blur_S=3,beluga white whale_inat_12,beluga white whale_inat_12.jpg,Beluga White Whale,beluga white whale
marine,all_I=zoom_blur_S=3,beluga white whale_inat_13,beluga white whale_inat_13.jpg,White-beaked Dolphin,beluga white whale
marine,all_I=zoom_blur_S=3,beluga white whale_inat_14,beluga white whale_inat_14.jpg,Beluga White Whale,beluga white whale
marine,all_I=zoom_blur_S=3,beluga white whale_inat_15,beluga white whale_inat_15.jpg,Beluga White Whale,beluga white whale
marine,all_I=zoom_blur_S=3,beluga white whale_inat_16,beluga white whale_inat_16.jpg,Beluga White Whale,beluga white whale
marine,all_I=zoom_blur_S=3,beluga white whale_inat_2,beluga white whale_inat_2.jpg,White-beaked Dolphin,beluga white whale
marine,all_I=zoom_blur_S=3,beluga white whale_inat_3,beluga white whale_inat_3.jpg,White-beaked Dolphin,beluga white whale
marine,all_I=zoom_blur_S=3,beluga white whale_inat_4,beluga white whale_inat_4.jpg,White-beaked Dolphin,beluga white whale
marine,all_I=zoom_blur_S=3,beluga white whale_inat_5,beluga white whale_inat_5.jpg,False Killer Whale,beluga white whale
marine,all_I=zoom_blur_S=3,beluga white whale_inat_6,beluga white whale_inat_6.jpg,False Killer Whale,beluga white whale
marine,all_I=zoom_blur_S=3,beluga white whale_inat_7,beluga white whale_inat_7.jpg,False Killer Whale,beluga white whale
marine,all_I=zoom_blur_S=3,beluga white whale_inat_8,beluga white whale_inat_8.jpg,False Killer Whale,beluga white whale
marine,all_I=zoom_blur_S=3,beluga white whale_inat_9,beluga white whale_inat_9.jpg,White-beaked Dolphin,beluga white whale
marine,all_I=zoom_blur_S=3,bottlenose dolphin_inat_1,bottlenose dolphin_inat_1.jpg,Beluga White Whale,bottlenose dolphin
marine,all_I=zoom_blur_S=3,bottlenose dolphin_inat_10,bottlenose dolphin_inat_10.jpg,Bottlenose Dolphin,bottlenose dolphin
marine,all_I=zoom_blur_S=3,bottlenose dolphin_inat_11,bottlenose dolphin_inat_11.jpg,Bearded Seal,bottlenose dolphin
marine,all_I=zoom_blur_S=3,bottlenose dolphin_inat_12,bottlenose dolphin_inat_12.jpg,White-sided Dolphin,bottlenose dolphin
marine,all_I=zoom_blur_S=3,bottlenose dolphin_inat_13,bottlenose dolphin_inat_13.jpg,Bottlenose Dolphin,bottlenose dolphin
marine,all_I=zoom_blur_S=3,bottlenose dolphin_inat_14,bottlenose dolphin_inat_14.jpg,Bottlenose Dolphin,bottlenose dolphin
marine,all_I=zoom_blur_S=3,bottlenose dolphin_inat_15,bottlenose dolphin_inat_15.jpg,Common Dolphin,bottlenose dolphin
marine,all_I=zoom_blur_S=3,bottlenose dolphin_inat_16,bottlenose dolphin_inat_16.jpg,Bottlenose Dolphin,bottlenose dolphin
marine,all_I=zoom_blur_S=3,bottlenose dolphin_inat_2,bottlenose dolphin_inat_2.jpg,False Killer Whale,bottlenose dolphin
marine,all_I=zoom_blur_S=3,bottlenose dolphin_inat_3,bottlenose dolphin_inat_3.jpg,Bottlenose Dolphin,bottlenose dolphin
marine,all_I=zoom_blur_S=3,bottlenose dolphin_inat_4,bottlenose dolphin_inat_4.jpg,Bottlenose Dolphin,bottlenose dolphin
marine,all_I=zoom_blur_S=3,bottlenose dolphin_inat_5,bottlenose dolphin_inat_5.jpg,Common Dolphin,bottlenose dolphin
marine,all_I=zoom_blur_S=3,bottlenose dolphin_inat_6,bottlenose dolphin_inat_6.jpg,Bottlenose Dolphin,bottlenose dolphin
marine,all_I=zoom_blur_S=3,bottlenose dolphin_inat_7,bottlenose dolphin_inat_7.jpg,Bottlenose Dolphin,bottlenose dolphin
marine,all_I=zoom_blur_S=3,bottlenose dolphin_inat_8,bottlenose dolphin_inat_8.jpg,Bottlenose Dolphin,bottlenose dolphin
marine,all_I=zoom_blur_S=3,bottlenose dolphin_inat_9,bottlenose dolphin_inat_9.jpg,Bottlenose Dolphin,bottlenose dolphin
marine,all_I=zoom_blur_S=3,bowhead whale_matched_1,bowhead whale_matched_1.jpg,Bottlenose Dolphin,bowhead whale
marine,all_I=zoom_blur_S=3,bowhead whale_matched_10,bowhead whale_matched_10.jpg,Humpback Whale,bowhead whale
marine,all_I=zoom_blur_S=3,bowhead whale_matched_11,bowhead whale_matched_11.jpg,Humpback Whale,bowhead whale
marine,all_I=zoom_blur_S=3,bowhead whale_matched_12,bowhead whale_matched_12.jpg,Fin Finback Whale,bowhead whale
marine,all_I=zoom_blur_S=3,bowhead whale_matched_13,bowhead whale_matched_13.jpg,Killer Whale,bowhead whale
marine,all_I=zoom_blur_S=3,bowhead whale_matched_14,bowhead whale_matched_14.jpg,Killer Whale,bowhead whale
marine,all_I=zoom_blur_S=3,bowhead whale_matched_15,bowhead whale_matched_15.jpg,False Killer Whale,bowhead whale
marine,all_I=zoom_blur_S=3,bowhead whale_matched_16,bowhead whale_matched_16.jpg,Fin Finback Whale,bowhead whale
marine,all_I=zoom_blur_S=3,bowhead whale_matched_2,bowhead whale_matched_2.jpg,Killer Whale,bowhead whale
marine,all_I=zoom_blur_S=3,bowhead whale_matched_3,bowhead whale_matched_3.jpg,Minke Whale,bowhead whale
marine,all_I=zoom_blur_S=3,bowhead whale_matched_4,bowhead whale_matched_4.jpg,Humpback Whale,bowhead whale
marine,all_I=zoom_blur_S=3,bowhead whale_matched_5,bowhead whale_matched_5.jpg,Humpback Whale,bowhead whale
marine,all_I=zoom_blur_S=3,bowhead whale_matched_6,bowhead whale_matched_6.jpg,Sperm Whale,bowhead whale
marine,all_I=zoom_blur_S=3,bowhead whale_matched_7,bowhead whale_matched_7.jpg,Fin Finback Whale,bowhead whale
marine,all_I=zoom_blur_S=3,bowhead whale_matched_8,bowhead whale_matched_8.jpg,Humpback Whale,bowhead whale
marine,all_I=zoom_blur_S=3,bowhead whale_matched_9,bowhead whale_matched_9.jpg,False Killer Whale,bowhead whale
marine,all_I=zoom_blur_S=3,clymene dolphin_matched_1,clymene dolphin_matched_1.jpg,Common Dolphin,clymene dolphin
marine,all_I=zoom_blur_S=3,clymene dolphin_matched_10,clymene dolphin_matched_10.jpg,Bottlenose Dolphin,clymene dolphin
marine,all_I=zoom_blur_S=3,clymene dolphin_matched_11,clymene dolphin_matched_11.jpg,Bottlenose Dolphin,clymene dolphin
marine,all_I=zoom_blur_S=3,clymene dolphin_matched_12,clymene dolphin_matched_12.jpg,Bottlenose Dolphin,clymene dolphin
marine,all_I=zoom_blur_S=3,clymene dolphin_matched_13,clymene dolphin_matched_13.jpg,Killer Whale,clymene dolphin
marine,all_I=zoom_blur_S=3,clymene dolphin_matched_14,clymene dolphin_matched_14.jpg,Bottlenose Dolphin,clymene dolphin
marine,all_I=zoom_blur_S=3,clymene dolphin_matched_15,clymene dolphin_matched_15.jpg,Bottlenose Dolphin,clymene dolphin
marine,all_I=zoom_blur_S=3,clymene dolphin_matched_16,clymene dolphin_matched_16.jpg,Bottlenose Dolphin,clymene dolphin
marine,all_I=zoom_blur_S=3,clymene dolphin_matched_17,clymene dolphin_matched_17.jpg,Killer Whale,clymene dolphin
marine,all_I=zoom_blur_S=3,clymene dolphin_matched_18,clymene dolphin_matched_18.jpg,Bottlenose Dolphin,clymene dolphin
marine,all_I=zoom_blur_S=3,clymene dolphin_matched_19,clymene dolphin_matched_19.jpg,Bottlenose Dolphin,clymene dolphin
marine,all_I=zoom_blur_S=3,clymene dolphin_matched_2,clymene dolphin_matched_2.jpg,Bottlenose Dolphin,clymene dolphin
marine,all_I=zoom_blur_S=3,clymene dolphin_matched_3,clymene dolphin_matched_3.jpg,Bottlenose Dolphin,clymene dolphin
marine,all_I=zoom_blur_S=3,clymene dolphin_matched_4,clymene dolphin_matched_4.jpg,Bottlenose Dolphin,clymene dolphin
marine,all_I=zoom_blur_S=3,clymene dolphin_matched_5,clymene dolphin_matched_5.jpg,Bottlenose Dolphin,clymene dolphin
marine,all_I=zoom_blur_S=3,clymene dolphin_matched_6,clymene dolphin_matched_6.jpg,Common Dolphin,clymene dolphin
marine,all_I=zoom_blur_S=3,clymene dolphin_matched_7,clymene dolphin_matched_7.jpg,Bottlenose Dolphin,clymene dolphin
marine,all_I=zoom_blur_S=3,clymene dolphin_matched_8,clymene dolphin_matched_8.jpg,Bottlenose Dolphin,clymene dolphin
marine,all_I=zoom_blur_S=3,clymene dolphin_matched_9,clymene dolphin_matched_9.jpg,Common Dolphin,clymene dolphin
marine,all_I=zoom_blur_S=3,common dolphin_matched_1,common dolphin_matched_1.jpg,Common Dolphin,common dolphin
marine,all_I=zoom_blur_S=3,common dolphin_matched_10,common dolphin_matched_10.jpg,Bottlenose Dolphin,common dolphin
marine,all_I=zoom_blur_S=3,common dolphin_matched_11,common dolphin_matched_11.jpg,Common Dolphin,common dolphin
marine,all_I=zoom_blur_S=3,common dolphin_matched_12,common dolphin_matched_12.jpg,Bottlenose Dolphin,common dolphin
marine,all_I=zoom_blur_S=3,common dolphin_matched_13,common dolphin_matched_13.jpg,Bottlenose Dolphin,common dolphin
marine,all_I=zoom_blur_S=3,common dolphin_matched_14,common dolphin_matched_14.jpg,Common Dolphin,common dolphin
marine,all_I=zoom_blur_S=3,common dolphin_matched_15,common dolphin_matched_15.jpg,Bottlenose Dolphin,common dolphin
marine,all_I=zoom_blur_S=3,common dolphin_matched_16,common dolphin_matched_16.jpg,Common Dolphin,common dolphin
marine,all_I=zoom_blur_S=3,common dolphin_matched_17,common dolphin_matched_17.jpg,Common Dolphin,common dolphin
marine,all_I=zoom_blur_S=3,common dolphin_matched_18,common dolphin_matched_18.jpg,Common Dolphin,common dolphin
marine,all_I=zoom_blur_S=3,common dolphin_matched_19,common dolphin_matched_19.jpg,Bottlenose Dolphin,common dolphin
marine,all_I=zoom_blur_S=3,common dolphin_matched_2,common dolphin_matched_2.jpg,Bottlenose Dolphin,common dolphin
marine,all_I=zoom_blur_S=3,common dolphin_matched_20,common dolphin_matched_20.jpg,Bottlenose Dolphin,common dolphin
marine,all_I=zoom_blur_S=3,common dolphin_matched_21,common dolphin_matched_21.jpg,False Killer Whale,common dolphin
marine,all_I=zoom_blur_S=3,common dolphin_matched_22,common dolphin_matched_22.jpg,Bottlenose Dolphin,common dolphin
marine,all_I=zoom_blur_S=3,common dolphin_matched_23,common dolphin_matched_23.jpg,False Killer Whale,common dolphin
marine,all_I=zoom_blur_S=3,common dolphin_matched_24,common dolphin_matched_24.jpg,White-sided Dolphin,common dolphin
marine,all_I=zoom_blur_S=3,common dolphin_matched_25,common dolphin_matched_25.jpg,Common Dolphin,common dolphin
marine,all_I=zoom_blur_S=3,common dolphin_matched_26,common dolphin_matched_26.jpg,False Killer Whale,common dolphin
marine,all_I=zoom_blur_S=3,common dolphin_matched_27,common dolphin_matched_27.jpg,Killer Whale,common dolphin
marine,all_I=zoom_blur_S=3,common dolphin_matched_28,common dolphin_matched_28.jpg,Common Dolphin,common dolphin
marine,all_I=zoom_blur_S=3,common dolphin_matched_29,common dolphin_matched_29.jpg,Common Dolphin,common dolphin
marine,all_I=zoom_blur_S=3,common dolphin_matched_3,common dolphin_matched_3.jpg,Common Dolphin,common dolphin
marine,all_I=zoom_blur_S=3,common dolphin_matched_30,common dolphin_matched_30.jpg,Common Dolphin,common dolphin
marine,all_I=zoom_blur_S=3,common dolphin_matched_31,common dolphin_matched_31.jpg,Bottlenose Dolphin,common dolphin
marine,all_I=zoom_blur_S=3,common dolphin_matched_32,common dolphin_matched_32.jpg,White-sided Dolphin,common dolphin
marine,all_I=zoom_blur_S=3,common dolphin_matched_33,common dolphin_matched_33.jpg,Bottlenose Dolphin,common dolphin
marine,all_I=zoom_blur_S=3,common dolphin_matched_34,common dolphin_matched_34.jpg,Bottlenose Dolphin,common dolphin
marine,all_I=zoom_blur_S=3,common dolphin_matched_35,common dolphin_matched_35.jpg,Bottlenose Dolphin,common dolphin
marine,all_I=zoom_blur_S=3,common dolphin_matched_36,common dolphin_matched_36.jpg,Bottlenose Dolphin,common dolphin
marine,all_I=zoom_blur_S=3,common dolphin_matched_4,common dolphin_matched_4.jpg,Bottlenose Dolphin,common dolphin
marine,all_I=zoom_blur_S=3,common dolphin_matched_5,common dolphin_matched_5.jpg,Bottlenose Dolphin,common dolphin
marine,all_I=zoom_blur_S=3,common dolphin_matched_6,common dolphin_matched_6.jpg,Common Dolphin,common dolphin
marine,all_I=zoom_blur_S=3,common dolphin_matched_7,common dolphin_matched_7.jpg,Bottlenose Dolphin,common dolphin
marine,all_I=zoom_blur_S=3,common dolphin_matched_8,common dolphin_matched_8.jpg,Common Dolphin,common dolphin
marine,all_I=zoom_blur_S=3,common dolphin_matched_9,common dolphin_matched_9.jpg,Bottlenose Dolphin,common dolphin
marine,all_I=zoom_blur_S=3,false killer whale_matched_1,false killer whale_matched_1.jpg,False Killer Whale,false killer whale
marine,all_I=zoom_blur_S=3,false killer whale_matched_10,false killer whale_matched_10.jpg,False Killer Whale,false killer whale
marine,all_I=zoom_blur_S=3,false killer whale_matched_11,false killer whale_matched_11.jpg,False Killer Whale,false killer whale
marine,all_I=zoom_blur_S=3,false killer whale_matched_12,false killer whale_matched_12.jpg,False Killer Whale,false killer whale
marine,all_I=zoom_blur_S=3,false killer whale_matched_13,false killer whale_matched_13.jpg,Killer Whale,false killer whale
marine,all_I=zoom_blur_S=3,false killer whale_matched_14,false killer whale_matched_14.jpg,False Killer Whale,false killer whale
marine,all_I=zoom_blur_S=3,false killer whale_matched_15,false killer whale_matched_15.jpg,False Killer Whale,false killer whale
marine,all_I=zoom_blur_S=3,false killer whale_matched_16,false killer whale_matched_16.jpg,False Killer Whale,false killer whale
marine,all_I=zoom_blur_S=3,false killer whale_matched_2,false killer whale_matched_2.jpg,False Killer Whale,false killer whale
marine,all_I=zoom_blur_S=3,false killer whale_matched_3,false killer whale_matched_3.jpg,Bottlenose Dolphin,false killer whale
marine,all_I=zoom_blur_S=3,false killer whale_matched_4,false killer whale_matched_4.jpg,False Killer Whale,false killer whale
marine,all_I=zoom_blur_S=3,false killer whale_matched_5,false killer whale_matched_5.jpg,Bottlenose Dolphin,false killer whale
marine,all_I=zoom_blur_S=3,false killer whale_matched_6,false killer whale_matched_6.jpg,False Killer Whale,false killer whale
marine,all_I=zoom_blur_S=3,false killer whale_matched_7,false killer whale_matched_7.jpg,False Killer Whale,false killer whale
marine,all_I=zoom_blur_S=3,false killer whale_matched_8,false killer whale_matched_8.jpg,False Killer Whale,false killer whale
marine,all_I=zoom_blur_S=3,false killer whale_matched_9,false killer whale_matched_9.jpg,Killer Whale,false killer whale
marine,all_I=zoom_blur_S=3,fin finback whale_inat_1,fin finback whale_inat_1.jpg,False Killer Whale,fin finback whale
marine,all_I=zoom_blur_S=3,fin finback whale_inat_10,fin finback whale_inat_10.jpg,Bottlenose Dolphin,fin finback whale
marine,all_I=zoom_blur_S=3,fin finback whale_inat_11,fin finback whale_inat_11.jpg,Leopard Seal,fin finback whale
marine,all_I=zoom_blur_S=3,fin finback whale_inat_12,fin finback whale_inat_12.jpg,False Killer Whale,fin finback whale
marine,all_I=zoom_blur_S=3,fin finback whale_inat_13,fin finback whale_inat_13.jpg,Fin Finback Whale,fin finback whale
marine,all_I=zoom_blur_S=3,fin finback whale_inat_14,fin finback whale_inat_14.jpg,Sperm Whale,fin finback whale
marine,all_I=zoom_blur_S=3,fin finback whale_inat_15,fin finback whale_inat_15.jpg,Clione limacina,fin finback whale
marine,all_I=zoom_blur_S=3,fin finback whale_inat_16,fin finback whale_inat_16.jpg,Bottlenose Dolphin,fin finback whale
marine,all_I=zoom_blur_S=3,fin finback whale_inat_2,fin finback whale_inat_2.jpg,False Killer Whale,fin finback whale
marine,all_I=zoom_blur_S=3,fin finback whale_inat_3,fin finback whale_inat_3.jpg,Fin Finback Whale,fin finback whale
marine,all_I=zoom_blur_S=3,fin finback whale_inat_4,fin finback whale_inat_4.jpg,Leopard Seal,fin finback whale
marine,all_I=zoom_blur_S=3,fin finback whale_inat_5,fin finback whale_inat_5.jpg,False Killer Whale,fin finback whale
marine,all_I=zoom_blur_S=3,fin finback whale_inat_6,fin finback whale_inat_6.jpg,Striped Dolphin,fin finback whale
marine,all_I=zoom_blur_S=3,fin finback whale_inat_7,fin finback whale_inat_7.jpg,None of the provided species labels match the description of a butterfly.,fin finback whale
marine,all_I=zoom_blur_S=3,fin finback whale_inat_8,fin finback whale_inat_8.jpg,Pantropical Spotted Dolphin,fin finback whale
marine,all_I=zoom_blur_S=3,fin finback whale_inat_9,fin finback whale_inat_9.jpg,False Killer Whale,fin finback whale
marine,all_I=zoom_blur_S=3,frasers dolphin_inat_1,frasers dolphin_inat_1.jpg,White-beaked Dolphin,frasers dolphin
marine,all_I=zoom_blur_S=3,frasers dolphin_inat_10,frasers dolphin_inat_10.jpg,Bottlenose Dolphin,frasers dolphin
marine,all_I=zoom_blur_S=3,frasers dolphin_inat_11,frasers dolphin_inat_11.jpg,Bottlenose Dolphin,frasers dolphin
marine,all_I=zoom_blur_S=3,frasers dolphin_inat_12,frasers dolphin_inat_12.jpg,Common Dolphin,frasers dolphin
marine,all_I=zoom_blur_S=3,frasers dolphin_inat_13,frasers dolphin_inat_13.jpg,False Killer Whale,frasers dolphin
marine,all_I=zoom_blur_S=3,frasers dolphin_inat_14,frasers dolphin_inat_14.jpg,Bottlenose Dolphin,frasers dolphin
marine,all_I=zoom_blur_S=3,frasers dolphin_inat_15,frasers dolphin_inat_15.jpg,Bottlenose Dolphin,frasers dolphin
marine,all_I=zoom_blur_S=3,frasers dolphin_inat_16,frasers dolphin_inat_16.jpg,Bottlenose Dolphin,frasers dolphin
marine,all_I=zoom_blur_S=3,frasers dolphin_inat_2,frasers dolphin_inat_2.jpg,Bottlenose Dolphin,frasers dolphin
marine,all_I=zoom_blur_S=3,frasers dolphin_inat_3,frasers dolphin_inat_3.jpg,Killer Whale,frasers dolphin
marine,all_I=zoom_blur_S=3,frasers dolphin_inat_4,frasers dolphin_inat_4.jpg,Bottlenose Dolphin,frasers dolphin
marine,all_I=zoom_blur_S=3,frasers dolphin_inat_5,frasers dolphin_inat_5.jpg,Bottlenose Dolphin,frasers dolphin
marine,all_I=zoom_blur_S=3,frasers dolphin_inat_6,frasers dolphin_inat_6.jpg,Bottlenose Dolphin,frasers dolphin
marine,all_I=zoom_blur_S=3,frasers dolphin_inat_7,frasers dolphin_inat_7.jpg,Bottlenose Dolphin,frasers dolphin
marine,all_I=zoom_blur_S=3,frasers dolphin_inat_8,frasers dolphin_inat_8.jpg,Bottlenose Dolphin,frasers dolphin
marine,all_I=zoom_blur_S=3,frasers dolphin_inat_9,frasers dolphin_inat_9.jpg,False Killer Whale,frasers dolphin
marine,all_I=zoom_blur_S=3,grampus rissos dolphin_inat_1,grampus rissos dolphin_inat_1.jpg,False Killer Whale,grampus rissos dolphin
marine,all_I=zoom_blur_S=3,grampus rissos dolphin_inat_10,grampus rissos dolphin_inat_10.jpg,False Killer Whale,grampus rissos dolphin
marine,all_I=zoom_blur_S=3,grampus rissos dolphin_inat_11,grampus rissos dolphin_inat_11.jpg,Bottlenose Dolphin,grampus rissos dolphin
marine,all_I=zoom_blur_S=3,grampus rissos dolphin_inat_12,grampus rissos dolphin_inat_12.jpg,Leopard Seal,grampus rissos dolphin
marine,all_I=zoom_blur_S=3,grampus rissos dolphin_inat_13,grampus rissos dolphin_inat_13.jpg,Bottlenose Dolphin,grampus rissos dolphin
marine,all_I=zoom_blur_S=3,grampus rissos dolphin_inat_14,grampus rissos dolphin_inat_14.jpg,False Killer Whale,grampus rissos dolphin
marine,all_I=zoom_blur_S=3,grampus rissos dolphin_inat_15,grampus rissos dolphin_inat_15.jpg,Bottlenose Dolphin,grampus rissos dolphin
marine,all_I=zoom_blur_S=3,grampus rissos dolphin_inat_16,grampus rissos dolphin_inat_16.jpg,False Killer Whale,grampus rissos dolphin
marine,all_I=zoom_blur_S=3,grampus rissos dolphin_inat_2,grampus rissos dolphin_inat_2.jpg,Bottlenose Dolphin,grampus rissos dolphin
marine,all_I=zoom_blur_S=3,grampus rissos dolphin_inat_3,grampus rissos dolphin_inat_3.jpg,False Killer Whale,grampus rissos dolphin
marine,all_I=zoom_blur_S=3,grampus rissos dolphin_inat_4,grampus rissos dolphin_inat_4.jpg,Bottlenose Dolphin,grampus rissos dolphin
marine,all_I=zoom_blur_S=3,grampus rissos dolphin_inat_5,grampus rissos dolphin_inat_5.jpg,Atlantic Spotted Dolphin,grampus rissos dolphin
marine,all_I=zoom_blur_S=3,grampus rissos dolphin_inat_6,grampus rissos dolphin_inat_6.jpg,Beluga White Whale,grampus rissos dolphin
marine,all_I=zoom_blur_S=3,grampus rissos dolphin_inat_7,grampus rissos dolphin_inat_7.jpg,False Killer Whale,grampus rissos dolphin
marine,all_I=zoom_blur_S=3,grampus rissos dolphin_inat_8,grampus rissos dolphin_inat_8.jpg,False Killer Whale,grampus rissos dolphin
marine,all_I=zoom_blur_S=3,grampus rissos dolphin_inat_9,grampus rissos dolphin_inat_9.jpg,False Killer Whale,grampus rissos dolphin
marine,all_I=zoom_blur_S=3,harp seal_matched_1,harp seal_matched_1.jpg,Harp Seal,harp seal
marine,all_I=zoom_blur_S=3,harp seal_matched_10,harp seal_matched_10.jpg,Harp Seal,harp seal
marine,all_I=zoom_blur_S=3,harp seal_matched_11,harp seal_matched_11.jpg,Harp Seal,harp seal
marine,all_I=zoom_blur_S=3,harp seal_matched_12,harp seal_matched_12.jpg,Harp Seal,harp seal
marine,all_I=zoom_blur_S=3,harp seal_matched_13,harp seal_matched_13.jpg,Beluga White Whale,harp seal
marine,all_I=zoom_blur_S=3,harp seal_matched_14,harp seal_matched_14.jpg,Pantropical Spotted Dolphin,harp seal
marine,all_I=zoom_blur_S=3,harp seal_matched_15,harp seal_matched_15.jpg,Harper Seal,harp seal
marine,all_I=zoom_blur_S=3,harp seal_matched_16,harp seal_matched_16.jpg,Bottlenose Dolphin,harp seal
marine,all_I=zoom_blur_S=3,harp seal_matched_2,harp seal_matched_2.jpg,False Killer Whale,harp seal
marine,all_I=zoom_blur_S=3,harp seal_matched_3,harp seal_matched_3.jpg,False Killer Whale,harp seal
marine,all_I=zoom_blur_S=3,harp seal_matched_4,harp seal_matched_4.jpg,Leopard Seal,harp seal
marine,all_I=zoom_blur_S=3,harp seal_matched_5,harp seal_matched_5.jpg,Leopard Seal,harp seal
marine,all_I=zoom_blur_S=3,harp seal_matched_6,harp seal_matched_6.jpg,Leopard Seal,harp seal
marine,all_I=zoom_blur_S=3,harp seal_matched_7,harp seal_matched_7.jpg,Leopard Seal,harp seal
marine,all_I=zoom_blur_S=3,harp seal_matched_8,harp seal_matched_8.jpg,Leopard Seal,harp seal
marine,all_I=zoom_blur_S=3,harp seal_matched_9,harp seal_matched_9.jpg,Leopard Seal,harp seal
marine,all_I=zoom_blur_S=3,humpback whale_matched_1,humpback whale_matched_1.jpg,Fin Finback Whale,humpback whale
marine,all_I=zoom_blur_S=3,humpback whale_matched_10,humpback whale_matched_10.jpg,Killer Whale,humpback whale
marine,all_I=zoom_blur_S=3,humpback whale_matched_11,humpback whale_matched_11.jpg,False Killer Whale,humpback whale
marine,all_I=zoom_blur_S=3,humpback whale_matched_12,humpback whale_matched_12.jpg,Killer Whale,humpback whale
marine,all_I=zoom_blur_S=3,humpback whale_matched_13,humpback whale_matched_13.jpg,False Killer Whale,humpback whale
marine,all_I=zoom_blur_S=3,humpback whale_matched_14,humpback whale_matched_14.jpg,False Killer Whale,humpback whale
marine,all_I=zoom_blur_S=3,humpback whale_matched_15,humpback whale_matched_15.jpg,False Killer Whale,humpback whale
marine,all_I=zoom_blur_S=3,humpback whale_matched_16,humpback whale_matched_16.jpg,Humpback Whale,humpback whale
marine,all_I=zoom_blur_S=3,humpback whale_matched_2,humpback whale_matched_2.jpg,Fin Finback Whale,humpback whale
marine,all_I=zoom_blur_S=3,humpback whale_matched_3,humpback whale_matched_3.jpg,Fin Finback Whale,humpback whale
marine,all_I=zoom_blur_S=3,humpback whale_matched_4,humpback whale_matched_4.jpg,False Killer Whale,humpback whale
marine,all_I=zoom_blur_S=3,humpback whale_matched_5,humpback whale_matched_5.jpg,Fin Finback Whale,humpback whale
marine,all_I=zoom_blur_S=3,humpback whale_matched_6,humpback whale_matched_6.jpg,Humpback Whale,humpback whale
marine,all_I=zoom_blur_S=3,humpback whale_matched_7,humpback whale_matched_7.jpg,Humpback Whale,humpback whale
marine,all_I=zoom_blur_S=3,humpback whale_matched_8,humpback whale_matched_8.jpg,Humpback Whale,humpback whale
marine,all_I=zoom_blur_S=3,humpback whale_matched_9,humpback whale_matched_9.jpg,Humpback Whale,humpback whale
marine,all_I=zoom_blur_S=3,killer whale_inat_1,killer whale_inat_1.jpg,Killer Whale,killer whale
marine,all_I=zoom_blur_S=3,killer whale_inat_10,killer whale_inat_10.jpg,Fin Finback Whale,killer whale
marine,all_I=zoom_blur_S=3,killer whale_inat_11,killer whale_inat_11.jpg,Killer Whale,killer whale
marine,all_I=zoom_blur_S=3,killer whale_inat_12,killer whale_inat_12.jpg,Killer Whale,killer whale
marine,all_I=zoom_blur_S=3,killer whale_inat_13,killer whale_inat_13.jpg,False Killer Whale,killer whale
marine,all_I=zoom_blur_S=3,killer whale_inat_14,killer whale_inat_14.jpg,Killer Whale,killer whale
marine,all_I=zoom_blur_S=3,killer whale_inat_15,killer whale_inat_15.jpg,None of the provided species can be identified from the image.,killer whale
marine,all_I=zoom_blur_S=3,killer whale_inat_16,killer whale_inat_16.jpg,Killer Whale,killer whale
marine,all_I=zoom_blur_S=3,killer whale_inat_2,killer whale_inat_2.jpg,Killer Whale,killer whale
marine,all_I=zoom_blur_S=3,killer whale_inat_3,killer whale_inat_3.jpg,Killer Whale,killer whale
marine,all_I=zoom_blur_S=3,killer whale_inat_4,killer whale_inat_4.jpg,Killer Whale,killer whale
marine,all_I=zoom_blur_S=3,killer whale_inat_5,killer whale_inat_5.jpg,Killer Whale,killer whale
marine,all_I=zoom_blur_S=3,killer whale_inat_6,killer whale_inat_6.jpg,Killer Whale,killer whale
marine,all_I=zoom_blur_S=3,killer whale_inat_7,killer whale_inat_7.jpg,False Killer Whale,killer whale
marine,all_I=zoom_blur_S=3,killer whale_inat_8,killer whale_inat_8.jpg,Killer Whale,killer whale
marine,all_I=zoom_blur_S=3,killer whale_inat_9,killer whale_inat_9.jpg,Killer Whale,killer whale
marine,all_I=zoom_blur_S=3,leopard seal_matched_1,leopard seal_matched_1.jpg,False Killer Whale,leopard seal
marine,all_I=zoom_blur_S=3,leopard seal_matched_10,leopard seal_matched_10.jpg,Leopard Seal,leopard seal
marine,all_I=zoom_blur_S=3,leopard seal_matched_11,leopard seal_matched_11.jpg,False Killer Whale,leopard seal
marine,all_I=zoom_blur_S=3,leopard seal_matched_12,leopard seal_matched_12.jpg,Bottlenose Dolphin,leopard seal
marine,all_I=zoom_blur_S=3,leopard seal_matched_13,leopard seal_matched_13.jpg,Leopard Seal,leopard seal
marine,all_I=zoom_blur_S=3,leopard seal_matched_14,leopard seal_matched_14.jpg,Leopard Seal,leopard seal
marine,all_I=zoom_blur_S=3,leopard seal_matched_15,leopard seal_matched_15.jpg,Leopard Seal,leopard seal
marine,all_I=zoom_blur_S=3,leopard seal_matched_16,leopard seal_matched_16.jpg,Leopard Seal,leopard seal
marine,all_I=zoom_blur_S=3,leopard seal_matched_2,leopard seal_matched_2.jpg,Killer Whale,leopard seal
marine,all_I=zoom_blur_S=3,leopard seal_matched_3,leopard seal_matched_3.jpg,Leopard Seal,leopard seal
marine,all_I=zoom_blur_S=3,leopard seal_matched_4,leopard seal_matched_4.jpg,Leopard Seal,leopard seal
marine,all_I=zoom_blur_S=3,leopard seal_matched_5,leopard seal_matched_5.jpg,Leopard Seal,leopard seal
marine,all_I=zoom_blur_S=3,leopard seal_matched_6,leopard seal_matched_6.jpg,Leopard Seal,leopard seal
marine,all_I=zoom_blur_S=3,leopard seal_matched_7,leopard seal_matched_7.jpg,Killer Whale,leopard seal
marine,all_I=zoom_blur_S=3,leopard seal_matched_8,leopard seal_matched_8.jpg,Leopard Seal,leopard seal
marine,all_I=zoom_blur_S=3,leopard seal_matched_9,leopard seal_matched_9.jpg,Leopard Seal,leopard seal
marine,all_I=zoom_blur_S=3,long-finned pilot whale_inat_1,long-finned pilot whale_inat_1.jpg,Bottlenose Dolphin,long-finned pilot whale
marine,all_I=zoom_blur_S=3,long-finned pilot whale_inat_10,long-finned pilot whale_inat_10.jpg,False Killer Whale,long-finned pilot whale
marine,all_I=zoom_blur_S=3,long-finned pilot whale_inat_11,long-finned pilot whale_inat_11.jpg,False Killer Whale,long-finned pilot whale
marine,all_I=zoom_blur_S=3,long-finned pilot whale_inat_12,long-finned pilot whale_inat_12.jpg,False Killer Whale,long-finned pilot whale
marine,all_I=zoom_blur_S=3,long-finned pilot whale_inat_13,long-finned pilot whale_inat_13.jpg,Walrus,long-finned pilot whale
marine,all_I=zoom_blur_S=3,long-finned pilot whale_inat_14,long-finned pilot whale_inat_14.jpg,Beluga White Whale,long-finned pilot whale
marine,all_I=zoom_blur_S=3,long-finned pilot whale_inat_15,long-finned pilot whale_inat_15.jpg,False Killer Whale,long-finned pilot whale
marine,all_I=zoom_blur_S=3,long-finned pilot whale_inat_16,long-finned pilot whale_inat_16.jpg,False Killer Whale,long-finned pilot whale
marine,all_I=zoom_blur_S=3,long-finned pilot whale_inat_2,long-finned pilot whale_inat_2.jpg,Leopard Seal,long-finned pilot whale
marine,all_I=zoom_blur_S=3,long-finned pilot whale_inat_3,long-finned pilot whale_inat_3.jpg,Killer Whale,long-finned pilot whale
marine,all_I=zoom_blur_S=3,long-finned pilot whale_inat_4,long-finned pilot whale_inat_4.jpg,False Killer Whale,long-finned pilot whale
marine,all_I=zoom_blur_S=3,long-finned pilot whale_inat_5,long-finned pilot whale_inat_5.jpg,False Killer Whale,long-finned pilot whale
marine,all_I=zoom_blur_S=3,long-finned pilot whale_inat_6,long-finned pilot whale_inat_6.jpg,False Killer Whale,long-finned pilot whale
marine,all_I=zoom_blur_S=3,long-finned pilot whale_inat_7,long-finned pilot whale_inat_7.jpg,False Killer Whale,long-finned pilot whale
marine,all_I=zoom_blur_S=3,long-finned pilot whale_inat_8,long-finned pilot whale_inat_8.jpg,Killer Whale,long-finned pilot whale
marine,all_I=zoom_blur_S=3,long-finned pilot whale_inat_9,long-finned pilot whale_inat_9.jpg,False Killer Whale,long-finned pilot whale
marine,all_I=zoom_blur_S=3,melon headed whale_inat_1,melon headed whale_inat_1.jpg,False Killer Whale,melon headed whale
marine,all_I=zoom_blur_S=3,melon headed whale_inat_10,melon headed whale_inat_10.jpg,False Killer Whale,melon headed whale
marine,all_I=zoom_blur_S=3,melon headed whale_inat_11,melon headed whale_inat_11.jpg,Bottlenose Dolphin,melon headed whale
marine,all_I=zoom_blur_S=3,melon headed whale_inat_12,melon headed whale_inat_12.jpg,False Killer Whale,melon headed whale
marine,all_I=zoom_blur_S=3,melon headed whale_inat_13,melon headed whale_inat_13.jpg,Humpback Whale,melon headed whale
marine,all_I=zoom_blur_S=3,melon headed whale_inat_14,melon headed whale_inat_14.jpg,Bottlenose Dolphin,melon headed whale
marine,all_I=zoom_blur_S=3,melon headed whale_inat_15,melon headed whale_inat_15.jpg,Bottlenose Dolphin,melon headed whale
marine,all_I=zoom_blur_S=3,melon headed whale_inat_16,melon headed whale_inat_16.jpg,Bottlenose Dolphin,melon headed whale
marine,all_I=zoom_blur_S=3,melon headed whale_inat_2,melon headed whale_inat_2.jpg,Bottlenose Dolphin,melon headed whale
marine,all_I=zoom_blur_S=3,melon headed whale_inat_3,melon headed whale_inat_3.jpg,Bottlenose Dolphin,melon headed whale
marine,all_I=zoom_blur_S=3,melon headed whale_inat_4,melon headed whale_inat_4.jpg,Bottlenose Dolphin,melon headed whale
marine,all_I=zoom_blur_S=3,melon headed whale_inat_5,melon headed whale_inat_5.jpg,Bottlenose Dolphin,melon headed whale
marine,all_I=zoom_blur_S=3,melon headed whale_inat_6,melon headed whale_inat_6.jpg,Bottlenose Dolphin,melon headed whale
marine,all_I=zoom_blur_S=3,melon headed whale_inat_7,melon headed whale_inat_7.jpg,Bottlenose Dolphin,melon headed whale
marine,all_I=zoom_blur_S=3,melon headed whale_inat_8,melon headed whale_inat_8.jpg,Bottlenose Dolphin,melon headed whale
marine,all_I=zoom_blur_S=3,melon headed whale_inat_9,melon headed whale_inat_9.jpg,Bottlenose Dolphin,melon headed whale
marine,all_I=zoom_blur_S=3,minke whale_inat_1,minke whale_inat_1.jpg,Minke Whale,minke whale
marine,all_I=zoom_blur_S=3,minke whale_inat_10,minke whale_inat_10.jpg,False Killer Whale,minke whale
marine,all_I=zoom_blur_S=3,minke whale_inat_11,minke whale_inat_11.jpg,Fin Finback Whale,minke whale
marine,all_I=zoom_blur_S=3,minke whale_inat_12,minke whale_inat_12.jpg,Minke Whale,minke whale
marine,all_I=zoom_blur_S=3,minke whale_inat_13,minke whale_inat_13.jpg,Fin Finback Whale,minke whale
marine,all_I=zoom_blur_S=3,minke whale_inat_14,minke whale_inat_14.jpg,Bottlenose Dolphin,minke whale
marine,all_I=zoom_blur_S=3,minke whale_inat_15,minke whale_inat_15.jpg,None of the provided species can be classified from the image provided. The image is too blurry and does not contain any identifiable features of marine species.,minke whale
marine,all_I=zoom_blur_S=3,minke whale_inat_16,minke whale_inat_16.jpg,None of the provided species can be identified from the image.,minke whale
marine,all_I=zoom_blur_S=3,minke whale_inat_2,minke whale_inat_2.jpg,False Killer Whale,minke whale
marine,all_I=zoom_blur_S=3,minke whale_inat_3,minke whale_inat_3.jpg,Minke Whale,minke whale
marine,all_I=zoom_blur_S=3,minke whale_inat_4,minke whale_inat_4.jpg,False Killer Whale,minke whale
marine,all_I=zoom_blur_S=3,minke whale_inat_5,minke whale_inat_5.jpg,Clymene Dolphin,minke whale
marine,all_I=zoom_blur_S=3,minke whale_inat_6,minke whale_inat_6.jpg,False Killer Whale,minke whale
marine,all_I=zoom_blur_S=3,minke whale_inat_7,minke whale_inat_7.jpg,False Killer Whale,minke whale
marine,all_I=zoom_blur_S=3,minke whale_inat_8,minke whale_inat_8.jpg,Leopard Seal,minke whale
marine,all_I=zoom_blur_S=3,minke whale_inat_9,minke whale_inat_9.jpg,Bottlenose Dolphin,minke whale
marine,all_I=zoom_blur_S=3,narwhal_matched_1,narwhal_matched_1.jpg,Narwhal,narwhal
marine,all_I=zoom_blur_S=3,narwhal_matched_10,narwhal_matched_10.jpg,Narwhal,narwhal
marine,all_I=zoom_blur_S=3,narwhal_matched_11,narwhal_matched_11.jpg,Killer Whale,narwhal
marine,all_I=zoom_blur_S=3,narwhal_matched_12,narwhal_matched_12.jpg,Narwhal,narwhal
marine,all_I=zoom_blur_S=3,narwhal_matched_13,narwhal_matched_13.jpg,Narwhal,narwhal
marine,all_I=zoom_blur_S=3,narwhal_matched_14,narwhal_matched_14.jpg,False Killer Whale,narwhal
marine,all_I=zoom_blur_S=3,narwhal_matched_15,narwhal_matched_15.jpg,Narwhal,narwhal
marine,all_I=zoom_blur_S=3,narwhal_matched_16,narwhal_matched_16.jpg,Killer Whale,narwhal
marine,all_I=zoom_blur_S=3,narwhal_matched_2,narwhal_matched_2.jpg,Bearded Seal,narwhal
marine,all_I=zoom_blur_S=3,narwhal_matched_3,narwhal_matched_3.jpg,Narwhal,narwhal
marine,all_I=zoom_blur_S=3,narwhal_matched_4,narwhal_matched_4.jpg,Narwhal,narwhal
marine,all_I=zoom_blur_S=3,narwhal_matched_5,narwhal_matched_5.jpg,Leopard Seal,narwhal
marine,all_I=zoom_blur_S=3,narwhal_matched_6,narwhal_matched_6.jpg,False Killer Whale,narwhal
marine,all_I=zoom_blur_S=3,narwhal_matched_7,narwhal_matched_7.jpg,False Killer Whale,narwhal
marine,all_I=zoom_blur_S=3,narwhal_matched_8,narwhal_matched_8.jpg,Bearded Seal,narwhal
marine,all_I=zoom_blur_S=3,narwhal_matched_9,narwhal_matched_9.jpg,Narwhal,narwhal
marine,all_I=zoom_blur_S=3,northern right whale_inat_1,northern right whale_inat_1.jpg,White-sided Dolphin,northern right whale
marine,all_I=zoom_blur_S=3,northern right whale_inat_10,northern right whale_inat_10.jpg,White-beaked Dolphin,northern right whale
marine,all_I=zoom_blur_S=3,northern right whale_inat_11,northern right whale_inat_11.jpg,False Killer Whale,northern right whale
marine,all_I=zoom_blur_S=3,northern right whale_inat_12,northern right whale_inat_12.jpg,False Killer Whale,northern right whale
marine,all_I=zoom_blur_S=3,northern right whale_inat_13,northern right whale_inat_13.jpg,Common Dolphin,northern right whale
marine,all_I=zoom_blur_S=3,northern right whale_inat_14,northern right whale_inat_14.jpg,Bottlenose Dolphin,northern right whale
marine,all_I=zoom_blur_S=3,northern right whale_inat_15,northern right whale_inat_15.jpg,False Killer Whale,northern right whale
marine,all_I=zoom_blur_S=3,northern right whale_inat_16,northern right whale_inat_16.jpg,Bottlenose Dolphin,northern right whale
marine,all_I=zoom_blur_S=3,northern right whale_inat_2,northern right whale_inat_2.jpg,White-beaked Dolphin,northern right whale
marine,all_I=zoom_blur_S=3,northern right whale_inat_3,northern right whale_inat_3.jpg,False Killer Whale,northern right whale
marine,all_I=zoom_blur_S=3,northern right whale_inat_4,northern right whale_inat_4.jpg,False Killer Whale,northern right whale
marine,all_I=zoom_blur_S=3,northern right whale_inat_5,northern right whale_inat_5.jpg,Bottlenose Dolphin,northern right whale
marine,all_I=zoom_blur_S=3,northern right whale_inat_6,northern right whale_inat_6.jpg,White-sided Dolphin,northern right whale
marine,all_I=zoom_blur_S=3,northern right whale_inat_7,northern right whale_inat_7.jpg,White-sided Dolphin,northern right whale
marine,all_I=zoom_blur_S=3,northern right whale_inat_8,northern right whale_inat_8.jpg,Bottlenose Dolphin,northern right whale
marine,all_I=zoom_blur_S=3,northern right whale_inat_9,northern right whale_inat_9.jpg,Bottlenose Dolphin,northern right whale
marine,all_I=zoom_blur_S=3,pantropical spotted dolphin_inat_1,pantropical spotted dolphin_inat_1.jpg,Common Dolphin,pantropical spotted dolphin
marine,all_I=zoom_blur_S=3,pantropical spotted dolphin_inat_10,pantropical spotted dolphin_inat_10.jpg,Bottlenose Dolphin,pantropical spotted dolphin
marine,all_I=zoom_blur_S=3,pantropical spotted dolphin_inat_11,pantropical spotted dolphin_inat_11.jpg,Bottlenose Dolphin,pantropical spotted dolphin
marine,all_I=zoom_blur_S=3,pantropical spotted dolphin_inat_12,pantropical spotted dolphin_inat_12.jpg,Bottlenose Dolphin,pantropical spotted dolphin
marine,all_I=zoom_blur_S=3,pantropical spotted dolphin_inat_13,pantropical spotted dolphin_inat_13.jpg,Bottlenose Dolphin,pantropical spotted dolphin
marine,all_I=zoom_blur_S=3,pantropical spotted dolphin_inat_14,pantropical spotted dolphin_inat_14.jpg,Bottlenose Dolphin,pantropical spotted dolphin
marine,all_I=zoom_blur_S=3,pantropical spotted dolphin_inat_15,pantropical spotted dolphin_inat_15.jpg,Bottlenose Dolphin,pantropical spotted dolphin
marine,all_I=zoom_blur_S=3,pantropical spotted dolphin_inat_16,pantropical spotted dolphin_inat_16.jpg,Bottlenose Dolphin,pantropical spotted dolphin
marine,all_I=zoom_blur_S=3,pantropical spotted dolphin_inat_2,pantropical spotted dolphin_inat_2.jpg,Common Dolphin,pantropical spotted dolphin
marine,all_I=zoom_blur_S=3,pantropical spotted dolphin_inat_3,pantropical spotted dolphin_inat_3.jpg,Bottlenose Dolphin,pantropical spotted dolphin
marine,all_I=zoom_blur_S=3,pantropical spotted dolphin_inat_4,pantropical spotted dolphin_inat_4.jpg,Bottlenose Dolphin,pantropical spotted dolphin
marine,all_I=zoom_blur_S=3,pantropical spotted dolphin_inat_5,pantropical spotted dolphin_inat_5.jpg,Bottlenose Dolphin,pantropical spotted dolphin
marine,all_I=zoom_blur_S=3,pantropical spotted dolphin_inat_6,pantropical spotted dolphin_inat_6.jpg,Bottlenose Dolphin,pantropical spotted dolphin
marine,all_I=zoom_blur_S=3,pantropical spotted dolphin_inat_7,pantropical spotted dolphin_inat_7.jpg,Bottlenose Dolphin,pantropical spotted dolphin
marine,all_I=zoom_blur_S=3,pantropical spotted dolphin_inat_8,pantropical spotted dolphin_inat_8.jpg,Bottlenose Dolphin,pantropical spotted dolphin
marine,all_I=zoom_blur_S=3,pantropical spotted dolphin_inat_9,pantropical spotted dolphin_inat_9.jpg,Bottlenose Dolphin,pantropical spotted dolphin
marine,all_I=zoom_blur_S=3,ross seal_inat_1,ross seal_inat_1.jpg,Leopard Seal,ross seal
marine,all_I=zoom_blur_S=3,ross seal_inat_10,ross seal_inat_10.jpg,Leopard Seal,ross seal
marine,all_I=zoom_blur_S=3,ross seal_inat_11,ross seal_inat_11.jpg,Leopard Seal,ross seal
marine,all_I=zoom_blur_S=3,ross seal_inat_12,ross seal_inat_12.jpg,Leopard Seal,ross seal
marine,all_I=zoom_blur_S=3,ross seal_inat_13,ross seal_inat_13.jpg,Leopard Seal,ross seal
marine,all_I=zoom_blur_S=3,ross seal_inat_14,ross seal_inat_14.jpg,Leopard Seal,ross seal
marine,all_I=zoom_blur_S=3,ross seal_inat_15,ross seal_inat_15.jpg,Beluga White Whale,ross seal
marine,all_I=zoom_blur_S=3,ross seal_inat_16,ross seal_inat_16.jpg,Leopard Seal,ross seal
marine,all_I=zoom_blur_S=3,ross seal_inat_17,ross seal_inat_17.jpg,None of the provided species can be identified from the image.,ross seal
marine,all_I=zoom_blur_S=3,ross seal_inat_18,ross seal_inat_18.jpg,Leopard Seal,ross seal
marine,all_I=zoom_blur_S=3,ross seal_inat_2,ross seal_inat_2.jpg,Harbor Seal,ross seal
marine,all_I=zoom_blur_S=3,ross seal_inat_3,ross seal_inat_3.jpg,Leopard Seal,ross seal
marine,all_I=zoom_blur_S=3,ross seal_inat_4,ross seal_inat_4.jpg,Leopard Seal,ross seal
marine,all_I=zoom_blur_S=3,ross seal_inat_5,ross seal_inat_5.jpg,Leopard Seal,ross seal
marine,all_I=zoom_blur_S=3,ross seal_inat_6,ross seal_inat_6.jpg,Leopard Seal,ross seal
marine,all_I=zoom_blur_S=3,ross seal_inat_7,ross seal_inat_7.jpg,Leopard Seal,ross seal
marine,all_I=zoom_blur_S=3,ross seal_inat_8,ross seal_inat_8.jpg,Leopard Seal,ross seal
marine,all_I=zoom_blur_S=3,ross seal_inat_9,ross seal_inat_9.jpg,Bearded Seal,ross seal
marine,all_I=zoom_blur_S=3,rough-toothed dolphin_inat_1,rough-toothed dolphin_inat_1.jpg,Bottlenose Dolphin,rough-toothed dolphin
marine,all_I=zoom_blur_S=3,rough-toothed dolphin_inat_10,rough-toothed dolphin_inat_10.jpg,Bottlenose Dolphin,rough-toothed dolphin
marine,all_I=zoom_blur_S=3,rough-toothed dolphin_inat_11,rough-toothed dolphin_inat_11.jpg,Bottlenose Dolphin,rough-toothed dolphin
marine,all_I=zoom_blur_S=3,rough-toothed dolphin_inat_12,rough-toothed dolphin_inat_12.jpg,Bottlenose Dolphin,rough-toothed dolphin
marine,all_I=zoom_blur_S=3,rough-toothed dolphin_inat_13,rough-toothed dolphin_inat_13.jpg,False Killer Whale,rough-toothed dolphin
marine,all_I=zoom_blur_S=3,rough-toothed dolphin_inat_14,rough-toothed dolphin_inat_14.jpg,Sperm Whale,rough-toothed dolphin
marine,all_I=zoom_blur_S=3,rough-toothed dolphin_inat_15,rough-toothed dolphin_inat_15.jpg,None of the provided species can be classified from the image provided.,rough-toothed dolphin
marine,all_I=zoom_blur_S=3,rough-toothed dolphin_inat_16,rough-toothed dolphin_inat_16.jpg,Common Dolphin,rough-toothed dolphin
marine,all_I=zoom_blur_S=3,rough-toothed dolphin_inat_2,rough-toothed dolphin_inat_2.jpg,Bottlenose Dolphin,rough-toothed dolphin
marine,all_I=zoom_blur_S=3,rough-toothed dolphin_inat_3,rough-toothed dolphin_inat_3.jpg,Leopard Seal,rough-toothed dolphin
marine,all_I=zoom_blur_S=3,rough-toothed dolphin_inat_4,rough-toothed dolphin_inat_4.jpg,Bottlenose Dolphin,rough-toothed dolphin
marine,all_I=zoom_blur_S=3,rough-toothed dolphin_inat_5,rough-toothed dolphin_inat_5.jpg,False Killer Whale,rough-toothed dolphin
marine,all_I=zoom_blur_S=3,rough-toothed dolphin_inat_6,rough-toothed dolphin_inat_6.jpg,Bottlenose Dolphin,rough-toothed dolphin
marine,all_I=zoom_blur_S=3,rough-toothed dolphin_inat_7,rough-toothed dolphin_inat_7.jpg,Bottlenose Dolphin,rough-toothed dolphin
marine,all_I=zoom_blur_S=3,rough-toothed dolphin_inat_8,rough-toothed dolphin_inat_8.jpg,False Killer Whale,rough-toothed dolphin
marine,all_I=zoom_blur_S=3,rough-toothed dolphin_inat_9,rough-toothed dolphin_inat_9.jpg,Bottlenose Dolphin,rough-toothed dolphin
marine,all_I=zoom_blur_S=3,short-finned pacific pilot whale_inat_1,short-finned pacific pilot whale_inat_1.jpg,Beluga White Whale,short-finned pacific pilot whale
marine,all_I=zoom_blur_S=3,short-finned pacific pilot whale_inat_10,short-finned pacific pilot whale_inat_10.jpg,None of the provided species labels match the description of a fish in the image. The image does not depict any of the marine species listed.,short-finned pacific pilot whale
marine,all_I=zoom_blur_S=3,short-finned pacific pilot whale_inat_11,short-finned pacific pilot whale_inat_11.jpg,None of the provided species labels match the description of a fish with a yellow and black coloration. The image does not depict any of the marine species listed.,short-finned pacific pilot whale
marine,all_I=zoom_blur_S=3,short-finned pacific pilot whale_inat_12,short-finned pacific pilot whale_inat_12.jpg,"None of the provided species labels match the fish in the image. The fish appears to be a freshwater species, possibly a type of cichlid, which is not listed among the marine species in the dataset.",short-finned pacific pilot whale
marine,all_I=zoom_blur_S=3,short-finned pacific pilot whale_inat_13,short-finned pacific pilot whale_inat_13.jpg,"None of the provided species labels match the description of the image, which appears to be a fish, not a marine mammal.",short-finned pacific pilot whale
marine,all_I=zoom_blur_S=3,short-finned pacific pilot whale_inat_14,short-finned pacific pilot whale_inat_14.jpg,None of the provided species labels match the description of a fish in the image. The image does not depict any of the marine species listed.,short-finned pacific pilot whale
marine,all_I=zoom_blur_S=3,short-finned pacific pilot whale_inat_15,short-finned pacific pilot whale_inat_15.jpg,Bottlenose Dolphin,short-finned pacific pilot whale
marine,all_I=zoom_blur_S=3,short-finned pacific pilot whale_inat_16,short-finned pacific pilot whale_inat_16.jpg,None of the provided species labels match the image of the fish shown. The image does not depict any of the marine species listed.,short-finned pacific pilot whale
marine,all_I=zoom_blur_S=3,short-finned pacific pilot whale_inat_17,short-finned pacific pilot whale_inat_17.jpg,Bottlenose Dolphin,short-finned pacific pilot whale
marine,all_I=zoom_blur_S=3,short-finned pacific pilot whale_inat_18,short-finned pacific pilot whale_inat_18.jpg,False Killer Whale,short-finned pacific pilot whale
marine,all_I=zoom_blur_S=3,short-finned pacific pilot whale_inat_19,short-finned pacific pilot whale_inat_19.jpg,False Killer Whale,short-finned pacific pilot whale
marine,all_I=zoom_blur_S=3,short-finned pacific pilot whale_inat_2,short-finned pacific pilot whale_inat_2.jpg,False Killer Whale,short-finned pacific pilot whale
marine,all_I=zoom_blur_S=3,short-finned pacific pilot whale_inat_20,short-finned pacific pilot whale_inat_20.jpg,Harp Seal,short-finned pacific pilot whale
marine,all_I=zoom_blur_S=3,short-finned pacific pilot whale_inat_3,short-finned pacific pilot whale_inat_3.jpg,None of the provided species labels match the description of a snake.,short-finned pacific pilot whale
marine,all_I=zoom_blur_S=3,short-finned pacific pilot whale_inat_4,short-finned pacific pilot whale_inat_4.jpg,False Killer Whale,short-finned pacific pilot whale
marine,all_I=zoom_blur_S=3,short-finned pacific pilot whale_inat_5,short-finned pacific pilot whale_inat_5.jpg,Bottlenose Dolphin,short-finned pacific pilot whale
marine,all_I=zoom_blur_S=3,short-finned pacific pilot whale_inat_6,short-finned pacific pilot whale_inat_6.jpg,None of the provided species are applicable to the image of a snake.,short-finned pacific pilot whale
marine,all_I=zoom_blur_S=3,short-finned pacific pilot whale_inat_7,short-finned pacific pilot whale_inat_7.jpg,Leopard Seal,short-finned pacific pilot whale
marine,all_I=zoom_blur_S=3,short-finned pacific pilot whale_inat_8,short-finned pacific pilot whale_inat_8.jpg,False Killer Whale,short-finned pacific pilot whale
marine,all_I=zoom_blur_S=3,short-finned pacific pilot whale_inat_9,short-finned pacific pilot whale_inat_9.jpg,False Killer Whale,short-finned pacific pilot whale
marine,all_I=zoom_blur_S=3,southern right whale_inat_1,southern right whale_inat_1.jpg,Beluga White Whale,southern right whale
marine,all_I=zoom_blur_S=3,southern right whale_inat_10,southern right whale_inat_10.jpg,False Killer Whale,southern right whale
marine,all_I=zoom_blur_S=3,southern right whale_inat_11,southern right whale_inat_11.jpg,Killer Whale,southern right whale
marine,all_I=zoom_blur_S=3,southern right whale_inat_12,southern right whale_inat_12.jpg,White-beaked Dolphin,southern right whale
marine,all_I=zoom_blur_S=3,southern right whale_inat_13,southern right whale_inat_13.jpg,White-beaked Dolphin,southern right whale
marine,all_I=zoom_blur_S=3,southern right whale_inat_14,southern right whale_inat_14.jpg,Humpback Whale,southern right whale
marine,all_I=zoom_blur_S=3,southern right whale_inat_15,southern right whale_inat_15.jpg,Leopard Seal,southern right whale
marine,all_I=zoom_blur_S=3,southern right whale_inat_16,southern right whale_inat_16.jpg,Killer Whale,southern right whale
marine,all_I=zoom_blur_S=3,southern right whale_inat_2,southern right whale_inat_2.jpg,Beluga White Whale,southern right whale
marine,all_I=zoom_blur_S=3,southern right whale_inat_3,southern right whale_inat_3.jpg,White-beaked Dolphin,southern right whale
marine,all_I=zoom_blur_S=3,southern right whale_inat_4,southern right whale_inat_4.jpg,Common Dolphin,southern right whale
marine,all_I=zoom_blur_S=3,southern right whale_inat_5,southern right whale_inat_5.jpg,Bottlenose Dolphin,southern right whale
marine,all_I=zoom_blur_S=3,southern right whale_inat_6,southern right whale_inat_6.jpg,Killer Whale,southern right whale
marine,all_I=zoom_blur_S=3,southern right whale_inat_7,southern right whale_inat_7.jpg,Humpback Whale,southern right whale
marine,all_I=zoom_blur_S=3,southern right whale_inat_8,southern right whale_inat_8.jpg,False Killer Whale,southern right whale
marine,all_I=zoom_blur_S=3,southern right whale_inat_9,southern right whale_inat_9.jpg,False Killer Whale,southern right whale
marine,all_I=zoom_blur_S=3,sperm whale_matched_1,sperm whale_matched_1.jpg,Sperm Whale,sperm whale
marine,all_I=zoom_blur_S=3,sperm whale_matched_10,sperm whale_matched_10.jpg,Bottlenose Dolphin,sperm whale
marine,all_I=zoom_blur_S=3,sperm whale_matched_11,sperm whale_matched_11.jpg,False Killer Whale,sperm whale
marine,all_I=zoom_blur_S=3,sperm whale_matched_12,sperm whale_matched_12.jpg,Leopard Seal,sperm whale
marine,all_I=zoom_blur_S=3,sperm whale_matched_13,sperm whale_matched_13.jpg,Bottlenose Dolphin,sperm whale
marine,all_I=zoom_blur_S=3,sperm whale_matched_14,sperm whale_matched_14.jpg,False Killer Whale,sperm whale
marine,all_I=zoom_blur_S=3,sperm whale_matched_15,sperm whale_matched_15.jpg,False Killer Whale,sperm whale
marine,all_I=zoom_blur_S=3,sperm whale_matched_16,sperm whale_matched_16.jpg,False Killer Whale,sperm whale
marine,all_I=zoom_blur_S=3,sperm whale_matched_2,sperm whale_matched_2.jpg,Bottlenose Dolphin,sperm whale
marine,all_I=zoom_blur_S=3,sperm whale_matched_3,sperm whale_matched_3.jpg,Fin Finback Whale,sperm whale
marine,all_I=zoom_blur_S=3,sperm whale_matched_4,sperm whale_matched_4.jpg,Humpback Whale,sperm whale
marine,all_I=zoom_blur_S=3,sperm whale_matched_5,sperm whale_matched_5.jpg,False Killer Whale,sperm whale
marine,all_I=zoom_blur_S=3,sperm whale_matched_6,sperm whale_matched_6.jpg,Humpback Whale,sperm whale
marine,all_I=zoom_blur_S=3,sperm whale_matched_7,sperm whale_matched_7.jpg,Sperm Whale,sperm whale
marine,all_I=zoom_blur_S=3,sperm whale_matched_8,sperm whale_matched_8.jpg,Bottlenose Dolphin,sperm whale
marine,all_I=zoom_blur_S=3,sperm whale_matched_9,sperm whale_matched_9.jpg,Fin Finback Whale,sperm whale
marine,all_I=zoom_blur_S=3,spinner dolphin_matched_1,spinner dolphin_matched_1.jpg,Bottlenose Dolphin,spinner dolphin
marine,all_I=zoom_blur_S=3,spinner dolphin_matched_10,spinner dolphin_matched_10.jpg,False Killer Whale,spinner dolphin
marine,all_I=zoom_blur_S=3,spinner dolphin_matched_11,spinner dolphin_matched_11.jpg,Bottlenose Dolphin,spinner dolphin
marine,all_I=zoom_blur_S=3,spinner dolphin_matched_12,spinner dolphin_matched_12.jpg,Bottlenose Dolphin,spinner dolphin
marine,all_I=zoom_blur_S=3,spinner dolphin_matched_13,spinner dolphin_matched_13.jpg,White-beaked Dolphin,spinner dolphin
marine,all_I=zoom_blur_S=3,spinner dolphin_matched_14,spinner dolphin_matched_14.jpg,Bottlenose Dolphin,spinner dolphin
marine,all_I=zoom_blur_S=3,spinner dolphin_matched_15,spinner dolphin_matched_15.jpg,Bottlenose Dolphin,spinner dolphin
marine,all_I=zoom_blur_S=3,spinner dolphin_matched_16,spinner dolphin_matched_16.jpg,Common Dolphin,spinner dolphin
marine,all_I=zoom_blur_S=3,spinner dolphin_matched_17,spinner dolphin_matched_17.jpg,Bottlenose Dolphin,spinner dolphin
marine,all_I=zoom_blur_S=3,spinner dolphin_matched_18,spinner dolphin_matched_18.jpg,False Killer Whale,spinner dolphin
marine,all_I=zoom_blur_S=3,spinner dolphin_matched_2,spinner dolphin_matched_2.jpg,Common Dolphin,spinner dolphin
marine,all_I=zoom_blur_S=3,spinner dolphin_matched_3,spinner dolphin_matched_3.jpg,Bottlenose Dolphin,spinner dolphin
marine,all_I=zoom_blur_S=3,spinner dolphin_matched_4,spinner dolphin_matched_4.jpg,False Killer Whale,spinner dolphin
marine,all_I=zoom_blur_S=3,spinner dolphin_matched_5,spinner dolphin_matched_5.jpg,Common Dolphin,spinner dolphin
marine,all_I=zoom_blur_S=3,spinner dolphin_matched_6,spinner dolphin_matched_6.jpg,Bottlenose Dolphin,spinner dolphin
marine,all_I=zoom_blur_S=3,spinner dolphin_matched_7,spinner dolphin_matched_7.jpg,Bottlenose Dolphin,spinner dolphin
marine,all_I=zoom_blur_S=3,spinner dolphin_matched_8,spinner dolphin_matched_8.jpg,Common Dolphin,spinner dolphin
marine,all_I=zoom_blur_S=3,spinner dolphin_matched_9,spinner dolphin_matched_9.jpg,Bottlenose Dolphin,spinner dolphin
marine,all_I=zoom_blur_S=3,striped dolphin_matched_1,striped dolphin_matched_1.jpg,Bottlenose Dolphin,striped dolphin
marine,all_I=zoom_blur_S=3,striped dolphin_matched_10,striped dolphin_matched_10.jpg,False Killer Whale,striped dolphin
marine,all_I=zoom_blur_S=3,striped dolphin_matched_11,striped dolphin_matched_11.jpg,Common Dolphin,striped dolphin
marine,all_I=zoom_blur_S=3,striped dolphin_matched_12,striped dolphin_matched_12.jpg,Bottlenose Dolphin,striped dolphin
marine,all_I=zoom_blur_S=3,striped dolphin_matched_13,striped dolphin_matched_13.jpg,Bottlenose Dolphin,striped dolphin
marine,all_I=zoom_blur_S=3,striped dolphin_matched_14,striped dolphin_matched_14.jpg,Bottlenose Dolphin,striped dolphin
marine,all_I=zoom_blur_S=3,striped dolphin_matched_15,striped dolphin_matched_15.jpg,Common Dolphin,striped dolphin
marine,all_I=zoom_blur_S=3,striped dolphin_matched_16,striped dolphin_matched_16.jpg,Bottlenose Dolphin,striped dolphin
marine,all_I=zoom_blur_S=3,striped dolphin_matched_17,striped dolphin_matched_17.jpg,Bottlenose Dolphin,striped dolphin
marine,all_I=zoom_blur_S=3,striped dolphin_matched_18,striped dolphin_matched_18.jpg,Bottlenose Dolphin,striped dolphin
marine,all_I=zoom_blur_S=3,striped dolphin_matched_19,striped dolphin_matched_19.jpg,Common Dolphin,striped dolphin
marine,all_I=zoom_blur_S=3,striped dolphin_matched_2,striped dolphin_matched_2.jpg,Bottlenose Dolphin,striped dolphin
marine,all_I=zoom_blur_S=3,striped dolphin_matched_20,striped dolphin_matched_20.jpg,Beluga White Whale,striped dolphin
marine,all_I=zoom_blur_S=3,striped dolphin_matched_21,striped dolphin_matched_21.jpg,Bottlenose Dolphin,striped dolphin
marine,all_I=zoom_blur_S=3,striped dolphin_matched_22,striped dolphin_matched_22.jpg,Bottlenose Dolphin,striped dolphin
marine,all_I=zoom_blur_S=3,striped dolphin_matched_23,striped dolphin_matched_23.jpg,False Killer Whale,striped dolphin
marine,all_I=zoom_blur_S=3,striped dolphin_matched_24,striped dolphin_matched_24.jpg,Common Dolphin,striped dolphin
marine,all_I=zoom_blur_S=3,striped dolphin_matched_25,striped dolphin_matched_25.jpg,Bottlenose Dolphin,striped dolphin
marine,all_I=zoom_blur_S=3,striped dolphin_matched_26,striped dolphin_matched_26.jpg,Common Dolphin,striped dolphin
marine,all_I=zoom_blur_S=3,striped dolphin_matched_27,striped dolphin_matched_27.jpg,Bottlenose Dolphin,striped dolphin
marine,all_I=zoom_blur_S=3,striped dolphin_matched_28,striped dolphin_matched_28.jpg,Common Dolphin,striped dolphin
marine,all_I=zoom_blur_S=3,striped dolphin_matched_29,striped dolphin_matched_29.jpg,Bottlenose Dolphin,striped dolphin
marine,all_I=zoom_blur_S=3,striped dolphin_matched_3,striped dolphin_matched_3.jpg,Bottlenose Dolphin,striped dolphin
marine,all_I=zoom_blur_S=3,striped dolphin_matched_30,striped dolphin_matched_30.jpg,Common Dolphin,striped dolphin
marine,all_I=zoom_blur_S=3,striped dolphin_matched_31,striped dolphin_matched_31.jpg,Bottlenose Dolphin,striped dolphin
marine,all_I=zoom_blur_S=3,striped dolphin_matched_32,striped dolphin_matched_32.jpg,Bottlenose Dolphin,striped dolphin
marine,all_I=zoom_blur_S=3,striped dolphin_matched_33,striped dolphin_matched_33.jpg,Bottlenose Dolphin,striped dolphin
marine,all_I=zoom_blur_S=3,striped dolphin_matched_4,striped dolphin_matched_4.jpg,False Killer Whale,striped dolphin
marine,all_I=zoom_blur_S=3,striped dolphin_matched_5,striped dolphin_matched_5.jpg,False Killer Whale,striped dolphin
marine,all_I=zoom_blur_S=3,striped dolphin_matched_6,striped dolphin_matched_6.jpg,Bottlenose Dolphin,striped dolphin
marine,all_I=zoom_blur_S=3,striped dolphin_matched_7,striped dolphin_matched_7.jpg,Bottlenose Dolphin,striped dolphin
marine,all_I=zoom_blur_S=3,striped dolphin_matched_8,striped dolphin_matched_8.jpg,Killer Whale,striped dolphin
marine,all_I=zoom_blur_S=3,striped dolphin_matched_9,striped dolphin_matched_9.jpg,Bottlenose Dolphin,striped dolphin
marine,all_I=zoom_blur_S=3,walrus_matched_1,walrus_matched_1.jpg,Walrus,walrus
marine,all_I=zoom_blur_S=3,walrus_matched_10,walrus_matched_10.jpg,Walrus,walrus
marine,all_I=zoom_blur_S=3,walrus_matched_11,walrus_matched_11.jpg,Leopard Seal,walrus
marine,all_I=zoom_blur_S=3,walrus_matched_12,walrus_matched_12.jpg,False Killer Whale,walrus
marine,all_I=zoom_blur_S=3,walrus_matched_13,walrus_matched_13.jpg,Walrus,walrus
marine,all_I=zoom_blur_S=3,walrus_matched_14,walrus_matched_14.jpg,Walrus,walrus
marine,all_I=zoom_blur_S=3,walrus_matched_15,walrus_matched_15.jpg,Killer Whale,walrus
marine,all_I=zoom_blur_S=3,walrus_matched_16,walrus_matched_16.jpg,Narwhal,walrus
marine,all_I=zoom_blur_S=3,walrus_matched_17,walrus_matched_17.jpg,Killer Whale,walrus
marine,all_I=zoom_blur_S=3,walrus_matched_18,walrus_matched_18.jpg,Walrus,walrus
marine,all_I=zoom_blur_S=3,walrus_matched_19,walrus_matched_19.jpg,Leopard Seal,walrus
marine,all_I=zoom_blur_S=3,walrus_matched_2,walrus_matched_2.jpg,Walrus,walrus
marine,all_I=zoom_blur_S=3,walrus_matched_20,walrus_matched_20.jpg,Walrus,walrus
marine,all_I=zoom_blur_S=3,walrus_matched_21,walrus_matched_21.jpg,Narwhal,walrus
marine,all_I=zoom_blur_S=3,walrus_matched_22,walrus_matched_22.jpg,Killer Whale,walrus
marine,all_I=zoom_blur_S=3,walrus_matched_23,walrus_matched_23.jpg,Killer Whale,walrus
marine,all_I=zoom_blur_S=3,walrus_matched_24,walrus_matched_24.jpg,Walrus,walrus
marine,all_I=zoom_blur_S=3,walrus_matched_25,walrus_matched_25.jpg,Leopard Seal,walrus
marine,all_I=zoom_blur_S=3,walrus_matched_26,walrus_matched_26.jpg,Walrus,walrus
marine,all_I=zoom_blur_S=3,walrus_matched_27,walrus_matched_27.jpg,Killer Whale,walrus
marine,all_I=zoom_blur_S=3,walrus_matched_28,walrus_matched_28.jpg,Walrus,walrus
marine,all_I=zoom_blur_S=3,walrus_matched_29,walrus_matched_29.jpg,Narwhal,walrus
marine,all_I=zoom_blur_S=3,walrus_matched_3,walrus_matched_3.jpg,Walrus,walrus
marine,all_I=zoom_blur_S=3,walrus_matched_30,walrus_matched_30.jpg,Narwhal,walrus
marine,all_I=zoom_blur_S=3,walrus_matched_31,walrus_matched_31.jpg,Leopard Seal,walrus
marine,all_I=zoom_blur_S=3,walrus_matched_32,walrus_matched_32.jpg,Walrus,walrus
marine,all_I=zoom_blur_S=3,walrus_matched_33,walrus_matched_33.jpg,Narwhal,walrus
marine,all_I=zoom_blur_S=3,walrus_matched_34,walrus_matched_34.jpg,Walrus,walrus
marine,all_I=zoom_blur_S=3,walrus_matched_35,walrus_matched_35.jpg,Walrus,walrus
marine,all_I=zoom_blur_S=3,walrus_matched_36,walrus_matched_36.jpg,False Killer Whale,walrus
marine,all_I=zoom_blur_S=3,walrus_matched_4,walrus_matched_4.jpg,Leopard Seal,walrus
marine,all_I=zoom_blur_S=3,walrus_matched_5,walrus_matched_5.jpg,Beluga White Whale,walrus
marine,all_I=zoom_blur_S=3,walrus_matched_6,walrus_matched_6.jpg,Narwhal,walrus
marine,all_I=zoom_blur_S=3,walrus_matched_7,walrus_matched_7.jpg,Leopard Seal,walrus
marine,all_I=zoom_blur_S=3,walrus_matched_8,walrus_matched_8.jpg,Leopard Seal,walrus
marine,all_I=zoom_blur_S=3,walrus_matched_9,walrus_matched_9.jpg,False Killer Whale,walrus
marine,all_I=zoom_blur_S=3,weddell seal_matched_1,weddell seal_matched_1.jpg,Leopard Seal,weddell seal
marine,all_I=zoom_blur_S=3,weddell seal_matched_10,weddell seal_matched_10.jpg,Leopard Seal,weddell seal
marine,all_I=zoom_blur_S=3,weddell seal_matched_11,weddell seal_matched_11.jpg,Leopard Seal,weddell seal
marine,all_I=zoom_blur_S=3,weddell seal_matched_12,weddell seal_matched_12.jpg,Bottlenose Dolphin,weddell seal
marine,all_I=zoom_blur_S=3,weddell seal_matched_13,weddell seal_matched_13.jpg,Leopard Seal,weddell seal
marine,all_I=zoom_blur_S=3,weddell seal_matched_14,weddell seal_matched_14.jpg,Harp Seal,weddell seal
marine,all_I=zoom_blur_S=3,weddell seal_matched_15,weddell seal_matched_15.jpg,Killer Whale,weddell seal
marine,all_I=zoom_blur_S=3,weddell seal_matched_16,weddell seal_matched_16.jpg,False Killer Whale,weddell seal
marine,all_I=zoom_blur_S=3,weddell seal_matched_2,weddell seal_matched_2.jpg,Leopard Seal,weddell seal
marine,all_I=zoom_blur_S=3,weddell seal_matched_3,weddell seal_matched_3.jpg,Leopard Seal,weddell seal
marine,all_I=zoom_blur_S=3,weddell seal_matched_4,weddell seal_matched_4.jpg,Harp Seal,weddell seal
marine,all_I=zoom_blur_S=3,weddell seal_matched_5,weddell seal_matched_5.jpg,Leopard Seal,weddell seal
marine,all_I=zoom_blur_S=3,weddell seal_matched_6,weddell seal_matched_6.jpg,Leopard Seal,weddell seal
marine,all_I=zoom_blur_S=3,weddell seal_matched_7,weddell seal_matched_7.jpg,Leopard Seal,weddell seal
marine,all_I=zoom_blur_S=3,weddell seal_matched_8,weddell seal_matched_8.jpg,Leopard Seal,weddell seal
marine,all_I=zoom_blur_S=3,weddell seal_matched_9,weddell seal_matched_9.jpg,Harp Seal,weddell seal
marine,all_I=zoom_blur_S=3,white-beaked dolphin_matched_1,white-beaked dolphin_matched_1.jpg,False Killer Whale,white-beaked dolphin
marine,all_I=zoom_blur_S=3,white-beaked dolphin_matched_10,white-beaked dolphin_matched_10.jpg,Bottlenose Dolphin,white-beaked dolphin
marine,all_I=zoom_blur_S=3,white-beaked dolphin_matched_11,white-beaked dolphin_matched_11.jpg,False Killer Whale,white-beaked dolphin
marine,all_I=zoom_blur_S=3,white-beaked dolphin_matched_12,white-beaked dolphin_matched_12.jpg,False Killer Whale,white-beaked dolphin
marine,all_I=zoom_blur_S=3,white-beaked dolphin_matched_13,white-beaked dolphin_matched_13.jpg,False Killer Whale,white-beaked dolphin
marine,all_I=zoom_blur_S=3,white-beaked dolphin_matched_14,white-beaked dolphin_matched_14.jpg,Spinner Dolphin,white-beaked dolphin
marine,all_I=zoom_blur_S=3,white-beaked dolphin_matched_15,white-beaked dolphin_matched_15.jpg,Bottlenose Dolphin,white-beaked dolphin
marine,all_I=zoom_blur_S=3,white-beaked dolphin_matched_16,white-beaked dolphin_matched_16.jpg,White-beaked Dolphin,white-beaked dolphin
marine,all_I=zoom_blur_S=3,white-beaked dolphin_matched_2,white-beaked dolphin_matched_2.jpg,False Killer Whale,white-beaked dolphin
marine,all_I=zoom_blur_S=3,white-beaked dolphin_matched_3,white-beaked dolphin_matched_3.jpg,Bottlenose Dolphin,white-beaked dolphin
marine,all_I=zoom_blur_S=3,white-beaked dolphin_matched_4,white-beaked dolphin_matched_4.jpg,False Killer Whale,white-beaked dolphin
marine,all_I=zoom_blur_S=3,white-beaked dolphin_matched_5,white-beaked dolphin_matched_5.jpg,Bottlenose Dolphin,white-beaked dolphin
marine,all_I=zoom_blur_S=3,white-beaked dolphin_matched_6,white-beaked dolphin_matched_6.jpg,White-beaked Dolphin,white-beaked dolphin
marine,all_I=zoom_blur_S=3,white-beaked dolphin_matched_7,white-beaked dolphin_matched_7.jpg,Common Dolphin,white-beaked dolphin
marine,all_I=zoom_blur_S=3,white-beaked dolphin_matched_8,white-beaked dolphin_matched_8.jpg,Bottlenose Dolphin,white-beaked dolphin
marine,all_I=zoom_blur_S=3,white-beaked dolphin_matched_9,white-beaked dolphin_matched_9.jpg,False Killer Whale,white-beaked dolphin
marine,all_I=zoom_blur_S=3,white-sided dolphin_inat_1,white-sided dolphin_inat_1.jpg,Common Dolphin,white-sided dolphin
marine,all_I=zoom_blur_S=3,white-sided dolphin_inat_10,white-sided dolphin_inat_10.jpg,Common Dolphin,white-sided dolphin
marine,all_I=zoom_blur_S=3,white-sided dolphin_inat_11,white-sided dolphin_inat_11.jpg,White-beaked Dolphin,white-sided dolphin
marine,all_I=zoom_blur_S=3,white-sided dolphin_inat_12,white-sided dolphin_inat_12.jpg,False Killer Whale,white-sided dolphin
marine,all_I=zoom_blur_S=3,white-sided dolphin_inat_13,white-sided dolphin_inat_13.jpg,Common Dolphin,white-sided dolphin
marine,all_I=zoom_blur_S=3,white-sided dolphin_inat_14,white-sided dolphin_inat_14.jpg,Common Dolphin,white-sided dolphin
marine,all_I=zoom_blur_S=3,white-sided dolphin_inat_15,white-sided dolphin_inat_15.jpg,Common Dolphin,white-sided dolphin
marine,all_I=zoom_blur_S=3,white-sided dolphin_inat_16,white-sided dolphin_inat_16.jpg,Bottlenose Dolphin,white-sided dolphin
marine,all_I=zoom_blur_S=3,white-sided dolphin_inat_2,white-sided dolphin_inat_2.jpg,Common Dolphin,white-sided dolphin
marine,all_I=zoom_blur_S=3,white-sided dolphin_inat_3,white-sided dolphin_inat_3.jpg,Bottlenose Dolphin,white-sided dolphin
marine,all_I=zoom_blur_S=3,white-sided dolphin_inat_4,white-sided dolphin_inat_4.jpg,Bottlenose Dolphin,white-sided dolphin
marine,all_I=zoom_blur_S=3,white-sided dolphin_inat_5,white-sided dolphin_inat_5.jpg,Common Dolphin,white-sided dolphin
marine,all_I=zoom_blur_S=3,white-sided dolphin_inat_6,white-sided dolphin_inat_6.jpg,Common Dolphin,white-sided dolphin
marine,all_I=zoom_blur_S=3,white-sided dolphin_inat_7,white-sided dolphin_inat_7.jpg,Common Dolphin,white-sided dolphin
marine,all_I=zoom_blur_S=3,white-sided dolphin_inat_8,white-sided dolphin_inat_8.jpg,Humpback Whale,white-sided dolphin
marine,all_I=zoom_blur_S=3,white-sided dolphin_inat_9,white-sided dolphin_inat_9.jpg,False Killer Whale,white-sided dolphin
