dataset,split,sample_id,file,prediction,label
marine,all,atlantic spotted dolphin_1038,atlantic spotted dolphin_1038.wav,Bottlenose Dolphin,atlantic spotted dolphin
marine,all,atlantic spotted dolphin_1058,atlantic spotted dolphin_1058.wav,Bottlenose Dolphin,atlantic spotted dolphin
marine,all,atlantic spotted dolphin_1090,atlantic spotted dolphin_1090.wav,Bottlenose Dolphin,atlantic spotted dolphin
marine,all,atlantic spotted dolphin_1103,atlantic spotted dolphin_1103.wav,Bottlenose Dolphin,atlantic spotted dolphin
marine,all,atlantic spotted dolphin_120,atlantic spotted dolphin_120.wav,Bottlenose Dolphin,atlantic spotted dolphin
marine,all,atlantic spotted dolphin_1209,atlantic spotted dolphin_1209.wav,Bottlenose Dolphin,atlantic spotted dolphin
marine,all,atlantic spotted dolphin_1250,atlantic spotted dolphin_1250.wav,Humpback Whale,atlantic spotted dolphin
marine,all,atlantic spotted dolphin_1333,atlantic spotted dolphin_1333.wav,Bottlenose Dolphin,atlantic spotted dolphin
marine,all,atlantic spotted dolphin_168,atlantic spotted dolphin_168.wav,False Killer Whale,atlantic spotted dolphin
marine,all,atlantic spotted dolphin_205,atlantic spotted dolphin_205.wav,Bottlenose Dolphin,atlantic spotted dolphin
marine,all,atlantic spotted dolphin_272,atlantic spotted dolphin_272.wav,Bottlenose Dolphin,atlantic spotted dolphin
marine,all,atlantic spotted dolphin_274,atlantic spotted dolphin_274.wav,Humpback Whale,atlantic spotted dolphin
marine,all,atlantic spotted dolphin_355,atlantic spotted dolphin_355.wav,Bottlenose Dolphin,atlantic spotted dolphin
marine,all,atlantic spotted dolphin_365,atlantic spotted dolphin_365.wav,Bottlenose Dolphin,atlantic spotted dolphin
marine,all,atlantic spotted dolphin_386,atlantic spotted dolphin_386.wav,Bottlenose Dolphin,atlantic spotted dolphin
marine,all,atlantic spotted dolphin_391,atlantic spotted dolphin_391.wav,Bottlenose Dolphin,atlantic spotted dolphin
marine,all,atlantic spotted dolphin_416,atlantic spotted dolphin_416.wav,Bottlenose Dolphin,atlantic spotted dolphin
marine,all,atlantic spotted dolphin_432,atlantic spotted dolphin_432.wav,False Killer Whale,atlantic spotted dolphin
marine,all,atlantic spotted dolphin_435,atlantic spotted dolphin_435.wav,Bottlenose Dolphin,atlantic spotted dolphin
marine,all,atlantic spotted dolphin_452,atlantic spotted dolphin_452.wav,Bottlenose Dolphin,atlantic spotted dolphin
marine,all,atlantic spotted dolphin_470,atlantic spotted dolphin_470.wav,Humpback Whale,atlantic spotted dolphin
marine,all,atlantic spotted dolphin_498,atlantic spotted dolphin_498.wav,Bottlenose Dolphin,atlantic spotted dolphin
marine,all,atlantic spotted dolphin_506,atlantic spotted dolphin_506.wav,Humpback Whale,atlantic spotted dolphin
marine,all,atlantic spotted dolphin_534,atlantic spotted dolphin_534.wav,Bottlenose Dolphin,atlantic spotted dolphin
marine,all,atlantic spotted dolphin_572,atlantic spotted dolphin_572.wav,False Killer Whale,atlantic spotted dolphin
marine,all,atlantic spotted dolphin_634,atlantic spotted dolphin_634.wav,Leopard Seal,atlantic spotted dolphin
marine,all,atlantic spotted dolphin_637,atlantic spotted dolphin_637.wav,Leopard Seal,atlantic spotted dolphin
marine,all,atlantic spotted dolphin_644,atlantic spotted dolphin_644.wav,Humpback Whale,atlantic spotted dolphin
marine,all,atlantic spotted dolphin_661,atlantic spotted dolphin_661.wav,Humpback Whale,atlantic spotted dolphin
marine,all,atlantic spotted dolphin_681,atlantic spotted dolphin_681.wav,Bottlenose Dolphin,atlantic spotted dolphin
marine,all,atlantic spotted dolphin_683,atlantic spotted dolphin_683.wav,Bottlenose Dolphin,atlantic spotted dolphin
marine,all,atlantic spotted dolphin_692,atlantic spotted dolphin_692.wav,Leopard Seal,atlantic spotted dolphin
marine,all,atlantic spotted dolphin_695,atlantic spotted dolphin_695.wav,Sperm Whale,atlantic spotted dolphin
marine,all,atlantic spotted dolphin_707,atlantic spotted dolphin_707.wav,Humpback Whale,atlantic spotted dolphin
marine,all,atlantic spotted dolphin_720,atlantic spotted dolphin_720.wav,Humpback Whale,atlantic spotted dolphin
marine,all,atlantic spotted dolphin_731,atlantic spotted dolphin_731.wav,None of the provided species are associated with bird sounds.,atlantic spotted dolphin
marine,all,atlantic spotted dolphin_746,atlantic spotted dolphin_746.wav,False Killer Whale,atlantic spotted dolphin
marine,all,atlantic spotted dolphin_8,atlantic spotted dolphin_8.wav,Killer Whale,atlantic spotted dolphin
marine,all,atlantic spotted dolphin_803,atlantic spotted dolphin_803.wav,Leopard Seal,atlantic spotted dolphin
marine,all,atlantic spotted dolphin_837,atlantic spotted dolphin_837.wav,Bottlenose Dolphin,atlantic spotted dolphin
marine,all,atlantic spotted dolphin_873,atlantic spotted dolphin_873.wav,Humpback Whale,atlantic spotted dolphin
marine,all,atlantic spotted dolphin_898,atlantic spotted dolphin_898.wav,None of the provided species are associated with bird vocalizations.,atlantic spotted dolphin
marine,all,atlantic spotted dolphin_94,atlantic spotted dolphin_94.wav,Bottlenose Dolphin,atlantic spotted dolphin
marine,all,atlantic spotted dolphin_942,atlantic spotted dolphin_942.wav,Bottlenose Dolphin,atlantic spotted dolphin
marine,all,atlantic spotted dolphin_985,atlantic spotted dolphin_985.wav,Bottlenose Dolphin,atlantic spotted dolphin
marine,all,atlantic spotted dolphin_99,atlantic spotted dolphin_99.wav,Bottlenose Dolphin,atlantic spotted dolphin
marine,all,bearded seal_1,bearded seal_1.wav,Killer Whale,bearded seal
marine,all,bearded seal_1050,bearded seal_1050.wav,Killer Whale,bearded seal
marine,all,bearded seal_109,bearded seal_109.wav,Humpback Whale,bearded seal
marine,all,bearded seal_1122,bearded seal_1122.wav,"None of the provided species are associated with the sound of a car accelerating and tires squealing. This sound is typically associated with a vehicle in motion, possibly during a race or a chase scene.",bearded seal
marine,all,bearded seal_1225,bearded seal_1225.wav,Humpback Whale,bearded seal
marine,all,bearded seal_126,bearded seal_126.wav,Humpback Whale,bearded seal
marine,all,bearded seal_1321,bearded seal_1321.wav,Killer Whale,bearded seal
marine,all,bearded seal_1335,bearded seal_1335.wav,None of the provided species are associated with the sound of a sewing machine.,bearded seal
marine,all,bearded seal_1354,bearded seal_1354.wav,Killer Whale,bearded seal
marine,all,bearded seal_179,bearded seal_179.wav,No species can be classified from the audio provided.,bearded seal
marine,all,bearded seal_251,bearded seal_251.wav,Killer Whale,bearded seal
marine,all,bearded seal_252,bearded seal_252.wav,Killer Whale,bearded seal
marine,all,bearded seal_305,bearded seal_305.wav,Bottlenose Dolphin,bearded seal
marine,all,bearded seal_462,bearded seal_462.wav,Killer Whale,bearded seal
marine,all,bearded seal_646,bearded seal_646.wav,None of the provided species are associated with emergency vehicles or sirens.,bearded seal
marine,all,bearded seal_671,bearded seal_671.wav,Killer Whale,bearded seal
marine,all,bearded seal_673,bearded seal_673.wav,Whale,bearded seal
marine,all,bearded seal_69,bearded seal_69.wav,Humpback Whale,bearded seal
marine,all,bearded seal_701,bearded seal_701.wav,Killer Whale,bearded seal
marine,all,bearded seal_724,bearded seal_724.wav,Killer Whale,bearded seal
marine,all,bearded seal_728,bearded seal_728.wav,Killer Whale,bearded seal
marine,all,bearded seal_730,bearded seal_730.wav,Humpback Whale,bearded seal
marine,all,bearded seal_77,bearded seal_77.wav,Humpback Whale,bearded seal
marine,all,bearded seal_793,bearded seal_793.wav,Killer Whale,bearded seal
marine,all,bearded seal_869,bearded seal_869.wav,Killer Whale,bearded seal
marine,all,bearded seal_88,bearded seal_88.wav,Humpback Whale,bearded seal
marine,all,bearded seal_889,bearded seal_889.wav,Bottlenose Dolphin,bearded seal
marine,all,bearded seal_906,bearded seal_906.wav,Whale,bearded seal
marine,all,bearded seal_950,bearded seal_950.wav,Humpback Whale,bearded seal
marine,all,bearded seal_953,bearded seal_953.wav,Killer Whale,bearded seal
marine,all,beluga white whale_1043,beluga white whale_1043.wav,Humpback Whale,beluga white whale
marine,all,beluga white whale_1068,beluga white whale_1068.wav,Humpback Whale,beluga white whale
marine,all,beluga white whale_1081,beluga white whale_1081.wav,Humpback Whale,beluga white whale
marine,all,beluga white whale_1087,beluga white whale_1087.wav,Killer Whale,beluga white whale
marine,all,beluga white whale_1105,beluga white whale_1105.wav,Killer Whale,beluga white whale
marine,all,beluga white whale_1156,beluga white whale_1156.wav,Bottlenose Dolphin,beluga white whale
marine,all,beluga white whale_1171,beluga white whale_1171.wav,False Killer Whale,beluga white whale
marine,all,beluga white whale_1183,beluga white whale_1183.wav,Killer Whale,beluga white whale
marine,all,beluga white whale_1187,beluga white whale_1187.wav,Humpback Whale,beluga white whale
marine,all,beluga white whale_1199,beluga white whale_1199.wav,Bottlenose Dolphin,beluga white whale
marine,all,beluga white whale_1203,beluga white whale_1203.wav,Bottlenose Dolphin,beluga white whale
marine,all,beluga white whale_1217,beluga white whale_1217.wav,Humpback Whale,beluga white whale
marine,all,beluga white whale_1219,beluga white whale_1219.wav,Bottlenose Dolphin,beluga white whale
marine,all,beluga white whale_1255,beluga white whale_1255.wav,Killer Whale,beluga white whale
marine,all,beluga white whale_1271,beluga white whale_1271.wav,Humpback Whale,beluga white whale
marine,all,beluga white whale_1317,beluga white whale_1317.wav,Bottlenose Dolphin,beluga white whale
marine,all,beluga white whale_1338,beluga white whale_1338.wav,False Killer Whale,beluga white whale
marine,all,beluga white whale_180,beluga white whale_180.wav,False Killer Whale,beluga white whale
marine,all,beluga white whale_223,beluga white whale_223.wav,Beluga White Whale,beluga white whale
marine,all,beluga white whale_225,beluga white whale_225.wav,Beluga White Whale,beluga white whale
marine,all,beluga white whale_259,beluga white whale_259.wav,Bottlenose Dolphin,beluga white whale
marine,all,beluga white whale_282,beluga white whale_282.wav,False Killer Whale,beluga white whale
marine,all,beluga white whale_298,beluga white whale_298.wav,False Killer Whale,beluga white whale
marine,all,beluga white whale_330,beluga white whale_330.wav,Killer Whale,beluga white whale
marine,all,beluga white whale_332,beluga white whale_332.wav,Humpback Whale,beluga white whale
marine,all,beluga white whale_337,beluga white whale_337.wav,Humpback Whale,beluga white whale
marine,all,beluga white whale_361,beluga white whale_361.wav,False Killer Whale,beluga white whale
marine,all,beluga white whale_366,beluga white whale_366.wav,Killer Whale,beluga white whale
marine,all,beluga white whale_439,beluga white whale_439.wav,Killer Whale,beluga white whale
marine,all,beluga white whale_548,beluga white whale_548.wav,Bottlenose Dolphin,beluga white whale
marine,all,beluga white whale_570,beluga white whale_570.wav,Humpback Whale,beluga white whale
marine,all,beluga white whale_611,beluga white whale_611.wav,Killer Whale,beluga white whale
marine,all,beluga white whale_622,beluga white whale_622.wav,Humpback Whale,beluga white whale
marine,all,beluga white whale_7,beluga white whale_7.wav,Bottlenose Dolphin,beluga white whale
marine,all,beluga white whale_73,beluga white whale_73.wav,Killer Whale,beluga white whale
marine,all,beluga white whale_893,beluga white whale_893.wav,Killer Whale,beluga white whale
marine,all,beluga white whale_912,beluga white whale_912.wav,Humpback Whale,beluga white whale
marine,all,beluga white whale_955,beluga white whale_955.wav,Bottlenose Dolphin,beluga white whale
marine,all,beluga white whale_967,beluga white whale_967.wav,Killer Whale,beluga white whale
marine,all,beluga white whale_974,beluga white whale_974.wav,Killer Whale,beluga white whale
marine,all,bottlenose dolphin_1258,bottlenose dolphin_1258.wav,Bottlenose Dolphin,bottlenose dolphin
marine,all,bottlenose dolphin_164,bottlenose dolphin_164.wav,Bottlenose Dolphin,bottlenose dolphin
marine,all,bottlenose dolphin_188,bottlenose dolphin_188.wav,Bottlenose Dolphin,bottlenose dolphin
marine,all,bottlenose dolphin_39,bottlenose dolphin_39.wav,Spinner Dolphin,bottlenose dolphin
marine,all,bottlenose dolphin_473,bottlenose dolphin_473.wav,Leopard Seal,bottlenose dolphin
marine,all,bottlenose dolphin_497,bottlenose dolphin_497.wav,Bottlenose Dolphin,bottlenose dolphin
marine,all,bottlenose dolphin_554,bottlenose dolphin_554.wav,Bottlenose Dolphin,bottlenose dolphin
marine,all,bottlenose dolphin_56,bottlenose dolphin_56.wav,Bottlenose Dolphin,bottlenose dolphin
marine,all,bottlenose dolphin_565,bottlenose dolphin_565.wav,False Killer Whale,bottlenose dolphin
marine,all,bottlenose dolphin_66,bottlenose dolphin_66.wav,Bottlenose Dolphin,bottlenose dolphin
marine,all,bottlenose dolphin_67,bottlenose dolphin_67.wav,Humpback Whale,bottlenose dolphin
marine,all,bottlenose dolphin_686,bottlenose dolphin_686.wav,None of the provided species are known for making bird-like sounds.,bottlenose dolphin
marine,all,bottlenose dolphin_709,bottlenose dolphin_709.wav,Bottlenose Dolphin,bottlenose dolphin
marine,all,bottlenose dolphin_721,bottlenose dolphin_721.wav,Bottlenose Dolphin,bottlenose dolphin
marine,all,bottlenose dolphin_755,bottlenose dolphin_755.wav,None of the provided species are associated with birds.,bottlenose dolphin
marine,all,bottlenose dolphin_79,bottlenose dolphin_79.wav,Bottlenose Dolphin,bottlenose dolphin
marine,all,bottlenose dolphin_801,bottlenose dolphin_801.wav,None of the provided species are known for their ability to fly.,bottlenose dolphin
marine,all,bottlenose dolphin_827,bottlenose dolphin_827.wav,Bottlenose Dolphin,bottlenose dolphin
marine,all,bottlenose dolphin_884,bottlenose dolphin_884.wav,None of the provided species are known for making bird-like sounds.,bottlenose dolphin
marine,all,bowhead whale_1013,bowhead whale_1013.wav,Killer Whale,bowhead whale
marine,all,bowhead whale_1057,bowhead whale_1057.wav,Killer Whale,bowhead whale
marine,all,bowhead whale_1071,bowhead whale_1071.wav,Killer Whale,bowhead whale
marine,all,bowhead whale_1155,bowhead whale_1155.wav,Killer Whale,bowhead whale
marine,all,bowhead whale_1182,bowhead whale_1182.wav,Humpback Whale,bowhead whale
marine,all,bowhead whale_1214,bowhead whale_1214.wav,Killer Whale,bowhead whale
marine,all,bowhead whale_1237,bowhead whale_1237.wav,Humpback Whale,bowhead whale
marine,all,bowhead whale_1240,bowhead whale_1240.wav,Humpback Whale,bowhead whale
marine,all,bowhead whale_1298,bowhead whale_1298.wav,Killer Whale,bowhead whale
marine,all,bowhead whale_1299,bowhead whale_1299.wav,Killer Whale,bowhead whale
marine,all,bowhead whale_1309,bowhead whale_1309.wav,Humpback Whale,bowhead whale
marine,all,bowhead whale_1348,bowhead whale_1348.wav,Killer Whale,bowhead whale
marine,all,bowhead whale_18,bowhead whale_18.wav,No species label can be determined from the given audio.,bowhead whale
marine,all,bowhead whale_186,bowhead whale_186.wav,Killer Whale,bowhead whale
marine,all,bowhead whale_189,bowhead whale_189.wav,Killer Whale,bowhead whale
marine,all,bowhead whale_196,bowhead whale_196.wav,No species can be classified from the audio provided.,bowhead whale
marine,all,bowhead whale_25,bowhead whale_25.wav,Killer Whale,bowhead whale
marine,all,bowhead whale_331,bowhead whale_331.wav,Killer Whale,bowhead whale
marine,all,bowhead whale_333,bowhead whale_333.wav,Humpback Whale,bowhead whale
marine,all,bowhead whale_334,bowhead whale_334.wav,Killer Whale,bowhead whale
marine,all,bowhead whale_36,bowhead whale_36.wav,Killer Whale,bowhead whale
marine,all,bowhead whale_392,bowhead whale_392.wav,Killer Whale,bowhead whale
marine,all,bowhead whale_40,bowhead whale_40.wav,Humpback Whale,bowhead whale
marine,all,bowhead whale_444,bowhead whale_444.wav,Killer Whale,bowhead whale
marine,all,bowhead whale_50,bowhead whale_50.wav,Killer Whale,bowhead whale
marine,all,bowhead whale_527,bowhead whale_527.wav,Killer Whale,bowhead whale
marine,all,bowhead whale_543,bowhead whale_543.wav,Killer Whale,bowhead whale
marine,all,bowhead whale_547,bowhead whale_547.wav,Killer Whale,bowhead whale
marine,all,bowhead whale_555,bowhead whale_555.wav,Humpback Whale,bowhead whale
marine,all,bowhead whale_567,bowhead whale_567.wav,Humpback Whale,bowhead whale
marine,all,bowhead whale_584,bowhead whale_584.wav,Bottlenose Dolphin,bowhead whale
marine,all,bowhead whale_586,bowhead whale_586.wav,Killer Whale,bowhead whale
marine,all,bowhead whale_599,bowhead whale_599.wav,Humpback Whale,bowhead whale
marine,all,bowhead whale_601,bowhead whale_601.wav,Killer Whale,bowhead whale
marine,all,bowhead whale_616,bowhead whale_616.wav,Killer Whale,bowhead whale
marine,all,bowhead whale_639,bowhead whale_639.wav,Killer Whale,bowhead whale
marine,all,bowhead whale_654,bowhead whale_654.wav,Killer Whale,bowhead whale
marine,all,bowhead whale_796,bowhead whale_796.wav,Humpback Whale,bowhead whale
marine,all,bowhead whale_811,bowhead whale_811.wav,Humpback Whale,bowhead whale
marine,all,bowhead whale_821,bowhead whale_821.wav,Killer Whale,bowhead whale
marine,all,bowhead whale_843,bowhead whale_843.wav,Killer Whale,bowhead whale
marine,all,bowhead whale_853,bowhead whale_853.wav,Killer Whale,bowhead whale
marine,all,bowhead whale_86,bowhead whale_86.wav,Killer Whale,bowhead whale
marine,all,bowhead whale_863,bowhead whale_863.wav,Killer Whale,bowhead whale
marine,all,bowhead whale_887,bowhead whale_887.wav,Killer Whale,bowhead whale
marine,all,bowhead whale_940,bowhead whale_940.wav,Humpback Whale,bowhead whale
marine,all,bowhead whale_961,bowhead whale_961.wav,Killer Whale,bowhead whale
marine,all,bowhead whale_962,bowhead whale_962.wav,Killer Whale,bowhead whale
marine,all,clymene dolphin_1023,clymene dolphin_1023.wav,Bottlenose Dolphin,clymene dolphin
marine,all,clymene dolphin_1044,clymene dolphin_1044.wav,Bottlenose Dolphin,clymene dolphin
marine,all,clymene dolphin_1064,clymene dolphin_1064.wav,Bottlenose Dolphin,clymene dolphin
marine,all,clymene dolphin_1070,clymene dolphin_1070.wav,Bottlenose Dolphin,clymene dolphin
marine,all,clymene dolphin_1110,clymene dolphin_1110.wav,Bottlenose Dolphin,clymene dolphin
marine,all,clymene dolphin_1159,clymene dolphin_1159.wav,False Killer Whale,clymene dolphin
marine,all,clymene dolphin_1233,clymene dolphin_1233.wav,Killer Whale,clymene dolphin
marine,all,clymene dolphin_1251,clymene dolphin_1251.wav,Bottlenose Dolphin,clymene dolphin
marine,all,clymene dolphin_1254,clymene dolphin_1254.wav,Bottlenose Dolphin,clymene dolphin
marine,all,clymene dolphin_1265,clymene dolphin_1265.wav,Bottlenose Dolphin,clymene dolphin
marine,all,clymene dolphin_1307,clymene dolphin_1307.wav,False Killer Whale,clymene dolphin
marine,all,clymene dolphin_1310,clymene dolphin_1310.wav,False Killer Whale,clymene dolphin
marine,all,clymene dolphin_1319,clymene dolphin_1319.wav,Bottlenose Dolphin,clymene dolphin
marine,all,clymene dolphin_1324,clymene dolphin_1324.wav,Bottlenose Dolphin,clymene dolphin
marine,all,clymene dolphin_1325,clymene dolphin_1325.wav,Bottlenose Dolphin,clymene dolphin
marine,all,clymene dolphin_1326,clymene dolphin_1326.wav,Bottlenose Dolphin,clymene dolphin
marine,all,clymene dolphin_136,clymene dolphin_136.wav,Bottlenose Dolphin,clymene dolphin
marine,all,clymene dolphin_214,clymene dolphin_214.wav,Humpback Whale,clymene dolphin
marine,all,clymene dolphin_236,clymene dolphin_236.wav,Bottlenose Dolphin,clymene dolphin
marine,all,clymene dolphin_246,clymene dolphin_246.wav,None of the provided species are associated with the sounds of a car engine and a squeaking belt.,clymene dolphin
marine,all,clymene dolphin_287,clymene dolphin_287.wav,Bottlenose Dolphin,clymene dolphin
marine,all,clymene dolphin_309,clymene dolphin_309.wav,Bottlenose Dolphin,clymene dolphin
marine,all,clymene dolphin_318,clymene dolphin_318.wav,Bottlenose Dolphin,clymene dolphin
marine,all,clymene dolphin_363,clymene dolphin_363.wav,Bottlenose Dolphin,clymene dolphin
marine,all,clymene dolphin_367,clymene dolphin_367.wav,Bottlenose Dolphin,clymene dolphin
marine,all,clymene dolphin_388,clymene dolphin_388.wav,Bottlenose Dolphin,clymene dolphin
marine,all,clymene dolphin_414,clymene dolphin_414.wav,Bottlenose Dolphin,clymene dolphin
marine,all,clymene dolphin_437,clymene dolphin_437.wav,Humpback Whale,clymene dolphin
marine,all,clymene dolphin_442,clymene dolphin_442.wav,Bottlenose Dolphin,clymene dolphin
marine,all,clymene dolphin_443,clymene dolphin_443.wav,Bottlenose Dolphin,clymene dolphin
marine,all,clymene dolphin_446,clymene dolphin_446.wav,Bottlenose Dolphin,clymene dolphin
marine,all,clymene dolphin_456,clymene dolphin_456.wav,Bottlenose Dolphin,clymene dolphin
marine,all,clymene dolphin_486,clymene dolphin_486.wav,Killer Whale,clymene dolphin
marine,all,clymene dolphin_511,clymene dolphin_511.wav,Bottlenose Dolphin,clymene dolphin
marine,all,clymene dolphin_521,clymene dolphin_521.wav,Bottlenose Dolphin,clymene dolphin
marine,all,clymene dolphin_537,clymene dolphin_537.wav,Bottlenose Dolphin,clymene dolphin
marine,all,clymene dolphin_550,clymene dolphin_550.wav,Bottlenose Dolphin,clymene dolphin
marine,all,clymene dolphin_566,clymene dolphin_566.wav,Bottlenose Dolphin,clymene dolphin
marine,all,clymene dolphin_662,clymene dolphin_662.wav,Bottlenose Dolphin,clymene dolphin
marine,all,clymene dolphin_719,clymene dolphin_719.wav,Bottlenose Dolphin,clymene dolphin
marine,all,clymene dolphin_775,clymene dolphin_775.wav,None of the provided species are associated with bird sounds or activities.,clymene dolphin
marine,all,clymene dolphin_781,clymene dolphin_781.wav,Bottlenose Dolphin,clymene dolphin
marine,all,clymene dolphin_830,clymene dolphin_830.wav,Bottlenose Dolphin,clymene dolphin
marine,all,clymene dolphin_911,clymene dolphin_911.wav,Bottlenose Dolphin,clymene dolphin
marine,all,clymene dolphin_914,clymene dolphin_914.wav,Bottlenose Dolphin,clymene dolphin
marine,all,clymene dolphin_919,clymene dolphin_919.wav,Bottlenose Dolphin,clymene dolphin
marine,all,clymene dolphin_934,clymene dolphin_934.wav,Bottlenose Dolphin,clymene dolphin
marine,all,clymene dolphin_935,clymene dolphin_935.wav,Bottlenose Dolphin,clymene dolphin
marine,all,clymene dolphin_964,clymene dolphin_964.wav,Bottlenose Dolphin,clymene dolphin
marine,all,clymene dolphin_979,clymene dolphin_979.wav,Bottlenose Dolphin,clymene dolphin
marine,all,common dolphin_1025,common dolphin_1025.wav,Bottlenose Dolphin,common dolphin
marine,all,common dolphin_1041,common dolphin_1041.wav,Bottlenose Dolphin,common dolphin
marine,all,common dolphin_1061,common dolphin_1061.wav,Bottlenose Dolphin,common dolphin
marine,all,common dolphin_1114,common dolphin_1114.wav,Bottlenose Dolphin,common dolphin
marine,all,common dolphin_1115,common dolphin_1115.wav,Bottlenose Dolphin,common dolphin
marine,all,common dolphin_1123,common dolphin_1123.wav,Bottlenose Dolphin,common dolphin
marine,all,common dolphin_1132,common dolphin_1132.wav,False Killer Whale,common dolphin
marine,all,common dolphin_1151,common dolphin_1151.wav,Bottlenose Dolphin,common dolphin
marine,all,common dolphin_1224,common dolphin_1224.wav,Bottlenose Dolphin,common dolphin
marine,all,common dolphin_1244,common dolphin_1244.wav,Bottlenose Dolphin,common dolphin
marine,all,common dolphin_127,common dolphin_127.wav,Bottlenose Dolphin,common dolphin
marine,all,common dolphin_128,common dolphin_128.wav,Humpback Whale,common dolphin
marine,all,common dolphin_1285,common dolphin_1285.wav,False Killer Whale,common dolphin
marine,all,common dolphin_1301,common dolphin_1301.wav,Bottlenose Dolphin,common dolphin
marine,all,common dolphin_1314,common dolphin_1314.wav,Bottlenose Dolphin,common dolphin
marine,all,common dolphin_1316,common dolphin_1316.wav,Bottlenose Dolphin,common dolphin
marine,all,common dolphin_17,common dolphin_17.wav,Bottlenose Dolphin,common dolphin
marine,all,common dolphin_187,common dolphin_187.wav,Bottlenose Dolphin,common dolphin
marine,all,common dolphin_215,common dolphin_215.wav,Bottlenose Dolphin,common dolphin
marine,all,common dolphin_240,common dolphin_240.wav,None of the provided species are associated with the sounds of rain and birds chirping.,common dolphin
marine,all,common dolphin_348,common dolphin_348.wav,Humpback Whale,common dolphin
marine,all,common dolphin_35,common dolphin_35.wav,Bottlenose Dolphin,common dolphin
marine,all,common dolphin_374,common dolphin_374.wav,Bottlenose Dolphin,common dolphin
marine,all,common dolphin_393,common dolphin_393.wav,Humpback Whale,common dolphin
marine,all,common dolphin_401,common dolphin_401.wav,Bottlenose Dolphin,common dolphin
marine,all,common dolphin_466,common dolphin_466.wav,Bottlenose Dolphin,common dolphin
marine,all,common dolphin_469,common dolphin_469.wav,False Killer Whale,common dolphin
marine,all,common dolphin_474,common dolphin_474.wav,Humpback Whale,common dolphin
marine,all,common dolphin_485,common dolphin_485.wav,Bottlenose Dolphin,common dolphin
marine,all,common dolphin_510,common dolphin_510.wav,Bottlenose Dolphin,common dolphin
marine,all,common dolphin_526,common dolphin_526.wav,Bottlenose Dolphin,common dolphin
marine,all,common dolphin_551,common dolphin_551.wav,Bottlenose Dolphin,common dolphin
marine,all,common dolphin_635,common dolphin_635.wav,Bottlenose Dolphin,common dolphin
marine,all,common dolphin_727,common dolphin_727.wav,Bottlenose Dolphin,common dolphin
marine,all,common dolphin_736,common dolphin_736.wav,Humpback Whale,common dolphin
marine,all,common dolphin_758,common dolphin_758.wav,Bottlenose Dolphin,common dolphin
marine,all,common dolphin_759,common dolphin_759.wav,Beluga White Whale,common dolphin
marine,all,common dolphin_820,common dolphin_820.wav,Humpback Whale,common dolphin
marine,all,common dolphin_876,common dolphin_876.wav,Killer Whale,common dolphin
marine,all,common dolphin_902,common dolphin_902.wav,Bottlenose Dolphin,common dolphin
marine,all,common dolphin_984,common dolphin_984.wav,Bottlenose Dolphin,common dolphin
marine,all,common dolphin_994,common dolphin_994.wav,Killer Whale,common dolphin
marine,all,false killer whale_1000,false killer whale_1000.wav,Killer Whale,false killer whale
marine,all,false killer whale_1006,false killer whale_1006.wav,Bottlenose Dolphin,false killer whale
marine,all,false killer whale_1026,false killer whale_1026.wav,Bottlenose Dolphin,false killer whale
marine,all,false killer whale_1052,false killer whale_1052.wav,Bottlenose Dolphin,false killer whale
marine,all,false killer whale_106,false killer whale_106.wav,Killer Whale,false killer whale
marine,all,false killer whale_1131,false killer whale_1131.wav,Bottlenose Dolphin,false killer whale
marine,all,false killer whale_1138,false killer whale_1138.wav,Bottlenose Dolphin,false killer whale
marine,all,false killer whale_121,false killer whale_121.wav,Bottlenose Dolphin,false killer whale
marine,all,false killer whale_1213,false killer whale_1213.wav,Bottlenose Dolphin,false killer whale
marine,all,false killer whale_1267,false killer whale_1267.wav,Bottlenose Dolphin,false killer whale
marine,all,false killer whale_1297,false killer whale_1297.wav,Bottlenose Dolphin,false killer whale
marine,all,false killer whale_1306,false killer whale_1306.wav,Bottlenose Dolphin,false killer whale
marine,all,false killer whale_1311,false killer whale_1311.wav,Bottlenose Dolphin,false killer whale
marine,all,false killer whale_151,false killer whale_151.wav,Bottlenose Dolphin,false killer whale
marine,all,false killer whale_21,false killer whale_21.wav,Humpback Whale,false killer whale
marine,all,false killer whale_268,false killer whale_268.wav,Bottlenose Dolphin,false killer whale
marine,all,false killer whale_276,false killer whale_276.wav,Bottlenose Dolphin,false killer whale
marine,all,false killer whale_283,false killer whale_283.wav,Bottlenose Dolphin,false killer whale
marine,all,false killer whale_349,false killer whale_349.wav,Bottlenose Dolphin,false killer whale
marine,all,false killer whale_352,false killer whale_352.wav,Humpback Whale,false killer whale
marine,all,false killer whale_382,false killer whale_382.wav,Bottlenose Dolphin,false killer whale
marine,all,false killer whale_4,false killer whale_4.wav,Bottlenose Dolphin,false killer whale
marine,all,false killer whale_429,false killer whale_429.wav,Bottlenose Dolphin,false killer whale
marine,all,false killer whale_496,false killer whale_496.wav,Bottlenose Dolphin,false killer whale
marine,all,false killer whale_509,false killer whale_509.wav,Bottlenose Dolphin,false killer whale
marine,all,false killer whale_518,false killer whale_518.wav,Bottlenose Dolphin,false killer whale
marine,all,false killer whale_523,false killer whale_523.wav,Bottlenose Dolphin,false killer whale
marine,all,false killer whale_540,false killer whale_540.wav,Bottlenose Dolphin,false killer whale
marine,all,false killer whale_546,false killer whale_546.wav,Bottlenose Dolphin,false killer whale
marine,all,false killer whale_591,false killer whale_591.wav,False Killer Whale,false killer whale
marine,all,false killer whale_60,false killer whale_60.wav,Bottlenose Dolphin,false killer whale
marine,all,false killer whale_605,false killer whale_605.wav,Killer Whale,false killer whale
marine,all,false killer whale_679,false killer whale_679.wav,Bottlenose Dolphin,false killer whale
marine,all,false killer whale_690,false killer whale_690.wav,Killer Whale,false killer whale
marine,all,false killer whale_702,false killer whale_702.wav,Bottlenose Dolphin,false killer whale
marine,all,false killer whale_729,false killer whale_729.wav,Bottlenose Dolphin,false killer whale
marine,all,false killer whale_732,false killer whale_732.wav,Bottlenose Dolphin,false killer whale
marine,all,false killer whale_740,false killer whale_740.wav,Humpback Whale,false killer whale
marine,all,false killer whale_743,false killer whale_743.wav,Bottlenose Dolphin,false killer whale
marine,all,false killer whale_778,false killer whale_778.wav,Bottlenose Dolphin,false killer whale
marine,all,false killer whale_824,false killer whale_824.wav,Killer Whale,false killer whale
marine,all,false killer whale_896,false killer whale_896.wav,Humpback Whale,false killer whale
marine,all,false killer whale_918,false killer whale_918.wav,Bottlenose Dolphin,false killer whale
marine,all,false killer whale_920,false killer whale_920.wav,Bottlenose Dolphin,false killer whale
marine,all,false killer whale_930,false killer whale_930.wav,Bottlenose Dolphin,false killer whale
marine,all,false killer whale_946,false killer whale_946.wav,Bottlenose Dolphin,false killer whale
marine,all,false killer whale_958,false killer whale_958.wav,Bottlenose Dolphin,false killer whale
marine,all,fin finback whale_1008,fin finback whale_1008.wav,False Killer Whale,fin finback whale
marine,all,fin finback whale_102,fin finback whale_102.wav,Humpback Whale,fin finback whale
marine,all,fin finback whale_1098,fin finback whale_1098.wav,Humpback Whale,fin finback whale
marine,all,fin finback whale_111,fin finback whale_111.wav,Humpback Whale,fin finback whale
marine,all,fin finback whale_1136,fin finback whale_1136.wav,Humpback Whale,fin finback whale
marine,all,fin finback whale_1137,fin finback whale_1137.wav,False Killer Whale,fin finback whale
marine,all,fin finback whale_1161,fin finback whale_1161.wav,Sperm Whale,fin finback whale
marine,all,fin finback whale_1241,fin finback whale_1241.wav,False Killer Whale,fin finback whale
marine,all,fin finback whale_1295,fin finback whale_1295.wav,False Killer Whale,fin finback whale
marine,all,fin finback whale_1355,fin finback whale_1355.wav,False Killer Whale,fin finback whale
marine,all,fin finback whale_171,fin finback whale_171.wav,Sperm Whale,fin finback whale
marine,all,fin finback whale_177,fin finback whale_177.wav,Sperm Whale,fin finback whale
marine,all,fin finback whale_227,fin finback whale_227.wav,Fin Finback Whale,fin finback whale
marine,all,fin finback whale_304,fin finback whale_304.wav,Bottlenose Dolphin,fin finback whale
marine,all,fin finback whale_32,fin finback whale_32.wav,Sperm Whale,fin finback whale
marine,all,fin finback whale_377,fin finback whale_377.wav,False Killer Whale,fin finback whale
marine,all,fin finback whale_399,fin finback whale_399.wav,False Killer Whale,fin finback whale
marine,all,fin finback whale_426,fin finback whale_426.wav,False Killer Whale,fin finback whale
marine,all,fin finback whale_45,fin finback whale_45.wav,False Killer Whale,fin finback whale
marine,all,fin finback whale_476,fin finback whale_476.wav,False Killer Whale,fin finback whale
marine,all,fin finback whale_491,fin finback whale_491.wav,False Killer Whale,fin finback whale
marine,all,fin finback whale_514,fin finback whale_514.wav,False Killer Whale,fin finback whale
marine,all,fin finback whale_545,fin finback whale_545.wav,Fin Finback Whale,fin finback whale
marine,all,fin finback whale_577,fin finback whale_577.wav,Bottlenose Dolphin,fin finback whale
marine,all,fin finback whale_64,fin finback whale_64.wav,Humpback Whale,fin finback whale
marine,all,fin finback whale_65,fin finback whale_65.wav,Bottlenose Dolphin,fin finback whale
marine,all,fin finback whale_660,fin finback whale_660.wav,Sperm Whale,fin finback whale
marine,all,fin finback whale_670,fin finback whale_670.wav,Fin Finback Whale,fin finback whale
marine,all,fin finback whale_684,fin finback whale_684.wav,Bottlenose Dolphin,fin finback whale
marine,all,fin finback whale_722,fin finback whale_722.wav,Humpback Whale,fin finback whale
marine,all,fin finback whale_734,fin finback whale_734.wav,False Killer Whale,fin finback whale
marine,all,fin finback whale_75,fin finback whale_75.wav,Bottlenose Dolphin,fin finback whale
marine,all,fin finback whale_752,fin finback whale_752.wav,False Killer Whale,fin finback whale
marine,all,fin finback whale_76,fin finback whale_76.wav,False Killer Whale,fin finback whale
marine,all,fin finback whale_900,fin finback whale_900.wav,Bottlenose Dolphin,fin finback whale
marine,all,fin finback whale_916,fin finback whale_916.wav,False Killer Whale,fin finback whale
marine,all,fin finback whale_928,fin finback whale_928.wav,Bottlenose Dolphin,fin finback whale
marine,all,fin finback whale_978,fin finback whale_978.wav,False Killer Whale,fin finback whale
marine,all,fin finback whale_989,fin finback whale_989.wav,Sperm Whale,fin finback whale
marine,all,fin finback whale_996,fin finback whale_996.wav,False Killer Whale,fin finback whale
marine,all,frasers dolphin_1004,frasers dolphin_1004.wav,Beluga White Whale,frasers dolphin
marine,all,frasers dolphin_1051,frasers dolphin_1051.wav,Bottlenose Dolphin,frasers dolphin
marine,all,frasers dolphin_1060,frasers dolphin_1060.wav,None of the provided species are associated with the sound of rain.,frasers dolphin
marine,all,frasers dolphin_1076,frasers dolphin_1076.wav,Humpback Whale,frasers dolphin
marine,all,frasers dolphin_116,frasers dolphin_116.wav,Bottlenose Dolphin,frasers dolphin
marine,all,frasers dolphin_1168,frasers dolphin_1168.wav,Humpback Whale,frasers dolphin
marine,all,frasers dolphin_1180,frasers dolphin_1180.wav,Humpback Whale,frasers dolphin
marine,all,frasers dolphin_1185,frasers dolphin_1185.wav,Humpback Whale,frasers dolphin
marine,all,frasers dolphin_1191,frasers dolphin_1191.wav,Bottlenose Dolphin,frasers dolphin
marine,all,frasers dolphin_1232,frasers dolphin_1232.wav,Fin Finback Whale,frasers dolphin
marine,all,frasers dolphin_1304,frasers dolphin_1304.wav,Humpback Whale,frasers dolphin
marine,all,frasers dolphin_1339,frasers dolphin_1339.wav,Bottlenose Dolphin,frasers dolphin
marine,all,frasers dolphin_1356,frasers dolphin_1356.wav,Killer Whale,frasers dolphin
marine,all,frasers dolphin_14,frasers dolphin_14.wav,Bottlenose Dolphin,frasers dolphin
marine,all,frasers dolphin_141,frasers dolphin_141.wav,Bottlenose Dolphin,frasers dolphin
marine,all,frasers dolphin_158,frasers dolphin_158.wav,Bottlenose Dolphin,frasers dolphin
marine,all,frasers dolphin_178,frasers dolphin_178.wav,Bottlenose Dolphin,frasers dolphin
marine,all,frasers dolphin_183,frasers dolphin_183.wav,Bottlenose Dolphin,frasers dolphin
marine,all,frasers dolphin_220,frasers dolphin_220.wav,Bottlenose Dolphin,frasers dolphin
marine,all,frasers dolphin_235,frasers dolphin_235.wav,Bottlenose Dolphin,frasers dolphin
marine,all,frasers dolphin_260,frasers dolphin_260.wav,Bottlenose Dolphin,frasers dolphin
marine,all,frasers dolphin_263,frasers dolphin_263.wav,Bottlenose Dolphin,frasers dolphin
marine,all,frasers dolphin_264,frasers dolphin_264.wav,Bottlenose Dolphin,frasers dolphin
marine,all,frasers dolphin_269,frasers dolphin_269.wav,Bottlenose Dolphin,frasers dolphin
marine,all,frasers dolphin_290,frasers dolphin_290.wav,Bottlenose Dolphin,frasers dolphin
marine,all,frasers dolphin_299,frasers dolphin_299.wav,False Killer Whale,frasers dolphin
marine,all,frasers dolphin_314,frasers dolphin_314.wav,False Killer Whale,frasers dolphin
marine,all,frasers dolphin_335,frasers dolphin_335.wav,Bottlenose Dolphin,frasers dolphin
marine,all,frasers dolphin_389,frasers dolphin_389.wav,Humpback Whale,frasers dolphin
marine,all,frasers dolphin_390,frasers dolphin_390.wav,Bottlenose Dolphin,frasers dolphin
marine,all,frasers dolphin_409,frasers dolphin_409.wav,Bottlenose Dolphin,frasers dolphin
marine,all,frasers dolphin_424,frasers dolphin_424.wav,Bottlenose Dolphin,frasers dolphin
marine,all,frasers dolphin_481,frasers dolphin_481.wav,Bottlenose Dolphin,frasers dolphin
marine,all,frasers dolphin_499,frasers dolphin_499.wav,Bottlenose Dolphin,frasers dolphin
marine,all,frasers dolphin_5,frasers dolphin_5.wav,Bottlenose Dolphin,frasers dolphin
marine,all,frasers dolphin_507,frasers dolphin_507.wav,Killer Whale,frasers dolphin
marine,all,frasers dolphin_55,frasers dolphin_55.wav,Killer Whale,frasers dolphin
marine,all,frasers dolphin_574,frasers dolphin_574.wav,False Killer Whale,frasers dolphin
marine,all,frasers dolphin_581,frasers dolphin_581.wav,Bottlenose Dolphin,frasers dolphin
marine,all,frasers dolphin_596,frasers dolphin_596.wav,Bottlenose Dolphin,frasers dolphin
marine,all,frasers dolphin_614,frasers dolphin_614.wav,Bottlenose Dolphin,frasers dolphin
marine,all,frasers dolphin_615,frasers dolphin_615.wav,Humpback Whale,frasers dolphin
marine,all,frasers dolphin_629,frasers dolphin_629.wav,Rain,frasers dolphin
marine,all,frasers dolphin_666,frasers dolphin_666.wav,Beluga White Whale,frasers dolphin
marine,all,frasers dolphin_672,frasers dolphin_672.wav,Bottlenose Dolphin,frasers dolphin
marine,all,frasers dolphin_674,frasers dolphin_674.wav,False Killer Whale,frasers dolphin
marine,all,frasers dolphin_68,frasers dolphin_68.wav,False Killer Whale,frasers dolphin
marine,all,frasers dolphin_693,frasers dolphin_693.wav,False Killer Whale,frasers dolphin
marine,all,frasers dolphin_696,frasers dolphin_696.wav,Bottlenose Dolphin,frasers dolphin
marine,all,frasers dolphin_697,frasers dolphin_697.wav,Bottlenose Dolphin,frasers dolphin
marine,all,frasers dolphin_747,frasers dolphin_747.wav,False Killer Whale,frasers dolphin
marine,all,frasers dolphin_779,frasers dolphin_779.wav,Bottlenose Dolphin,frasers dolphin
marine,all,frasers dolphin_805,frasers dolphin_805.wav,Bottlenose Dolphin,frasers dolphin
marine,all,frasers dolphin_812,frasers dolphin_812.wav,Humpback Whale,frasers dolphin
marine,all,frasers dolphin_840,frasers dolphin_840.wav,Bottlenose Dolphin,frasers dolphin
marine,all,frasers dolphin_842,frasers dolphin_842.wav,Bottlenose Dolphin,frasers dolphin
marine,all,frasers dolphin_855,frasers dolphin_855.wav,Bottlenose Dolphin,frasers dolphin
marine,all,frasers dolphin_868,frasers dolphin_868.wav,Bottlenose Dolphin,frasers dolphin
marine,all,frasers dolphin_878,frasers dolphin_878.wav,Humpback Whale,frasers dolphin
marine,all,frasers dolphin_882,frasers dolphin_882.wav,Bottlenose Dolphin,frasers dolphin
marine,all,frasers dolphin_909,frasers dolphin_909.wav,Bottlenose Dolphin,frasers dolphin
marine,all,frasers dolphin_921,frasers dolphin_921.wav,Bottlenose Dolphin,frasers dolphin
marine,all,frasers dolphin_925,frasers dolphin_925.wav,Bottlenose Dolphin,frasers dolphin
marine,all,frasers dolphin_929,frasers dolphin_929.wav,False Killer Whale,frasers dolphin
marine,all,frasers dolphin_956,frasers dolphin_956.wav,Humpback Whale,frasers dolphin
marine,all,frasers dolphin_959,frasers dolphin_959.wav,Bottlenose Dolphin,frasers dolphin
marine,all,frasers dolphin_96,frasers dolphin_96.wav,None of the provided species are associated with rain or water droplets.,frasers dolphin
marine,all,frasers dolphin_970,frasers dolphin_970.wav,False Killer Whale,frasers dolphin
marine,all,frasers dolphin_983,frasers dolphin_983.wav,Sperm Whale,frasers dolphin
marine,all,grampus rissos dolphin_1022,grampus rissos dolphin_1022.wav,Bottlenose Dolphin,grampus rissos dolphin
marine,all,grampus rissos dolphin_1048,grampus rissos dolphin_1048.wav,Bottlenose Dolphin,grampus rissos dolphin
marine,all,grampus rissos dolphin_1079,grampus rissos dolphin_1079.wav,Bottlenose Dolphin,grampus rissos dolphin
marine,all,grampus rissos dolphin_110,grampus rissos dolphin_110.wav,Bottlenose Dolphin,grampus rissos dolphin
marine,all,grampus rissos dolphin_1106,grampus rissos dolphin_1106.wav,Bottlenose Dolphin,grampus rissos dolphin
marine,all,grampus rissos dolphin_1108,grampus rissos dolphin_1108.wav,False Killer Whale,grampus rissos dolphin
marine,all,grampus rissos dolphin_1112,grampus rissos dolphin_1112.wav,Bottlenose Dolphin,grampus rissos dolphin
marine,all,grampus rissos dolphin_1119,grampus rissos dolphin_1119.wav,Bottlenose Dolphin,grampus rissos dolphin
marine,all,grampus rissos dolphin_1127,grampus rissos dolphin_1127.wav,False Killer Whale,grampus rissos dolphin
marine,all,grampus rissos dolphin_115,grampus rissos dolphin_115.wav,Bottlenose Dolphin,grampus rissos dolphin
marine,all,grampus rissos dolphin_1153,grampus rissos dolphin_1153.wav,Bottlenose Dolphin,grampus rissos dolphin
marine,all,grampus rissos dolphin_1160,grampus rissos dolphin_1160.wav,Bottlenose Dolphin,grampus rissos dolphin
marine,all,grampus rissos dolphin_12,grampus rissos dolphin_12.wav,Killer Whale,grampus rissos dolphin
marine,all,grampus rissos dolphin_1206,grampus rissos dolphin_1206.wav,Bottlenose Dolphin,grampus rissos dolphin
marine,all,grampus rissos dolphin_1215,grampus rissos dolphin_1215.wav,Bottlenose Dolphin,grampus rissos dolphin
marine,all,grampus rissos dolphin_1216,grampus rissos dolphin_1216.wav,False Killer Whale,grampus rissos dolphin
marine,all,grampus rissos dolphin_1223,grampus rissos dolphin_1223.wav,Bottlenose Dolphin,grampus rissos dolphin
marine,all,grampus rissos dolphin_1269,grampus rissos dolphin_1269.wav,Bottlenose Dolphin,grampus rissos dolphin
marine,all,grampus rissos dolphin_130,grampus rissos dolphin_130.wav,Bottlenose Dolphin,grampus rissos dolphin
marine,all,grampus rissos dolphin_1308,grampus rissos dolphin_1308.wav,Bottlenose Dolphin,grampus rissos dolphin
marine,all,grampus rissos dolphin_1345,grampus rissos dolphin_1345.wav,Bottlenose Dolphin,grampus rissos dolphin
marine,all,grampus rissos dolphin_174,grampus rissos dolphin_174.wav,Bottlenose Dolphin,grampus rissos dolphin
marine,all,grampus rissos dolphin_197,grampus rissos dolphin_197.wav,Bottlenose Dolphin,grampus rissos dolphin
marine,all,grampus rissos dolphin_230,grampus rissos dolphin_230.wav,"None of the provided species are associated with the sounds of a car engine idling and a car horn honking. These sounds are typically associated with terrestrial vehicles and urban environments, not marine species.",grampus rissos dolphin
marine,all,grampus rissos dolphin_245,grampus rissos dolphin_245.wav,Bottlenose Dolphin,grampus rissos dolphin
marine,all,grampus rissos dolphin_284,grampus rissos dolphin_284.wav,Bottlenose Dolphin,grampus rissos dolphin
marine,all,grampus rissos dolphin_286,grampus rissos dolphin_286.wav,Bottlenose Dolphin,grampus rissos dolphin
marine,all,grampus rissos dolphin_306,grampus rissos dolphin_306.wav,Bottlenose Dolphin,grampus rissos dolphin
marine,all,grampus rissos dolphin_326,grampus rissos dolphin_326.wav,Bottlenose Dolphin,grampus rissos dolphin
marine,all,grampus rissos dolphin_357,grampus rissos dolphin_357.wav,Bottlenose Dolphin,grampus rissos dolphin
marine,all,grampus rissos dolphin_394,grampus rissos dolphin_394.wav,Bottlenose Dolphin,grampus rissos dolphin
marine,all,grampus rissos dolphin_410,grampus rissos dolphin_410.wav,False Killer Whale,grampus rissos dolphin
marine,all,grampus rissos dolphin_457,grampus rissos dolphin_457.wav,Bottlenose Dolphin,grampus rissos dolphin
marine,all,grampus rissos dolphin_460,grampus rissos dolphin_460.wav,Bottlenose Dolphin,grampus rissos dolphin
marine,all,grampus rissos dolphin_492,grampus rissos dolphin_492.wav,Bottlenose Dolphin,grampus rissos dolphin
marine,all,grampus rissos dolphin_578,grampus rissos dolphin_578.wav,Bottlenose Dolphin,grampus rissos dolphin
marine,all,grampus rissos dolphin_579,grampus rissos dolphin_579.wav,Bottlenose Dolphin,grampus rissos dolphin
marine,all,grampus rissos dolphin_593,grampus rissos dolphin_593.wav,Bottlenose Dolphin,grampus rissos dolphin
marine,all,grampus rissos dolphin_619,grampus rissos dolphin_619.wav,Sperm Whale,grampus rissos dolphin
marine,all,grampus rissos dolphin_647,grampus rissos dolphin_647.wav,Bottlenose Dolphin,grampus rissos dolphin
marine,all,grampus rissos dolphin_715,grampus rissos dolphin_715.wav,Bottlenose Dolphin,grampus rissos dolphin
marine,all,grampus rissos dolphin_716,grampus rissos dolphin_716.wav,Bottlenose Dolphin,grampus rissos dolphin
marine,all,grampus rissos dolphin_725,grampus rissos dolphin_725.wav,Bottlenose Dolphin,grampus rissos dolphin
marine,all,grampus rissos dolphin_780,grampus rissos dolphin_780.wav,Bottlenose Dolphin,grampus rissos dolphin
marine,all,grampus rissos dolphin_814,grampus rissos dolphin_814.wav,Bottlenose Dolphin,grampus rissos dolphin
marine,all,grampus rissos dolphin_85,grampus rissos dolphin_85.wav,Bottlenose Dolphin,grampus rissos dolphin
marine,all,grampus rissos dolphin_870,grampus rissos dolphin_870.wav,Bottlenose Dolphin,grampus rissos dolphin
marine,all,grampus rissos dolphin_881,grampus rissos dolphin_881.wav,Bottlenose Dolphin,grampus rissos dolphin
marine,all,grampus rissos dolphin_939,grampus rissos dolphin_939.wav,Bottlenose Dolphin,grampus rissos dolphin
marine,all,grampus rissos dolphin_944,grampus rissos dolphin_944.wav,False Killer Whale,grampus rissos dolphin
marine,all,grampus rissos dolphin_97,grampus rissos dolphin_97.wav,False Killer Whale,grampus rissos dolphin
marine,all,grampus rissos dolphin_971,grampus rissos dolphin_971.wav,Bottlenose Dolphin,grampus rissos dolphin
marine,all,grampus rissos dolphin_977,grampus rissos dolphin_977.wav,Bottlenose Dolphin,grampus rissos dolphin
marine,all,grampus rissos dolphin_997,grampus rissos dolphin_997.wav,Humpback Whale,grampus rissos dolphin
marine,all,harp seal_101,harp seal_101.wav,Killer Whale,harp seal
marine,all,harp seal_1021,harp seal_1021.wav,Killer Whale,harp seal
marine,all,harp seal_1072,harp seal_1072.wav,Killer Whale,harp seal
marine,all,harp seal_1113,harp seal_1113.wav,Killer Whale,harp seal
marine,all,harp seal_1162,harp seal_1162.wav,Bottlenose Dolphin,harp seal
marine,all,harp seal_1177,harp seal_1177.wav,Killer Whale,harp seal
marine,all,harp seal_1178,harp seal_1178.wav,Humpback Whale,harp seal
marine,all,harp seal_1207,harp seal_1207.wav,Bottlenose Dolphin,harp seal
marine,all,harp seal_1222,harp seal_1222.wav,Killer Whale,harp seal
marine,all,harp seal_131,harp seal_131.wav,False Killer Whale,harp seal
marine,all,harp seal_1322,harp seal_1322.wav,Killer Whale,harp seal
marine,all,harp seal_1330,harp seal_1330.wav,Killer Whale,harp seal
marine,all,harp seal_1352,harp seal_1352.wav,Killer Whale,harp seal
marine,all,harp seal_147,harp seal_147.wav,Bottlenose Dolphin,harp seal
marine,all,harp seal_198,harp seal_198.wav,Bottlenose Dolphin,harp seal
marine,all,harp seal_285,harp seal_285.wav,Leopard Seal,harp seal
marine,all,harp seal_3,harp seal_3.wav,Killer Whale,harp seal
marine,all,harp seal_301,harp seal_301.wav,Killer Whale,harp seal
marine,all,harp seal_383,harp seal_383.wav,Killer Whale,harp seal
marine,all,harp seal_420,harp seal_420.wav,Killer Whale,harp seal
marine,all,harp seal_427,harp seal_427.wav,Killer Whale,harp seal
marine,all,harp seal_477,harp seal_477.wav,False Killer Whale,harp seal
marine,all,harp seal_504,harp seal_504.wav,Bottlenose Dolphin,harp seal
marine,all,harp seal_516,harp seal_516.wav,Bottlenose Dolphin,harp seal
marine,all,harp seal_58,harp seal_58.wav,Killer Whale,harp seal
marine,all,harp seal_621,harp seal_621.wav,Killer Whale,harp seal
marine,all,harp seal_630,harp seal_630.wav,False Killer Whale,harp seal
marine,all,harp seal_668,harp seal_668.wav,Killer Whale,harp seal
marine,all,harp seal_688,harp seal_688.wav,Bottlenose Dolphin,harp seal
marine,all,harp seal_691,harp seal_691.wav,Bottlenose Dolphin,harp seal
marine,all,harp seal_711,harp seal_711.wav,Killer Whale,harp seal
marine,all,harp seal_807,harp seal_807.wav,Killer Whale,harp seal
marine,all,harp seal_841,harp seal_841.wav,Killer Whale,harp seal
marine,all,harp seal_905,harp seal_905.wav,Bottlenose Dolphin,harp seal
marine,all,harp seal_931,harp seal_931.wav,Bottlenose Dolphin,harp seal
marine,all,harp seal_952,harp seal_952.wav,Killer Whale,harp seal
marine,all,harp seal_963,harp seal_963.wav,Killer Whale,harp seal
marine,all,harp seal_969,harp seal_969.wav,Killer Whale,harp seal
marine,all,humpback whale_1065,humpback whale_1065.wav,Killer Whale,humpback whale
marine,all,humpback whale_1082,humpback whale_1082.wav,Humpback Whale,humpback whale
marine,all,humpback whale_1116,humpback whale_1116.wav,Humpback Whale,humpback whale
marine,all,humpback whale_114,humpback whale_114.wav,Humpback Whale,humpback whale
marine,all,humpback whale_1148,humpback whale_1148.wav,Killer Whale,humpback whale
marine,all,humpback whale_1149,humpback whale_1149.wav,Killer Whale,humpback whale
marine,all,humpback whale_1204,humpback whale_1204.wav,Humpback Whale,humpback whale
marine,all,humpback whale_1231,humpback whale_1231.wav,Humpback Whale,humpback whale
marine,all,humpback whale_124,humpback whale_124.wav,Humpback Whale,humpback whale
marine,all,humpback whale_1259,humpback whale_1259.wav,Killer Whale,humpback whale
marine,all,humpback whale_1263,humpback whale_1263.wav,Killer Whale,humpback whale
marine,all,humpback whale_1312,humpback whale_1312.wav,Humpback Whale,humpback whale
marine,all,humpback whale_137,humpback whale_137.wav,Killer Whale,humpback whale
marine,all,humpback whale_172,humpback whale_172.wav,Humpback Whale,humpback whale
marine,all,humpback whale_195,humpback whale_195.wav,Humpback Whale,humpback whale
marine,all,humpback whale_219,humpback whale_219.wav,Humpback Whale,humpback whale
marine,all,humpback whale_22,humpback whale_22.wav,Killer Whale,humpback whale
marine,all,humpback whale_233,humpback whale_233.wav,False Killer Whale,humpback whale
marine,all,humpback whale_249,humpback whale_249.wav,Killer Whale,humpback whale
marine,all,humpback whale_250,humpback whale_250.wav,Bottlenose Dolphin,humpback whale
marine,all,humpback whale_281,humpback whale_281.wav,Killer Whale,humpback whale
marine,all,humpback whale_291,humpback whale_291.wav,Whale,humpback whale
marine,all,humpback whale_297,humpback whale_297.wav,Killer Whale,humpback whale
marine,all,humpback whale_347,humpback whale_347.wav,Killer Whale,humpback whale
marine,all,humpback whale_415,humpback whale_415.wav,Humpback Whale,humpback whale
marine,all,humpback whale_430,humpback whale_430.wav,Humpback Whale,humpback whale
marine,all,humpback whale_433,humpback whale_433.wav,Humpback Whale,humpback whale
marine,all,humpback whale_454,humpback whale_454.wav,Bottlenose Dolphin,humpback whale
marine,all,humpback whale_525,humpback whale_525.wav,Leopard Seal,humpback whale
marine,all,humpback whale_531,humpback whale_531.wav,Killer Whale,humpback whale
marine,all,humpback whale_533,humpback whale_533.wav,Killer Whale,humpback whale
marine,all,humpback whale_606,humpback whale_606.wav,Killer Whale,humpback whale
marine,all,humpback whale_62,humpback whale_62.wav,Killer Whale,humpback whale
marine,all,humpback whale_645,humpback whale_645.wav,Humpback Whale,humpback whale
marine,all,humpback whale_700,humpback whale_700.wav,Humpback Whale,humpback whale
marine,all,humpback whale_717,humpback whale_717.wav,Humpback Whale,humpback whale
marine,all,humpback whale_718,humpback whale_718.wav,Killer Whale,humpback whale
marine,all,humpback whale_770,humpback whale_770.wav,Humpback Whale,humpback whale
marine,all,humpback whale_771,humpback whale_771.wav,Killer Whale,humpback whale
marine,all,humpback whale_777,humpback whale_777.wav,Humpback Whale,humpback whale
marine,all,humpback whale_78,humpback whale_78.wav,Humpback Whale,humpback whale
marine,all,humpback whale_783,humpback whale_783.wav,Humpback Whale,humpback whale
marine,all,humpback whale_794,humpback whale_794.wav,Killer Whale,humpback whale
marine,all,humpback whale_83,humpback whale_83.wav,Killer Whale,humpback whale
marine,all,humpback whale_847,humpback whale_847.wav,Killer Whale,humpback whale
marine,all,humpback whale_854,humpback whale_854.wav,Killer Whale,humpback whale
marine,all,humpback whale_888,humpback whale_888.wav,Killer Whale,humpback whale
marine,all,humpback whale_890,humpback whale_890.wav,Humpback Whale,humpback whale
marine,all,humpback whale_938,humpback whale_938.wav,Humpback Whale,humpback whale
marine,all,humpback whale_95,humpback whale_95.wav,Humpback Whale,humpback whale
marine,all,humpback whale_981,humpback whale_981.wav,Humpback Whale,humpback whale
marine,all,killer whale_1011,killer whale_1011.wav,Killer Whale,killer whale
marine,all,killer whale_1029,killer whale_1029.wav,None of the provided species are associated with bird sounds.,killer whale
marine,all,killer whale_1150,killer whale_1150.wav,Killer Whale,killer whale
marine,all,killer whale_1208,killer whale_1208.wav,Killer Whale,killer whale
marine,all,killer whale_1278,killer whale_1278.wav,Humpback Whale,killer whale
marine,all,killer whale_1346,killer whale_1346.wav,Killer Whale,killer whale
marine,all,killer whale_154,killer whale_154.wav,Beluga White Whale,killer whale
marine,all,killer whale_157,killer whale_157.wav,Killer Whale,killer whale
marine,all,killer whale_212,killer whale_212.wav,Humpback Whale,killer whale
marine,all,killer whale_324,killer whale_324.wav,Killer Whale,killer whale
marine,all,killer whale_431,killer whale_431.wav,Killer Whale,killer whale
marine,all,killer whale_483,killer whale_483.wav,Humpback Whale,killer whale
marine,all,killer whale_503,killer whale_503.wav,Humpback Whale,killer whale
marine,all,killer whale_515,killer whale_515.wav,Humpback Whale,killer whale
marine,all,killer whale_564,killer whale_564.wav,Killer Whale,killer whale
marine,all,killer whale_580,killer whale_580.wav,Killer Whale,killer whale
marine,all,killer whale_589,killer whale_589.wav,None of the provided species are associated with the sound of a vehicle engine idling.,killer whale
marine,all,killer whale_595,killer whale_595.wav,Bottlenose Dolphin,killer whale
marine,all,killer whale_609,killer whale_609.wav,Killer Whale,killer whale
marine,all,killer whale_706,killer whale_706.wav,Humpback Whale,killer whale
marine,all,killer whale_710,killer whale_710.wav,Killer Whale,killer whale
marine,all,killer whale_742,killer whale_742.wav,Killer Whale,killer whale
marine,all,killer whale_764,killer whale_764.wav,Humpback Whale,killer whale
marine,all,killer whale_861,killer whale_861.wav,Humpback Whale,killer whale
marine,all,killer whale_866,killer whale_866.wav,False Killer Whale,killer whale
marine,all,killer whale_879,killer whale_879.wav,Killer Whale,killer whale
marine,all,killer whale_943,killer whale_943.wav,Bottlenose Dolphin,killer whale
marine,all,killer whale_995,killer whale_995.wav,Humpback Whale,killer whale
marine,all,leopard seal_1093,leopard seal_1093.wav,Killer Whale,leopard seal
marine,all,leopard seal_1193,leopard seal_1193.wav,Humpback Whale,leopard seal
marine,all,leopard seal_193,leopard seal_193.wav,False Killer Whale,leopard seal
marine,all,leopard seal_216,leopard seal_216.wav,Humpback Whale,leopard seal
marine,all,leopard seal_339,leopard seal_339.wav,Humpback Whale,leopard seal
marine,all,leopard seal_403,leopard seal_403.wav,Humpback Whale,leopard seal
marine,all,leopard seal_563,leopard seal_563.wav,Humpback Whale,leopard seal
marine,all,leopard seal_998,leopard seal_998.wav,Humpback Whale,leopard seal
marine,all,long-finned pilot whale_1009,long-finned pilot whale_1009.wav,Killer Whale,long-finned pilot whale
marine,all,long-finned pilot whale_1062,long-finned pilot whale_1062.wav,Killer Whale,long-finned pilot whale
marine,all,long-finned pilot whale_1084,long-finned pilot whale_1084.wav,Killer Whale,long-finned pilot whale
marine,all,long-finned pilot whale_1094,long-finned pilot whale_1094.wav,False Killer Whale,long-finned pilot whale
marine,all,long-finned pilot whale_1100,long-finned pilot whale_1100.wav,Killer Whale,long-finned pilot whale
marine,all,long-finned pilot whale_1102,long-finned pilot whale_1102.wav,False Killer Whale,long-finned pilot whale
marine,all,long-finned pilot whale_1124,long-finned pilot whale_1124.wav,Bottlenose Dolphin,long-finned pilot whale
marine,all,long-finned pilot whale_1181,long-finned pilot whale_1181.wav,Killer Whale,long-finned pilot whale
marine,all,long-finned pilot whale_1243,long-finned pilot whale_1243.wav,Humpback Whale,long-finned pilot whale
marine,all,long-finned pilot whale_1248,long-finned pilot whale_1248.wav,Humpback Whale,long-finned pilot whale
marine,all,long-finned pilot whale_1268,long-finned pilot whale_1268.wav,Killer Whale,long-finned pilot whale
marine,all,long-finned pilot whale_1270,long-finned pilot whale_1270.wav,Killer Whale,long-finned pilot whale
marine,all,long-finned pilot whale_1283,long-finned pilot whale_1283.wav,Killer Whale,long-finned pilot whale
marine,all,long-finned pilot whale_1288,long-finned pilot whale_1288.wav,Killer Whale,long-finned pilot whale
marine,all,long-finned pilot whale_1305,long-finned pilot whale_1305.wav,Humpback Whale,long-finned pilot whale
marine,all,long-finned pilot whale_1320,long-finned pilot whale_1320.wav,Bottlenose Dolphin,long-finned pilot whale
marine,all,long-finned pilot whale_1341,long-finned pilot whale_1341.wav,Humpback Whale,long-finned pilot whale
marine,all,long-finned pilot whale_138,long-finned pilot whale_138.wav,Killer Whale,long-finned pilot whale
marine,all,long-finned pilot whale_139,long-finned pilot whale_139.wav,Killer Whale,long-finned pilot whale
marine,all,long-finned pilot whale_150,long-finned pilot whale_150.wav,Killer Whale,long-finned pilot whale
marine,all,long-finned pilot whale_20,long-finned pilot whale_20.wav,Bottlenose Dolphin,long-finned pilot whale
marine,all,long-finned pilot whale_203,long-finned pilot whale_203.wav,Killer Whale,long-finned pilot whale
marine,all,long-finned pilot whale_222,long-finned pilot whale_222.wav,Bottlenose Dolphin,long-finned pilot whale
marine,all,long-finned pilot whale_238,long-finned pilot whale_238.wav,False Killer Whale,long-finned pilot whale
marine,all,long-finned pilot whale_273,long-finned pilot whale_273.wav,Killer Whale,long-finned pilot whale
marine,all,long-finned pilot whale_295,long-finned pilot whale_295.wav,Killer Whale,long-finned pilot whale
marine,all,long-finned pilot whale_312,long-finned pilot whale_312.wav,None of the provided species are associated with bird sounds.,long-finned pilot whale
marine,all,long-finned pilot whale_317,long-finned pilot whale_317.wav,Bottlenose Dolphin,long-finned pilot whale
marine,all,long-finned pilot whale_341,long-finned pilot whale_341.wav,False Killer Whale,long-finned pilot whale
marine,all,long-finned pilot whale_396,long-finned pilot whale_396.wav,Humpback Whale,long-finned pilot whale
marine,all,long-finned pilot whale_411,long-finned pilot whale_411.wav,Bottlenose Dolphin,long-finned pilot whale
marine,all,long-finned pilot whale_413,long-finned pilot whale_413.wav,Killer Whale,long-finned pilot whale
marine,all,long-finned pilot whale_440,long-finned pilot whale_440.wav,Killer Whale,long-finned pilot whale
marine,all,long-finned pilot whale_450,long-finned pilot whale_450.wav,Killer Whale,long-finned pilot whale
marine,all,long-finned pilot whale_465,long-finned pilot whale_465.wav,Killer Whale,long-finned pilot whale
marine,all,long-finned pilot whale_467,long-finned pilot whale_467.wav,Humpback Whale,long-finned pilot whale
marine,all,long-finned pilot whale_528,long-finned pilot whale_528.wav,Bottlenose Dolphin,long-finned pilot whale
marine,all,long-finned pilot whale_588,long-finned pilot whale_588.wav,Humpback Whale,long-finned pilot whale
marine,all,long-finned pilot whale_598,long-finned pilot whale_598.wav,Killer Whale,long-finned pilot whale
marine,all,long-finned pilot whale_6,long-finned pilot whale_6.wav,Humpback Whale,long-finned pilot whale
marine,all,long-finned pilot whale_61,long-finned pilot whale_61.wav,Killer Whale,long-finned pilot whale
marine,all,long-finned pilot whale_610,long-finned pilot whale_610.wav,None of the provided species are known for producing bird-like sounds.,long-finned pilot whale
marine,all,long-finned pilot whale_642,long-finned pilot whale_642.wav,Bottlenose Dolphin,long-finned pilot whale
marine,all,long-finned pilot whale_651,long-finned pilot whale_651.wav,Killer Whale,long-finned pilot whale
marine,all,long-finned pilot whale_669,long-finned pilot whale_669.wav,Bottlenose Dolphin,long-finned pilot whale
marine,all,long-finned pilot whale_689,long-finned pilot whale_689.wav,Humpback Whale,long-finned pilot whale
marine,all,long-finned pilot whale_703,long-finned pilot whale_703.wav,Killer Whale,long-finned pilot whale
marine,all,long-finned pilot whale_750,long-finned pilot whale_750.wav,Humpback Whale,long-finned pilot whale
marine,all,long-finned pilot whale_751,long-finned pilot whale_751.wav,None of the provided species are birds.,long-finned pilot whale
marine,all,long-finned pilot whale_792,long-finned pilot whale_792.wav,None of the provided species are associated with birds.,long-finned pilot whale
marine,all,long-finned pilot whale_797,long-finned pilot whale_797.wav,Bottlenose Dolphin,long-finned pilot whale
marine,all,long-finned pilot whale_823,long-finned pilot whale_823.wav,Bottlenose Dolphin,long-finned pilot whale
marine,all,long-finned pilot whale_839,long-finned pilot whale_839.wav,Bottlenose Dolphin,long-finned pilot whale
marine,all,long-finned pilot whale_851,long-finned pilot whale_851.wav,Bottlenose Dolphin,long-finned pilot whale
marine,all,long-finned pilot whale_894,long-finned pilot whale_894.wav,Killer Whale,long-finned pilot whale
marine,all,long-finned pilot whale_990,long-finned pilot whale_990.wav,Bottlenose Dolphin,long-finned pilot whale
marine,all,melon headed whale_1039,melon headed whale_1039.wav,Bottlenose Dolphin,melon headed whale
marine,all,melon headed whale_1040,melon headed whale_1040.wav,Killer Whale,melon headed whale
marine,all,melon headed whale_1049,melon headed whale_1049.wav,Bottlenose Dolphin,melon headed whale
marine,all,melon headed whale_107,melon headed whale_107.wav,Bottlenose Dolphin,melon headed whale
marine,all,melon headed whale_1086,melon headed whale_1086.wav,Bottlenose Dolphin,melon headed whale
marine,all,melon headed whale_1097,melon headed whale_1097.wav,Killer Whale,melon headed whale
marine,all,melon headed whale_1099,melon headed whale_1099.wav,Bottlenose Dolphin,melon headed whale
marine,all,melon headed whale_1179,melon headed whale_1179.wav,Humpback Whale,melon headed whale
marine,all,melon headed whale_1188,melon headed whale_1188.wav,Bottlenose Dolphin,melon headed whale
marine,all,melon headed whale_1198,melon headed whale_1198.wav,Bottlenose Dolphin,melon headed whale
marine,all,melon headed whale_1260,melon headed whale_1260.wav,Humpback Whale,melon headed whale
marine,all,melon headed whale_1291,melon headed whale_1291.wav,Bottlenose Dolphin,melon headed whale
marine,all,melon headed whale_1350,melon headed whale_1350.wav,Bottlenose Dolphin,melon headed whale
marine,all,melon headed whale_153,melon headed whale_153.wav,Bottlenose Dolphin,melon headed whale
marine,all,melon headed whale_182,melon headed whale_182.wav,Bottlenose Dolphin,melon headed whale
marine,all,melon headed whale_184,melon headed whale_184.wav,Bottlenose Dolphin,melon headed whale
marine,all,melon headed whale_192,melon headed whale_192.wav,Bottlenose Dolphin,melon headed whale
marine,all,melon headed whale_204,melon headed whale_204.wav,Bottlenose Dolphin,melon headed whale
marine,all,melon headed whale_292,melon headed whale_292.wav,Bottlenose Dolphin,melon headed whale
marine,all,melon headed whale_322,melon headed whale_322.wav,Bottlenose Dolphin,melon headed whale
marine,all,melon headed whale_346,melon headed whale_346.wav,Bottlenose Dolphin,melon headed whale
marine,all,melon headed whale_360,melon headed whale_360.wav,Bottlenose Dolphin,melon headed whale
marine,all,melon headed whale_423,melon headed whale_423.wav,Bottlenose Dolphin,melon headed whale
marine,all,melon headed whale_425,melon headed whale_425.wav,Killer Whale,melon headed whale
marine,all,melon headed whale_436,melon headed whale_436.wav,Bottlenose Dolphin,melon headed whale
marine,all,melon headed whale_441,melon headed whale_441.wav,Bottlenose Dolphin,melon headed whale
marine,all,melon headed whale_505,melon headed whale_505.wav,Bottlenose Dolphin,melon headed whale
marine,all,melon headed whale_508,melon headed whale_508.wav,Bottlenose Dolphin,melon headed whale
marine,all,melon headed whale_53,melon headed whale_53.wav,Bottlenose Dolphin,melon headed whale
marine,all,melon headed whale_687,melon headed whale_687.wav,Bottlenose Dolphin,melon headed whale
marine,all,melon headed whale_694,melon headed whale_694.wav,Bottlenose Dolphin,melon headed whale
marine,all,melon headed whale_698,melon headed whale_698.wav,Bottlenose Dolphin,melon headed whale
marine,all,melon headed whale_699,melon headed whale_699.wav,Bottlenose Dolphin,melon headed whale
marine,all,melon headed whale_70,melon headed whale_70.wav,Killer Whale,melon headed whale
marine,all,melon headed whale_704,melon headed whale_704.wav,Humpback Whale,melon headed whale
marine,all,melon headed whale_705,melon headed whale_705.wav,Bottlenose Dolphin,melon headed whale
marine,all,melon headed whale_739,melon headed whale_739.wav,Bottlenose Dolphin,melon headed whale
marine,all,melon headed whale_760,melon headed whale_760.wav,Bottlenose Dolphin,melon headed whale
marine,all,melon headed whale_763,melon headed whale_763.wav,Bottlenose Dolphin,melon headed whale
marine,all,melon headed whale_799,melon headed whale_799.wav,Bottlenose Dolphin,melon headed whale
marine,all,melon headed whale_810,melon headed whale_810.wav,Bottlenose Dolphin,melon headed whale
marine,all,melon headed whale_831,melon headed whale_831.wav,Bottlenose Dolphin,melon headed whale
marine,all,melon headed whale_84,melon headed whale_84.wav,Bottlenose Dolphin,melon headed whale
marine,all,melon headed whale_856,melon headed whale_856.wav,Bottlenose Dolphin,melon headed whale
marine,all,melon headed whale_886,melon headed whale_886.wav,False Killer Whale,melon headed whale
marine,all,melon headed whale_892,melon headed whale_892.wav,Bottlenose Dolphin,melon headed whale
marine,all,melon headed whale_903,melon headed whale_903.wav,Bottlenose Dolphin,melon headed whale
marine,all,melon headed whale_923,melon headed whale_923.wav,Bottlenose Dolphin,melon headed whale
marine,all,melon headed whale_93,melon headed whale_93.wav,Killer Whale,melon headed whale
marine,all,melon headed whale_932,melon headed whale_932.wav,Bottlenose Dolphin,melon headed whale
marine,all,minke whale_10,minke whale_10.wav,Bottlenose Dolphin,minke whale
marine,all,minke whale_119,minke whale_119.wav,Bottlenose Dolphin,minke whale
marine,all,minke whale_1202,minke whale_1202.wav,Bottlenose Dolphin,minke whale
marine,all,minke whale_1282,minke whale_1282.wav,Killer Whale,minke whale
marine,all,minke whale_210,minke whale_210.wav,Bottlenose Dolphin,minke whale
marine,all,minke whale_217,minke whale_217.wav,Bottlenose Dolphin,minke whale
marine,all,minke whale_229,minke whale_229.wav,Bottlenose Dolphin,minke whale
marine,all,minke whale_387,minke whale_387.wav,Bottlenose Dolphin,minke whale
marine,all,minke whale_395,minke whale_395.wav,Bottlenose Dolphin,minke whale
marine,all,minke whale_397,minke whale_397.wav,Bottlenose Dolphin,minke whale
marine,all,minke whale_568,minke whale_568.wav,Bottlenose Dolphin,minke whale
marine,all,minke whale_582,minke whale_582.wav,Bottlenose Dolphin,minke whale
marine,all,minke whale_926,minke whale_926.wav,Bottlenose Dolphin,minke whale
marine,all,minke whale_966,minke whale_966.wav,Bottlenose Dolphin,minke whale
marine,all,narwhal_1014,narwhal_1014.wav,Killer Whale,narwhal
marine,all,narwhal_1145,narwhal_1145.wav,Bottlenose Dolphin,narwhal
marine,all,narwhal_1157,narwhal_1157.wav,Killer Whale,narwhal
marine,all,narwhal_1227,narwhal_1227.wav,Bottlenose Dolphin,narwhal
marine,all,narwhal_1234,narwhal_1234.wav,Bottlenose Dolphin,narwhal
marine,all,narwhal_1246,narwhal_1246.wav,Bottlenose Dolphin,narwhal
marine,all,narwhal_1247,narwhal_1247.wav,Bottlenose Dolphin,narwhal
marine,all,narwhal_1257,narwhal_1257.wav,Killer Whale,narwhal
marine,all,narwhal_1262,narwhal_1262.wav,Killer Whale,narwhal
marine,all,narwhal_1281,narwhal_1281.wav,Bottlenose Dolphin,narwhal
marine,all,narwhal_1286,narwhal_1286.wav,Beluga White Whale,narwhal
marine,all,narwhal_145,narwhal_145.wav,Killer Whale,narwhal
marine,all,narwhal_16,narwhal_16.wav,Bottlenose Dolphin,narwhal
marine,all,narwhal_163,narwhal_163.wav,Bottlenose Dolphin,narwhal
marine,all,narwhal_170,narwhal_170.wav,Killer Whale,narwhal
marine,all,narwhal_224,narwhal_224.wav,Killer Whale,narwhal
marine,all,narwhal_226,narwhal_226.wav,Killer Whale,narwhal
marine,all,narwhal_266,narwhal_266.wav,Killer Whale,narwhal
marine,all,narwhal_350,narwhal_350.wav,Bottlenose Dolphin,narwhal
marine,all,narwhal_353,narwhal_353.wav,Killer Whale,narwhal
marine,all,narwhal_400,narwhal_400.wav,Killer Whale,narwhal
marine,all,narwhal_451,narwhal_451.wav,Bottlenose Dolphin,narwhal
marine,all,narwhal_524,narwhal_524.wav,Killer Whale,narwhal
marine,all,narwhal_583,narwhal_583.wav,Killer Whale,narwhal
marine,all,narwhal_612,narwhal_612.wav,Humpback Whale,narwhal
marine,all,narwhal_623,narwhal_623.wav,Killer Whale,narwhal
marine,all,narwhal_627,narwhal_627.wav,Killer Whale,narwhal
marine,all,narwhal_675,narwhal_675.wav,Killer Whale,narwhal
marine,all,narwhal_745,narwhal_745.wav,False Killer Whale,narwhal
marine,all,narwhal_802,narwhal_802.wav,Humpback Whale,narwhal
marine,all,narwhal_816,narwhal_816.wav,False Killer Whale,narwhal
marine,all,narwhal_826,narwhal_826.wav,Bottlenose Dolphin,narwhal
marine,all,narwhal_845,narwhal_845.wav,False Killer Whale,narwhal
marine,all,narwhal_860,narwhal_860.wav,Humpback Whale,narwhal
marine,all,narwhal_908,narwhal_908.wav,False Killer Whale,narwhal
marine,all,narwhal_910,narwhal_910.wav,Killer Whale,narwhal
marine,all,narwhal_954,narwhal_954.wav,Bottlenose Dolphin,narwhal
marine,all,narwhal_976,narwhal_976.wav,Bottlenose Dolphin,narwhal
marine,all,narwhal_98,narwhal_98.wav,Bottlenose Dolphin,narwhal
marine,all,narwhal_993,narwhal_993.wav,Humpback Whale,narwhal
marine,all,northern right whale_1018,northern right whale_1018.wav,Humpback Whale,northern right whale
marine,all,northern right whale_103,northern right whale_103.wav,Bottlenose Dolphin,northern right whale
marine,all,northern right whale_1053,northern right whale_1053.wav,Killer Whale,northern right whale
marine,all,northern right whale_1092,northern right whale_1092.wav,Humpback Whale,northern right whale
marine,all,northern right whale_1104,northern right whale_1104.wav,Humpback Whale,northern right whale
marine,all,northern right whale_1118,northern right whale_1118.wav,Killer Whale,northern right whale
marine,all,northern right whale_1143,northern right whale_1143.wav,Humpback Whale,northern right whale
marine,all,northern right whale_1194,northern right whale_1194.wav,Killer Whale,northern right whale
marine,all,northern right whale_1221,northern right whale_1221.wav,Killer Whale,northern right whale
marine,all,northern right whale_1238,northern right whale_1238.wav,Killer Whale,northern right whale
marine,all,northern right whale_1239,northern right whale_1239.wav,Humpback Whale,northern right whale
marine,all,northern right whale_1249,northern right whale_1249.wav,Humpback Whale,northern right whale
marine,all,northern right whale_1290,northern right whale_1290.wav,Humpback Whale,northern right whale
marine,all,northern right whale_1331,northern right whale_1331.wav,Humpback Whale,northern right whale
marine,all,northern right whale_1349,northern right whale_1349.wav,Killer Whale,northern right whale
marine,all,northern right whale_1353,northern right whale_1353.wav,Killer Whale,northern right whale
marine,all,northern right whale_144,northern right whale_144.wav,Humpback Whale,northern right whale
marine,all,northern right whale_146,northern right whale_146.wav,Humpback Whale,northern right whale
marine,all,northern right whale_270,northern right whale_270.wav,Killer Whale,northern right whale
marine,all,northern right whale_280,northern right whale_280.wav,Humpback Whale,northern right whale
marine,all,northern right whale_30,northern right whale_30.wav,Humpback Whale,northern right whale
marine,all,northern right whale_343,northern right whale_343.wav,Killer Whale,northern right whale
marine,all,northern right whale_412,northern right whale_412.wav,Killer Whale,northern right whale
marine,all,northern right whale_472,northern right whale_472.wav,Killer Whale,northern right whale
marine,all,northern right whale_475,northern right whale_475.wav,Humpback Whale,northern right whale
marine,all,northern right whale_482,northern right whale_482.wav,Killer Whale,northern right whale
marine,all,northern right whale_489,northern right whale_489.wav,Humpback Whale,northern right whale
marine,all,northern right whale_541,northern right whale_541.wav,Humpback Whale,northern right whale
marine,all,northern right whale_542,northern right whale_542.wav,Killer Whale,northern right whale
marine,all,northern right whale_552,northern right whale_552.wav,Humpback Whale,northern right whale
marine,all,northern right whale_560,northern right whale_560.wav,Killer Whale,northern right whale
marine,all,northern right whale_597,northern right whale_597.wav,Humpback Whale,northern right whale
marine,all,northern right whale_624,northern right whale_624.wav,Humpback Whale,northern right whale
marine,all,northern right whale_680,northern right whale_680.wav,Humpback Whale,northern right whale
marine,all,northern right whale_708,northern right whale_708.wav,Humpback Whale,northern right whale
marine,all,northern right whale_74,northern right whale_74.wav,Killer Whale,northern right whale
marine,all,northern right whale_773,northern right whale_773.wav,Humpback Whale,northern right whale
marine,all,northern right whale_818,northern right whale_818.wav,Humpback Whale,northern right whale
marine,all,northern right whale_825,northern right whale_825.wav,Killer Whale,northern right whale
marine,all,northern right whale_872,northern right whale_872.wav,Killer Whale,northern right whale
marine,all,northern right whale_936,northern right whale_936.wav,None of the provided species are associated with the sounds of a car accelerating and a bird chirping.,northern right whale
marine,all,northern right whale_968,northern right whale_968.wav,Bottlenose Dolphin,northern right whale
marine,all,northern right whale_973,northern right whale_973.wav,Killer Whale,northern right whale
marine,all,pantropical spotted dolphin_1002,pantropical spotted dolphin_1002.wav,None of the provided species are associated with the sound of water boiling.,pantropical spotted dolphin
marine,all,pantropical spotted dolphin_1015,pantropical spotted dolphin_1015.wav,None of the provided species are associated with water sounds or streams.,pantropical spotted dolphin
marine,all,pantropical spotted dolphin_1032,pantropical spotted dolphin_1032.wav,Bottlenose Dolphin,pantropical spotted dolphin
marine,all,pantropical spotted dolphin_1036,pantropical spotted dolphin_1036.wav,Bottlenose Dolphin,pantropical spotted dolphin
marine,all,pantropical spotted dolphin_1042,pantropical spotted dolphin_1042.wav,Bottlenose Dolphin,pantropical spotted dolphin
marine,all,pantropical spotted dolphin_1077,pantropical spotted dolphin_1077.wav,Killer Whale,pantropical spotted dolphin
marine,all,pantropical spotted dolphin_108,pantropical spotted dolphin_108.wav,Bottlenose Dolphin,pantropical spotted dolphin
marine,all,pantropical spotted dolphin_1089,pantropical spotted dolphin_1089.wav,Bottlenose Dolphin,pantropical spotted dolphin
marine,all,pantropical spotted dolphin_1091,pantropical spotted dolphin_1091.wav,Bottlenose Dolphin,pantropical spotted dolphin
marine,all,pantropical spotted dolphin_11,pantropical spotted dolphin_11.wav,Bottlenose Dolphin,pantropical spotted dolphin
marine,all,pantropical spotted dolphin_1111,pantropical spotted dolphin_1111.wav,Bottlenose Dolphin,pantropical spotted dolphin
marine,all,pantropical spotted dolphin_1134,pantropical spotted dolphin_1134.wav,Bottlenose Dolphin,pantropical spotted dolphin
marine,all,pantropical spotted dolphin_1139,pantropical spotted dolphin_1139.wav,Bottlenose Dolphin,pantropical spotted dolphin
marine,all,pantropical spotted dolphin_1140,pantropical spotted dolphin_1140.wav,Bottlenose Dolphin,pantropical spotted dolphin
marine,all,pantropical spotted dolphin_1176,pantropical spotted dolphin_1176.wav,None of the provided species are associated with the sound of water boiling.,pantropical spotted dolphin
marine,all,pantropical spotted dolphin_1196,pantropical spotted dolphin_1196.wav,Bottlenose Dolphin,pantropical spotted dolphin
marine,all,pantropical spotted dolphin_1205,pantropical spotted dolphin_1205.wav,Bottlenose Dolphin,pantropical spotted dolphin
marine,all,pantropical spotted dolphin_1218,pantropical spotted dolphin_1218.wav,Bottlenose Dolphin,pantropical spotted dolphin
marine,all,pantropical spotted dolphin_1277,pantropical spotted dolphin_1277.wav,Bottlenose Dolphin,pantropical spotted dolphin
marine,all,pantropical spotted dolphin_132,pantropical spotted dolphin_132.wav,Bottlenose Dolphin,pantropical spotted dolphin
marine,all,pantropical spotted dolphin_1332,pantropical spotted dolphin_1332.wav,Bottlenose Dolphin,pantropical spotted dolphin
marine,all,pantropical spotted dolphin_1334,pantropical spotted dolphin_1334.wav,Bottlenose Dolphin,pantropical spotted dolphin
marine,all,pantropical spotted dolphin_135,pantropical spotted dolphin_135.wav,Bottlenose Dolphin,pantropical spotted dolphin
marine,all,pantropical spotted dolphin_142,pantropical spotted dolphin_142.wav,Bottlenose Dolphin,pantropical spotted dolphin
marine,all,pantropical spotted dolphin_143,pantropical spotted dolphin_143.wav,Bottlenose Dolphin,pantropical spotted dolphin
marine,all,pantropical spotted dolphin_149,pantropical spotted dolphin_149.wav,Bottlenose Dolphin,pantropical spotted dolphin
marine,all,pantropical spotted dolphin_218,pantropical spotted dolphin_218.wav,Bottlenose Dolphin,pantropical spotted dolphin
marine,all,pantropical spotted dolphin_278,pantropical spotted dolphin_278.wav,Bottlenose Dolphin,pantropical spotted dolphin
marine,all,pantropical spotted dolphin_28,pantropical spotted dolphin_28.wav,Bottlenose Dolphin,pantropical spotted dolphin
marine,all,pantropical spotted dolphin_313,pantropical spotted dolphin_313.wav,Bottlenose Dolphin,pantropical spotted dolphin
marine,all,pantropical spotted dolphin_327,pantropical spotted dolphin_327.wav,Humpback Whale,pantropical spotted dolphin
marine,all,pantropical spotted dolphin_329,pantropical spotted dolphin_329.wav,Bottlenose Dolphin,pantropical spotted dolphin
marine,all,pantropical spotted dolphin_338,pantropical spotted dolphin_338.wav,Humpback Whale,pantropical spotted dolphin
marine,all,pantropical spotted dolphin_359,pantropical spotted dolphin_359.wav,Bottlenose Dolphin,pantropical spotted dolphin
marine,all,pantropical spotted dolphin_37,pantropical spotted dolphin_37.wav,Bottlenose Dolphin,pantropical spotted dolphin
marine,all,pantropical spotted dolphin_402,pantropical spotted dolphin_402.wav,Bottlenose Dolphin,pantropical spotted dolphin
marine,all,pantropical spotted dolphin_405,pantropical spotted dolphin_405.wav,Bottlenose Dolphin,pantropical spotted dolphin
marine,all,pantropical spotted dolphin_47,pantropical spotted dolphin_47.wav,Bottlenose Dolphin,pantropical spotted dolphin
marine,all,pantropical spotted dolphin_532,pantropical spotted dolphin_532.wav,Bottlenose Dolphin,pantropical spotted dolphin
marine,all,pantropical spotted dolphin_54,pantropical spotted dolphin_54.wav,Bottlenose Dolphin,pantropical spotted dolphin
marine,all,pantropical spotted dolphin_592,pantropical spotted dolphin_592.wav,Bottlenose Dolphin,pantropical spotted dolphin
marine,all,pantropical spotted dolphin_620,pantropical spotted dolphin_620.wav,Humpback Whale,pantropical spotted dolphin
marine,all,pantropical spotted dolphin_632,pantropical spotted dolphin_632.wav,Bottlenose Dolphin,pantropical spotted dolphin
marine,all,pantropical spotted dolphin_648,pantropical spotted dolphin_648.wav,Bottlenose Dolphin,pantropical spotted dolphin
marine,all,pantropical spotted dolphin_658,pantropical spotted dolphin_658.wav,Bottlenose Dolphin,pantropical spotted dolphin
marine,all,pantropical spotted dolphin_665,pantropical spotted dolphin_665.wav,Bottlenose Dolphin,pantropical spotted dolphin
marine,all,pantropical spotted dolphin_762,pantropical spotted dolphin_762.wav,Bottlenose Dolphin,pantropical spotted dolphin
marine,all,pantropical spotted dolphin_791,pantropical spotted dolphin_791.wav,Bottlenose Dolphin,pantropical spotted dolphin
marine,all,pantropical spotted dolphin_836,pantropical spotted dolphin_836.wav,Bottlenose Dolphin,pantropical spotted dolphin
marine,all,pantropical spotted dolphin_885,pantropical spotted dolphin_885.wav,Humpback Whale,pantropical spotted dolphin
marine,all,pantropical spotted dolphin_945,pantropical spotted dolphin_945.wav,Bottlenose Dolphin,pantropical spotted dolphin
marine,all,pantropical spotted dolphin_986,pantropical spotted dolphin_986.wav,Humpback Whale,pantropical spotted dolphin
marine,all,pantropical spotted dolphin_992,pantropical spotted dolphin_992.wav,Bottlenose Dolphin,pantropical spotted dolphin
marine,all,ross seal_100,ross seal_100.wav,Bottlenose Dolphin,ross seal
marine,all,ross seal_1019,ross seal_1019.wav,No species can be classified from the given audio.,ross seal
marine,all,ross seal_1037,ross seal_1037.wav,Bottlenose Dolphin,ross seal
marine,all,ross seal_1083,ross seal_1083.wav,Humpback Whale,ross seal
marine,all,ross seal_1085,ross seal_1085.wav,Killer Whale,ross seal
marine,all,ross seal_1088,ross seal_1088.wav,Humpback Whale,ross seal
marine,all,ross seal_1154,ross seal_1154.wav,Humpback Whale,ross seal
marine,all,ross seal_1166,ross seal_1166.wav,Humpback Whale,ross seal
marine,all,ross seal_1190,ross seal_1190.wav,Humpback Whale,ross seal
marine,all,ross seal_1266,ross seal_1266.wav,Killer Whale,ross seal
marine,all,ross seal_1276,ross seal_1276.wav,Humpback Whale,ross seal
marine,all,ross seal_1284,ross seal_1284.wav,Humpback Whale,ross seal
marine,all,ross seal_13,ross seal_13.wav,Killer Whale,ross seal
marine,all,ross seal_1343,ross seal_1343.wav,Killer Whale,ross seal
marine,all,ross seal_152,ross seal_152.wav,Humpback Whale,ross seal
marine,all,ross seal_247,ross seal_247.wav,Killer Whale,ross seal
marine,all,ross seal_308,ross seal_308.wav,Humpback Whale,ross seal
marine,all,ross seal_34,ross seal_34.wav,Humpback Whale,ross seal
marine,all,ross seal_345,ross seal_345.wav,Killer Whale,ross seal
marine,all,ross seal_362,ross seal_362.wav,Humpback Whale,ross seal
marine,all,ross seal_38,ross seal_38.wav,Killer Whale,ross seal
marine,all,ross seal_42,ross seal_42.wav,Killer Whale,ross seal
marine,all,ross seal_438,ross seal_438.wav,Humpback Whale,ross seal
marine,all,ross seal_445,ross seal_445.wav,Killer Whale,ross seal
marine,all,ross seal_48,ross seal_48.wav,Killer Whale,ross seal
marine,all,ross seal_49,ross seal_49.wav,Killer Whale,ross seal
marine,all,ross seal_495,ross seal_495.wav,Humpback Whale,ross seal
marine,all,ross seal_556,ross seal_556.wav,Bottlenose Dolphin,ross seal
marine,all,ross seal_653,ross seal_653.wav,Killer Whale,ross seal
marine,all,ross seal_776,ross seal_776.wav,Killer Whale,ross seal
marine,all,ross seal_784,ross seal_784.wav,Humpback Whale,ross seal
marine,all,ross seal_790,ross seal_790.wav,Killer Whale,ross seal
marine,all,ross seal_798,ross seal_798.wav,Humpback Whale,ross seal
marine,all,ross seal_80,ross seal_80.wav,Humpback Whale,ross seal
marine,all,ross seal_813,ross seal_813.wav,Killer Whale,ross seal
marine,all,ross seal_819,ross seal_819.wav,Bottlenose Dolphin,ross seal
marine,all,ross seal_924,ross seal_924.wav,Humpback Whale,ross seal
marine,all,ross seal_951,ross seal_951.wav,Killer Whale,ross seal
marine,all,ross seal_965,ross seal_965.wav,Killer Whale,ross seal
marine,all,ross seal_987,ross seal_987.wav,Killer Whale,ross seal
marine,all,rough-toothed dolphin_1078,rough-toothed dolphin_1078.wav,Bottlenose Dolphin,rough-toothed dolphin
marine,all,rough-toothed dolphin_1120,rough-toothed dolphin_1120.wav,Bottlenose Dolphin,rough-toothed dolphin
marine,all,rough-toothed dolphin_1121,rough-toothed dolphin_1121.wav,False Killer Whale,rough-toothed dolphin
marine,all,rough-toothed dolphin_1146,rough-toothed dolphin_1146.wav,Bottlenose Dolphin,rough-toothed dolphin
marine,all,rough-toothed dolphin_1174,rough-toothed dolphin_1174.wav,Humpback Whale,rough-toothed dolphin
marine,all,rough-toothed dolphin_1197,rough-toothed dolphin_1197.wav,Bottlenose Dolphin,rough-toothed dolphin
marine,all,rough-toothed dolphin_1236,rough-toothed dolphin_1236.wav,Bottlenose Dolphin,rough-toothed dolphin
marine,all,rough-toothed dolphin_1253,rough-toothed dolphin_1253.wav,Bottlenose Dolphin,rough-toothed dolphin
marine,all,rough-toothed dolphin_1261,rough-toothed dolphin_1261.wav,Bottlenose Dolphin,rough-toothed dolphin
marine,all,rough-toothed dolphin_1272,rough-toothed dolphin_1272.wav,False Killer Whale,rough-toothed dolphin
marine,all,rough-toothed dolphin_1313,rough-toothed dolphin_1313.wav,Bottlenose Dolphin,rough-toothed dolphin
marine,all,rough-toothed dolphin_1315,rough-toothed dolphin_1315.wav,Bottlenose Dolphin,rough-toothed dolphin
marine,all,rough-toothed dolphin_1323,rough-toothed dolphin_1323.wav,Humpback Whale,rough-toothed dolphin
marine,all,rough-toothed dolphin_159,rough-toothed dolphin_159.wav,Bottlenose Dolphin,rough-toothed dolphin
marine,all,rough-toothed dolphin_201,rough-toothed dolphin_201.wav,Bottlenose Dolphin,rough-toothed dolphin
marine,all,rough-toothed dolphin_241,rough-toothed dolphin_241.wav,Bottlenose Dolphin,rough-toothed dolphin
marine,all,rough-toothed dolphin_242,rough-toothed dolphin_242.wav,Bottlenose Dolphin,rough-toothed dolphin
marine,all,rough-toothed dolphin_254,rough-toothed dolphin_254.wav,Bottlenose Dolphin,rough-toothed dolphin
marine,all,rough-toothed dolphin_277,rough-toothed dolphin_277.wav,None of the provided species are associated with birds.,rough-toothed dolphin
marine,all,rough-toothed dolphin_328,rough-toothed dolphin_328.wav,Bottlenose Dolphin,rough-toothed dolphin
marine,all,rough-toothed dolphin_344,rough-toothed dolphin_344.wav,Bottlenose Dolphin,rough-toothed dolphin
marine,all,rough-toothed dolphin_372,rough-toothed dolphin_372.wav,Bottlenose Dolphin,rough-toothed dolphin
marine,all,rough-toothed dolphin_378,rough-toothed dolphin_378.wav,Bottlenose Dolphin,rough-toothed dolphin
marine,all,rough-toothed dolphin_406,rough-toothed dolphin_406.wav,Bottlenose Dolphin,rough-toothed dolphin
marine,all,rough-toothed dolphin_459,rough-toothed dolphin_459.wav,Bottlenose Dolphin,rough-toothed dolphin
marine,all,rough-toothed dolphin_517,rough-toothed dolphin_517.wav,Bottlenose Dolphin,rough-toothed dolphin
marine,all,rough-toothed dolphin_52,rough-toothed dolphin_52.wav,Bottlenose Dolphin,rough-toothed dolphin
marine,all,rough-toothed dolphin_561,rough-toothed dolphin_561.wav,Bottlenose Dolphin,rough-toothed dolphin
marine,all,rough-toothed dolphin_569,rough-toothed dolphin_569.wav,Humpback Whale,rough-toothed dolphin
marine,all,rough-toothed dolphin_576,rough-toothed dolphin_576.wav,Bottlenose Dolphin,rough-toothed dolphin
marine,all,rough-toothed dolphin_633,rough-toothed dolphin_633.wav,Bottlenose Dolphin,rough-toothed dolphin
marine,all,rough-toothed dolphin_685,rough-toothed dolphin_685.wav,Bottlenose Dolphin,rough-toothed dolphin
marine,all,rough-toothed dolphin_733,rough-toothed dolphin_733.wav,Bottlenose Dolphin,rough-toothed dolphin
marine,all,rough-toothed dolphin_766,rough-toothed dolphin_766.wav,Bottlenose Dolphin,rough-toothed dolphin
marine,all,rough-toothed dolphin_844,rough-toothed dolphin_844.wav,Bottlenose Dolphin,rough-toothed dolphin
marine,all,rough-toothed dolphin_850,rough-toothed dolphin_850.wav,Humpback Whale,rough-toothed dolphin
marine,all,rough-toothed dolphin_877,rough-toothed dolphin_877.wav,Bottlenose Dolphin,rough-toothed dolphin
marine,all,rough-toothed dolphin_947,rough-toothed dolphin_947.wav,Humpback Whale,rough-toothed dolphin
marine,all,rough-toothed dolphin_980,rough-toothed dolphin_980.wav,Bottlenose Dolphin,rough-toothed dolphin
marine,all,rough-toothed dolphin_988,rough-toothed dolphin_988.wav,None of the provided species are associated with the sound of a bird chirping.,rough-toothed dolphin
marine,all,short-finned pacific pilot whale_1034,short-finned pacific pilot whale_1034.wav,False Killer Whale,short-finned pacific pilot whale
marine,all,short-finned pacific pilot whale_1063,short-finned pacific pilot whale_1063.wav,Bottlenose Dolphin,short-finned pacific pilot whale
marine,all,short-finned pacific pilot whale_1125,short-finned pacific pilot whale_1125.wav,Killer Whale,short-finned pacific pilot whale
marine,all,short-finned pacific pilot whale_1144,short-finned pacific pilot whale_1144.wav,Bottlenose Dolphin,short-finned pacific pilot whale
marine,all,short-finned pacific pilot whale_1147,short-finned pacific pilot whale_1147.wav,Killer Whale,short-finned pacific pilot whale
marine,all,short-finned pacific pilot whale_1158,short-finned pacific pilot whale_1158.wav,Bottlenose Dolphin,short-finned pacific pilot whale
marine,all,short-finned pacific pilot whale_1186,short-finned pacific pilot whale_1186.wav,Bottlenose Dolphin,short-finned pacific pilot whale
marine,all,short-finned pacific pilot whale_1200,short-finned pacific pilot whale_1200.wav,Humpback Whale,short-finned pacific pilot whale
marine,all,short-finned pacific pilot whale_1210,short-finned pacific pilot whale_1210.wav,Humpback Whale,short-finned pacific pilot whale
marine,all,short-finned pacific pilot whale_1252,short-finned pacific pilot whale_1252.wav,Humpback Whale,short-finned pacific pilot whale
marine,all,short-finned pacific pilot whale_1256,short-finned pacific pilot whale_1256.wav,Killer Whale,short-finned pacific pilot whale
marine,all,short-finned pacific pilot whale_1273,short-finned pacific pilot whale_1273.wav,Killer Whale,short-finned pacific pilot whale
marine,all,short-finned pacific pilot whale_1280,short-finned pacific pilot whale_1280.wav,Bottlenose Dolphin,short-finned pacific pilot whale
marine,all,short-finned pacific pilot whale_1303,short-finned pacific pilot whale_1303.wav,Bottlenose Dolphin,short-finned pacific pilot whale
marine,all,short-finned pacific pilot whale_156,short-finned pacific pilot whale_156.wav,Killer Whale,short-finned pacific pilot whale
marine,all,short-finned pacific pilot whale_160,short-finned pacific pilot whale_160.wav,Killer Whale,short-finned pacific pilot whale
marine,all,short-finned pacific pilot whale_202,short-finned pacific pilot whale_202.wav,Humpback Whale,short-finned pacific pilot whale
marine,all,short-finned pacific pilot whale_209,short-finned pacific pilot whale_209.wav,None of the provided species are associated with bird sounds.,short-finned pacific pilot whale
marine,all,short-finned pacific pilot whale_23,short-finned pacific pilot whale_23.wav,Bottlenose Dolphin,short-finned pacific pilot whale
marine,all,short-finned pacific pilot whale_239,short-finned pacific pilot whale_239.wav,False Killer Whale,short-finned pacific pilot whale
marine,all,short-finned pacific pilot whale_293,short-finned pacific pilot whale_293.wav,Killer Whale,short-finned pacific pilot whale
marine,all,short-finned pacific pilot whale_294,short-finned pacific pilot whale_294.wav,Killer Whale,short-finned pacific pilot whale
marine,all,short-finned pacific pilot whale_296,short-finned pacific pilot whale_296.wav,Bottlenose Dolphin,short-finned pacific pilot whale
marine,all,short-finned pacific pilot whale_31,short-finned pacific pilot whale_31.wav,Bottlenose Dolphin,short-finned pacific pilot whale
marine,all,short-finned pacific pilot whale_321,short-finned pacific pilot whale_321.wav,Bottlenose Dolphin,short-finned pacific pilot whale
marine,all,short-finned pacific pilot whale_369,short-finned pacific pilot whale_369.wav,Bottlenose Dolphin,short-finned pacific pilot whale
marine,all,short-finned pacific pilot whale_380,short-finned pacific pilot whale_380.wav,Bottlenose Dolphin,short-finned pacific pilot whale
marine,all,short-finned pacific pilot whale_384,short-finned pacific pilot whale_384.wav,Killer Whale,short-finned pacific pilot whale
marine,all,short-finned pacific pilot whale_408,short-finned pacific pilot whale_408.wav,Killer Whale,short-finned pacific pilot whale
marine,all,short-finned pacific pilot whale_43,short-finned pacific pilot whale_43.wav,False Killer Whale,short-finned pacific pilot whale
marine,all,short-finned pacific pilot whale_449,short-finned pacific pilot whale_449.wav,Bottlenose Dolphin,short-finned pacific pilot whale
marine,all,short-finned pacific pilot whale_488,short-finned pacific pilot whale_488.wav,Killer Whale,short-finned pacific pilot whale
marine,all,short-finned pacific pilot whale_494,short-finned pacific pilot whale_494.wav,False Killer Whale,short-finned pacific pilot whale
marine,all,short-finned pacific pilot whale_51,short-finned pacific pilot whale_51.wav,Killer Whale,short-finned pacific pilot whale
marine,all,short-finned pacific pilot whale_522,short-finned pacific pilot whale_522.wav,Bottlenose Dolphin,short-finned pacific pilot whale
marine,all,short-finned pacific pilot whale_535,short-finned pacific pilot whale_535.wav,Bottlenose Dolphin,short-finned pacific pilot whale
marine,all,short-finned pacific pilot whale_536,short-finned pacific pilot whale_536.wav,Bottlenose Dolphin,short-finned pacific pilot whale
marine,all,short-finned pacific pilot whale_538,short-finned pacific pilot whale_538.wav,False Killer Whale,short-finned pacific pilot whale
marine,all,short-finned pacific pilot whale_553,short-finned pacific pilot whale_553.wav,Humpback Whale,short-finned pacific pilot whale
marine,all,short-finned pacific pilot whale_558,short-finned pacific pilot whale_558.wav,Humpback Whale,short-finned pacific pilot whale
marine,all,short-finned pacific pilot whale_562,short-finned pacific pilot whale_562.wav,Humpback Whale,short-finned pacific pilot whale
marine,all,short-finned pacific pilot whale_607,short-finned pacific pilot whale_607.wav,Killer Whale,short-finned pacific pilot whale
marine,all,short-finned pacific pilot whale_63,short-finned pacific pilot whale_63.wav,Bottlenose Dolphin,short-finned pacific pilot whale
marine,all,short-finned pacific pilot whale_650,short-finned pacific pilot whale_650.wav,Bottlenose Dolphin,short-finned pacific pilot whale
marine,all,short-finned pacific pilot whale_659,short-finned pacific pilot whale_659.wav,False Killer Whale,short-finned pacific pilot whale
marine,all,short-finned pacific pilot whale_772,short-finned pacific pilot whale_772.wav,Bottlenose Dolphin,short-finned pacific pilot whale
marine,all,short-finned pacific pilot whale_786,short-finned pacific pilot whale_786.wav,Killer Whale,short-finned pacific pilot whale
marine,all,short-finned pacific pilot whale_800,short-finned pacific pilot whale_800.wav,Bottlenose Dolphin,short-finned pacific pilot whale
marine,all,short-finned pacific pilot whale_808,short-finned pacific pilot whale_808.wav,Bottlenose Dolphin,short-finned pacific pilot whale
marine,all,short-finned pacific pilot whale_875,short-finned pacific pilot whale_875.wav,Killer Whale,short-finned pacific pilot whale
marine,all,short-finned pacific pilot whale_880,short-finned pacific pilot whale_880.wav,Bottlenose Dolphin,short-finned pacific pilot whale
marine,all,short-finned pacific pilot whale_90,short-finned pacific pilot whale_90.wav,Bottlenose Dolphin,short-finned pacific pilot whale
marine,all,short-finned pacific pilot whale_941,short-finned pacific pilot whale_941.wav,Bottlenose Dolphin,short-finned pacific pilot whale
marine,all,southern right whale_1003,southern right whale_1003.wav,Killer Whale,southern right whale
marine,all,southern right whale_1005,southern right whale_1005.wav,Killer Whale,southern right whale
marine,all,southern right whale_1007,southern right whale_1007.wav,Killer Whale,southern right whale
marine,all,southern right whale_1129,southern right whale_1129.wav,Humpback Whale,southern right whale
marine,all,southern right whale_1164,southern right whale_1164.wav,Killer Whale,southern right whale
marine,all,southern right whale_1230,southern right whale_1230.wav,Humpback Whale,southern right whale
marine,all,southern right whale_1279,southern right whale_1279.wav,Humpback Whale,southern right whale
marine,all,southern right whale_206,southern right whale_206.wav,Humpback Whale,southern right whale
marine,all,southern right whale_342,southern right whale_342.wav,Humpback Whale,southern right whale
marine,all,southern right whale_356,southern right whale_356.wav,Bottlenose Dolphin,southern right whale
marine,all,southern right whale_364,southern right whale_364.wav,Humpback Whale,southern right whale
marine,all,southern right whale_59,southern right whale_59.wav,Humpback Whale,southern right whale
marine,all,southern right whale_636,southern right whale_636.wav,Humpback Whale,southern right whale
marine,all,southern right whale_640,southern right whale_640.wav,Humpback Whale,southern right whale
marine,all,southern right whale_677,southern right whale_677.wav,Killer Whale,southern right whale
marine,all,southern right whale_712,southern right whale_712.wav,Humpback Whale,southern right whale
marine,all,southern right whale_765,southern right whale_765.wav,Humpback Whale,southern right whale
marine,all,southern right whale_89,southern right whale_89.wav,Killer Whale,southern right whale
marine,all,southern right whale_91,southern right whale_91.wav,Humpback Whale,southern right whale
marine,all,southern right whale_975,southern right whale_975.wav,Humpback Whale,southern right whale
marine,all,sperm whale_1017,sperm whale_1017.wav,Bottlenose Dolphin,sperm whale
marine,all,sperm whale_1028,sperm whale_1028.wav,None of the provided species are associated with the sound of a small fire crackling.,sperm whale
marine,all,sperm whale_1030,sperm whale_1030.wav,False Killer Whale,sperm whale
marine,all,sperm whale_1067,sperm whale_1067.wav,Bottlenose Dolphin,sperm whale
marine,all,sperm whale_1073,sperm whale_1073.wav,Killer Whale,sperm whale
marine,all,sperm whale_1074,sperm whale_1074.wav,Bottlenose Dolphin,sperm whale
marine,all,sperm whale_112,sperm whale_112.wav,Bottlenose Dolphin,sperm whale
marine,all,sperm whale_1126,sperm whale_1126.wav,Sperm Whale,sperm whale
marine,all,sperm whale_1165,sperm whale_1165.wav,Bottlenose Dolphin,sperm whale
marine,all,sperm whale_1169,sperm whale_1169.wav,False Killer Whale,sperm whale
marine,all,sperm whale_1175,sperm whale_1175.wav,Humpback Whale,sperm whale
marine,all,sperm whale_1184,sperm whale_1184.wav,Bottlenose Dolphin,sperm whale
marine,all,sperm whale_1294,sperm whale_1294.wav,Bottlenose Dolphin,sperm whale
marine,all,sperm whale_1300,sperm whale_1300.wav,Bottlenose Dolphin,sperm whale
marine,all,sperm whale_140,sperm whale_140.wav,False Killer Whale,sperm whale
marine,all,sperm whale_167,sperm whale_167.wav,Bottlenose Dolphin,sperm whale
marine,all,sperm whale_173,sperm whale_173.wav,Bottlenose Dolphin,sperm whale
marine,all,sperm whale_19,sperm whale_19.wav,Bottlenose Dolphin,sperm whale
marine,all,sperm whale_199,sperm whale_199.wav,False Killer Whale,sperm whale
marine,all,sperm whale_208,sperm whale_208.wav,Bottlenose Dolphin,sperm whale
marine,all,sperm whale_248,sperm whale_248.wav,Bottlenose Dolphin,sperm whale
marine,all,sperm whale_253,sperm whale_253.wav,Bottlenose Dolphin,sperm whale
marine,all,sperm whale_27,sperm whale_27.wav,Bottlenose Dolphin,sperm whale
marine,all,sperm whale_279,sperm whale_279.wav,Bottlenose Dolphin,sperm whale
marine,all,sperm whale_319,sperm whale_319.wav,Bottlenose Dolphin,sperm whale
marine,all,sperm whale_354,sperm whale_354.wav,False Killer Whale,sperm whale
marine,all,sperm whale_41,sperm whale_41.wav,Bottlenose Dolphin,sperm whale
marine,all,sperm whale_447,sperm whale_447.wav,Beluga White Whale,sperm whale
marine,all,sperm whale_458,sperm whale_458.wav,False Killer Whale,sperm whale
marine,all,sperm whale_464,sperm whale_464.wav,Bottlenose Dolphin,sperm whale
marine,all,sperm whale_471,sperm whale_471.wav,False Killer Whale,sperm whale
marine,all,sperm whale_479,sperm whale_479.wav,False Killer Whale,sperm whale
marine,all,sperm whale_480,sperm whale_480.wav,Bottlenose Dolphin,sperm whale
marine,all,sperm whale_539,sperm whale_539.wav,False Killer Whale,sperm whale
marine,all,sperm whale_57,sperm whale_57.wav,Bottlenose Dolphin,sperm whale
marine,all,sperm whale_575,sperm whale_575.wav,False Killer Whale,sperm whale
marine,all,sperm whale_587,sperm whale_587.wav,Bottlenose Dolphin,sperm whale
marine,all,sperm whale_590,sperm whale_590.wav,Bottlenose Dolphin,sperm whale
marine,all,sperm whale_617,sperm whale_617.wav,Bottlenose Dolphin,sperm whale
marine,all,sperm whale_628,sperm whale_628.wav,Bottlenose Dolphin,sperm whale
marine,all,sperm whale_643,sperm whale_643.wav,Bottlenose Dolphin,sperm whale
marine,all,sperm whale_652,sperm whale_652.wav,False Killer Whale,sperm whale
marine,all,sperm whale_655,sperm whale_655.wav,False Killer Whale,sperm whale
marine,all,sperm whale_678,sperm whale_678.wav,False Killer Whale,sperm whale
marine,all,sperm whale_735,sperm whale_735.wav,Bottlenose Dolphin,sperm whale
marine,all,sperm whale_748,sperm whale_748.wav,False Killer Whale,sperm whale
marine,all,sperm whale_761,sperm whale_761.wav,Bottlenose Dolphin,sperm whale
marine,all,sperm whale_769,sperm whale_769.wav,Bottlenose Dolphin,sperm whale
marine,all,sperm whale_774,sperm whale_774.wav,False Killer Whale,sperm whale
marine,all,sperm whale_787,sperm whale_787.wav,Bottlenose Dolphin,sperm whale
marine,all,sperm whale_81,sperm whale_81.wav,False Killer Whale,sperm whale
marine,all,sperm whale_865,sperm whale_865.wav,Bottlenose Dolphin,sperm whale
marine,all,sperm whale_874,sperm whale_874.wav,Bottlenose Dolphin,sperm whale
marine,all,sperm whale_901,sperm whale_901.wav,Bottlenose Dolphin,sperm whale
marine,all,sperm whale_904,sperm whale_904.wav,Bottlenose Dolphin,sperm whale
marine,all,sperm whale_937,sperm whale_937.wav,Bottlenose Dolphin,sperm whale
marine,all,sperm whale_957,sperm whale_957.wav,Bottlenose Dolphin,sperm whale
marine,all,sperm whale_960,sperm whale_960.wav,Bottlenose Dolphin,sperm whale
marine,all,sperm whale_991,sperm whale_991.wav,Killer Whale,sperm whale
marine,all,sperm whale_999,sperm whale_999.wav,Minke Whale,sperm whale
marine,all,spinner dolphin_0,spinner dolphin_0.wav,Rain,spinner dolphin
marine,all,spinner dolphin_1010,spinner dolphin_1010.wav,Humpback Whale,spinner dolphin
marine,all,spinner dolphin_1027,spinner dolphin_1027.wav,Humpback Whale,spinner dolphin
marine,all,spinner dolphin_1033,spinner dolphin_1033.wav,Humpback Whale,spinner dolphin
marine,all,spinner dolphin_104,spinner dolphin_104.wav,Leopard Seal,spinner dolphin
marine,all,spinner dolphin_1045,spinner dolphin_1045.wav,Bottlenose Dolphin,spinner dolphin
marine,all,spinner dolphin_1046,spinner dolphin_1046.wav,Bottlenose Dolphin,spinner dolphin
marine,all,spinner dolphin_1055,spinner dolphin_1055.wav,Bottlenose Dolphin,spinner dolphin
marine,all,spinner dolphin_1059,spinner dolphin_1059.wav,Bottlenose Dolphin,spinner dolphin
marine,all,spinner dolphin_1095,spinner dolphin_1095.wav,Humpback Whale,spinner dolphin
marine,all,spinner dolphin_1107,spinner dolphin_1107.wav,Bottlenose Dolphin,spinner dolphin
marine,all,spinner dolphin_1109,spinner dolphin_1109.wav,Humpback Whale,spinner dolphin
marine,all,spinner dolphin_113,spinner dolphin_113.wav,Bottlenose Dolphin,spinner dolphin
marine,all,spinner dolphin_1163,spinner dolphin_1163.wav,Humpback Whale,spinner dolphin
marine,all,spinner dolphin_1167,spinner dolphin_1167.wav,Humpback Whale,spinner dolphin
marine,all,spinner dolphin_117,spinner dolphin_117.wav,Humpback Whale,spinner dolphin
marine,all,spinner dolphin_1189,spinner dolphin_1189.wav,Humpback Whale,spinner dolphin
marine,all,spinner dolphin_1211,spinner dolphin_1211.wav,Bottlenose Dolphin,spinner dolphin
marine,all,spinner dolphin_1229,spinner dolphin_1229.wav,Humpback Whale,spinner dolphin
marine,all,spinner dolphin_1302,spinner dolphin_1302.wav,Bottlenose Dolphin,spinner dolphin
marine,all,spinner dolphin_1337,spinner dolphin_1337.wav,Bottlenose Dolphin,spinner dolphin
marine,all,spinner dolphin_1340,spinner dolphin_1340.wav,Bottlenose Dolphin,spinner dolphin
marine,all,spinner dolphin_1342,spinner dolphin_1342.wav,Bottlenose Dolphin,spinner dolphin
marine,all,spinner dolphin_1344,spinner dolphin_1344.wav,Bottlenose Dolphin,spinner dolphin
marine,all,spinner dolphin_1347,spinner dolphin_1347.wav,Bottlenose Dolphin,spinner dolphin
marine,all,spinner dolphin_148,spinner dolphin_148.wav,False Killer Whale,spinner dolphin
marine,all,spinner dolphin_155,spinner dolphin_155.wav,Bottlenose Dolphin,spinner dolphin
marine,all,spinner dolphin_176,spinner dolphin_176.wav,Humpback Whale,spinner dolphin
marine,all,spinner dolphin_181,spinner dolphin_181.wav,Humpback Whale,spinner dolphin
marine,all,spinner dolphin_190,spinner dolphin_190.wav,Humpback Whale,spinner dolphin
marine,all,spinner dolphin_211,spinner dolphin_211.wav,Humpback Whale,spinner dolphin
marine,all,spinner dolphin_228,spinner dolphin_228.wav,False Killer Whale,spinner dolphin
marine,all,spinner dolphin_232,spinner dolphin_232.wav,Bottlenose Dolphin,spinner dolphin
marine,all,spinner dolphin_234,spinner dolphin_234.wav,Humpback Whale,spinner dolphin
marine,all,spinner dolphin_255,spinner dolphin_255.wav,Humpback Whale,spinner dolphin
marine,all,spinner dolphin_257,spinner dolphin_257.wav,Bottlenose Dolphin,spinner dolphin
marine,all,spinner dolphin_258,spinner dolphin_258.wav,Humpback Whale,spinner dolphin
marine,all,spinner dolphin_261,spinner dolphin_261.wav,Killer Whale,spinner dolphin
marine,all,spinner dolphin_265,spinner dolphin_265.wav,None of the provided species are associated with rain or water droplets.,spinner dolphin
marine,all,spinner dolphin_271,spinner dolphin_271.wav,False Killer Whale,spinner dolphin
marine,all,spinner dolphin_300,spinner dolphin_300.wav,Bottlenose Dolphin,spinner dolphin
marine,all,spinner dolphin_310,spinner dolphin_310.wav,Humpback Whale,spinner dolphin
marine,all,spinner dolphin_320,spinner dolphin_320.wav,Humpback Whale,spinner dolphin
marine,all,spinner dolphin_33,spinner dolphin_33.wav,Bottlenose Dolphin,spinner dolphin
marine,all,spinner dolphin_336,spinner dolphin_336.wav,Bottlenose Dolphin,spinner dolphin
marine,all,spinner dolphin_340,spinner dolphin_340.wav,False Killer Whale,spinner dolphin
marine,all,spinner dolphin_358,spinner dolphin_358.wav,Bottlenose Dolphin,spinner dolphin
marine,all,spinner dolphin_370,spinner dolphin_370.wav,Bottlenose Dolphin,spinner dolphin
marine,all,spinner dolphin_371,spinner dolphin_371.wav,Humpback Whale,spinner dolphin
marine,all,spinner dolphin_373,spinner dolphin_373.wav,Bottlenose Dolphin,spinner dolphin
marine,all,spinner dolphin_375,spinner dolphin_375.wav,Bottlenose Dolphin,spinner dolphin
marine,all,spinner dolphin_379,spinner dolphin_379.wav,None of the provided species are associated with the sound of water splashing.,spinner dolphin
marine,all,spinner dolphin_407,spinner dolphin_407.wav,Humpback Whale,spinner dolphin
marine,all,spinner dolphin_417,spinner dolphin_417.wav,Humpback Whale,spinner dolphin
marine,all,spinner dolphin_419,spinner dolphin_419.wav,None of the provided species are associated with rain or water droplets.,spinner dolphin
marine,all,spinner dolphin_421,spinner dolphin_421.wav,Bottlenose Dolphin,spinner dolphin
marine,all,spinner dolphin_428,spinner dolphin_428.wav,Humpback Whale,spinner dolphin
marine,all,spinner dolphin_46,spinner dolphin_46.wav,Bottlenose Dolphin,spinner dolphin
marine,all,spinner dolphin_461,spinner dolphin_461.wav,Bottlenose Dolphin,spinner dolphin
marine,all,spinner dolphin_463,spinner dolphin_463.wav,Bottlenose Dolphin,spinner dolphin
marine,all,spinner dolphin_487,spinner dolphin_487.wav,None of the provided species are associated with bird sounds or waterfowl.,spinner dolphin
marine,all,spinner dolphin_493,spinner dolphin_493.wav,Bottlenose Dolphin,spinner dolphin
marine,all,spinner dolphin_512,spinner dolphin_512.wav,Bottlenose Dolphin,spinner dolphin
marine,all,spinner dolphin_519,spinner dolphin_519.wav,Bottlenose Dolphin,spinner dolphin
marine,all,spinner dolphin_530,spinner dolphin_530.wav,Bottlenose Dolphin,spinner dolphin
marine,all,spinner dolphin_557,spinner dolphin_557.wav,Bottlenose Dolphin,spinner dolphin
marine,all,spinner dolphin_585,spinner dolphin_585.wav,Bottlenose Dolphin,spinner dolphin
marine,all,spinner dolphin_600,spinner dolphin_600.wav,False Killer Whale,spinner dolphin
marine,all,spinner dolphin_604,spinner dolphin_604.wav,Bottlenose Dolphin,spinner dolphin
marine,all,spinner dolphin_608,spinner dolphin_608.wav,Humpback Whale,spinner dolphin
marine,all,spinner dolphin_613,spinner dolphin_613.wav,Bottlenose Dolphin,spinner dolphin
marine,all,spinner dolphin_682,spinner dolphin_682.wav,Humpback Whale,spinner dolphin
marine,all,spinner dolphin_71,spinner dolphin_71.wav,Humpback Whale,spinner dolphin
marine,all,spinner dolphin_713,spinner dolphin_713.wav,Bottlenose Dolphin,spinner dolphin
marine,all,spinner dolphin_714,spinner dolphin_714.wav,Humpback Whale,spinner dolphin
marine,all,spinner dolphin_72,spinner dolphin_72.wav,Humpback Whale,spinner dolphin
marine,all,spinner dolphin_723,spinner dolphin_723.wav,Bottlenose Dolphin,spinner dolphin
marine,all,spinner dolphin_737,spinner dolphin_737.wav,Bottlenose Dolphin,spinner dolphin
marine,all,spinner dolphin_744,spinner dolphin_744.wav,Bottlenose Dolphin,spinner dolphin
marine,all,spinner dolphin_756,spinner dolphin_756.wav,Humpback Whale,spinner dolphin
marine,all,spinner dolphin_817,spinner dolphin_817.wav,Bottlenose Dolphin,spinner dolphin
marine,all,spinner dolphin_833,spinner dolphin_833.wav,Bottlenose Dolphin,spinner dolphin
marine,all,spinner dolphin_849,spinner dolphin_849.wav,Bottlenose Dolphin,spinner dolphin
marine,all,spinner dolphin_852,spinner dolphin_852.wav,Bottlenose Dolphin,spinner dolphin
marine,all,spinner dolphin_857,spinner dolphin_857.wav,Bottlenose Dolphin,spinner dolphin
marine,all,spinner dolphin_895,spinner dolphin_895.wav,Bottlenose Dolphin,spinner dolphin
marine,all,spinner dolphin_899,spinner dolphin_899.wav,Humpback Whale,spinner dolphin
marine,all,spinner dolphin_9,spinner dolphin_9.wav,Bottlenose Dolphin,spinner dolphin
marine,all,spinner dolphin_913,spinner dolphin_913.wav,Bottlenose Dolphin,spinner dolphin
marine,all,spinner dolphin_915,spinner dolphin_915.wav,Humpback Whale,spinner dolphin
marine,all,spinner dolphin_927,spinner dolphin_927.wav,Bottlenose Dolphin,spinner dolphin
marine,all,striped dolphin_1016,striped dolphin_1016.wav,Bottlenose Dolphin,striped dolphin
marine,all,striped dolphin_1024,striped dolphin_1024.wav,Humpback Whale,striped dolphin
marine,all,striped dolphin_1035,striped dolphin_1035.wav,Bottlenose Dolphin,striped dolphin
marine,all,striped dolphin_1047,striped dolphin_1047.wav,Bottlenose Dolphin,striped dolphin
marine,all,striped dolphin_1069,striped dolphin_1069.wav,Bottlenose Dolphin,striped dolphin
marine,all,striped dolphin_1117,striped dolphin_1117.wav,Bottlenose Dolphin,striped dolphin
marine,all,striped dolphin_1128,striped dolphin_1128.wav,Bottlenose Dolphin,striped dolphin
marine,all,striped dolphin_1133,striped dolphin_1133.wav,Bottlenose Dolphin,striped dolphin
marine,all,striped dolphin_1195,striped dolphin_1195.wav,Bottlenose Dolphin,striped dolphin
marine,all,striped dolphin_1212,striped dolphin_1212.wav,Bottlenose Dolphin,striped dolphin
marine,all,striped dolphin_123,striped dolphin_123.wav,Bottlenose Dolphin,striped dolphin
marine,all,striped dolphin_1235,striped dolphin_1235.wav,Bottlenose Dolphin,striped dolphin
marine,all,striped dolphin_125,striped dolphin_125.wav,Bottlenose Dolphin,striped dolphin
marine,all,striped dolphin_1274,striped dolphin_1274.wav,Bottlenose Dolphin,striped dolphin
marine,all,striped dolphin_1293,striped dolphin_1293.wav,Bottlenose Dolphin,striped dolphin
marine,all,striped dolphin_1328,striped dolphin_1328.wav,None of the provided species are associated with the sound of water dripping.,striped dolphin
marine,all,striped dolphin_162,striped dolphin_162.wav,Bottlenose Dolphin,striped dolphin
marine,all,striped dolphin_166,striped dolphin_166.wav,Bottlenose Dolphin,striped dolphin
marine,all,striped dolphin_175,striped dolphin_175.wav,Bottlenose Dolphin,striped dolphin
marine,all,striped dolphin_191,striped dolphin_191.wav,None of the provided species are associated with water features like a waterfall.,striped dolphin
marine,all,striped dolphin_207,striped dolphin_207.wav,Bottlenose Dolphin,striped dolphin
marine,all,striped dolphin_231,striped dolphin_231.wav,Bottlenose Dolphin,striped dolphin
marine,all,striped dolphin_24,striped dolphin_24.wav,Bottlenose Dolphin,striped dolphin
marine,all,striped dolphin_256,striped dolphin_256.wav,Bottlenose Dolphin,striped dolphin
marine,all,striped dolphin_26,striped dolphin_26.wav,Bottlenose Dolphin,striped dolphin
marine,all,striped dolphin_303,striped dolphin_303.wav,Humpback Whale,striped dolphin
marine,all,striped dolphin_307,striped dolphin_307.wav,Bottlenose Dolphin,striped dolphin
marine,all,striped dolphin_316,striped dolphin_316.wav,Bottlenose Dolphin,striped dolphin
marine,all,striped dolphin_351,striped dolphin_351.wav,Bottlenose Dolphin,striped dolphin
marine,all,striped dolphin_381,striped dolphin_381.wav,Bottlenose Dolphin,striped dolphin
marine,all,striped dolphin_404,striped dolphin_404.wav,Bottlenose Dolphin,striped dolphin
marine,all,striped dolphin_418,striped dolphin_418.wav,Humpback Whale,striped dolphin
marine,all,striped dolphin_434,striped dolphin_434.wav,Bottlenose Dolphin,striped dolphin
marine,all,striped dolphin_448,striped dolphin_448.wav,None of the provided species are associated with the sound of water flowing or dripping.,striped dolphin
marine,all,striped dolphin_453,striped dolphin_453.wav,None of the provided species are associated with the sound of water flowing or splashing.,striped dolphin
marine,all,striped dolphin_455,striped dolphin_455.wav,Bottlenose Dolphin,striped dolphin
marine,all,striped dolphin_478,striped dolphin_478.wav,Bottlenose Dolphin,striped dolphin
marine,all,striped dolphin_501,striped dolphin_501.wav,Bottlenose Dolphin,striped dolphin
marine,all,striped dolphin_513,striped dolphin_513.wav,Bottlenose Dolphin,striped dolphin
marine,all,striped dolphin_529,striped dolphin_529.wav,Bottlenose Dolphin,striped dolphin
marine,all,striped dolphin_544,striped dolphin_544.wav,Humpback Whale,striped dolphin
marine,all,striped dolphin_573,striped dolphin_573.wav,None of the provided species are associated with water sounds or fountains.,striped dolphin
marine,all,striped dolphin_594,striped dolphin_594.wav,Bottlenose Dolphin,striped dolphin
marine,all,striped dolphin_631,striped dolphin_631.wav,None of the provided species are associated with the sound of water flowing.,striped dolphin
marine,all,striped dolphin_638,striped dolphin_638.wav,Bottlenose Dolphin,striped dolphin
marine,all,striped dolphin_649,striped dolphin_649.wav,Bottlenose Dolphin,striped dolphin
marine,all,striped dolphin_664,striped dolphin_664.wav,Bottlenose Dolphin,striped dolphin
marine,all,striped dolphin_753,striped dolphin_753.wav,Bottlenose Dolphin,striped dolphin
marine,all,striped dolphin_767,striped dolphin_767.wav,Bottlenose Dolphin,striped dolphin
marine,all,striped dolphin_785,striped dolphin_785.wav,Humpback Whale,striped dolphin
marine,all,striped dolphin_822,striped dolphin_822.wav,Bottlenose Dolphin,striped dolphin
marine,all,striped dolphin_829,striped dolphin_829.wav,Bottlenose Dolphin,striped dolphin
marine,all,striped dolphin_832,striped dolphin_832.wav,Bottlenose Dolphin,striped dolphin
marine,all,striped dolphin_834,striped dolphin_834.wav,Bottlenose Dolphin,striped dolphin
marine,all,striped dolphin_846,striped dolphin_846.wav,Bottlenose Dolphin,striped dolphin
marine,all,striped dolphin_859,striped dolphin_859.wav,Bottlenose Dolphin,striped dolphin
marine,all,striped dolphin_862,striped dolphin_862.wav,Humpback Whale,striped dolphin
marine,all,striped dolphin_87,striped dolphin_87.wav,Bottlenose Dolphin,striped dolphin
marine,all,striped dolphin_871,striped dolphin_871.wav,Bottlenose Dolphin,striped dolphin
marine,all,striped dolphin_883,striped dolphin_883.wav,Bottlenose Dolphin,striped dolphin
marine,all,striped dolphin_891,striped dolphin_891.wav,Bottlenose Dolphin,striped dolphin
marine,all,striped dolphin_917,striped dolphin_917.wav,Bottlenose Dolphin,striped dolphin
marine,all,striped dolphin_92,striped dolphin_92.wav,Bottlenose Dolphin,striped dolphin
marine,all,striped dolphin_948,striped dolphin_948.wav,Bottlenose Dolphin,striped dolphin
marine,all,striped dolphin_982,striped dolphin_982.wav,Bottlenose Dolphin,striped dolphin
marine,all,walrus_1001,walrus_1001.wav,None of the provided species are associated with the sound of a doorbell ringing.,walrus
marine,all,walrus_1020,walrus_1020.wav,False Killer Whale,walrus
marine,all,walrus_105,walrus_105.wav,Bottlenose Dolphin,walrus
marine,all,walrus_1075,walrus_1075.wav,Bottlenose Dolphin,walrus
marine,all,walrus_1130,walrus_1130.wav,False Killer Whale,walrus
marine,all,walrus_1173,walrus_1173.wav,Bottlenose Dolphin,walrus
marine,all,walrus_118,walrus_118.wav,Killer Whale,walrus
marine,all,walrus_1287,walrus_1287.wav,False Killer Whale,walrus
marine,all,walrus_1289,walrus_1289.wav,False Killer Whale,walrus
marine,all,walrus_1292,walrus_1292.wav,Bottlenose Dolphin,walrus
marine,all,walrus_1318,walrus_1318.wav,Killer Whale,walrus
marine,all,walrus_134,walrus_134.wav,False Killer Whale,walrus
marine,all,walrus_221,walrus_221.wav,False Killer Whale,walrus
marine,all,walrus_243,walrus_243.wav,False Killer Whale,walrus
marine,all,walrus_275,walrus_275.wav,False Killer Whale,walrus
marine,all,walrus_288,walrus_288.wav,False Killer Whale,walrus
marine,all,walrus_29,walrus_29.wav,False Killer Whale,walrus
marine,all,walrus_323,walrus_323.wav,Killer Whale,walrus
marine,all,walrus_368,walrus_368.wav,Bottlenose Dolphin,walrus
marine,all,walrus_484,walrus_484.wav,Killer Whale,walrus
marine,all,walrus_520,walrus_520.wav,False Killer Whale,walrus
marine,all,walrus_559,walrus_559.wav,None of the provided species are associated with the sound of a door being opened and closed.,walrus
marine,all,walrus_667,walrus_667.wav,Killer Whale,walrus
marine,all,walrus_757,walrus_757.wav,None of the provided species are associated with fireworks or gunshots.,walrus
marine,all,walrus_782,walrus_782.wav,Killer Whale,walrus
marine,all,walrus_809,walrus_809.wav,Killer Whale,walrus
marine,all,walrus_815,walrus_815.wav,Bottlenose Dolphin,walrus
marine,all,walrus_82,walrus_82.wav,False Killer Whale,walrus
marine,all,walrus_933,walrus_933.wav,False Killer Whale,walrus
marine,all,walrus_972,walrus_972.wav,Killer Whale,walrus
marine,all,weddell seal_2,weddell seal_2.wav,False Killer Whale,weddell seal
marine,all,weddell seal_490,weddell seal_490.wav,False Killer Whale,weddell seal
marine,all,white-beaked dolphin_1012,white-beaked dolphin_1012.wav,Bottlenose Dolphin,white-beaked dolphin
marine,all,white-beaked dolphin_1031,white-beaked dolphin_1031.wav,Bottlenose Dolphin,white-beaked dolphin
marine,all,white-beaked dolphin_1080,white-beaked dolphin_1080.wav,Bottlenose Dolphin,white-beaked dolphin
marine,all,white-beaked dolphin_1096,white-beaked dolphin_1096.wav,Killer Whale,white-beaked dolphin
marine,all,white-beaked dolphin_1101,white-beaked dolphin_1101.wav,Bottlenose Dolphin,white-beaked dolphin
marine,all,white-beaked dolphin_1141,white-beaked dolphin_1141.wav,Killer Whale,white-beaked dolphin
marine,all,white-beaked dolphin_1142,white-beaked dolphin_1142.wav,Bottlenose Dolphin,white-beaked dolphin
marine,all,white-beaked dolphin_1170,white-beaked dolphin_1170.wav,Bottlenose Dolphin,white-beaked dolphin
marine,all,white-beaked dolphin_1172,white-beaked dolphin_1172.wav,Humpback Whale,white-beaked dolphin
marine,all,white-beaked dolphin_1192,white-beaked dolphin_1192.wav,Bottlenose Dolphin,white-beaked dolphin
marine,all,white-beaked dolphin_1201,white-beaked dolphin_1201.wav,Bottlenose Dolphin,white-beaked dolphin
marine,all,white-beaked dolphin_1220,white-beaked dolphin_1220.wav,Bottlenose Dolphin,white-beaked dolphin
marine,all,white-beaked dolphin_1226,white-beaked dolphin_1226.wav,Bottlenose Dolphin,white-beaked dolphin
marine,all,white-beaked dolphin_1228,white-beaked dolphin_1228.wav,Bottlenose Dolphin,white-beaked dolphin
marine,all,white-beaked dolphin_1242,white-beaked dolphin_1242.wav,False Killer Whale,white-beaked dolphin
marine,all,white-beaked dolphin_1264,white-beaked dolphin_1264.wav,Bottlenose Dolphin,white-beaked dolphin
marine,all,white-beaked dolphin_1275,white-beaked dolphin_1275.wav,Bottlenose Dolphin,white-beaked dolphin
marine,all,white-beaked dolphin_129,white-beaked dolphin_129.wav,Bottlenose Dolphin,white-beaked dolphin
marine,all,white-beaked dolphin_1327,white-beaked dolphin_1327.wav,Bottlenose Dolphin,white-beaked dolphin
marine,all,white-beaked dolphin_1329,white-beaked dolphin_1329.wav,Bottlenose Dolphin,white-beaked dolphin
marine,all,white-beaked dolphin_1336,white-beaked dolphin_1336.wav,Humpback Whale,white-beaked dolphin
marine,all,white-beaked dolphin_165,white-beaked dolphin_165.wav,Bottlenose Dolphin,white-beaked dolphin
marine,all,white-beaked dolphin_185,white-beaked dolphin_185.wav,Bottlenose Dolphin,white-beaked dolphin
marine,all,white-beaked dolphin_194,white-beaked dolphin_194.wav,Bottlenose Dolphin,white-beaked dolphin
marine,all,white-beaked dolphin_200,white-beaked dolphin_200.wav,Bottlenose Dolphin,white-beaked dolphin
marine,all,white-beaked dolphin_213,white-beaked dolphin_213.wav,Bottlenose Dolphin,white-beaked dolphin
marine,all,white-beaked dolphin_244,white-beaked dolphin_244.wav,Bottlenose Dolphin,white-beaked dolphin
marine,all,white-beaked dolphin_422,white-beaked dolphin_422.wav,Humpback Whale,white-beaked dolphin
marine,all,white-beaked dolphin_44,white-beaked dolphin_44.wav,Bottlenose Dolphin,white-beaked dolphin
marine,all,white-beaked dolphin_468,white-beaked dolphin_468.wav,Bottlenose Dolphin,white-beaked dolphin
marine,all,white-beaked dolphin_603,white-beaked dolphin_603.wav,Humpback Whale,white-beaked dolphin
marine,all,white-beaked dolphin_625,white-beaked dolphin_625.wav,Humpback Whale,white-beaked dolphin
marine,all,white-beaked dolphin_641,white-beaked dolphin_641.wav,Bottlenose Dolphin,white-beaked dolphin
marine,all,white-beaked dolphin_656,white-beaked dolphin_656.wav,Bottlenose Dolphin,white-beaked dolphin
marine,all,white-beaked dolphin_663,white-beaked dolphin_663.wav,Bottlenose Dolphin,white-beaked dolphin
marine,all,white-beaked dolphin_676,white-beaked dolphin_676.wav,Bottlenose Dolphin,white-beaked dolphin
marine,all,white-beaked dolphin_741,white-beaked dolphin_741.wav,Bottlenose Dolphin,white-beaked dolphin
marine,all,white-beaked dolphin_754,white-beaked dolphin_754.wav,Humpback Whale,white-beaked dolphin
marine,all,white-beaked dolphin_804,white-beaked dolphin_804.wav,Bottlenose Dolphin,white-beaked dolphin
marine,all,white-beaked dolphin_806,white-beaked dolphin_806.wav,Humpback Whale,white-beaked dolphin
marine,all,white-beaked dolphin_828,white-beaked dolphin_828.wav,Bottlenose Dolphin,white-beaked dolphin
marine,all,white-beaked dolphin_835,white-beaked dolphin_835.wav,False Killer Whale,white-beaked dolphin
marine,all,white-beaked dolphin_838,white-beaked dolphin_838.wav,Bottlenose Dolphin,white-beaked dolphin
marine,all,white-beaked dolphin_848,white-beaked dolphin_848.wav,Bottlenose Dolphin,white-beaked dolphin
marine,all,white-beaked dolphin_864,white-beaked dolphin_864.wav,Bottlenose Dolphin,white-beaked dolphin
marine,all,white-beaked dolphin_907,white-beaked dolphin_907.wav,Bottlenose Dolphin,white-beaked dolphin
marine,all,white-sided dolphin_1054,white-sided dolphin_1054.wav,Bottlenose Dolphin,white-sided dolphin
marine,all,white-sided dolphin_1056,white-sided dolphin_1056.wav,Bottlenose Dolphin,white-sided dolphin
marine,all,white-sided dolphin_1066,white-sided dolphin_1066.wav,Humpback Whale,white-sided dolphin
marine,all,white-sided dolphin_1135,white-sided dolphin_1135.wav,Bottlenose Dolphin,white-sided dolphin
marine,all,white-sided dolphin_1152,white-sided dolphin_1152.wav,Bottlenose Dolphin,white-sided dolphin
marine,all,white-sided dolphin_122,white-sided dolphin_122.wav,Bottlenose Dolphin,white-sided dolphin
marine,all,white-sided dolphin_1245,white-sided dolphin_1245.wav,Humpback Whale,white-sided dolphin
marine,all,white-sided dolphin_1296,white-sided dolphin_1296.wav,Bottlenose Dolphin,white-sided dolphin
marine,all,white-sided dolphin_133,white-sided dolphin_133.wav,Killer Whale,white-sided dolphin
marine,all,white-sided dolphin_1351,white-sided dolphin_1351.wav,Bottlenose Dolphin,white-sided dolphin
marine,all,white-sided dolphin_15,white-sided dolphin_15.wav,Bottlenose Dolphin,white-sided dolphin
marine,all,white-sided dolphin_161,white-sided dolphin_161.wav,Killer Whale,white-sided dolphin
marine,all,white-sided dolphin_169,white-sided dolphin_169.wav,Bottlenose Dolphin,white-sided dolphin
marine,all,white-sided dolphin_237,white-sided dolphin_237.wav,None of the provided species are associated with birds.,white-sided dolphin
marine,all,white-sided dolphin_262,white-sided dolphin_262.wav,Bottlenose Dolphin,white-sided dolphin
marine,all,white-sided dolphin_267,white-sided dolphin_267.wav,Humpback Whale,white-sided dolphin
marine,all,white-sided dolphin_289,white-sided dolphin_289.wav,Bottlenose Dolphin,white-sided dolphin
marine,all,white-sided dolphin_302,white-sided dolphin_302.wav,Humpback Whale,white-sided dolphin
marine,all,white-sided dolphin_311,white-sided dolphin_311.wav,Killer Whale,white-sided dolphin
marine,all,white-sided dolphin_315,white-sided dolphin_315.wav,Bottlenose Dolphin,white-sided dolphin
marine,all,white-sided dolphin_325,white-sided dolphin_325.wav,Killer Whale,white-sided dolphin
marine,all,white-sided dolphin_376,white-sided dolphin_376.wav,Bottlenose Dolphin,white-sided dolphin
marine,all,white-sided dolphin_385,white-sided dolphin_385.wav,Humpback Whale,white-sided dolphin
marine,all,white-sided dolphin_398,white-sided dolphin_398.wav,Bottlenose Dolphin,white-sided dolphin
marine,all,white-sided dolphin_500,white-sided dolphin_500.wav,Bottlenose Dolphin,white-sided dolphin
marine,all,white-sided dolphin_502,white-sided dolphin_502.wav,Bottlenose Dolphin,white-sided dolphin
marine,all,white-sided dolphin_549,white-sided dolphin_549.wav,Humpback Whale,white-sided dolphin
marine,all,white-sided dolphin_571,white-sided dolphin_571.wav,Bottlenose Dolphin,white-sided dolphin
marine,all,white-sided dolphin_602,white-sided dolphin_602.wav,Bottlenose Dolphin,white-sided dolphin
marine,all,white-sided dolphin_618,white-sided dolphin_618.wav,None of the provided species are associated with the sounds of rodents or birds.,white-sided dolphin
marine,all,white-sided dolphin_626,white-sided dolphin_626.wav,Humpback Whale,white-sided dolphin
marine,all,white-sided dolphin_657,white-sided dolphin_657.wav,Humpback Whale,white-sided dolphin
marine,all,white-sided dolphin_726,white-sided dolphin_726.wav,Bottlenose Dolphin,white-sided dolphin
marine,all,white-sided dolphin_738,white-sided dolphin_738.wav,Bottlenose Dolphin,white-sided dolphin
marine,all,white-sided dolphin_749,white-sided dolphin_749.wav,Bottlenose Dolphin,white-sided dolphin
marine,all,white-sided dolphin_768,white-sided dolphin_768.wav,Bottlenose Dolphin,white-sided dolphin
marine,all,white-sided dolphin_788,white-sided dolphin_788.wav,Killer Whale,white-sided dolphin
marine,all,white-sided dolphin_789,white-sided dolphin_789.wav,Bottlenose Dolphin,white-sided dolphin
marine,all,white-sided dolphin_795,white-sided dolphin_795.wav,Bottlenose Dolphin,white-sided dolphin
marine,all,white-sided dolphin_858,white-sided dolphin_858.wav,None of the provided species are associated with birds or insects. The dataset only contains marine species.,white-sided dolphin
marine,all,white-sided dolphin_867,white-sided dolphin_867.wav,Bottlenose Dolphin,white-sided dolphin
marine,all,white-sided dolphin_897,white-sided dolphin_897.wav,Humpback Whale,white-sided dolphin
marine,all,white-sided dolphin_922,white-sided dolphin_922.wav,Humpback Whale,white-sided dolphin
marine,all,white-sided dolphin_949,white-sided dolphin_949.wav,Bottlenose Dolphin,white-sided dolphin
